date,price,weight,strategy_ret,bench_ret,strategy,benchmark
1997-09-23,654.37,0.0,7.9e-05,0.0,1.000079,1.0
1997-09-24,655.75,0.0,7.9e-05,0.002109,1.000157,1.002109
1997-09-25,647.0,0.0,7.9e-05,-0.013343,1.000236,0.988737
1997-09-26,638.26,0.0,7.9e-05,-0.013509,1.000314,0.975381
1997-09-29,625.07,0.0,7.9e-05,-0.020666,1.000393,0.955224
1997-09-30,647.11,0.0,7.9e-05,0.03526,1.000472,0.988905
1997-10-01,644.92,0.0,7.9e-05,-0.003384,1.00055,0.985559
1997-10-02,636.65,0.0,7.9e-05,-0.012823,1.000629,0.972921
1997-10-06,644.21,0.0,7.9e-05,0.011875,1.000707,0.984474
1997-10-07,630.03,0.0,7.9e-05,-0.022011,1.000786,0.962804
1997-10-08,610.44,0.0,7.9e-05,-0.031094,1.000865,0.932867
1997-10-09,609.36,0.0,7.9e-05,-0.001769,1.000943,0.931216
1997-10-10,609.84,0.0,7.9e-05,0.000788,1.001022,0.93195
1997-10-13,613.0,0.0,7.9e-05,0.005182,1.001101,0.936779
1997-10-14,620.68,0.0,7.9e-05,0.012529,1.001179,0.948515
1997-10-15,604.74,0.0,7.9e-05,-0.025682,1.001258,0.924156
1997-10-16,579.25,0.0,7.9e-05,-0.04215,1.001337,0.885203
1997-10-17,585.49,0.0,7.9e-05,0.010773,1.001415,0.894738
1997-10-20,565.64,0.0,7.9e-05,-0.033903,1.001494,0.864404
1997-10-21,566.85,0.0,7.9e-05,0.002139,1.001573,0.866253
1997-10-22,601.32,0.0,7.9e-05,0.06081,1.001652,0.91893
1997-10-23,604.06,0.0,7.9e-05,0.004557,1.00173,0.923117
1997-10-24,570.91,0.0,7.9e-05,-0.054879,1.001809,0.872457
1997-10-27,530.47,0.0,7.9e-05,-0.070834,1.001888,0.810658
1997-10-28,495.28,0.0,7.9e-05,-0.066337,1.001966,0.756881
1997-10-29,506.64,0.0,7.9e-05,0.022937,1.002045,0.774241
1997-10-30,485.08,0.0,7.9e-05,-0.042555,1.002124,0.741293
1997-10-31,470.79,0.0,7.9e-05,-0.029459,1.002203,0.719455
1997-11-03,511.66,0.0,7.9e-05,0.086812,1.002281,0.781912
1997-11-04,542.13,0.0,7.9e-05,0.059551,1.00236,0.828476
1997-11-05,555.74,0.0,7.9e-05,0.025105,1.002439,0.849275
1997-11-06,553.87,0.0,7.9e-05,-0.003365,1.002518,0.846417
1997-11-07,515.63,0.0,7.9e-05,-0.069041,1.002597,0.787979
1997-11-10,525.32,0.0,7.9e-05,0.018793,1.002675,0.802787
1997-11-11,522.11,0.0,7.9e-05,-0.006111,1.002754,0.797882
1997-11-12,517.49,0.0,7.9e-05,-0.008849,1.002833,0.790822
1997-11-13,519.47,0.0,7.9e-05,0.003826,1.002912,0.793848
1997-11-14,520.01,0.0,7.9e-05,0.00104,1.002991,0.794673
1997-11-17,496.98,0.0,7.9e-05,-0.044288,1.003069,0.759479
1997-11-18,494.66,0.0,7.9e-05,-0.004668,1.003148,0.755933
1997-11-19,502.59,0.0,7.9e-05,0.016031,1.003227,0.768052
1997-11-20,488.41,0.0,7.9e-05,-0.028214,1.003306,0.746382
1997-11-21,506.07,0.0,7.9e-05,0.036158,1.003385,0.77337
1997-11-24,450.64,0.0,7.9e-05,-0.10953,1.003464,0.688662
1997-11-25,439.59,0.0,7.9e-05,-0.024521,1.003542,0.671776
1997-11-26,438.7,0.0,7.9e-05,-0.002025,1.003621,0.670416
1997-11-27,433.1,0.0,7.9e-05,-0.012765,1.0037,0.661858
1997-11-28,411.91,0.0,7.9e-05,-0.048926,1.003779,0.629476
1997-12-01,393.16,0.0,7.9e-05,-0.04552,1.003858,0.600822
1997-12-02,376.87,0.0,7.9e-05,-0.041434,1.003937,0.575928
1997-12-03,379.31,0.0,7.9e-05,0.006474,1.004016,0.579657
1997-12-04,405.81,0.0,7.9e-05,0.069864,1.004095,0.620154
1997-12-05,434.12,0.0,7.9e-05,0.069762,1.004174,0.663417
1997-12-08,414.83,0.0,7.9e-05,-0.044435,1.004252,0.633938
1997-12-09,388.0,0.0,7.9e-05,-0.064677,1.004331,0.592937
1997-12-10,399.85,0.0,7.9e-05,0.030541,1.00441,0.611046
1997-12-11,377.37,0.0,7.9e-05,-0.056221,1.004489,0.576692
1997-12-12,350.68,0.0,7.9e-05,-0.070726,1.004568,0.535905
1997-12-15,385.8,0.0,7.9e-05,0.100148,1.004647,0.589575
1997-12-16,404.26,0.0,7.9e-05,0.047849,1.004726,0.617785
1997-12-17,418.49,0.0,7.9e-05,0.0352,1.004805,0.639531
1997-12-19,397.02,0.0,7.9e-05,-0.051303,1.004884,0.606721
1997-12-22,396.06,0.0,7.9e-05,-0.002418,1.004963,0.605254
1997-12-23,366.36,0.0,7.9e-05,-0.074989,1.005042,0.559867
1997-12-24,351.45,0.0,7.9e-05,-0.040698,1.005121,0.537081
1997-12-26,375.15,0.0,7.9e-05,0.067435,1.0052,0.5733
1998-01-05,396.49,0.0,7.9e-05,0.056884,1.005279,0.605911
1998-01-06,406.34,0.0,7.9e-05,0.024843,1.005358,0.620964
1998-01-07,409.42,0.0,7.9e-05,0.00758,1.005437,0.62567
1998-01-08,423.96,0.0,7.9e-05,0.035514,1.005516,0.64789
1998-01-09,414.0,0.0,7.9e-05,-0.023493,1.005595,0.63267
1998-01-12,456.2,0.0,7.9e-05,0.101932,1.005674,0.697159
1998-01-13,463.74,0.0,7.9e-05,0.016528,1.005753,0.708682
1998-01-14,475.13,0.0,7.9e-05,0.024561,1.005832,0.726088
1998-01-15,505.98,0.0,7.9e-05,0.06493,1.005911,0.773232
1998-01-16,488.1,0.0,7.9e-05,-0.035337,1.00599,0.745908
1998-01-19,528.77,0.0,7.9e-05,0.083323,1.006069,0.80806
1998-01-20,533.55,0.0,7.9e-05,0.00904,1.006148,0.815364
1998-01-21,506.66,0.0,7.9e-05,-0.050398,1.006227,0.774271
1998-01-22,483.99,0.0,7.9e-05,-0.044744,1.006306,0.739627
1998-01-23,486.86,0.0,7.9e-05,0.00593,1.006385,0.744013
1998-01-26,518.64,0.5,0.032177,0.065275,1.038768,0.792579
1998-01-30,558.33,0.5,0.038303,0.076527,1.078556,0.853233
1998-02-02,543.68,1.0,-0.026739,-0.026239,1.049716,0.830845
1998-02-03,550.21,1.0,0.012011,0.012011,1.062324,0.840824
1998-02-04,547.28,1.0,-0.005325,-0.005325,1.056667,0.836346
1998-02-05,528.05,1.0,-0.035137,-0.035137,1.019538,0.806959
1998-02-06,540.45,1.0,0.023483,0.023483,1.04348,0.825909
1998-02-09,554.24,0.5,0.012297,0.025516,1.056312,0.846983
1998-02-10,541.77,0.5,-0.01121,-0.022499,1.04447,0.827926
1998-02-11,520.14,0.5,-0.019923,-0.039925,1.023661,0.794871
1998-02-12,512.49,0.5,-0.007314,-0.014708,1.016173,0.783181
1998-02-13,506.2,0.5,-0.006097,-0.012273,1.009977,0.773568
1998-02-16,476.98,0.5,-0.028823,-0.057724,0.980867,0.728915
1998-02-17,471.73,0.5,-0.005464,-0.011007,0.975508,0.720892
1998-02-18,487.73,0.5,0.016998,0.033918,0.992089,0.745343
1998-02-19,513.45,0.5,0.026406,0.052734,1.018287,0.784648
1998-02-20,522.13,0.5,0.008492,0.016905,1.026934,0.797912
1998-02-23,543.06,0.5,0.020082,0.040086,1.047557,0.829897
1998-02-24,540.89,0.5,-0.001959,-0.003996,1.045505,0.826581
1998-02-25,516.38,0.5,-0.022618,-0.045314,1.021858,0.789125
1998-02-26,524.98,0.5,0.008366,0.016654,1.030408,0.802268
1998-02-27,548.42,0.5,0.022364,0.044649,1.053452,0.838089
1998-03-02,574.35,1.0,0.046781,0.047281,1.102733,0.877714
1998-03-03,570.89,1.0,-0.006024,-0.006024,1.09609,0.872427
1998-03-04,572.76,1.0,0.003276,0.003276,1.099681,0.875285
1998-03-05,535.68,1.0,-0.064739,-0.064739,1.028488,0.818619
1998-03-06,522.55,1.0,-0.024511,-0.024511,1.003279,0.798554
1998-03-09,507.71,0.5,-0.01466,-0.028399,0.988571,0.775876
1998-03-10,525.56,0.5,0.017618,0.035158,1.005988,0.803154
1998-03-11,531.05,0.5,0.005262,0.010446,1.011281,0.811544
1998-03-12,535.84,0.5,0.004549,0.00902,1.015882,0.818864
1998-03-13,536.16,0.5,0.000338,0.000597,1.016225,0.819353
1998-03-16,528.88,1.0,-0.014078,-0.013578,1.001919,0.808228
1998-03-17,515.51,1.0,-0.02528,-0.02528,0.97659,0.787796
1998-03-18,518.08,1.0,0.004985,0.004985,0.981459,0.791723
1998-03-19,521.73,1.0,0.007045,0.007045,0.988374,0.797301
1998-03-20,525.95,1.0,0.008088,0.008088,0.996368,0.80375
1998-03-23,511.9,1.0,-0.026714,-0.026714,0.969752,0.782279
1998-03-24,508.43,1.0,-0.006779,-0.006779,0.963178,0.776976
1998-03-25,510.14,1.0,0.003363,0.003363,0.966417,0.77959
1998-03-26,501.13,1.0,-0.017662,-0.017662,0.949349,0.765821
1998-03-27,503.08,1.0,0.003891,0.003891,0.953043,0.768801
1998-03-30,482.33,0.5,-0.021084,-0.041246,0.932949,0.737091
1998-03-31,481.04,0.5,-0.001298,-0.002675,0.931738,0.735119
1998-04-01,468.22,0.5,-0.013286,-0.026651,0.919359,0.715528
1998-04-02,453.66,0.5,-0.015509,-0.031096,0.905101,0.693278
1998-04-03,434.45,0.5,-0.021133,-0.042344,0.885973,0.663921
1998-04-06,435.92,0.0,-0.000421,0.003384,0.8856,0.666167
1998-04-07,459.58,0.0,7.9e-05,0.054276,0.88567,0.702324
1998-04-08,455.53,0.0,7.9e-05,-0.008812,0.885739,0.696135
1998-04-09,468.11,0.0,7.9e-05,0.027616,0.885809,0.71536
1998-04-10,468.29,0.0,7.9e-05,0.000385,0.885878,0.715635
1998-04-13,494.89,0.5,0.02794,0.056802,0.91063,0.756285
1998-04-14,467.63,0.5,-0.027502,-0.055083,0.885586,0.714626
1998-04-15,467.87,0.5,0.000296,0.000513,0.885848,0.714993
1998-04-16,454.15,0.5,-0.014623,-0.029324,0.872894,0.694026
1998-04-17,450.23,0.5,-0.004276,-0.008632,0.869161,0.688036
1998-04-20,435.73,0.0,-0.000421,-0.032206,0.868795,0.665877
1998-04-21,439.21,0.0,7.9e-05,0.007987,0.868863,0.671195
1998-04-22,431.81,0.0,7.9e-05,-0.016848,0.868932,0.659887
1998-04-23,416.54,0.0,7.9e-05,-0.035363,0.869,0.636551
1998-04-24,414.56,0.0,7.9e-05,-0.004753,0.869068,0.633525
1998-04-27,406.25,0.0,7.9e-05,-0.020045,0.869137,0.620826
1998-04-28,402.39,0.0,7.9e-05,-0.009502,0.869205,0.614927
1998-04-29,417.05,0.0,7.9e-05,0.036432,0.869273,0.637331
1998-04-30,421.22,0.0,7.9e-05,0.009999,0.869342,0.643703
1998-05-04,391.8,0.0,7.9e-05,-0.069845,0.86941,0.598744
1998-05-06,376.23,0.0,7.9e-05,-0.03974,0.869478,0.57495
1998-05-07,379.47,0.0,7.9e-05,0.008612,0.869547,0.579901
1998-05-08,373.04,0.0,7.9e-05,-0.016945,0.869615,0.570075
1998-05-11,361.58,0.0,7.9e-05,-0.030721,0.869683,0.552562
1998-05-12,351.86,0.0,7.9e-05,-0.026882,0.869752,0.537708
1998-05-13,356.58,0.0,7.9e-05,0.013414,0.86982,0.544921
1998-05-14,362.94,0.0,7.9e-05,0.017836,0.869888,0.55464
1998-05-15,352.83,0.0,7.9e-05,-0.027856,0.869957,0.53919
1998-05-18,359.0,0.0,7.9e-05,0.017487,0.870025,0.548619
1998-05-19,362.53,0.0,7.9e-05,0.009833,0.870093,0.554014
1998-05-20,369.17,0.0,7.9e-05,0.018316,0.870162,0.564161
1998-05-21,362.3,0.0,7.9e-05,-0.018609,0.87023,0.553662
1998-05-22,353.67,0.0,7.9e-05,-0.02382,0.870298,0.540474
1998-05-25,331.9,0.0,7.9e-05,-0.061555,0.870367,0.507205
1998-05-26,311.99,0.0,7.9e-05,-0.059988,0.870435,0.476779
1998-05-27,313.48,0.0,7.9e-05,0.004776,0.870504,0.479056
1998-05-28,323.09,0.0,7.9e-05,0.030656,0.870572,0.493742
1998-05-29,336.63,0.0,7.9e-05,0.041908,0.87064,0.514434
1998-06-01,336.7,0.0,7.9e-05,0.000208,0.870709,0.514541
1998-06-02,324.1,0.0,7.9e-05,-0.037422,0.870777,0.495286
1998-06-03,332.46,0.0,7.9e-05,0.025795,0.870846,0.508061
1998-06-05,341.53,0.0,7.9e-05,0.027281,0.870914,0.521922
1998-06-08,345.88,0.0,7.9e-05,0.012737,0.870983,0.528569
1998-06-09,339.22,0.0,7.9e-05,-0.019255,0.871051,0.518392
1998-06-10,324.54,0.0,7.9e-05,-0.043276,0.87112,0.495958
1998-06-11,328.7,0.0,7.9e-05,0.012818,0.871188,0.502315
1998-06-12,302.09,0.0,7.9e-05,-0.080955,0.871256,0.46165
1998-06-15,288.21,0.0,7.9e-05,-0.045947,0.871325,0.440439
1998-06-16,280.0,0.0,7.9e-05,-0.028486,0.871393,0.427892
1998-06-17,303.81,0.0,7.9e-05,0.085036,0.871462,0.464279
1998-06-18,325.49,0.0,7.9e-05,0.07136,0.87153,0.49741
1998-06-19,313.26,0.0,7.9e-05,-0.037574,0.871599,0.47872
1998-06-22,311.27,0.0,7.9e-05,-0.006353,0.871667,0.475679
1998-06-23,303.31,0.0,7.9e-05,-0.025573,0.871736,0.463515
1998-06-24,301.72,0.0,7.9e-05,-0.005242,0.871804,0.461085
1998-06-25,300.57,0.0,7.9e-05,-0.003811,0.871873,0.459327
1998-06-26,298.54,0.0,7.9e-05,-0.006754,0.871941,0.456225
1998-06-29,298.6,0.0,7.9e-05,0.000201,0.87201,0.456317
1998-06-30,297.88,0.0,7.9e-05,-0.002411,0.872078,0.455216
1998-07-01,315.56,0.0,7.9e-05,0.059353,0.872147,0.482235
1998-07-02,311.77,0.0,7.9e-05,-0.01201,0.872215,0.476443
1998-07-03,308.53,0.0,7.9e-05,-0.010392,0.872284,0.471492
1998-07-06,309.61,0.0,7.9e-05,0.0035,0.872353,0.473142
1998-07-07,317.5,0.0,7.9e-05,0.025484,0.872421,0.4852
1998-07-08,318.79,0.0,7.9e-05,0.004063,0.87249,0.487171
1998-07-09,319.02,0.0,7.9e-05,0.000721,0.872558,0.487522
1998-07-10,309.28,0.0,7.9e-05,-0.030531,0.872627,0.472638
1998-07-13,301.37,0.0,7.9e-05,-0.025576,0.872695,0.46055
1998-07-14,306.73,0.0,7.9e-05,0.017785,0.872764,0.468741
1998-07-15,313.42,0.0,7.9e-05,0.021811,0.872833,0.478965
1998-07-16,330.35,0.0,7.9e-05,0.054017,0.872901,0.504837
1998-07-20,365.18,0.0,7.9e-05,0.105434,0.87297,0.558063
1998-07-21,364.76,0.0,7.9e-05,-0.00115,0.873038,0.557422
1998-07-22,362.07,0.0,7.9e-05,-0.007375,0.873107,0.553311
1998-07-23,341.46,0.0,7.9e-05,-0.056923,0.873176,0.521815
1998-07-24,343.79,0.0,7.9e-05,0.006824,0.873244,0.525376
1998-07-27,329.8,0.0,7.9e-05,-0.040693,0.873313,0.503996
1998-07-28,335.33,0.0,7.9e-05,0.016768,0.873381,0.512447
1998-07-29,344.41,0.0,7.9e-05,0.027078,0.87345,0.526323
1998-07-30,344.91,0.0,7.9e-05,0.001452,0.873519,0.527087
1998-07-31,343.33,0.0,7.9e-05,-0.004581,0.873587,0.524673
1998-08-03,329.47,0.0,7.9e-05,-0.040369,0.873656,0.503492
1998-08-04,333.2,0.0,7.9e-05,0.011321,0.873725,0.509192
1998-08-05,322.83,0.0,7.9e-05,-0.031122,0.873793,0.493345
1998-08-06,320.57,0.0,7.9e-05,-0.007001,0.873862,0.489891
1998-08-07,321.71,0.0,7.9e-05,0.003556,0.873931,0.491633
1998-08-10,311.95,0.0,7.9e-05,-0.030338,0.873999,0.476718
1998-08-11,311.25,0.0,7.9e-05,-0.002244,0.874068,0.475648
1998-08-12,305.35,0.0,7.9e-05,-0.018956,0.874137,0.466632
1998-08-13,303.01,0.0,7.9e-05,-0.007663,0.874205,0.463056
1998-08-14,304.61,0.0,7.9e-05,0.00528,0.874274,0.465501
1998-08-17,301.62,0.0,7.9e-05,-0.009816,0.874343,0.460932
1998-08-18,291.15,0.0,7.9e-05,-0.034713,0.874412,0.444932
1998-08-19,301.9,0.0,7.9e-05,0.036923,0.87448,0.46136
1998-08-20,316.59,0.0,7.9e-05,0.048658,0.874549,0.483809
1998-08-21,316.62,0.0,7.9e-05,9.5e-05,0.874618,0.483855
1998-08-24,305.15,0.0,7.9e-05,-0.036226,0.874686,0.466326
1998-08-25,310.23,0.0,7.9e-05,0.016648,0.874755,0.47409
1998-08-26,317.56,0.0,7.9e-05,0.023628,0.874824,0.485291
1998-08-27,313.92,0.0,7.9e-05,-0.011462,0.874893,0.479729
1998-08-28,309.32,0.0,7.9e-05,-0.014653,0.874961,0.472699
1998-08-31,310.16,0.0,7.9e-05,0.002716,0.87503,0.473983
1998-09-01,309.71,0.0,7.9e-05,-0.001451,0.875099,0.473295
1998-09-02,314.4,0.0,7.9e-05,0.015143,0.875168,0.480462
1998-09-03,314.78,0.0,7.9e-05,0.001209,0.875236,0.481043
1998-09-04,314.22,0.0,7.9e-05,-0.001779,0.875305,0.480187
1998-09-07,328.22,0.0,7.9e-05,0.044555,0.875374,0.501582
1998-09-08,326.34,0.0,7.9e-05,-0.005728,0.875443,0.498709
1998-09-09,329.22,0.0,7.9e-05,0.008825,0.875512,0.50311
1998-09-10,338.95,0.0,7.9e-05,0.029555,0.87558,0.517979
1998-09-11,320.61,0.0,7.9e-05,-0.054108,0.875649,0.489952
1998-09-14,314.24,0.0,7.9e-05,-0.019868,0.875718,0.480218
1998-09-15,307.27,0.0,7.9e-05,-0.02218,0.875787,0.469566
1998-09-16,313.17,0.0,7.9e-05,0.019201,0.875856,0.478582
1998-09-17,310.88,0.0,7.9e-05,-0.007312,0.875925,0.475083
1998-09-18,302.21,0.0,7.9e-05,-0.027889,0.875993,0.461834
1998-09-21,297.45,0.0,7.9e-05,-0.015751,0.876062,0.454559
1998-09-22,292.61,0.0,7.9e-05,-0.016272,0.876131,0.447163
1998-09-23,291.93,0.0,7.9e-05,-0.002324,0.8762,0.446124
1998-09-24,310.75,0.0,7.9e-05,0.064468,0.876269,0.474884
1998-09-25,303.79,0.0,7.9e-05,-0.022397,0.876338,0.464248
1998-09-28,305.73,0.0,7.9e-05,0.006386,0.876406,0.467213
1998-09-29,312.33,0.0,7.9e-05,0.021588,0.876475,0.477299
1998-09-30,310.32,0.0,7.9e-05,-0.006436,0.876544,0.474227
1998-10-01,305.64,0.0,7.9e-05,-0.015081,0.876613,0.467075
1998-10-02,308.25,0.0,7.9e-05,0.008539,0.876682,0.471064
1998-10-07,313.49,0.0,7.9e-05,0.016999,0.876751,0.479071
1998-10-08,305.22,0.0,7.9e-05,-0.02638,0.87682,0.466433
1998-10-09,327.96,0.0,7.9e-05,0.074504,0.876889,0.501184
1998-10-12,352.17,0.0,7.9e-05,0.07382,0.876958,0.538182
1998-10-13,346.08,0.0,7.9e-05,-0.017293,0.877027,0.528875
1998-10-14,346.13,0.0,7.9e-05,0.000144,0.877095,0.528952
1998-10-15,368.74,0.0,7.9e-05,0.065322,0.877164,0.563504
1998-10-16,374.01,0.0,7.9e-05,0.014292,0.877233,0.571557
1998-10-19,373.97,0.5,-0.000514,-0.000107,0.876782,0.571496
1998-10-20,388.35,0.5,0.019265,0.038452,0.893674,0.593472
1998-10-21,380.8,0.5,-0.009681,-0.019441,0.885022,0.581934
1998-10-22,382.52,0.5,0.002298,0.004517,0.887055,0.584562
1998-10-23,378.83,0.5,-0.004784,-0.009647,0.882812,0.578923
1998-10-26,373.32,0.5,-0.007233,-0.014545,0.876426,0.570503
1998-10-27,360.43,0.5,-0.017225,-0.034528,0.86133,0.550805
1998-10-28,363.91,0.5,0.004867,0.009655,0.865522,0.556123
1998-10-29,370.3,0.5,0.008819,0.017559,0.873155,0.565888
1998-10-30,384.75,0.5,0.01955,0.039022,0.890226,0.58797
1998-11-02,404.61,1.0,0.051118,0.051618,0.935732,0.61832
1998-11-03,407.64,1.0,0.007489,0.007489,0.94274,0.62295
1998-11-04,413.47,1.0,0.014302,0.014302,0.956222,0.63186
1998-11-05,418.2,1.0,0.01144,0.01144,0.967161,0.639088
1998-11-06,416.3,1.0,-0.004543,-0.004543,0.962767,0.636184
1998-11-09,424.45,1.0,0.019577,0.019577,0.981616,0.648639
1998-11-10,403.24,1.0,-0.049971,-0.049971,0.932564,0.616226
1998-11-11,400.7,1.0,-0.006299,-0.006299,0.92669,0.612345
1998-11-12,403.52,1.0,0.007038,0.007038,0.933211,0.616654
1998-11-13,404.3,1.0,0.001933,0.001933,0.935015,0.617846
1998-11-16,422.21,1.0,0.044299,0.044299,0.976435,0.645216
1998-11-17,424.43,1.0,0.005258,0.005258,0.981569,0.648609
1998-11-18,423.74,1.0,-0.001626,-0.001626,0.979974,0.647554
1998-11-19,441.06,1.0,0.040874,0.040874,1.020029,0.674022
1998-11-20,452.93,1.0,0.026912,0.026912,1.047481,0.692162
1998-11-23,453.95,1.0,0.002252,0.002252,1.04984,0.693721
1998-11-24,460.78,1.0,0.015046,0.015046,1.065635,0.704158
1998-11-25,461.01,1.0,0.000499,0.000499,1.066167,0.70451
1998-11-26,446.59,1.0,-0.031279,-0.031279,1.032818,0.682473
1998-11-27,447.0,1.0,0.000918,0.000918,1.033767,0.6831
1998-11-30,451.88,1.0,0.010917,0.010917,1.045052,0.690557
1998-12-01,445.96,1.0,-0.013101,-0.013101,1.031361,0.68151
1998-12-02,446.35,1.0,0.000875,0.000875,1.032263,0.682106
1998-12-03,448.11,1.0,0.003943,0.003943,1.036334,0.684796
1998-12-04,466.34,1.0,0.040682,0.040682,1.078494,0.712655
1998-12-07,514.52,1.0,0.103315,0.103315,1.189918,0.786283
1998-12-08,509.85,1.0,-0.009076,-0.009076,1.179118,0.779146
1998-12-09,526.52,1.0,0.032696,0.032696,1.217671,0.804621
1998-12-10,567.61,1.0,0.078041,0.078041,1.312698,0.867414
1998-12-11,555.17,1.0,-0.021916,-0.021916,1.283929,0.848404
1998-12-14,559.3,1.0,0.007439,0.007439,1.29348,0.854715
1998-12-15,579.86,1.0,0.03676,0.03676,1.341029,0.886135
1998-12-16,545.97,1.0,-0.058445,-0.058445,1.262652,0.834344
1998-12-17,528.89,1.0,-0.031284,-0.031284,1.223152,0.808243
1998-12-18,524.85,1.0,-0.007639,-0.007639,1.213808,0.802069
1998-12-21,565.27,1.0,0.077012,0.077012,1.307287,0.863839
1998-12-22,547.75,1.0,-0.030994,-0.030994,1.266769,0.837065
1998-12-23,553.53,1.0,0.010552,0.010552,1.280136,0.845898
1998-12-24,555.36,1.0,0.003306,0.003306,1.284368,0.848694
1998-12-28,562.46,1.0,0.012785,0.012785,1.300788,0.859544
1999-01-04,587.57,1.0,0.044643,0.044643,1.35886,0.897917
1999-01-05,576.78,1.0,-0.018364,-0.018364,1.333906,0.881428
1999-01-06,612.36,1.0,0.061687,0.061687,1.416191,0.935801
1999-01-07,637.59,1.0,0.041201,0.041201,1.47454,0.974357
1999-01-08,626.33,1.0,-0.01766,-0.01766,1.448499,0.95715
1999-01-11,640.95,1.0,0.023342,0.023342,1.48231,0.979492
1999-01-12,631.19,1.0,-0.015227,-0.015227,1.459738,0.964577
1999-01-13,633.03,1.0,0.002915,0.002915,1.463994,0.967388
1999-01-14,604.42,1.0,-0.045195,-0.045195,1.397828,0.923667
1999-01-15,614.57,1.0,0.016793,0.016793,1.421302,0.939178
1999-01-18,622.52,1.0,0.012936,0.012936,1.439688,0.951327
1999-01-19,618.12,1.0,-0.007068,-0.007068,1.429512,0.944603
1999-01-20,613.43,1.0,-0.007588,-0.007588,1.418665,0.937436
1999-01-21,582.04,1.0,-0.051171,-0.051171,1.34607,0.889466
1999-01-22,550.58,1.0,-0.054051,-0.054051,1.273314,0.841389
1999-01-25,539.76,1.0,-0.019652,-0.019652,1.24829,0.824854
1999-01-26,531.23,1.0,-0.015803,-0.015803,1.228563,0.811819
1999-01-27,565.2,1.0,0.063946,0.063946,1.307125,0.863732
1999-01-28,571.47,1.0,0.011093,0.011093,1.321625,0.873313
1999-01-29,571.43,1.0,-7e-05,-7e-05,1.321533,0.873252
1999-02-01,581.67,1.0,0.01792,0.01792,1.345215,0.888901
1999-02-02,567.28,1.0,-0.024739,-0.024739,1.311935,0.86691
1999-02-03,553.33,1.0,-0.024591,-0.024591,1.279673,0.845592
1999-02-04,550.15,1.0,-0.005747,-0.005747,1.272319,0.840732
1999-02-05,551.39,1.0,0.002254,0.002254,1.275187,0.842627
1999-02-08,545.38,1.0,-0.0109,-0.0109,1.261288,0.833443
1999-02-09,523.38,1.0,-0.040339,-0.040339,1.210409,0.799823
1999-02-10,524.49,1.0,0.002121,0.002121,1.212976,0.801519
1999-02-11,523.99,1.0,-0.000953,-0.000953,1.21182,0.800755
1999-02-12,551.77,1.0,0.053016,0.053016,1.276066,0.843208
1999-02-18,536.41,1.0,-0.027838,-0.027838,1.240543,0.819735
1999-02-19,522.18,1.0,-0.026528,-0.026528,1.207634,0.797989
1999-02-22,508.49,0.5,-0.013569,-0.026217,1.191247,0.777068
1999-02-23,502.88,0.5,-0.005477,-0.011033,1.184722,0.768495
1999-02-24,498.42,0.5,-0.004395,-0.008869,1.179515,0.761679
1999-02-25,499.14,0.5,0.000762,0.001445,1.180414,0.762779
1999-02-26,520.06,0.5,0.020995,0.041912,1.205197,0.794749
1999-03-02,533.97,0.5,0.013413,0.026747,1.221362,0.816006
1999-03-03,534.49,0.5,0.000526,0.000974,1.222005,0.816801
1999-03-04,532.29,0.5,-0.002019,-0.004116,1.219538,0.813439
1999-03-05,539.19,0.5,0.006521,0.012963,1.22749,0.823983
1999-03-08,571.84,0.5,0.030316,0.060554,1.264703,0.873879
1999-03-09,572.85,0.5,0.000922,0.001766,1.265869,0.875422
1999-03-10,569.27,0.5,-0.003085,-0.006249,1.261964,0.869951
1999-03-11,582.07,0.5,0.011282,0.022485,1.276201,0.889512
1999-03-12,590.8,0.5,0.007538,0.014998,1.285821,0.902853
1999-03-15,592.02,0.5,0.001072,0.002065,1.287199,0.904718
1999-03-16,601.83,0.5,0.008324,0.01657,1.297915,0.919709
1999-03-17,600.52,0.5,-0.001049,-0.002177,1.296553,0.917707
1999-03-18,578.98,0.5,-0.017895,-0.035869,1.273351,0.88479
1999-03-19,604.22,0.5,0.021836,0.043594,1.301156,0.923361
1999-03-22,607.74,0.5,0.002952,0.005826,1.304997,0.928741
1999-03-23,614.34,0.5,0.005469,0.01086,1.312135,0.938827
1999-03-24,611.48,0.5,-0.002288,-0.004655,1.309132,0.934456
1999-03-25,611.07,0.5,-0.000296,-0.000671,1.308745,0.933829
1999-03-26,609.79,0.5,-0.001008,-0.002095,1.307425,0.931873
1999-03-29,601.07,1.0,-0.0148,-0.0143,1.288075,0.918548
1999-03-30,618.05,1.0,0.02825,0.02825,1.324463,0.944496
1999-03-31,618.98,1.0,0.001505,0.001505,1.326456,0.945917
1999-04-01,636.89,1.0,0.028935,0.028935,1.364837,0.973287
1999-04-02,646.78,1.0,0.015529,0.015529,1.386031,0.988401
1999-04-06,666.73,0.5,0.014962,0.030845,1.406768,1.018888
1999-04-07,673.36,0.5,0.005011,0.009944,1.413818,1.02902
1999-04-08,681.19,0.5,0.005853,0.011628,1.422094,1.040986
1999-04-09,687.42,0.5,0.004612,0.009146,1.428653,1.050507
1999-04-12,689.64,1.0,0.002729,0.003229,1.432552,1.053899
1999-04-13,689.8,1.0,0.000232,0.000232,1.432884,1.054144
1999-04-14,687.41,1.0,-0.003465,-0.003465,1.42792,1.050491
1999-04-15,722.01,1.0,0.050334,0.050334,1.499792,1.103367
1999-04-16,725.14,1.0,0.004335,0.004335,1.506294,1.10815
1999-04-19,766.59,1.0,0.057161,0.057161,1.592396,1.171493
1999-04-20,770.43,1.0,0.005009,0.005009,1.600373,1.177361
1999-04-21,743.26,1.0,-0.035266,-0.035266,1.543934,1.135841
1999-04-22,740.4,1.0,-0.003848,-0.003848,1.537993,1.13147
1999-04-23,750.99,1.0,0.014303,0.014303,1.559991,1.147653
1999-04-26,776.3,1.0,0.033702,0.033702,1.612566,1.186332
1999-04-27,793.98,1.0,0.022775,0.022775,1.649292,1.21335
1999-04-28,790.03,1.0,-0.004975,-0.004975,1.641087,1.207314
1999-04-29,752.61,1.0,-0.047365,-0.047365,1.563356,1.150129
1999-04-30,752.59,1.0,-2.7e-05,-2.7e-05,1.563315,1.150099
1999-05-03,756.59,1.0,0.005315,0.005315,1.571624,1.156211
1999-05-04,771.17,1.0,0.019271,0.019271,1.60191,1.178492
1999-05-06,810.54,1.0,0.051052,0.051052,1.683691,1.238657
1999-05-07,810.62,1.0,9.9e-05,9.9e-05,1.683857,1.238779
1999-05-10,814.24,1.0,0.004466,0.004466,1.691377,1.244311
1999-05-11,781.41,1.0,-0.04032,-0.04032,1.623181,1.194141
1999-05-12,773.13,1.0,-0.010596,-0.010596,1.605981,1.181488
1999-05-13,742.37,1.0,-0.039786,-0.039786,1.542085,1.13448
1999-05-14,737.83,1.0,-0.006116,-0.006116,1.532655,1.127543
1999-05-17,717.83,1.0,-0.027107,-0.027107,1.49111,1.096979
1999-05-18,729.29,1.0,0.015965,0.015965,1.514915,1.114492
1999-05-19,734.98,1.0,0.007802,0.007802,1.526734,1.123187
1999-05-20,708.6,1.0,-0.035892,-0.035892,1.471937,1.082874
1999-05-21,710.49,1.0,0.002667,0.002667,1.475863,1.085762
1999-05-24,695.6,1.0,-0.020957,-0.020957,1.444932,1.063007
1999-05-25,698.69,1.0,0.004442,0.004442,1.451351,1.067729
1999-05-26,720.05,1.0,0.030571,0.030571,1.495721,1.100371
1999-05-27,726.66,1.0,0.00918,0.00918,1.509452,1.110473
1999-05-28,732.24,1.0,0.007679,0.007679,1.521043,1.119
1999-05-31,736.02,1.0,0.005162,0.005162,1.528895,1.124777
1999-06-01,753.72,1.0,0.024048,0.024048,1.565662,1.151825
1999-06-02,775.0,1.0,0.028233,0.028233,1.609866,1.184345
1999-06-03,778.21,1.0,0.004142,0.004142,1.616534,1.189251
1999-06-04,797.5,1.0,0.024788,0.024788,1.656604,1.218729
1999-06-07,842.32,1.0,0.056201,0.056201,1.749706,1.287223
1999-06-08,853.6,1.0,0.013392,0.013392,1.773137,1.304461
1999-06-09,803.46,1.0,-0.058739,-0.058739,1.668984,1.227837
1999-06-10,856.06,1.0,0.065467,0.065467,1.778247,1.30822
1999-06-11,848.61,1.0,-0.008703,-0.008703,1.762772,1.296835
1999-06-14,821.91,1.0,-0.031463,-0.031463,1.707309,1.256033
1999-06-15,803.72,1.0,-0.022131,-0.022131,1.669524,1.228235
1999-06-16,829.53,1.0,0.032113,0.032113,1.723138,1.267677
1999-06-17,832.26,1.0,0.003291,0.003291,1.728809,1.271849
1999-06-18,837.73,1.0,0.006572,0.006572,1.740171,1.280208
1999-06-21,869.0,1.0,0.037327,0.037327,1.805127,1.327995
1999-06-22,875.97,1.0,0.008021,0.008021,1.819605,1.338646
1999-06-23,888.63,1.0,0.014453,0.014453,1.845903,1.357993
1999-06-24,877.3,1.0,-0.01275,-0.01275,1.822368,1.340679
1999-06-25,882.08,1.0,0.005449,0.005449,1.832297,1.347984
1999-06-28,903.05,1.0,0.023773,0.023773,1.875857,1.38003
1999-06-29,897.45,1.0,-0.006201,-0.006201,1.864225,1.371472
1999-06-30,883.0,1.0,-0.016101,-0.016101,1.834208,1.349389
1999-07-01,919.98,1.0,0.04188,0.04188,1.911025,1.405902
1999-07-02,933.42,1.0,0.014609,0.014609,1.938943,1.426441
1999-07-05,962.84,1.0,0.031519,0.031519,2.000056,1.4714
1999-07-06,989.43,1.0,0.027616,0.027616,2.05529,1.512034
1999-07-07,1005.98,1.0,0.016727,0.016727,2.089668,1.537326
1999-07-08,999.11,1.0,-0.006829,-0.006829,2.075397,1.526827
1999-07-09,1027.93,1.0,0.028846,0.028846,2.135264,1.57087
1999-07-12,1004.25,1.0,-0.023037,-0.023037,2.086074,1.534682
1999-07-13,987.5,1.0,-0.016679,-0.016679,2.051281,1.509085
1999-07-14,953.67,1.0,-0.034258,-0.034258,1.981007,1.457386
1999-07-15,982.14,1.0,0.029853,0.029853,2.040147,1.500894
1999-07-16,1020.82,1.0,0.039383,0.039383,2.120494,1.560004
1999-07-19,1024.58,1.0,0.003683,0.003683,2.128305,1.56575
1999-07-20,998.45,1.0,-0.025503,-0.025503,2.074026,1.525819
1999-07-21,965.11,1.0,-0.033392,-0.033392,2.004771,1.474869
1999-07-22,976.66,1.0,0.011968,0.011968,2.028763,1.49252
1999-07-23,904.96,1.0,-0.073413,-0.073413,1.879825,1.382948
1999-07-26,872.94,1.0,-0.035383,-0.035383,1.813311,1.334016
1999-07-27,928.85,1.0,0.064048,0.064048,1.92945,1.419457
1999-07-28,944.46,1.0,0.016806,0.016806,1.961876,1.443312
1999-07-29,998.71,1.0,0.05744,0.05744,2.074566,1.526216
1999-07-30,969.72,1.0,-0.029027,-0.029027,2.014347,1.481914
1999-08-02,959.81,1.0,-0.010219,-0.010219,1.993762,1.46677
1999-08-03,973.33,1.0,0.014086,0.014086,2.021846,1.487431
1999-08-04,975.45,1.0,0.002178,0.002178,2.02625,1.49067
1999-08-05,939.07,1.0,-0.037296,-0.037296,1.95068,1.435075
1999-08-06,938.26,1.0,-0.000863,-0.000863,1.948997,1.433837
1999-08-09,948.97,1.0,0.011415,0.011415,1.971244,1.450204
1999-08-10,968.66,1.0,0.020749,0.020749,2.012145,1.480294
1999-08-11,944.08,1.0,-0.025375,-0.025375,1.961087,1.442731
1999-08-12,949.35,1.0,0.005582,0.005582,1.972034,1.450785
1999-08-13,917.47,1.0,-0.033581,-0.033581,1.905811,1.402066
1999-08-16,907.28,1.0,-0.011107,-0.011107,1.884644,1.386494
1999-08-17,873.7,1.0,-0.037012,-0.037012,1.81489,1.335177
1999-08-18,868.94,1.0,-0.005448,-0.005448,1.805002,1.327903
1999-08-19,871.18,1.0,0.002578,0.002578,1.809655,1.331326
1999-08-20,878.39,1.0,0.008276,0.008276,1.824632,1.342345
1999-08-23,917.58,1.0,0.044616,0.044616,1.90604,1.402234
1999-08-24,932.41,1.0,0.016162,0.016162,1.936845,1.424897
1999-08-25,963.0,1.0,0.032807,0.032807,2.000388,1.471644
1999-08-26,959.88,1.0,-0.00324,-0.00324,1.993907,1.466877
1999-08-27,960.28,1.0,0.000417,0.000417,1.994738,1.467488
1999-08-30,942.57,1.0,-0.018443,-0.018443,1.95795,1.440424
1999-08-31,937.88,1.0,-0.004976,-0.004976,1.948208,1.433256
1999-09-01,905.52,1.0,-0.034503,-0.034503,1.880988,1.383804
1999-09-02,898.97,1.0,-0.007233,-0.007233,1.867382,1.373795
1999-09-03,910.62,1.0,0.012959,0.012959,1.891582,1.391598
1999-09-06,943.22,0.5,0.017439,0.0358,1.92457,1.441417
1999-09-07,943.92,0.5,0.00041,0.000742,1.925359,1.442487
1999-09-08,936.93,0.5,-0.003663,-0.007405,1.918306,1.431805
1999-09-09,950.53,0.5,0.007297,0.014515,1.932304,1.452588
1999-09-10,961.98,0.5,0.006062,0.012046,1.944018,1.470086
1999-09-13,980.91,1.0,0.019178,0.019678,1.981301,1.499014
1999-09-14,968.54,1.0,-0.012611,-0.012611,1.956315,1.480111
1999-09-15,952.69,1.0,-0.016365,-0.016365,1.9243,1.455889
1999-09-16,916.16,1.0,-0.038344,-0.038344,1.850515,1.400064
1999-09-17,925.2,1.0,0.009867,0.009867,1.868774,1.413879
1999-09-20,933.88,0.5,0.00423,0.009382,1.87668,1.427144
1999-09-21,957.42,0.5,0.012643,0.025207,1.900406,1.463117
1999-09-22,941.57,0.5,-0.008238,-0.016555,1.88475,1.438895
1999-09-27,903.79,0.5,-0.020023,-0.040124,1.847012,1.381161
1999-09-28,900.73,0.5,-0.001654,-0.003386,1.843958,1.376484
1999-09-29,868.88,0.5,-0.017641,-0.03536,1.811429,1.327811
1999-09-30,836.18,0.5,-0.018778,-0.037635,1.777414,1.27784
1999-10-01,839.35,0.5,0.001935,0.003791,1.780852,1.282684
1999-10-04,818.37,0.0,-0.000421,-0.024996,1.780102,1.250623
1999-10-05,791.55,0.0,7.9e-05,-0.032772,1.780242,1.209637
1999-10-06,835.31,0.0,7.9e-05,0.055284,1.780382,1.27651
1999-10-07,851.15,0.0,7.9e-05,0.018963,1.780522,1.300717
1999-10-08,839.41,0.0,7.9e-05,-0.013793,1.780662,1.282776
1999-10-11,834.39,0.0,7.9e-05,-0.00598,1.780802,1.275104
1999-10-12,856.25,0.0,7.9e-05,0.026199,1.780942,1.30851
1999-10-13,855.52,0.0,7.9e-05,-0.000853,1.781081,1.307395
1999-10-14,866.02,0.0,7.9e-05,0.012273,1.781221,1.323441
1999-10-15,862.63,0.0,7.9e-05,-0.003914,1.781361,1.31826
1999-10-18,826.25,0.0,7.9e-05,-0.042173,1.781501,1.262665
1999-10-19,811.44,0.0,7.9e-05,-0.017924,1.781641,1.240032
1999-10-20,830.69,0.0,7.9e-05,0.023723,1.781781,1.26945
1999-10-21,818.51,0.0,7.9e-05,-0.014663,1.781921,1.250837
1999-10-22,819.52,0.0,7.9e-05,0.001234,1.782061,1.25238
1999-10-25,798.84,0.0,7.9e-05,-0.025234,1.782202,1.220777
1999-10-26,797.01,0.0,7.9e-05,-0.002291,1.782342,1.217981
1999-10-27,793.42,0.0,7.9e-05,-0.004504,1.782482,1.212494
1999-10-28,820.95,0.0,7.9e-05,0.034698,1.782622,1.254565
1999-10-29,833.51,0.0,7.9e-05,0.015299,1.782762,1.273759
1999-11-01,876.55,0.0,7.9e-05,0.051637,1.782902,1.339533
1999-11-02,890.18,0.0,7.9e-05,0.01555,1.783042,1.360362
1999-11-03,887.15,0.0,7.9e-05,-0.003404,1.783182,1.355731
1999-11-04,911.82,0.0,7.9e-05,0.027808,1.783322,1.393432
1999-11-05,913.09,0.0,7.9e-05,0.001393,1.783462,1.395373
1999-11-08,907.6,0.5,-0.003467,-0.006013,1.777279,1.386983
1999-11-09,943.46,0.5,0.019795,0.039511,1.81246,1.441784
1999-11-10,938.76,0.5,-0.002452,-0.004982,1.808017,1.434601
1999-11-11,947.42,0.5,0.004652,0.009225,1.816427,1.447835
1999-11-12,969.26,0.5,0.011565,0.023052,1.837435,1.481211
1999-11-15,974.73,1.0,0.005143,0.005643,1.846885,1.48957
1999-11-16,1007.72,1.0,0.033845,0.033845,1.909394,1.539985
1999-11-17,967.64,1.0,-0.039773,-0.039773,1.833451,1.478735
1999-11-18,970.19,1.0,0.002635,0.002635,1.838283,1.482632
1999-11-19,993.11,1.0,0.023624,0.023624,1.881711,1.517658
1999-11-22,977.88,1.0,-0.015336,-0.015336,1.852854,1.494384
1999-11-23,974.05,1.0,-0.003917,-0.003917,1.845597,1.488531
1999-11-24,969.29,1.0,-0.004887,-0.004887,1.836578,1.481257
1999-11-25,972.71,1.0,0.003528,0.003528,1.843058,1.486483
1999-11-26,949.16,1.0,-0.024211,-0.024211,1.798436,1.450494
1999-11-29,964.26,1.0,0.015909,0.015909,1.827047,1.47357
1999-11-30,996.66,1.0,0.033601,0.033601,1.888438,1.523083
1999-12-01,999.16,1.0,0.002508,0.002508,1.893175,1.526904
1999-12-02,967.9,1.0,-0.031286,-0.031286,1.833944,1.479133
1999-12-03,966.59,1.0,-0.001353,-0.001353,1.831462,1.477131
1999-12-06,998.11,1.0,0.032609,0.032609,1.891185,1.525299
1999-12-07,999.92,1.0,0.001813,0.001813,1.894615,1.528065
1999-12-08,988.32,1.0,-0.011601,-0.011601,1.872635,1.510338
1999-12-09,980.54,1.0,-0.007872,-0.007872,1.857894,1.498449
1999-12-10,1018.17,1.0,0.038377,0.038377,1.929194,1.555955
1999-12-13,1013.65,1.0,-0.004439,-0.004439,1.92063,1.549047
1999-12-14,1002.64,1.0,-0.010862,-0.010862,1.899768,1.532222
1999-12-15,963.58,1.0,-0.038957,-0.038957,1.825759,1.472531
1999-12-16,948.57,1.0,-0.015577,-0.015577,1.797318,1.449593
1999-12-17,949.26,1.0,0.000727,0.000727,1.798626,1.450647
1999-12-20,967.05,0.5,0.00891,0.018741,1.814651,1.477834
1999-12-21,958.8,0.5,-0.004226,-0.008531,1.806982,1.465226
1999-12-22,967.83,0.5,0.004748,0.009418,1.815562,1.479026
1999-12-23,974.16,0.5,0.003309,0.00654,1.821571,1.488699
1999-12-24,991.63,0.5,0.009006,0.017933,1.837976,1.515396
1999-12-27,1005.73,1.0,0.013719,0.014219,1.863191,1.536944
1999-12-28,1028.07,1.0,0.022213,0.022213,1.904577,1.571084
2000-01-04,1059.04,1.0,0.030124,0.030124,1.961952,1.618412
2000-01-05,986.31,1.0,-0.068675,-0.068675,1.827214,1.507267
2000-01-06,960.79,1.0,-0.025874,-0.025874,1.779936,1.468267
2000-01-07,948.65,1.0,-0.012635,-0.012635,1.757446,1.449715
2000-01-10,987.24,0.5,0.019879,0.040679,1.792382,1.508688
2000-01-11,981.33,0.5,-0.002954,-0.005986,1.787087,1.499656
2000-01-12,955.01,0.5,-0.013371,-0.026821,1.763192,1.459434
2000-01-13,951.05,0.5,-0.002034,-0.004147,1.759605,1.453383
2000-01-14,948.03,0.5,-0.001548,-0.003175,1.756881,1.448768
2000-01-17,983.27,1.0,0.036672,0.037172,1.821309,1.502621
2000-01-18,981.53,1.0,-0.00177,-0.00177,1.818086,1.499962
2000-01-19,938.78,1.0,-0.043554,-0.043554,1.7389,1.434632
2000-01-20,945.9,1.0,0.007584,0.007584,1.752088,1.445512
2000-01-21,925.16,1.0,-0.021926,-0.021926,1.713672,1.413818
2000-01-24,926.77,1.0,0.00174,0.00174,1.716654,1.416278
2000-01-25,891.22,1.0,-0.038359,-0.038359,1.650805,1.361951
2000-01-26,885.54,1.0,-0.006373,-0.006373,1.640284,1.353271
2000-01-27,909.23,1.0,0.026752,0.026752,1.684165,1.389474
2000-01-28,941.67,1.0,0.035679,0.035679,1.744253,1.439048
2000-01-31,943.88,0.5,0.000713,0.002347,1.745496,1.442426
2000-02-01,928.75,0.5,-0.007975,-0.01603,1.731575,1.419304
2000-02-02,943.59,0.5,0.008029,0.015978,1.745477,1.441982
2000-02-03,950.22,0.5,0.003552,0.007026,1.751678,1.452114
2000-02-07,973.13,0.5,0.012094,0.02411,1.772863,1.487125
2000-02-08,961.22,0.5,-0.00608,-0.012239,1.762084,1.468924
2000-02-09,976.05,0.5,0.007753,0.015428,1.775746,1.491587
2000-02-10,966.18,0.5,-0.005017,-0.010112,1.766838,1.476504
2000-02-11,953.22,0.5,-0.006668,-0.013414,1.755057,1.456699
2000-02-14,910.87,0.5,-0.022175,-0.044428,1.716139,1.39198
2000-02-15,879.7,0.5,-0.017071,-0.03422,1.686843,1.344346
2000-02-16,879.5,0.5,-7.4e-05,-0.000227,1.686718,1.344041
2000-02-17,897.52,0.5,0.010284,0.020489,1.704064,1.371579
2000-02-18,897.52,0.5,3.9e-05,0.0,1.704131,1.371579
2000-02-21,845.32,0.0,-0.000421,-0.05816,1.703413,1.291807
2000-02-22,850.02,0.0,7.9e-05,0.00556,1.703546,1.29899
2000-02-23,880.67,0.0,7.9e-05,0.036058,1.70368,1.345829
2000-02-24,867.37,0.0,7.9e-05,-0.015102,1.703814,1.325504
2000-02-25,864.76,0.0,7.9e-05,-0.003009,1.703948,1.321515
2000-02-28,819.01,0.0,7.9e-05,-0.052905,1.704082,1.251601
2000-02-29,828.38,0.0,7.9e-05,0.011441,1.704216,1.26592
2000-03-02,894.66,0.0,7.9e-05,0.080012,1.70435,1.367208
2000-03-03,894.83,0.0,7.9e-05,0.00019,1.704484,1.367468
2000-03-06,909.33,0.5,0.007641,0.016204,1.717508,1.389627
2000-03-07,907.34,0.5,-0.001055,-0.002188,1.715697,1.386586
2000-03-08,915.24,0.5,0.004393,0.008707,1.723233,1.398658
2000-03-09,884.59,0.5,-0.016705,-0.033488,1.694447,1.351819
2000-03-10,891.36,0.5,0.003866,0.007653,1.700997,1.362165
2000-03-13,854.66,0.0,-0.000421,-0.041173,1.70028,1.306081
2000-03-14,846.74,0.0,7.9e-05,-0.009267,1.700414,1.293977
2000-03-15,837.53,0.0,7.9e-05,-0.010877,1.700548,1.279903
2000-03-16,841.22,0.0,7.9e-05,0.004406,1.700681,1.285542
2000-03-17,855.57,0.0,7.9e-05,0.017059,1.700815,1.307471
2000-03-20,850.51,0.0,7.9e-05,-0.005914,1.700949,1.299739
2000-03-21,863.41,0.0,7.9e-05,0.015167,1.701082,1.319452
2000-03-22,882.43,0.0,7.9e-05,0.022029,1.701216,1.348518
2000-03-23,867.62,0.0,7.9e-05,-0.016783,1.70135,1.325886
2000-03-24,889.24,0.0,7.9e-05,0.024919,1.701483,1.358925
2000-03-27,886.71,0.0,7.9e-05,-0.002845,1.701617,1.355059
2000-03-28,891.29,0.0,7.9e-05,0.005165,1.701751,1.362058
2000-03-29,908.51,0.0,7.9e-05,0.01932,1.701884,1.388374
2000-03-30,889.95,0.0,7.9e-05,-0.020429,1.702018,1.36001
2000-03-31,860.94,0.0,7.9e-05,-0.032597,1.702152,1.315678
2000-04-03,846.44,0.0,7.9e-05,-0.016842,1.702286,1.293519
2000-04-04,830.16,0.0,7.9e-05,-0.019233,1.702419,1.26864
2000-04-05,830.16,0.0,7.9e-05,0.0,1.702553,1.26864
2000-04-06,804.35,0.0,7.9e-05,-0.03109,1.702687,1.229198
2000-04-07,837.38,0.0,7.9e-05,0.041064,1.702821,1.279674
2000-04-10,870.17,0.0,7.9e-05,0.039158,1.702955,1.329783
2000-04-11,855.05,0.0,7.9e-05,-0.017376,1.703089,1.306677
2000-04-12,837.01,0.0,7.9e-05,-0.021098,1.703222,1.279108
2000-04-14,800.89,0.0,7.9e-05,-0.043154,1.703356,1.22391
2000-04-17,707.72,0.0,7.9e-05,-0.116333,1.70349,1.081529
2000-04-18,747.3,0.0,7.9e-05,0.055926,1.703624,1.142014
2000-04-19,755.08,0.0,7.9e-05,0.010411,1.703758,1.153904
2000-04-20,761.25,0.0,7.9e-05,0.008171,1.703892,1.163333
2000-04-21,767.16,0.0,7.9e-05,0.007764,1.704026,1.172364
2000-04-24,747.58,0.0,7.9e-05,-0.025523,1.70416,1.142442
2000-04-25,737.2,0.0,7.9e-05,-0.013885,1.704293,1.12658
2000-04-26,713.23,0.0,7.9e-05,-0.032515,1.704427,1.089949
2000-04-27,692.07,0.0,7.9e-05,-0.029668,1.704561,1.057613
2000-04-28,725.39,0.0,7.9e-05,0.048145,1.704695,1.108532
2000-05-02,752.59,0.0,7.9e-05,0.037497,1.704829,1.150099
2000-05-03,752.76,0.0,7.9e-05,0.000226,1.704963,1.150358
2000-05-04,751.29,0.0,7.9e-05,-0.001953,1.705097,1.148112
2000-05-08,770.24,0.0,7.9e-05,0.025223,1.705231,1.177071
2000-05-09,760.85,0.0,7.9e-05,-0.012191,1.705365,1.162721
2000-05-10,759.51,0.0,7.9e-05,-0.001761,1.705499,1.160674
2000-05-12,740.3,0.0,7.9e-05,-0.025293,1.705633,1.131317
2000-05-15,728.67,0.0,7.9e-05,-0.01571,1.705767,1.113544
2000-05-16,746.77,0.0,7.9e-05,0.02484,1.705901,1.141205
2000-05-17,727.18,0.0,7.9e-05,-0.026233,1.706035,1.111267
2000-05-18,712.95,0.0,7.9e-05,-0.019569,1.706169,1.089521
2000-05-19,730.68,0.0,7.9e-05,0.024869,1.706304,1.116616
2000-05-22,691.61,0.0,7.9e-05,-0.053471,1.706438,1.05691
2000-05-23,679.76,0.0,7.9e-05,-0.017134,1.706572,1.038801
2000-05-24,674.95,0.0,7.9e-05,-0.007076,1.706706,1.03145
2000-05-25,699.53,0.0,7.9e-05,0.036418,1.70684,1.069013
2000-05-26,656.66,0.0,7.9e-05,-0.061284,1.706974,1.0035
2000-05-29,655.93,0.0,7.9e-05,-0.001112,1.707108,1.002384
2000-05-30,691.26,0.0,7.9e-05,0.053862,1.707242,1.056375
2000-05-31,731.88,0.0,7.9e-05,0.058762,1.707377,1.11845
2000-06-01,738.49,0.0,7.9e-05,0.009032,1.707511,1.128551
2000-06-05,794.21,0.0,7.9e-05,0.075451,1.707645,1.213702
2000-06-07,822.54,0.0,7.9e-05,0.035671,1.707779,1.256995
2000-06-08,800.11,0.0,7.9e-05,-0.027269,1.707913,1.222718
2000-06-12,845.81,0.5,0.028098,0.057117,1.755902,1.292556
2000-06-13,804.45,0.5,-0.024411,-0.0489,1.713039,1.22935
2000-06-14,819.27,0.5,0.009251,0.018423,1.728886,1.251998
2000-06-15,770.95,0.5,-0.02945,-0.058979,1.67797,1.178156
2000-06-16,759.04,0.5,-0.007685,-0.015448,1.665074,1.159955
2000-06-19,755.38,0.5,-0.002372,-0.004822,1.661125,1.154362
2000-06-20,785.32,0.5,0.019857,0.039636,1.694111,1.200116
2000-06-21,781.87,0.5,-0.002157,-0.004393,1.690456,1.194844
2000-06-22,782.24,0.5,0.000276,0.000473,1.690922,1.195409
2000-06-23,778.94,0.5,-0.00207,-0.004219,1.687422,1.190366
2000-06-26,791.55,0.5,0.008134,0.016189,1.701147,1.209637
2000-06-27,809.87,0.5,0.011612,0.023144,1.7209,1.237633
2000-06-28,818.73,0.5,0.005509,0.01094,1.730381,1.251173
2000-06-29,818.9,0.5,0.000143,0.000208,1.730629,1.251433
2000-06-30,821.22,0.5,0.001456,0.002833,1.733148,1.254978
2000-07-03,835.21,0.5,0.008557,0.017036,1.747979,1.276357
2000-07-04,818.53,0.5,-0.009946,-0.019971,1.730593,1.250867
2000-07-05,830.4,0.5,0.00729,0.014502,1.743209,1.269007
2000-07-06,837.63,0.5,0.004393,0.008707,1.750866,1.280056
2000-07-07,841.74,0.5,0.002493,0.004907,1.755231,1.286336
2000-07-10,851.47,0.5,0.005819,0.011559,1.765444,1.301206
2000-07-11,836.86,0.5,-0.00854,-0.017159,1.750367,1.278879
2000-07-12,839.76,0.5,0.001772,0.003465,1.753469,1.283311
2000-07-13,845.75,0.5,0.003606,0.007133,1.759792,1.292465
2000-07-14,827.95,0.5,-0.010484,-0.021046,1.741342,1.265263
2000-07-18,812.33,0.5,-0.009394,-0.018866,1.724985,1.241392
2000-07-19,797.3,0.5,-0.009212,-0.018502,1.709094,1.218424
2000-07-20,778.9,0.5,-0.0115,-0.023078,1.68944,1.190305
2000-07-21,783.06,0.5,0.00271,0.005341,1.694018,1.196662
2000-07-24,737.89,0.5,-0.028803,-0.057684,1.645226,1.127634
2000-07-25,737.64,0.5,-0.00013,-0.000339,1.645012,1.127252
2000-07-26,743.84,0.5,0.004242,0.008405,1.65199,1.136727
2000-07-27,727.68,0.5,-0.010823,-0.021725,1.63411,1.112031
2000-07-28,692.65,0.5,-0.02403,-0.048139,1.594842,1.058499
2000-07-31,705.97,0.0,-0.000421,0.01923,1.59417,1.078854
2000-08-01,727.1,0.0,7.9e-05,0.02993,1.594295,1.111145
2000-08-02,728.33,0.0,7.9e-05,0.001692,1.59442,1.113025
2000-08-03,722.08,0.0,7.9e-05,-0.008581,1.594545,1.103474
2000-08-04,710.0,0.0,7.9e-05,-0.016729,1.594671,1.085013
2000-08-07,675.59,0.0,7.9e-05,-0.048465,1.594796,1.032428
2000-08-08,666.08,0.0,7.9e-05,-0.014077,1.594921,1.017895
2000-08-09,710.23,0.0,7.9e-05,0.066283,1.595047,1.085365
2000-08-10,729.28,0.0,7.9e-05,0.026822,1.595172,1.114477
2000-08-11,722.21,0.0,7.9e-05,-0.009694,1.595297,1.103672
2000-08-14,733.25,0.0,7.9e-05,0.015286,1.595423,1.120543
2000-08-16,751.14,0.0,7.9e-05,0.024398,1.595548,1.147883
2000-08-17,743.49,0.0,7.9e-05,-0.010185,1.595674,1.136192
2000-08-18,728.32,0.0,7.9e-05,-0.020404,1.595799,1.113009
2000-08-21,722.58,0.5,-0.004401,-0.007881,1.588775,1.104238
2000-08-22,738.61,0.5,0.011131,0.022184,1.606461,1.128735
2000-08-23,719.71,0.5,-0.012755,-0.025589,1.58597,1.099852
2000-08-24,718.86,0.5,-0.000551,-0.001181,1.585096,1.098553
2000-08-25,729.8,0.5,0.007649,0.015219,1.59722,1.115271
2000-08-30,718.93,0.5,-0.007408,-0.014894,1.585388,1.09866
2000-08-31,688.62,0.5,-0.021041,-0.04216,1.55203,1.05234
2000-09-01,692.19,0.5,0.002631,0.005184,1.556114,1.057796
2000-09-04,681.3,0.0,-0.000421,-0.015733,1.555458,1.041154
2000-09-05,679.24,0.0,7.9e-05,-0.003024,1.555581,1.038006
2000-09-06,676.69,0.0,7.9e-05,-0.003754,1.555703,1.034109
2000-09-07,656.37,0.0,7.9e-05,-0.030029,1.555825,1.003056
2000-09-08,653.68,0.0,7.9e-05,-0.004098,1.555947,0.998946
2000-09-14,650.14,0.0,7.9e-05,-0.005415,1.55607,0.993536
2000-09-15,628.2,0.0,7.9e-05,-0.033747,1.556192,0.960007
2000-09-18,577.56,0.0,7.9e-05,-0.080611,1.556314,0.88262
2000-09-19,571.17,0.0,7.9e-05,-0.011064,1.556437,0.872855
2000-09-20,606.08,0.0,7.9e-05,0.06112,1.556559,0.926204
2000-09-21,595.99,0.0,7.9e-05,-0.016648,1.556681,0.910784
2000-09-22,553.25,0.0,7.9e-05,-0.071713,1.556804,0.84547
2000-09-25,584.63,0.0,7.9e-05,0.056719,1.556926,0.893424
2000-09-26,587.6,0.0,7.9e-05,0.00508,1.557048,0.897963
2000-09-27,599.31,0.0,7.9e-05,0.019929,1.557171,0.915858
2000-09-28,605.85,0.0,7.9e-05,0.010913,1.557293,0.925852
2000-09-29,613.22,0.0,7.9e-05,0.012165,1.557415,0.937115
2000-10-02,589.22,0.0,7.9e-05,-0.039138,1.557538,0.900439
2000-10-04,598.42,0.0,7.9e-05,0.015614,1.55766,0.914498
2000-10-05,606.79,0.0,7.9e-05,0.013987,1.557783,0.927289
2000-10-06,608.85,0.0,7.9e-05,0.003395,1.557905,0.930437
2000-10-09,589.18,0.0,7.9e-05,-0.032307,1.558027,0.900377
2000-10-10,588.34,0.0,7.9e-05,-0.001426,1.55815,0.899094
2000-10-11,557.18,0.0,7.9e-05,-0.052963,1.558272,0.851475
2000-10-12,534.71,0.0,7.9e-05,-0.040328,1.558395,0.817137
2000-10-13,524.6,0.0,7.9e-05,-0.018907,1.558517,0.801687
2000-10-16,550.1,0.0,7.9e-05,0.048608,1.55864,0.840656
2000-10-17,512.85,0.0,7.9e-05,-0.067715,1.558762,0.783731
2000-10-18,514.17,0.0,7.9e-05,0.002574,1.558885,0.785748
2000-10-19,515.04,0.0,7.9e-05,0.001692,1.559007,0.787078
2000-10-20,545.97,0.0,7.9e-05,0.060054,1.55913,0.834344
2000-10-23,528.37,0.0,7.9e-05,-0.032236,1.559252,0.807448
2000-10-24,545.05,0.0,7.9e-05,0.031569,1.559375,0.832939
2000-10-25,542.33,0.0,7.9e-05,-0.00499,1.559497,0.828782
2000-10-26,523.67,0.0,7.9e-05,-0.034407,1.55962,0.800266
2000-10-27,515.34,0.0,7.9e-05,-0.015907,1.559742,0.787536
2000-10-30,504.73,0.0,7.9e-05,-0.020588,1.559865,0.771322
2000-10-31,514.48,0.0,7.9e-05,0.019317,1.559988,0.786222
2000-11-01,548.76,0.0,7.9e-05,0.06663,1.56011,0.838608
2000-11-02,558.1,0.0,7.9e-05,0.01702,1.560233,0.852881
2000-11-03,560.41,0.0,7.9e-05,0.004139,1.560355,0.856412
2000-11-06,556.66,0.0,7.9e-05,-0.006692,1.560478,0.850681
2000-11-07,553.35,0.0,7.9e-05,-0.005946,1.560601,0.845623
2000-11-08,558.09,0.0,7.9e-05,0.008566,1.560723,0.852866
2000-11-09,560.66,0.0,7.9e-05,0.004605,1.560846,0.856794
2000-11-10,565.18,0.0,7.9e-05,0.008062,1.560969,0.863701
2000-11-13,538.94,0.0,7.9e-05,-0.046428,1.561091,0.823601
2000-11-14,552.99,0.0,7.9e-05,0.02607,1.561214,0.845072
2000-11-15,557.48,0.0,7.9e-05,0.008119,1.561337,0.851934
2000-11-16,555.04,0.0,7.9e-05,-0.004377,1.561459,0.848205
2000-11-17,551.26,0.0,7.9e-05,-0.00681,1.561582,0.842429
2000-11-20,537.4,0.0,7.9e-05,-0.025142,1.561705,0.821248
2000-11-21,531.45,0.0,7.9e-05,-0.011072,1.561827,0.812155
2000-11-22,522.33,0.0,7.9e-05,-0.017161,1.56195,0.798218
2000-11-23,514.31,0.0,7.9e-05,-0.015354,1.562073,0.785962
2000-11-24,530.84,0.0,7.9e-05,0.03214,1.562196,0.811223
2000-11-27,554.04,0.0,7.9e-05,0.043704,1.562318,0.846677
2000-11-28,536.94,0.0,7.9e-05,-0.030864,1.562441,0.820545
2000-11-29,516.44,0.0,7.9e-05,-0.038179,1.562564,0.789217
2000-11-30,509.23,0.0,7.9e-05,-0.013961,1.562687,0.778199
2000-12-01,514.46,0.0,7.9e-05,0.01027,1.56281,0.786191
2000-12-04,501.73,0.0,7.9e-05,-0.024744,1.562932,0.766737
2000-12-05,516.96,0.0,7.9e-05,0.030355,1.563055,0.790012
2000-12-06,517.89,0.0,7.9e-05,0.001799,1.563178,0.791433
2000-12-07,523.78,0.0,7.9e-05,0.011373,1.563301,0.800434
2000-12-08,534.81,0.0,7.9e-05,0.021058,1.563424,0.81729
2000-12-11,554.8,0.0,7.9e-05,0.037378,1.563547,0.847838
2000-12-12,543.08,0.0,7.9e-05,-0.021125,1.56367,0.829928
2000-12-13,557.84,0.0,7.9e-05,0.027178,1.563792,0.852484
2000-12-14,547.38,0.0,7.9e-05,-0.018751,1.563915,0.836499
2000-12-15,534.0,0.0,7.9e-05,-0.024444,1.564038,0.816052
2000-12-18,539.27,0.0,7.9e-05,0.009869,1.564161,0.824106
2000-12-19,530.8,0.0,7.9e-05,-0.015706,1.564284,0.811162
2000-12-20,514.21,0.0,7.9e-05,-0.031255,1.564407,0.785809
2000-12-21,511.9,0.0,7.9e-05,-0.004492,1.56453,0.782279
2000-12-22,500.6,0.0,7.9e-05,-0.022075,1.564653,0.765011
2000-12-26,504.62,0.0,7.9e-05,0.00803,1.564776,0.771154
2001-01-02,520.95,0.0,7.9e-05,0.032361,1.564899,0.796109
2001-01-03,521.43,0.0,7.9e-05,0.000921,1.565022,0.796843
2001-01-04,558.02,0.0,7.9e-05,0.070172,1.565145,0.852759
2001-01-05,580.85,0.0,7.9e-05,0.040913,1.565268,0.887648
2001-01-08,586.65,0.0,7.9e-05,0.009985,1.565391,0.896511
2001-01-09,589.92,0.0,7.9e-05,0.005574,1.565514,0.901508
2001-01-10,560.81,0.0,7.9e-05,-0.049346,1.565637,0.857023
2001-01-11,561.79,0.0,7.9e-05,0.001747,1.56576,0.85852
2001-01-12,587.87,0.0,7.9e-05,0.046423,1.565883,0.898376
2001-01-15,599.0,0.5,0.009006,0.018933,1.579985,0.915384
2001-01-16,603.42,0.5,0.003729,0.007379,1.585876,0.922139
2001-01-17,595.83,0.5,-0.00625,-0.012578,1.575965,0.91054
2001-01-18,604.05,0.5,0.006937,0.013796,1.586897,0.923102
2001-01-19,619.78,0.5,0.01306,0.026041,1.607622,0.94714
2001-01-22,627.45,1.0,0.011875,0.012375,1.626713,0.958861
2001-01-26,591.73,1.0,-0.056929,-0.056929,1.534106,0.904274
2001-01-29,596.54,0.5,0.003604,0.008129,1.539634,0.911625
2001-01-30,591.34,0.5,-0.004319,-0.008717,1.532985,0.903678
2001-01-31,617.91,0.5,0.022505,0.044932,1.567485,0.944282
2001-02-01,612.3,0.5,-0.0045,-0.009079,1.560431,0.935709
2001-02-02,608.48,0.5,-0.00308,-0.006239,1.555624,0.929871
2001-02-05,579.16,0.5,-0.024054,-0.048186,1.518206,0.885065
2001-02-06,586.58,0.5,0.006445,0.012812,1.527991,0.896404
2001-02-07,576.19,0.5,-0.008817,-0.017713,1.514519,0.880526
2001-02-08,591.57,0.5,0.013386,0.026693,1.534791,0.90403
2001-02-09,595.47,0.5,0.003336,0.006593,1.539911,0.90999
2001-02-12,599.2,0.5,0.003171,0.006264,1.544794,0.91569
2001-02-13,598.78,0.5,-0.000311,-0.000701,1.544314,0.915048
2001-02-14,603.83,0.5,0.004256,0.008434,1.550887,0.922765
2001-02-15,603.63,0.5,-0.000126,-0.000331,1.550691,0.92246
2001-02-16,604.92,0.5,0.001108,0.002137,1.552409,0.924431
2001-02-19,596.67,0.5,-0.00678,-0.013638,1.541884,0.911824
2001-02-20,608.74,0.5,0.010154,0.020229,1.557539,0.930269
2001-02-21,594.53,0.5,-0.011632,-0.023343,1.539422,0.908553
2001-02-22,583.41,0.5,-0.009313,-0.018704,1.525086,0.89156
2001-02-23,583.52,0.5,0.000134,0.000189,1.525289,0.891728
2001-02-26,585.32,0.0,-0.000421,0.003085,1.524646,0.894479
2001-02-27,577.57,0.0,7.9e-05,-0.013241,1.524766,0.882635
2001-02-28,578.1,0.0,7.9e-05,0.000918,1.524886,0.883445
2001-03-02,559.44,0.0,7.9e-05,-0.032278,1.525006,0.854929
2001-03-05,565.38,0.0,7.9e-05,0.010618,1.525126,0.864007
2001-03-06,568.15,0.0,7.9e-05,0.004899,1.525246,0.86824
2001-03-07,568.64,0.0,7.9e-05,0.000862,1.525365,0.868988
2001-03-08,579.28,0.0,7.9e-05,0.018711,1.525485,0.885248
2001-03-09,565.76,0.0,7.9e-05,-0.023339,1.525605,0.864587
2001-03-12,545.05,0.0,7.9e-05,-0.036606,1.525725,0.832939
2001-03-13,527.97,0.0,7.9e-05,-0.031337,1.525845,0.806837
2001-03-14,543.28,0.0,7.9e-05,0.028998,1.525965,0.830234
2001-03-15,541.83,0.0,7.9e-05,-0.002669,1.526085,0.828018
2001-03-16,538.67,0.0,7.9e-05,-0.005832,1.526205,0.823189
2001-03-19,534.33,0.0,7.9e-05,-0.008057,1.526325,0.816556
2001-03-20,531.59,0.0,7.9e-05,-0.005128,1.526445,0.812369
2001-03-21,532.59,0.0,7.9e-05,0.001881,1.526565,0.813897
2001-03-22,527.05,0.0,7.9e-05,-0.010402,1.526685,0.805431
2001-03-23,537.97,0.0,7.9e-05,0.020719,1.526805,0.822119
2001-03-26,545.98,0.0,7.9e-05,0.014889,1.526925,0.83436
2001-03-27,532.9,0.0,7.9e-05,-0.023957,1.527045,0.814371
2001-03-28,528.79,0.0,7.9e-05,-0.007713,1.527165,0.80809
2001-03-29,523.8,0.0,7.9e-05,-0.009437,1.527285,0.800465
2001-03-30,523.22,0.0,7.9e-05,-0.001107,1.527405,0.799578
2001-04-02,515.2,0.0,7.9e-05,-0.015328,1.527525,0.787322
2001-04-03,503.26,0.0,7.9e-05,-0.023175,1.527645,0.769076
2001-04-04,493.69,0.0,7.9e-05,-0.019016,1.527765,0.754451
2001-04-06,506.22,0.0,7.9e-05,0.02538,1.527885,0.773599
2001-04-09,497.46,0.0,7.9e-05,-0.017305,1.528005,0.760212
2001-04-10,491.21,0.0,7.9e-05,-0.012564,1.528125,0.750661
2001-04-11,507.53,0.0,7.9e-05,0.033224,1.528245,0.775601
2001-04-12,514.21,0.0,7.9e-05,0.013162,1.528365,0.785809
2001-04-13,516.1,0.0,7.9e-05,0.003676,1.528485,0.788698
2001-04-16,508.35,0.0,7.9e-05,-0.015016,1.528605,0.776854
2001-04-17,513.97,0.0,7.9e-05,0.011055,1.528725,0.785442
2001-04-18,540.0,0.0,7.9e-05,0.050645,1.528846,0.825221
2001-04-19,563.31,0.0,7.9e-05,0.043167,1.528966,0.860843
2001-04-20,556.29,0.0,7.9e-05,-0.012462,1.529086,0.850115
2001-04-23,560.94,0.0,7.9e-05,0.008359,1.529206,0.857221
2001-04-24,555.64,0.0,7.9e-05,-0.009448,1.529326,0.849122
2001-04-25,566.34,0.0,7.9e-05,0.019257,1.529446,0.865474
2001-04-26,561.62,0.0,7.9e-05,-0.008334,1.529567,0.858261
2001-04-27,556.63,0.0,7.9e-05,-0.008885,1.529687,0.850635
2001-04-30,577.36,0.0,7.9e-05,0.037242,1.529807,0.882314
2001-05-02,583.7,0.0,7.9e-05,0.010981,1.529927,0.892003
2001-05-03,584.4,0.0,7.9e-05,0.001199,1.530047,0.893073
2001-05-04,585.6,0.0,7.9e-05,0.002053,1.530168,0.894907
2001-05-07,596.5,0.5,0.008846,0.018613,1.543704,0.911564
2001-05-08,590.91,0.5,-0.004646,-0.009371,1.536531,0.903021
2001-05-09,578.84,0.5,-0.010174,-0.020426,1.520899,0.884576
2001-05-10,581.38,0.5,0.002233,0.004388,1.524295,0.888458
2001-05-11,583.06,0.5,0.001484,0.00289,1.526558,0.891025
2001-05-14,584.08,0.0,-0.000421,0.001749,1.525914,0.892584
2001-05-15,581.3,0.0,7.9e-05,-0.00476,1.526034,0.888335
2001-05-16,572.4,0.0,7.9e-05,-0.015311,1.526154,0.874734
2001-05-17,596.39,0.0,7.9e-05,0.041911,1.526274,0.911396
2001-05-18,600.54,0.0,7.9e-05,0.006959,1.526394,0.917738
2001-05-21,618.96,0.5,0.014875,0.030672,1.5491,0.945887
2001-05-22,617.99,0.5,-0.000744,-0.001567,1.547947,0.944405
2001-05-23,622.6,0.5,0.003769,0.00746,1.553781,0.951449
2001-05-24,622.28,0.5,-0.000218,-0.000514,1.553443,0.95096
2001-05-25,624.11,0.5,0.00151,0.002941,1.555788,0.953757
2001-05-28,618.47,0.5,-0.004479,-0.009037,1.54882,0.945138
2001-05-29,632.05,0.5,0.011018,0.021957,1.565884,0.965891
2001-05-30,628.42,0.5,-0.002832,-0.005743,1.561449,0.960344
2001-05-31,612.16,0.5,-0.012898,-0.025874,1.54131,0.935495
2001-06-01,607.07,0.5,-0.004118,-0.008315,1.534963,0.927717
2001-06-04,610.91,0.5,0.003202,0.006325,1.539878,0.933585
2001-06-05,597.66,0.5,-0.010805,-0.021689,1.523239,0.913336
2001-06-06,597.66,0.5,3.9e-05,0.0,1.523299,0.913336
2001-06-07,601.14,0.5,0.002951,0.005823,1.527794,0.918655
2001-06-08,621.78,0.5,0.017207,0.034335,1.554082,0.950196
2001-06-11,608.23,1.0,-0.022292,-0.021792,1.519438,0.929489
2001-06-12,607.15,1.0,-0.001776,-0.001776,1.51674,0.927839
2001-06-13,614.05,1.0,0.011365,0.011365,1.533977,0.938383
2001-06-14,613.75,1.0,-0.000489,-0.000489,1.533227,0.937925
2001-06-15,618.96,1.0,0.008489,0.008489,1.546243,0.945887
2001-06-18,608.78,0.5,-0.008684,-0.016447,1.532815,0.93033
2001-06-19,608.91,0.5,0.000146,0.000214,1.533039,0.930529
2001-06-20,595.72,0.5,-0.010792,-0.021662,1.516495,0.910372
2001-06-21,595.53,0.5,-0.00012,-0.000319,1.516313,0.910081
2001-06-22,599.08,0.5,0.00302,0.005961,1.520892,0.915507
2001-06-25,598.02,0.5,-0.000845,-0.001769,1.519606,0.913887
2001-06-26,588.71,0.5,-0.007745,-0.015568,1.507837,0.899659
2001-06-27,584.76,0.5,-0.003316,-0.00671,1.502838,0.893623
2001-06-28,583.27,0.5,-0.001235,-0.002548,1.500982,0.891346
2001-06-29,595.13,0.5,0.010206,0.020334,1.516301,0.90947
2001-07-02,596.74,0.5,0.001392,0.002705,1.518412,0.911931
2001-07-03,594.31,0.5,-0.001997,-0.004072,1.51538,0.908217
2001-07-04,597.25,0.5,0.002513,0.004947,1.519188,0.91271
2001-07-05,593.61,0.5,-0.003008,-0.006095,1.514618,0.907147
2001-07-06,578.54,0.5,-0.012654,-0.025387,1.495452,0.884118
2001-07-09,560.0,0.5,-0.015984,-0.032046,1.471549,0.855785
2001-07-10,558.6,0.5,-0.001211,-0.0025,1.469767,0.853645
2001-07-11,553.65,0.5,-0.004391,-0.008861,1.463313,0.846081
2001-07-12,559.95,0.5,0.005729,0.011379,1.471696,0.855709
2001-07-13,548.49,0.5,-0.010194,-0.020466,1.456694,0.838196
2001-07-16,548.93,0.0,-0.000421,0.000802,1.45608,0.838868
2001-07-18,540.53,0.0,7.9e-05,-0.015302,1.456194,0.826031
2001-07-19,545.74,0.0,7.9e-05,0.009639,1.456309,0.833993
2001-07-20,537.71,0.0,7.9e-05,-0.014714,1.456423,0.821722
2001-07-23,524.21,0.0,7.9e-05,-0.025106,1.456538,0.801091
2001-07-24,526.62,0.0,7.9e-05,0.004597,1.456652,0.804774
2001-07-25,526.08,0.0,7.9e-05,-0.001025,1.456766,0.803949
2001-07-26,529.22,0.0,7.9e-05,0.005969,1.456881,0.808747
2001-07-27,541.13,0.0,7.9e-05,0.022505,1.456995,0.826948
2001-07-30,533.53,0.0,7.9e-05,-0.014045,1.45711,0.815334
2001-07-31,541.55,0.0,7.9e-05,0.015032,1.457224,0.82759
2001-08-01,562.79,0.0,7.9e-05,0.039221,1.457339,0.860049
2001-08-02,567.46,0.0,7.9e-05,0.008298,1.457453,0.867185
2001-08-03,568.69,0.0,7.9e-05,0.002168,1.457568,0.869065
2001-08-06,569.37,0.0,7.9e-05,0.001196,1.457683,0.870104
2001-08-07,567.5,0.0,7.9e-05,-0.003284,1.457797,0.867246
2001-08-08,565.94,0.0,7.9e-05,-0.002749,1.457912,0.864862
2001-08-09,549.67,0.0,7.9e-05,-0.028749,1.458026,0.839999
2001-08-10,555.34,0.0,7.9e-05,0.010315,1.458141,0.848664
2001-08-13,562.0,0.0,7.9e-05,0.011993,1.458255,0.858841
2001-08-14,577.15,0.0,7.9e-05,0.026957,1.45837,0.881993
2001-08-16,580.95,0.0,7.9e-05,0.006584,1.458485,0.8878
2001-08-17,580.99,0.0,7.9e-05,6.9e-05,1.458599,0.887862
2001-08-20,567.09,0.0,7.9e-05,-0.023925,1.458714,0.86662
2001-08-21,568.68,0.0,7.9e-05,0.002804,1.458828,0.86905
2001-08-22,574.87,0.0,7.9e-05,0.010885,1.458943,0.878509
2001-08-23,570.07,0.0,7.9e-05,-0.00835,1.459058,0.871174
2001-08-24,569.31,0.0,7.9e-05,-0.001333,1.459172,0.870012
2001-08-27,578.74,0.5,0.007821,0.016564,1.470585,0.884423
2001-08-28,576.51,0.5,-0.001887,-0.003853,1.46781,0.881015
2001-08-29,565.63,0.5,-0.009397,-0.018872,1.454017,0.864389
2001-08-30,564.36,0.5,-0.001083,-0.002245,1.452442,0.862448
2001-08-31,545.11,0.5,-0.017015,-0.034109,1.427728,0.83303
2001-09-03,541.83,0.0,-0.000421,-0.006017,1.427126,0.828018
2001-09-04,558.79,0.0,7.9e-05,0.031301,1.427238,0.853936
2001-09-05,551.91,0.0,7.9e-05,-0.012312,1.42735,0.843422
2001-09-06,552.59,0.0,7.9e-05,0.001232,1.427463,0.844461
2001-09-07,555.08,0.0,7.9e-05,0.004506,1.427575,0.848266
2001-09-10,550.73,0.0,7.9e-05,-0.007837,1.427687,0.841619
2001-09-11,540.57,0.0,7.9e-05,-0.018448,1.427799,0.826092
2001-09-12,475.6,0.0,7.9e-05,-0.120188,1.427911,0.726806
2001-09-13,499.25,0.0,7.9e-05,0.049727,1.428024,0.762948
2001-09-14,482.29,0.0,7.9e-05,-0.033971,1.428136,0.73703
2001-09-17,468.76,0.0,7.9e-05,-0.028054,1.428248,0.716353
2001-09-18,484.93,0.0,7.9e-05,0.034495,1.42836,0.741064
2001-09-19,486.75,0.0,7.9e-05,0.003753,1.428472,0.743845
2001-09-20,480.27,0.0,7.9e-05,-0.013313,1.428585,0.733943
2001-09-21,472.31,0.0,7.9e-05,-0.016574,1.428697,0.721778
2001-09-24,482.19,0.0,7.9e-05,0.020918,1.428809,0.736877
2001-09-25,472.13,0.0,7.9e-05,-0.020863,1.428922,0.721503
2001-09-26,472.85,0.0,7.9e-05,0.001525,1.429034,0.722603
2001-09-27,472.38,0.0,7.9e-05,-0.000994,1.429146,0.721885
2001-09-28,479.68,0.0,7.9e-05,0.015454,1.429258,0.733041
2001-10-04,500.64,0.0,7.9e-05,0.043696,1.429371,0.765072
2001-10-05,501.92,0.0,7.9e-05,0.002557,1.429483,0.767028
2001-10-08,496.13,0.0,7.9e-05,-0.011536,1.429595,0.75818
2001-10-09,507.61,0.0,7.9e-05,0.023139,1.429708,0.775723
2001-10-10,503.46,0.0,7.9e-05,-0.008176,1.42982,0.769381
2001-10-11,517.05,0.0,7.9e-05,0.026993,1.429932,0.790149
2001-10-12,516.4,0.0,7.9e-05,-0.001257,1.430045,0.789156
2001-10-15,513.99,0.0,7.9e-05,-0.004667,1.430157,0.785473
2001-10-16,521.91,0.0,7.9e-05,0.015409,1.43027,0.797576
2001-10-17,528.29,0.0,7.9e-05,0.012224,1.430382,0.807326
2001-10-18,524.21,0.0,7.9e-05,-0.007723,1.430494,0.801091
2001-10-19,528.04,0.0,7.9e-05,0.007306,1.430607,0.806944
2001-10-23,530.5,0.5,0.001869,0.004659,1.43328,0.810703
2001-10-24,541.49,0.5,0.010397,0.020716,1.448183,0.827498
2001-10-25,542.19,0.5,0.000686,0.001293,1.449176,0.828568
2001-10-26,543.41,0.5,0.001164,0.00225,1.450863,0.830432
2001-10-29,547.87,0.5,0.004143,0.008207,1.456874,0.837248
2001-10-30,533.87,0.5,-0.012737,-0.025554,1.438317,0.815853
2001-10-31,537.81,0.5,0.003729,0.00738,1.443681,0.821874
2001-11-01,544.09,0.5,0.005878,0.011677,1.452167,0.831471
2001-11-02,550.57,0.5,0.005994,0.01191,1.460871,0.841374
2001-11-05,561.62,0.5,0.010074,0.02007,1.475588,0.858261
2001-11-06,565.47,0.5,0.003467,0.006855,1.480704,0.864144
2001-11-07,562.03,0.5,-0.003002,-0.006083,1.476258,0.858887
2001-11-08,573.04,0.5,0.009834,0.01959,1.490776,0.875713
2001-11-09,576.75,0.5,0.003276,0.006474,1.495661,0.881382
2001-11-12,584.48,0.5,0.006741,0.013403,1.505742,0.893195
2001-11-13,588.83,0.5,0.003761,0.007443,1.511405,0.899843
2001-11-14,606.68,0.5,0.015196,0.030314,1.534373,0.927121
2001-11-15,606.44,0.5,-0.000159,-0.000396,1.53413,0.926754
2001-11-16,610.88,0.5,0.0037,0.007321,1.539806,0.933539
2001-11-19,626.43,1.0,0.024955,0.025455,1.578232,0.957302
2001-11-20,616.33,1.0,-0.016123,-0.016123,1.552786,0.941868
2001-11-21,615.45,1.0,-0.001428,-0.001428,1.550569,0.940523
2001-11-22,624.56,1.0,0.014802,0.014802,1.57352,0.954445
2001-11-23,645.18,1.0,0.033015,0.033015,1.625471,0.985956
2001-11-26,674.56,1.0,0.045538,0.045538,1.699491,1.030854
2001-11-27,670.1,1.0,-0.006612,-0.006612,1.688254,1.024038
2001-11-28,632.02,1.0,-0.056827,-0.056827,1.592315,0.965845
2001-11-29,628.86,1.0,-0.005,-0.005,1.584354,0.961016
2001-11-30,643.89,1.0,0.0239,0.0239,1.622221,0.983985
2001-12-03,650.66,1.0,0.010514,0.010514,1.639277,0.99433
2001-12-04,649.9,1.0,-0.001168,-0.001168,1.637362,0.993169
2001-12-05,688.31,1.0,0.059101,0.059101,1.734133,1.051867
2001-12-06,686.61,1.0,-0.00247,-0.00247,1.72985,1.049269
2001-12-07,704.5,1.0,0.026056,0.026056,1.774922,1.076608
2001-12-10,668.77,1.0,-0.050717,-0.050717,1.684903,1.022006
2001-12-11,670.08,1.0,0.001959,0.001959,1.688204,1.024008
2001-12-12,681.43,1.0,0.016938,0.016938,1.716799,1.041353
2001-12-13,676.59,1.0,-0.007103,-0.007103,1.704605,1.033956
2001-12-14,665.2,1.0,-0.016834,-0.016834,1.675909,1.01655
2001-12-17,648.28,1.0,-0.025436,-0.025436,1.633281,0.990693
2001-12-18,643.76,1.0,-0.006972,-0.006972,1.621893,0.983786
2001-12-19,647.05,1.0,0.005111,0.005111,1.630182,0.988814
2001-12-20,664.51,1.0,0.026984,0.026984,1.674171,1.015496
2001-12-21,644.71,1.0,-0.029796,-0.029796,1.624287,0.985238
2001-12-24,646.49,1.0,0.002761,0.002761,1.628771,0.987958
2001-12-26,653.87,1.0,0.011415,0.011415,1.647364,0.999236
2001-12-27,668.55,1.0,0.022451,0.022451,1.684349,1.02167
2001-12-28,693.7,1.0,0.037619,0.037619,1.747712,1.060104
2002-01-02,724.95,1.0,0.045048,0.045048,1.826444,1.107859
2002-01-03,727.66,1.0,0.003738,0.003738,1.833271,1.112001
2002-01-04,747.72,1.0,0.027568,0.027568,1.883811,1.142656
2002-01-07,751.48,1.0,0.005029,0.005029,1.893284,1.148402
2002-01-08,734.76,1.0,-0.022249,-0.022249,1.851159,1.122851
2002-01-09,751.61,1.0,0.022933,0.022933,1.893611,1.148601
2002-01-10,728.23,1.0,-0.031107,-0.031107,1.834707,1.112872
2002-01-11,727.36,1.0,-0.001195,-0.001195,1.832515,1.111542
2002-01-14,744.03,1.0,0.022918,0.022918,1.874514,1.137017
2002-01-15,718.64,1.0,-0.034125,-0.034125,1.810546,1.098217
2002-01-16,710.95,1.0,-0.010701,-0.010701,1.791172,1.086465
2002-01-17,713.5,1.0,0.003587,0.003587,1.797596,1.090362
2002-01-18,708.47,1.0,-0.00705,-0.00705,1.784924,1.082675
2002-01-21,717.35,1.0,0.012534,0.012534,1.807296,1.096245
2002-01-22,724.36,1.0,0.009772,0.009772,1.824957,1.106958
2002-01-23,742.62,1.0,0.025208,0.025208,1.870962,1.134863
2002-01-24,757.71,1.0,0.02032,0.02032,1.908979,1.157923
2002-01-25,774.68,1.0,0.022396,0.022396,1.951734,1.183856
2002-01-28,780.24,1.0,0.007177,0.007177,1.965742,1.192353
2002-01-29,774.03,1.0,-0.007959,-0.007959,1.950096,1.182863
2002-01-30,749.45,1.0,-0.031756,-0.031756,1.888169,1.1453
2002-01-31,748.07,1.0,-0.001841,-0.001841,1.884692,1.143191
2002-02-04,730.21,1.0,-0.023875,-0.023875,1.839696,1.115898
2002-02-05,739.91,1.0,0.013284,0.013284,1.864134,1.130721
2002-02-06,741.55,1.0,0.002216,0.002216,1.868266,1.133227
2002-02-07,727.71,1.0,-0.018664,-0.018664,1.833397,1.112077
2002-02-08,739.66,1.0,0.016421,0.016421,1.863504,1.130339
2002-02-14,796.18,0.5,0.037746,0.076413,1.933844,1.216712
2002-02-15,783.59,0.5,-0.007867,-0.015813,1.91863,1.197472
2002-02-18,790.37,1.0,0.008152,0.008652,1.934272,1.207833
2002-02-19,782.27,1.0,-0.010248,-0.010248,1.914449,1.195455
2002-02-20,776.89,1.0,-0.006877,-0.006877,1.901282,1.187234
2002-02-21,787.62,1.0,0.013811,0.013811,1.927542,1.203631
2002-02-22,792.0,1.0,0.005561,0.005561,1.938261,1.210324
2002-02-25,791.48,0.5,-0.000789,-0.000657,1.936732,1.20953
2002-02-26,801.14,0.5,0.006142,0.012205,1.948627,1.224292
2002-02-27,822.11,0.5,0.013127,0.026175,1.974206,1.256338
2002-02-28,819.99,0.5,-0.00125,-0.002579,1.971738,1.253098
2002-03-04,834.21,1.0,0.016842,0.017342,2.004945,1.274829
2002-03-05,841.95,1.0,0.009278,0.009278,2.023548,1.286657
2002-03-06,843.06,1.0,0.001318,0.001318,2.026216,1.288354
2002-03-07,829.44,1.0,-0.016155,-0.016155,1.993481,1.26754
2002-03-08,825.27,1.0,-0.005027,-0.005027,1.983459,1.261167
2002-03-11,827.02,1.0,0.002121,0.002121,1.987665,1.263842
2002-03-12,846.03,1.0,0.022986,0.022986,2.033354,1.292892
2002-03-13,849.13,1.0,0.003664,0.003664,2.040804,1.29763
2002-03-14,856.86,1.0,0.009103,0.009103,2.059383,1.309443
2002-03-15,860.36,1.0,0.004085,0.004085,2.067794,1.314791
2002-03-18,869.71,1.0,0.010868,0.010868,2.090266,1.32908
2002-03-19,889.98,1.0,0.023307,0.023307,2.138983,1.360056
2002-03-20,887.48,1.0,-0.002809,-0.002809,2.132975,1.356236
2002-03-21,885.64,1.0,-0.002073,-0.002073,2.128553,1.353424
2002-03-22,895.98,1.0,0.011675,0.011675,2.153404,1.369225
2002-03-25,879.41,1.0,-0.018494,-0.018494,2.113579,1.343903
2002-03-26,881.03,1.0,0.001842,0.001842,2.117473,1.346379
2002-03-27,902.46,1.0,0.024324,0.024324,2.168978,1.379128
2002-03-28,892.67,1.0,-0.010848,-0.010848,2.145449,1.364167
2002-03-29,895.58,1.0,0.00326,0.00326,2.152442,1.368614
2002-04-01,875.83,1.0,-0.022053,-0.022053,2.104975,1.338432
2002-04-02,905.34,1.0,0.033694,0.033694,2.1759,1.383529
2002-04-03,918.59,1.0,0.014635,0.014635,2.207745,1.403778
2002-04-04,918.01,1.0,-0.000631,-0.000631,2.206351,1.402891
2002-04-08,900.69,1.0,-0.018867,-0.018867,2.164724,1.376423
2002-04-09,888.67,1.0,-0.013345,-0.013345,2.135835,1.358054
2002-04-10,856.03,1.0,-0.036729,-0.036729,2.057388,1.308174
2002-04-11,862.86,1.0,0.007979,0.007979,2.073803,1.318612
2002-04-12,875.69,1.0,0.014869,0.014869,2.104639,1.338218
2002-04-15,894.28,1.0,0.021229,0.021229,2.149318,1.366627
2002-04-16,901.29,1.0,0.007839,0.007839,2.166166,1.37734
2002-04-17,930.51,1.0,0.03242,0.03242,2.236393,1.421994
2002-04-18,937.61,1.0,0.00763,0.00763,2.253458,1.432844
2002-04-19,923.94,1.0,-0.01458,-0.01458,2.220603,1.411953
2002-04-22,920.89,1.0,-0.003301,-0.003301,2.213273,1.407293
2002-04-23,925.7,1.0,0.005223,0.005223,2.224833,1.414643
2002-04-24,915.69,1.0,-0.010813,-0.010813,2.200775,1.399346
2002-04-25,872.58,1.0,-0.047079,-0.047079,2.097164,1.333466
2002-04-26,869.65,1.0,-0.003358,-0.003358,2.090122,1.328988
2002-04-29,838.51,1.0,-0.035808,-0.035808,2.01528,1.2814
2002-04-30,842.34,1.0,0.004568,0.004568,2.024485,1.287253
2002-05-02,859.86,1.0,0.020799,0.020799,2.066593,1.314027
2002-05-03,856.72,1.0,-0.003652,-0.003652,2.059046,1.309229
2002-05-06,826.87,1.0,-0.034842,-0.034842,1.987304,1.263612
2002-05-07,826.34,1.0,-0.000641,-0.000641,1.986031,1.262802
2002-05-08,844.67,1.0,0.022182,0.022182,2.030085,1.290814
2002-05-09,838.67,1.0,-0.007103,-0.007103,2.015665,1.281645
2002-05-10,817.93,1.0,-0.02473,-0.02473,1.965818,1.24995
2002-05-13,821.89,1.0,0.004841,0.004841,1.975335,1.256002
2002-05-14,837.37,1.0,0.018835,0.018835,2.01254,1.279658
2002-05-15,862.62,1.0,0.030154,0.030154,2.073226,1.318245
2002-05-16,858.04,1.0,-0.005309,-0.005309,2.062219,1.311246
2002-05-17,875.03,1.0,0.019801,0.019801,2.103052,1.33721
2002-05-20,865.78,1.0,-0.010571,-0.010571,2.080821,1.323074
2002-05-21,837.56,1.0,-0.032595,-0.032595,2.012997,1.279949
2002-05-22,863.06,1.0,0.030446,0.030446,2.074284,1.318917
2002-05-23,845.51,1.0,-0.020335,-0.020335,2.032104,1.292098
2002-05-24,854.57,1.0,0.010715,0.010715,2.053879,1.305943
2002-05-27,840.57,1.0,-0.016383,-0.016383,2.020231,1.284548
2002-05-28,848.8,1.0,0.009791,0.009791,2.040011,1.297125
2002-05-29,835.19,1.0,-0.016034,-0.016034,2.007301,1.276327
2002-05-30,815.61,1.0,-0.023444,-0.023444,1.960242,1.246405
2002-05-31,796.4,1.0,-0.023553,-0.023553,1.914073,1.217048
2002-06-03,804.93,0.5,0.004895,0.010711,1.923441,1.230084
2002-06-04,806.33,0.5,0.000909,0.001739,1.92519,1.232223
2002-06-05,809.59,0.5,0.002061,0.004043,1.929157,1.237205
2002-06-07,795.16,0.5,-0.008873,-0.017824,1.91204,1.215154
2002-06-10,811.9,0.5,0.010565,0.021052,1.932242,1.240735
2002-06-11,815.33,0.5,0.002152,0.004225,1.936399,1.245977
2002-06-12,823.06,0.5,0.00478,0.009481,1.945655,1.25779
2002-06-14,822.01,0.5,-0.000599,-0.001276,1.94449,1.256185
2002-06-17,809.16,0.5,-0.007777,-0.015632,1.929368,1.236548
2002-06-18,809.4,0.5,0.000188,0.000297,1.92973,1.236915
2002-06-19,776.37,0.5,-0.020365,-0.040808,1.890432,1.186439
2002-06-20,776.81,0.5,0.000323,0.000567,1.891042,1.187111
2002-06-21,778.53,0.5,0.001146,0.002214,1.893209,1.18974
2002-06-24,767.92,0.5,-0.006775,-0.013628,1.880383,1.173526
2002-06-25,755.92,0.5,-0.007774,-0.015627,1.865765,1.155187
2002-06-26,701.87,0.5,-0.035712,-0.071502,1.799135,1.072589
2002-06-27,710.43,0.5,0.006137,0.012196,1.810177,1.08567
2002-06-28,742.72,0.5,0.022765,0.045451,1.851386,1.135015
2002-07-02,746.23,0.5,0.002402,0.004726,1.855833,1.140379
2002-07-03,753.36,0.5,0.004817,0.009555,1.864772,1.151275
2002-07-04,768.74,0.5,0.010247,0.020415,1.88388,1.174779
2002-07-05,787.83,0.5,0.012456,0.024833,1.907345,1.203952
2002-07-08,783.35,0.5,-0.002804,-0.005687,1.901997,1.197106
2002-07-09,801.99,0.5,0.011937,0.023795,1.924701,1.225591
2002-07-10,794.71,0.5,-0.004499,-0.009077,1.916041,1.214466
2002-07-11,764.88,0.5,-0.018729,-0.037536,1.880156,1.16888
2002-07-12,792.93,0.5,0.018376,0.036672,1.914705,1.211746
2002-07-15,783.52,0.5,-0.005894,-0.011867,1.903419,1.197365
2002-07-16,771.45,0.5,-0.007663,-0.015405,1.888833,1.17892
2002-07-18,773.85,0.5,0.001595,0.003111,1.891845,1.182588
2002-07-19,754.62,0.5,-0.012386,-0.02485,1.868414,1.153201
2002-07-22,720.9,0.5,-0.022303,-0.044685,1.826742,1.10167
2002-07-23,743.52,0.5,0.015728,0.031377,1.855473,1.136238
2002-07-24,721.41,0.5,-0.014829,-0.029737,1.827958,1.10245
2002-07-25,723.52,0.5,0.001502,0.002925,1.830703,1.105674
2002-07-26,697.84,0.5,-0.017707,-0.035493,1.798286,1.06643
2002-07-29,700.35,0.0,-0.000421,0.003597,1.797529,1.070266
2002-07-30,724.08,0.0,7.9e-05,0.033883,1.79767,1.10653
2002-07-31,717.99,0.0,7.9e-05,-0.008411,1.797811,1.097223
2002-08-01,707.8,0.0,7.9e-05,-0.014192,1.797952,1.081651
2002-08-02,700.68,0.0,7.9e-05,-0.010059,1.798094,1.07077
2002-08-05,675.76,0.0,7.9e-05,-0.035565,1.798235,1.032688
2002-08-06,673.78,0.0,7.9e-05,-0.00293,1.798376,1.029662
2002-08-07,679.37,0.0,7.9e-05,0.008296,1.798518,1.038205
2002-08-08,684.49,0.0,7.9e-05,0.007536,1.798659,1.046029
2002-08-09,692.45,0.0,7.9e-05,0.011629,1.7988,1.058193
2002-08-12,695.39,0.0,7.9e-05,0.004246,1.798942,1.062686
2002-08-13,708.63,0.0,7.9e-05,0.01904,1.799083,1.082919
2002-08-14,711.24,0.0,7.9e-05,0.003683,1.799224,1.086908
2002-08-16,718.29,0.0,7.9e-05,0.009912,1.799366,1.097682
2002-08-19,717.58,0.5,-0.000955,-0.000988,1.797648,1.096597
2002-08-20,736.7,0.5,0.013362,0.026645,1.821667,1.125816
2002-08-21,745.12,0.5,0.005754,0.011429,1.832149,1.138683
2002-08-22,745.75,0.5,0.000462,0.000846,1.832996,1.139646
2002-08-23,740.51,0.5,-0.003474,-0.007026,1.826628,1.131638
2002-08-26,734.79,0.5,-0.003823,-0.007724,1.819645,1.122897
2002-08-27,724.17,0.5,-0.007187,-0.014453,1.806567,1.106667
2002-08-28,724.05,0.5,-4.4e-05,-0.000166,1.806488,1.106484
2002-08-29,724.94,0.5,0.000654,0.001229,1.807669,1.107844
2002-08-30,736.4,0.5,0.007943,0.015808,1.822028,1.125357
2002-09-02,751.98,0.5,0.010618,0.021157,1.841374,1.149166
2002-09-03,740.59,0.5,-0.007534,-0.015147,1.827501,1.13176
2002-09-04,723.05,0.5,-0.011803,-0.023684,1.805932,1.104956
2002-09-05,720.98,0.5,-0.001392,-0.002863,1.803418,1.101793
2002-09-06,708.73,0.5,-0.008456,-0.016991,1.788168,1.083072
2002-09-09,697.89,0.5,-0.007608,-0.015295,1.774563,1.066507
2002-09-10,713.3,0.5,0.01108,0.022081,1.794225,1.090056
2002-09-11,724.71,0.5,0.008037,0.015996,1.808646,1.107493
2002-09-12,739.22,0.5,0.01005,0.020022,1.826823,1.129667
2002-09-13,718.17,0.5,-0.014199,-0.028476,1.800884,1.097498
2002-09-16,704.38,0.5,-0.009561,-0.019202,1.783665,1.076425
2002-09-17,726.8,0.5,0.015954,0.031829,1.812122,1.110687
2002-09-18,703.87,0.5,-0.015735,-0.031549,1.783608,1.075645
2002-09-19,704.12,0.5,0.000217,0.000355,1.783994,1.076027
2002-09-23,679.43,0.0,-0.000421,-0.035065,1.783243,1.038296
2002-09-24,672.28,0.0,7.9e-05,-0.010524,1.783383,1.02737
2002-09-25,657.96,0.0,7.9e-05,-0.021301,1.783523,1.005486
2002-09-26,662.41,0.0,7.9e-05,0.006763,1.783663,1.012287
2002-09-27,663.72,0.0,7.9e-05,0.001978,1.783803,1.014289
2002-09-30,646.42,0.0,7.9e-05,-0.026065,1.783943,0.987851
2002-10-01,652.13,0.0,7.9e-05,0.008833,1.784084,0.996577
2002-10-02,648.1,0.0,7.9e-05,-0.00618,1.784224,0.990418
2002-10-04,650.92,0.0,7.9e-05,0.004351,1.784364,0.994728
2002-10-07,627.4,0.0,7.9e-05,-0.036133,1.784504,0.958785
2002-10-08,634.84,0.0,7.9e-05,0.011858,1.784644,0.970154
2002-10-09,619.94,0.0,7.9e-05,-0.02347,1.784785,0.947385
2002-10-10,584.04,0.0,7.9e-05,-0.057909,1.784925,0.892523
2002-10-11,587.51,0.0,7.9e-05,0.005941,1.785065,0.897825
2002-10-14,614.27,0.0,7.9e-05,0.045548,1.785205,0.93872
2002-10-15,629.57,0.0,7.9e-05,0.024908,1.785346,0.962101
2002-10-16,636.25,0.0,7.9e-05,0.01061,1.785486,0.972309
2002-10-17,644.66,0.0,7.9e-05,0.013218,1.785626,0.985161
2002-10-18,670.79,0.0,7.9e-05,0.040533,1.785767,1.025093
2002-10-21,652.67,0.0,7.9e-05,-0.027013,1.785907,0.997402
2002-10-22,639.27,0.0,7.9e-05,-0.020531,1.786047,0.976924
2002-10-23,657.43,0.0,7.9e-05,0.028407,1.786188,1.004676
2002-10-24,654.98,0.0,7.9e-05,-0.003727,1.786328,1.000932
2002-10-25,655.88,0.0,7.9e-05,0.001374,1.786468,1.002308
2002-10-28,678.14,0.0,7.9e-05,0.033939,1.786609,1.036325
2002-10-29,673.18,0.0,7.9e-05,-0.007314,1.786749,1.028745
2002-10-30,658.03,0.0,7.9e-05,-0.022505,1.78689,1.005593
2002-10-31,658.92,0.0,7.9e-05,0.001353,1.78703,1.006953
2002-11-01,647.65,0.0,7.9e-05,-0.017104,1.787171,0.989731
2002-11-04,672.68,0.5,0.018863,0.038647,1.820882,1.027981
2002-11-05,664.9,0.5,-0.005744,-0.011566,1.810424,1.016092
2002-11-06,682.56,0.5,0.013319,0.02656,1.834538,1.04308
2002-11-07,681.27,0.5,-0.000906,-0.00189,1.832876,1.041108
2002-11-08,674.85,0.5,-0.004672,-0.009424,1.824312,1.031297
2002-11-11,657.78,0.5,-0.012608,-0.025295,1.801311,1.005211
2002-11-12,654.43,0.5,-0.002507,-0.005093,1.796795,1.000092
2002-11-13,653.85,0.5,-0.000404,-0.000886,1.796069,0.999205
2002-11-14,652.15,0.5,-0.001261,-0.0026,1.793805,0.996607
2002-11-15,672.95,0.5,0.015987,0.031895,1.822482,1.028394
2002-11-18,667.13,0.5,-0.004285,-0.008648,1.814672,1.0195
2002-11-19,671.44,0.5,0.00327,0.006461,1.820606,1.026086
2002-11-20,682.0,0.5,0.007903,0.015727,1.834994,1.042224
2002-11-21,690.38,0.5,0.006183,0.012287,1.84634,1.05503
2002-11-22,692.87,0.5,0.001843,0.003607,1.849742,1.058835
2002-11-25,705.86,0.5,0.009413,0.018748,1.867154,1.078686
2002-11-26,702.27,0.5,-0.002504,-0.005086,1.862479,1.0732
2002-11-27,708.07,0.5,0.004169,0.008259,1.870243,1.082064
2002-11-28,714.54,0.5,0.004608,0.009138,1.878862,1.091951
2002-11-29,724.8,0.5,0.007219,0.014359,1.892425,1.10763
2002-12-02,730.16,0.5,0.003737,0.007395,1.899496,1.115821
2002-12-03,736.57,0.5,0.004429,0.008779,1.907909,1.125617
2002-12-04,714.5,0.5,-0.014942,-0.029963,1.8794,1.09189
2002-12-05,722.76,0.5,0.00582,0.011561,1.890337,1.104513
2002-12-06,718.09,0.5,-0.003191,-0.006461,1.884305,1.097376
2002-12-09,709.11,0.5,-0.006213,-0.012505,1.872597,1.083653
2002-12-10,702.44,0.5,-0.004664,-0.009406,1.863863,1.07346
2002-12-11,698.61,0.5,-0.002687,-0.005452,1.858855,1.067607
2002-12-12,715.38,0.5,0.012042,0.024005,1.881239,1.093235
2002-12-13,708.13,0.5,-0.005028,-0.010134,1.87178,1.082155
2002-12-16,692.42,0.5,-0.011053,-0.022185,1.851091,1.058148
2002-12-17,704.49,0.5,0.008755,0.017432,1.867297,1.076593
2002-12-18,709.22,0.5,0.003396,0.006714,1.873639,1.083821
2002-12-20,709.44,0.5,0.000194,0.00031,1.874004,1.084157
2002-12-23,691.38,1.0,-0.025957,-0.025457,1.825361,1.056558
2002-12-24,677.82,1.0,-0.019613,-0.019613,1.78956,1.035836
2002-12-26,671.89,1.0,-0.008749,-0.008749,1.773904,1.026774
2002-12-27,656.92,1.0,-0.02228,-0.02228,1.73438,1.003897
2002-12-30,627.55,0.5,-0.022815,-0.044709,1.69481,0.959014
2003-01-02,635.17,0.5,0.006111,0.012142,1.705167,0.970659
2003-01-03,661.1,0.5,0.020451,0.040824,1.740039,1.010285
2003-01-06,666.71,0.5,0.004282,0.008486,1.74749,1.018858
2003-01-07,652.2,0.5,-0.010843,-0.021764,1.728543,0.996684
2003-01-08,651.72,0.5,-0.000329,-0.000736,1.727975,0.99595
2003-01-09,630.4,0.5,-0.016317,-0.032713,1.699779,0.963369
2003-01-10,628.36,0.5,-0.001579,-0.003236,1.697096,0.960252
2003-01-13,648.06,0.5,0.015715,0.031351,1.723765,0.990357
2003-01-14,650.05,0.5,0.001575,0.003071,1.72648,0.993398
2003-01-15,648.29,0.5,-0.001314,-0.002707,1.72421,0.990709
2003-01-16,648.69,0.5,0.000348,0.000617,1.72481,0.99132
2003-01-17,636.46,0.5,-0.009387,-0.018853,1.708619,0.97263
2003-01-20,634.5,0.0,-0.000421,-0.00308,1.707899,0.969635
2003-01-21,632.86,0.0,7.9e-05,-0.002585,1.708033,0.967129
2003-01-22,622.49,0.0,7.9e-05,-0.016386,1.708167,0.951281
2003-01-23,625.18,0.0,7.9e-05,0.004321,1.708301,0.955392
2003-01-24,609.43,0.0,7.9e-05,-0.025193,1.708435,0.931323
2003-01-27,593.09,0.0,7.9e-05,-0.026812,1.70857,0.906353
2003-01-28,600.56,0.0,7.9e-05,0.012595,1.708704,0.917768
2003-01-29,583.35,0.0,7.9e-05,-0.028657,1.708838,0.891468
2003-01-30,591.86,0.0,7.9e-05,0.014588,1.708973,0.904473
2003-02-03,600.41,0.0,7.9e-05,0.014446,1.709107,0.917539
2003-02-04,603.78,0.0,7.9e-05,0.005613,1.709241,0.922689
2003-02-05,600.68,0.0,7.9e-05,-0.005134,1.709375,0.917952
2003-02-06,589.5,0.0,7.9e-05,-0.018612,1.70951,0.900866
2003-02-07,577.48,0.0,7.9e-05,-0.02039,1.709644,0.882498
2003-02-10,577.25,0.0,7.9e-05,-0.000398,1.709779,0.882146
2003-02-11,575.98,0.0,7.9e-05,-0.0022,1.709913,0.880205
2003-02-12,583.29,0.0,7.9e-05,0.012691,1.710047,0.891376
2003-02-13,575.67,0.0,7.9e-05,-0.013064,1.710182,0.879732
2003-02-14,575.24,0.0,7.9e-05,-0.000747,1.710316,0.879075
2003-02-17,601.87,0.0,7.9e-05,0.046294,1.71045,0.91977
2003-02-18,603.45,0.0,7.9e-05,0.002625,1.710585,0.922185
2003-02-19,600.83,0.0,7.9e-05,-0.004342,1.710719,0.918181
2003-02-20,605.51,0.0,7.9e-05,0.007789,1.710854,0.925333
2003-02-21,603.6,0.0,7.9e-05,-0.003154,1.710988,0.922414
2003-02-24,616.29,0.0,7.9e-05,0.021024,1.711123,0.941807
2003-02-25,592.25,0.0,7.9e-05,-0.039008,1.711257,0.905069
2003-02-26,590.26,0.0,7.9e-05,-0.00336,1.711392,0.902028
2003-02-27,582.46,0.0,7.9e-05,-0.013215,1.711526,0.890108
2003-02-28,575.43,0.0,7.9e-05,-0.012069,1.711661,0.879365
2003-03-03,590.04,0.0,7.9e-05,0.02539,1.711795,0.901692
2003-03-04,576.58,0.0,7.9e-05,-0.022812,1.71193,0.881122
2003-03-05,560.26,0.0,7.9e-05,-0.028305,1.712064,0.856182
2003-03-06,555.33,0.0,7.9e-05,-0.008799,1.712199,0.848648
2003-03-07,546.02,0.0,7.9e-05,-0.016765,1.712333,0.834421
2003-03-10,544.24,0.0,7.9e-05,-0.00326,1.712468,0.831701
2003-03-11,532.53,0.0,7.9e-05,-0.021516,1.712602,0.813806
2003-03-12,531.81,0.0,7.9e-05,-0.001352,1.712737,0.812705
2003-03-13,531.78,0.0,7.9e-05,-5.6e-05,1.712872,0.81266
2003-03-14,537.65,0.0,7.9e-05,0.011038,1.713006,0.82163
2003-03-17,515.24,0.0,7.9e-05,-0.041681,1.713141,0.787383
2003-03-18,537.31,0.0,7.9e-05,0.042834,1.713275,0.82111
2003-03-19,541.78,0.0,7.9e-05,0.008319,1.71341,0.827941
2003-03-20,568.46,0.0,7.9e-05,0.049245,1.713545,0.868713
2003-03-21,575.77,0.0,7.9e-05,0.012859,1.713679,0.879884
2003-03-24,569.85,0.0,7.9e-05,-0.010282,1.713814,0.870838
2003-03-25,554.98,0.0,7.9e-05,-0.026095,1.713949,0.848113
2003-03-26,554.79,0.0,7.9e-05,-0.000342,1.714083,0.847823
2003-03-27,549.26,0.0,7.9e-05,-0.009968,1.714218,0.839372
2003-03-28,556.33,0.0,7.9e-05,0.012872,1.714353,0.850177
2003-03-31,535.7,0.0,7.9e-05,-0.037082,1.714487,0.81865
2003-04-01,538.56,0.0,7.9e-05,0.005339,1.714622,0.823021
2003-04-02,542.92,0.0,7.9e-05,0.008096,1.714757,0.829684
2003-04-03,545.24,0.0,7.9e-05,0.004273,1.714892,0.833229
2003-04-04,558.01,0.0,7.9e-05,0.023421,1.715026,0.852744
2003-04-07,585.9,0.0,7.9e-05,0.049981,1.715161,0.895365
2003-04-08,587.32,0.0,7.9e-05,0.002424,1.715296,0.897535
2003-04-09,569.47,0.0,7.9e-05,-0.030392,1.715431,0.870257
2003-04-10,577.73,0.0,7.9e-05,0.014505,1.715566,0.88288
2003-04-11,582.97,0.0,7.9e-05,0.00907,1.7157,0.890887
2003-04-14,594.4,0.0,7.9e-05,0.019606,1.715835,0.908355
2003-04-15,604.99,0.0,7.9e-05,0.017816,1.71597,0.924538
2003-04-16,621.34,0.0,7.9e-05,0.027025,1.716105,0.949524
2003-04-17,612.72,0.0,7.9e-05,-0.013873,1.71624,0.936351
2003-04-18,624.77,0.0,7.9e-05,0.019666,1.716375,0.954766
2003-04-21,620.83,0.5,-0.003614,-0.006306,1.710172,0.948745
2003-04-22,603.32,0.5,-0.014063,-0.028204,1.686122,0.921986
2003-04-23,598.09,0.5,-0.004295,-0.008669,1.67888,0.913994
2003-04-24,588.35,0.5,-0.008103,-0.016285,1.665276,0.899109
2003-04-25,566.63,0.5,-0.018419,-0.036917,1.634603,0.865917
2003-04-28,569.02,0.5,0.002148,0.004218,1.638114,0.869569
2003-04-29,597.36,0.5,0.024942,0.049805,1.678972,0.912878
2003-04-30,599.35,0.5,0.001705,0.003331,1.681834,0.915919
2003-05-02,597.44,0.5,-0.001554,-0.003187,1.679221,0.913
2003-05-06,604.33,1.0,0.011033,0.011533,1.697747,0.92353
2003-05-07,618.08,1.0,0.022752,0.022752,1.736375,0.944542
2003-05-09,619.11,1.0,0.001666,0.001666,1.739268,0.946116
2003-05-12,631.04,1.0,0.01927,0.01927,1.772783,0.964347
2003-05-13,614.07,1.0,-0.026892,-0.026892,1.725109,0.938414
2003-05-14,609.97,1.0,-0.006677,-0.006677,1.713591,0.932148
2003-05-15,619.35,1.0,0.015378,0.015378,1.739942,0.946483
2003-05-16,610.81,1.0,-0.013789,-0.013789,1.715951,0.933432
2003-05-19,596.36,0.5,-0.012289,-0.023657,1.694863,0.91135
2003-05-20,602.08,0.5,0.004835,0.009592,1.703058,0.920091
2003-05-21,600.57,0.5,-0.001215,-0.002508,1.700989,0.917784
2003-05-22,595.38,0.5,-0.004282,-0.008642,1.693706,0.909852
2003-05-23,611.51,0.5,0.013585,0.027092,1.716716,0.934502
2003-05-26,617.65,0.5,0.00506,0.010041,1.725402,0.943885
2003-05-27,614.3,0.5,-0.002673,-0.005424,1.72079,0.938766
2003-05-28,628.36,0.5,0.011483,0.022888,1.740551,0.960252
2003-05-29,632.43,0.5,0.003278,0.006477,1.746256,0.966472
2003-05-30,633.42,0.5,0.000822,0.001565,1.747691,0.967984
2003-06-02,648.71,1.0,0.023639,0.024139,1.789005,0.99135
2003-06-03,636.94,1.0,-0.018144,-0.018144,1.756546,0.973364
2003-06-04,640.27,1.0,0.005228,0.005228,1.765729,0.978453
2003-06-05,642.38,1.0,0.003295,0.003295,1.771548,0.981677
2003-06-09,650.35,1.0,0.012407,0.012407,1.793527,0.993857
2003-06-10,649.75,1.0,-0.000923,-0.000923,1.791873,0.99294
2003-06-11,651.29,1.0,0.00237,0.00237,1.79612,0.995293
2003-06-12,657.95,1.0,0.010226,0.010226,1.814487,1.005471
2003-06-13,665.24,1.0,0.01108,0.01108,1.834591,1.016611
2003-06-16,657.82,1.0,-0.011154,-0.011154,1.814128,1.005272
2003-06-17,674.66,1.0,0.0256,0.0256,1.860569,1.031007
2003-06-18,675.75,1.0,0.001616,0.001616,1.863575,1.032673
2003-06-19,690.49,1.0,0.021813,0.021813,1.904225,1.055198
2003-06-20,686.22,1.0,-0.006184,-0.006184,1.892449,1.048673
2003-06-23,674.59,1.0,-0.016948,-0.016948,1.860376,1.0309
2003-06-24,664.01,1.0,-0.015684,-0.015684,1.831199,1.014732
2003-06-25,674.03,1.0,0.01509,0.01509,1.858832,1.030044
2003-06-26,675.75,1.0,0.002552,0.002552,1.863575,1.032673
2003-06-27,677.28,1.0,0.002264,0.002264,1.867795,1.035011
2003-06-30,669.93,1.0,-0.010852,-0.010852,1.847525,1.023779
2003-07-01,674.75,1.0,0.007195,0.007195,1.860818,1.031144
2003-07-02,685.8,1.0,0.016376,0.016376,1.891291,1.048031
2003-07-03,686.83,1.0,0.001502,0.001502,1.894132,1.049605
2003-07-04,693.25,1.0,0.009347,0.009347,1.911837,1.059416
2003-07-07,704.29,1.0,0.015925,0.015925,1.942283,1.076287
2003-07-08,708.34,1.0,0.00575,0.00575,1.953452,1.082476
2003-07-09,705.5,1.0,-0.004009,-0.004009,1.945619,1.078136
2003-07-10,700.51,1.0,-0.007073,-0.007073,1.931858,1.070511
2003-07-11,704.15,1.0,0.005196,0.005196,1.941896,1.076073
2003-07-14,720.1,1.0,0.022651,0.022651,1.985883,1.100448
2003-07-15,713.45,1.0,-0.009235,-0.009235,1.967544,1.090285
2003-07-16,716.48,1.0,0.004247,0.004247,1.9759,1.094916
2003-07-18,699.35,1.0,-0.023909,-0.023909,1.928659,1.068738
2003-07-21,693.5,1.0,-0.008365,-0.008365,1.912526,1.059798
2003-07-22,699.7,1.0,0.00894,0.00894,1.929624,1.069273
2003-07-23,695.74,1.0,-0.00566,-0.00566,1.918703,1.063221
2003-07-24,702.94,1.0,0.010349,0.010349,1.93856,1.074224
2003-07-25,705.09,1.0,0.003059,0.003059,1.944489,1.07751
2003-07-28,717.8,1.0,0.018026,0.018026,1.97954,1.096933
2003-07-29,722.33,1.0,0.006311,0.006311,1.992033,1.103856
2003-07-30,714.15,1.0,-0.011324,-0.011324,1.969474,1.091355
2003-07-31,713.52,1.0,-0.000882,-0.000882,1.967737,1.090392
2003-08-01,727.26,1.0,0.019257,0.019257,2.005629,1.11139
2003-08-04,718.54,1.0,-0.01199,-0.01199,1.981581,1.098064
2003-08-05,721.84,1.0,0.004593,0.004593,1.990682,1.103107
2003-08-06,707.88,1.0,-0.019339,-0.019339,1.952183,1.081773
2003-08-07,709.81,1.0,0.002726,0.002726,1.957506,1.084723
2003-08-08,704.14,1.0,-0.007988,-0.007988,1.941869,1.076058
2003-08-11,704.58,1.0,0.000625,0.000625,1.943082,1.07673
2003-08-12,701.3,1.0,-0.004655,-0.004655,1.934037,1.071718
2003-08-13,713.08,1.0,0.016797,0.016797,1.966524,1.08972
2003-08-14,727.01,1.0,0.019535,0.019535,2.00494,1.111008
2003-08-18,730.1,1.0,0.00425,0.00425,2.013461,1.11573
2003-08-19,740.13,1.0,0.013738,0.013738,2.041122,1.131057
2003-08-20,737.2,1.0,-0.003959,-0.003959,2.033041,1.12658
2003-08-21,754.34,1.0,0.02325,0.02325,2.08031,1.152773
2003-08-22,754.72,1.0,0.000504,0.000504,2.081358,1.153354
2003-08-25,756.73,1.0,0.002663,0.002663,2.086901,1.156425
2003-08-26,753.0,1.0,-0.004929,-0.004929,2.076614,1.150725
2003-08-27,758.98,1.0,0.007942,0.007942,2.093106,1.159864
2003-08-28,752.81,1.0,-0.008129,-0.008129,2.07609,1.150435
2003-08-29,759.47,1.0,0.008847,0.008847,2.094457,1.160612
2003-09-01,764.11,1.0,0.00611,0.00611,2.107253,1.167703
2003-09-02,766.5,1.0,0.003128,0.003128,2.113845,1.171356
2003-09-03,766.32,1.0,-0.000235,-0.000235,2.113348,1.171081
2003-09-04,764.15,1.0,-0.002832,-0.002832,2.107364,1.167764
2003-09-05,761.55,1.0,-0.003402,-0.003402,2.100194,1.163791
2003-09-08,760.25,1.0,-0.001707,-0.001707,2.096608,1.161804
2003-09-09,767.46,1.0,0.009484,0.009484,2.116492,1.172823
2003-09-15,753.61,1.0,-0.018047,-0.018047,2.078297,1.151657
2003-09-16,763.63,1.0,0.013296,0.013296,2.10593,1.16697
2003-09-17,766.59,1.0,0.003876,0.003876,2.114093,1.171493
2003-09-18,758.18,1.0,-0.010971,-0.010971,2.0909,1.158641
2003-09-19,748.25,1.0,-0.013097,-0.013097,2.063515,1.143466
2003-09-22,714.89,1.0,-0.044584,-0.044584,1.971515,1.092486
2003-09-23,718.84,1.0,0.005525,0.005525,1.982408,1.098522
2003-09-24,724.7,1.0,0.008152,0.008152,1.998569,1.107477
2003-09-25,713.52,1.0,-0.015427,-0.015427,1.967737,1.090392
2003-09-26,697.4,1.0,-0.022592,-0.022592,1.923281,1.065758
2003-09-29,696.06,0.5,-0.001421,-0.001921,1.920548,1.06371
2003-09-30,697.52,0.5,0.001088,0.002098,1.922637,1.065941
2003-10-01,704.29,0.5,0.004892,0.009706,1.932043,1.076287
2003-10-02,715.24,0.5,0.007813,0.015548,1.947138,1.093021
2003-10-06,723.13,0.5,0.005555,0.011031,1.957955,1.105078
2003-10-07,727.09,0.5,0.002777,0.005476,1.963393,1.11113
2003-10-08,722.76,0.5,-0.002938,-0.005955,1.957624,1.104513
2003-10-09,736.16,0.5,0.009309,0.01854,1.975848,1.12499
2003-10-10,757.89,0.5,0.014798,0.029518,2.005087,1.158198
2003-10-13,757.02,1.0,-0.001648,-0.001148,2.001783,1.156868
2003-10-14,766.52,1.0,0.012549,0.012549,2.026903,1.171386
2003-10-15,764.23,1.0,-0.002988,-0.002988,2.020848,1.167887
2003-10-16,776.97,1.0,0.01667,0.01667,2.054536,1.187356
2003-10-17,767.75,1.0,-0.011867,-0.011867,2.030156,1.173266
2003-10-20,776.44,1.0,0.011319,0.011319,2.053135,1.186546
2003-10-21,779.89,1.0,0.004443,0.004443,2.062258,1.191818
2003-10-22,779.28,1.0,-0.000782,-0.000782,2.060645,1.190886
2003-10-23,754.14,1.0,-0.032261,-0.032261,1.994167,1.152467
2003-10-24,748.17,1.0,-0.007916,-0.007916,1.978381,1.143344
2003-10-27,761.61,1.0,0.017964,0.017964,2.01392,1.163883
2003-10-28,775.36,1.0,0.018054,0.018054,2.050279,1.184895
2003-10-29,779.66,1.0,0.005546,0.005546,2.061649,1.191467
2003-10-30,785.94,1.0,0.008055,0.008055,2.078256,1.201064
2003-10-31,782.36,1.0,-0.004555,-0.004555,2.068789,1.195593
2003-11-03,791.96,1.0,0.012271,0.012271,2.094174,1.210263
2003-11-04,796.06,1.0,0.005177,0.005177,2.105016,1.216529
2003-11-05,805.51,1.0,0.011871,0.011871,2.130004,1.23097
2003-11-06,790.04,1.0,-0.019205,-0.019205,2.089097,1.207329
2003-11-07,804.05,1.0,0.017733,0.017733,2.126144,1.228739
2003-11-10,796.56,1.0,-0.009315,-0.009315,2.106338,1.217293
2003-11-11,787.77,1.0,-0.011035,-0.011035,2.083095,1.20386
2003-11-12,796.31,1.0,0.010841,0.010841,2.105677,1.216911
2003-11-13,813.11,1.0,0.021097,0.021097,2.150101,1.242584
2003-11-14,809.89,1.0,-0.00396,-0.00396,2.141586,1.237664
2003-11-17,794.47,1.0,-0.01904,-0.01904,2.100811,1.214099
2003-11-18,800.97,1.0,0.008182,0.008182,2.117999,1.224032
2003-11-19,771.7,1.0,-0.036543,-0.036543,2.040601,1.179302
2003-11-20,769.45,1.0,-0.002916,-0.002916,2.034651,1.175864
2003-11-21,770.78,1.0,0.001729,0.001729,2.038168,1.177896
2003-11-24,753.65,0.5,-0.011573,-0.022224,2.014581,1.151718
2003-11-25,768.11,0.5,0.009633,0.019187,2.033986,1.173816
2003-11-26,782.65,0.5,0.009504,0.01893,2.053318,1.196036
2003-11-27,781.68,0.5,-0.00058,-0.001239,2.052126,1.194554
2003-11-28,796.18,0.5,0.009314,0.01855,2.07124,1.216712
2003-12-01,807.39,0.5,0.007079,0.01408,2.085902,1.233843
2003-12-02,807.78,0.5,0.000281,0.000483,2.086488,1.234439
2003-12-03,808.34,0.5,0.000386,0.000693,2.087293,1.235295
2003-12-04,805.13,0.5,-0.001946,-0.003971,2.083231,1.23039
2003-12-05,789.41,0.5,-0.009723,-0.019525,2.062975,1.206366
2003-12-08,784.8,0.5,-0.002881,-0.00584,2.057033,1.199321
2003-12-09,787.35,0.5,0.001664,0.003249,2.060456,1.203218
2003-12-10,794.64,0.5,0.004669,0.009259,2.070075,1.214359
2003-12-11,791.13,0.5,-0.002169,-0.004417,2.065585,1.208995
2003-12-12,806.08,0.5,0.009488,0.018897,2.085183,1.231841
2003-12-15,822.16,1.0,0.019448,0.019948,2.125736,1.256415
2003-12-16,810.79,1.0,-0.013829,-0.013829,2.096338,1.239039
2003-12-17,800.09,1.0,-0.013197,-0.013197,2.068673,1.222687
2003-12-18,807.5,1.0,0.009261,0.009261,2.087832,1.234011
2003-12-19,811.2,1.0,0.004582,0.004582,2.097398,1.239666
2003-12-22,804.54,1.0,-0.00821,-0.00821,2.080179,1.229488
2003-12-23,801.88,1.0,-0.003306,-0.003306,2.073301,1.225423
2003-12-24,792.55,1.0,-0.011635,-0.011635,2.049178,1.211165
2003-12-26,788.85,1.0,-0.004668,-0.004668,2.039611,1.205511
2003-12-29,792.44,1.0,0.004551,0.004551,2.048893,1.210997
2003-12-30,810.71,1.0,0.023055,0.023055,2.096131,1.238917
2004-01-02,821.26,1.0,0.013013,0.013013,2.123409,1.255039
2004-01-05,824.1,1.0,0.003458,0.003458,2.130752,1.259379
2004-01-06,823.43,1.0,-0.000813,-0.000813,2.12902,1.258355
2004-01-07,827.07,1.0,0.004421,0.004421,2.138431,1.263918
2004-01-08,824.15,1.0,-0.003531,-0.003531,2.130881,1.259456
2004-01-09,845.27,1.0,0.025626,0.025626,2.185488,1.291731
2004-01-12,850.79,1.0,0.00653,0.00653,2.19976,1.300167
2004-01-13,848.43,1.0,-0.002774,-0.002774,2.193658,1.29656
2004-01-14,849.62,1.0,0.001403,0.001403,2.196735,1.298379
2004-01-15,845.66,1.0,-0.004661,-0.004661,2.186496,1.292327
2004-01-16,847.95,1.0,0.002708,0.002708,2.192417,1.295827
2004-01-19,856.8,1.0,0.010437,0.010437,2.2153,1.309351
2004-01-20,861.37,1.0,0.005334,0.005334,2.227115,1.316335
2004-01-26,869.04,1.0,0.008904,0.008904,2.246947,1.328056
2004-01-27,863.03,1.0,-0.006916,-0.006916,2.231407,1.318872
2004-01-28,859.59,1.0,-0.003986,-0.003986,2.222513,1.313615
2004-01-29,853.47,1.0,-0.00712,-0.00712,2.20669,1.304262
2004-01-30,848.5,1.0,-0.005823,-0.005823,2.193839,1.296667
2004-02-02,854.89,1.0,0.007531,0.007531,2.210361,1.306432
2004-02-03,839.87,1.0,-0.01757,-0.01757,2.171526,1.283479
2004-02-04,835.5,1.0,-0.005203,-0.005203,2.160227,1.276801
2004-02-05,840.92,1.0,0.006487,0.006487,2.174241,1.285083
2004-02-06,850.23,1.0,0.011071,0.011071,2.198312,1.299311
2004-02-09,864.77,1.0,0.017101,0.017101,2.235906,1.321531
2004-02-10,866.8,1.0,0.002347,0.002347,2.241155,1.324633
2004-02-11,876.34,1.0,0.011006,0.011006,2.265821,1.339212
2004-02-12,877.95,1.0,0.001837,0.001837,2.269984,1.341672
2004-02-13,882.18,1.0,0.004818,0.004818,2.280921,1.348136
2004-02-16,881.28,1.0,-0.00102,-0.00102,2.278594,1.346761
2004-02-17,884.8,1.0,0.003994,0.003994,2.287695,1.35214
2004-02-18,877.1,1.0,-0.008703,-0.008703,2.267786,1.340373
2004-02-19,881.65,1.0,0.005188,0.005188,2.27955,1.347326
2004-02-20,877.49,1.0,-0.004718,-0.004718,2.268795,1.340969
2004-02-23,877.52,1.0,3.4e-05,3.4e-05,2.268872,1.341015
2004-02-24,864.59,1.0,-0.014735,-0.014735,2.235441,1.321256
2004-02-25,866.87,1.0,0.002637,0.002637,2.241336,1.32474
2004-02-26,864.86,1.0,-0.002319,-0.002319,2.236139,1.321668
2004-02-27,883.42,1.0,0.02146,0.02146,2.284127,1.350031
2004-03-02,899.21,1.0,0.017874,0.017874,2.324953,1.374161
2004-03-03,895.81,1.0,-0.003781,-0.003781,2.316162,1.368966
2004-03-04,907.43,1.0,0.012972,0.012972,2.346206,1.386723
2004-03-05,905.38,1.0,-0.002259,-0.002259,2.340906,1.38359
2004-03-08,900.1,1.0,-0.005832,-0.005832,2.327254,1.375521
2004-03-09,891.58,1.0,-0.009466,-0.009466,2.305225,1.362501
2004-03-10,876.02,1.0,-0.017452,-0.017452,2.264994,1.338723
2004-03-11,869.93,1.0,-0.006952,-0.006952,2.249248,1.329416
2004-03-12,848.8,1.0,-0.024289,-0.024289,2.194615,1.297125
2004-03-15,852.26,1.0,0.004076,0.004076,2.203561,1.302413
2004-03-16,850.13,1.0,-0.002499,-0.002499,2.198054,1.299158
2004-03-17,872.38,1.0,0.026172,0.026172,2.255582,1.33316
2004-03-18,872.82,1.0,0.000504,0.000504,2.25672,1.333833
2004-03-19,883.33,1.0,0.012041,0.012041,2.283894,1.349894
2004-03-22,863.69,1.0,-0.022234,-0.022234,2.233114,1.31988
2004-03-23,866.17,1.0,0.002871,0.002871,2.239526,1.32367
2004-03-24,861.72,1.0,-0.005138,-0.005138,2.22802,1.31687
2004-03-25,853.38,1.0,-0.009678,-0.009678,2.206457,1.304125
2004-03-26,863.95,1.0,0.012386,0.012386,2.233786,1.320278
2004-03-29,874.67,1.0,0.012408,0.012408,2.261503,1.33666
2004-03-30,873.46,1.0,-0.001383,-0.001383,2.258375,1.334811
2004-03-31,880.5,1.0,0.00806,0.00806,2.276577,1.345569
2004-04-01,882.75,1.0,0.002555,0.002555,2.282395,1.349007
2004-04-02,883.69,1.0,0.001065,0.001065,2.284825,1.350444
2004-04-06,906.19,1.0,0.025461,0.025461,2.343,1.384828
2004-04-07,909.93,1.0,0.004127,0.004127,2.35267,1.390544
2004-04-08,916.86,1.0,0.007616,0.007616,2.370588,1.401134
2004-04-09,905.44,1.0,-0.012456,-0.012456,2.341061,1.383682
2004-04-12,918.86,1.0,0.014822,0.014822,2.375759,1.40419
2004-04-13,917.63,1.0,-0.001339,-0.001339,2.372579,1.402311
2004-04-14,916.31,1.0,-0.001438,-0.001438,2.369166,1.400293
2004-04-16,898.88,1.0,-0.019022,-0.019022,2.324099,1.373657
2004-04-19,902.1,1.0,0.003582,0.003582,2.332425,1.378578
2004-04-20,918.9,1.0,0.018623,0.018623,2.375862,1.404251
2004-04-21,929.95,1.0,0.012025,0.012025,2.404433,1.421138
2004-04-22,924.01,1.0,-0.006387,-0.006387,2.389074,1.41206
2004-04-23,936.06,1.0,0.013041,0.013041,2.42023,1.430475
2004-04-26,919.74,1.0,-0.017435,-0.017435,2.378034,1.405535
2004-04-27,915.47,1.0,-0.004643,-0.004643,2.366994,1.39901
2004-04-28,901.83,1.0,-0.014899,-0.014899,2.331727,1.378165
2004-04-29,875.41,1.0,-0.029296,-0.029296,2.263417,1.337791
2004-04-30,862.84,1.0,-0.014359,-0.014359,2.230916,1.318581
2004-05-03,866.11,0.5,0.001434,0.00379,2.234116,1.323578
2004-05-04,867.48,0.5,0.00083,0.001582,2.235971,1.325672
2004-05-06,837.68,0.5,-0.017137,-0.034352,2.197653,1.280132
2004-05-07,838.74,0.5,0.000672,0.001265,2.19913,1.281752
2004-05-10,790.68,0.0,-0.000421,-0.0573,2.198203,1.208307
2004-05-11,791.02,0.0,7.9e-05,0.00043,2.198376,1.208827
2004-05-12,817.09,0.0,7.9e-05,0.032957,2.198549,1.248667
2004-05-13,790.13,0.0,7.9e-05,-0.032995,2.198721,1.207467
2004-05-14,768.46,0.0,7.9e-05,-0.027426,2.198894,1.174351
2004-05-17,728.98,0.0,7.9e-05,-0.051375,2.199067,1.114018
2004-05-18,741.99,0.0,7.9e-05,0.017847,2.19924,1.1339
2004-05-19,777.95,0.0,7.9e-05,0.048464,2.199413,1.188853
2004-05-20,767.79,0.0,7.9e-05,-0.01306,2.199585,1.173327
2004-05-21,786.36,0.0,7.9e-05,0.024186,2.199758,1.201705
2004-05-24,799.64,0.0,7.9e-05,0.016888,2.199931,1.222
2004-05-25,784.06,0.0,7.9e-05,-0.019484,2.200104,1.198191
2004-05-27,802.46,0.0,7.9e-05,0.023468,2.200277,1.226309
2004-05-28,816.51,0.0,7.9e-05,0.017509,2.20045,1.24778
2004-05-31,803.84,0.5,-0.008219,-0.015517,2.182364,1.228418
2004-06-01,815.77,0.5,0.00746,0.014841,2.198644,1.246649
2004-06-02,804.39,0.5,-0.006936,-0.01395,2.183395,1.229259
2004-06-03,770.06,0.5,-0.0213,-0.042678,2.136889,1.176796
2004-06-04,780.74,0.5,0.006974,0.013869,2.151791,1.193117
2004-06-07,809.45,0.5,0.018426,0.036773,2.191439,1.236991
2004-06-08,809.31,0.5,-4.7e-05,-0.000173,2.191336,1.236777
2004-06-09,794.53,0.5,-0.009092,-0.018262,2.171412,1.214191
2004-06-10,782.3,0.5,-0.007657,-0.015393,2.154786,1.195501
2004-06-11,751.53,0.5,-0.019627,-0.039333,2.112493,1.148479
2004-06-14,738.79,0.5,-0.008437,-0.016952,2.094671,1.12901
2004-06-15,752.1,0.5,0.009047,0.018016,2.113622,1.14935
2004-06-16,752.34,0.5,0.000199,0.000319,2.114042,1.149717
2004-06-17,760.09,0.5,0.00519,0.010301,2.125014,1.16156
2004-06-18,741.73,0.5,-0.012038,-0.024155,2.099432,1.133502
2004-06-21,749.3,0.5,0.005142,0.010206,2.110228,1.145071
2004-06-22,746.48,0.5,-0.001842,-0.003764,2.10634,1.140761
2004-06-23,738.93,0.5,-0.005018,-0.010114,2.095771,1.129224
2004-06-24,763.13,0.5,0.016414,0.03275,2.130172,1.166206
2004-06-25,779.03,0.5,0.010457,0.020835,2.152447,1.190504
2004-06-28,770.95,0.5,-0.005147,-0.010372,2.141369,1.178156
2004-06-29,778.72,0.5,0.005079,0.010078,2.152244,1.19003
2004-06-30,785.79,0.5,0.004579,0.009079,2.162098,1.200834
2004-07-01,778.03,0.5,-0.004898,-0.009875,2.151508,1.188976
2004-07-02,755.42,0.5,-0.014491,-0.029061,2.12033,1.154423
2004-07-05,756.72,0.5,0.0009,0.001721,2.122238,1.15641
2004-07-06,758.47,0.5,0.001196,0.002313,2.124775,1.159084
2004-07-07,761.88,0.5,0.002287,0.004496,2.129635,1.164295
2004-07-08,743.64,0.5,-0.011931,-0.023941,2.104226,1.136421
2004-07-09,747.46,0.5,0.002608,0.005137,2.109714,1.142259
2004-07-12,746.27,0.0,-0.000421,-0.001592,2.108824,1.14044
2004-07-13,750.95,0.0,7.9e-05,0.006271,2.10899,1.147592
2004-07-14,736.57,0.0,7.9e-05,-0.019149,2.109156,1.125617
2004-07-15,732.74,0.0,7.9e-05,-0.0052,2.109322,1.119764
2004-07-16,739.39,0.0,7.9e-05,0.009076,2.109487,1.129926
2004-07-19,750.4,0.0,7.9e-05,0.014891,2.109653,1.146752
2004-07-20,737.0,0.0,7.9e-05,-0.017857,2.109819,1.126274
2004-07-21,753.32,0.0,7.9e-05,0.022144,2.109985,1.151214
2004-07-22,742.63,0.0,7.9e-05,-0.014191,2.110151,1.134878
2004-07-23,737.51,0.0,7.9e-05,-0.006894,2.110316,1.127054
2004-07-26,736.21,0.0,7.9e-05,-0.001763,2.110482,1.125067
2004-07-27,738.51,0.0,7.9e-05,0.003124,2.110648,1.128582
2004-07-28,744.42,0.0,7.9e-05,0.008003,2.110814,1.137613
2004-07-29,730.61,0.0,7.9e-05,-0.018551,2.11098,1.116509
2004-07-30,735.34,0.0,7.9e-05,0.006474,2.111146,1.123737
2004-08-02,719.59,0.0,7.9e-05,-0.021419,2.111312,1.099668
2004-08-03,726.44,0.0,7.9e-05,0.009519,2.111478,1.110136
2004-08-04,729.41,0.0,7.9e-05,0.004088,2.111643,1.114675
2004-08-05,743.35,0.0,7.9e-05,0.019111,2.111809,1.135978
2004-08-06,733.95,0.0,7.9e-05,-0.012645,2.111975,1.121613
2004-08-09,742.13,0.0,7.9e-05,0.011145,2.112141,1.134114
2004-08-10,748.62,0.0,7.9e-05,0.008745,2.112307,1.144032
2004-08-11,753.06,0.0,7.9e-05,0.005931,2.112473,1.150817
2004-08-12,766.7,0.0,7.9e-05,0.018113,2.112639,1.171661
2004-08-13,776.02,0.0,7.9e-05,0.012156,2.112805,1.185904
2004-08-16,773.85,0.5,-0.001859,-0.002796,2.108878,1.182588
2004-08-17,771.03,0.5,-0.001783,-0.003644,2.105118,1.178278
2004-08-18,773.19,0.5,0.00144,0.002801,2.10815,1.181579
2004-08-19,788.53,0.5,0.009959,0.01984,2.129145,1.205022
2004-08-20,787.64,0.5,-0.000525,-0.001129,2.128027,1.203662
2004-08-23,787.65,0.5,4.6e-05,1.3e-05,2.128124,1.203677
2004-08-24,792.34,0.5,0.003017,0.005954,2.134544,1.210844
2004-08-25,803.97,0.5,0.007378,0.014678,2.150293,1.228617
2004-08-26,810.21,0.5,0.00392,0.007761,2.158723,1.238153
2004-08-27,810.3,0.5,9.5e-05,0.000111,2.158927,1.23829
2004-08-30,805.19,0.5,-0.003114,-0.006306,2.152205,1.230481
2004-08-31,803.57,0.5,-0.000967,-0.002012,2.150124,1.228006
2004-09-01,817.36,0.5,0.00862,0.017161,2.168658,1.249079
2004-09-02,823.83,0.5,0.003997,0.007916,2.177326,1.258967
2004-09-03,820.69,0.5,-0.001866,-0.003811,2.173262,1.254168
2004-09-06,824.21,1.0,0.003789,0.004289,2.181497,1.259547
2004-09-07,818.8,1.0,-0.006564,-0.006564,2.167178,1.25128
2004-09-08,815.85,1.0,-0.003603,-0.003603,2.15937,1.246772
2004-09-09,821.88,1.0,0.007391,0.007391,2.17533,1.255987
2004-09-10,836.34,1.0,0.017594,0.017594,2.213602,1.278084
2004-09-13,851.91,1.0,0.018617,0.018617,2.254813,1.301878
2004-09-14,851.42,1.0,-0.000575,-0.000575,2.253516,1.301129
2004-09-15,850.63,1.0,-0.000928,-0.000928,2.251425,1.299922
2004-09-16,855.38,1.0,0.005584,0.005584,2.263997,1.307181
2004-09-17,848.11,1.0,-0.008499,-0.008499,2.244755,1.296071
2004-09-20,856.87,1.0,0.010329,0.010329,2.267941,1.309458
2004-09-21,857.15,1.0,0.000327,0.000327,2.268682,1.309886
2004-09-22,835.1,1.0,-0.025725,-0.025725,2.21032,1.276189
2004-09-23,829.68,1.0,-0.00649,-0.00649,2.195975,1.267907
2004-09-24,832.1,1.0,0.002917,0.002917,2.20238,1.271605
2004-09-30,835.09,1.0,0.003593,0.003593,2.210294,1.276174
2004-10-01,846.01,1.0,0.013076,0.013076,2.239197,1.292862
2004-10-04,880.84,1.0,0.04117,0.04117,2.331384,1.346089
2004-10-05,884.84,1.0,0.004541,0.004541,2.341971,1.352201
2004-10-06,887.45,1.0,0.00295,0.00295,2.348879,1.35619
2004-10-07,885.33,1.0,-0.002389,-0.002389,2.343268,1.35295
2004-10-08,881.38,1.0,-0.004462,-0.004462,2.332813,1.346914
2004-10-11,881.11,1.0,-0.000306,-0.000306,2.332098,1.346501
2004-10-12,858.09,1.0,-0.026126,-0.026126,2.27117,1.311322
2004-10-13,856.18,1.0,-0.002226,-0.002226,2.266114,1.308404
2004-10-14,846.63,1.0,-0.011154,-0.011154,2.240838,1.293809
2004-10-15,841.94,1.0,-0.00554,-0.00554,2.228424,1.286642
2004-10-18,848.27,1.0,0.007518,0.007518,2.245178,1.296316
2004-10-19,855.77,1.0,0.008842,0.008842,2.265029,1.307777
2004-10-20,828.61,1.0,-0.031737,-0.031737,2.193143,1.266271
2004-10-21,820.63,1.0,-0.009631,-0.009631,2.172022,1.254076
2004-10-22,828.17,1.0,0.009188,0.009188,2.191978,1.265599
2004-10-25,808.14,1.0,-0.024186,-0.024186,2.138963,1.234989
2004-10-26,813.7,1.0,0.00688,0.00688,2.153679,1.243486
2004-10-27,809.91,1.0,-0.004658,-0.004658,2.143648,1.237694
2004-10-28,833.54,1.0,0.029176,0.029176,2.206191,1.273805
2004-10-29,834.84,1.0,0.00156,0.00156,2.209632,1.275792
2004-11-01,835.66,1.0,0.000982,0.000982,2.211803,1.277045
2004-11-02,846.67,1.0,0.013175,0.013175,2.240943,1.29387
2004-11-03,861.05,1.0,0.016984,0.016984,2.279004,1.315846
2004-11-04,851.2,1.0,-0.01144,-0.01144,2.252933,1.300793
2004-11-05,860.68,1.0,0.011137,0.011137,2.278025,1.31528
2004-11-08,846.11,1.0,-0.016928,-0.016928,2.239461,1.293015
2004-11-09,844.15,1.0,-0.002316,-0.002316,2.234274,1.290019
2004-11-10,860.54,1.0,0.019416,0.019416,2.277654,1.315066
2004-11-11,861.26,1.0,0.000837,0.000837,2.27956,1.316167
2004-11-12,876.67,1.0,0.017892,0.017892,2.320347,1.339716
2004-11-15,882.33,1.0,0.006456,0.006456,2.335327,1.348366
2004-11-16,876.61,1.0,-0.006483,-0.006483,2.320188,1.339624
2004-11-17,885.42,1.0,0.01005,0.01005,2.343506,1.353088
2004-11-18,875.84,1.0,-0.01082,-0.01082,2.31815,1.338448
2004-11-19,867.03,1.0,-0.010059,-0.010059,2.294832,1.324984
2004-11-22,849.99,1.0,-0.019653,-0.019653,2.249731,1.298944
2004-11-23,860.4,1.0,0.012247,0.012247,2.277284,1.314852
2004-11-24,872.56,1.0,0.014133,0.014133,2.309468,1.333435
2004-11-25,872.49,1.0,-8e-05,-8e-05,2.309283,1.333328
2004-11-26,858.12,1.0,-0.01647,-0.01647,2.271249,1.311368
2004-11-29,865.4,1.0,0.008484,0.008484,2.290518,1.322493
2004-11-30,878.06,1.0,0.014629,0.014629,2.324026,1.34184
2004-12-01,876.8,1.0,-0.001435,-0.001435,2.320691,1.339915
2004-12-02,884.1,1.0,0.008326,0.008326,2.340012,1.35107
2004-12-03,882.55,1.0,-0.001753,-0.001753,2.33591,1.348702
2004-12-06,870.75,1.0,-0.01337,-0.01337,2.304678,1.330669
2004-12-07,861.07,1.0,-0.011117,-0.011117,2.279057,1.315876
2004-12-08,871.74,1.0,0.012392,0.012392,2.307298,1.332182
2004-12-09,861.31,1.0,-0.011965,-0.011965,2.279692,1.316243
2004-12-10,844.85,1.0,-0.01911,-0.01911,2.236126,1.291089
2004-12-13,844.2,1.0,-0.000769,-0.000769,2.234406,1.290096
2004-12-14,849.4,1.0,0.00616,0.00616,2.248169,1.298042
2004-12-15,868.84,1.0,0.022887,0.022887,2.299622,1.32775
2004-12-16,873.7,1.0,0.005594,0.005594,2.312486,1.335177
2004-12-17,875.13,1.0,0.001637,0.001637,2.316271,1.337363
2004-12-20,884.31,1.0,0.01049,0.01049,2.340568,1.351391
2004-12-21,882.82,1.0,-0.001685,-0.001685,2.336624,1.349114
2004-12-22,883.38,1.0,0.000634,0.000634,2.338107,1.34997
2004-12-23,876.88,1.0,-0.007358,-0.007358,2.320903,1.340037
2004-12-24,879.92,1.0,0.003467,0.003467,2.328949,1.344683
2004-12-27,876.98,1.0,-0.003341,-0.003341,2.321167,1.34019
2004-12-28,878.43,1.0,0.001653,0.001653,2.325005,1.342406
2004-12-29,884.27,1.0,0.006648,0.006648,2.340462,1.35133
2004-12-30,895.92,1.0,0.013175,0.013175,2.371297,1.369134
2005-01-03,893.71,1.0,-0.002467,-0.002467,2.365448,1.365756
2005-01-04,886.9,1.0,-0.00762,-0.00762,2.347423,1.355349
2005-01-05,885.19,1.0,-0.001928,-0.001928,2.342897,1.352736
2005-01-06,871.28,1.0,-0.015714,-0.015714,2.306081,1.331479
2005-01-07,870.84,1.0,-0.000505,-0.000505,2.304916,1.330807
2005-01-10,874.18,1.0,0.003835,0.003835,2.313756,1.335911
2005-01-11,884.29,1.0,0.011565,0.011565,2.340515,1.351361
2005-01-12,880.03,1.0,-0.004817,-0.004817,2.32924,1.344851
2005-01-13,885.54,1.0,0.006261,0.006261,2.343824,1.353271
2005-01-14,905.1,1.0,0.022088,0.022088,2.395594,1.383162
2005-01-17,923.08,1.0,0.019865,0.019865,2.443183,1.410639
2005-01-18,920.57,1.0,-0.002719,-0.002719,2.43654,1.406803
2005-01-19,916.27,1.0,-0.004671,-0.004671,2.425159,1.400232
2005-01-20,909.37,1.0,-0.007531,-0.007531,2.406896,1.389688
2005-01-21,919.61,1.0,0.011261,0.011261,2.433999,1.405336
2005-01-24,923.11,1.0,0.003806,0.003806,2.443263,1.410685
2005-01-25,915.1,1.0,-0.008677,-0.008677,2.422062,1.398444
2005-01-26,927.0,1.0,0.013004,0.013004,2.453559,1.41663
2005-01-27,924.87,1.0,-0.002298,-0.002298,2.447921,1.413375
2005-01-28,921.59,1.0,-0.003546,-0.003546,2.43924,1.408362
2005-01-31,932.7,1.0,0.012055,0.012055,2.468645,1.42534
2005-02-01,923.69,1.0,-0.00966,-0.00966,2.444798,1.411571
2005-02-02,921.44,1.0,-0.002436,-0.002436,2.438843,1.408133
2005-02-03,928.79,1.0,0.007977,0.007977,2.458297,1.419365
2005-02-04,933.55,1.0,0.005125,0.005125,2.470895,1.426639
2005-02-07,949.19,1.0,0.016753,0.016753,2.512291,1.45054
2005-02-11,947.23,1.0,-0.002065,-0.002065,2.507103,1.447545
2005-02-14,964.79,1.0,0.018538,0.018538,2.55358,1.47438
2005-02-15,968.88,1.0,0.004239,0.004239,2.564406,1.48063
2005-02-16,971.56,1.0,0.002766,0.002766,2.571499,1.484726
2005-02-17,972.56,1.0,0.001029,0.001029,2.574146,1.486254
2005-02-18,984.1,1.0,0.011866,0.011866,2.60469,1.503889
2005-02-21,988.71,1.0,0.004684,0.004684,2.616891,1.510934
2005-02-22,977.8,1.0,-0.011035,-0.011035,2.588015,1.494262
2005-02-23,968.43,1.0,-0.009583,-0.009583,2.563215,1.479943
2005-02-24,987.1,1.0,0.019279,0.019279,2.61263,1.508474
2005-02-25,996.95,1.0,0.009979,0.009979,2.638701,1.523526
2005-02-28,1011.36,1.0,0.014454,0.014454,2.676841,1.545548
2005-03-02,1007.48,1.0,-0.003836,-0.003836,2.666571,1.539618
2005-03-03,1010.92,1.0,0.003414,0.003414,2.675676,1.544875
2005-03-04,1012.96,1.0,0.002018,0.002018,2.681075,1.547993
2005-03-07,1007.5,1.0,-0.00539,-0.00539,2.666624,1.539649
2005-03-08,1000.28,1.0,-0.007166,-0.007166,2.647514,1.528615
2005-03-09,1008.79,1.0,0.008508,0.008508,2.670038,1.54162
2005-03-10,998.66,1.0,-0.010042,-0.010042,2.643227,1.52614
2005-03-11,1022.79,1.0,0.024162,0.024162,2.707093,1.563015
2005-03-14,1019.69,1.0,-0.003031,-0.003031,2.698888,1.558277
2005-03-15,993.13,1.0,-0.026047,-0.026047,2.62859,1.517689
2005-03-16,993.13,1.0,0.0,0.0,2.62859,1.517689
2005-03-17,980.05,1.0,-0.01317,-0.01317,2.59397,1.4977
2005-03-18,979.72,1.0,-0.000337,-0.000337,2.593097,1.497196
2005-03-21,979.27,1.0,-0.000459,-0.000459,2.591906,1.496508
2005-03-22,980.41,1.0,0.001164,0.001164,2.594923,1.49825
2005-03-23,966.81,1.0,-0.013872,-0.013872,2.558927,1.477467
2005-03-24,956.33,1.0,-0.01084,-0.01084,2.531189,1.461451
2005-03-25,965.3,1.0,0.00938,0.00938,2.55493,1.475159
2005-03-28,977.7,1.0,0.012846,0.012846,2.58775,1.494109
2005-03-29,958.96,1.0,-0.019167,-0.019167,2.53815,1.465471
2005-03-30,955.45,1.0,-0.00366,-0.00366,2.528859,1.460107
2005-03-31,965.68,1.0,0.010707,0.010707,2.555936,1.47574
2005-04-01,981.9,1.0,0.016796,0.016796,2.598867,1.500527
2005-04-04,982.5,1.0,0.000611,0.000611,2.600455,1.501444
2005-04-06,988.0,1.0,0.005598,0.005598,2.615012,1.509849
2005-04-07,988.9,1.0,0.000911,0.000911,2.617394,1.511225
2005-04-08,992.17,1.0,0.003307,0.003307,2.626049,1.516222
2005-04-11,985.94,1.0,-0.006279,-0.006279,2.60956,1.506701
2005-04-12,981.79,1.0,-0.004209,-0.004209,2.598575,1.500359
2005-04-13,981.31,1.0,-0.000489,-0.000489,2.597305,1.499626
2005-04-14,953.92,1.0,-0.027912,-0.027912,2.52481,1.457769
2005-04-15,947.22,1.0,-0.007024,-0.007024,2.507077,1.44753
2005-04-18,925.0,0.5,-0.01219,-0.023458,2.476516,1.413573
2005-04-19,932.45,0.5,0.004066,0.008054,2.486586,1.424958
2005-04-20,937.36,0.5,0.002672,0.005266,2.493231,1.432462
2005-04-21,939.14,0.5,0.000989,0.001899,2.495696,1.435182
2005-04-22,940.79,0.5,0.000918,0.001757,2.497986,1.437703
2005-04-25,946.17,0.5,0.002899,0.005719,2.505227,1.445925
2005-04-26,944.46,0.5,-0.000864,-0.001807,2.503062,1.443312
2005-04-27,930.16,0.5,-0.007531,-0.015141,2.484211,1.421459
2005-04-28,917.73,0.5,-0.006642,-0.013363,2.46771,1.402463
2005-04-29,911.3,0.5,-0.003464,-0.007006,2.459162,1.392637
2005-05-02,918.42,0.5,0.003946,0.007813,2.468865,1.403518
2005-05-03,913.82,0.5,-0.002465,-0.005009,2.462779,1.396488
2005-05-04,929.35,0.5,0.008537,0.016995,2.483803,1.420221
2005-05-06,940.85,0.5,0.006226,0.012374,2.499268,1.437795
2005-05-09,935.2,0.5,-0.002963,-0.006005,2.491862,1.429161
2005-05-10,934.28,0.5,-0.000453,-0.000984,2.490734,1.427755
2005-05-11,923.38,0.5,-0.005794,-0.011667,2.476303,1.411098
2005-05-12,921.21,0.5,-0.001136,-0.00235,2.47349,1.407782
2005-05-13,923.19,0.5,0.001114,0.002149,2.476246,1.410807
2005-05-16,929.04,0.5,0.003208,0.006337,2.484189,1.419747
2005-05-17,927.16,0.5,-0.000973,-0.002024,2.481773,1.416874
2005-05-18,930.36,0.5,0.001765,0.003451,2.486153,1.421764
2005-05-19,952.09,0.5,0.011718,0.023357,2.515285,1.454972
2005-05-20,952.19,0.5,9.2e-05,0.000105,2.515516,1.455125
2005-05-23,951.05,0.5,-0.000559,-0.001197,2.514109,1.453383
2005-05-24,951.61,0.5,0.000334,0.000589,2.514948,1.454238
2005-05-25,941.3,0.5,-0.005378,-0.010834,2.501423,1.438483
2005-05-26,943.91,0.5,0.001426,0.002773,2.504989,1.442471
2005-05-27,960.91,0.5,0.009044,0.01801,2.527645,1.468451
2005-05-30,969.04,0.5,0.00427,0.008461,2.538437,1.480875
2005-05-31,970.21,0.5,0.000643,0.001207,2.540069,1.482663
2005-06-01,969.51,0.5,-0.000321,-0.000721,2.539253,1.481593
2005-06-02,970.88,0.5,0.000746,0.001413,2.541147,1.483687
2005-06-03,976.09,0.5,0.002722,0.005366,2.548065,1.491648
2005-06-07,970.88,0.5,-0.00263,-0.005338,2.541365,1.483687
2005-06-08,976.22,0.5,0.002789,0.0055,2.548453,1.491847
2005-06-09,987.58,0.5,0.005858,0.011637,2.563381,1.509207
2005-06-10,990.79,0.5,0.001664,0.00325,2.567648,1.514113
2005-06-13,990.49,1.0,-0.000803,-0.000303,2.565587,1.513654
2005-06-14,983.75,1.0,-0.006805,-0.006805,2.548129,1.503354
2005-06-15,1001.94,1.0,0.01849,0.01849,2.595245,1.531152
2005-06-16,1003.14,1.0,0.001198,0.001198,2.598353,1.532986
2005-06-17,1003.68,1.0,0.000538,0.000538,2.599752,1.533811
2005-06-20,994.65,1.0,-0.008997,-0.008997,2.576362,1.520012
2005-06-21,989.99,1.0,-0.004685,-0.004685,2.564292,1.51289
2005-06-22,1002.15,1.0,0.012283,0.012283,2.595789,1.531473
2005-06-23,1010.8,1.0,0.008631,0.008631,2.618194,1.544692
2005-06-24,1002.43,1.0,-0.008281,-0.008281,2.596514,1.531901
2005-06-27,991.11,1.0,-0.011293,-0.011293,2.567193,1.514602
2005-06-28,994.74,1.0,0.003663,0.003663,2.576595,1.520149
2005-06-29,999.08,1.0,0.004363,0.004363,2.587837,1.526781
2005-06-30,1008.16,1.0,0.009088,0.009088,2.611356,1.540657
2005-07-01,1018.02,1.0,0.00978,0.00978,2.636895,1.555725
2005-07-04,1021.71,1.0,0.003625,0.003625,2.646453,1.561364
2005-07-05,1018.81,1.0,-0.002838,-0.002838,2.638942,1.556933
2005-07-06,1019.01,1.0,0.000196,0.000196,2.63946,1.557238
2005-07-07,1026.82,1.0,0.007664,0.007664,2.659689,1.569173
2005-07-08,1021.95,1.0,-0.004743,-0.004743,2.647075,1.561731
2005-07-11,1040.43,1.0,0.018083,0.018083,2.694942,1.589972
2005-07-12,1043.88,1.0,0.003316,0.003316,2.703879,1.595244
2005-07-13,1050.16,1.0,0.006016,0.006016,2.720145,1.604841
2005-07-14,1061.93,1.0,0.011208,0.011208,2.750632,1.622828
2005-07-15,1059.6,1.0,-0.002194,-0.002194,2.744597,1.619267
2005-07-18,1062.43,1.0,0.002671,0.002671,2.751927,1.623592
2005-07-19,1075.48,1.0,0.012283,0.012283,2.78573,1.643535
2005-07-20,1074.4,1.0,-0.001004,-0.001004,2.782932,1.641885
2005-07-21,1074.65,1.0,0.000233,0.000233,2.78358,1.642267
2005-07-22,1074.22,1.0,-0.0004,-0.0004,2.782466,1.641609
2005-07-25,1089.7,1.0,0.01441,0.01441,2.822562,1.665266
2005-07-26,1090.6,1.0,0.000826,0.000826,2.824894,1.666641
2005-07-27,1093.03,1.0,0.002228,0.002228,2.831188,1.670355
2005-07-28,1104.72,1.0,0.010695,0.010695,2.861468,1.688219
2005-07-29,1111.29,1.0,0.005947,0.005947,2.878485,1.698259
2005-08-01,1115.98,1.0,0.00422,0.00422,2.890633,1.705427
2005-08-02,1118.83,1.0,0.002554,0.002554,2.898016,1.709782
2005-08-03,1117.11,1.0,-0.001537,-0.001537,2.89356,1.707153
2005-08-04,1111.39,1.0,-0.00512,-0.00512,2.878744,1.698412
2005-08-05,1089.36,1.0,-0.019822,-0.019822,2.821682,1.664746
2005-08-08,1086.64,1.0,-0.002497,-0.002497,2.814636,1.66059
2005-08-09,1099.77,1.0,0.012083,0.012083,2.848646,1.680655
2005-08-10,1104.86,1.0,0.004628,0.004628,2.86183,1.688433
2005-08-11,1123.77,1.0,0.017115,0.017115,2.910811,1.717331
2005-08-12,1130.22,1.0,0.00574,0.00574,2.927518,1.727188
2005-08-16,1116.93,1.0,-0.011759,-0.011759,2.893094,1.706878
2005-08-17,1113.25,1.0,-0.003295,-0.003295,2.883562,1.701255
2005-08-18,1092.71,1.0,-0.01845,-0.01845,2.830359,1.669866
2005-08-19,1089.88,1.0,-0.00259,-0.00259,2.823029,1.665541
2005-08-22,1116.68,1.0,0.02459,0.02459,2.892447,1.706496
2005-08-23,1115.84,1.0,-0.000752,-0.000752,2.890271,1.705213
2005-08-24,1094.21,1.0,-0.019384,-0.019384,2.834244,1.672158
2005-08-25,1097.29,1.0,0.002815,0.002815,2.842222,1.676865
2005-08-26,1086.55,1.0,-0.009788,-0.009788,2.814403,1.660452
2005-08-29,1063.16,1.0,-0.021527,-0.021527,2.753818,1.624708
2005-08-30,1072.61,1.0,0.008889,0.008889,2.778296,1.639149
2005-08-31,1083.33,1.0,0.009994,0.009994,2.806063,1.655531
2005-09-01,1106.37,1.0,0.021268,0.021268,2.865741,1.690741
2005-09-02,1115.83,1.0,0.00855,0.00855,2.890245,1.705197
2005-09-05,1114.5,1.0,-0.001192,-0.001192,2.8868,1.703165
2005-09-06,1122.65,1.0,0.007313,0.007313,2.90791,1.71562
2005-09-07,1142.99,1.0,0.018118,0.018118,2.960595,1.746703
2005-09-08,1145.26,1.0,0.001986,0.001986,2.966475,1.750172
2005-09-09,1152.5,1.0,0.006322,0.006322,2.985228,1.761236
2005-09-12,1158.36,1.0,0.005085,0.005085,3.000407,1.770191
2005-09-13,1158.12,1.0,-0.000207,-0.000207,2.999785,1.769824
2005-09-14,1170.77,1.0,0.010923,0.010923,3.032552,1.789156
2005-09-15,1169.59,1.0,-0.001008,-0.001008,3.029495,1.787353
2005-09-16,1174.13,1.0,0.003882,0.003882,3.041255,1.794291
2005-09-20,1190.93,1.0,0.014308,0.014308,3.08477,1.819964
2005-09-21,1196.67,1.0,0.00482,0.00482,3.099638,1.828736
2005-09-22,1199.97,1.0,0.002758,0.002758,3.108186,1.833779
2005-09-23,1175.88,1.0,-0.020076,-0.020076,3.045788,1.796965
2005-09-26,1206.41,1.0,0.025964,0.025964,3.124867,1.843621
2005-09-27,1209.63,1.0,0.002669,0.002669,3.133207,1.848541
2005-09-28,1228.57,1.0,0.015658,0.015658,3.182266,1.877485
2005-09-29,1231.22,1.0,0.002157,0.002157,3.18913,1.881535
2005-09-30,1221.01,1.0,-0.008293,-0.008293,3.162684,1.865932
2005-10-04,1242.78,1.0,0.01783,0.01783,3.219073,1.899201
2005-10-05,1227.4,1.0,-0.012375,-0.012375,3.179236,1.875697
2005-10-06,1202.49,1.0,-0.020295,-0.020295,3.114713,1.83763
2005-10-07,1201.01,1.0,-0.001231,-0.001231,3.11088,1.835368
2005-10-10,1227.18,1.0,0.02179,0.02179,3.178666,1.875361
2005-10-11,1244.27,1.0,0.013926,0.013926,3.222933,1.901478
2005-10-12,1217.06,1.0,-0.021868,-0.021868,3.152453,1.859896
2005-10-13,1193.44,1.0,-0.019407,-0.019407,3.091272,1.8238
2005-10-14,1190.17,1.0,-0.00274,-0.00274,3.082802,1.818803
2005-10-17,1176.36,1.0,-0.011603,-0.011603,3.047031,1.797699
2005-10-18,1186.22,1.0,0.008382,0.008382,3.07257,1.812766
2005-10-19,1153.13,1.0,-0.027895,-0.027895,2.98686,1.762199
2005-10-20,1162.23,1.0,0.007892,0.007892,3.010431,1.776105
2005-10-21,1183.48,1.0,0.018284,0.018284,3.065473,1.808579
2005-10-24,1184.6,0.5,1.2e-05,0.000946,3.065511,1.810291
2005-10-25,1181.28,0.5,-0.001362,-0.002803,3.061336,1.805217
2005-10-26,1179.0,0.5,-0.000926,-0.00193,3.058502,1.801733
2005-10-27,1166.36,0.5,-0.005321,-0.010721,3.042227,1.782417
2005-10-28,1140.72,0.5,-0.010952,-0.021983,3.008908,1.743234
2005-10-31,1158.11,0.0,-0.000421,0.015245,3.00764,1.769809
2005-11-01,1188.95,0.0,7.9e-05,0.02663,3.007877,1.816938
2005-11-02,1208.38,0.0,7.9e-05,0.016342,3.008113,1.846631
2005-11-03,1217.97,0.0,7.9e-05,0.007936,3.008349,1.861286
2005-11-04,1221.98,0.0,7.9e-05,0.003292,3.008586,1.867414
2005-11-07,1218.47,1.0,-0.003872,-0.002872,2.996935,1.862051
2005-11-08,1226.71,1.0,0.006763,0.006763,3.017202,1.874643
2005-11-09,1227.59,1.0,0.000717,0.000717,3.019367,1.875988
2005-11-10,1234.43,1.0,0.005572,0.005572,3.03619,1.88644
2005-11-11,1256.12,1.0,0.017571,0.017571,3.089539,1.919587
2005-11-14,1257.63,1.0,0.001202,0.001202,3.093253,1.921894
2005-11-15,1253.86,1.0,-0.002998,-0.002998,3.08398,1.916133
2005-11-16,1267.16,1.0,0.010607,0.010607,3.116693,1.936458
2005-11-17,1269.35,1.0,0.001728,0.001728,3.122079,1.939805
2005-11-18,1272.25,1.0,0.002285,0.002285,3.129212,1.944236
2005-11-21,1268.8,1.0,-0.002712,-0.002712,3.120727,1.938964
2005-11-22,1244.5,1.0,-0.019152,-0.019152,3.060959,1.901829
2005-11-23,1282.02,1.0,0.030149,0.030149,3.153242,1.959167
2005-11-24,1291.71,1.0,0.007558,0.007558,3.177076,1.973975
2005-11-25,1293.22,1.0,0.001169,0.001169,3.18079,1.976283
2005-11-28,1293.74,1.0,0.000402,0.000402,3.182069,1.977077
2005-11-29,1279.38,1.0,-0.0111,-0.0111,3.146749,1.955132
2005-11-30,1297.44,1.0,0.014116,0.014116,3.191169,1.982731
2005-12-01,1305.98,1.0,0.006582,0.006582,3.212174,1.995782
2005-12-02,1310.12,1.0,0.00317,0.00317,3.222357,2.002109
2005-12-05,1315.15,1.0,0.003839,0.003839,3.234728,2.009796
2005-12-06,1321.06,1.0,0.004494,0.004494,3.249265,2.018827
2005-12-07,1324.75,1.0,0.002793,0.002793,3.258341,2.024466
2005-12-08,1324.2,1.0,-0.000415,-0.000415,3.256988,2.023626
2005-12-09,1317.42,1.0,-0.00512,-0.00512,3.240312,2.013265
2005-12-12,1333.23,1.0,0.012001,0.012001,3.279198,2.037425
2005-12-13,1336.48,1.0,0.002438,0.002438,3.287192,2.042392
2005-12-14,1334.27,1.0,-0.001654,-0.001654,3.281756,2.039015
2005-12-15,1337.68,1.0,0.002556,0.002556,3.290143,2.044226
2005-12-16,1321.04,1.0,-0.012439,-0.012439,3.249215,2.018797
2005-12-19,1339.4,1.0,0.013898,0.013898,3.294374,2.046854
2005-12-20,1341.0,1.0,0.001195,0.001195,3.298309,2.049299
2005-12-21,1354.16,1.0,0.009814,0.009814,3.330677,2.06941
2005-12-22,1350.87,1.0,-0.00243,-0.00243,3.322585,2.064383
2005-12-23,1359.53,1.0,0.006411,0.006411,3.343885,2.077617
2005-12-26,1367.57,1.0,0.005914,0.005914,3.36366,2.089903
2005-12-27,1373.55,1.0,0.004373,0.004373,3.378368,2.099042
2005-12-28,1368.16,1.0,-0.003924,-0.003924,3.365111,2.090805
2005-12-29,1379.37,1.0,0.008193,0.008193,3.392683,2.107936
2006-01-02,1389.27,1.0,0.007177,0.007177,3.417033,2.123065
2006-01-03,1394.87,1.0,0.004031,0.004031,3.430807,2.131623
2006-01-04,1402.11,1.0,0.00519,0.00519,3.448614,2.142687
2006-01-05,1395.51,1.0,-0.004707,-0.004707,3.432381,2.132601
2006-01-06,1412.78,1.0,0.012375,0.012375,3.474858,2.158993
2006-01-09,1408.33,1.0,-0.00315,-0.00315,3.463913,2.152192
2006-01-10,1396.29,1.0,-0.008549,-0.008549,3.4343,2.133793
2006-01-11,1394.09,1.0,-0.001576,-0.001576,3.428888,2.130431
2006-01-12,1402.58,1.0,0.00609,0.00609,3.44977,2.143405
2006-01-13,1416.28,1.0,0.009768,0.009768,3.483467,2.164341
2006-01-16,1421.79,1.0,0.00389,0.00389,3.497019,2.172762
2006-01-17,1389.58,1.0,-0.022655,-0.022655,3.417796,2.123539
2006-01-18,1352.91,1.0,-0.026389,-0.026389,3.327603,2.0675
2006-01-19,1360.64,1.0,0.005714,0.005714,3.346615,2.079313
2006-01-20,1324.78,1.0,-0.026355,-0.026355,3.258414,2.024512
2006-01-23,1297.43,1.0,-0.020645,-0.020645,3.191145,1.982716
2006-01-24,1326.83,1.0,0.02266,0.02266,3.263456,2.027645
2006-01-25,1342.59,1.0,0.011878,0.011878,3.30222,2.051729
2006-01-26,1352.75,1.0,0.007567,0.007567,3.327209,2.067256
2006-01-27,1384.56,1.0,0.023515,0.023515,3.405449,2.115867
2006-01-31,1399.83,1.0,0.011029,0.011029,3.443006,2.139203
2006-02-01,1375.97,1.0,-0.017045,-0.017045,3.384321,2.10274
2006-02-02,1374.44,1.0,-0.001112,-0.001112,3.380557,2.100402
2006-02-03,1333.5,1.0,-0.029787,-0.029787,3.279862,2.037838
2006-02-06,1341.64,1.0,0.006104,0.006104,3.299883,2.050277
2006-02-07,1332.28,1.0,-0.006977,-0.006977,3.276861,2.035974
2006-02-08,1310.99,1.0,-0.01598,-0.01598,3.224497,2.003438
2006-02-09,1321.66,1.0,0.008139,0.008139,3.25074,2.019744
2006-02-10,1335.23,1.0,0.010267,0.010267,3.284117,2.040482
2006-02-13,1320.79,0.5,-0.005868,-0.010815,3.264846,2.018415
2006-02-14,1328.21,0.5,0.002848,0.005618,3.274145,2.029754
2006-02-15,1303.84,0.5,-0.009135,-0.018348,3.244236,1.992512
2006-02-16,1314.32,0.5,0.004058,0.008038,3.257402,2.008527
2006-02-17,1332.73,0.5,0.007043,0.014007,3.280344,2.036661
2006-02-20,1348.25,1.0,0.011145,0.011645,3.316904,2.060379
2006-02-21,1346.49,1.0,-0.001305,-0.001305,3.312574,2.057689
2006-02-22,1340.58,1.0,-0.004389,-0.004389,3.298035,2.048657
2006-02-23,1361.23,1.0,0.015404,0.015404,3.348837,2.080215
2006-02-24,1365.82,1.0,0.003372,0.003372,3.360129,2.087229
2006-02-27,1374.88,1.0,0.006633,0.006633,3.382418,2.101074
2006-02-28,1371.59,1.0,-0.002393,-0.002393,3.374324,2.096047
2006-03-02,1367.7,1.0,-0.002836,-0.002836,3.364754,2.090102
2006-03-03,1328.95,1.0,-0.028332,-0.028332,3.269423,2.030885
2006-03-06,1344.76,1.0,0.011897,0.011897,3.308318,2.055045
2006-03-07,1316.67,1.0,-0.020888,-0.020888,3.239212,2.012119
2006-03-08,1314.05,1.0,-0.00199,-0.00199,3.232767,2.008115
2006-03-09,1311.21,1.0,-0.002161,-0.002161,3.22578,2.003775
2006-03-10,1320.07,1.0,0.006757,0.006757,3.247577,2.017314
2006-03-13,1338.28,1.0,0.013795,0.013795,3.292376,2.045143
2006-03-14,1326.3,1.0,-0.008952,-0.008952,3.262904,2.026835
2006-03-15,1333.98,1.0,0.005791,0.005791,3.281798,2.038571
2006-03-16,1335.98,1.0,0.001499,0.001499,3.286718,2.041628
2006-03-17,1341.12,1.0,0.003847,0.003847,3.299363,2.049483
2006-03-20,1346.69,1.0,0.004153,0.004153,3.313066,2.057995
2006-03-21,1336.65,1.0,-0.007455,-0.007455,3.288366,2.042652
2006-03-22,1309.83,1.0,-0.020065,-0.020065,3.222385,2.001666
2006-03-23,1312.26,1.0,0.001855,0.001855,3.228363,2.005379
2006-03-24,1321.23,1.0,0.006836,0.006836,3.250431,2.019087
2006-03-27,1330.34,0.5,0.002987,0.006895,3.260139,2.033009
2006-03-28,1331.31,0.5,0.000404,0.000729,3.261456,2.034491
2006-03-29,1332.72,0.5,0.000569,0.001059,3.263311,2.036646
2006-03-30,1338.14,0.5,0.002073,0.004067,3.270075,2.044929
2006-03-31,1359.6,0.5,0.008058,0.016037,3.296425,2.077724
2006-04-03,1379.75,0.5,0.00745,0.014821,3.320982,2.108517
2006-04-04,1385.64,0.5,0.002174,0.004269,3.328201,2.117518
2006-04-05,1388.77,0.5,0.001169,0.002259,3.332091,2.122301
2006-04-06,1397.0,0.5,0.003002,0.005926,3.342095,2.134878
2006-04-07,1402.36,0.5,0.001958,0.003837,3.348637,2.143069
2006-04-10,1398.29,1.0,-0.003402,-0.002902,3.337245,2.136849
2006-04-11,1386.08,1.0,-0.008732,-0.008732,3.308103,2.11819
2006-04-12,1383.59,1.0,-0.001796,-0.001796,3.302161,2.114385
2006-04-13,1405.72,1.0,0.015995,0.015995,3.354977,2.148204
2006-04-14,1432.72,1.0,0.019207,0.019207,3.419417,2.189465
2006-04-17,1422.63,1.0,-0.007043,-0.007043,3.395336,2.174045
2006-04-18,1427.0,1.0,0.003072,0.003072,3.405766,2.180723
2006-04-19,1437.84,1.0,0.007596,0.007596,3.431637,2.197289
2006-04-20,1434.15,1.0,-0.002566,-0.002566,3.42283,2.19165
2006-04-21,1451.31,1.0,0.011965,0.011965,3.463785,2.217874
2006-04-24,1430.94,1.0,-0.014036,-0.014036,3.415169,2.186745
2006-04-25,1431.15,1.0,0.000147,0.000147,3.41567,2.187065
2006-04-26,1451.22,1.0,0.014024,0.014024,3.463571,2.217736
2006-04-27,1452.53,1.0,0.000903,0.000903,3.466697,2.219738
2006-04-28,1419.73,1.0,-0.022581,-0.022581,3.388415,2.169614
2006-05-02,1434.9,1.0,0.010685,0.010685,3.42462,2.192796
2006-05-03,1435.17,1.0,0.000188,0.000188,3.425265,2.193209
2006-05-04,1441.02,1.0,0.004076,0.004076,3.439227,2.202149
2006-05-08,1452.23,1.0,0.007779,0.007779,3.465981,2.21928
2006-05-09,1450.44,1.0,-0.001233,-0.001233,3.461709,2.216544
2006-05-10,1451.09,1.0,0.000448,0.000448,3.46326,2.217537
2006-05-11,1464.7,1.0,0.009379,0.009379,3.495743,2.238336
2006-05-12,1445.2,1.0,-0.013313,-0.013313,3.449203,2.208536
2006-05-15,1413.98,1.0,-0.021603,-0.021603,3.374691,2.160826
2006-05-16,1382.11,1.0,-0.022539,-0.022539,3.298628,2.112123
2006-05-17,1401.47,1.0,0.014008,0.014008,3.344834,2.141709
2006-05-18,1365.15,1.0,-0.025916,-0.025916,3.258151,2.086205
2006-05-19,1372.29,1.0,0.00523,0.00523,3.275191,2.097116
2006-05-22,1338.59,0.5,-0.012739,-0.024557,3.233467,2.045616
2006-05-23,1329.86,0.5,-0.003222,-0.006522,3.22305,2.032275
2006-05-24,1333.38,0.5,0.001363,0.002647,3.227442,2.037655
2006-05-25,1295.76,0.5,-0.014068,-0.028214,3.18204,1.980164
2006-05-26,1322.43,0.5,0.010331,0.020583,3.214912,2.020921
2006-05-29,1329.22,0.5,0.002607,0.005134,3.223292,2.031297
2006-05-30,1317.7,0.5,-0.004294,-0.008667,3.209451,2.013693
2006-06-01,1295.09,0.5,-0.00854,-0.017159,3.182042,1.97914
2006-06-02,1309.04,0.5,0.005425,0.010771,3.199304,2.000458
2006-06-05,1301.62,0.5,-0.002795,-0.005668,3.190363,1.989119
2006-06-07,1266.84,0.5,-0.013321,-0.026721,3.147864,1.935969
2006-06-08,1223.13,0.5,-0.017212,-0.034503,3.093682,1.869172
2006-06-09,1235.65,0.5,0.005157,0.010236,3.109637,1.888305
2006-06-12,1239.84,0.0,-0.000421,0.003391,3.108327,1.894708
2006-06-13,1203.86,0.0,7.9e-05,-0.02902,3.108571,1.839724
2006-06-14,1221.73,0.0,7.9e-05,0.014844,3.108815,1.867032
2006-06-15,1219.4,0.0,7.9e-05,-0.001907,3.10906,1.863472
2006-06-16,1262.19,0.0,7.9e-05,0.035091,3.109304,1.928863
2006-06-19,1251.67,0.5,-0.004628,-0.008335,3.094914,1.912786
2006-06-20,1225.83,0.5,-0.010283,-0.020644,3.063089,1.873298
2006-06-21,1227.19,0.5,0.000594,0.001109,3.064909,1.875376
2006-06-22,1238.83,0.5,0.004782,0.009485,3.079565,1.893164
2006-06-23,1228.62,0.5,-0.004082,-0.008242,3.066995,1.877562
2006-06-26,1238.05,0.0,-0.000421,0.007675,3.065703,1.891972
2006-06-27,1247.54,0.0,7.9e-05,0.007665,3.065944,1.906475
2006-06-28,1238.71,0.0,7.9e-05,-0.007078,3.066185,1.892981
2006-06-29,1263.02,0.0,7.9e-05,0.019625,3.066426,1.930131
2006-06-30,1295.15,0.0,7.9e-05,0.025439,3.066667,1.979232
2006-07-03,1294.61,0.5,-0.000669,-0.000417,3.064614,1.978407
2006-07-04,1285.92,0.5,-0.003317,-0.006712,3.054449,1.965127
2006-07-05,1279.85,0.5,-0.002321,-0.00472,3.04736,1.955851
2006-07-06,1263.96,0.5,-0.006168,-0.012416,3.028563,1.931568
2006-07-07,1273.93,0.5,0.003983,0.007888,3.040626,1.946804
2006-07-10,1299.29,0.5,0.009993,0.019907,3.07101,1.985559
2006-07-11,1300.44,0.5,0.000482,0.000885,3.07249,1.987316
2006-07-12,1296.69,0.5,-0.001403,-0.002884,3.068181,1.981585
2006-07-13,1285.02,0.5,-0.004461,-0.009,3.054495,1.963751
2006-07-14,1255.13,0.5,-0.011591,-0.02326,3.019091,1.918074
2006-07-18,1233.42,0.0,-0.000421,-0.017297,3.017818,1.884897
2006-07-19,1233.65,0.0,7.9e-05,0.000186,3.018055,1.885248
2006-07-20,1273.3,0.0,7.9e-05,0.03214,3.018293,1.945841
2006-07-21,1271.33,0.0,7.9e-05,-0.001547,3.01853,1.942831
2006-07-24,1263.35,0.0,7.9e-05,-0.006277,3.018767,1.930636
2006-07-25,1279.77,0.0,7.9e-05,0.012997,3.019004,1.955728
2006-07-26,1279.08,0.0,7.9e-05,-0.000539,3.019242,1.954674
2006-07-27,1296.27,0.0,7.9e-05,0.013439,3.019479,1.980944
2006-07-28,1297.07,0.0,7.9e-05,0.000617,3.019716,1.982166
2006-07-31,1297.82,0.5,-0.000172,0.000578,3.019198,1.983312
2006-08-01,1287.36,0.5,-0.003991,-0.00806,3.00715,1.967327
2006-08-02,1295.11,0.5,0.003049,0.00602,3.016319,1.979171
2006-08-03,1292.05,0.5,-0.001142,-0.002363,3.012875,1.974495
2006-08-04,1304.51,0.5,0.004861,0.009644,3.02752,1.993536
2006-08-07,1289.54,0.0,-0.000421,-0.011476,3.026245,1.970659
2006-08-08,1311.1,0.0,7.9e-05,0.016719,3.026482,2.003607
2006-08-09,1314.93,0.0,7.9e-05,0.002921,3.02672,2.009459
2006-08-10,1304.31,0.0,7.9e-05,-0.008076,3.026958,1.99323
2006-08-11,1292.1,0.0,7.9e-05,-0.009361,3.027196,1.974571
2006-08-14,1295.11,0.5,0.000704,0.00233,3.029327,1.979171
2006-08-16,1315.61,0.5,0.007954,0.015829,3.053422,2.010499
2006-08-17,1327.78,0.5,0.004665,0.00925,3.067664,2.029097
2006-08-18,1331.1,0.5,0.001289,0.0025,3.07162,2.03417
2006-08-21,1321.67,1.0,-0.007584,-0.007084,3.048324,2.019759
2006-08-22,1334.96,1.0,0.010055,0.010055,3.078976,2.040069
2006-08-23,1324.95,1.0,-0.007498,-0.007498,3.055889,2.024772
2006-08-24,1315.73,1.0,-0.006959,-0.006959,3.034624,2.010682
2006-08-25,1329.35,1.0,0.010352,0.010352,3.066037,2.031496
2006-08-28,1327.89,1.0,-0.001098,-0.001098,3.06267,2.029265
2006-08-29,1344.61,1.0,0.012591,0.012591,3.101233,2.054816
2006-08-30,1341.35,1.0,-0.002424,-0.002424,3.093714,2.049834
2006-08-31,1352.74,1.0,0.008491,0.008491,3.119984,2.06724
2006-09-01,1356.67,1.0,0.002905,0.002905,3.129048,2.073246
2006-09-04,1359.06,1.0,0.001762,0.001762,3.134561,2.076898
2006-09-05,1361.24,1.0,0.001604,0.001604,3.139589,2.08023
2006-09-06,1357.01,1.0,-0.003107,-0.003107,3.129833,2.073766
2006-09-07,1351.17,1.0,-0.004304,-0.004304,3.116363,2.064841
2006-09-08,1354.89,1.0,0.002753,0.002753,3.124943,2.070526
2006-09-11,1334.08,1.0,-0.015359,-0.015359,3.076946,2.038724
2006-09-12,1328.04,1.0,-0.004527,-0.004527,3.063016,2.029494
2006-09-13,1333.13,1.0,0.003833,0.003833,3.074755,2.037272
2006-09-14,1358.75,1.0,0.019218,0.019218,3.133846,2.076425
2006-09-15,1361.1,1.0,0.00173,0.00173,3.139266,2.080016
2006-09-18,1374.3,1.0,0.009698,0.009698,3.169711,2.100188
2006-09-19,1373.95,1.0,-0.000255,-0.000255,3.168903,2.099653
2006-09-20,1366.44,1.0,-0.005466,-0.005466,3.151582,2.088176
2006-09-21,1366.79,1.0,0.000256,0.000256,3.152389,2.088711
2006-09-22,1348.38,1.0,-0.01347,-0.01347,3.109928,2.060577
2006-09-25,1355.21,1.0,0.005065,0.005065,3.125681,2.071015
2006-09-26,1343.97,1.0,-0.008294,-0.008294,3.099757,2.053838
2006-09-27,1360.03,1.0,0.01195,0.01195,3.136798,2.078381
2006-09-28,1371.43,1.0,0.008382,0.008382,3.163091,2.095802
2006-09-29,1371.41,1.0,-1.5e-05,-1.5e-05,3.163045,2.095772
2006-10-02,1374.22,1.0,0.002049,0.002049,3.169526,2.100066
2006-10-04,1352.0,1.0,-0.016169,-0.016169,3.118277,2.066109
2006-10-09,1319.4,1.0,-0.024112,-0.024112,3.043088,2.01629
2006-10-10,1328.37,1.0,0.006799,0.006799,3.063777,2.029998
2006-10-11,1325.49,1.0,-0.002168,-0.002168,3.057134,2.025597
2006-10-12,1331.78,1.0,0.004745,0.004745,3.071642,2.035209
2006-10-13,1348.6,1.0,0.01263,0.01263,3.110436,2.060914
2006-10-16,1356.72,1.0,0.006021,0.006021,3.129164,2.073322
2006-10-17,1351.3,1.0,-0.003995,-0.003995,3.116663,2.06504
2006-10-18,1354.26,1.0,0.00219,0.00219,3.12349,2.069563
2006-10-19,1354.06,1.0,-0.000148,-0.000148,3.123029,2.069257
2006-10-20,1364.24,1.0,0.007518,0.007518,3.146508,2.084814
2006-10-23,1364.95,1.0,0.00052,0.00052,3.148146,2.085899
2006-10-24,1366.5,1.0,0.001136,0.001136,3.151721,2.088268
2006-10-25,1371.43,1.0,0.003608,0.003608,3.163091,2.095802
2006-10-26,1373.65,1.0,0.001619,0.001619,3.168211,2.099195
2006-10-27,1369.09,1.0,-0.00332,-0.00332,3.157694,2.092226
2006-10-30,1356.11,1.0,-0.009481,-0.009481,3.127757,2.07239
2006-10-31,1364.55,1.0,0.006224,0.006224,3.147223,2.085288
2006-11-01,1374.35,1.0,0.007182,0.007182,3.169826,2.100264
2006-11-02,1383.73,1.0,0.006825,0.006825,3.19146,2.114599
2006-11-03,1383.88,1.0,0.000108,0.000108,3.191806,2.114828
2006-11-06,1379.19,1.0,-0.003389,-0.003389,3.180989,2.107661
2006-11-07,1387.44,1.0,0.005982,0.005982,3.200017,2.120268
2006-11-08,1380.07,1.0,-0.005312,-0.005312,3.183019,2.109006
2006-11-09,1399.44,1.0,0.014036,0.014036,3.227694,2.138607
2006-11-10,1395.73,1.0,-0.002651,-0.002651,3.219137,2.132937
2006-11-13,1396.69,1.0,0.000688,0.000688,3.221351,2.134404
2006-11-14,1407.37,1.0,0.007647,0.007647,3.245984,2.150725
2006-11-15,1412.54,1.0,0.003674,0.003674,3.257908,2.158626
2006-11-16,1410.75,1.0,-0.001267,-0.001267,3.25378,2.15589
2006-11-17,1412.22,1.0,0.001042,0.001042,3.25717,2.158137
2006-11-20,1402.21,1.0,-0.007088,-0.007088,3.234083,2.14284
2006-11-21,1405.9,1.0,0.002632,0.002632,3.242593,2.148479
2006-11-22,1422.54,1.0,0.011836,0.011836,3.280972,2.173908
2006-11-23,1419.23,1.0,-0.002327,-0.002327,3.273338,2.168849
2006-11-24,1421.73,1.0,0.001762,0.001762,3.279104,2.17267
2006-11-27,1425.13,1.0,0.002391,0.002391,3.286946,2.177866
2006-11-28,1411.47,1.0,-0.009585,-0.009585,3.25544,2.156991
2006-11-29,1422.55,1.0,0.00785,0.00785,3.280995,2.173923
2006-11-30,1432.21,1.0,0.006791,0.006791,3.303275,2.188685
2006-12-01,1434.36,1.0,0.001501,0.001501,3.308234,2.191971
2006-12-04,1426.46,1.0,-0.005508,-0.005508,3.290013,2.179898
2006-12-05,1420.59,1.0,-0.004115,-0.004115,3.276475,2.170928
2006-12-06,1413.73,1.0,-0.004829,-0.004829,3.260653,2.160444
2006-12-07,1410.3,1.0,-0.002426,-0.002426,3.252742,2.155203
2006-12-08,1390.43,1.0,-0.014089,-0.014089,3.206913,2.124838
2006-12-11,1390.73,1.0,0.000216,0.000216,3.207605,2.125296
2006-12-12,1376.98,1.0,-0.009887,-0.009887,3.175892,2.104284
2006-12-13,1383.28,1.0,0.004575,0.004575,3.190422,2.113911
2006-12-14,1418.38,1.0,0.025374,0.025374,3.271378,2.16755
2006-12-15,1421.87,1.0,0.002461,0.002461,3.279427,2.172884
2006-12-18,1433.23,1.0,0.007989,0.007989,3.305628,2.190244
2006-12-19,1427.76,1.0,-0.003817,-0.003817,3.293012,2.181885
2006-12-20,1442.28,1.0,0.01017,0.01017,3.326501,2.204074
2006-12-21,1436.47,1.0,-0.004028,-0.004028,3.313101,2.195195
2006-12-22,1437.49,1.0,0.00071,0.00071,3.315453,2.196754
2006-12-26,1433.92,1.0,-0.002483,-0.002483,3.307219,2.191299
2006-12-27,1425.1,1.0,-0.006151,-0.006151,3.286877,2.17782
2006-12-28,1434.46,1.0,0.006568,0.006568,3.308465,2.192124
2007-01-02,1435.26,1.0,0.000558,0.000558,3.31031,2.193346
2007-01-03,1409.35,1.0,-0.018052,-0.018052,3.250551,2.153751
2007-01-04,1397.29,1.0,-0.008557,-0.008557,3.222735,2.135321
2007-01-05,1385.76,1.0,-0.008252,-0.008252,3.196142,2.117701
2007-01-08,1370.81,1.0,-0.010788,-0.010788,3.161661,2.094855
2007-01-09,1374.34,1.0,0.002575,0.002575,3.169803,2.100249
2007-01-10,1355.79,1.0,-0.013497,-0.013497,3.127019,2.071901
2007-01-11,1365.31,1.0,0.007022,0.007022,3.148976,2.08645
2007-01-12,1388.37,1.0,0.01689,0.01689,3.202162,2.12169
2007-01-15,1390.96,1.0,0.001865,0.001865,3.208136,2.125648
2007-01-16,1389.71,1.0,-0.000899,-0.000899,3.205253,2.123737
2007-01-17,1379.48,1.0,-0.007361,-0.007361,3.181658,2.108104
2007-01-18,1383.21,1.0,0.002704,0.002704,3.190261,2.113804
2007-01-19,1360.56,1.0,-0.016375,-0.016375,3.13802,2.079191
2007-01-22,1363.41,0.5,0.000587,0.002095,3.139861,2.083546
2007-01-23,1363.09,0.5,-7.8e-05,-0.000235,3.139616,2.083057
2007-01-24,1383.06,0.5,0.007365,0.014651,3.162738,2.113575
2007-01-25,1382.36,0.5,-0.000214,-0.000506,3.162062,2.112505
2007-01-26,1371.33,0.5,-0.00395,-0.007979,3.149571,2.095649
2007-01-29,1363.1,0.5,-0.002961,-0.006001,3.140244,2.083072
2007-01-30,1370.72,0.5,0.002834,0.00559,3.149144,2.094717
2007-01-31,1360.23,0.5,-0.003787,-0.007653,3.137218,2.078686
2007-02-01,1382.9,0.5,0.008372,0.016666,3.163484,2.11333
2007-02-02,1413.14,0.5,0.010973,0.021867,3.198197,2.159543
2007-02-05,1417.95,1.0,0.002904,0.003404,3.207484,2.166893
2007-02-06,1428.58,1.0,0.007497,0.007497,3.231529,2.183138
2007-02-07,1426.29,1.0,-0.001603,-0.001603,3.226349,2.179638
2007-02-08,1423.58,1.0,-0.0019,-0.0019,3.220219,2.175497
2007-02-09,1427.68,1.0,0.00288,0.00288,3.229493,2.181763
2007-02-12,1414.29,1.0,-0.009379,-0.009379,3.199204,2.1613
2007-02-13,1418.44,1.0,0.002934,0.002934,3.208592,2.167642
2007-02-14,1436.1,1.0,0.01245,0.01245,3.24854,2.19463
2007-02-15,1443.63,1.0,0.005243,0.005243,3.265573,2.206137
2007-02-16,1448.81,1.0,0.003588,0.003588,3.277291,2.214053
2007-02-20,1452.96,1.0,0.002864,0.002864,3.286678,2.220395
2007-02-21,1451.38,1.0,-0.001087,-0.001087,3.283104,2.217981
2007-02-22,1465.41,1.0,0.009667,0.009667,3.314841,2.239421
2007-02-23,1469.88,1.0,0.00305,0.00305,3.324952,2.246252
2007-02-26,1470.03,1.0,0.000102,0.000102,3.325291,2.246481
2007-02-27,1454.6,1.0,-0.010496,-0.010496,3.290388,2.222901
2007-02-28,1417.34,1.0,-0.025615,-0.025615,3.206104,2.165961
2007-03-02,1414.47,1.0,-0.002025,-0.002025,3.199612,2.161575
2007-03-05,1376.15,0.5,-0.014006,-0.027091,3.154797,2.103015
2007-03-06,1402.93,0.5,0.009769,0.01946,3.185617,2.14394
2007-03-07,1410.95,0.5,0.002898,0.005717,3.194847,2.156196
2007-03-08,1423.89,0.5,0.004625,0.009171,3.209623,2.175971
2007-03-09,1423.58,0.5,-7e-05,-0.000218,3.2094,2.175497
2007-03-12,1441.33,0.5,0.006274,0.012469,3.229534,2.202622
2007-03-13,1436.05,0.5,-0.001792,-0.003663,3.223746,2.194554
2007-03-14,1407.37,0.5,-0.009946,-0.019971,3.191681,2.150725
2007-03-15,1426.93,0.5,0.006988,0.013898,3.213986,2.180616
2007-03-16,1427.88,0.5,0.000372,0.000666,3.215182,2.182068
2007-03-19,1443.39,0.5,0.00547,0.010862,3.23277,2.20577
2007-03-20,1444.17,0.5,0.000309,0.00054,3.233771,2.206962
2007-03-21,1442.85,0.5,-0.000418,-0.000914,3.23242,2.204945
2007-03-22,1448.53,0.5,0.002008,0.003937,3.23891,2.213625
2007-03-23,1447.38,0.5,-0.000358,-0.000794,3.237751,2.211868
2007-03-26,1449.77,0.5,0.000865,0.001651,3.240552,2.21552
2007-03-27,1453.23,0.5,0.001233,0.002387,3.244546,2.220808
2007-03-28,1439.74,0.5,-0.004602,-0.009283,3.229614,2.200193
2007-03-29,1450.95,0.5,0.003932,0.007786,3.242314,2.217324
2007-03-30,1452.55,0.5,0.000591,0.001103,3.244229,2.219769
2007-04-02,1459.53,1.0,0.004305,0.004805,3.258197,2.230435
2007-04-03,1463.75,1.0,0.002891,0.002891,3.267617,2.236884
2007-04-04,1483.41,1.0,0.013431,0.013431,3.311505,2.266928
2007-04-05,1482.04,1.0,-0.000924,-0.000924,3.308447,2.264835
2007-04-06,1484.15,1.0,0.001424,0.001424,3.313157,2.268059
2007-04-09,1501.06,1.0,0.011394,0.011394,3.350907,2.293901
2007-04-10,1499.16,1.0,-0.001266,-0.001266,3.346665,2.290997
2007-04-11,1513.42,1.0,0.009512,0.009512,3.378499,2.312789
2007-04-12,1525.61,1.0,0.008055,0.008055,3.405711,2.331418
2007-04-13,1520.78,1.0,-0.003166,-0.003166,3.394929,2.324037
2007-04-16,1532.04,1.0,0.007404,0.007404,3.420065,2.341244
2007-04-17,1528.66,1.0,-0.002206,-0.002206,3.41252,2.336079
2007-04-18,1534.58,1.0,0.003873,0.003873,3.425735,2.345126
2007-04-19,1513.66,1.0,-0.013632,-0.013632,3.379034,2.313156
2007-04-20,1533.08,1.0,0.01283,0.01283,3.422387,2.342834
2007-04-23,1544.35,1.0,0.007351,0.007351,3.447546,2.360056
2007-04-24,1556.71,1.0,0.008003,0.008003,3.475137,2.378945
2007-04-25,1545.55,1.0,-0.007169,-0.007169,3.450224,2.36189
2007-04-26,1553.13,1.0,0.004904,0.004904,3.467146,2.373474
2007-04-27,1542.52,1.0,-0.006831,-0.006831,3.44346,2.35726
2007-04-30,1542.24,1.0,-0.000182,-0.000182,3.442835,2.356832
2007-05-02,1553.3,1.0,0.007171,0.007171,3.467525,2.373734
2007-05-03,1559.86,1.0,0.004223,0.004223,3.482169,2.383758
2007-05-04,1567.74,1.0,0.005052,0.005052,3.49976,2.395801
2007-05-07,1584.46,1.0,0.010665,0.010665,3.537085,2.421352
2007-05-08,1582.65,1.0,-0.001142,-0.001142,3.533045,2.418586
2007-05-09,1593.42,1.0,0.006805,0.006805,3.557087,2.435044
2007-05-10,1599.68,1.0,0.003929,0.003929,3.571062,2.444611
2007-05-11,1603.56,1.0,0.002425,0.002425,3.579724,2.45054
2007-05-14,1605.77,1.0,0.001378,0.001378,3.584657,2.453918
2007-05-15,1589.37,1.0,-0.010213,-0.010213,3.548046,2.428855
2007-05-16,1600.6,1.0,0.007066,0.007066,3.573116,2.446017
2007-05-17,1615.58,1.0,0.009359,0.009359,3.606557,2.468909
2007-05-18,1612.25,1.0,-0.002061,-0.002061,3.599123,2.46382
2007-05-21,1628.2,1.0,0.009893,0.009893,3.634729,2.488195
2007-05-22,1642.88,1.0,0.009016,0.009016,3.6675,2.510629
2007-05-23,1646.59,1.0,0.002258,0.002258,3.675782,2.516298
2007-05-25,1644.56,1.0,-0.001233,-0.001233,3.67125,2.513196
2007-05-28,1657.91,1.0,0.008118,0.008118,3.701052,2.533597
2007-05-29,1661.8,1.0,0.002346,0.002346,3.709736,2.539542
2007-05-30,1662.72,1.0,0.000554,0.000554,3.71179,2.540948
2007-05-31,1700.91,1.0,0.022968,0.022968,3.797044,2.599309
2007-06-01,1716.24,1.0,0.009013,0.009013,3.831266,2.622736
2007-06-04,1737.59,1.0,0.01244,0.01244,3.878927,2.655363
2007-06-05,1742.19,1.0,0.002647,0.002647,3.889196,2.662393
2007-06-07,1753.04,1.0,0.006228,0.006228,3.913417,2.678974
2007-06-08,1727.28,1.0,-0.014694,-0.014694,3.855911,2.639608
2007-06-11,1716.56,1.0,-0.006206,-0.006206,3.83198,2.623225
2007-06-12,1729.88,1.0,0.00776,0.00776,3.861715,2.643581
2007-06-13,1721.99,1.0,-0.004561,-0.004561,3.844102,2.631523
2007-06-14,1769.18,1.0,0.027404,0.027404,3.949447,2.703639
2007-06-15,1772.26,1.0,0.001741,0.001741,3.956323,2.708345
2007-06-18,1806.88,1.0,0.019534,0.019534,4.033607,2.761251
2007-06-19,1807.85,1.0,0.000537,0.000537,4.035772,2.762734
2007-06-20,1783.79,1.0,-0.013309,-0.013309,3.982062,2.725965
2007-06-21,1794.24,1.0,0.005858,0.005858,4.00539,2.741935
2007-06-22,1770.98,1.0,-0.012964,-0.012964,3.953465,2.706389
2007-06-25,1757.73,1.0,-0.007482,-0.007482,3.923887,2.686141
2007-06-26,1749.55,1.0,-0.004654,-0.004654,3.905626,2.67364
2007-06-27,1733.1,1.0,-0.009402,-0.009402,3.868904,2.648502
2007-06-28,1751.75,1.0,0.010761,0.010761,3.910537,2.677002
2007-06-29,1743.6,1.0,-0.004652,-0.004652,3.892343,2.664548
2007-07-02,1771.35,1.0,0.015915,0.015915,3.954291,2.706955
2007-07-03,1805.5,1.0,0.019279,0.019279,4.030526,2.759142
2007-07-04,1838.41,1.0,0.018228,0.018228,4.103993,2.809435
2007-07-05,1847.79,1.0,0.005102,0.005102,4.124933,2.823769
2007-07-06,1861.01,1.0,0.007154,0.007154,4.154445,2.843972
2007-07-09,1883.59,1.0,0.012133,0.012133,4.204851,2.878479
2007-07-10,1894.53,1.0,0.005808,0.005808,4.229273,2.895197
2007-07-11,1889.96,1.0,-0.002412,-0.002412,4.219072,2.888213
2007-07-12,1909.75,1.0,0.010471,0.010471,4.26325,2.918456
2007-07-13,1962.93,1.0,0.027847,0.027847,4.381967,2.999725
2007-07-16,1949.51,1.0,-0.006837,-0.006837,4.352009,2.979217
2007-07-18,1930.7,1.0,-0.009649,-0.009649,4.310018,2.950471
2007-07-19,1937.9,1.0,0.003729,0.003729,4.326091,2.961474
2007-07-20,1983.54,1.0,0.023551,0.023551,4.427976,3.031221
2007-07-23,1993.05,1.0,0.004794,0.004794,4.449206,3.045754
2007-07-24,1992.26,1.0,-0.000396,-0.000396,4.447442,3.044547
2007-07-25,2004.22,1.0,0.006003,0.006003,4.474141,3.062824
2007-07-26,1963.54,1.0,-0.020297,-0.020297,4.383329,3.000657
2007-07-27,1883.22,1.0,-0.040906,-0.040906,4.204025,2.877913
2007-07-30,1906.71,1.0,0.012473,0.012473,4.256464,2.91381
2007-07-31,1933.27,1.0,0.01393,0.01393,4.315755,2.954399
2007-08-01,1856.45,1.0,-0.039736,-0.039736,4.144265,2.837004
2007-08-02,1853.07,1.0,-0.001821,-0.001821,4.13672,2.831838
2007-08-03,1876.8,1.0,0.012806,0.012806,4.189694,2.868102
2007-08-06,1855.05,1.0,-0.011589,-0.011589,4.14114,2.834864
2007-08-07,1859.82,1.0,0.002571,0.002571,4.151788,2.842154
2007-08-08,1903.41,1.0,0.023438,0.023438,4.249097,2.908767
2007-08-09,1908.68,1.0,0.002769,0.002769,4.260861,2.916821
2007-08-10,1828.49,1.0,-0.042013,-0.042013,4.081848,2.794275
2007-08-13,1849.26,0.5,0.005219,0.011359,4.103151,2.826016
2007-08-14,1817.89,0.5,-0.008442,-0.016964,4.06851,2.778077
2007-08-16,1691.98,0.5,-0.034592,-0.069262,3.927774,2.585663
2007-08-17,1638.07,0.5,-0.015892,-0.031862,3.865355,2.503278
2007-08-20,1731.27,0.0,-0.000421,0.056896,3.863726,2.645705
2007-08-21,1736.18,0.0,7.9e-05,0.002836,3.86403,2.653208
2007-08-22,1759.5,0.0,7.9e-05,0.013432,3.864333,2.688846
2007-08-23,1799.72,0.0,7.9e-05,0.022859,3.864637,2.750309
2007-08-24,1791.33,0.0,7.9e-05,-0.004662,3.864941,2.737488
2007-08-27,1803.03,0.5,0.002805,0.006531,3.875782,2.755368
2007-08-28,1829.31,0.5,0.007327,0.014575,3.90418,2.795529
2007-08-29,1826.19,0.5,-0.000813,-0.001706,3.901004,2.790761
2007-08-30,1841.7,0.5,0.004286,0.008493,3.917723,2.814463
2007-08-31,1873.24,0.5,0.008602,0.017125,3.951423,2.862662
2007-09-03,1881.81,0.5,0.002327,0.004575,3.960617,2.875758
2007-09-04,1874.74,0.5,-0.001839,-0.003757,3.953333,2.864954
2007-09-05,1865.59,0.5,-0.002401,-0.004881,3.943841,2.850971
2007-09-06,1888.81,0.5,0.006263,0.012446,3.968539,2.886456
2007-09-07,1884.9,0.5,-0.000996,-0.00207,3.964588,2.88048
2007-09-10,1835.87,0.5,-0.012967,-0.026012,3.91318,2.805553
2007-09-11,1847.36,0.5,0.003169,0.006259,3.925579,2.823112
2007-09-12,1813.52,0.5,-0.00912,-0.018318,3.889779,2.771398
2007-09-13,1848.02,0.5,0.009551,0.019024,3.926931,2.824121
2007-09-14,1870.02,0.5,0.005992,0.011905,3.95046,2.857741
2007-09-17,1871.68,1.0,0.000388,0.000888,3.951991,2.860278
2007-09-18,1838.61,1.0,-0.017669,-0.017669,3.882165,2.809741
2007-09-19,1902.65,1.0,0.034831,0.034831,4.017383,2.907606
2007-09-20,1908.97,1.0,0.003322,0.003322,4.030728,2.917264
2007-09-21,1919.26,1.0,0.00539,0.00539,4.052455,2.932989
2007-09-27,1945.28,1.0,0.013557,0.013557,4.107395,2.972752
2007-09-28,1946.48,1.0,0.000617,0.000617,4.109929,2.974586
2007-10-01,1962.67,1.0,0.008318,0.008318,4.144114,2.999328
2007-10-02,2014.09,1.0,0.026199,0.026199,4.252685,3.077907
2007-10-04,2003.6,1.0,-0.005208,-0.005208,4.230536,3.061876
2007-10-05,1996.03,1.0,-0.003778,-0.003778,4.214552,3.050308
2007-10-08,2012.82,0.5,0.003745,0.008412,4.230336,3.075966
2007-10-09,2014.13,0.5,0.000365,0.000651,4.231879,3.077968
2007-10-10,2041.12,0.5,0.006739,0.0134,4.2604,3.119214
2007-10-11,2058.85,0.5,0.004382,0.008686,4.279071,3.146309
2007-10-12,2026.44,0.5,-0.007832,-0.015742,4.245559,3.09678
2007-10-15,2035.39,1.0,0.003917,0.004417,4.262187,3.110457
2007-10-16,2005.76,1.0,-0.014557,-0.014557,4.200141,3.065177
2007-10-17,1983.94,1.0,-0.010879,-0.010879,4.154449,3.031832
2007-10-18,2005.09,1.0,0.010661,0.010661,4.198738,3.064153
2007-10-19,1970.1,1.0,-0.017451,-0.017451,4.125467,3.010682
2007-10-22,1903.81,0.5,-0.017285,-0.033648,4.05416,2.909378
2007-10-23,1947.98,0.5,0.01164,0.023201,4.101349,2.976879
2007-10-24,1933.36,0.5,-0.003713,-0.007505,4.086119,2.954536
2007-10-25,1976.75,0.5,0.011261,0.022443,4.132132,3.020844
2007-10-26,2028.06,0.5,0.013018,0.025957,4.185923,3.099256
2007-10-29,2062.92,1.0,0.016689,0.017189,4.255781,3.152528
2007-10-30,2052.37,1.0,-0.005114,-0.005114,4.234016,3.136406
2007-10-31,2064.85,1.0,0.006081,0.006081,4.259762,3.155478
2007-11-01,2063.14,1.0,-0.000828,-0.000828,4.256235,3.152865
2007-11-02,2019.34,1.0,-0.02123,-0.02123,4.165876,3.08593
2007-11-05,2015.76,1.0,-0.001773,-0.001773,4.15849,3.080459
2007-11-06,2054.24,1.0,0.01909,0.01909,4.237874,3.139264
2007-11-07,2043.19,1.0,-0.005379,-0.005379,4.215078,3.122377
2007-11-08,1979.56,1.0,-0.031142,-0.031142,4.08381,3.025139
2007-11-09,1990.47,1.0,0.005511,0.005511,4.106317,3.041811
2007-11-12,1923.42,1.0,-0.033686,-0.033686,3.967994,2.939346
2007-11-13,1932.89,1.0,0.004924,0.004924,3.98753,2.953818
2007-11-14,1972.58,1.0,0.020534,0.020534,4.06941,3.014472
2007-11-15,1947.74,1.0,-0.012593,-0.012593,4.018166,2.976512
2007-11-16,1926.2,1.0,-0.011059,-0.011059,3.973729,2.943595
2007-11-19,1893.47,1.0,-0.016992,-0.016992,3.906207,2.893577
2007-11-20,1872.24,1.0,-0.011212,-0.011212,3.86241,2.861134
2007-11-21,1806.99,1.0,-0.034851,-0.034851,3.7278,2.761419
2007-11-22,1799.02,1.0,-0.004411,-0.004411,3.711358,2.74924
2007-11-23,1772.88,1.0,-0.01453,-0.01453,3.657432,2.709293
2007-11-26,1855.33,0.0,-0.000921,0.046506,3.654062,2.835292
2007-11-27,1859.79,0.0,7.9e-05,0.002404,3.654349,2.842108
2007-11-28,1834.69,0.0,7.9e-05,-0.013496,3.654636,2.80375
2007-11-29,1877.56,0.0,7.9e-05,0.023366,3.654923,2.869264
2007-11-30,1906.0,0.0,7.9e-05,0.015147,3.65521,2.912725
2007-12-03,1902.43,0.5,-0.001397,-0.001873,3.650103,2.90727
2007-12-04,1917.83,0.5,0.004087,0.008095,3.66502,2.930804
2007-12-05,1938.2,0.5,0.00535,0.010621,3.684628,2.961933
2007-12-06,1953.17,0.5,0.003901,0.007724,3.699002,2.98481
2007-12-07,1934.32,0.5,-0.004786,-0.009651,3.681298,2.956003
2007-12-10,1906.42,1.0,-0.014924,-0.014424,3.62636,2.913367
2007-12-11,1925.07,1.0,0.009783,0.009783,3.661835,2.941868
2007-12-12,1927.45,1.0,0.001236,0.001236,3.666362,2.945505
2007-12-13,1915.9,1.0,-0.005992,-0.005992,3.644392,2.927854
2007-12-14,1895.05,1.0,-0.010883,-0.010883,3.604732,2.895992
2007-12-17,1839.82,0.5,-0.015033,-0.029144,3.550542,2.81159
2007-12-18,1861.47,0.5,0.005923,0.011767,3.571572,2.844675
2007-12-20,1844.37,0.5,-0.004554,-0.009186,3.555308,2.818543
2007-12-21,1878.32,0.5,0.009243,0.018407,3.588169,2.870425
2007-12-24,1919.47,0.5,0.010993,0.021908,3.627615,2.93331
2007-12-26,1906.72,0.5,-0.003282,-0.006642,3.615709,2.913826
2007-12-27,1908.62,0.5,0.000538,0.000996,3.617653,2.916729
2007-12-28,1897.13,0.5,-0.002971,-0.00602,3.606906,2.89917
2008-01-02,1853.45,0.5,-0.011473,-0.023024,3.565524,2.832419
2008-01-03,1852.73,0.5,-0.000155,-0.000388,3.564972,2.831319
2008-01-04,1863.9,0.5,0.003054,0.006029,3.575858,2.848389
2008-01-07,1831.14,0.0,-0.000421,-0.017576,3.574352,2.798325
2008-01-08,1826.23,0.0,7.9e-05,-0.002681,3.574632,2.790822
2008-01-09,1844.47,0.0,7.9e-05,0.009988,3.574913,2.818696
2008-01-10,1824.78,0.0,7.9e-05,-0.010675,3.575194,2.788606
2008-01-11,1782.27,0.0,7.9e-05,-0.023296,3.575475,2.723643
2008-01-14,1765.88,0.0,7.9e-05,-0.009196,3.575756,2.698596
2008-01-15,1746.95,0.0,7.9e-05,-0.01072,3.576037,2.669667
2008-01-16,1704.97,0.0,7.9e-05,-0.02403,3.576318,2.605514
2008-01-17,1723.55,0.0,7.9e-05,0.010898,3.576599,2.633907
2008-01-18,1734.72,0.0,7.9e-05,0.006481,3.57688,2.650977
2008-01-21,1683.56,0.0,7.9e-05,-0.029492,3.577161,2.572795
2008-01-22,1609.02,0.0,7.9e-05,-0.044275,3.577443,2.458884
2008-01-23,1628.42,0.0,7.9e-05,0.012057,3.577724,2.488531
2008-01-24,1663.0,0.0,7.9e-05,0.021235,3.578005,2.541376
2008-01-25,1692.41,0.0,7.9e-05,0.017685,3.578286,2.58632
2008-01-28,1627.19,0.0,7.9e-05,-0.038537,3.578567,2.486651
2008-01-29,1637.91,0.0,7.9e-05,0.006588,3.578848,2.503033
2008-01-30,1589.06,0.0,7.9e-05,-0.029825,3.57913,2.428381
2008-01-31,1624.68,0.0,7.9e-05,0.022416,3.579411,2.482816
2008-02-01,1634.53,0.0,7.9e-05,0.006063,3.579692,2.497868
2008-02-04,1690.13,0.0,7.9e-05,0.034016,3.579974,2.582835
2008-02-05,1696.57,0.0,7.9e-05,0.00381,3.580255,2.592677
2008-02-11,1640.67,0.0,7.9e-05,-0.032949,3.580536,2.507251
2008-02-12,1643.29,0.0,7.9e-05,0.001597,3.580818,2.511255
2008-02-13,1631.78,0.0,7.9e-05,-0.007004,3.581099,2.493666
2008-02-14,1697.45,0.0,7.9e-05,0.040244,3.58138,2.594022
2008-02-15,1694.77,0.0,7.9e-05,-0.001579,3.581662,2.589926
2008-02-19,1720.52,0.0,7.9e-05,0.015194,3.581943,2.629277
2008-02-20,1687.91,0.0,7.9e-05,-0.018954,3.582225,2.579443
2008-02-21,1704.36,0.0,7.9e-05,0.009746,3.582506,2.604582
2008-02-22,1686.45,0.0,7.9e-05,-0.010508,3.582788,2.577212
2008-02-25,1709.13,0.0,7.9e-05,0.013448,3.583069,2.611871
2008-02-26,1709.13,0.0,7.9e-05,0.0,3.583351,2.611871
2008-02-27,1720.89,0.0,7.9e-05,0.006881,3.583633,2.629842
2008-02-28,1736.17,0.0,7.9e-05,0.008879,3.583914,2.653193
2008-02-29,1711.62,0.0,7.9e-05,-0.01414,3.584196,2.615676
2008-03-03,1671.73,0.0,7.9e-05,-0.023305,3.584478,2.554717
2008-03-04,1676.18,0.0,7.9e-05,0.002662,3.584759,2.561517
2008-03-05,1677.1,0.0,7.9e-05,0.000549,3.585041,2.562923
2008-03-06,1697.44,0.0,7.9e-05,0.012128,3.585323,2.594006
2008-03-07,1663.97,0.0,7.9e-05,-0.019718,3.585604,2.542858
2008-03-10,1625.17,0.0,7.9e-05,-0.023318,3.585886,2.483564
2008-03-11,1641.48,0.0,7.9e-05,0.010036,3.586168,2.508489
2008-03-12,1658.83,0.0,7.9e-05,0.01057,3.58645,2.535003
2008-03-13,1615.62,0.0,7.9e-05,-0.026048,3.586732,2.46897
2008-03-14,1600.26,0.0,7.9e-05,-0.009507,3.587013,2.445497
2008-03-17,1574.44,0.0,7.9e-05,-0.016135,3.587295,2.406039
2008-03-18,1588.75,0.0,7.9e-05,0.009089,3.587577,2.427908
2008-03-19,1622.23,0.0,7.9e-05,0.021073,3.587859,2.479071
2008-03-20,1623.39,0.0,7.9e-05,0.000715,3.588141,2.480844
2008-03-21,1645.69,0.0,7.9e-05,0.013737,3.588423,2.514923
2008-03-24,1655.3,0.0,7.9e-05,0.005839,3.588705,2.529609
2008-03-25,1674.93,0.0,7.9e-05,0.011859,3.588987,2.559607
2008-03-26,1679.67,0.0,7.9e-05,0.00283,3.589269,2.566851
2008-03-27,1676.24,0.0,7.9e-05,-0.002042,3.589551,2.561609
2008-03-28,1701.83,0.0,7.9e-05,0.015266,3.589833,2.600715
2008-03-31,1703.99,0.0,7.9e-05,0.001269,3.590115,2.604016
2008-04-01,1702.25,0.0,7.9e-05,-0.001021,3.590398,2.601357
2008-04-02,1742.19,0.0,7.9e-05,0.023463,3.59068,2.662393
2008-04-03,1763.63,0.0,7.9e-05,0.012306,3.590962,2.695157
2008-04-04,1766.49,0.0,7.9e-05,0.001622,3.591244,2.699528
2008-04-07,1773.56,0.5,0.00154,0.004002,3.596776,2.710332
2008-04-08,1754.71,0.5,-0.005275,-0.010628,3.577804,2.681526
2008-04-10,1764.64,0.5,0.002869,0.005659,3.588068,2.696701
2008-04-11,1779.71,0.5,0.004309,0.00854,3.60353,2.71973
2008-04-14,1746.71,1.0,-0.019042,-0.018542,3.53491,2.6693
2008-04-15,1742.17,1.0,-0.002599,-0.002599,3.525722,2.662362
2008-04-16,1758.56,1.0,0.009408,0.009408,3.558892,2.687409
2008-04-17,1768.67,1.0,0.005749,0.005749,3.579352,2.702859
2008-04-18,1771.9,1.0,0.001826,0.001826,3.585888,2.707795
2008-04-21,1800.48,1.0,0.01613,0.01613,3.643727,2.751471
2008-04-22,1787.49,1.0,-0.007215,-0.007215,3.617439,2.73162
2008-04-23,1800.79,1.0,0.007441,0.007441,3.644355,2.751945
2008-04-24,1799.34,1.0,-0.000805,-0.000805,3.64142,2.749729
2008-04-25,1824.68,1.0,0.014083,0.014083,3.692702,2.788453
2008-04-28,1823.17,1.0,-0.000828,-0.000828,3.689646,2.786145
2008-04-29,1811.51,1.0,-0.006395,-0.006395,3.666049,2.768327
2008-04-30,1825.47,1.0,0.007706,0.007706,3.694301,2.78966
2008-05-02,1848.27,1.0,0.01249,0.01249,3.740442,2.824503
2008-05-06,1859.06,1.0,0.005838,0.005838,3.762279,2.840992
2008-05-07,1854.01,1.0,-0.002716,-0.002716,3.752059,2.833275
2008-05-08,1848.0,1.0,-0.003242,-0.003242,3.739896,2.82409
2008-05-09,1823.7,1.0,-0.013149,-0.013149,3.690719,2.786955
2008-05-13,1842.8,1.0,0.010473,0.010473,3.729372,2.816144
2008-05-14,1843.75,1.0,0.000516,0.000516,3.731295,2.817596
2008-05-15,1885.71,1.0,0.022758,0.022758,3.816212,2.881718
2008-05-16,1888.88,1.0,0.001681,0.001681,3.822627,2.886563
2008-05-19,1885.37,1.0,-0.001858,-0.001858,3.815524,2.881199
2008-05-20,1873.15,1.0,-0.006481,-0.006481,3.790793,2.862524
2008-05-21,1847.51,1.0,-0.013688,-0.013688,3.738904,2.823342
2008-05-22,1835.42,1.0,-0.006544,-0.006544,3.714437,2.804866
2008-05-23,1827.94,1.0,-0.004075,-0.004075,3.6993,2.793435
2008-05-26,1800.58,1.0,-0.014968,-0.014968,3.64393,2.751624
2008-05-27,1825.23,1.0,0.01369,0.01369,3.693815,2.789294
2008-05-28,1805.64,1.0,-0.010733,-0.010733,3.65417,2.759356
2008-05-29,1841.22,1.0,0.019705,0.019705,3.726175,2.813729
2008-05-30,1852.02,1.0,0.005866,0.005866,3.748031,2.830234
2008-06-02,1847.53,1.0,-0.002424,-0.002424,3.738945,2.823372
2008-06-03,1819.39,1.0,-0.015231,-0.015231,3.681996,2.780369
2008-06-04,1833.81,1.0,0.007926,0.007926,3.711179,2.802405
2008-06-05,1832.31,1.0,-0.000818,-0.000818,3.708143,2.800113
2008-06-09,1808.96,1.0,-0.012743,-0.012743,3.660889,2.76443
2008-06-10,1774.38,1.0,-0.019116,-0.019116,3.590907,2.711585
2008-06-11,1781.67,1.0,0.004108,0.004108,3.60566,2.722726
2008-06-12,1739.36,1.0,-0.023747,-0.023747,3.520035,2.658068
2008-06-13,1747.35,1.0,0.004594,0.004594,3.536205,2.670278
2008-06-16,1760.82,0.5,0.003394,0.007709,3.548206,2.690863
2008-06-17,1750.71,0.5,-0.002832,-0.005742,3.538159,2.675413
2008-06-18,1774.13,0.5,0.006728,0.013377,3.561964,2.711203
2008-06-19,1740.72,0.5,-0.009377,-0.018832,3.528565,2.660146
2008-06-20,1731.0,0.5,-0.002753,-0.005584,3.518852,2.645292
2008-06-23,1715.59,0.0,-0.000421,-0.008902,3.517369,2.621743
2008-06-24,1710.84,0.0,7.9e-05,-0.002769,3.517645,2.614484
2008-06-25,1717.79,0.0,7.9e-05,0.004062,3.517922,2.625105
2008-06-26,1717.66,0.0,7.9e-05,-7.6e-05,3.518198,2.624906
2008-06-27,1684.45,0.0,7.9e-05,-0.019334,3.518475,2.574155
2008-06-30,1674.92,0.0,7.9e-05,-0.005658,3.518751,2.559592
2008-07-01,1666.46,0.0,7.9e-05,-0.005051,3.519028,2.546663
2008-07-02,1623.6,0.0,7.9e-05,-0.025719,3.519304,2.481165
2008-07-03,1606.54,0.0,7.9e-05,-0.010508,3.519581,2.455094
2008-07-04,1577.94,0.0,7.9e-05,-0.017802,3.519858,2.411388
2008-07-07,1579.72,0.0,7.9e-05,0.001128,3.520134,2.414108
2008-07-08,1533.47,0.0,7.9e-05,-0.029277,3.520411,2.34343
2008-07-09,1519.38,0.0,7.9e-05,-0.009188,3.520687,2.321897
2008-07-10,1537.43,0.0,7.9e-05,0.01188,3.520964,2.349481
2008-07-11,1567.51,0.0,7.9e-05,0.019565,3.521241,2.395449
2008-07-14,1558.62,0.0,7.9e-05,-0.005671,3.521518,2.381863
2008-07-15,1509.33,0.0,7.9e-05,-0.031624,3.521794,2.306539
2008-07-16,1507.4,0.0,7.9e-05,-0.001279,3.522071,2.30359
2008-07-17,1525.56,0.0,7.9e-05,0.012047,3.522348,2.331342
2008-07-18,1509.99,0.0,7.9e-05,-0.010206,3.522625,2.307548
2008-07-21,1562.92,0.0,7.9e-05,0.035053,3.522901,2.388435
2008-07-22,1561.23,0.0,7.9e-05,-0.001081,3.523178,2.385852
2008-07-23,1591.76,0.0,7.9e-05,0.019555,3.523455,2.432508
2008-07-24,1626.14,0.0,7.9e-05,0.021599,3.523732,2.485047
2008-07-25,1597.93,0.0,7.9e-05,-0.017348,3.524009,2.441937
2008-07-28,1598.29,0.0,7.9e-05,0.000225,3.524286,2.442487
2008-07-29,1567.2,0.0,7.9e-05,-0.019452,3.524563,2.394975
2008-07-30,1577.7,0.0,7.9e-05,0.0067,3.52484,2.411021
2008-07-31,1594.67,0.0,7.9e-05,0.010756,3.525117,2.436955
2008-08-01,1573.77,0.0,7.9e-05,-0.013106,3.525394,2.405016
2008-08-04,1543.05,0.0,7.9e-05,-0.01952,3.525671,2.35807
2008-08-05,1535.54,0.0,7.9e-05,-0.004867,3.525948,2.346593
2008-08-06,1578.71,0.0,7.9e-05,0.028114,3.526225,2.412565
2008-08-07,1564.0,0.0,7.9e-05,-0.009318,3.526502,2.390085
2008-08-08,1568.72,0.0,7.9e-05,0.003018,3.526779,2.397298
2008-08-11,1581.09,0.0,7.9e-05,0.007885,3.527056,2.416202
2008-08-12,1577.12,0.0,7.9e-05,-0.002511,3.527334,2.410135
2008-08-13,1562.72,0.0,7.9e-05,-0.009131,3.527611,2.388129
2008-08-14,1572.19,0.0,7.9e-05,0.00606,3.527888,2.402601
2008-08-18,1567.71,0.0,7.9e-05,-0.00285,3.528165,2.395755
2008-08-19,1541.41,0.0,7.9e-05,-0.016776,3.528443,2.355563
2008-08-20,1540.71,0.0,7.9e-05,-0.000454,3.52872,2.354494
2008-08-21,1512.59,0.0,7.9e-05,-0.018251,3.528997,2.311521
2008-08-22,1496.91,0.0,7.9e-05,-0.010366,3.529274,2.287559
2008-08-25,1502.11,0.0,7.9e-05,0.003474,3.529552,2.295506
2008-08-26,1490.25,0.0,7.9e-05,-0.007896,3.529829,2.277381
2008-08-27,1493.92,0.0,7.9e-05,0.002463,3.530107,2.28299
2008-08-28,1474.15,0.0,7.9e-05,-0.013234,3.530384,2.252777
2008-08-29,1474.24,0.0,7.9e-05,6.1e-05,3.530661,2.252915
2008-09-01,1414.43,0.0,7.9e-05,-0.04057,3.530939,2.161514
2008-09-02,1407.14,0.0,7.9e-05,-0.005154,3.531216,2.150374
2008-09-03,1426.89,0.0,7.9e-05,0.014036,3.531494,2.180555
2008-09-04,1426.43,0.0,7.9e-05,-0.000322,3.531771,2.179852
2008-09-05,1404.38,0.0,7.9e-05,-0.015458,3.532049,2.146156
2008-09-08,1476.65,0.0,7.9e-05,0.05146,3.532326,2.256598
2008-09-09,1454.5,0.0,7.9e-05,-0.015,3.532604,2.222749
2008-09-10,1464.98,0.0,7.9e-05,0.007205,3.532882,2.238764
2008-09-11,1443.24,0.0,7.9e-05,-0.01484,3.533159,2.205541
2008-09-12,1477.92,0.0,7.9e-05,0.024029,3.533437,2.258539
2008-09-16,1387.75,0.0,7.9e-05,-0.061011,3.533715,2.120742
2008-09-17,1425.26,0.0,7.9e-05,0.027029,3.533992,2.178064
2008-09-18,1392.42,0.0,7.9e-05,-0.023041,3.53427,2.127879
2008-09-19,1455.78,0.0,7.9e-05,0.045504,3.534548,2.224705
2008-09-22,1460.34,0.0,7.9e-05,0.003132,3.534826,2.231673
2008-09-23,1481.37,0.0,7.9e-05,0.014401,3.535103,2.263811
2008-09-24,1495.98,0.0,7.9e-05,0.009862,3.535381,2.286138
2008-09-25,1501.63,0.0,7.9e-05,0.003777,3.535659,2.294772
2008-09-26,1476.33,0.0,7.9e-05,-0.016848,3.535937,2.256109
2008-09-29,1456.36,0.0,7.9e-05,-0.013527,3.536215,2.225591
2008-09-30,1448.06,0.0,7.9e-05,-0.005699,3.536493,2.212907
2008-10-01,1439.67,0.0,7.9e-05,-0.005794,3.53677,2.200086
2008-10-02,1419.65,0.0,7.9e-05,-0.013906,3.537048,2.169491
2008-10-06,1358.75,0.0,7.9e-05,-0.042898,3.537326,2.076425
2008-10-07,1366.1,0.0,7.9e-05,0.005409,3.537604,2.087657
2008-10-08,1286.69,0.0,7.9e-05,-0.058129,3.537882,1.966303
2008-10-09,1294.89,0.0,7.9e-05,0.006373,3.53816,1.978835
2008-10-10,1241.47,0.0,7.9e-05,-0.041254,3.538438,1.897199
2008-10-13,1288.53,0.0,7.9e-05,0.037907,3.538716,1.969115
2008-10-14,1367.69,0.0,7.9e-05,0.061434,3.538995,2.090087
2008-10-15,1340.28,0.0,7.9e-05,-0.020041,3.539273,2.048199
2008-10-16,1213.78,0.0,7.9e-05,-0.094383,3.539551,1.854883
2008-10-17,1180.67,0.0,7.9e-05,-0.027278,3.539829,1.804285
2008-10-20,1207.63,0.0,7.9e-05,0.022834,3.540107,1.845485
2008-10-21,1196.1,0.0,7.9e-05,-0.009548,3.540385,1.827865
2008-10-22,1134.59,0.0,7.9e-05,-0.051425,3.540664,1.733866
2008-10-23,1049.71,0.0,7.9e-05,-0.074811,3.540942,1.604154
2008-10-24,938.75,0.0,7.9e-05,-0.105705,3.54122,1.434586
2008-10-27,946.45,0.0,7.9e-05,0.008202,3.541498,1.446353
2008-10-28,999.16,0.0,7.9e-05,0.055692,3.541777,1.526904
2008-10-29,968.97,0.0,7.9e-05,-0.030215,3.542055,1.480768
2008-10-30,1084.72,0.0,7.9e-05,0.119457,3.542333,1.657655
2008-10-31,1113.06,0.0,7.9e-05,0.026127,3.542612,1.700964
2008-11-03,1129.08,0.0,7.9e-05,0.014393,3.54289,1.725446
2008-11-04,1153.35,0.0,7.9e-05,0.021495,3.543169,1.762535
2008-11-05,1181.5,0.0,7.9e-05,0.024407,3.543447,1.805553
2008-11-06,1092.22,0.0,7.9e-05,-0.075565,3.543725,1.669117
2008-11-07,1134.49,0.0,7.9e-05,0.038701,3.544004,1.733713
2008-11-10,1152.46,0.0,7.9e-05,0.01584,3.544282,1.761175
2008-11-11,1128.73,0.0,7.9e-05,-0.020591,3.544561,1.724911
2008-11-12,1123.86,0.0,7.9e-05,-0.004315,3.54484,1.717469
2008-11-13,1088.44,0.0,7.9e-05,-0.031516,3.545118,1.66334
2008-11-14,1088.26,0.0,7.9e-05,-0.000165,3.545397,1.663065
2008-11-17,1078.32,0.0,7.9e-05,-0.009134,3.545675,1.647875
2008-11-18,1036.16,0.0,7.9e-05,-0.039098,3.545954,1.583447
2008-11-19,1016.82,0.0,7.9e-05,-0.018665,3.546233,1.553892
2008-11-20,948.69,0.0,7.9e-05,-0.067003,3.546511,1.449776
2008-11-21,1003.73,0.0,7.9e-05,0.058017,3.54679,1.533888
2008-11-24,970.14,0.0,7.9e-05,-0.033465,3.547069,1.482556
2008-11-25,983.32,0.0,7.9e-05,0.013586,3.547347,1.502697
2008-11-26,1029.78,0.0,7.9e-05,0.047248,3.547626,1.573697
2008-11-27,1063.48,0.0,7.9e-05,0.032725,3.547905,1.625197
2008-11-28,1076.07,0.0,7.9e-05,0.011838,3.548184,1.644437
2008-12-01,1058.62,0.0,7.9e-05,-0.016216,3.548463,1.61777
2008-12-02,1023.2,0.0,7.9e-05,-0.033459,3.548742,1.563641
2008-12-03,1022.67,0.0,7.9e-05,-0.000518,3.54902,1.562831
2008-12-04,1006.54,0.0,7.9e-05,-0.015772,3.549299,1.538182
2008-12-05,1028.13,0.0,7.9e-05,0.02145,3.549578,1.571175
2008-12-08,1105.05,0.0,7.9e-05,0.074815,3.549857,1.688724
2008-12-09,1105.84,0.0,7.9e-05,0.000715,3.550136,1.689931
2008-12-10,1145.87,0.0,7.9e-05,0.036199,3.550415,1.751104
2008-12-11,1154.43,0.0,7.9e-05,0.00747,3.550694,1.764185
2008-12-12,1103.82,0.0,7.9e-05,-0.04384,3.550973,1.686844
2008-12-15,1158.19,0.0,7.9e-05,0.049256,3.551252,1.769931
2008-12-16,1161.56,0.0,7.9e-05,0.00291,3.551531,1.775081
2008-12-17,1169.75,0.0,7.9e-05,0.007051,3.55181,1.787597
2008-12-18,1175.91,0.0,7.9e-05,0.005266,3.552089,1.797011
2008-12-19,1180.97,0.0,7.9e-05,0.004303,3.552369,1.804743
2008-12-22,1179.61,0.0,7.9e-05,-0.001152,3.552648,1.802665
2008-12-23,1144.31,0.0,7.9e-05,-0.029925,3.552927,1.74872
2008-12-24,1128.51,0.0,7.9e-05,-0.013807,3.553206,1.724575
2008-12-26,1117.86,0.0,7.9e-05,-0.009437,3.553485,1.7083
2008-12-29,1117.59,0.0,7.9e-05,-0.000242,3.553765,1.707887
2008-12-30,1124.47,0.0,7.9e-05,0.006156,3.554044,1.718401
2009-01-02,1157.4,0.0,7.9e-05,0.029285,3.554323,1.768724
2009-01-05,1173.57,0.0,7.9e-05,0.013971,3.554603,1.793435
2009-01-06,1194.28,0.0,7.9e-05,0.017647,3.554882,1.825084
2009-01-07,1228.17,0.0,7.9e-05,0.028377,3.555161,1.876874
2009-01-08,1205.7,0.0,7.9e-05,-0.018296,3.555441,1.842536
2009-01-09,1180.96,0.0,7.9e-05,-0.020519,3.55572,1.804728
2009-01-12,1156.75,0.0,7.9e-05,-0.0205,3.555999,1.767731
2009-01-13,1167.71,0.0,7.9e-05,0.009475,3.556279,1.78448
2009-01-14,1182.68,0.0,7.9e-05,0.01282,3.556558,1.807357
2009-01-15,1111.34,0.0,7.9e-05,-0.060321,3.556838,1.698336
2009-01-16,1135.2,0.0,7.9e-05,0.02147,3.557117,1.734798
2009-01-19,1150.65,0.0,7.9e-05,0.01361,3.557397,1.758409
2009-01-20,1126.81,0.0,7.9e-05,-0.020719,3.557676,1.721977
2009-01-21,1103.61,0.0,7.9e-05,-0.020589,3.557956,1.686523
2009-01-22,1116.23,0.0,7.9e-05,0.011435,3.558236,1.705809
2009-01-23,1093.4,0.0,7.9e-05,-0.020453,3.558515,1.67092
2009-01-28,1157.98,0.0,7.9e-05,0.059063,3.558795,1.76961
2009-01-29,1166.56,0.0,7.9e-05,0.007409,3.559075,1.782722
2009-01-30,1162.11,0.0,7.9e-05,-0.003815,3.559354,1.775922
2009-02-02,1146.95,0.0,7.9e-05,-0.013045,3.559634,1.752755
2009-02-03,1163.2,0.0,7.9e-05,0.014168,3.559914,1.777588
2009-02-04,1195.37,0.0,7.9e-05,0.027656,3.560193,1.826749
2009-02-05,1177.88,0.0,7.9e-05,-0.014631,3.560473,1.800021
2009-02-06,1210.26,0.0,7.9e-05,0.02749,3.560753,1.849504
2009-02-09,1202.69,0.0,7.9e-05,-0.006255,3.561033,1.837936
2009-02-10,1198.87,0.0,7.9e-05,-0.003176,3.561313,1.832098
2009-02-11,1190.18,0.0,7.9e-05,-0.007248,3.561593,1.818818
2009-02-12,1179.84,0.0,7.9e-05,-0.008688,3.561872,1.803017
2009-02-13,1192.44,0.0,7.9e-05,0.010679,3.562152,1.822272
2009-02-16,1175.47,0.0,7.9e-05,-0.014231,3.562432,1.796338
2009-02-17,1127.19,0.0,7.9e-05,-0.041073,3.562712,1.722558
2009-02-18,1113.19,0.0,7.9e-05,-0.01242,3.562992,1.701163
2009-02-19,1107.1,0.0,7.9e-05,-0.005471,3.563272,1.691856
2009-02-20,1065.95,0.0,7.9e-05,-0.037169,3.563552,1.628971
2009-02-23,1099.55,0.0,7.9e-05,0.031521,3.563832,1.680318
2009-02-24,1063.88,0.0,7.9e-05,-0.032441,3.564112,1.625808
2009-02-25,1067.08,0.0,7.9e-05,0.003008,3.564392,1.630698
2009-02-26,1054.79,0.0,7.9e-05,-0.011517,3.564673,1.611917
2009-02-27,1063.03,0.0,7.9e-05,0.007812,3.564953,1.624509
2009-03-02,1018.81,0.0,7.9e-05,-0.041598,3.565233,1.556933
2009-03-03,1025.57,0.0,7.9e-05,0.006635,3.565513,1.567263
2009-03-04,1059.26,0.0,7.9e-05,0.03285,3.565793,1.618748
2009-03-05,1058.18,0.0,7.9e-05,-0.00102,3.566073,1.617097
2009-03-06,1055.03,0.0,7.9e-05,-0.002977,3.566354,1.612284
2009-03-09,1071.73,0.0,7.9e-05,0.015829,3.566634,1.637804
2009-03-10,1092.2,0.0,7.9e-05,0.0191,3.566914,1.669086
2009-03-11,1127.51,0.0,7.9e-05,0.032329,3.567195,1.723047
2009-03-12,1128.39,0.0,7.9e-05,0.00078,3.567475,1.724391
2009-03-13,1126.03,0.0,7.9e-05,-0.002091,3.567755,1.720785
2009-03-16,1125.46,0.0,7.9e-05,-0.000506,3.568036,1.719914
2009-03-17,1163.88,0.0,7.9e-05,0.034137,3.568316,1.778627
2009-03-18,1169.95,0.0,7.9e-05,0.005215,3.568596,1.787903
2009-03-19,1161.81,0.0,7.9e-05,-0.006958,3.568877,1.775463
2009-03-20,1170.94,0.0,7.9e-05,0.007858,3.569157,1.789416
2009-03-23,1199.5,0.0,7.9e-05,0.024391,3.569438,1.833061
2009-03-24,1221.7,0.0,7.9e-05,0.018508,3.569718,1.866987
2009-03-25,1229.02,0.0,7.9e-05,0.005992,3.569999,1.878173
2009-03-26,1243.8,0.0,7.9e-05,0.012026,3.570279,1.90076
2009-03-27,1237.51,0.0,7.9e-05,-0.005057,3.57056,1.891147
2009-03-30,1197.46,0.5,-0.016642,-0.032363,3.511137,1.829943
2009-03-31,1206.26,0.5,0.003714,0.007349,3.524177,1.843391
2009-04-01,1233.36,0.5,0.011272,0.022466,3.563902,1.884805
2009-04-02,1276.97,0.5,0.017719,0.035359,3.62705,1.951449
2009-04-03,1283.75,0.5,0.002694,0.005309,3.636821,1.961811
2009-04-06,1297.85,0.5,0.005531,0.010983,3.656937,1.983358
2009-04-07,1300.1,0.5,0.000906,0.001734,3.66025,1.986796
2009-04-08,1262.07,0.5,-0.014587,-0.029252,3.60686,1.928679
2009-04-09,1316.35,0.5,0.021544,0.043009,3.684565,2.01163
2009-04-10,1336.04,0.5,0.007518,0.014958,3.712267,2.04172
2009-04-13,1338.26,1.0,0.001162,0.001662,3.716579,2.045112
2009-04-14,1342.63,1.0,0.003265,0.003265,3.728715,2.05179
2009-04-15,1333.09,1.0,-0.007105,-0.007105,3.702221,2.037211
2009-04-16,1336.72,1.0,0.002723,0.002723,3.712302,2.042759
2009-04-17,1329.0,1.0,-0.005775,-0.005775,3.690862,2.030961
2009-04-20,1336.39,1.0,0.005561,0.005561,3.711386,2.042254
2009-04-21,1336.81,1.0,0.000314,0.000314,3.712552,2.042896
2009-04-22,1356.02,1.0,0.01437,0.01437,3.765901,2.072253
2009-04-23,1368.8,1.0,0.009425,0.009425,3.801394,2.091783
2009-04-24,1354.1,1.0,-0.010739,-0.010739,3.760569,2.069319
2009-04-27,1339.83,1.0,-0.010538,-0.010538,3.720939,2.047511
2009-04-28,1300.24,1.0,-0.029549,-0.029549,3.610991,1.98701
2009-04-29,1338.42,1.0,0.029364,0.029364,3.717023,2.045357
2009-04-30,1369.36,1.0,0.023117,0.023117,3.802949,2.092639
2009-05-04,1397.92,1.0,0.020856,0.020856,3.882265,2.136284
2009-05-06,1393.45,1.0,-0.003198,-0.003198,3.869851,2.129453
2009-05-07,1401.08,1.0,0.005476,0.005476,3.891041,2.141113
2009-05-08,1412.13,1.0,0.007887,0.007887,3.921729,2.157999
2009-05-11,1415.16,1.0,0.002146,0.002146,3.930143,2.16263
2009-05-12,1403.51,1.0,-0.008232,-0.008232,3.897789,2.144826
2009-05-13,1414.52,1.0,0.007845,0.007845,3.928366,2.161652
2009-05-14,1380.95,1.0,-0.023732,-0.023732,3.835136,2.11035
2009-05-15,1391.73,1.0,0.007806,0.007806,3.865074,2.126824
2009-05-18,1386.68,1.0,-0.003629,-0.003629,3.85105,2.119107
2009-05-19,1428.21,1.0,0.029949,0.029949,3.966385,2.182573
2009-05-20,1435.7,1.0,0.005244,0.005244,3.987187,2.194019
2009-05-21,1421.65,1.0,-0.009786,-0.009786,3.948167,2.172548
2009-05-22,1403.75,1.0,-0.012591,-0.012591,3.898456,2.145193
2009-05-25,1400.9,1.0,-0.00203,-0.00203,3.890541,2.140838
2009-05-26,1372.04,1.0,-0.020601,-0.020601,3.810392,2.096734
2009-05-27,1362.02,1.0,-0.007303,-0.007303,3.782564,2.081422
2009-05-28,1392.17,1.0,0.022136,0.022136,3.866296,2.127497
2009-05-29,1395.89,1.0,0.002672,0.002672,3.876627,2.133182
2009-06-01,1415.1,1.0,0.013762,0.013762,3.929977,2.162538
2009-06-02,1412.85,1.0,-0.00159,-0.00159,3.923728,2.1591
2009-06-03,1414.89,1.0,0.001444,0.001444,3.929394,2.162217
2009-06-04,1378.14,1.0,-0.025974,-0.025974,3.827332,2.106056
2009-06-05,1394.71,1.0,0.012023,0.012023,3.87335,2.131378
2009-06-08,1393.3,1.0,-0.001011,-0.001011,3.869434,2.129224
2009-06-09,1371.84,1.0,-0.015402,-0.015402,3.809836,2.096429
2009-06-10,1414.88,1.0,0.031374,0.031374,3.929366,2.162202
2009-06-11,1419.39,1.0,0.003188,0.003188,3.941891,2.169094
2009-06-12,1428.59,1.0,0.006482,0.006482,3.967441,2.183153
2009-06-15,1412.42,1.0,-0.011319,-0.011319,3.922534,2.158442
2009-06-16,1399.15,1.0,-0.009395,-0.009395,3.885681,2.138163
2009-06-17,1391.17,1.0,-0.005703,-0.005703,3.863519,2.125968
2009-06-18,1375.76,1.0,-0.011077,-0.011077,3.820723,2.102419
2009-06-19,1383.34,1.0,0.00551,0.00551,3.841774,2.114003
2009-06-22,1399.71,0.5,0.005456,0.011834,3.862735,2.139019
2009-06-23,1360.54,0.5,-0.013953,-0.027984,3.808839,2.07916
2009-06-24,1363.79,0.5,0.001234,0.002389,3.813538,2.084127
2009-06-25,1392.73,0.5,0.010649,0.02122,3.85415,2.128352
2009-06-26,1394.53,0.5,0.000686,0.001292,3.856792,2.131103
2009-06-29,1388.45,1.0,-0.00486,-0.00436,3.838048,2.121812
2009-06-30,1390.07,1.0,0.001167,0.001167,3.842526,2.124287
2009-07-01,1411.66,1.0,0.015532,0.015532,3.902207,2.157281
2009-07-02,1411.48,1.0,-0.000128,-0.000128,3.901709,2.157006
2009-07-03,1420.04,1.0,0.006065,0.006065,3.925371,2.170087
2009-07-06,1428.94,1.0,0.006267,0.006267,3.949973,2.183688
2009-07-07,1434.2,1.0,0.003681,0.003681,3.964513,2.191726
2009-07-08,1431.02,1.0,-0.002217,-0.002217,3.955723,2.186867
2009-07-09,1430.89,1.0,-9.1e-05,-9.1e-05,3.955363,2.186668
2009-07-10,1428.62,1.0,-0.001586,-0.001586,3.949089,2.183199
2009-07-13,1378.12,0.5,-0.018135,-0.035349,3.877471,2.106026
2009-07-14,1385.56,0.5,0.002739,0.005399,3.88809,2.117395
2009-07-15,1420.86,0.5,0.012778,0.025477,3.937772,2.17134
2009-07-16,1432.22,0.5,0.004037,0.007995,3.953668,2.188701
2009-07-17,1440.1,0.5,0.00279,0.005502,3.9647,2.200743
2009-07-20,1478.51,1.0,0.026172,0.026672,4.068463,2.25944
2009-07-21,1488.99,1.0,0.007088,0.007088,4.097301,2.275456
2009-07-22,1494.04,1.0,0.003392,0.003392,4.111197,2.283173
2009-07-23,1496.49,1.0,0.00164,0.00164,4.117939,2.286917
2009-07-24,1502.59,1.0,0.004076,0.004076,4.134725,2.296239
2009-07-27,1524.05,1.0,0.014282,0.014282,4.193777,2.329034
2009-07-28,1526.03,1.0,0.001299,0.001299,4.199225,2.33206
2009-07-29,1524.32,1.0,-0.001121,-0.001121,4.19452,2.329447
2009-07-30,1534.74,1.0,0.006836,0.006836,4.223193,2.34537
2009-07-31,1557.29,1.0,0.014693,0.014693,4.285244,2.379831
2009-08-03,1564.98,1.0,0.004938,0.004938,4.306405,2.391583
2009-08-04,1566.37,1.0,0.000888,0.000888,4.31023,2.393707
2009-08-05,1559.47,1.0,-0.004405,-0.004405,4.291243,2.383162
2009-08-06,1565.04,1.0,0.003572,0.003572,4.30657,2.391674
2009-08-07,1576.0,1.0,0.007003,0.007003,4.336729,2.408423
2009-08-10,1576.11,1.0,7e-05,7e-05,4.337032,2.408591
2009-08-11,1579.21,1.0,0.001967,0.001967,4.345562,2.413329
2009-08-12,1565.35,1.0,-0.008777,-0.008777,4.307423,2.392148
2009-08-13,1564.64,1.0,-0.000454,-0.000454,4.30547,2.391063
2009-08-14,1591.41,1.0,0.017109,0.017109,4.379133,2.431973
2009-08-17,1547.06,1.0,-0.027868,-0.027868,4.257094,2.364198
2009-08-18,1550.24,1.0,0.002056,0.002056,4.265845,2.369057
2009-08-19,1545.96,1.0,-0.002761,-0.002761,4.254067,2.362517
2009-08-20,1576.39,1.0,0.019684,0.019684,4.337802,2.409019
2009-08-21,1580.98,1.0,0.002912,0.002912,4.350433,2.416034
2009-08-24,1612.22,1.0,0.01976,0.01976,4.436397,2.463774
2009-08-25,1601.38,1.0,-0.006724,-0.006724,4.406568,2.447209
2009-08-26,1614.12,1.0,0.007956,0.007956,4.441625,2.466678
2009-08-27,1599.33,1.0,-0.009163,-0.009163,4.400927,2.444076
2009-08-28,1607.94,1.0,0.005384,0.005384,4.42462,2.457234
2009-08-31,1591.85,1.0,-0.010007,-0.010007,4.380344,2.432645
2009-09-01,1623.06,1.0,0.019606,0.019606,4.466226,2.48034
2009-09-02,1613.16,1.0,-0.0061,-0.0061,4.438984,2.465211
2009-09-03,1613.53,1.0,0.000229,0.000229,4.440002,2.465776
2009-09-04,1608.9,1.0,-0.002869,-0.002869,4.427261,2.458701
2009-09-07,1608.57,1.0,-0.000205,-0.000205,4.426353,2.458196
2009-09-08,1619.69,1.0,0.006913,0.006913,4.456952,2.47519
2009-09-09,1607.77,1.0,-0.007359,-0.007359,4.424152,2.456974
2009-09-10,1644.68,1.0,0.022957,0.022957,4.525718,2.513379
2009-09-11,1651.7,1.0,0.004268,0.004268,4.545035,2.524107
2009-09-14,1634.91,1.0,-0.010165,-0.010165,4.498834,2.498449
2009-09-15,1653.4,1.0,0.011309,0.011309,4.549713,2.526705
2009-09-16,1683.33,1.0,0.018102,0.018102,4.632073,2.572444
2009-09-17,1695.47,1.0,0.007212,0.007212,4.665479,2.590996
2009-09-18,1699.71,1.0,0.002501,0.002501,4.677146,2.597475
2009-09-21,1695.5,1.0,-0.002477,-0.002477,4.665561,2.591042
2009-09-22,1718.88,1.0,0.013789,0.013789,4.729897,2.626771
2009-09-23,1711.47,1.0,-0.004311,-0.004311,4.709506,2.615447
2009-09-24,1693.88,1.0,-0.010278,-0.010278,4.661103,2.588566
2009-09-25,1691.48,1.0,-0.001417,-0.001417,4.654499,2.584898
2009-09-28,1675.55,1.0,-0.009418,-0.009418,4.610664,2.560554
2009-09-29,1690.05,1.0,0.008654,0.008654,4.650564,2.582713
2009-09-30,1673.14,1.0,-0.010006,-0.010006,4.604033,2.556871
2009-10-01,1644.63,1.0,-0.01704,-0.01704,4.525581,2.513303
2009-10-05,1606.9,1.0,-0.022941,-0.022941,4.421758,2.455644
2009-10-06,1598.44,1.0,-0.005265,-0.005265,4.398478,2.442716
2009-10-07,1598.0,1.0,-0.000275,-0.000275,4.397267,2.442043
2009-10-08,1615.46,1.0,0.010926,0.010926,4.445313,2.468726
2009-10-09,1646.79,1.0,0.019394,0.019394,4.531524,2.516604
2009-10-12,1639.81,1.0,-0.004239,-0.004239,4.512317,2.505937
2009-10-13,1628.93,1.0,-0.006635,-0.006635,4.482378,2.48931
2009-10-14,1649.09,1.0,0.012376,0.012376,4.537853,2.520119
2009-10-15,1658.99,1.0,0.006003,0.006003,4.565096,2.535248
2009-10-16,1640.36,1.0,-0.01123,-0.01123,4.513831,2.506778
2009-10-19,1649.07,1.0,0.00531,0.00531,4.537798,2.520088
2009-10-20,1659.15,1.0,0.006113,0.006113,4.565536,2.535492
2009-10-21,1653.86,1.0,-0.003188,-0.003188,4.550979,2.527408
2009-10-22,1630.33,1.0,-0.014227,-0.014227,4.486231,2.49145
2009-10-23,1640.17,1.0,0.006036,0.006036,4.513308,2.506487
2009-10-26,1657.11,1.0,0.010328,0.010328,4.559922,2.532375
2009-10-27,1649.53,1.0,-0.004574,-0.004574,4.539064,2.520791
2009-10-28,1609.71,1.0,-0.02414,-0.02414,4.42949,2.459939
2009-10-29,1585.85,1.0,-0.014823,-0.014823,4.363834,2.423476
2009-10-30,1580.69,1.0,-0.003254,-0.003254,4.349635,2.415591
2009-11-02,1559.09,0.5,-0.007293,-0.013665,4.317912,2.382582
2009-11-03,1549.92,0.5,-0.002902,-0.005882,4.305384,2.368568
2009-11-04,1579.93,0.5,0.00972,0.019362,4.347234,2.414429
2009-11-05,1552.24,0.5,-0.008724,-0.017526,4.30931,2.372114
2009-11-06,1572.46,0.5,0.006552,0.013026,4.337546,2.403014
2009-11-09,1576.79,0.5,0.001416,0.002754,4.343689,2.409631
2009-11-10,1582.3,0.5,0.001787,0.003494,4.351449,2.418051
2009-11-11,1594.82,0.5,0.003996,0.007913,4.368835,2.437184
2009-11-12,1572.73,0.5,-0.006886,-0.013851,4.33875,2.403426
2009-11-13,1571.99,0.5,-0.000196,-0.000471,4.3379,2.402295
2009-11-16,1592.47,0.5,0.006553,0.013028,4.366328,2.433593
2009-11-17,1585.98,0.5,-0.001998,-0.004075,4.357602,2.423675
2009-11-18,1603.97,0.5,0.005711,0.011343,4.382488,2.451167
2009-11-20,1620.6,0.5,0.005223,0.010368,4.405379,2.476581
2009-11-23,1619.05,1.0,-0.001456,-0.000956,4.398963,2.474212
2009-11-24,1606.42,1.0,-0.007801,-0.007801,4.364647,2.454911
2009-11-25,1611.88,1.0,0.003399,0.003399,4.379482,2.463255
2009-11-26,1599.52,1.0,-0.007668,-0.007668,4.3459,2.444366
2009-11-27,1524.5,1.0,-0.046902,-0.046902,4.14207,2.329722
2009-11-30,1555.6,0.5,0.009739,0.0204,4.182411,2.377248
2009-12-01,1569.72,0.5,0.004578,0.009077,4.201557,2.398826
2009-12-02,1591.63,0.5,0.007018,0.013958,4.231045,2.432309
2009-12-03,1615.0,0.5,0.007381,0.014683,4.262273,2.468023
2009-12-04,1624.76,0.5,0.003061,0.006043,4.27532,2.482938
2009-12-07,1632.65,1.0,0.004356,0.004856,4.293944,2.494995
2009-12-08,1627.78,1.0,-0.002983,-0.002983,4.281135,2.487553
2009-12-09,1634.17,1.0,0.003926,0.003926,4.297941,2.497318
2009-12-10,1652.73,1.0,0.011357,0.011357,4.346755,2.525681
2009-12-11,1656.9,1.0,0.002523,0.002523,4.357722,2.532054
2009-12-14,1664.77,1.0,0.00475,0.00475,4.378421,2.544081
2009-12-15,1665.85,1.0,0.000649,0.000649,4.381261,2.545731
2009-12-16,1664.24,1.0,-0.000966,-0.000966,4.377027,2.543271
2009-12-17,1647.84,1.0,-0.009854,-0.009854,4.333894,2.518208
2009-12-18,1647.04,1.0,-0.000485,-0.000485,4.33179,2.516986
2009-12-21,1644.23,0.5,-0.001314,-0.001706,4.326099,2.512692
2009-12-22,1655.54,0.5,0.003479,0.006879,4.341148,2.529975
2009-12-23,1661.35,0.5,0.001794,0.003509,4.348936,2.538854
2009-12-24,1682.34,0.5,0.006356,0.012634,4.37658,2.570931
2009-12-28,1685.59,0.5,0.001005,0.001932,4.380979,2.575897
2009-12-29,1672.48,0.5,-0.00385,-0.007778,4.364114,2.555863
2009-12-30,1682.77,0.5,0.003116,0.006153,4.377711,2.571588
2010-01-04,1696.14,1.0,0.007445,0.007945,4.410304,2.59202
2010-01-05,1690.62,1.0,-0.003254,-0.003254,4.395951,2.583584
2010-01-06,1705.32,1.0,0.008695,0.008695,4.434174,2.606049
2010-01-07,1683.45,1.0,-0.012825,-0.012825,4.377308,2.572627
2010-01-08,1695.26,1.0,0.007015,0.007015,4.408016,2.590675
2010-01-11,1694.12,1.0,-0.000672,-0.000672,4.405052,2.588933
2010-01-12,1698.64,1.0,0.002668,0.002668,4.416805,2.59584
2010-01-13,1671.41,1.0,-0.01603,-0.01603,4.346001,2.554228
2010-01-14,1685.77,1.0,0.008592,0.008592,4.38334,2.576173
2010-01-15,1701.8,1.0,0.009509,0.009509,4.425021,2.600669
2010-01-18,1711.78,1.0,0.005864,0.005864,4.450971,2.615921
2010-01-19,1710.22,1.0,-0.000911,-0.000911,4.446915,2.613537
2010-01-20,1714.38,1.0,0.002432,0.002432,4.457732,2.619894
2010-01-21,1722.01,1.0,0.004451,0.004451,4.477571,2.631554
2010-01-22,1684.35,1.0,-0.02187,-0.02187,4.379648,2.574002
2010-01-25,1670.2,1.0,-0.008401,-0.008401,4.342855,2.552379
2010-01-26,1637.34,1.0,-0.019674,-0.019674,4.257412,2.502162
2010-01-27,1625.48,1.0,-0.007243,-0.007243,4.226574,2.484038
2010-01-28,1642.43,1.0,0.010428,0.010428,4.270647,2.509941
2010-01-29,1602.43,1.0,-0.024354,-0.024354,4.166639,2.448813
2010-02-01,1606.44,0.5,0.000791,0.002502,4.169933,2.454941
2010-02-02,1595.81,0.5,-0.003269,-0.006617,4.1563,2.438697
2010-02-03,1615.02,0.5,0.006058,0.012038,4.18148,2.468053
2010-02-04,1616.42,0.5,0.000473,0.000867,4.183457,2.470193
2010-02-05,1567.12,0.5,-0.01521,-0.030499,4.119824,2.394853
2010-02-08,1552.79,0.0,-0.000421,-0.009144,4.118088,2.372954
2010-02-09,1570.49,0.0,7.9e-05,0.011399,4.118412,2.400003
2010-02-10,1570.12,0.0,7.9e-05,-0.000236,4.118736,2.399438
2010-02-11,1597.81,0.0,7.9e-05,0.017636,4.119059,2.441753
2010-02-12,1593.66,0.0,7.9e-05,-0.002597,4.119383,2.435411
2010-02-16,1601.05,0.5,0.001858,0.004637,4.127036,2.446704
2010-02-17,1627.43,0.5,0.008278,0.016477,4.161198,2.487018
2010-02-18,1621.19,0.5,-0.001878,-0.003834,4.153384,2.477482
2010-02-19,1593.9,0.5,-0.008377,-0.016833,4.11859,2.435778
2010-02-22,1627.1,0.5,0.010454,0.020829,4.161646,2.486514
2010-02-23,1628.9,0.5,0.000592,0.001106,4.164111,2.489264
2010-02-24,1612.83,0.5,-0.004893,-0.009866,4.143734,2.464707
2010-02-25,1587.51,0.5,-0.00781,-0.015699,4.11137,2.426013
2010-02-26,1594.58,0.5,0.002266,0.004454,4.120687,2.436817
2010-03-02,1615.12,1.0,0.012381,0.012881,4.171706,2.468206
2010-03-03,1622.44,1.0,0.004532,0.004532,4.190613,2.479392
2010-03-04,1618.2,1.0,-0.002613,-0.002613,4.179661,2.472913
2010-03-05,1634.57,1.0,0.010116,0.010116,4.221943,2.497929
2010-03-08,1660.04,1.0,0.015582,0.015582,4.28773,2.536852
2010-03-09,1660.83,1.0,0.000476,0.000476,4.28977,2.53806
2010-03-10,1662.24,1.0,0.000849,0.000849,4.293412,2.540214
2010-03-11,1656.62,1.0,-0.003381,-0.003381,4.278896,2.531626
2010-03-12,1662.74,1.0,0.003694,0.003694,4.294704,2.540978
2010-03-15,1649.5,1.0,-0.007963,-0.007963,4.260506,2.520745
2010-03-16,1648.01,1.0,-0.000903,-0.000903,4.256657,2.518468
2010-03-17,1682.86,1.0,0.021147,0.021147,4.346672,2.571725
2010-03-18,1675.17,1.0,-0.00457,-0.00457,4.326809,2.559974
2010-03-19,1686.11,1.0,0.006531,0.006531,4.355066,2.576692
2010-03-22,1672.67,1.0,-0.007971,-0.007971,4.320352,2.556153
2010-03-23,1681.82,1.0,0.00547,0.00547,4.343986,2.570136
2010-03-24,1681.01,1.0,-0.000482,-0.000482,4.341893,2.568898
2010-03-25,1688.39,1.0,0.00439,0.00439,4.360955,2.580176
2010-03-26,1697.72,1.0,0.005526,0.005526,4.385054,2.594434
2010-03-29,1691.99,0.5,-0.002148,-0.003375,4.375634,2.585678
2010-03-30,1700.19,0.5,0.002462,0.004846,4.386408,2.598209
2010-03-31,1692.85,0.5,-0.002119,-0.004317,4.377112,2.586992
2010-04-01,1719.17,0.5,0.007813,0.015548,4.411311,2.627214
2010-04-02,1723.49,0.5,0.001296,0.002513,4.417027,2.633816
2010-04-05,1724.99,1.0,0.00037,0.00087,4.418663,2.636108
2010-04-06,1726.09,1.0,0.000638,0.000638,4.421481,2.637789
2010-04-07,1726.6,1.0,0.000295,0.000295,4.422787,2.638568
2010-04-08,1733.78,1.0,0.004158,0.004158,4.441179,2.649541
2010-04-09,1724.47,1.0,-0.00537,-0.00537,4.417331,2.635313
2010-04-12,1710.3,1.0,-0.008217,-0.008217,4.381034,2.613659
2010-04-13,1710.59,1.0,0.00017,0.00017,4.381777,2.614102
2010-04-14,1735.33,1.0,0.014463,0.014463,4.44515,2.651909
2010-04-15,1743.91,1.0,0.004944,0.004944,4.467128,2.665021
2010-04-16,1734.49,1.0,-0.005402,-0.005402,4.442998,2.650626
2010-04-19,1705.3,1.0,-0.016829,-0.016829,4.368226,2.606018
2010-04-20,1718.03,1.0,0.007465,0.007465,4.400835,2.625472
2010-04-21,1747.58,1.0,0.0172,0.0172,4.476529,2.67063
2010-04-22,1739.52,1.0,-0.004612,-0.004612,4.455882,2.658313
2010-04-23,1737.03,1.0,-0.001431,-0.001431,4.449504,2.654507
2010-04-26,1752.2,1.0,0.008733,0.008733,4.488363,2.67769
2010-04-27,1749.55,1.0,-0.001512,-0.001512,4.481575,2.67364
2010-04-28,1733.91,1.0,-0.008939,-0.008939,4.441512,2.649739
2010-04-29,1728.42,1.0,-0.003166,-0.003166,4.427449,2.64135
2010-04-30,1741.56,1.0,0.007602,0.007602,4.461108,2.66143
2010-05-03,1721.21,1.0,-0.011685,-0.011685,4.40898,2.630331
2010-05-04,1718.75,1.0,-0.001429,-0.001429,4.402679,2.626572
2010-05-06,1684.71,1.0,-0.019805,-0.019805,4.315483,2.574553
2010-05-07,1647.5,1.0,-0.022087,-0.022087,4.220168,2.517689
2010-05-10,1677.63,0.0,-0.000921,0.018288,4.216279,2.563733
2010-05-11,1670.24,0.0,7.9e-05,-0.004405,4.216611,2.55244
2010-05-12,1663.03,0.0,7.9e-05,-0.004317,4.216942,2.541422
2010-05-13,1694.58,0.0,7.9e-05,0.018971,4.217273,2.589636
2010-05-14,1695.63,0.0,7.9e-05,0.00062,4.217605,2.59124
2010-05-17,1651.51,0.5,-0.013471,-0.02602,4.160791,2.523817
2010-05-18,1643.24,0.5,-0.002464,-0.005008,4.150537,2.511179
2010-05-19,1630.08,0.5,-0.003965,-0.008009,4.13408,2.491068
2010-05-20,1600.18,0.5,-0.009132,-0.018343,4.096327,2.445375
2010-05-24,1604.93,0.0,-0.000421,0.002968,4.094601,2.452634
2010-05-25,1560.83,0.0,7.9e-05,-0.027478,4.094923,2.385241
2010-05-26,1582.12,0.0,7.9e-05,0.01364,4.095245,2.417776
2010-05-27,1607.5,0.0,7.9e-05,0.016042,4.095567,2.456561
2010-05-28,1622.78,0.0,7.9e-05,0.009505,4.095888,2.479912
2010-05-31,1641.25,0.0,7.9e-05,0.011382,4.09621,2.508138
2010-06-01,1630.4,0.0,7.9e-05,-0.006611,4.096532,2.491557
2010-06-03,1661.84,0.0,7.9e-05,0.019284,4.096854,2.539603
2010-06-04,1664.13,0.0,7.9e-05,0.001378,4.097176,2.543103
2010-06-07,1637.97,0.0,7.9e-05,-0.01572,4.097498,2.503125
2010-06-08,1651.48,0.0,7.9e-05,0.008248,4.09782,2.523771
2010-06-09,1647.22,0.0,7.9e-05,-0.00258,4.098142,2.517261
2010-06-10,1651.7,0.0,7.9e-05,0.00272,4.098464,2.524107
2010-06-11,1675.34,0.0,7.9e-05,0.014313,4.098786,2.560234
2010-06-14,1690.6,0.0,7.9e-05,0.009109,4.099108,2.583554
2010-06-15,1690.03,0.0,7.9e-05,-0.000337,4.09943,2.582683
2010-06-17,1707.92,0.0,7.9e-05,0.010586,4.099753,2.610022
2010-06-18,1711.95,0.0,7.9e-05,0.00236,4.100075,2.61618
2010-06-21,1739.68,0.5,0.007638,0.016198,4.131392,2.658557
2010-06-22,1731.48,0.5,-0.002317,-0.004714,4.121818,2.646026
2010-06-23,1725.82,0.5,-0.001595,-0.003269,4.115243,2.637376
2010-06-24,1739.87,0.5,0.00411,0.008141,4.132156,2.658847
2010-06-25,1729.84,0.5,-0.002843,-0.005765,4.120408,2.64352
2010-06-28,1732.03,0.5,0.000672,0.001266,4.123178,2.646866
2010-06-29,1707.76,0.5,-0.006967,-0.014012,4.094452,2.609777
2010-06-30,1698.29,0.5,-0.002733,-0.005545,4.08326,2.595305
2010-07-01,1686.24,0.5,-0.003508,-0.007095,4.068935,2.576891
2010-07-02,1671.82,0.5,-0.004236,-0.008552,4.051697,2.554854
2010-07-05,1675.37,0.0,-0.000421,0.002123,4.049989,2.560279
2010-07-06,1684.94,0.0,7.9e-05,0.005712,4.050307,2.574904
2010-07-07,1675.65,0.0,7.9e-05,-0.005514,4.050626,2.560707
2010-07-08,1698.64,0.0,7.9e-05,0.01372,4.050944,2.59584
2010-07-09,1723.01,0.0,7.9e-05,0.014347,4.051262,2.633082
2010-07-12,1734.05,0.5,0.002743,0.006407,4.062375,2.649953
2010-07-13,1735.08,0.5,0.000336,0.000594,4.063741,2.651527
2010-07-14,1758.01,0.5,0.006647,0.013216,4.090753,2.686569
2010-07-15,1751.29,0.5,-0.001872,-0.003823,4.083095,2.676299
2010-07-16,1738.45,0.5,-0.003627,-0.007332,4.068288,2.656677
2010-07-19,1731.95,0.5,-0.00183,-0.003739,4.060842,2.646744
2010-07-20,1736.77,0.5,0.001431,0.002783,4.066652,2.65411
2010-07-21,1748.78,0.5,0.003497,0.006915,4.080873,2.672464
2010-07-22,1735.53,0.5,-0.003749,-0.007577,4.065573,2.652215
2010-07-23,1758.06,0.5,0.00653,0.012982,4.092122,2.686645
2010-07-26,1769.07,0.5,0.003171,0.006263,4.105096,2.703471
2010-07-27,1768.31,0.5,-0.000176,-0.00043,4.104376,2.702309
2010-07-28,1773.47,0.5,0.001498,0.002918,4.110525,2.710195
2010-07-29,1770.88,0.5,-0.000691,-0.00146,4.107685,2.706237
2010-07-30,1759.33,0.5,-0.003222,-0.006522,4.094451,2.688586
2010-08-02,1782.27,1.0,0.012539,0.013039,4.145792,2.723643
2010-08-03,1790.6,1.0,0.004674,0.004674,4.165168,2.736372
2010-08-04,1789.26,1.0,-0.000748,-0.000748,4.162051,2.734325
2010-08-05,1783.86,1.0,-0.003018,-0.003018,4.14949,2.726072
2010-08-06,1783.83,1.0,-1.7e-05,-1.7e-05,4.149421,2.726027
2010-08-09,1790.17,1.0,0.003554,0.003554,4.164168,2.735715
2010-08-10,1781.13,1.0,-0.00505,-0.00505,4.14314,2.7219
2010-08-11,1758.19,1.0,-0.012879,-0.012879,4.089779,2.686844
2010-08-12,1721.75,1.0,-0.020726,-0.020726,4.005014,2.631157
2010-08-13,1746.24,1.0,0.014224,0.014224,4.061981,2.668582
2010-08-16,1743.31,1.0,-0.001678,-0.001678,4.055166,2.664104
2010-08-17,1755.03,1.0,0.006723,0.006723,4.082428,2.682015
2010-08-18,1761.99,1.0,0.003966,0.003966,4.098618,2.692651
2010-08-19,1779.64,1.0,0.010017,0.010017,4.139674,2.719623
2010-08-20,1775.54,1.0,-0.002304,-0.002304,4.130137,2.713358
2010-08-23,1767.71,1.0,-0.00441,-0.00441,4.111923,2.701392
2010-08-24,1760.53,1.0,-0.004062,-0.004062,4.095222,2.69042
2010-08-25,1734.79,1.0,-0.014621,-0.014621,4.035347,2.651084
2010-08-26,1729.76,1.0,-0.002899,-0.002899,4.023647,2.643397
2010-08-27,1729.56,1.0,-0.000116,-0.000116,4.023181,2.643092
2010-08-30,1760.13,1.0,0.017675,0.017675,4.094291,2.689809
2010-08-31,1742.75,1.0,-0.009874,-0.009874,4.053863,2.663249
2010-09-01,1764.69,1.0,0.012589,0.012589,4.104898,2.696777
2010-09-02,1775.73,1.0,0.006256,0.006256,4.130579,2.713648
2010-09-03,1780.02,1.0,0.002416,0.002416,4.140558,2.720204
2010-09-06,1792.42,1.0,0.006966,0.006966,4.169402,2.739154
2010-09-07,1787.74,1.0,-0.002611,-0.002611,4.158516,2.732002
2010-09-08,1779.22,1.0,-0.004766,-0.004766,4.138697,2.718982
2010-09-09,1784.36,1.0,0.002889,0.002889,4.150653,2.726836
2010-09-10,1802.58,1.0,0.010211,0.010211,4.193035,2.75468
2010-09-13,1818.86,1.0,0.009031,0.009031,4.230905,2.779559
2010-09-14,1815.25,1.0,-0.001985,-0.001985,4.222508,2.774042
2010-09-15,1823.88,1.0,0.004754,0.004754,4.242582,2.78723
2010-09-16,1811.85,1.0,-0.006596,-0.006596,4.214599,2.768846
2010-09-17,1827.35,1.0,0.008555,0.008555,4.250654,2.792533
2010-09-20,1832.63,1.0,0.002889,0.002889,4.262936,2.800602
2010-09-24,1846.6,1.0,0.007623,0.007623,4.295432,2.821951
2010-09-27,1860.83,1.0,0.007706,0.007706,4.328533,2.843697
2010-09-28,1855.97,1.0,-0.002612,-0.002612,4.317228,2.83627
2010-09-29,1866.45,1.0,0.005647,0.005647,4.341605,2.852285
2010-09-30,1872.81,1.0,0.003408,0.003408,4.3564,2.862005
2010-10-01,1876.73,1.0,0.002093,0.002093,4.365518,2.867995
2010-10-04,1879.29,1.0,0.001364,0.001364,4.371473,2.871907
2010-10-05,1878.94,1.0,-0.000186,-0.000186,4.370659,2.871372
2010-10-06,1903.95,1.0,0.013311,0.013311,4.428835,2.909592
2010-10-07,1900.85,1.0,-0.001628,-0.001628,4.421624,2.904855
2010-10-08,1897.07,1.0,-0.001989,-0.001989,4.412831,2.899079
2010-10-11,1889.91,1.0,-0.003774,-0.003774,4.396176,2.888137
2010-10-12,1868.04,1.0,-0.011572,-0.011572,4.345304,2.854715
2010-10-13,1876.15,1.0,0.004341,0.004341,4.364169,2.867109
2010-10-14,1899.76,1.0,0.012584,0.012584,4.419089,2.903189
2010-10-15,1902.29,1.0,0.001332,0.001332,4.424974,2.907056
2010-10-18,1875.42,1.0,-0.014125,-0.014125,4.362471,2.865993
2010-10-19,1857.32,1.0,-0.009651,-0.009651,4.320368,2.838333
2010-10-20,1870.44,1.0,0.007064,0.007064,4.350887,2.858383
2010-10-21,1874.69,1.0,0.002272,0.002272,4.360773,2.864878
2010-10-22,1897.31,1.0,0.012066,0.012066,4.41339,2.899445
2010-10-25,1915.71,1.0,0.009698,0.009698,4.456191,2.927564
2010-10-26,1919.41,1.0,0.001931,0.001931,4.464797,2.933218
2010-10-27,1909.54,1.0,-0.005142,-0.005142,4.441838,2.918135
2010-10-28,1907.87,1.0,-0.000875,-0.000875,4.437954,2.915583
2010-10-29,1882.95,1.0,-0.013062,-0.013062,4.379987,2.8775
2010-11-01,1914.74,1.0,0.016883,0.016883,4.453934,2.926082
2010-11-03,1935.97,1.0,0.011088,0.011088,4.503318,2.958525
2010-11-04,1942.5,1.0,0.003373,0.003373,4.518508,2.968504
2010-11-05,1938.96,1.0,-0.001822,-0.001822,4.510273,2.963094
2010-11-08,1942.41,1.0,0.001779,0.001779,4.518298,2.968367
2010-11-09,1947.46,1.0,0.0026,0.0026,4.530045,2.976084
2010-11-10,1967.85,1.0,0.01047,0.01047,4.577475,3.007244
2010-11-11,1914.73,1.0,-0.026994,-0.026994,4.453911,2.926066
2010-11-12,1913.12,1.0,-0.000841,-0.000841,4.450166,2.923606
2010-11-15,1913.81,1.0,0.000361,0.000361,4.451771,2.92466
2010-11-16,1899.13,1.0,-0.007671,-0.007671,4.417623,2.902227
2010-11-17,1897.11,1.0,-0.001064,-0.001064,4.412925,2.89914
2010-11-18,1927.86,1.0,0.016209,0.016209,4.484453,2.946131
2010-11-19,1940.96,1.0,0.006795,0.006795,4.514925,2.966151
2010-11-22,1944.34,1.0,0.001741,0.001741,4.522788,2.971316
2010-11-23,1928.94,1.0,-0.00792,-0.00792,4.486965,2.947782
2010-11-24,1925.98,1.0,-0.001535,-0.001535,4.48008,2.943258
2010-11-25,1927.68,1.0,0.000883,0.000883,4.484034,2.945856
2010-11-26,1901.8,1.0,-0.013425,-0.013425,4.423834,2.906307
2010-11-29,1895.54,1.0,-0.003292,-0.003292,4.409273,2.89674
2010-11-30,1904.63,1.0,0.004795,0.004795,4.430417,2.910632
2010-12-01,1929.32,1.0,0.012963,0.012963,4.487849,2.948363
2010-12-02,1950.26,1.0,0.010854,0.010854,4.536558,2.980363
2010-12-03,1957.26,1.0,0.003589,0.003589,4.552841,2.99106
2010-12-06,1953.64,1.0,-0.00185,-0.00185,4.544421,2.985528
2010-12-07,1962.52,1.0,0.004545,0.004545,4.565077,2.999098
2010-12-08,1955.72,1.0,-0.003465,-0.003465,4.549259,2.988707
2010-12-09,1988.96,1.0,0.016996,0.016996,4.62658,3.039504
2010-12-10,1986.14,1.0,-0.001418,-0.001418,4.62002,3.035194
2010-12-13,1996.59,1.0,0.005261,0.005261,4.644328,3.051164
2010-12-14,2009.05,1.0,0.006241,0.006241,4.673312,3.070205
2010-12-15,2017.48,1.0,0.004196,0.004196,4.692921,3.083088
2010-12-16,2009.24,1.0,-0.004084,-0.004084,4.673754,3.070495
2010-12-17,2026.3,1.0,0.008491,0.008491,4.713437,3.096566
2010-12-20,2020.28,1.0,-0.002971,-0.002971,4.699434,3.087366
2010-12-21,2037.09,1.0,0.008321,0.008321,4.738536,3.113055
2010-12-22,2038.11,1.0,0.000501,0.000501,4.740909,3.114614
2010-12-23,2037.53,1.0,-0.000285,-0.000285,4.73956,3.113728
2010-12-24,2029.6,1.0,-0.003892,-0.003892,4.721114,3.101609
2010-12-27,2022.19,1.0,-0.003651,-0.003651,4.703877,3.090285
2010-12-28,2033.32,1.0,0.005504,0.005504,4.729767,3.107294
2010-12-29,2043.49,1.0,0.005002,0.005002,4.753423,3.122836
2010-12-30,2051.0,1.0,0.003675,0.003675,4.770893,3.134312
2011-01-03,2070.08,1.0,0.009303,0.009303,4.815275,3.16347
2011-01-04,2085.14,1.0,0.007275,0.007275,4.850307,3.186485
2011-01-05,2082.55,1.0,-0.001242,-0.001242,4.844282,3.182527
2011-01-06,2077.61,1.0,-0.002372,-0.002372,4.832791,3.174977
2011-01-07,2086.2,1.0,0.004135,0.004135,4.852772,3.188105
2011-01-10,2080.81,1.0,-0.002584,-0.002584,4.840235,3.179868
2011-01-11,2088.32,1.0,0.003609,0.003609,4.857704,3.191344
2011-01-12,2094.95,1.0,0.003175,0.003175,4.873126,3.201476
2011-01-13,2089.48,1.0,-0.002611,-0.002611,4.860402,3.193117
2011-01-14,2108.17,1.0,0.008945,0.008945,4.903878,3.221679
2011-01-17,2099.85,1.0,-0.003947,-0.003947,4.884524,3.208964
2011-01-18,2096.48,1.0,-0.001605,-0.001605,4.876685,3.203814
2011-01-19,2115.69,1.0,0.009163,0.009163,4.92137,3.233171
2011-01-20,2106.66,1.0,-0.004268,-0.004268,4.900365,3.219371
2011-01-21,2069.92,1.0,-0.01744,-0.01744,4.814903,3.163226
2011-01-24,2082.16,1.0,0.005913,0.005913,4.843375,3.181931
2011-01-25,2086.67,1.0,0.002166,0.002166,4.853866,3.188823
2011-01-26,2110.46,1.0,0.011401,0.011401,4.909204,3.225178
2011-01-27,2115.01,1.0,0.002156,0.002156,4.919788,3.232132
2011-01-28,2107.87,1.0,-0.003376,-0.003376,4.90318,3.22122
2011-01-31,2069.73,1.0,-0.018094,-0.018094,4.814461,3.162935
2011-02-01,2072.03,1.0,0.001111,0.001111,4.819811,3.16645
2011-02-07,2081.74,1.0,0.004686,0.004686,4.842398,3.181289
2011-02-08,2069.7,1.0,-0.005784,-0.005784,4.814391,3.162889
2011-02-09,2045.58,1.0,-0.011654,-0.011654,4.758285,3.12603
2011-02-10,2008.5,1.0,-0.018127,-0.018127,4.672032,3.069364
2011-02-11,1977.19,1.0,-0.015589,-0.015589,4.599201,3.021517
2011-02-14,2014.59,0.5,0.008997,0.018916,4.640581,3.078671
2011-02-16,1989.11,0.5,-0.006285,-0.012648,4.611417,3.039733
2011-02-17,1977.22,0.5,-0.002949,-0.005978,4.597815,3.021563
2011-02-18,2013.14,0.5,0.009123,0.018167,4.63976,3.076455
2011-02-21,2005.3,1.0,-0.004394,-0.003894,4.619371,3.064474
2011-02-22,1969.92,1.0,-0.017643,-0.017643,4.53787,3.010407
2011-02-23,1961.63,1.0,-0.004208,-0.004208,4.518774,2.997738
2011-02-24,1949.88,1.0,-0.00599,-0.00599,4.491707,2.979782
2011-02-25,1963.43,1.0,0.006949,0.006949,4.52292,3.000489
2011-02-28,1939.3,0.5,-0.006606,-0.01229,4.493044,2.963614
2011-03-02,1928.24,0.5,-0.002812,-0.005703,4.480408,2.946712
2011-03-03,1970.66,0.5,0.011039,0.021999,4.529867,3.011538
2011-03-04,2004.68,0.5,0.008671,0.017263,4.569145,3.063527
2011-03-07,1980.27,0.5,-0.006049,-0.012177,4.541507,3.026224
2011-03-08,1996.32,0.5,0.004092,0.008105,4.56009,3.050751
2011-03-09,2001.47,0.5,0.001329,0.00258,4.566151,3.058621
2011-03-10,1981.58,0.5,-0.00493,-0.009938,4.543642,3.028226
2011-03-11,1955.54,0.5,-0.006531,-0.013141,4.513966,2.988432
2011-03-14,1971.23,0.5,0.004051,0.008023,4.532252,3.012409
2011-03-15,1923.92,0.5,-0.011961,-0.024,4.478042,2.94011
2011-03-16,1957.97,0.5,0.008888,0.017698,4.517845,2.992145
2011-03-17,1959.03,0.5,0.00031,0.000541,4.519246,2.993765
2011-03-18,1981.13,0.5,0.00568,0.011281,4.544914,3.027538
2011-03-21,2003.42,0.5,0.005665,0.011251,4.570661,3.061601
2011-03-22,2013.66,0.5,0.002595,0.005111,4.582521,3.07725
2011-03-23,2012.18,0.5,-0.000328,-0.000735,4.581017,3.074988
2011-03-24,2036.78,0.5,0.006152,0.012226,4.6092,3.112582
2011-03-25,2054.04,0.5,0.004276,0.008474,4.62891,3.138958
2011-03-28,2056.39,1.0,0.000644,0.001144,4.631892,3.142549
2011-03-29,2072.13,1.0,0.007654,0.007654,4.667345,3.166603
2011-03-30,2091.38,1.0,0.00929,0.00929,4.710705,3.196021
2011-03-31,2106.7,1.0,0.007325,0.007325,4.745212,3.219432
2011-04-01,2121.01,1.0,0.006793,0.006793,4.777444,3.241301
2011-04-04,2115.87,1.0,-0.002423,-0.002423,4.765867,3.233446
2011-04-05,2130.43,1.0,0.006881,0.006881,4.798662,3.255696
2011-04-06,2126.71,1.0,-0.001746,-0.001746,4.790283,3.250011
2011-04-07,2122.14,1.0,-0.002149,-0.002149,4.77999,3.243028
2011-04-08,2127.97,1.0,0.002747,0.002747,4.793121,3.251937
2011-04-11,2122.39,1.0,-0.002622,-0.002622,4.780553,3.24341
2011-04-12,2089.4,1.0,-0.015544,-0.015544,4.706245,3.192995
2011-04-13,2121.92,1.0,0.015564,0.015564,4.779494,3.242691
2011-04-14,2141.06,1.0,0.00902,0.00902,4.822606,3.271941
2011-04-15,2140.5,1.0,-0.000262,-0.000262,4.821344,3.271085
2011-04-18,2137.72,1.0,-0.001299,-0.001299,4.815083,3.266837
2011-04-19,2122.68,1.0,-0.007036,-0.007036,4.781206,3.243853
2011-04-20,2169.91,1.0,0.02225,0.02225,4.887589,3.316029
2011-04-21,2198.54,1.0,0.013194,0.013194,4.952076,3.359781
2011-04-22,2197.82,1.0,-0.000327,-0.000327,4.950454,3.358681
2011-04-25,2216.0,1.0,0.008272,0.008272,4.991404,3.386463
2011-04-26,2206.3,1.0,-0.004377,-0.004377,4.969555,3.37164
2011-04-27,2206.7,1.0,0.000181,0.000181,4.970456,3.372251
2011-04-28,2208.35,1.0,0.000748,0.000748,4.974172,3.374773
2011-04-29,2192.36,1.0,-0.007241,-0.007241,4.938156,3.350337
2011-05-02,2228.96,1.0,0.016694,0.016694,5.020595,3.406269
2011-05-03,2200.73,1.0,-0.012665,-0.012665,4.957009,3.363128
2011-05-04,2180.64,1.0,-0.009129,-0.009129,4.911757,3.332427
2011-05-06,2147.45,1.0,-0.01522,-0.01522,4.836999,3.281706
2011-05-09,2139.17,1.0,-0.003856,-0.003856,4.818349,3.269053
2011-05-11,2166.63,1.0,0.012837,0.012837,4.880201,3.311017
2011-05-12,2122.65,1.0,-0.020299,-0.020299,4.781138,3.243807
2011-05-13,2120.08,1.0,-0.001211,-0.001211,4.77535,3.23988
2011-05-16,2104.18,1.0,-0.0075,-0.0075,4.739536,3.215581
2011-05-17,2102.41,1.0,-0.000841,-0.000841,4.735549,3.212877
2011-05-18,2135.78,1.0,0.015872,0.015872,4.810713,3.263872
2011-05-19,2095.51,1.0,-0.018855,-0.018855,4.720007,3.202332
2011-05-20,2111.5,1.0,0.007631,0.007631,4.756024,3.226768
2011-05-23,2055.71,1.0,-0.026422,-0.026422,4.63036,3.14151
2011-05-24,2061.76,1.0,0.002943,0.002943,4.643987,3.150756
2011-05-25,2035.87,1.0,-0.012557,-0.012557,4.585672,3.111191
2011-05-26,2091.91,1.0,0.027526,0.027526,4.711899,3.196831
2011-05-27,2100.24,1.0,0.003982,0.003982,4.730661,3.20956
2011-05-30,2093.79,0.5,-0.001996,-0.003071,4.721218,3.199704
2011-05-31,2142.47,0.5,0.011664,0.02325,4.776287,3.274096
2011-06-01,2141.34,0.5,-0.000224,-0.000527,4.775215,3.272369
2011-06-02,2114.2,0.5,-0.006298,-0.012674,4.745141,3.230894
2011-06-03,2113.47,0.5,-0.000133,-0.000345,4.744508,3.229778
2011-06-07,2099.71,1.0,-0.007011,-0.006511,4.711246,3.20875
2011-06-08,2083.35,1.0,-0.007792,-0.007792,4.674539,3.183749
2011-06-09,2071.42,1.0,-0.005726,-0.005726,4.64777,3.165518
2011-06-10,2046.67,1.0,-0.011948,-0.011948,4.592237,3.127695
2011-06-13,2048.74,0.5,4.5e-05,0.001011,4.592444,3.130859
2011-06-14,2076.83,0.5,0.006895,0.013711,4.624108,3.173785
2011-06-15,2086.53,0.5,0.002375,0.004671,4.635088,3.188609
2011-06-16,2046.63,0.5,-0.009522,-0.019123,4.590953,3.127634
2011-06-17,2031.93,0.5,-0.003552,-0.007183,4.574646,3.10517
2011-06-20,2019.65,0.5,-0.002982,-0.006044,4.561002,3.086404
2011-06-21,2048.17,0.5,0.0071,0.014121,4.593385,3.129988
2011-06-22,2063.9,0.5,0.003879,0.00768,4.611204,3.154026
2011-06-23,2055.86,0.5,-0.001908,-0.003896,4.602403,3.141739
2011-06-24,2090.81,0.5,0.008539,0.017,4.641705,3.19515
2011-06-27,2070.29,0.5,-0.004868,-0.009814,4.61911,3.163791
2011-06-28,2062.91,0.5,-0.001743,-0.003565,4.611058,3.152513
2011-06-29,2094.42,0.5,0.007677,0.015275,4.646455,3.200666
2011-06-30,2100.69,0.5,0.001536,0.002994,4.653593,3.210248
2011-07-01,2125.74,0.5,0.006002,0.011925,4.681522,3.248529
2011-07-04,2145.3,0.5,0.00464,0.009202,4.703244,3.27842
2011-07-05,2161.75,0.5,0.003873,0.007668,4.721461,3.303559
2011-07-06,2171.19,0.5,0.002223,0.004367,4.731956,3.317985
2011-07-07,2180.59,0.5,0.002204,0.004329,4.742385,3.33235
2011-07-08,2180.35,0.5,-1.6e-05,-0.00011,4.74231,3.331983
2011-07-11,2157.16,1.0,-0.011136,-0.010636,4.6895,3.296545
2011-07-12,2109.73,1.0,-0.021987,-0.021987,4.586391,3.224063
2011-07-13,2129.64,1.0,0.009437,0.009437,4.629674,3.254489
2011-07-14,2130.07,1.0,0.000202,0.000202,4.630609,3.255146
2011-07-15,2145.2,1.0,0.007103,0.007103,4.6635,3.278268
2011-07-18,2130.48,0.5,-0.003892,-0.006862,4.645352,3.255773
2011-07-19,2130.21,0.5,-2.4e-05,-0.000127,4.64524,3.25536
2011-07-20,2154.95,0.5,0.005846,0.011614,4.672397,3.293167
2011-07-21,2145.04,0.5,-0.00226,-0.004599,4.661837,3.278023
2011-07-22,2171.23,0.5,0.006144,0.01221,4.69048,3.318046
2011-07-25,2150.48,1.0,-0.010057,-0.009557,4.643309,3.286336
2011-07-26,2168.7,1.0,0.008473,0.008473,4.682649,3.31418
2011-07-27,2174.31,1.0,0.002587,0.002587,4.694762,3.322753
2011-07-28,2155.85,1.0,-0.00849,-0.00849,4.654904,3.294543
2011-07-29,2133.21,1.0,-0.010502,-0.010502,4.606019,3.259945
2011-08-01,2172.31,0.5,0.008704,0.018329,4.64611,3.319697
2011-08-02,2121.27,0.5,-0.011709,-0.023496,4.59171,3.241698
2011-08-03,2066.26,0.5,-0.012927,-0.025933,4.532353,3.157633
2011-08-04,2018.47,0.5,-0.011525,-0.023129,4.480118,3.0846
2011-08-05,1943.75,0.5,-0.01847,-0.037018,4.397371,2.970414
2011-08-08,1869.45,0.0,-0.000421,-0.038225,4.395518,2.85687
2011-08-09,1801.35,0.0,7.9e-05,-0.036428,4.395863,2.7528
2011-08-10,1806.24,0.0,7.9e-05,0.002715,4.396208,2.760273
2011-08-11,1817.44,0.0,7.9e-05,0.006201,4.396554,2.777389
2011-08-12,1793.31,0.0,7.9e-05,-0.013277,4.396899,2.740514
2011-08-16,1879.87,0.0,7.9e-05,0.048268,4.397245,2.872794
2011-08-17,1892.67,0.0,7.9e-05,0.006809,4.397591,2.892354
2011-08-18,1860.58,0.0,7.9e-05,-0.016955,4.397936,2.843315
2011-08-19,1744.88,0.0,7.9e-05,-0.062185,4.398282,2.666504
2011-08-22,1710.7,0.0,7.9e-05,-0.019589,4.398627,2.61427
2011-08-23,1776.68,0.0,7.9e-05,0.038569,4.398973,2.7151
2011-08-24,1754.78,0.0,7.9e-05,-0.012326,4.399319,2.681633
2011-08-25,1764.58,0.0,7.9e-05,0.005585,4.399664,2.696609
2011-08-26,1778.95,0.0,7.9e-05,0.008144,4.40001,2.718569
2011-08-29,1829.5,0.0,7.9e-05,0.028416,4.400356,2.795819
2011-08-30,1843.82,0.0,7.9e-05,0.007827,4.400702,2.817703
2011-08-31,1880.11,0.0,7.9e-05,0.019682,4.401048,2.87316
2011-09-01,1880.7,0.0,7.9e-05,0.000314,4.401393,2.874062
2011-09-02,1867.75,0.0,7.9e-05,-0.006886,4.401739,2.854272
2011-09-05,1785.83,0.0,7.9e-05,-0.04386,4.402085,2.729083
2011-09-06,1766.71,0.0,7.9e-05,-0.010707,4.402431,2.699864
2011-09-07,1833.46,0.0,7.9e-05,0.037782,4.402777,2.801871
2011-09-08,1846.64,0.0,7.9e-05,0.007189,4.403123,2.822012
2011-09-09,1812.93,0.0,7.9e-05,-0.018255,4.403469,2.770497
2011-09-14,1749.16,0.0,7.9e-05,-0.035175,4.403815,2.673044
2011-09-15,1774.08,0.0,7.9e-05,0.014247,4.404161,2.711127
2011-09-16,1840.1,0.0,7.9e-05,0.037214,4.404507,2.812018
2011-09-19,1820.94,0.0,7.9e-05,-0.010412,4.404854,2.782738
2011-09-20,1837.97,0.0,7.9e-05,0.009352,4.4052,2.808763
2011-09-21,1854.28,0.0,7.9e-05,0.008874,4.405546,2.833687
2011-09-22,1800.55,0.0,7.9e-05,-0.028976,4.405892,2.751578
2011-09-23,1697.44,0.0,7.9e-05,-0.057266,4.406238,2.594006
2011-09-26,1652.71,0.0,7.9e-05,-0.026351,4.406585,2.525651
2011-09-27,1735.71,0.0,7.9e-05,0.050221,4.406931,2.65249
2011-09-28,1723.09,0.0,7.9e-05,-0.007271,4.407277,2.633204
2011-09-29,1769.29,0.0,7.9e-05,0.026812,4.407624,2.703807
2011-09-30,1769.65,0.0,7.9e-05,0.000203,4.40797,2.704357
2011-10-03,1706.19,0.0,7.9e-05,-0.03586,4.408316,2.607378
2011-10-04,1706.19,0.0,7.9e-05,0.0,4.408663,2.607378
2011-10-05,1666.52,0.0,7.9e-05,-0.023251,4.409009,2.546755
2011-10-06,1710.32,0.0,7.9e-05,0.026282,4.409356,2.61369
2011-10-07,1759.77,0.0,7.9e-05,0.028913,4.409702,2.689258
2011-10-11,1795.02,0.0,7.9e-05,0.020031,4.410049,2.743127
2011-10-12,1809.5,0.0,7.9e-05,0.008067,4.410395,2.765255
2011-10-13,1823.1,0.0,7.9e-05,0.007516,4.410742,2.786038
2011-10-14,1835.4,0.0,7.9e-05,0.006747,4.411088,2.804835
2011-10-17,1865.18,0.0,7.9e-05,0.016225,4.411435,2.850345
2011-10-18,1838.9,0.0,7.9e-05,-0.01409,4.411782,2.810184
2011-10-19,1855.92,0.0,7.9e-05,0.009256,4.412129,2.836194
2011-10-20,1805.09,0.0,7.9e-05,-0.027388,4.412475,2.758516
2011-10-21,1838.38,0.0,7.9e-05,0.018442,4.412822,2.809389
2011-10-24,1898.32,0.0,7.9e-05,0.032605,4.413169,2.900989
2011-10-25,1888.65,0.0,7.9e-05,-0.005094,4.413516,2.886211
2011-10-26,1894.31,0.0,7.9e-05,0.002997,4.413862,2.894861
2011-10-27,1922.04,0.0,7.9e-05,0.014639,4.414209,2.937237
2011-10-28,1929.48,0.0,7.9e-05,0.003871,4.414556,2.948607
2011-10-31,1909.03,0.5,-0.00576,-0.010599,4.389128,2.917356
2011-11-01,1909.63,0.5,0.000196,0.000314,4.38999,2.918273
2011-11-02,1898.01,0.5,-0.003003,-0.006085,4.376806,2.900515
2011-11-03,1869.96,0.5,-0.00735,-0.014779,4.344637,2.857649
2011-11-04,1928.41,0.5,0.015668,0.031257,4.412708,2.946972
2011-11-07,1919.1,0.5,-0.002375,-0.004828,4.40223,2.932744
2011-11-08,1903.14,0.5,-0.004119,-0.008316,4.384097,2.908355
2011-11-09,1907.53,0.5,0.001193,0.002307,4.389326,2.915063
2011-11-10,1813.25,0.5,-0.024673,-0.049425,4.281027,2.770986
2011-11-11,1863.45,0.5,0.013882,0.027685,4.340456,2.847701
2011-11-14,1902.81,0.5,0.0106,0.021122,4.386466,2.90785
2011-11-15,1886.12,0.5,-0.004346,-0.008771,4.367401,2.882345
2011-11-16,1856.07,0.5,-0.007927,-0.015932,4.332781,2.836423
2011-11-17,1876.67,0.5,0.005589,0.011099,4.356996,2.867903
2011-11-18,1839.17,0.5,-0.009952,-0.019982,4.313636,2.810596
2011-11-21,1820.03,0.5,-0.005164,-0.010407,4.29136,2.781347
2011-11-22,1826.28,0.5,0.001756,0.003434,4.298896,2.790898
2011-11-23,1783.1,0.5,-0.011783,-0.023644,4.248245,2.724911
2011-11-24,1795.06,0.5,0.003393,0.006707,4.262659,2.743188
2011-11-25,1776.4,0.5,-0.005158,-0.010395,4.240671,2.714672
2011-11-28,1815.28,0.0,-0.000421,0.021887,4.238884,2.774088
2011-11-29,1856.52,0.0,7.9e-05,0.022718,4.239217,2.837111
2011-11-30,1847.51,0.0,7.9e-05,-0.004853,4.23955,2.823342
2011-12-01,1916.18,0.0,7.9e-05,0.037169,4.239883,2.928282
2011-12-02,1916.04,0.0,7.9e-05,-7.3e-05,4.240216,2.928068
2011-12-05,1922.9,0.5,0.001329,0.00358,4.245853,2.938552
2011-12-06,1902.82,0.5,-0.005182,-0.010443,4.223851,2.907866
2011-12-07,1919.42,0.5,0.004401,0.008724,4.242442,2.933233
2011-12-08,1912.39,0.5,-0.001792,-0.003663,4.234839,2.92249
2011-12-09,1874.75,0.5,-0.009802,-0.019682,4.19333,2.864969
2011-12-12,1899.76,0.5,0.00671,0.01334,4.221465,2.903189
2011-12-13,1864.06,0.5,-0.009357,-0.018792,4.181967,2.848633
2011-12-14,1857.75,0.5,-0.001653,-0.003385,4.175053,2.83899
2011-12-15,1819.11,0.5,-0.01036,-0.020799,4.131798,2.779941
2011-12-16,1839.96,0.5,0.00577,0.011462,4.155639,2.811804
2011-12-19,1776.93,0.5,-0.017089,-0.034256,4.084624,2.715482
2011-12-20,1793.06,0.5,0.004578,0.009077,4.103323,2.740132
2011-12-21,1848.41,0.5,0.015474,0.030869,4.166817,2.824717
2011-12-22,1847.49,0.5,-0.00021,-0.000498,4.165944,2.823311
2011-12-23,1867.22,0.5,0.005379,0.010679,4.188352,2.853462
2011-12-27,1842.02,1.0,-0.013996,-0.013496,4.129732,2.814952
2011-12-28,1825.12,1.0,-0.009175,-0.009175,4.091843,2.789125
2011-12-29,1825.74,1.0,0.00034,0.00034,4.093233,2.790073
2012-01-02,1826.37,0.5,-0.000288,0.000345,4.092054,2.791036
2012-01-03,1875.41,0.5,0.013465,0.026851,4.147152,2.865978
2012-01-04,1866.22,0.5,-0.002411,-0.0049,4.137154,2.851934
2012-01-05,1863.74,0.5,-0.000625,-0.001329,4.134568,2.848144
2012-01-06,1843.14,0.5,-0.005487,-0.011053,4.111881,2.816663
2012-01-09,1826.49,0.5,-0.004477,-0.009033,4.09347,2.791219
2012-01-10,1853.22,0.5,0.007357,0.014635,4.123584,2.832067
2012-01-11,1845.55,0.5,-0.00203,-0.004139,4.115213,2.820346
2012-01-12,1864.57,0.5,0.005192,0.010306,4.13658,2.849412
2012-01-13,1875.68,0.5,0.003019,0.005958,4.149066,2.866391
2012-01-16,1859.27,0.5,-0.004335,-0.008749,4.13108,2.841313
2012-01-17,1892.74,0.5,0.00904,0.018002,4.168425,2.892461
2012-01-18,1892.39,0.5,-5.3e-05,-0.000185,4.168203,2.891927
2012-01-19,1914.97,0.5,0.006005,0.011932,4.193235,2.926433
2012-01-20,1949.89,0.5,0.009157,0.018235,4.231632,2.979797
2012-01-25,1952.23,0.5,0.000639,0.0012,4.234337,2.983373
2012-01-26,1957.18,0.5,0.001307,0.002536,4.239872,2.990938
2012-01-27,1964.83,0.5,0.001994,0.003909,4.248325,3.002628
2012-01-30,1940.55,0.5,-0.006139,-0.012357,4.222243,2.965524
2012-01-31,1955.79,0.5,0.003966,0.007853,4.238988,2.988814
2012-02-01,1959.24,0.5,0.000921,0.001764,4.242893,2.994086
2012-02-02,1984.3,0.5,0.006435,0.012791,4.270195,3.032382
2012-02-03,1972.34,0.5,-0.002974,-0.006027,4.257494,3.014105
2012-02-06,1973.13,1.0,-9.9e-05,0.000401,4.25707,3.015312
2012-02-07,1981.59,1.0,0.004288,0.004288,4.275323,3.028241
2012-02-08,2003.73,1.0,0.011173,0.011173,4.323091,3.062075
2012-02-09,2014.62,1.0,0.005435,0.005435,4.346586,3.078717
2012-02-10,1993.71,1.0,-0.010379,-0.010379,4.301472,3.046763
2012-02-13,2005.74,1.0,0.006034,0.006034,4.327427,3.065147
2012-02-14,2002.64,1.0,-0.001546,-0.001546,4.320739,3.060409
2012-02-15,2025.32,1.0,0.011325,0.011325,4.369671,3.095069
2012-02-16,1997.45,1.0,-0.013761,-0.013761,4.309541,3.052478
2012-02-17,2023.47,1.0,0.013027,0.013027,4.36568,3.092241
2012-02-20,2024.9,1.0,0.000707,0.000707,4.368765,3.094427
2012-02-21,2024.24,1.0,-0.000326,-0.000326,4.367341,3.093418
2012-02-22,2028.65,1.0,0.002179,0.002179,4.376856,3.100157
2012-02-23,2007.8,1.0,-0.010278,-0.010278,4.331872,3.068295
2012-02-24,2019.89,1.0,0.006022,0.006022,4.357956,3.08677
2012-02-27,1991.16,1.0,-0.014224,-0.014224,4.29597,3.042866
2012-02-28,2003.69,1.0,0.006293,0.006293,4.323004,3.062014
2012-02-29,2030.25,1.0,0.013256,0.013256,4.380308,3.102603
2012-03-02,2034.63,1.0,0.002157,0.002157,4.389758,3.109296
2012-03-05,2016.06,1.0,-0.009127,-0.009127,4.349693,3.080918
2012-03-06,2000.36,1.0,-0.007787,-0.007787,4.31582,3.056925
2012-03-07,1982.15,1.0,-0.009103,-0.009103,4.276531,3.029097
2012-03-08,2000.76,1.0,0.009389,0.009389,4.316683,3.057536
2012-03-09,2018.3,1.0,0.008767,0.008767,4.354526,3.084341
2012-03-12,2002.5,1.0,-0.007828,-0.007828,4.320437,3.060195
2012-03-13,2025.04,1.0,0.011256,0.011256,4.369067,3.094641
2012-03-14,2045.08,1.0,0.009896,0.009896,4.412304,3.125266
2012-03-15,2043.76,1.0,-0.000645,-0.000645,4.409456,3.123248
2012-03-16,2034.44,1.0,-0.00456,-0.00456,4.389348,3.109006
2012-03-19,2047.0,1.0,0.006174,0.006174,4.416446,3.1282
2012-03-20,2042.15,1.0,-0.002369,-0.002369,4.405982,3.120788
2012-03-21,2027.23,1.0,-0.007306,-0.007306,4.373792,3.097987
2012-03-22,2026.12,1.0,-0.000548,-0.000548,4.371397,3.096291
2012-03-23,2026.83,1.0,0.00035,0.00035,4.372929,3.097376
2012-03-26,2019.19,1.0,-0.003769,-0.003769,4.356446,3.085701
2012-03-27,2039.76,1.0,0.010187,0.010187,4.400826,3.117136
2012-03-28,2031.74,1.0,-0.003932,-0.003932,4.383523,3.10488
2012-03-29,2014.41,1.0,-0.00853,-0.00853,4.346133,3.078396
2012-03-30,2014.04,1.0,-0.000184,-0.000184,4.345335,3.077831
2012-04-02,2029.29,1.0,0.007572,0.007572,4.378237,3.101135
2012-04-03,2049.28,1.0,0.009851,0.009851,4.421366,3.131684
2012-04-04,2018.61,1.0,-0.014966,-0.014966,4.355194,3.084814
2012-04-05,2028.77,1.0,0.005033,0.005033,4.377115,3.100341
2012-04-06,2029.03,1.0,0.000128,0.000128,4.377676,3.100738
2012-04-09,1997.08,1.0,-0.015746,-0.015746,4.308743,3.051913
2012-04-10,1994.41,1.0,-0.001337,-0.001337,4.302982,3.047832
2012-04-12,1986.63,1.0,-0.003901,-0.003901,4.286197,3.035943
2012-04-13,2008.91,1.0,0.011215,0.011215,4.334266,3.069991
2012-04-16,1992.63,0.5,-0.004513,-0.008104,4.314707,3.045112
2012-04-17,1985.3,0.5,-0.0018,-0.003679,4.306941,3.03391
2012-04-18,2004.53,0.5,0.004882,0.009686,4.327969,3.063298
2012-04-19,1999.86,0.5,-0.001126,-0.00233,4.323098,3.056161
2012-04-20,1974.65,0.5,-0.006264,-0.012606,4.296019,3.017635
2012-04-23,1972.63,0.5,-0.000472,-0.001023,4.293991,3.014548
2012-04-24,1963.42,0.5,-0.002295,-0.004669,4.284135,3.000474
2012-04-25,1961.98,0.5,-0.000327,-0.000733,4.282733,2.998273
2012-04-26,1964.04,0.5,0.000564,0.00105,4.285149,3.001421
2012-04-27,1975.35,0.5,0.002919,0.005759,4.297656,3.018705
2012-04-30,1981.99,0.5,0.00172,0.003361,4.305048,3.028852
2012-05-02,1999.07,0.5,0.004348,0.008618,4.323767,3.054954
2012-05-03,1995.11,0.5,-0.000951,-0.001981,4.319654,3.048902
2012-05-04,1989.15,0.5,-0.001454,-0.002987,4.313372,3.039794
2012-05-07,1956.44,0.5,-0.008183,-0.016444,4.278076,2.989807
2012-05-08,1967.01,0.5,0.002741,0.005403,4.289801,3.00596
2012-05-09,1950.29,0.5,-0.004211,-0.0085,4.271737,2.980409
2012-05-10,1944.93,0.5,-0.001335,-0.002748,4.266035,2.972218
2012-05-11,1917.13,0.5,-0.007107,-0.014294,4.235714,2.929734
2012-05-14,1913.73,0.0,-0.000421,-0.001773,4.233929,2.924538
2012-05-15,1898.96,0.0,7.9e-05,-0.007718,4.234262,2.901967
2012-05-16,1840.53,0.0,7.9e-05,-0.030769,4.234595,2.812675
2012-05-17,1845.24,0.0,7.9e-05,0.002559,4.234927,2.819873
2012-05-18,1782.46,0.0,7.9e-05,-0.034023,4.23526,2.723933
2012-05-21,1799.13,0.0,7.9e-05,0.009352,4.235593,2.749408
2012-05-22,1828.69,0.0,7.9e-05,0.01643,4.235926,2.794581
2012-05-23,1808.62,0.0,7.9e-05,-0.010975,4.236259,2.76391
2012-05-24,1814.47,0.0,7.9e-05,0.003235,4.236592,2.77285
2012-05-25,1824.17,0.0,7.9e-05,0.005346,4.236925,2.787674
2012-05-29,1849.91,0.0,7.9e-05,0.014111,4.237258,2.827009
2012-05-30,1844.86,0.0,7.9e-05,-0.00273,4.237591,2.819292
2012-05-31,1843.47,0.0,7.9e-05,-0.000753,4.237924,2.817168
2012-06-01,1834.51,0.0,7.9e-05,-0.00486,4.238257,2.803475
2012-06-04,1783.13,0.0,7.9e-05,-0.028007,4.23859,2.724957
2012-06-05,1801.85,0.0,7.9e-05,0.010498,4.238923,2.753564
2012-06-07,1847.95,0.0,7.9e-05,0.025585,4.239256,2.824014
2012-06-08,1835.64,0.0,7.9e-05,-0.006661,4.239589,2.805202
2012-06-11,1867.04,0.0,7.9e-05,0.017106,4.239922,2.853187
2012-06-12,1854.74,0.0,7.9e-05,-0.006588,4.240255,2.83439
2012-06-13,1859.32,0.0,7.9e-05,0.002469,4.240589,2.841389
2012-06-14,1871.48,0.0,7.9e-05,0.00654,4.240922,2.859972
2012-06-15,1858.16,0.0,7.9e-05,-0.007117,4.241255,2.839617
2012-06-18,1891.71,0.0,7.9e-05,0.018055,4.241588,2.890887
2012-06-19,1891.77,0.0,7.9e-05,3.2e-05,4.241922,2.890979
2012-06-20,1904.12,0.0,7.9e-05,0.006528,4.242255,2.909852
2012-06-21,1889.15,0.0,7.9e-05,-0.007862,4.242589,2.886975
2012-06-22,1847.39,0.0,7.9e-05,-0.022105,4.242922,2.823158
2012-06-25,1825.38,0.0,7.9e-05,-0.011914,4.243255,2.789523
2012-06-26,1817.81,0.0,7.9e-05,-0.004147,4.243589,2.777954
2012-06-27,1817.65,0.0,7.9e-05,-8.8e-05,4.243922,2.77771
2012-06-28,1819.18,0.0,7.9e-05,0.000842,4.244256,2.780048
2012-06-29,1854.01,0.0,7.9e-05,0.019146,4.244589,2.833275
2012-07-02,1851.65,0.0,7.9e-05,-0.001273,4.244923,2.829668
2012-07-03,1867.82,0.0,7.9e-05,0.008733,4.245256,2.854379
2012-07-04,1874.45,0.0,7.9e-05,0.00355,4.24559,2.864511
2012-07-05,1875.49,0.0,7.9e-05,0.000555,4.245924,2.8661
2012-07-06,1858.2,0.0,7.9e-05,-0.009219,4.246257,2.839678
2012-07-09,1836.13,0.0,7.9e-05,-0.011877,4.246591,2.805951
2012-07-10,1829.45,0.0,7.9e-05,-0.003638,4.246925,2.795742
2012-07-11,1826.39,0.0,7.9e-05,-0.001673,4.247259,2.791066
2012-07-12,1785.39,0.0,7.9e-05,-0.022449,4.247592,2.728411
2012-07-13,1812.89,0.0,7.9e-05,0.015403,4.247926,2.770436
2012-07-16,1817.79,0.0,7.9e-05,0.002703,4.24826,2.777924
2012-07-17,1821.96,0.0,7.9e-05,0.002294,4.248594,2.784296
2012-07-18,1794.91,0.0,7.9e-05,-0.014847,4.248928,2.742959
2012-07-19,1822.96,0.0,7.9e-05,0.015628,4.249262,2.785825
2012-07-20,1822.93,0.0,7.9e-05,-1.6e-05,4.249596,2.785779
2012-07-23,1789.44,0.0,7.9e-05,-0.018372,4.249929,2.7346
2012-07-24,1793.93,0.0,7.9e-05,0.002509,4.250263,2.741461
2012-07-25,1769.31,0.0,7.9e-05,-0.013724,4.250597,2.703837
2012-07-26,1782.47,0.0,7.9e-05,0.007438,4.250931,2.723948
2012-07-27,1829.16,0.0,7.9e-05,0.026194,4.251266,2.795299
2012-07-30,1843.79,0.0,7.9e-05,0.007998,4.2516,2.817657
2012-07-31,1881.99,0.0,7.9e-05,0.020718,4.251934,2.876033
2012-08-01,1879.93,0.0,7.9e-05,-0.001095,4.252268,2.872885
2012-08-02,1869.4,0.0,7.9e-05,-0.005601,4.252602,2.856794
2012-08-03,1848.68,0.0,7.9e-05,-0.011084,4.252936,2.82513
2012-08-06,1885.88,0.5,0.009601,0.020122,4.293767,2.881978
2012-08-07,1886.8,0.5,0.000283,0.000488,4.294983,2.883384
2012-08-08,1903.23,0.5,0.004393,0.008708,4.313852,2.908492
2012-08-09,1940.59,0.5,0.009854,0.01963,4.356361,2.965585
2012-08-10,1946.4,0.5,0.001536,0.002994,4.363054,2.974464
2012-08-13,1932.44,1.0,-0.007672,-0.007172,4.329579,2.95313
2012-08-14,1956.96,1.0,0.012689,0.012689,4.384516,2.990602
2012-08-16,1957.91,1.0,0.000485,0.000485,4.386644,2.992053
2012-08-17,1946.54,1.0,-0.005807,-0.005807,4.36117,2.974678
2012-08-20,1946.31,1.0,-0.000118,-0.000118,4.360655,2.974326
2012-08-21,1943.22,1.0,-0.001588,-0.001588,4.353732,2.969604
2012-08-22,1935.19,1.0,-0.004132,-0.004132,4.335741,2.957333
2012-08-23,1942.54,1.0,0.003798,0.003798,4.352208,2.968565
2012-08-24,1919.81,1.0,-0.011701,-0.011701,4.301282,2.933829
2012-08-27,1917.87,1.0,-0.001011,-0.001011,4.296936,2.930865
2012-08-28,1916.33,1.0,-0.000803,-0.000803,4.293485,2.928511
2012-08-29,1928.54,1.0,0.006372,0.006372,4.320841,2.947171
2012-08-30,1906.38,1.0,-0.011491,-0.011491,4.271193,2.913306
2012-08-31,1905.12,1.0,-0.000661,-0.000661,4.26837,2.91138
2012-09-03,1912.71,1.0,0.003984,0.003984,4.285375,2.922979
2012-09-04,1907.13,1.0,-0.002917,-0.002917,4.272873,2.914452
2012-09-05,1874.03,1.0,-0.017356,-0.017356,4.198713,2.863869
2012-09-06,1881.24,1.0,0.003847,0.003847,4.214867,2.874887
2012-09-07,1929.58,1.0,0.025696,0.025696,4.323171,2.94876
2012-09-10,1924.7,1.0,-0.002529,-0.002529,4.312238,2.941302
2012-09-11,1920.0,1.0,-0.002442,-0.002442,4.301708,2.93412
2012-09-12,1950.03,1.0,0.015641,0.015641,4.368989,2.980011
2012-09-13,1950.69,1.0,0.000338,0.000338,4.370468,2.98102
2012-09-14,2007.58,1.0,0.029164,0.029164,4.497928,3.067958
2012-09-17,2002.35,1.0,-0.002605,-0.002605,4.486211,3.059966
2012-09-18,2004.96,1.0,0.001303,0.001303,4.492058,3.063955
2012-09-19,2007.88,1.0,0.001456,0.001456,4.498601,3.068417
2012-09-20,1990.33,1.0,-0.008741,-0.008741,4.45928,3.041597
2012-09-21,2002.37,1.0,0.006049,0.006049,4.486255,3.059997
2012-09-24,2003.44,1.0,0.000534,0.000534,4.488653,3.061632
2012-09-25,1991.41,1.0,-0.006005,-0.006005,4.4617,3.043248
2012-09-26,1980.44,1.0,-0.005509,-0.005509,4.437122,3.026483
2012-09-27,1988.7,1.0,0.004171,0.004171,4.455628,3.039106
2012-09-28,1996.21,1.0,0.003776,0.003776,4.472454,3.050583
2012-10-02,1996.03,1.0,-9e-05,-9e-05,4.472051,3.050308
2012-10-04,1992.68,1.0,-0.001678,-0.001678,4.464545,3.045189
2012-10-05,1995.17,1.0,0.00125,0.00125,4.470124,3.048994
2012-10-08,1981.89,1.0,-0.006656,-0.006656,4.440371,3.028699
2012-10-09,1979.04,1.0,-0.001438,-0.001438,4.433985,3.024344
2012-10-10,1948.22,1.0,-0.015573,-0.015573,4.364934,2.977245
2012-10-11,1933.09,1.0,-0.007766,-0.007766,4.331036,2.954124
2012-10-12,1933.26,1.0,8.8e-05,8.8e-05,4.331416,2.954384
2012-10-15,1925.59,1.0,-0.003967,-0.003967,4.314232,2.942662
2012-10-16,1941.54,1.0,0.008283,0.008283,4.349968,2.967037
2012-10-17,1955.15,1.0,0.00701,0.00701,4.38046,2.987836
2012-10-18,1959.12,1.0,0.002031,0.002031,4.389355,2.993903
2012-10-19,1943.84,1.0,-0.007799,-0.007799,4.355121,2.970552
2012-10-22,1941.59,1.0,-0.001158,-0.001158,4.35008,2.967113
2012-10-23,1926.81,1.0,-0.007612,-0.007612,4.316965,2.944527
2012-10-24,1913.96,1.0,-0.006669,-0.006669,4.288175,2.92489
2012-10-25,1924.5,1.0,0.005507,0.005507,4.31179,2.940997
2012-10-26,1891.43,1.0,-0.017184,-0.017184,4.237697,2.89046
2012-10-29,1891.52,0.5,-0.000437,4.8e-05,4.235846,2.890597
2012-10-30,1899.58,0.5,0.00217,0.004261,4.245037,2.902914
2012-10-31,1912.06,0.5,0.003324,0.00657,4.259149,2.921986
2012-11-01,1898.44,0.5,-0.003522,-0.007123,4.244147,2.901172
2012-11-02,1918.72,0.5,0.005381,0.010682,4.266982,2.932164
2012-11-05,1908.22,0.5,-0.002697,-0.005472,4.255475,2.916118
2012-11-06,1928.17,0.5,0.005267,0.010455,4.277887,2.946605
2012-11-07,1937.55,0.5,0.002472,0.004865,4.28846,2.96094
2012-11-08,1914.41,0.5,-0.005932,-0.011943,4.26302,2.925577
2012-11-09,1904.41,0.5,-0.002572,-0.005224,4.252054,2.910295
2012-11-12,1900.87,0.5,-0.00089,-0.001859,4.248269,2.904886
2012-11-13,1889.7,0.5,-0.002899,-0.005876,4.235954,2.887816
2012-11-14,1894.04,0.5,0.001188,0.002297,4.240985,2.894448
2012-11-15,1870.72,0.5,-0.006117,-0.012312,4.215043,2.858811
2012-11-16,1860.83,0.5,-0.002604,-0.005287,4.204067,2.843697
2012-11-19,1878.1,0.5,0.00468,0.009281,4.223741,2.870089
2012-11-20,1890.18,0.5,0.003255,0.006432,4.23749,2.888549
2012-11-21,1884.04,0.5,-0.001585,-0.003248,4.230774,2.879166
2012-11-22,1899.5,0.5,0.004142,0.008206,4.248299,2.902792
2012-11-23,1911.33,0.5,0.003153,0.006228,4.261695,2.92087
2012-11-26,1908.51,1.0,-0.001975,-0.001475,4.253276,2.916561
2012-11-27,1925.2,1.0,0.008745,0.008745,4.290471,2.942066
2012-11-28,1912.78,1.0,-0.006451,-0.006451,4.262792,2.923086
2012-11-29,1934.85,1.0,0.011538,0.011538,4.311977,2.956813
2012-11-30,1932.9,1.0,-0.001008,-0.001008,4.307631,2.953833
2012-12-03,1940.02,1.0,0.003684,0.003684,4.323499,2.964714
2012-12-04,1935.18,1.0,-0.002495,-0.002495,4.312713,2.957318
2012-12-05,1947.04,1.0,0.006129,0.006129,4.339144,2.975442
2012-12-06,1949.62,1.0,0.001325,0.001325,4.344893,2.979385
2012-12-07,1957.45,1.0,0.004016,0.004016,4.362343,2.99135
2012-12-10,1957.42,1.0,-1.5e-05,-1.5e-05,4.362276,2.991305
2012-12-11,1964.62,1.0,0.003678,0.003678,4.378322,3.002308
2012-12-12,1975.44,1.0,0.005507,0.005507,4.402435,3.018843
2012-12-13,2002.77,1.0,0.013835,0.013835,4.463343,3.060608
2012-12-14,1995.04,1.0,-0.00386,-0.00386,4.446116,3.048795
2012-12-17,1983.07,1.0,-0.006,-0.006,4.41944,3.030503
2012-12-18,1993.09,1.0,0.005053,0.005053,4.44177,3.045815
2012-12-20,1999.5,1.0,0.003216,0.003216,4.456055,3.055611
2012-12-21,1980.42,1.0,-0.009542,-0.009542,4.413534,3.026453
2012-12-24,1981.82,1.0,0.000707,0.000707,4.416654,3.028592
2012-12-26,1982.25,1.0,0.000217,0.000217,4.417612,3.02925
2012-12-27,1987.35,1.0,0.002573,0.002573,4.428978,3.037043
2012-12-28,1997.05,1.0,0.004881,0.004881,4.450595,3.051867
2013-01-02,2031.1,1.0,0.01705,0.01705,4.526478,3.103901
2013-01-03,2019.41,1.0,-0.005756,-0.005756,4.500426,3.086037
2013-01-04,2011.94,1.0,-0.003699,-0.003699,4.483779,3.074621
2013-01-07,2011.25,1.0,-0.000343,-0.000343,4.482241,3.073567
2013-01-08,1997.94,1.0,-0.006618,-0.006618,4.452579,3.053227
2013-01-09,1991.81,1.0,-0.003068,-0.003068,4.438917,3.043859
2013-01-10,2006.8,1.0,0.007526,0.007526,4.472324,3.066767
2013-01-11,1996.67,1.0,-0.005048,-0.005048,4.449748,3.051286
2013-01-14,2007.04,1.0,0.005194,0.005194,4.472859,3.067133
2013-01-15,1983.74,1.0,-0.011609,-0.011609,4.420933,3.031527
2013-01-16,1977.45,1.0,-0.003171,-0.003171,4.406915,3.021914
2013-01-17,1974.27,1.0,-0.001608,-0.001608,4.399828,3.017055
2013-01-18,1987.85,1.0,0.006878,0.006878,4.430092,3.037807
2013-01-21,1986.86,1.0,-0.000498,-0.000498,4.427886,3.036294
2013-01-22,1996.52,1.0,0.004862,0.004862,4.449414,3.051057
2013-01-23,1980.41,1.0,-0.008069,-0.008069,4.413512,3.026438
2013-01-24,1964.48,1.0,-0.008044,-0.008044,4.37801,3.002094
2013-01-25,1946.69,1.0,-0.009056,-0.009056,4.338364,2.974907
2013-01-28,1939.71,1.0,-0.003586,-0.003586,4.322808,2.96424
2013-01-29,1955.96,1.0,0.008378,0.008378,4.359023,2.989073
2013-01-30,1964.43,1.0,0.00433,0.00433,4.377899,3.002017
2013-01-31,1961.94,1.0,-0.001268,-0.001268,4.37235,2.998212
2013-02-01,1957.79,1.0,-0.002115,-0.002115,4.363101,2.99187
2013-02-04,1953.21,1.0,-0.002339,-0.002339,4.352894,2.984871
2013-02-05,1938.18,1.0,-0.007695,-0.007695,4.319398,2.961902
2013-02-06,1936.19,1.0,-0.001027,-0.001027,4.314964,2.958861
2013-02-07,1931.77,1.0,-0.002283,-0.002283,4.305113,2.952107
2013-02-08,1950.9,1.0,0.009903,0.009903,4.347746,2.981341
2013-02-12,1945.79,1.0,-0.002619,-0.002619,4.336358,2.973532
2013-02-13,1976.07,1.0,0.015562,0.015562,4.403839,3.019805
2013-02-14,1979.61,1.0,0.001791,0.001791,4.411729,3.025215
2013-02-15,1981.18,1.0,0.000793,0.000793,4.415228,3.027614
2013-02-18,1981.91,1.0,0.000368,0.000368,4.416854,3.02873
2013-02-19,1985.83,1.0,0.001978,0.001978,4.42559,3.03472
2013-02-20,2024.64,1.0,0.019543,0.019543,4.512082,3.094029
2013-02-21,2015.22,1.0,-0.004653,-0.004653,4.491089,3.079634
2013-02-22,2018.89,1.0,0.001821,0.001821,4.499267,3.085242
2013-02-25,2009.52,1.0,-0.004641,-0.004641,4.478386,3.070923
2013-02-26,2000.01,1.0,-0.004732,-0.004732,4.457192,3.05639
2013-02-27,2004.04,1.0,0.002015,0.002015,4.466173,3.062549
2013-02-28,2026.49,1.0,0.011202,0.011202,4.516205,3.096857
2013-03-04,2013.15,1.0,-0.006583,-0.006583,4.486475,3.07647
2013-03-05,2016.61,1.0,0.001719,0.001719,4.494186,3.081758
2013-03-06,2020.74,1.0,0.002048,0.002048,4.50339,3.088069
2013-03-07,2004.4,1.0,-0.008086,-0.008086,4.466975,3.063099
2013-03-08,2006.01,1.0,0.000803,0.000803,4.470563,3.065559
2013-03-11,2003.35,1.0,-0.001326,-0.001326,4.464635,3.061494
2013-03-12,1993.34,1.0,-0.004997,-0.004997,4.442327,3.046197
2013-03-13,1999.73,1.0,0.003206,0.003206,4.456568,3.055962
2013-03-14,2002.13,1.0,0.0012,0.0012,4.461916,3.05963
2013-03-15,1986.5,1.0,-0.007807,-0.007807,4.427084,3.035744
2013-03-18,1968.18,0.5,-0.005072,-0.009222,4.40463,3.007748
2013-03-19,1978.56,0.5,0.002676,0.005274,4.416418,3.02361
2013-03-20,1959.41,0.5,-0.0048,-0.009679,4.395219,2.994346
2013-03-21,1950.82,0.5,-0.002153,-0.004384,4.385757,2.981219
2013-03-22,1948.71,0.5,-0.000502,-0.001082,4.383558,2.977994
2013-03-25,1977.67,0.0,-0.000421,0.014861,4.381711,3.02225
2013-03-26,1983.7,0.0,7.9e-05,0.003049,4.382055,3.031465
2013-03-27,1993.44,0.0,7.9e-05,0.00491,4.382399,3.04635
2013-03-28,1993.52,0.0,7.9e-05,4e-05,4.382744,3.046472
2013-03-29,2004.89,0.0,7.9e-05,0.005703,4.383088,3.063848
2013-04-01,1995.99,0.5,-0.00268,-0.004439,4.37134,3.050247
2013-04-02,1986.15,0.5,-0.002426,-0.00493,4.360737,3.035209
2013-04-03,1983.22,0.5,-0.000698,-0.001475,4.357692,3.030732
2013-04-04,1959.45,0.5,-0.005953,-0.011986,4.331748,2.994407
2013-04-05,1927.23,0.5,-0.008182,-0.016443,4.296304,2.945169
2013-04-08,1918.69,0.0,-0.000421,-0.004431,4.294494,2.932118
2013-04-09,1920.74,0.0,7.9e-05,0.001068,4.294831,2.935251
2013-04-10,1935.58,0.0,7.9e-05,0.007726,4.295169,2.957929
2013-04-11,1949.8,0.0,7.9e-05,0.007347,4.295506,2.97966
2013-04-12,1924.23,0.0,7.9e-05,-0.013114,4.295844,2.940584
2013-04-15,1920.45,0.0,7.9e-05,-0.001964,4.296181,2.934808
2013-04-16,1922.21,0.0,7.9e-05,0.000916,4.296519,2.937497
2013-04-17,1923.84,0.0,7.9e-05,0.000848,4.296856,2.939988
2013-04-18,1900.06,0.0,7.9e-05,-0.012361,4.297194,2.903648
2013-04-19,1906.75,0.0,7.9e-05,0.003521,4.297532,2.913871
2013-04-22,1926.31,0.0,7.9e-05,0.010258,4.29787,2.943763
2013-04-23,1918.63,0.0,7.9e-05,-0.003987,4.298207,2.932026
2013-04-24,1935.31,0.0,7.9e-05,0.008694,4.298545,2.957516
2013-04-25,1951.6,0.0,7.9e-05,0.008417,4.298883,2.982411
2013-04-26,1944.56,0.0,7.9e-05,-0.003607,4.299221,2.971652
2013-04-29,1940.7,0.0,7.9e-05,-0.001985,4.299559,2.965753
2013-04-30,1963.95,0.0,7.9e-05,0.01198,4.299896,3.001284
2013-05-02,1957.21,0.0,7.9e-05,-0.003432,4.300234,2.990984
2013-05-03,1965.71,0.0,7.9e-05,0.004343,4.300572,3.003973
2013-05-06,1961.48,0.5,-0.001537,-0.002152,4.293964,2.997509
2013-05-07,1954.35,0.5,-0.001778,-0.003635,4.286328,2.986613
2013-05-08,1956.45,0.5,0.000577,0.001075,4.288799,2.989822
2013-05-09,1979.45,0.5,0.005917,0.011756,4.314178,3.024971
2013-05-10,1944.75,0.5,-0.008726,-0.01753,4.276533,2.971942
2013-05-13,1948.7,0.5,0.001055,0.002031,4.281044,2.977979
2013-05-14,1968.83,0.5,0.005204,0.01033,4.303324,3.008741
2013-05-15,1971.26,0.5,0.000656,0.001234,4.306149,3.012455
2013-05-16,1986.81,0.5,0.003983,0.007888,4.323302,3.036218
2013-05-20,1982.43,0.5,-0.001063,-0.002205,4.318706,3.029525
2013-05-21,1981.09,0.5,-0.000299,-0.000676,4.317417,3.027477
2013-05-22,1993.83,0.5,0.003255,0.006431,4.331468,3.046946
2013-05-23,1969.19,0.5,-0.00614,-0.012358,4.304874,3.009291
2013-05-24,1973.45,0.5,0.001121,0.002163,4.3097,3.015801
2013-05-27,1979.97,0.5,0.001691,0.003304,4.316988,3.025765
2013-05-28,1986.22,0.5,0.001618,0.003157,4.323972,3.035316
2013-05-29,2001.2,0.5,0.00381,0.007542,4.340447,3.058209
2013-05-30,2000.1,0.5,-0.000236,-0.00055,4.339425,3.056528
2013-05-31,2001.05,0.5,0.000277,0.000475,4.340626,3.057979
2013-06-03,1989.57,0.5,-0.002829,-0.005737,4.328345,3.040436
2013-06-04,1989.51,0.5,2.4e-05,-3e-05,4.32845,3.040344
2013-06-05,1959.19,0.5,-0.007581,-0.01524,4.295638,2.99401
2013-06-07,1923.85,0.5,-0.00898,-0.018038,4.257064,2.940003
2013-06-10,1932.7,0.0,-0.000421,0.0046,4.25527,2.953528
2013-06-11,1920.68,0.0,7.9e-05,-0.006219,4.255604,2.935159
2013-06-12,1909.91,0.0,7.9e-05,-0.005607,4.255939,2.9187
2013-06-13,1882.73,0.0,7.9e-05,-0.014231,4.256273,2.877164
2013-06-14,1889.24,0.0,7.9e-05,0.003458,4.256608,2.887113
2013-06-17,1883.1,0.0,7.9e-05,-0.00325,4.256942,2.87773
2013-06-18,1900.62,0.0,7.9e-05,0.009304,4.257277,2.904504
2013-06-19,1888.31,0.0,7.9e-05,-0.006477,4.257611,2.885692
2013-06-20,1850.49,0.0,7.9e-05,-0.020028,4.257946,2.827896
2013-06-21,1822.83,0.0,7.9e-05,-0.014947,4.25828,2.785626
2013-06-24,1799.01,0.0,7.9e-05,-0.013068,4.258615,2.749224
2013-06-25,1780.63,0.0,7.9e-05,-0.010217,4.25895,2.721136
2013-06-26,1783.45,0.0,7.9e-05,0.001584,4.259284,2.725446
2013-06-27,1834.7,0.0,7.9e-05,0.028736,4.259619,2.803765
2013-06-28,1863.32,0.0,7.9e-05,0.015599,4.259954,2.847502
2013-07-01,1855.73,0.0,7.9e-05,-0.004073,4.260289,2.835903
2013-07-02,1855.02,0.0,7.9e-05,-0.000383,4.260623,2.834818
2013-07-03,1824.66,0.0,7.9e-05,-0.016366,4.260958,2.788422
2013-07-04,1839.14,0.0,7.9e-05,0.007936,4.261293,2.810551
2013-07-05,1833.31,0.0,7.9e-05,-0.00317,4.261628,2.801641
2013-07-08,1816.85,0.0,7.9e-05,-0.008978,4.261963,2.776487
2013-07-09,1830.35,0.0,7.9e-05,0.00743,4.262298,2.797118
2013-07-10,1824.16,0.0,7.9e-05,-0.003382,4.262633,2.787658
2013-07-11,1877.6,0.0,7.9e-05,0.029296,4.262968,2.869325
2013-07-12,1869.98,0.0,7.9e-05,-0.004058,4.263303,2.85768
2013-07-15,1875.16,0.5,0.000924,0.00277,4.267243,2.865596
2013-07-16,1866.36,0.5,-0.002307,-0.004693,4.257398,2.852148
2013-07-17,1887.49,0.5,0.0057,0.011322,4.281665,2.884438
2013-07-18,1875.48,0.5,-0.003142,-0.006363,4.268212,2.866085
2013-07-19,1871.41,0.5,-0.001046,-0.00217,4.263748,2.859865
2013-07-22,1880.35,1.0,0.004277,0.004777,4.281985,2.873527
2013-07-23,1904.15,1.0,0.012657,0.012657,4.336183,2.909898
2013-07-24,1912.08,1.0,0.004165,0.004165,4.354241,2.922017
2013-07-25,1909.61,1.0,-0.001292,-0.001292,4.348617,2.918242
2013-07-26,1910.81,1.0,0.000628,0.000628,4.351349,2.920076
2013-07-29,1899.89,1.0,-0.005715,-0.005715,4.326482,2.903388
2013-07-30,1917.05,1.0,0.009032,0.009032,4.365559,2.929612
2013-07-31,1914.03,1.0,-0.001575,-0.001575,4.358682,2.924997
2013-08-01,1920.74,1.0,0.003506,0.003506,4.373962,2.935251
2013-08-02,1923.38,1.0,0.001374,0.001374,4.379974,2.939285
2013-08-05,1916.22,1.0,-0.003723,-0.003723,4.363669,2.928343
2013-08-06,1906.62,1.0,-0.00501,-0.00501,4.341808,2.913673
2013-08-07,1878.33,1.0,-0.014838,-0.014838,4.277385,2.87044
2013-08-08,1883.97,1.0,0.003003,0.003003,4.290228,2.879059
2013-08-09,1880.71,1.0,-0.00173,-0.00173,4.282805,2.874077
2013-08-12,1884.83,0.5,0.000635,0.002191,4.285523,2.880373
2013-08-13,1913.03,0.5,0.00752,0.014962,4.31775,2.923468
2013-08-14,1923.91,0.5,0.002883,0.005687,4.330198,2.940095
2013-08-16,1920.11,0.5,-0.000948,-0.001975,4.326092,2.934288
2013-08-19,1917.64,0.5,-0.000604,-0.001286,4.323479,2.930513
2013-08-20,1887.85,0.5,-0.007728,-0.015535,4.290067,2.884989
2013-08-21,1867.46,0.5,-0.005361,-0.010801,4.267068,2.853829
2013-08-22,1849.12,0.5,-0.004871,-0.009821,4.246282,2.825802
2013-08-23,1870.16,0.5,0.005728,0.011378,4.270607,2.857955
2013-08-26,1887.86,0.0,-0.000421,0.009464,4.268808,2.885004
2013-08-27,1885.84,0.0,7.9e-05,-0.00107,4.269143,2.881917
2013-08-28,1884.52,0.0,7.9e-05,-0.0007,4.269478,2.8799
2013-08-29,1907.54,0.0,7.9e-05,0.012215,4.269814,2.915079
2013-08-30,1926.36,0.0,7.9e-05,0.009866,4.27015,2.943839
2013-09-02,1924.81,0.5,-0.000863,-0.000805,4.266464,2.94147
2013-09-03,1933.74,0.5,0.002359,0.004639,4.276529,2.955117
2013-09-04,1933.03,0.5,-0.000144,-0.000367,4.275912,2.954032
2013-09-05,1951.65,0.5,0.004856,0.009633,4.296674,2.982487
2013-09-06,1955.31,0.5,0.000977,0.001875,4.300871,2.98808
2013-09-09,1974.67,0.5,0.00499,0.009901,4.322332,3.017666
2013-09-10,1994.06,0.5,0.004949,0.009819,4.343724,3.047297
2013-09-11,2003.85,0.5,0.002494,0.00491,4.354557,3.062258
2013-09-12,2004.06,0.5,9.2e-05,0.000105,4.354956,3.062579
2013-09-13,1994.32,0.5,-0.002391,-0.00486,4.344545,3.047695
2013-09-16,2013.37,1.0,0.009052,0.009552,4.383872,3.076807
2013-09-17,2005.58,1.0,-0.003869,-0.003869,4.36691,3.064902
2013-09-23,2009.41,1.0,0.00191,0.00191,4.37525,3.070755
2013-09-24,2007.1,1.0,-0.00115,-0.00115,4.37022,3.067225
2013-09-25,1998.06,1.0,-0.004504,-0.004504,4.350536,3.05341
2013-09-26,2007.32,1.0,0.004634,0.004634,4.370699,3.067561
2013-09-27,2011.8,1.0,0.002232,0.002232,4.380454,3.074407
2013-09-30,1996.96,1.0,-0.007376,-0.007376,4.348141,3.051729
2013-10-01,1998.87,1.0,0.000956,0.000956,4.3523,3.054648
2013-10-02,1999.47,1.0,0.0003,0.0003,4.353607,3.055565
2013-10-04,1996.98,1.0,-0.001245,-0.001245,4.348185,3.05176
2013-10-07,1994.42,1.0,-0.001282,-0.001282,4.342611,3.047848
2013-10-08,2002.76,1.0,0.004182,0.004182,4.36077,3.060593
2013-10-10,2001.4,1.0,-0.000679,-0.000679,4.357809,3.058514
2013-10-11,2024.9,1.0,0.011742,0.011742,4.408977,3.094427
2013-10-14,2020.27,1.0,-0.002287,-0.002287,4.398896,3.087351
2013-10-15,2040.96,1.0,0.010241,0.010241,4.443946,3.118969
2013-10-16,2034.61,1.0,-0.003111,-0.003111,4.43012,3.109265
2013-10-17,2040.61,1.0,0.002949,0.002949,4.443184,3.118435
2013-10-18,2052.4,1.0,0.005778,0.005778,4.468855,3.136452
2013-10-21,2053.01,1.0,0.000297,0.000297,4.470183,3.137384
2013-10-22,2056.12,1.0,0.001515,0.001515,4.476955,3.142137
2013-10-23,2035.75,1.0,-0.009907,-0.009907,4.432602,3.111008
2013-10-24,2046.69,1.0,0.005374,0.005374,4.456422,3.127726
2013-10-25,2034.39,1.0,-0.00601,-0.00601,4.429641,3.108929
2013-10-28,2048.14,1.0,0.006759,0.006759,4.45958,3.129942
2013-10-29,2051.76,1.0,0.001767,0.001767,4.467462,3.135474
2013-10-30,2059.58,1.0,0.003811,0.003811,4.484489,3.147424
2013-10-31,2030.09,1.0,-0.014318,-0.014318,4.420278,3.102358
2013-11-01,2039.42,1.0,0.004596,0.004596,4.440593,3.116616
2013-11-04,2025.17,1.0,-0.006987,-0.006987,4.409565,3.094839
2013-11-05,2013.93,1.0,-0.00555,-0.00555,4.385091,3.077662
2013-11-06,2013.67,1.0,-0.000129,-0.000129,4.384525,3.077265
2013-11-07,2004.04,1.0,-0.004782,-0.004782,4.363557,3.062549
2013-11-08,1984.87,1.0,-0.009566,-0.009566,4.321817,3.033253
2013-11-11,1977.3,1.0,-0.003814,-0.003814,4.305334,3.021685
2013-11-12,1995.48,1.0,0.009194,0.009194,4.344919,3.049467
2013-11-13,1963.56,1.0,-0.015996,-0.015996,4.275417,3.000688
2013-11-14,1967.56,1.0,0.002037,0.002037,4.284126,3.0068
2013-11-15,2005.64,1.0,0.019354,0.019354,4.367041,3.064994
2013-11-18,2010.81,1.0,0.002578,0.002578,4.378298,3.072895
2013-11-19,2031.64,1.0,0.010359,0.010359,4.423653,3.104727
2013-11-20,2017.24,1.0,-0.007088,-0.007088,4.392299,3.082721
2013-11-21,1993.78,1.0,-0.01163,-0.01163,4.341217,3.04687
2013-11-22,2006.23,1.0,0.006244,0.006244,4.368326,3.065895
2013-11-25,2015.98,1.0,0.00486,0.00486,4.389555,3.080795
2013-11-26,2022.64,1.0,0.003304,0.003304,4.404056,3.090973
2013-11-27,2028.81,1.0,0.00305,0.00305,4.417491,3.100402
2013-11-28,2045.77,1.0,0.00836,0.00836,4.454419,3.12632
2013-11-29,2044.87,1.0,-0.00044,-0.00044,4.45246,3.124945
2013-12-02,2030.78,1.0,-0.00689,-0.00689,4.42178,3.103412
2013-12-03,2009.36,1.0,-0.010548,-0.010548,4.375141,3.070679
2013-12-04,1986.8,1.0,-0.011227,-0.011227,4.326019,3.036203
2013-12-05,1984.77,1.0,-0.001022,-0.001022,4.321599,3.033101
2013-12-06,1980.41,1.0,-0.002197,-0.002197,4.312106,3.026438
2013-12-09,2000.38,0.5,0.004581,0.010084,4.33186,3.056956
2013-12-10,1993.45,0.5,-0.001693,-0.003464,4.324527,3.046365
2013-12-11,1977.97,0.5,-0.003843,-0.007765,4.307906,3.022709
2013-12-12,1967.93,0.5,-0.002499,-0.005076,4.297142,3.007366
2013-12-13,1962.91,0.5,-0.001236,-0.002551,4.29183,2.999694
2013-12-16,1961.15,0.5,-0.000409,-0.000897,4.290074,2.997005
2013-12-17,1965.74,0.5,0.00121,0.00234,4.295263,3.004019
2013-12-18,1974.63,0.5,0.002301,0.004522,4.305145,3.017605
2013-12-19,1975.65,0.5,0.000298,0.000517,4.306426,3.019163
2013-12-20,1983.35,0.5,0.001988,0.003897,4.314987,3.030931
2013-12-23,1996.89,0.5,0.003453,0.006827,4.329886,3.051622
2013-12-24,2001.59,0.5,0.001216,0.002354,4.335151,3.058805
2013-12-26,1999.3,0.5,-0.000533,-0.001144,4.332842,3.055305
2013-12-27,2002.28,0.5,0.000785,0.001491,4.336241,3.059859
2013-12-30,2011.34,0.5,0.002302,0.004525,4.346222,3.073704
2014-01-02,1967.19,0.5,-0.010936,-0.021951,4.298692,3.006235
2014-01-03,1946.14,0.5,-0.005311,-0.010701,4.275861,2.974067
2014-01-06,1953.28,0.5,0.001874,0.003669,4.283873,2.984978
2014-01-07,1959.44,0.5,0.001616,0.003154,4.290796,2.994392
2014-01-08,1958.96,0.5,-8.3e-05,-0.000245,4.290439,2.993658
2014-01-09,1946.11,0.5,-0.003241,-0.00656,4.276536,2.974021
2014-01-10,1938.54,0.5,-0.001906,-0.00389,4.268387,2.962452
2014-01-13,1948.92,0.5,0.002717,0.005355,4.279982,2.978315
2014-01-14,1946.07,0.5,-0.000692,-0.001462,4.277021,2.97396
2014-01-15,1953.28,0.5,0.001892,0.003705,4.285112,2.984978
2014-01-16,1957.32,0.5,0.001073,0.002068,4.289712,2.991152
2014-01-17,1944.48,0.5,-0.003241,-0.00656,4.27581,2.97153
2014-01-20,1953.78,0.5,0.002431,0.004783,4.286203,2.985742
2014-01-21,1963.89,0.5,0.002627,0.005175,4.297461,3.001192
2014-01-22,1970.42,0.5,0.001702,0.003325,4.304775,3.011171
2014-01-23,1947.59,0.5,-0.005754,-0.011586,4.280005,2.976283
2014-01-24,1940.56,0.5,-0.001766,-0.00361,4.272449,2.965539
2014-01-27,1910.34,0.0,-0.000421,-0.015573,4.270649,2.919358
2014-01-28,1916.93,0.0,7.9e-05,0.00345,4.270984,2.929428
2014-01-29,1941.15,0.0,7.9e-05,0.012635,4.27132,2.966441
2014-02-03,1919.96,0.0,7.9e-05,-0.010916,4.271656,2.934059
2014-02-04,1886.85,0.0,7.9e-05,-0.017245,4.271991,2.88346
2014-02-05,1891.32,0.0,7.9e-05,0.002369,4.272327,2.890291
2014-02-06,1907.89,0.0,7.9e-05,0.008761,4.272663,2.915613
2014-02-07,1922.5,0.0,7.9e-05,0.007658,4.272998,2.93794
2014-02-10,1923.3,0.5,-0.000253,0.000416,4.271919,2.939163
2014-02-11,1932.06,0.5,0.002317,0.004555,4.281815,2.95255
2014-02-12,1935.84,0.5,0.001018,0.001956,4.286172,2.958326
2014-02-13,1926.96,0.5,-0.002254,-0.004587,4.27651,2.944756
2014-02-14,1940.28,0.5,0.003496,0.006912,4.291458,2.965111
2014-02-18,1946.91,0.5,0.001748,0.003417,4.298959,2.975243
2014-02-19,1942.93,0.5,-0.000983,-0.002044,4.294734,2.969161
2014-02-20,1930.57,0.5,-0.003141,-0.006362,4.281242,2.950273
2014-02-21,1957.83,0.5,0.007099,0.01412,4.311636,2.991931
2014-02-24,1949.05,0.5,-0.002203,-0.004485,4.302138,2.978514
2014-02-25,1964.86,0.5,0.004095,0.008112,4.319756,3.002674
2014-02-26,1970.77,0.5,0.001543,0.003008,4.326422,3.011706
2014-02-27,1978.43,0.5,0.001983,0.003887,4.335,3.023412
2014-02-28,1979.99,0.5,0.000434,0.000789,4.336879,3.025796
2014-03-03,1964.69,0.5,-0.003824,-0.007727,4.320294,3.002415
2014-03-04,1954.11,0.5,-0.002653,-0.005385,4.308831,2.986246
2014-03-05,1971.24,0.5,0.004422,0.008766,4.327886,3.012424
2014-03-06,1975.62,0.5,0.00115,0.002222,4.332864,3.019118
2014-03-07,1974.68,0.5,-0.000199,-0.000476,4.332004,3.017681
2014-03-10,1954.42,0.5,-0.005091,-0.01026,4.309951,2.98672
2014-03-11,1963.87,0.5,0.002457,0.004835,4.32054,3.001161
2014-03-12,1932.54,0.5,-0.007937,-0.015953,4.286247,2.953283
2014-03-14,1932.54,0.5,3.9e-05,0.0,4.286415,2.953283
2014-03-17,1920.282875,0.0,-0.000421,-0.006342,4.284609,2.934552
2014-03-18,1925.492153,0.0,7.9e-05,0.002713,4.284945,2.942513
2014-03-19,1934.174283,0.0,7.9e-05,0.004509,4.285282,2.955781
2014-03-20,1908.434321,0.0,7.9e-05,-0.013308,4.285619,2.916445
2014-03-21,1924.368584,0.0,7.9e-05,0.008349,4.285956,2.940796
2014-03-24,1924.368584,0.0,7.9e-05,0.0,4.286292,2.940796
2014-03-25,1935.399996,0.0,7.9e-05,0.005732,4.286629,2.957654
2014-03-26,1963.182812,0.0,7.9e-05,0.014355,4.286966,3.000111
2014-03-27,1972.17137,0.0,7.9e-05,0.004579,4.287303,3.013847
2014-03-28,1974.622795,0.0,7.9e-05,0.001243,4.28764,3.017594
2014-03-31,1979.117074,0.5,0.000677,0.002276,4.290544,3.024462
2014-04-01,1990.965628,0.5,0.003033,0.005987,4.303556,3.042569
2014-04-02,1996.277049,0.5,0.001373,0.002668,4.309465,3.050685
2014-04-03,1997.911332,0.5,0.000449,0.000819,4.311399,3.053183
2014-04-04,2003.631323,0.5,0.001471,0.002863,4.31774,3.061924
2014-04-07,1996.685619,1.0,-0.003967,-0.003467,4.300613,3.05131
2014-04-08,2009.964171,1.0,0.00665,0.00665,4.329214,3.071602
2014-04-09,2009.964171,1.0,0.0,0.0,4.329214,3.071602
2014-04-10,2009.964171,1.0,0.0,0.0,4.329214,3.071602
2014-04-11,1999.137044,1.0,-0.005387,-0.005387,4.305893,3.055056
2014-04-14,2006.491319,1.0,0.003679,0.003679,4.321734,3.066295
2014-04-15,1997.09419,1.0,-0.004683,-0.004683,4.301493,3.051934
2014-04-16,2002.405611,1.0,0.00266,0.00266,4.312933,3.060051
2014-04-17,1999.137044,1.0,-0.001632,-0.001632,4.305893,3.055056
2014-04-18,2014.662736,1.0,0.007766,0.007766,4.339334,3.078782
2014-04-21,2011.80274,1.0,-0.00142,-0.00142,4.333174,3.074412
2014-04-22,2010.577027,1.0,-0.000609,-0.000609,4.330534,3.072539
2014-04-23,2008.125603,1.0,-0.001219,-0.001219,4.325254,3.068792
2014-04-24,2002.405611,1.0,-0.002848,-0.002848,4.312933,3.060051
2014-04-25,1974.214224,1.0,-0.014079,-0.014079,4.252213,3.016969
2014-04-28,1978.912789,1.0,0.00238,0.00238,4.262333,3.02415
2014-04-29,1976.461364,1.0,-0.001239,-0.001239,4.257053,3.020403
2014-04-30,1954.602825,1.0,-0.011059,-0.011059,4.209972,2.986999
2014-05-02,1957.054249,1.0,0.001254,0.001254,4.215252,2.990746
2014-05-07,1930.497146,1.0,-0.01357,-0.01357,4.158051,2.950161
2014-05-08,1941.937129,1.0,0.005926,0.005926,4.182692,2.967644
2014-05-09,1943.162841,1.0,0.000631,0.000631,4.185332,2.969517
2014-05-12,1957.46282,1.0,0.007359,0.007359,4.216132,2.99137
2014-05-13,1986.062778,1.0,0.014611,0.014611,4.277733,3.035076
2014-05-14,2017.114161,1.0,0.015635,0.015635,4.344614,3.082528
2014-05-15,2015.479877,1.0,-0.00081,-0.00081,4.341094,3.080031
2014-05-16,2015.888448,1.0,0.000203,0.000203,4.341974,3.080655
2014-05-19,2016.297019,1.0,0.000203,0.000203,4.342854,3.08128
2014-05-20,2015.071307,1.0,-0.000608,-0.000608,4.340214,3.079407
2014-05-21,2017.522732,1.0,0.001217,0.001217,4.345494,3.083153
2014-05-22,2025.694148,1.0,0.00405,0.00405,4.363094,3.09564
2014-05-23,2023.651294,1.0,-0.001008,-0.001008,4.358694,3.092518
2014-05-26,2017.931302,1.0,-0.002827,-0.002827,4.346374,3.083777
2014-05-27,1995.664192,1.0,-0.011035,-0.011035,4.298413,3.049749
2014-05-28,2021.199869,1.0,0.012796,0.012796,4.353414,3.088772
2014-05-29,2017.522732,1.0,-0.001819,-0.001819,4.345494,3.083153
2014-05-30,2008.329888,1.0,-0.004557,-0.004557,4.325694,3.069104
2014-06-02,2004.448465,1.0,-0.001933,-0.001933,4.317333,3.063173
2014-06-03,2005.265607,1.0,0.000408,0.000408,4.319093,3.064422
2014-06-05,1991.374199,1.0,-0.006927,-0.006927,4.289173,3.043193
2014-06-09,1992.19134,1.0,0.00041,0.00041,4.290933,3.044442
2014-06-10,2014.254165,1.0,0.011075,0.011075,4.338454,3.078158
2014-06-11,2011.80274,1.0,-0.001217,-0.001217,4.333174,3.074412
2014-06-12,2005.265607,1.0,-0.003249,-0.003249,4.319093,3.064422
2014-06-13,1975.031366,1.0,-0.015077,-0.015077,4.253973,3.018218
2014-06-16,1982.589926,1.0,0.003827,0.003827,4.270253,3.029769
2014-06-17,1990.965628,1.0,0.004225,0.004225,4.288293,3.042569
2014-06-18,1978.708503,1.0,-0.006156,-0.006156,4.261893,3.023837
2014-06-19,1983.611353,1.0,0.002478,0.002478,4.272453,3.03133
2014-06-20,1952.1514,1.0,-0.01586,-0.01586,4.204692,2.983253
2014-06-23,1963.591383,0.5,0.002469,0.00586,4.215075,3.000736
2014-06-24,1988.105632,0.5,0.006281,0.012484,4.241552,3.038198
2014-06-25,1972.579941,0.5,-0.003865,-0.007809,4.225157,3.014472
2014-06-26,1988.922774,0.5,0.004182,0.008285,4.242826,3.039447
2014-06-27,1984.019924,0.5,-0.001193,-0.002465,4.237763,3.031954
2014-06-30,1986.87992,1.0,0.000942,0.001442,4.241753,3.036325
2014-07-01,1987.28849,1.0,0.000206,0.000206,4.242625,3.036949
2014-07-02,2003.222753,1.0,0.008018,0.008018,4.276643,3.0613
2014-07-03,2002.201326,1.0,-0.00051,-0.00051,4.274462,3.059739
2014-07-04,1997.09419,1.0,-0.002551,-0.002551,4.263559,3.051934
2014-07-07,1985.245636,1.0,-0.005933,-0.005933,4.238264,3.033827
2014-07-08,1983.202782,1.0,-0.001029,-0.001029,4.233903,3.030706
2014-07-09,1974.214224,1.0,-0.004532,-0.004532,4.214713,3.016969
2014-07-10,1977.891362,1.0,0.001863,0.001863,4.222563,3.022589
2014-07-11,1960.322816,1.0,-0.008882,-0.008882,4.185057,2.995741
2014-07-14,1967.26852,0.5,0.001311,0.003543,4.190543,3.006355
2014-07-15,1990.965628,0.5,0.006062,0.012046,4.215946,3.042569
2014-07-16,1994.234195,0.5,0.00086,0.001642,4.219573,3.047564
2014-07-17,1999.954186,0.5,0.001473,0.002868,4.22579,3.056305
2014-07-18,1997.09419,0.5,-0.000676,-0.00143,4.222934,3.051934
2014-07-21,1997.502761,0.5,0.000142,0.000205,4.223532,3.052559
2014-07-22,2012.211311,0.5,0.003721,0.007363,4.239248,3.075036
2014-07-23,2008.942744,0.5,-0.000773,-0.001624,4.235972,3.070041
2014-07-24,2012.619882,0.5,0.000954,0.00183,4.240015,3.07566
2014-07-25,2017.318446,0.5,0.001207,0.002335,4.245131,3.082841
2014-07-28,2035.908419,1.0,0.008715,0.009215,4.282128,3.11125
2014-07-29,2057.766958,1.0,0.010737,0.010737,4.328103,3.144654
2014-07-30,2094.946903,1.0,0.018068,0.018068,4.406304,3.201471
2014-07-31,2074.722647,1.0,-0.009654,-0.009654,4.363766,3.170565
2014-08-01,2064.508376,1.0,-0.004923,-0.004923,4.342282,3.154956
2014-08-04,2060.422668,1.0,-0.001979,-0.001979,4.333689,3.148712
2014-08-05,2048.574114,1.0,-0.005751,-0.005751,4.308768,3.130605
2014-08-06,2043.262693,1.0,-0.002593,-0.002593,4.297596,3.122488
2014-08-07,2030.596998,1.0,-0.006199,-0.006199,4.270956,3.103133
2014-08-08,2004.24418,1.0,-0.012978,-0.012978,4.215528,3.062861
2014-08-11,2018.748444,0.5,0.003158,0.007237,4.22884,3.085026
2014-08-12,2016.297019,0.5,-0.000568,-0.001214,4.226438,3.08128
2014-08-13,2031.41414,0.5,0.003788,0.007497,4.242448,3.104382
2014-08-14,2036.72556,0.5,0.001347,0.002615,4.248161,3.112498
2014-08-18,2020.791298,0.5,-0.003872,-0.007823,4.23171,3.088148
2014-08-19,2042.445552,0.5,0.005397,0.010716,4.254549,3.12124
2014-08-20,2037.746987,0.5,-0.001111,-0.0023,4.249823,3.114059
2014-08-21,2000.771328,0.5,-0.009033,-0.018145,4.211433,3.057554
2014-08-22,2017.114161,0.5,0.004123,0.008168,4.228798,3.082528
2014-08-25,2022.017011,0.5,0.001255,0.002431,4.234104,3.090021
2014-08-26,2031.005569,0.5,0.002262,0.004445,4.243681,3.103757
2014-08-27,2032.639852,0.5,0.000442,0.000805,4.245555,3.106255
2014-08-28,2035.091277,0.5,0.000642,0.001206,4.248282,3.110001
2014-08-29,2024.877006,0.5,-0.00247,-0.005019,4.237788,3.094392
2014-09-01,2023.242723,0.5,-0.000364,-0.000807,4.236244,3.091894
2014-09-02,2003.631323,0.5,-0.004807,-0.009693,4.21588,3.061924
2014-09-03,1999.137044,0.5,-0.001082,-0.002243,4.211317,3.055056
2014-09-04,2003.631323,0.5,0.001163,0.002248,4.216216,3.061924
2014-09-05,1995.051336,0.5,-0.002102,-0.004282,4.207354,3.048812
2014-09-11,1987.697061,0.5,-0.001804,-0.003686,4.199765,3.037574
2014-09-12,1996.277049,0.5,0.002198,0.004317,4.208994,3.050685
2014-09-15,1990.148486,0.0,-0.000421,-0.00307,4.207221,3.04132
2014-09-16,1994.234195,0.0,7.9e-05,0.002053,4.207551,3.047564
2014-09-17,2016.70559,0.0,7.9e-05,0.011268,4.207882,3.081904
2014-09-18,2006.491319,0.0,7.9e-05,-0.005065,4.208213,3.066295
2014-09-19,2011.598455,0.0,7.9e-05,0.002545,4.208543,3.074099
2014-09-22,1984.837066,0.5,-0.007112,-0.013304,4.17861,3.033203
2014-09-23,1976.665649,0.5,-0.002019,-0.004117,4.170173,3.020716
2014-09-24,1976.665649,0.5,3.9e-05,0.0,4.170337,3.020716
2014-09-25,1975.031366,0.5,-0.000374,-0.000827,4.168776,3.018218
2014-09-26,1968.902803,0.5,-0.001512,-0.003103,4.162472,3.008852
2014-09-29,1961.548529,0.0,-0.000421,-0.003735,4.160718,2.997614
2014-09-30,1950.108545,0.0,7.9e-05,-0.005832,4.161045,2.980131
2014-10-01,1927.63715,0.0,7.9e-05,-0.011523,4.161372,2.945791
2014-10-02,1899.445763,0.0,7.9e-05,-0.014625,4.161699,2.902709
2014-10-06,1900.058619,0.0,7.9e-05,0.000323,4.162026,2.903646
2014-10-07,1897.81148,0.0,7.9e-05,-0.001183,4.162353,2.900212
2014-10-08,1894.951484,0.0,7.9e-05,-0.001507,4.16268,2.895841
2014-10-10,1859.814393,0.0,7.9e-05,-0.018542,4.163008,2.842145
2014-10-13,1850.62155,0.0,7.9e-05,-0.004943,4.163335,2.828097
2014-10-14,1859.405822,0.0,7.9e-05,0.004747,4.163662,2.841521
2014-10-15,1853.27726,0.0,7.9e-05,-0.003296,4.163989,2.832155
2014-10-16,1841.224421,0.0,7.9e-05,-0.006504,4.164316,2.813736
2014-10-17,1817.323027,0.0,7.9e-05,-0.012981,4.164644,2.77721
2014-10-20,1844.288702,0.0,7.9e-05,0.014838,4.164971,2.818419
2014-10-21,1830.397294,0.0,7.9e-05,-0.007532,4.165298,2.79719
2014-10-22,1846.740127,0.0,7.9e-05,0.008929,4.165626,2.822165
2014-10-23,1846.331556,0.0,7.9e-05,-0.000221,4.165953,2.821541
2014-10-24,1838.56871,0.0,7.9e-05,-0.004204,4.16628,2.809678
2014-10-27,1849.191552,0.0,7.9e-05,0.005778,4.166608,2.825911
2014-10-28,1846.331556,0.0,7.9e-05,-0.001547,4.166935,2.821541
2014-10-29,1885.145784,0.0,7.9e-05,0.021022,4.167263,2.880856
2014-10-30,1883.511501,0.0,7.9e-05,-0.000867,4.16759,2.878359
2014-10-31,1893.317201,0.0,7.9e-05,0.005206,4.167918,2.893344
2014-11-03,1885.554355,0.0,7.9e-05,-0.0041,4.168245,2.88148
2014-11-04,1868.802951,0.0,7.9e-05,-0.008884,4.168573,2.855881
2014-11-05,1863.900101,0.0,7.9e-05,-0.002624,4.1689,2.848389
2014-11-06,1875.340085,0.0,7.9e-05,0.006138,4.169228,2.865871
2014-11-07,1876.565797,0.0,7.9e-05,0.000654,4.169555,2.867744
2014-11-10,1898.220051,0.0,7.9e-05,0.011539,4.169883,2.900836
2014-11-11,1896.585767,0.0,7.9e-05,-0.000861,4.170211,2.898339
2014-11-12,1903.531471,0.0,7.9e-05,0.003662,4.170539,2.908953
2014-11-13,1896.994338,0.0,7.9e-05,-0.003434,4.170866,2.898963
2014-11-14,1881.060076,0.0,7.9e-05,-0.0084,4.171194,2.874612
2014-11-17,1887.188638,0.0,7.9e-05,0.003258,4.171522,2.883978
2014-11-18,1901.488617,0.0,7.9e-05,0.007577,4.17185,2.905831
2014-11-19,1896.994338,0.0,7.9e-05,-0.002364,4.172178,2.898963
2014-11-20,1891.274347,0.0,7.9e-05,-0.003015,4.172505,2.890222
2014-11-21,1895.360055,0.0,7.9e-05,0.00216,4.172833,2.896465
2014-11-24,1917.014309,0.0,7.9e-05,0.011425,4.173161,2.929557
2014-11-25,1914.971455,0.0,7.9e-05,-0.001066,4.173489,2.926435
2014-11-26,1910.885746,0.0,7.9e-05,-0.002134,4.173817,2.920192
2014-11-27,1927.024294,0.0,7.9e-05,0.008446,4.174145,2.944854
2014-11-28,1923.960013,0.0,7.9e-05,-0.00159,4.174473,2.940171
2014-12-01,1902.305759,0.0,7.9e-05,-0.011255,4.174801,2.90708
2014-12-02,1903.940042,0.0,7.9e-05,0.000859,4.175129,2.909577
2014-12-03,1906.391467,0.0,7.9e-05,0.001288,4.175457,2.913323
2014-12-04,1930.497146,0.0,7.9e-05,0.012645,4.175785,2.950161
2014-12-05,1928.862863,0.0,7.9e-05,-0.000847,4.176114,2.947664
2014-12-08,1923.960013,0.0,7.9e-05,-0.002542,4.176442,2.940171
2014-12-09,1917.014309,0.0,7.9e-05,-0.00361,4.17677,2.929557
2014-12-10,1883.10293,0.0,7.9e-05,-0.01769,4.177098,2.877734
2014-12-11,1857.362968,0.0,7.9e-05,-0.013669,4.177427,2.838399
2014-12-12,1858.997252,0.0,7.9e-05,0.00088,4.177755,2.840896
2014-12-15,1866.760097,0.0,7.9e-05,0.004176,4.178083,2.852759
2014-12-16,1847.557268,0.0,7.9e-05,-0.010287,4.178411,2.823414
2014-12-17,1845.7187,0.0,7.9e-05,-0.000995,4.17874,2.820604
2014-12-18,1838.56871,0.0,7.9e-05,-0.003874,4.179068,2.809678
2014-12-19,1870.845805,0.0,7.9e-05,0.017556,4.179397,2.859003
2014-12-22,1884.124357,0.0,7.9e-05,0.007098,4.179725,2.879295
2014-12-23,1884.124357,0.0,7.9e-05,0.0,4.180054,2.879295
2014-12-24,1887.801495,0.0,7.9e-05,0.001952,4.180382,2.884914
2014-12-26,1887.801495,0.0,7.9e-05,0.0,4.180711,2.884914
2014-12-29,1880.651505,0.5,-0.002354,-0.003787,4.170867,2.873988
2014-12-30,1854.094402,0.5,-0.007021,-0.014121,4.141582,2.833404
2014-12-31,1862.061533,0.5,0.002188,0.004297,4.150643,2.845579
2015-01-02,1861.244391,0.5,-0.00018,-0.000439,4.149896,2.84433
2015-01-05,1859.201537,0.0,-0.000421,-0.001098,4.148147,2.841208
2015-01-06,1819.570167,0.0,7.9e-05,-0.021316,4.148473,2.780644
2015-01-07,1824.881588,0.0,7.9e-05,0.002919,4.148799,2.788761
2015-01-08,1849.600123,0.0,7.9e-05,0.013545,4.149125,2.826536
2015-01-09,1876.361512,0.0,7.9e-05,0.014469,4.149451,2.867432
2015-01-12,1869.007237,0.5,-0.00242,-0.003919,4.139407,2.856193
2015-01-13,1880.242934,0.5,0.003045,0.006012,4.152012,2.873364
2015-01-14,1870.028664,0.5,-0.002677,-0.005432,4.140898,2.857754
2015-01-15,1879.017222,0.5,0.002443,0.004807,4.151012,2.87149
2015-01-16,1846.331556,0.5,-0.008658,-0.017395,4.115072,2.821541
2015-01-19,1844.492987,0.0,-0.000421,-0.000996,4.113338,2.818731
2015-01-20,1884.737214,0.0,7.9e-05,0.021819,4.113661,2.880232
2015-01-21,1892.90863,0.0,7.9e-05,0.004336,4.113984,2.892719
2015-01-22,1844.492987,0.0,7.9e-05,-0.025577,4.114308,2.818731
2015-01-23,1910.068605,0.0,7.9e-05,0.035552,4.114631,2.918943
2015-01-26,1908.842892,0.5,-0.000782,-0.000642,4.111415,2.91707
2015-01-27,1923.142871,0.5,0.003785,0.007491,4.126977,2.938923
2015-01-28,1923.551442,0.5,0.000146,0.000212,4.127577,2.939547
2015-01-29,1916.605738,0.5,-0.001766,-0.003611,4.120287,2.928933
2015-01-30,1910.477175,0.5,-0.00156,-0.003198,4.113862,2.919567
2015-02-02,1911.294317,0.5,0.000253,0.000428,4.114903,2.920816
2015-02-03,1844.492987,0.5,-0.017436,-0.034951,4.043155,2.818731
2015-02-04,1920.691446,0.5,0.020695,0.041311,4.126828,2.935176
2015-02-05,1899.854334,0.5,-0.005385,-0.010849,4.104605,2.903333
2015-02-06,1905.165755,0.5,0.001437,0.002796,4.110504,2.91145
2015-02-09,1901.488617,0.5,-0.000926,-0.00193,4.106698,2.905831
2015-02-10,1889.640063,0.5,-0.003076,-0.006231,4.094065,2.887724
2015-02-11,1893.725772,0.5,0.00112,0.002162,4.098652,2.893968
2015-02-12,1883.715786,0.5,-0.002604,-0.005286,4.08798,2.878671
2015-02-13,1901.488617,0.5,0.004757,0.009435,4.107426,2.905831
2015-02-16,1905.165755,0.5,0.001006,0.001934,4.111559,2.91145
2015-02-17,1908.842892,0.5,0.001004,0.00193,4.115688,2.91707
2015-02-23,1914.767169,0.0,-0.000421,0.003104,4.113954,2.926123
2015-02-24,1917.83145,0.0,7.9e-05,0.0016,4.114277,2.930806
2015-02-25,1925.185725,0.0,7.9e-05,0.003835,4.114601,2.942045
2015-02-26,1923.960013,0.0,7.9e-05,-0.000637,4.114924,2.940171
2015-02-27,1920.487161,0.0,7.9e-05,-0.001805,4.115247,2.934864
2015-03-02,1928.862863,0.5,0.00172,0.004361,4.122325,2.947664
2015-03-03,1938.668562,0.5,0.002581,0.005084,4.132965,2.962649
2015-03-04,1935.808567,0.5,-0.000698,-0.001475,4.130079,2.958278
2015-03-05,1937.44285,0.5,0.000461,0.000844,4.131985,2.960776
2015-03-06,1948.474262,0.5,0.002886,0.005694,4.143911,2.977634
2015-03-09,1925.594296,0.5,-0.005832,-0.011743,4.119743,2.942669
2015-03-10,1916.197167,0.5,-0.002401,-0.00488,4.109853,2.928308
2015-03-11,1915.380025,0.5,-0.000174,-0.000426,4.109138,2.92706
2015-03-12,1917.422879,0.5,0.000573,0.001067,4.111491,2.930182
2015-03-13,1924.368584,0.5,0.001851,0.003622,4.119099,2.940796
2015-03-16,1928.454292,0.5,0.001101,0.002123,4.123634,2.94704
2015-03-17,1972.17137,0.5,0.011374,0.022669,4.170536,3.013847
2015-03-18,1976.665649,0.5,0.001179,0.002279,4.175452,3.020716
2015-03-19,1981.568499,0.5,0.001279,0.00248,4.180794,3.028208
2015-03-20,1977.891362,0.5,-0.000889,-0.001856,4.17708,3.022589
2015-03-23,1978.708503,1.0,-8.7e-05,0.000413,4.176717,3.023837
2015-03-24,1980.342786,1.0,0.000826,0.000826,4.180166,3.026335
2015-03-25,1981.159928,1.0,0.000413,0.000413,4.181891,3.027584
2015-03-26,1958.279962,1.0,-0.011549,-0.011549,4.133596,2.992619
2015-03-27,1956.645679,1.0,-0.000835,-0.000835,4.130146,2.990121
2015-03-30,1957.46282,1.0,0.000418,0.000418,4.131871,2.99137
2015-03-31,1958.688533,1.0,0.000626,0.000626,4.134458,2.993243
2015-04-01,1943.162841,1.0,-0.007927,-0.007927,4.101686,2.969517
2015-04-02,1946.022837,1.0,0.001472,0.001472,4.107723,2.973888
2015-04-03,1961.139958,1.0,0.007768,0.007768,4.139633,2.996989
2015-04-06,1959.914245,1.0,-0.000625,-0.000625,4.137045,2.995116
2015-04-07,1956.645679,1.0,-0.001668,-0.001668,4.130146,2.990121
2015-04-08,1972.579941,1.0,0.008144,0.008144,4.16378,3.014472
2015-04-09,1969.311374,1.0,-0.001657,-0.001657,4.156881,3.009477
2015-04-10,1997.911332,1.0,0.014523,0.014523,4.217251,3.053183
2015-04-13,2012.211311,1.0,0.007157,0.007157,4.247435,3.075036
2015-04-14,2026.102719,1.0,0.006904,0.006904,4.276758,3.096265
2015-04-15,2033.048423,1.0,0.003428,0.003428,4.291419,3.106879
2015-04-16,2052.251252,1.0,0.009445,0.009445,4.331953,3.136225
2015-04-17,2051.025539,1.0,-0.000597,-0.000597,4.329366,3.134351
2015-04-20,2051.025539,1.0,0.0,0.0,4.329366,3.134351
2015-04-21,2049.799827,1.0,-0.000598,-0.000598,4.326778,3.132478
2015-04-22,2059.196956,1.0,0.004584,0.004584,4.346614,3.146839
2015-04-23,2090.248338,1.0,0.015079,0.015079,4.412158,3.194291
2015-04-24,2074.722647,1.0,-0.007428,-0.007428,4.379386,3.170565
2015-04-27,2070.636939,1.0,-0.001969,-0.001969,4.370762,3.164321
2015-04-28,2060.014097,1.0,-0.00513,-0.00513,4.348339,3.148088
2015-04-29,2050.616968,1.0,-0.004562,-0.004562,4.328503,3.133727
2015-04-30,2043.262693,1.0,-0.003586,-0.003586,4.31298,3.122488
2015-05-04,2051.025539,1.0,0.003799,0.003799,4.329366,3.134351
2015-05-06,2011.80274,1.0,-0.019124,-0.019124,4.246573,3.074412
2015-05-07,2001.99704,1.0,-0.004874,-0.004874,4.225875,3.059427
2015-05-08,1991.78277,1.0,-0.005102,-0.005102,4.204314,3.043817
2015-05-11,1995.459907,1.0,0.001846,0.001846,4.212076,3.049437
2015-05-12,1995.868478,1.0,0.000205,0.000205,4.212939,3.050061
2015-05-13,2008.534173,1.0,0.006346,0.006346,4.239674,3.069417
2015-05-14,2009.351315,1.0,0.000407,0.000407,4.241398,3.070665
2015-05-15,1986.87992,1.0,-0.011183,-0.011183,4.193965,3.036325
2015-05-18,1992.599911,0.5,0.000979,0.002879,4.19807,3.045066
2015-05-19,2003.631323,0.5,0.002807,0.005536,4.209856,3.061924
2015-05-20,2024.059865,0.5,0.005137,0.010196,4.231482,3.093143
2015-05-21,1998.728474,0.5,-0.006218,-0.012515,4.20517,3.054432
2015-05-22,2024.059865,0.5,0.006376,0.012674,4.231983,3.093143
2015-05-26,2019.157015,1.0,-0.002922,-0.002422,4.219616,3.08565
2015-05-27,1973.805653,1.0,-0.022461,-0.022461,4.124841,3.016345
2015-05-28,1976.257078,1.0,0.001242,0.001242,4.129964,3.020091
2015-05-29,1986.062778,1.0,0.004962,0.004962,4.150456,3.035076
2015-06-01,1967.677091,0.5,-0.005089,-0.009257,4.129332,3.006979
2015-06-02,1949.699975,0.5,-0.004529,-0.009136,4.110631,2.979507
2015-06-03,1930.497146,0.5,-0.004885,-0.009849,4.09055,2.950161
2015-06-04,1934.582854,0.5,0.001097,0.002116,4.095039,2.956405
2015-06-05,1934.582854,0.5,3.9e-05,0.0,4.0952,2.956405
2015-06-08,1929.680004,0.0,-0.000421,-0.002534,4.093474,2.948913
2015-06-09,1926.820008,0.0,7.9e-05,-0.001482,4.093796,2.944542
2015-06-10,1912.9286,0.0,7.9e-05,-0.007209,4.094118,2.923313
2015-06-11,1920.691446,0.0,7.9e-05,0.004058,4.094439,2.935176
2015-06-12,1900.671476,0.0,7.9e-05,-0.010423,4.094761,2.904582
2015-06-15,1899.854334,0.0,7.9e-05,-0.00043,4.095083,2.903333
2015-06-16,1876.565797,0.0,7.9e-05,-0.012258,4.095405,2.867744
2015-06-17,1883.920072,0.0,7.9e-05,0.003919,4.095727,2.878983
2015-06-18,1885.962926,0.0,7.9e-05,0.001084,4.096048,2.882105
2015-06-19,1894.951484,0.0,7.9e-05,0.004766,4.09637,2.895841
2015-06-22,1903.940042,0.0,7.9e-05,0.004743,4.096692,2.909577
2015-06-23,1932.54,0.0,7.9e-05,0.015021,4.097014,2.953283
2015-06-24,1930.905717,0.0,7.9e-05,-0.000846,4.097336,2.950786
2015-06-25,1928.454292,0.0,7.9e-05,-0.00127,4.097658,2.94704
2015-06-26,1929.680004,0.0,7.9e-05,0.000636,4.09798,2.948913
2015-06-29,1901.897188,0.0,7.9e-05,-0.014398,4.098302,2.906455
2015-06-30,1908.842892,0.0,7.9e-05,0.003652,4.098624,2.91707
2015-07-01,1935.399996,0.0,7.9e-05,0.013913,4.098946,2.957654
2015-07-02,1937.034279,0.0,7.9e-05,0.000844,4.099268,2.960151
2015-07-03,1930.497146,0.0,7.9e-05,-0.003375,4.099591,2.950161
2015-07-06,1878.608651,0.0,7.9e-05,-0.026878,4.099913,2.870866
2015-07-07,1881.877218,0.0,7.9e-05,0.00174,4.100235,2.875861
2015-07-08,1852.868689,0.0,7.9e-05,-0.015415,4.100557,2.831531
2015-07-09,1869.620093,0.0,7.9e-05,0.009041,4.100879,2.85713
2015-07-10,1869.620093,0.0,7.9e-05,0.0,4.101202,2.85713
2015-07-13,1884.737214,0.0,7.9e-05,0.008086,4.101524,2.880232
2015-07-14,1882.285789,0.0,7.9e-05,-0.001301,4.101846,2.876485
2015-07-15,1888.00578,0.0,7.9e-05,0.003039,4.102169,2.885227
2015-07-16,1901.488617,0.0,7.9e-05,0.007141,4.102491,2.905831
2015-07-17,1888.822922,0.0,7.9e-05,-0.006661,4.102813,2.886475
2015-07-20,1883.920072,0.0,7.9e-05,-0.002596,4.103136,2.878983
2015-07-21,1888.822922,0.0,7.9e-05,0.002602,4.103458,2.886475
2015-07-22,1867.781524,0.0,7.9e-05,-0.01114,4.103781,2.85432
2015-07-23,1869.211522,0.0,7.9e-05,0.000766,4.104103,2.856506
2015-07-24,1846.740127,0.0,7.9e-05,-0.012022,4.104426,2.822165
2015-07-27,1850.417264,0.0,7.9e-05,0.001991,4.104748,2.827784
2015-07-28,1852.460118,0.0,7.9e-05,0.001104,4.105071,2.830906
2015-07-29,1861.040106,0.0,7.9e-05,0.004632,4.105393,2.844018
2015-07-30,1844.288702,0.0,7.9e-05,-0.009001,4.105716,2.818419
2015-07-31,1836.117285,0.0,7.9e-05,-0.004431,4.106039,2.805931
2015-08-03,1826.311586,0.0,7.9e-05,-0.00534,4.106361,2.790946
2015-08-04,1834.483002,0.0,7.9e-05,0.004474,4.106684,2.803434
2015-08-05,1836.934427,0.0,7.9e-05,0.001336,4.107007,2.80718
2015-08-06,1810.785894,0.0,7.9e-05,-0.014235,4.10733,2.76722
2015-08-07,1807.108757,0.0,7.9e-05,-0.002031,4.107652,2.761601
2015-08-10,1803.431619,0.0,7.9e-05,-0.002035,4.107975,2.755982
2015-08-11,1796.077345,0.0,7.9e-05,-0.004078,4.108298,2.744743
2015-08-12,1778.91737,0.0,7.9e-05,-0.009554,4.108621,2.718519
2015-08-13,1794.443061,0.0,7.9e-05,0.008728,4.108944,2.742245
2015-08-17,1776.465945,0.0,7.9e-05,-0.010018,4.109267,2.714773
2015-08-18,1770.337383,0.0,7.9e-05,-0.00345,4.10959,2.705407
2015-08-19,1755.628833,0.0,7.9e-05,-0.008308,4.109913,2.68293
2015-08-20,1737.651717,0.0,7.9e-05,-0.01024,4.110235,2.655457
2015-08-21,1710.686042,0.0,7.9e-05,-0.015518,4.110558,2.614249
2015-08-24,1652.668985,0.0,7.9e-05,-0.033914,4.110882,2.525588
2015-08-25,1670.237531,0.0,7.9e-05,0.01063,4.111205,2.552436
2015-08-26,1699.65463,0.0,7.9e-05,0.017613,4.111528,2.597391
2015-08-27,1709.46033,0.0,7.9e-05,0.005769,4.111851,2.612376
2015-08-28,1737.651717,0.0,7.9e-05,0.016491,4.112174,2.655457
2015-08-31,1734.791721,0.0,7.9e-05,-0.001646,4.112497,2.651087
2015-09-01,1716.406034,0.0,7.9e-05,-0.010598,4.11282,2.62299
2015-09-02,1721.717455,0.0,7.9e-05,0.003095,4.113143,2.631107
2015-09-03,1722.126025,0.0,7.9e-05,0.000237,4.113467,2.631731
2015-09-04,1704.55748,0.0,7.9e-05,-0.010202,4.11379,2.604883
2015-09-07,1704.55748,0.0,7.9e-05,0.0,4.114113,2.604883
2015-09-08,1708.643188,0.0,7.9e-05,0.002397,4.114437,2.611127
2015-09-09,1765.843104,0.0,7.9e-05,0.033477,4.11476,2.698539
2015-09-10,1764.20882,0.0,7.9e-05,-0.000925,4.115083,2.696042
2015-09-11,1756.854545,0.0,7.9e-05,-0.004169,4.115407,2.684803
2015-09-14,1743.371708,0.0,7.9e-05,-0.007674,4.11573,2.664199
2015-09-15,1748.274558,0.0,7.9e-05,0.002812,4.116053,2.671691
2015-09-16,1794.443061,0.0,7.9e-05,0.026408,4.116377,2.742245
2015-09-17,1802.614478,0.0,7.9e-05,0.004554,4.1167,2.754733
2015-09-18,1813.237319,0.0,7.9e-05,0.005893,4.117024,2.770966
2015-09-21,1775.853089,0.5,-0.010769,-0.020617,4.072686,2.713836
2015-09-22,1791.991636,0.5,0.004583,0.009088,4.091352,2.738499
2015-09-23,1765.843104,0.5,-0.007257,-0.014592,4.061662,2.698539
2015-09-24,1758.284543,0.5,-0.002101,-0.00428,4.053129,2.686988
2015-09-25,1761.757395,0.5,0.001027,0.001975,4.057291,2.692295
2015-09-30,1775.648803,0.0,-0.000421,0.007885,4.055581,2.713524
2015-10-01,1795.668774,0.0,7.9e-05,0.011275,4.0559,2.744118
2015-10-02,1780.960224,0.0,7.9e-05,-0.008191,4.056219,2.721641
2015-10-05,1789.540211,0.5,0.001948,0.004818,4.064121,2.734753
2015-10-06,1805.065903,0.5,0.004377,0.008676,4.08191,2.758479
2015-10-07,1834.891573,0.5,0.008301,0.016523,4.115794,2.804058
2015-10-08,1851.234406,0.5,0.004493,0.008907,4.134285,2.829033
2015-10-12,1862.265818,0.5,0.003019,0.005959,4.146765,2.845891
2015-10-13,1856.954397,0.5,-0.001387,-0.002852,4.141014,2.837774
2015-10-14,1853.685831,0.5,-0.000841,-0.00176,4.137533,2.832779
2015-10-15,1878.20008,0.5,0.006652,0.013225,4.165054,2.870242
2015-10-16,1871.662947,0.5,-0.001701,-0.003481,4.157969,2.860252
2015-10-19,1869.620093,1.0,-0.001591,-0.001091,4.151352,2.85713
2015-10-20,1876.565797,1.0,0.003715,0.003715,4.166774,2.867744
2015-10-21,1883.10293,1.0,0.003484,0.003484,4.18129,2.877734
2015-10-22,1873.29723,1.0,-0.005207,-0.005207,4.159517,2.862749
2015-10-23,1886.780068,1.0,0.007197,0.007197,4.189454,2.883354
2015-10-26,1892.091488,1.0,0.002815,0.002815,4.201248,2.89147
2015-10-27,1894.542913,1.0,0.001296,0.001296,4.206691,2.895217
2015-10-28,1894.542913,1.0,0.0,0.0,4.206691,2.895217
2015-10-29,1884.124357,1.0,-0.005499,-0.005499,4.183558,2.879295
2015-10-30,1884.124357,1.0,0.0,0.0,4.183558,2.879295
2015-11-02,1890.865776,1.0,0.003578,0.003578,4.198526,2.889597
2015-11-03,1912.9286,1.0,0.011668,0.011668,4.247515,2.923313
2015-11-04,1909.251463,1.0,-0.001922,-0.001922,4.23935,2.917694
2015-11-05,1908.025751,1.0,-0.000642,-0.000642,4.236629,2.915821
2015-11-06,1894.134342,1.0,-0.007281,-0.007281,4.205784,2.894592
2015-11-09,1887.801495,1.0,-0.003343,-0.003343,4.191722,2.884914
2015-11-10,1857.567254,1.0,-0.016016,-0.016016,4.12459,2.838711
2015-11-11,1853.072975,1.0,-0.002419,-0.002419,4.11461,2.831843
2015-11-12,1849.395837,1.0,-0.001984,-0.001984,4.106446,2.826223
2015-11-13,1831.418721,1.0,-0.009721,-0.009721,4.066529,2.798751
2015-11-16,1808.130184,0.5,-0.006819,-0.012716,4.0388,2.763162
2015-11-17,1823.247304,0.5,0.00422,0.008361,4.055842,2.786264
2015-11-18,1816.710171,0.5,-0.001753,-0.003585,4.048731,2.776274
2015-11-19,1839.590137,0.5,0.006336,0.012594,4.074385,2.811239
2015-11-20,1843.675846,0.5,0.00115,0.002221,4.079069,2.817482
2015-11-23,1861.040106,0.5,0.004748,0.009418,4.098439,2.844018
2015-11-24,1865.942956,0.5,0.001357,0.002634,4.103998,2.851511
2015-11-25,1863.900101,0.5,-0.000508,-0.001095,4.101913,2.848389
2015-11-26,1888.00578,0.5,0.006506,0.012933,4.128599,2.885227
2015-11-27,1883.10293,0.5,-0.001259,-0.002597,4.123401,2.877734
2015-11-30,1843.47156,1.0,-0.021546,-0.021046,4.034559,2.81717
2015-12-01,1873.29723,1.0,0.016179,0.016179,4.099834,2.862749
2015-12-02,1859.405822,1.0,-0.007415,-0.007415,4.069432,2.841521
2015-12-03,1841.428706,1.0,-0.009668,-0.009668,4.030088,2.814048
2015-12-04,1817.731598,1.0,-0.012869,-0.012869,3.978225,2.777835
2015-12-07,1816.097315,1.0,-0.000899,-0.000899,3.974648,2.775337
2015-12-08,1803.023049,1.0,-0.007199,-0.007199,3.946035,2.755357
2015-12-09,1803.431619,1.0,0.000227,0.000227,3.946929,2.755982
2015-12-10,1810.377323,1.0,0.003851,0.003851,3.96213,2.766596
2015-12-11,1807.517328,1.0,-0.00158,-0.00158,3.955871,2.762225
2015-12-14,1793.62592,0.5,-0.004303,-0.007685,3.938847,2.740997
2015-12-15,1798.120199,0.5,0.001292,0.002506,3.943936,2.747865
2015-12-16,1839.385852,0.5,0.011514,0.022949,3.989347,2.810926
2015-12-17,1832.031577,0.5,-0.00196,-0.003998,3.981528,2.799688
2015-12-18,1835.300144,0.5,0.000931,0.001784,3.985237,2.804683
2015-12-21,1836.117285,0.5,0.000262,0.000445,3.98628,2.805931
2015-12-22,1842.654419,0.5,0.001819,0.00356,3.993533,2.815921
2015-12-23,1862.674389,0.5,0.005472,0.010865,4.015384,2.846516
2015-12-24,1843.47156,0.5,-0.005115,-0.010309,3.994844,2.81717
2015-12-28,1822.225877,0.5,-0.005723,-0.011525,3.971981,2.784703
2015-12-29,1843.47156,0.5,0.005869,0.011659,3.995293,2.81717
2015-12-30,1827.537298,0.5,-0.004283,-0.008644,3.978183,2.79282
2016-01-04,1783.003078,0.5,-0.012145,-0.024368,3.929868,2.724763
2016-01-05,1794.443061,0.5,0.003247,0.006416,3.94263,2.742245
2016-01-06,1786.680216,0.5,-0.002124,-0.004326,3.934256,2.730382
2016-01-07,1762.574537,0.5,-0.006707,-0.013492,3.907871,2.693544
2016-01-08,1773.197378,0.5,0.003053,0.006027,3.919801,2.709778
2016-01-11,1756.445975,0.0,-0.000421,-0.009447,3.918149,2.684179
2016-01-12,1745.414562,0.0,7.9e-05,-0.006281,3.918457,2.667321
2016-01-13,1778.91737,0.0,7.9e-05,0.019195,3.918764,2.718519
2016-01-14,1767.477387,0.0,7.9e-05,-0.006431,3.919072,2.701037
2016-01-15,1734.38315,0.0,7.9e-05,-0.018724,3.91938,2.650463
2016-01-18,1735.608863,0.0,7.9e-05,0.000707,3.919688,2.652336
2016-01-19,1744.18885,0.0,7.9e-05,0.004944,3.919996,2.665447
2016-01-20,1693.526068,0.0,7.9e-05,-0.029047,3.920305,2.588025
2016-01-21,1701.288913,0.0,7.9e-05,0.004584,3.920613,2.599888
2016-01-22,1736.426004,0.0,7.9e-05,0.020653,3.920921,2.653584
2016-01-25,1751.951696,0.0,7.9e-05,0.008941,3.921229,2.677311
2016-01-26,1724.168879,0.0,7.9e-05,-0.015858,3.921537,2.634853
2016-01-27,1750.725983,0.0,7.9e-05,0.015403,3.921845,2.675437
2016-01-28,1750.317412,0.0,7.9e-05,-0.000233,3.922153,2.674813
2016-01-29,1760.940254,0.0,7.9e-05,0.006069,3.922462,2.691047
2016-02-01,1770.745953,0.0,7.9e-05,0.005568,3.92277,2.706032
2016-02-02,1757.671687,0.0,7.9e-05,-0.007383,3.923078,2.686052
2016-02-03,1733.157438,0.0,7.9e-05,-0.013947,3.923386,2.648589
2016-02-04,1771.563095,0.0,7.9e-05,0.022159,3.923695,2.70728
2016-02-05,1774.831662,0.0,7.9e-05,0.001845,3.924003,2.712275
2016-02-11,1717.631746,0.0,7.9e-05,-0.032228,3.924311,2.624863
2016-02-12,1707.008905,0.0,7.9e-05,-0.006185,3.92462,2.60863
2016-02-15,1731.931725,0.0,7.9e-05,0.0146,3.924928,2.646716
2016-02-16,1758.8974,0.0,7.9e-05,0.01557,3.925237,2.687925
2016-02-17,1762.574537,0.0,7.9e-05,0.002091,3.925545,2.693544
2016-02-18,1779.734512,0.0,7.9e-05,0.009736,3.925854,2.719768
2016-02-19,1781.777366,0.0,7.9e-05,0.001148,3.926162,2.72289
2016-02-22,1789.131641,0.0,7.9e-05,0.004127,3.926471,2.734128
2016-02-23,1791.174495,0.0,7.9e-05,0.001142,3.926779,2.73725
2016-02-24,1785.045932,0.0,7.9e-05,-0.003422,3.927088,2.727885
2016-02-25,1786.680216,0.0,7.9e-05,0.000916,3.927396,2.730382
2016-02-26,1789.540211,0.0,7.9e-05,0.001601,3.927705,2.734753
2016-02-29,1784.637362,0.0,7.9e-05,-0.00274,3.928014,2.72726
2016-03-02,1820.183023,0.0,7.9e-05,0.019918,3.928322,2.781581
2016-03-03,1823.860161,0.0,7.9e-05,0.00202,3.928631,2.7872
2016-03-04,1825.494444,0.0,7.9e-05,0.000896,3.92894,2.789698
2016-03-07,1828.763011,0.0,7.9e-05,0.001791,3.929249,2.794693
2016-03-08,1812.420178,0.0,7.9e-05,-0.008937,3.929557,2.769718
2016-03-09,1821.408736,0.0,7.9e-05,0.004959,3.929866,2.783454
2016-03-10,1847.557268,0.0,7.9e-05,0.014356,3.930175,2.823414
2016-03-11,1844.288702,0.0,7.9e-05,-0.001769,3.930484,2.818419
2016-03-14,1842.245848,0.5,-0.001015,-0.001108,3.926496,2.815297
2016-03-15,1841.428706,0.5,-0.000182,-0.000444,3.92578,2.814048
2016-03-16,1844.288702,0.5,0.000816,0.001553,3.928983,2.818419
2016-03-17,1857.362968,0.5,0.003584,0.007089,3.943063,2.838399
2016-03-18,1858.588681,0.5,0.000369,0.00066,3.944519,2.840272
2016-03-21,1854.502973,1.0,-0.002698,-0.002198,3.933876,2.834028
2016-03-22,1867.168668,1.0,0.00683,0.00683,3.960743,2.853384
2016-03-23,1862.265818,1.0,-0.002626,-0.002626,3.950343,2.845891
2016-03-24,1858.588681,1.0,-0.001975,-0.001975,3.942543,2.840272
2016-03-25,1856.137256,1.0,-0.001319,-0.001319,3.937343,2.836526
2016-03-28,1857.567254,1.0,0.00077,0.00077,3.940376,2.838711
2016-03-29,1869.211522,1.0,0.006269,0.006269,3.965076,2.856506
2016-03-30,1879.017222,1.0,0.005246,0.005246,3.985877,2.87149
2016-03-31,1867.98581,1.0,-0.005871,-0.005871,3.962476,2.854632
2016-04-01,1837.342998,1.0,-0.016404,-0.016404,3.897475,2.807804
2016-04-04,1843.47156,1.0,0.003336,0.003336,3.910475,2.81717
2016-04-05,1825.494444,1.0,-0.009752,-0.009752,3.872341,2.789698
2016-04-06,1838.56871,1.0,0.007162,0.007162,3.900075,2.809678
2016-04-07,1839.385852,1.0,0.000444,0.000444,3.901809,2.810926
2016-04-08,1832.848719,1.0,-0.003554,-0.003554,3.887942,2.800936
2016-04-11,1836.525856,1.0,0.002006,0.002006,3.895742,2.806556
2016-04-12,1849.191552,1.0,0.006897,0.006897,3.922609,2.825911
2016-04-14,1890.865776,1.0,0.022536,0.022536,4.011011,2.889597
2016-04-15,1892.091488,1.0,0.000648,0.000648,4.013611,2.89147
2016-04-18,1883.10293,1.0,-0.004751,-0.004751,3.994544,2.877734
2016-04-19,1887.597209,1.0,0.002387,0.002387,4.004077,2.884602
2016-04-20,1879.834364,1.0,-0.004113,-0.004113,3.98761,2.872739
2016-04-21,1895.768626,1.0,0.008476,0.008476,4.021411,2.89709
2016-04-22,1885.962926,1.0,-0.005172,-0.005172,4.000611,2.882105
2016-04-25,1884.328643,1.0,-0.000867,-0.000867,3.997144,2.879607
2016-04-26,1890.048634,1.0,0.003036,0.003036,4.009277,2.888349
2016-04-27,1889.640063,1.0,-0.000216,-0.000216,4.008411,2.887724
2016-04-28,1867.577239,1.0,-0.011676,-0.011676,3.96161,2.854008
2016-04-29,1858.588681,1.0,-0.004813,-0.004813,3.942543,2.840272
2016-05-02,1849.600123,1.0,-0.004836,-0.004836,3.923476,2.826536
2016-05-03,1851.234406,1.0,0.000884,0.000884,3.926942,2.829033
2016-05-04,1842.245848,1.0,-0.004855,-0.004855,3.907875,2.815297
2016-05-09,1835.708715,1.0,-0.003548,-0.003548,3.894008,2.805307
2016-05-10,1845.922985,1.0,0.005564,0.005564,3.915676,2.820916
2016-05-11,1837.751569,1.0,-0.004427,-0.004427,3.898342,2.808429
2016-05-12,1838.56871,1.0,0.000445,0.000445,3.900075,2.809678
2016-05-13,1818.140169,1.0,-0.011111,-0.011111,3.856741,2.778459
2016-05-16,1824.677302,0.5,0.001337,0.003596,3.861898,2.788449
2016-05-17,1824.268732,0.5,-7.3e-05,-0.000224,3.861617,2.787825
2016-05-18,1809.151611,0.5,-0.004104,-0.008287,3.845769,2.764723
2016-05-19,1806.700186,0.5,-0.000638,-0.001355,3.843314,2.760976
2016-05-20,1807.925899,0.5,0.000379,0.000678,3.844769,2.76285
2016-05-23,1812.828748,0.0,-0.000421,0.002712,3.843149,2.770342
2016-05-24,1799.345911,0.0,7.9e-05,-0.007437,3.843451,2.749738
2016-05-25,1825.494444,0.0,7.9e-05,0.014532,3.843753,2.789698
2016-05-26,1824.677302,0.0,7.9e-05,-0.000448,3.844055,2.788449
2016-05-27,1832.440148,0.0,7.9e-05,0.004254,3.844357,2.800312
2016-05-30,1829.171581,0.5,-0.001353,-0.001784,3.839157,2.795317
2016-05-31,1842.245848,0.5,0.003613,0.007148,3.853029,2.815297
2016-06-01,1845.105844,0.5,0.000816,0.001552,3.856171,2.819668
2016-06-02,1849.191552,0.5,0.001146,0.002214,3.860592,2.825911
2016-06-03,1852.460118,0.5,0.000923,0.001768,3.864155,2.830906
2016-06-07,1879.425793,0.5,0.007318,0.014557,3.892432,2.872115
2016-06-08,1895.360055,0.5,0.004278,0.008478,3.909085,2.896465
2016-06-09,1899.445763,0.5,0.001117,0.002156,3.913452,2.902709
2016-06-10,1890.457205,0.5,-0.002327,-0.004732,3.904346,2.888973
2016-06-13,1845.105844,1.0,-0.02449,-0.02399,3.80873,2.819668
2016-06-14,1839.385852,1.0,-0.0031,-0.0031,3.796923,2.810926
2016-06-15,1840.202994,1.0,0.000444,0.000444,3.79861,2.812175
2016-06-16,1823.043019,1.0,-0.009325,-0.009325,3.763188,2.785951
2016-06-17,1828.763011,1.0,0.003138,0.003138,3.774995,2.794693
2016-06-20,1852.868689,0.5,0.00613,0.013181,3.798136,2.831531
2016-06-21,1853.27726,0.5,0.00015,0.000221,3.798704,2.832155
2016-06-22,1866.760097,0.5,0.003677,0.007275,3.812671,2.852759
2016-06-23,1865.125814,0.5,-0.000398,-0.000875,3.811152,2.850262
2016-06-24,1797.711628,0.5,-0.018033,-0.036145,3.742425,2.74724
2016-06-27,1804.657332,0.0,-0.000421,0.003864,3.740848,2.757855
2016-06-28,1811.194465,0.0,7.9e-05,0.003622,3.741142,2.767845
2016-06-29,1829.988723,0.0,7.9e-05,0.010377,3.741436,2.796566
2016-06-30,1841.020135,0.0,7.9e-05,0.006028,3.74173,2.813424
2016-07-01,1863.08296,0.0,7.9e-05,0.011984,3.742024,2.84714
2016-07-04,1872.071518,0.5,0.001952,0.004825,3.749327,2.860876
2016-07-05,1866.760097,0.5,-0.001379,-0.002837,3.744156,2.852759
2016-07-06,1823.860161,0.5,-0.011451,-0.022981,3.701281,2.7872
2016-07-07,1847.148698,0.5,0.006424,0.012769,3.725057,2.822789
2016-07-08,1840.202994,0.5,-0.001841,-0.00376,3.718199,2.812175
2016-07-11,1865.942956,0.5,0.007033,0.013988,3.74435,2.851511
2016-07-12,1867.98581,0.5,0.000587,0.001095,3.746547,2.854632
2016-07-13,1882.694359,0.5,0.003976,0.007874,3.761444,2.87711
2016-07-14,1888.00578,0.5,0.00145,0.002821,3.766898,2.885227
2016-07-15,1898.220051,0.5,0.002744,0.00541,3.777235,2.900836
2016-07-18,1901.488617,1.0,0.001222,0.001722,3.781851,2.905831
2016-07-19,1896.177197,1.0,-0.002793,-0.002793,3.771287,2.897714
2016-07-20,1895.360055,1.0,-0.000431,-0.000431,3.769662,2.896465
2016-07-21,1895.360055,1.0,0.0,0.0,3.769662,2.896465
2016-07-22,1894.134342,1.0,-0.000647,-0.000647,3.767224,2.894592
2016-07-25,1894.951484,1.0,0.000431,0.000431,3.768849,2.895841
2016-07-26,1914.971455,1.0,0.010565,0.010565,3.808667,2.926435
2016-07-27,1915.380025,1.0,0.000213,0.000213,3.809479,2.92706
2016-07-28,1904.348613,1.0,-0.005759,-0.005759,3.787539,2.910202
2016-07-29,1907.61718,1.0,0.001716,0.001716,3.79404,2.915197
2016-08-01,1923.142871,1.0,0.008139,0.008139,3.824919,2.938923
2016-08-02,1905.982896,1.0,-0.008923,-0.008923,3.790789,2.912699
2016-08-03,1879.834364,1.0,-0.013719,-0.013719,3.738783,2.872739
2016-08-04,1884.737214,1.0,0.002608,0.002608,3.748534,2.880232
2016-08-05,1910.068605,1.0,0.01344,0.01344,3.798915,2.918943
2016-08-08,1922.325729,1.0,0.006417,0.006417,3.823293,2.937674
2016-08-09,1937.034279,1.0,0.007651,0.007651,3.852547,2.960151
2016-08-10,1930.497146,1.0,-0.003375,-0.003375,3.839545,2.950161
2016-08-11,1937.44285,1.0,0.003598,0.003598,3.85336,2.960776
2016-08-12,1939.077133,1.0,0.000844,0.000844,3.85661,2.963273
2016-08-16,1941.528558,1.0,0.001264,0.001264,3.861486,2.96702
2016-08-17,1935.399996,1.0,-0.003157,-0.003157,3.849297,2.957654
2016-08-18,1935.399996,1.0,0.0,0.0,3.849297,2.957654
2016-08-19,1935.399996,1.0,0.0,0.0,3.849297,2.957654
2016-08-22,1935.399996,1.0,0.0,0.0,3.849297,2.957654
2016-08-23,1935.399996,1.0,0.0,0.0,3.849297,2.957654
2016-08-24,1935.399996,1.0,0.0,0.0,3.849297,2.957654
2016-08-25,1935.399996,1.0,0.0,0.0,3.849297,2.957654
2016-08-26,1935.399996,1.0,0.0,0.0,3.849297,2.957654
2016-08-29,1935.399996,1.0,0.0,0.0,3.849297,2.957654
2016-08-30,1935.399996,1.0,0.0,0.0,3.849297,2.957654
2016-08-31,1935.399996,1.0,0.0,0.0,3.849297,2.957654
2016-09-01,1935.399996,1.0,0.0,0.0,3.849297,2.957654
2016-09-02,1935.399996,1.0,0.0,0.0,3.849297,2.957654
2016-09-05,1935.399996,1.0,0.0,0.0,3.849297,2.957654
2016-09-06,1976.461364,1.0,0.021216,0.021216,3.930963,3.020403
2016-09-07,1986.267063,1.0,0.004961,0.004961,3.950466,3.035388
2016-09-08,1970.741372,1.0,-0.007817,-0.007817,3.919587,3.011662
2016-09-09,1945.409981,1.0,-0.012854,-0.012854,3.869205,2.972951
2016-09-12,1903.735757,1.0,-0.021422,-0.021422,3.78632,2.909265
2016-09-13,1904.961469,1.0,0.000644,0.000644,3.788758,2.911138
2016-09-19,1912.315744,0.5,0.00147,0.003861,3.794326,2.922377
2016-09-20,1917.627165,0.5,0.001428,0.002777,3.799744,2.930494
2016-09-21,1926.615723,0.5,0.002383,0.004687,3.808799,2.94423
2016-09-22,1962.978526,0.5,0.009476,0.018874,3.844892,2.999799
2016-09-23,1954.398539,0.5,-0.002146,-0.004371,3.83664,2.986687
2016-09-26,1949.087118,1.0,-0.003218,-0.002718,3.824295,2.97857
2016-09-27,1957.667106,1.0,0.004402,0.004402,3.84113,2.991682
2016-09-28,1957.667106,1.0,0.0,0.0,3.84113,2.991682
2016-09-29,1974.82708,1.0,0.008766,0.008766,3.874799,3.017906
2016-09-30,1954.398539,1.0,-0.010344,-0.010344,3.834717,2.986687
2016-10-04,1960.527101,1.0,0.003136,0.003136,3.846741,2.996053
2016-10-05,1961.752814,1.0,0.000625,0.000625,3.849146,2.997926
2016-10-06,1969.107089,1.0,0.003749,0.003749,3.863576,3.009165
2016-10-07,1967.881376,1.0,-0.000622,-0.000622,3.861171,3.007292
2016-10-10,1963.795668,1.0,-0.002076,-0.002076,3.853155,3.001048
2016-10-11,1940.507131,1.0,-0.011859,-0.011859,3.80746,2.965459
2016-10-12,1931.518573,1.0,-0.004632,-0.004632,3.789824,2.951722
2016-10-13,1925.390011,1.0,-0.003173,-0.003173,3.777799,2.942357
2016-10-14,1929.88429,1.0,0.002334,0.002334,3.786617,2.949225
2016-10-17,1938.055706,0.5,0.001656,0.004234,3.792889,2.961712
2016-10-18,1948.065691,0.5,0.002622,0.005165,3.802833,2.977009
2016-10-19,1956.441393,0.5,0.002189,0.004299,3.811158,2.989809
2016-10-20,1954.398539,0.5,-0.000483,-0.001044,3.809318,2.986687
2016-10-21,1943.367127,0.5,-0.002783,-0.005644,3.798717,2.969829
2016-10-24,1959.70996,0.5,0.004244,0.00841,3.814839,2.994804
2016-10-25,1956.441393,0.5,-0.000795,-0.001668,3.811808,2.989809
2016-10-26,1924.572869,0.5,-0.008105,-0.016289,3.780912,2.941108
2016-10-27,1935.19571,0.5,0.002799,0.00552,3.791495,2.957342
2016-10-28,1936.012852,0.5,0.00025,0.000422,3.792445,2.95859
2016-10-31,1934.991425,0.5,-0.000225,-0.000528,3.791593,2.95703
2016-11-01,1934.991425,0.5,3.9e-05,0.0,3.791742,2.95703
2016-11-02,1907.61718,0.5,-0.007034,-0.014147,3.76507,2.915197
2016-11-03,1912.111459,0.5,0.001217,0.002356,3.769653,2.922065
2016-11-04,1906.800038,0.5,-0.00135,-0.002778,3.764566,2.913948
2016-11-07,1923.960013,0.0,-0.000421,0.008999,3.76298,2.940171
2016-11-08,1930.905717,0.0,7.9e-05,0.00361,3.763275,2.950786
2016-11-09,1881.060076,0.0,7.9e-05,-0.025815,3.763571,2.874612
2016-11-10,1925.185725,0.0,7.9e-05,0.023458,3.763867,2.942045
2016-11-11,1903.940042,0.0,7.9e-05,-0.011036,3.764163,2.909577
2016-11-14,1888.00578,0.5,-0.004645,-0.008369,3.746677,2.885227
2016-11-15,1878.20008,0.5,-0.002558,-0.005194,3.737095,2.870242
2016-11-16,1885.554355,0.5,0.001997,0.003916,3.744558,2.88148
2016-11-17,1883.920072,0.5,-0.000394,-0.000867,3.743082,2.878983
2016-11-18,1885.145784,0.5,0.000365,0.000651,3.744447,2.880856
2016-11-21,1880.242934,0.0,-0.000421,-0.002601,3.742869,2.873364
2016-11-22,1902.71433,0.0,7.9e-05,0.011951,3.743163,2.907704
2016-11-23,1910.885746,0.0,7.9e-05,0.004295,3.743457,2.920192
2016-11-24,1901.897188,0.0,7.9e-05,-0.004704,3.743752,2.906455
2016-11-25,1899.854334,0.0,7.9e-05,-0.001074,3.744046,2.903333
2016-11-28,1907.61718,0.5,0.001582,0.004086,3.74997,2.915197
2016-11-29,1904.552899,0.5,-0.000764,-0.001606,3.747106,2.910514
2016-11-30,1915.788596,0.5,0.002989,0.005899,3.758306,2.927684
2016-12-01,1917.014309,0.5,0.000359,0.00064,3.759656,2.929557
2016-12-02,1903.531471,0.5,-0.003477,-0.007033,3.746582,2.908953
2016-12-05,1903.940042,0.5,0.000147,0.000215,3.747131,2.909577
2016-12-06,1926.002867,0.5,0.005833,0.011588,3.768989,2.943293
2016-12-07,1932.54,0.5,0.001736,0.003394,3.775534,2.953283
2016-12-08,1966.451378,0.5,0.008813,0.017548,3.808808,3.005106
2016-12-09,1972.17137,0.5,0.001494,0.002909,3.814497,3.013847
2016-12-12,1964.817095,1.0,-0.004229,-0.003729,3.798365,3.002609
2016-12-13,1970.537087,1.0,0.002911,0.002911,3.809423,3.01135
2016-12-14,1974.622795,1.0,0.002073,0.002073,3.817322,3.017594
2016-12-15,1973.397082,1.0,-0.000621,-0.000621,3.814952,3.015721
2016-12-16,1974.622795,1.0,0.000621,0.000621,3.817322,3.017594
2016-12-19,1978.708503,1.0,0.002069,0.002069,3.82522,3.023837
2016-12-20,1981.568499,1.0,0.001445,0.001445,3.830749,3.028208
2016-12-21,1980.342786,1.0,-0.000619,-0.000619,3.828379,3.026335
2016-12-22,1979.525645,1.0,-0.000413,-0.000413,3.8268,3.025086
2016-12-23,1975.439937,1.0,-0.002064,-0.002064,3.818901,3.018842
2016-12-26,1977.891362,1.0,0.001241,0.001241,3.82364,3.022589
2016-12-27,1982.794211,1.0,0.002479,0.002479,3.833118,3.030081
2016-12-28,1990.148486,1.0,0.003709,0.003709,3.847336,3.04132
2016-12-29,1987.28849,1.0,-0.001437,-0.001437,3.841807,3.036949
2017-01-03,2013.028452,1.0,0.012952,0.012952,3.891567,3.076285
2017-01-04,2014.662736,1.0,0.000812,0.000812,3.894726,3.078782
2017-01-05,2008.534173,1.0,-0.003042,-0.003042,3.882879,3.069417
2017-01-06,2016.70559,1.0,0.004068,0.004068,3.898676,3.081904
2017-01-09,2019.974156,1.0,0.001621,0.001621,3.904994,3.086899
2017-01-10,2019.565586,1.0,-0.000202,-0.000202,3.904205,3.086275
2017-01-11,2060.831239,1.0,0.020433,0.020433,3.983979,3.149336
2017-01-12,2061.23981,1.0,0.000198,0.000198,3.984769,3.149961
2017-01-13,2057.562672,1.0,-0.001784,-0.001784,3.97766,3.144341
2017-01-16,2047.348402,1.0,-0.004964,-0.004964,3.957914,3.128732
2017-01-17,2055.519818,1.0,0.003991,0.003991,3.973711,3.14122
2017-01-18,2051.842681,1.0,-0.001789,-0.001789,3.966602,3.1356
2017-01-19,2053.476964,1.0,0.000796,0.000796,3.969762,3.138098
2017-01-20,2048.574114,1.0,-0.002388,-0.002388,3.960284,3.130605
2017-01-23,2045.305548,1.0,-0.001596,-0.001596,3.953965,3.12561
2017-01-24,2052.251252,1.0,0.003396,0.003396,3.967392,3.136225
2017-01-25,2054.294106,1.0,0.000995,0.000995,3.971341,3.139346
2017-01-26,2076.765501,1.0,0.010939,0.010939,4.014783,3.173687
2017-01-31,2062.056951,1.0,-0.007082,-0.007082,3.986348,3.151209
2017-02-01,2070.228368,1.0,0.003963,0.003963,4.002145,3.163697
2017-02-02,2062.056951,1.0,-0.003947,-0.003947,3.986348,3.151209
2017-02-03,2066.959801,1.0,0.002378,0.002378,3.995827,3.158702
2017-02-06,2069.002655,1.0,0.000988,0.000988,3.999776,3.161824
2017-02-07,2063.282664,1.0,-0.002765,-0.002765,3.988718,3.153083
2017-02-08,2054.294106,1.0,-0.004356,-0.004356,3.971341,3.139346
2017-02-09,2056.33696,1.0,0.000994,0.000994,3.975291,3.142468
2017-02-10,2058.379814,1.0,0.000993,0.000993,3.97924,3.14559
2017-02-13,2059.196956,1.0,0.000397,0.000397,3.98082,3.146839
2017-02-14,2052.251252,1.0,-0.003373,-0.003373,3.967392,3.136225
2017-02-15,2059.605526,1.0,0.003584,0.003584,3.981609,3.147463
2017-02-16,2058.379814,1.0,-0.000595,-0.000595,3.97924,3.14559
2017-02-17,2060.422668,1.0,0.000992,0.000992,3.983189,3.148712
2017-02-20,2066.55123,1.0,0.002974,0.002974,3.995037,3.158078
2017-02-21,2086.979772,1.0,0.009885,0.009885,4.034529,3.189296
2017-02-22,2090.248338,1.0,0.001566,0.001566,4.040848,3.194291
2017-02-23,2093.108334,1.0,0.001368,0.001368,4.046377,3.198662
2017-02-24,2073.088364,1.0,-0.009565,-0.009565,4.007674,3.168068
2017-02-27,2064.508376,1.0,-0.004139,-0.004139,3.991088,3.154956
2017-02-28,2066.55123,1.0,0.00099,0.00099,3.995037,3.158078
2017-03-02,2090.656909,1.0,0.011665,0.011665,4.041638,3.194916
2017-03-03,2065.734089,1.0,-0.011921,-0.011921,3.993457,3.156829
2017-03-06,2070.636939,1.0,0.002373,0.002373,4.002935,3.164321
2017-03-07,2082.076922,1.0,0.005525,0.005525,4.025051,3.181804
2017-03-08,2086.571201,1.0,0.002159,0.002159,4.033739,3.188672
2017-03-09,2077.991214,1.0,-0.004112,-0.004112,4.017152,3.17556
2017-03-10,2085.345488,1.0,0.003539,0.003539,4.03137,3.186799
2017-03-13,2111.494021,1.0,0.012539,0.012539,4.08192,3.226759
2017-03-14,2129.879708,1.0,0.008707,0.008707,4.117463,3.254855
2017-03-15,2134.782558,1.0,0.002302,0.002302,4.126941,3.262348
2017-03-16,2148.673966,1.0,0.006507,0.006507,4.153796,3.283577
2017-03-17,2158.071095,1.0,0.004373,0.004373,4.171962,3.297937
2017-03-20,2158.479666,1.0,0.000189,0.000189,4.172752,3.298561
2017-03-21,2179.316778,1.0,0.009654,0.009654,4.213034,3.330404
2017-03-22,2167.059653,1.0,-0.005624,-0.005624,4.189339,3.311673
2017-03-23,2172.371074,1.0,0.002451,0.002451,4.199607,3.31979
2017-03-24,2169.511078,1.0,-0.001317,-0.001317,4.194078,3.31542
2017-03-27,2152.351104,1.0,-0.00791,-0.00791,4.160904,3.289196
2017-03-28,2158.888237,1.0,0.003037,0.003037,4.173542,3.299186
2017-03-29,2164.199658,1.0,0.00246,0.00246,4.18381,3.307303
2017-03-30,2163.791087,1.0,-0.000189,-0.000189,4.18302,3.306678
2017-03-31,2160.113949,1.0,-0.001699,-0.001699,4.175911,3.301059
2017-04-03,2162.565374,1.0,0.001135,0.001135,4.18065,3.304805
2017-04-04,2158.071095,1.0,-0.002078,-0.002078,4.171962,3.297937
2017-04-05,2153.985387,1.0,-0.001893,-0.001893,4.164064,3.291693
2017-04-06,2146.222541,1.0,-0.003604,-0.003604,4.149057,3.27983
2017-04-07,2140.911121,1.0,-0.002475,-0.002475,4.138789,3.271713
2017-04-10,2127.836854,1.0,-0.006107,-0.006107,4.113514,3.251734
2017-04-11,2113.536875,1.0,-0.00672,-0.00672,4.085869,3.22988
2017-04-12,2122.116863,1.0,0.00406,0.00406,4.102456,3.242992
2017-04-13,2140.093979,1.0,0.008471,0.008471,4.137209,3.270465
2017-04-14,2128.245425,1.0,-0.005536,-0.005536,4.114303,3.252358
2017-04-17,2136.008271,0.5,0.001363,0.003648,4.119911,3.264221
2017-04-18,2133.556846,0.5,-0.000535,-0.001148,4.117709,3.260475
2017-04-19,2121.299721,0.5,-0.002833,-0.005745,4.106043,3.241744
2017-04-20,2132.739704,0.5,0.002736,0.005393,4.117276,3.259226
2017-04-21,2152.759674,0.5,0.004733,0.009387,4.136762,3.28982
2017-04-24,2162.156803,1.0,0.003865,0.004365,4.152751,3.304181
2017-04-25,2189.531049,1.0,0.012661,0.012661,4.205328,3.346014
2017-04-26,2200.766746,1.0,0.005132,0.005132,4.226908,3.363184
2017-04-27,2207.099594,1.0,0.002878,0.002878,4.239071,3.372862
2017-04-28,2210.776732,1.0,0.001666,0.001666,4.246133,3.378481
2017-05-02,2232.2267,1.0,0.009702,0.009702,4.287331,3.411261
2017-05-04,2251.225243,1.0,0.008511,0.008511,4.323821,3.440294
2017-05-08,2316.188004,1.0,0.028857,0.028857,4.448592,3.539569
2017-05-10,2281.459484,1.0,-0.014994,-0.014994,4.38189,3.486498
2017-05-11,2311.285154,1.0,0.013073,0.013073,4.439175,3.532077
2017-05-12,2299.4366,1.0,-0.005126,-0.005126,4.416418,3.51397
2017-05-15,2307.608017,1.0,0.003554,0.003554,4.432113,3.526458
2017-05-16,2304.33945,1.0,-0.001416,-0.001416,4.425835,3.521463
2017-05-17,2306.382304,1.0,0.000887,0.000887,4.429758,3.524584
2017-05-18,2299.4366,1.0,-0.003012,-0.003012,4.416418,3.51397
2017-05-19,2296.168034,1.0,-0.001421,-0.001421,4.41014,3.508975
2017-05-22,2315.370863,1.0,0.008363,0.008363,4.447022,3.538321
2017-05-23,2319.048,1.0,0.001588,0.001588,4.454085,3.54394
2017-05-24,2325.993704,1.0,0.002995,0.002995,4.467425,3.554554
2017-05-25,2355.410803,1.0,0.012647,0.012647,4.523925,3.599509
2017-05-26,2365.012218,1.0,0.004076,0.004076,4.542366,3.614182
2017-05-29,2366.033645,1.0,0.000432,0.000432,4.544328,3.615743
2017-05-30,2346.013674,1.0,-0.008461,-0.008461,4.505877,3.585149
2017-05-31,2351.937951,1.0,0.002525,0.002525,4.517255,3.594202
2017-06-01,2344.379391,1.0,-0.003214,-0.003214,4.502738,3.582651
2017-06-02,2368.689355,1.0,0.010369,0.010369,4.549429,3.619801
2017-06-05,2372.570778,1.0,0.001639,0.001639,4.556884,3.625733
2017-06-07,2354.593662,1.0,-0.007577,-0.007577,4.522356,3.59826
2017-06-08,2370.527924,1.0,0.006767,0.006767,4.55296,3.622611
2017-06-09,2386.053615,1.0,0.006549,0.006549,4.582779,3.646337
2017-06-12,2359.496512,1.0,-0.01113,-0.01113,4.531772,3.605753
2017-06-13,2372.775063,1.0,0.005628,0.005628,4.557276,3.626045
2017-06-14,2372.366493,1.0,-0.000172,-0.000172,4.556491,3.625421
2017-06-15,2362.356507,1.0,-0.004219,-0.004219,4.537265,3.610123
2017-06-16,2365.012218,1.0,0.001124,0.001124,4.542366,3.614182
2017-06-19,2379.925053,1.0,0.006306,0.006306,4.571009,3.636972
2017-06-20,2387.892184,1.0,0.003348,0.003348,4.586311,3.649147
2017-06-21,2368.689355,1.0,-0.008042,-0.008042,4.549429,3.619801
2017-06-22,2386.053615,1.0,0.007331,0.007331,4.582779,3.646337
2017-06-23,2391.773607,1.0,0.002397,0.002397,4.593765,3.655078
2017-06-26,2404.235017,1.0,0.00521,0.00521,4.6177,3.674122
2017-06-27,2406.277871,1.0,0.00085,0.00085,4.621623,3.677244
2017-06-28,2399.945023,1.0,-0.002632,-0.002632,4.60946,3.667566
2017-06-29,2417.104998,1.0,0.00715,0.00715,4.642418,3.693789
2017-06-30,2402.192163,1.0,-0.00617,-0.00617,4.613776,3.671
2017-07-03,2413.836431,1.0,0.004847,0.004847,4.63614,3.688794
2017-07-04,2395.042173,1.0,-0.007786,-0.007786,4.600043,3.660073
2017-07-05,2401.375021,1.0,0.002644,0.002644,4.612206,3.669751
2017-07-06,2406.890727,1.0,0.002297,0.002297,4.6228,3.67818
2017-07-07,2399.945023,1.0,-0.002886,-0.002886,4.60946,3.667566
2017-07-10,2404.439302,1.0,0.001873,0.001873,4.618092,3.674434
2017-07-11,2419.964994,1.0,0.006457,0.006457,4.647911,3.69816
2017-07-12,2419.147852,1.0,-0.000338,-0.000338,4.646342,3.696911
2017-07-13,2451.424947,1.0,0.013342,0.013342,4.708335,3.746237
2017-07-14,2452.65066,1.0,0.0005,0.0005,4.710689,3.74811
2017-07-17,2459.187793,1.0,0.002665,0.002665,4.723245,3.7581
2017-07-18,2463.682072,1.0,0.001828,0.001828,4.731877,3.764968
2017-07-19,2468.993493,1.0,0.002156,0.002156,4.742078,3.773085
2017-07-20,2476.347767,1.0,0.002979,0.002979,4.756203,3.784323
2017-07-21,2488.604892,1.0,0.00495,0.00495,4.779745,3.803055
2017-07-24,2489.830605,1.0,0.000493,0.000493,4.782099,3.804928
2017-07-25,2476.756338,1.0,-0.005251,-0.005251,4.756988,3.784948
2017-07-26,2471.036347,1.0,-0.002309,-0.002309,4.746002,3.776207
2017-07-27,2478.390622,1.0,0.002976,0.002976,4.760127,3.787445
2017-07-28,2418.739281,1.0,-0.024069,-0.024069,4.645557,3.696287
2017-07-31,2426.910698,1.0,0.003378,0.003378,4.661252,3.708774
2017-08-01,2451.424947,1.0,0.010101,0.010101,4.708335,3.746237
2017-08-02,2456.327797,1.0,0.002,0.002,4.717752,3.753729
2017-08-03,2411.385006,1.0,-0.018297,-0.018297,4.631432,3.685048
2017-08-04,2421.190706,1.0,0.004066,0.004066,4.650266,3.700033
2017-08-07,2421.599277,1.0,0.000169,0.000169,4.65105,3.700658
2017-08-08,2421.190706,1.0,-0.000169,-0.000169,4.650266,3.700033
2017-08-09,2386.870757,1.0,-0.014175,-0.014175,4.584349,3.647586
2017-08-10,2375.430774,1.0,-0.004793,-0.004793,4.562377,3.630103
2017-08-11,2328.445129,1.0,-0.01978,-0.01978,4.472133,3.558301
2017-08-14,2353.77652,0.5,0.004979,0.010879,4.4944,3.597012
2017-08-16,2367.259357,0.5,0.002903,0.005728,4.507448,3.617616
2017-08-17,2380.333624,0.5,0.002801,0.005523,4.520073,3.637596
2017-08-18,2354.185091,0.5,-0.005453,-0.010985,4.495423,3.597636
2017-08-19,2375.839345,0.5,0.004638,0.009198,4.516275,3.630728
2017-08-21,2374.205061,0.5,-0.000305,-0.000688,4.514899,3.62823
2017-08-22,2377.882199,0.5,0.000814,0.001549,4.518573,3.63385
2017-08-23,2403.21359,0.5,0.005366,0.010653,4.542818,3.672561
2017-08-24,2384.827903,0.5,-0.003786,-0.00765,4.525619,3.644464
2017-08-25,2402.805019,0.5,0.003808,0.007538,4.542855,3.671936
2017-08-26,2401.170736,0.5,-0.000301,-0.00068,4.541488,3.669439
2017-08-28,2383.193619,1.0,-0.007987,-0.007487,4.505216,3.641967
2017-08-29,2386.462186,1.0,0.001372,0.001372,4.511395,3.646961
2017-08-30,2383.193619,1.0,-0.00137,-0.00137,4.505216,3.641967
2017-08-31,2387.687899,1.0,0.001886,0.001886,4.513712,3.648835
2017-09-01,2375.839345,1.0,-0.004962,-0.004962,4.491314,3.630728
2017-09-02,2374.205061,1.0,-0.000688,-0.000688,4.488224,3.62823
2017-09-04,2344.787962,1.0,-0.01239,-0.01239,4.432614,3.583275
2017-09-05,2350.099383,1.0,0.002265,0.002265,4.442654,3.591392
2017-09-06,2334.982262,1.0,-0.006433,-0.006433,4.414077,3.568291
2017-09-07,2343.153679,1.0,0.0035,0.0035,4.429524,3.580778
2017-09-08,2366.850786,1.0,0.010113,0.010113,4.474322,3.616992
2017-09-09,2365.625074,1.0,-0.000518,-0.000518,4.472004,3.615118
2017-09-11,2391.773607,1.0,0.011054,0.011054,4.521436,3.655078
2017-09-12,2402.396448,1.0,0.004441,0.004441,4.541517,3.671312
2017-09-13,2392.590748,1.0,-0.004082,-0.004082,4.522981,3.656327
2017-09-14,2386.870757,1.0,-0.002391,-0.002391,4.512167,3.647586
2017-09-15,2404.030732,1.0,0.007189,0.007189,4.544607,3.67381
2017-09-16,2419.147852,1.0,0.006288,0.006288,4.573184,3.696911
2017-09-18,2461.639218,1.0,0.017565,0.017565,4.653511,3.761846
2017-09-19,2457.144939,1.0,-0.001826,-0.001826,4.645015,3.754978
2017-09-20,2454.284943,1.0,-0.001164,-0.001164,4.639608,3.750607
2017-09-21,2456.327797,1.0,0.000832,0.000832,4.64347,3.753729
2017-09-22,2438.759252,1.0,-0.007152,-0.007152,4.610258,3.726881
2017-09-25,2437.94211,1.0,-0.000335,-0.000335,4.608713,3.725632
2017-09-26,2421.599277,1.0,-0.006704,-0.006704,4.577819,3.700658
2017-09-27,2418.33071,1.0,-0.00135,-0.00135,4.57164,3.695663
2017-09-28,2419.964994,1.0,0.000676,0.000676,4.574729,3.69816
2017-09-29,2439.984964,1.0,0.008273,0.008273,4.612575,3.728754
2017-10-10,2489.830605,1.0,0.020429,0.020429,4.706804,3.804928
2017-10-11,2515.161996,1.0,0.010174,0.010174,4.754691,3.843639
2017-10-12,2525.989123,1.0,0.004305,0.004305,4.775158,3.860185
2017-10-13,2535.794822,1.0,0.003882,0.003882,4.793695,3.87517
2017-10-16,2533.547683,1.0,-0.000886,-0.000886,4.789447,3.871736
2017-10-17,2535.999108,1.0,0.000968,0.000968,4.794081,3.875482
2017-10-18,2536.407679,1.0,0.000161,0.000161,4.794854,3.876106
2017-10-19,2522.1077,1.0,-0.005638,-0.005638,4.767821,3.854253
2017-10-20,2539.676245,1.0,0.006966,0.006966,4.801033,3.881101
2017-10-23,2546.213378,1.0,0.002574,0.002574,4.813391,3.891091
2017-10-24,2542.12767,1.0,-0.001605,-0.001605,4.805667,3.884848
2017-10-25,2543.761953,1.0,0.000643,0.000643,4.808756,3.887345
2017-10-26,2522.1077,1.0,-0.008513,-0.008513,4.767821,3.854253
2017-10-27,2544.579095,1.0,0.00891,0.00891,4.810301,3.888594
2017-10-30,2549.481945,1.0,0.001927,0.001927,4.81957,3.896086
2017-10-31,2578.899044,1.0,0.011538,0.011538,4.87518,3.941041
2017-11-01,2623.841835,1.0,0.017427,0.017427,4.96014,4.009722
2017-11-02,2611.58471,1.0,-0.004671,-0.004671,4.936969,3.990991
2017-11-03,2620.981839,1.0,0.003598,0.003598,4.954734,4.005351
2017-11-06,2604.230436,1.0,-0.006391,-0.006391,4.923067,3.979752
2017-11-07,2600.961869,1.0,-0.001255,-0.001255,4.916888,3.974757
2017-11-08,2613.218994,1.0,0.004713,0.004713,4.940059,3.993488
2017-11-09,2600.144727,1.0,-0.005003,-0.005003,4.915343,3.973508
2017-11-10,2594.016165,1.0,-0.002357,-0.002357,4.903758,3.964143
2017-11-13,2582.984753,1.0,-0.004253,-0.004253,4.882904,3.947285
2017-11-14,2580.941899,1.0,-0.000791,-0.000791,4.879042,3.944163
2017-11-15,2563.373353,1.0,-0.006807,-0.006807,4.84583,3.917315
2017-11-16,2580.941899,1.0,0.006854,0.006854,4.879042,3.944163
2017-11-17,2577.673332,1.0,-0.001266,-0.001266,4.872863,3.939168
2017-11-20,2565.824778,1.0,-0.004597,-0.004597,4.850464,3.921061
2017-11-21,2577.264761,1.0,0.004459,0.004459,4.87209,3.938544
2017-11-22,2591.156169,1.0,0.00539,0.00539,4.898351,3.959772
2017-11-23,2582.167611,1.0,-0.003469,-0.003469,4.881359,3.946036
2017-11-24,2588.704744,1.0,0.002532,0.002532,4.893717,3.956026
2017-11-27,2536.816249,1.0,-0.020044,-0.020044,4.795626,3.876731
2017-11-28,2551.524799,1.0,0.005798,0.005798,4.823431,3.899208
2017-11-29,2550.707658,1.0,-0.00032,-0.00032,4.821887,3.897959
2017-11-30,2506.990579,1.0,-0.017139,-0.017139,4.739243,3.831151
2017-12-01,2502.904871,1.0,-0.00163,-0.00163,4.73152,3.824908
2017-12-04,2529.461975,1.0,0.010611,0.010611,4.781724,3.865492
2017-12-05,2542.536241,1.0,0.005169,0.005169,4.806439,3.885472
2017-12-06,2502.087729,1.0,-0.015909,-0.015909,4.729975,3.823659
2017-12-07,2494.324884,1.0,-0.003103,-0.003103,4.7153,3.811796
2017-12-08,2499.636304,1.0,0.002129,0.002129,4.725341,3.819913
2017-12-11,2500.862017,1.0,0.00049,0.00049,4.727658,3.821786
2017-12-12,2492.28203,1.0,-0.003431,-0.003431,4.711438,3.808674
2017-12-13,2511.893429,1.0,0.007869,0.007869,4.748512,3.838644
2017-12-14,2520.881987,1.0,0.003578,0.003578,4.765504,3.85238
2017-12-15,2509.442004,1.0,-0.004538,-0.004538,4.743878,3.834898
2017-12-18,2519.656275,1.0,0.00407,0.00407,4.763187,3.850507
2017-12-19,2517.20485,1.0,-0.000973,-0.000973,4.758553,3.846761
2017-12-20,2514.753425,1.0,-0.000974,-0.000974,4.753918,3.843015
2017-12-21,2460.004934,1.0,-0.021771,-0.021771,4.650421,3.759349
2017-12-22,2473.487772,1.0,0.005481,0.005481,4.675909,3.779953
2017-12-26,2464.907784,1.0,-0.003469,-0.003469,4.65969,3.766841
2017-12-27,2495.550596,1.0,0.012432,0.012432,4.717617,3.813669
2017-12-28,2529.053404,1.0,0.013425,0.013425,4.780951,3.864868
2018-01-02,2538.859104,1.0,0.003877,0.003877,4.799488,3.879853
2018-01-03,2548.664803,1.0,0.003862,0.003862,4.818025,3.894837
2018-01-04,2526.601979,1.0,-0.008657,-0.008657,4.776317,3.861121
2018-01-05,2557.040505,1.0,0.012047,0.012047,4.833858,3.907637
2018-01-08,2577.673332,1.0,0.008069,0.008069,4.872863,3.939168
2018-01-09,2571.136199,1.0,-0.002536,-0.002536,4.860505,3.929178
2018-01-10,2549.890516,1.0,-0.008263,-0.008263,4.820342,3.896711
2018-01-11,2538.859104,1.0,-0.004326,-0.004326,4.799488,3.879853
2018-01-12,2540.084816,1.0,0.000483,0.000483,4.801805,3.881726
2018-01-15,2545.396237,1.0,0.002091,0.002091,4.811846,3.889843
2018-01-16,2571.54477,1.0,0.010273,0.010273,4.861277,3.929802
2018-01-17,2563.781924,1.0,-0.003019,-0.003019,4.846602,3.917939
2018-01-18,2562.556211,1.0,-0.000478,-0.000478,4.844285,3.916066
2018-01-19,2564.599066,1.0,0.000797,0.000797,4.848147,3.919188
2018-01-22,2538.041962,1.0,-0.010355,-0.010355,4.797943,3.878604
2018-01-23,2575.630478,1.0,0.01481,0.01481,4.869001,3.936046
2018-01-24,2580.941899,1.0,0.002062,0.002062,4.879042,3.944163
2018-01-25,2603.004723,1.0,0.008548,0.008548,4.92075,3.977879
2018-01-26,2615.670419,1.0,0.004866,0.004866,4.944693,3.997235
2018-01-29,2636.916101,1.0,0.008122,0.008122,4.984856,4.029702
2018-01-30,2600.553298,1.0,-0.01379,-0.01379,4.916115,3.974133
2018-01-31,2603.413294,1.0,0.0011,0.0011,4.921522,3.978503
2018-02-01,2595.241877,1.0,-0.003139,-0.003139,4.906075,3.966016
2018-02-02,2545.396237,1.0,-0.019207,-0.019207,4.811846,3.889843
2018-02-05,2512.302,0.5,-0.006962,-0.013002,4.778348,3.839268
2018-02-06,2466.542068,0.5,-0.009068,-0.018214,4.735019,3.769339
2018-02-07,2399.945023,0.5,-0.013461,-0.027,4.671282,3.667566
2018-02-08,2424.459273,0.5,0.005147,0.010215,4.695323,3.705028
2018-02-09,2361.947937,0.5,-0.012853,-0.025784,4.634976,3.609499
2018-02-12,2388.50504,0.0,-0.000421,0.011244,4.633023,3.650083
2018-02-13,2415.470715,0.0,7.9e-05,0.01129,4.633387,3.691292
2018-02-14,2439.167822,0.0,7.9e-05,0.009811,4.633751,3.727506
2018-02-19,2455.102085,0.0,7.9e-05,0.006533,4.634115,3.751856
2018-02-20,2420.373564,0.0,7.9e-05,-0.014145,4.634479,3.698784
2018-02-21,2437.124968,0.0,7.9e-05,0.006921,4.634843,3.724384
2018-02-22,2419.147852,0.0,7.9e-05,-0.007376,4.635207,3.696911
2018-02-23,2458.370651,0.0,7.9e-05,0.016213,4.635572,3.756851
2018-02-26,2462.047789,0.5,0.000287,0.001496,4.636903,3.76247
2018-02-27,2451.016376,0.5,-0.002201,-0.004481,4.626697,3.745612
2018-02-28,2424.050702,0.5,-0.005462,-0.011002,4.601428,3.704404
2018-03-02,2391.365036,0.5,-0.006703,-0.013484,4.570586,3.654454
2018-03-05,2354.185091,0.5,-0.007734,-0.015548,4.535235,3.597636
2018-03-06,2403.622161,0.5,0.010539,0.021,4.583032,3.673185
2018-03-07,2408.11644,0.5,0.000974,0.00187,4.587497,3.680053
2018-03-08,2431.813548,0.5,0.00496,0.009841,4.610249,3.716267
2018-03-09,2460.004934,0.5,0.005836,0.011593,4.637153,3.759349
2018-03-12,2484.110613,0.5,0.004939,0.009799,4.660055,3.796187
2018-03-13,2498.002021,0.5,0.002835,0.005592,4.673268,3.817415
2018-03-14,2497.184879,0.5,-0.000124,-0.000327,4.672687,3.816167
2018-03-15,2507.807721,0.5,0.002166,0.004254,4.682809,3.8324
2018-03-16,2499.227734,0.5,-0.001671,-0.003421,4.674982,3.819288
2018-03-19,2483.293471,0.5,-0.003149,-0.006376,4.660263,3.794938
2018-03-20,2495.142025,0.5,0.002425,0.004771,4.671564,3.813045
2018-03-21,2497.59345,0.5,0.000531,0.000982,4.674042,3.816791
2018-03-22,2501.679159,0.5,0.000857,0.001636,4.678049,3.823035
2018-03-23,2420.782135,0.5,-0.016129,-0.032337,4.602596,3.699409
2018-03-26,2439.576393,0.0,-0.000421,0.007764,4.600656,3.72813
2018-03-27,2444.887814,0.0,7.9e-05,0.002177,4.601018,3.736247
2018-03-28,2407.095013,0.0,7.9e-05,-0.015458,4.601379,3.678492
2018-03-29,2439.167822,0.0,7.9e-05,0.013324,4.601741,3.727506
2018-03-30,2439.984964,0.0,7.9e-05,0.000335,4.602102,3.728754
2018-04-02,2430.996406,0.5,-0.002303,-0.003684,4.591505,3.715018
2018-04-03,2426.910698,0.5,-0.000801,-0.001681,4.587827,3.708774
2018-04-04,2382.785049,0.5,-0.009052,-0.018182,4.5463,3.641342
2018-04-05,2426.910698,0.5,0.009299,0.018519,4.588574,3.708774
2018-04-06,2409.750723,0.5,-0.003496,-0.007071,4.572532,3.682551
2018-04-09,2427.932125,0.0,-0.000421,0.007545,4.570605,3.710335
2018-04-10,2430.996406,0.0,7.9e-05,0.001262,4.570964,3.715018
2018-04-11,2422.824989,0.0,7.9e-05,-0.003361,4.571324,3.702531
2018-04-12,2417.104998,0.0,7.9e-05,-0.002361,4.571683,3.693789
2018-04-13,2439.167822,0.0,7.9e-05,0.009128,4.572042,3.727506
2018-04-16,2437.94211,0.0,7.9e-05,-0.000503,4.572401,3.725632
2018-04-17,2438.759252,0.0,7.9e-05,0.000335,4.572761,3.726881
2018-04-18,2464.907784,0.0,7.9e-05,0.010722,4.57312,3.766841
2018-04-19,2464.907784,0.0,7.9e-05,0.0,4.57348,3.766841
2018-04-20,2459.187793,0.0,7.9e-05,-0.002321,4.573839,3.7581
2018-04-23,2460.822076,0.5,-0.000128,0.000665,4.573252,3.760597
2018-04-24,2446.522097,0.5,-0.002866,-0.005811,4.560144,3.738744
2018-04-25,2426.910698,0.5,-0.003969,-0.008016,4.542046,3.708774
2018-04-26,2463.682072,0.5,0.007615,0.015152,4.576633,3.764968
2018-04-27,2485.744896,0.5,0.004517,0.008955,4.597306,3.798684
2018-04-30,2498.002021,0.5,0.002505,0.004931,4.608821,3.817415
2018-05-02,2482.47633,0.5,-0.003068,-0.006215,4.59468,3.793689
2018-05-03,2468.176351,0.5,-0.002841,-0.00576,4.581627,3.771836
2018-05-04,2455.510655,0.5,-0.002527,-0.005132,4.570051,3.75248
2018-05-08,2435.899256,0.5,-0.003954,-0.007987,4.551981,3.722511
2018-05-09,2438.554966,0.5,0.000584,0.00109,4.554641,3.726569
2018-05-10,2450.607805,0.5,0.002511,0.004943,4.566076,3.744988
2018-05-11,2465.316355,0.5,0.00304,0.006002,4.579958,3.767465
2018-05-14,2458.779222,0.5,-0.001287,-0.002652,4.574066,3.757475
2018-05-15,2433.447831,0.5,-0.005112,-0.010302,4.550684,3.718764
2018-05-16,2433.447831,0.5,3.9e-05,0.0,4.550862,3.718764
2018-05-17,2430.587835,0.5,-0.000548,-0.001175,4.548367,3.714394
2018-05-18,2441.619247,0.5,0.002309,0.004539,4.558867,3.731252
2018-05-21,2444.479243,0.5,0.000625,0.001171,4.561716,3.735622
2018-05-23,2461.230647,0.5,0.003466,0.006853,4.577526,3.761222
2018-05-24,2456.327797,0.5,-0.000957,-0.001992,4.573146,3.753729
2018-05-25,2462.456359,0.5,0.001287,0.002495,4.579031,3.763095
2018-05-28,2470.01492,0.0,-0.000421,0.00307,4.577101,3.774646
2018-05-29,2449.177808,0.0,7.9e-05,-0.008436,4.577461,3.742803
2018-05-30,2390.75218,0.0,7.9e-05,-0.023855,4.577821,3.653517
2018-05-31,2393.816461,0.0,7.9e-05,0.001282,4.578181,3.6582
2018-06-01,2414.245002,0.0,7.9e-05,0.008534,4.57854,3.689419
2018-06-04,2428.544981,0.5,0.002501,0.005923,4.589991,3.711272
2018-06-05,2433.447831,0.5,0.001049,0.002019,4.594804,3.718764
2018-06-06,2426.297841,0.5,-0.00143,-0.002938,4.588235,3.707838
2018-06-07,2458.779222,0.5,0.006733,0.013387,4.619127,3.757475
2018-06-08,2429.770693,0.5,-0.00586,-0.011798,4.59206,3.713145
2018-06-11,2453.05923,0.5,0.004832,0.009585,4.614247,3.748734
2018-06-12,2451.424947,0.5,-0.000294,-0.000666,4.612891,3.746237
2018-06-14,2400.353594,0.5,-0.010377,-0.020833,4.565022,3.66819
2018-06-15,2390.547894,0.5,-0.002003,-0.004085,4.555877,3.653205
2018-06-18,2363.173649,0.5,-0.005686,-0.011451,4.529971,3.611372
2018-06-19,2326.402275,0.5,-0.007741,-0.01556,4.494906,3.555179
2018-06-20,2349.690812,0.5,0.005045,0.010011,4.51758,3.590768
2018-06-21,2321.499425,0.5,-0.00596,-0.011998,4.490657,3.547686
2018-06-22,2345.196533,0.5,0.005143,0.010208,4.513753,3.5839
2018-06-25,2341.927966,0.0,-0.000421,-0.001394,4.511851,3.578905
2018-06-26,2334.982262,0.0,7.9e-05,-0.002966,4.512206,3.568291
2018-06-27,2328.036558,0.0,7.9e-05,-0.002975,4.51256,3.557676
2018-06-28,2308.016588,0.0,7.9e-05,-0.0086,4.512915,3.527082
2018-06-29,2315.370863,0.0,7.9e-05,0.003186,4.513269,3.538321
2018-07-02,2257.353805,0.0,7.9e-05,-0.025057,4.513624,3.44966
2018-07-03,2264.29951,0.0,7.9e-05,0.003077,4.513979,3.460274
2018-07-04,2254.49381,0.0,7.9e-05,-0.004331,4.514334,3.445289
2018-07-05,2249.999531,0.0,7.9e-05,-0.001993,4.514688,3.438421
2018-07-06,2263.073797,0.0,7.9e-05,0.005811,4.515043,3.458401
2018-07-09,2284.728051,0.0,7.9e-05,0.009569,4.515398,3.491493
2018-07-10,2290.448042,0.0,7.9e-05,0.002504,4.515753,3.500234
2018-07-11,2276.965205,0.0,7.9e-05,-0.005887,4.516108,3.47963
2018-07-12,2282.685197,0.0,7.9e-05,0.002512,4.516462,3.488371
2018-07-13,2308.016588,0.0,7.9e-05,0.011097,4.516817,3.527082
2018-07-16,2301.68374,0.0,7.9e-05,-0.002744,4.517172,3.517404
2018-07-17,2300.458027,0.0,7.9e-05,-0.000533,4.517527,3.515531
2018-07-18,2300.866598,0.0,7.9e-05,0.000178,4.517882,3.516155
2018-07-19,2290.243757,0.0,7.9e-05,-0.004617,4.518237,3.499922
2018-07-20,2286.158049,0.0,7.9e-05,-0.001784,4.518592,3.493678
2018-07-23,2280.438057,0.0,7.9e-05,-0.002502,4.518948,3.484937
2018-07-24,2283.298053,0.0,7.9e-05,0.001254,4.519303,3.489307
2018-07-25,2284.523765,0.0,7.9e-05,0.000537,4.519658,3.49118
2018-07-26,2293.103753,0.0,7.9e-05,0.003756,4.520013,3.504292
2018-07-27,2299.232315,0.0,7.9e-05,0.002673,4.520368,3.513658
2018-07-30,2297.393746,0.0,7.9e-05,-0.0008,4.520723,3.510848
2018-07-31,2298.619459,0.0,7.9e-05,0.000534,4.521079,3.512721
2018-08-01,2310.059442,0.0,7.9e-05,0.004977,4.521434,3.530204
2018-08-02,2262.256655,0.0,7.9e-05,-0.020693,4.521789,3.457152
2018-08-03,2282.685197,0.0,7.9e-05,0.00903,4.522145,3.488371
2018-08-06,2281.050913,0.0,7.9e-05,-0.000716,4.5225,3.485873
2018-08-07,2298.210888,0.0,7.9e-05,0.007523,4.522855,3.512097
2018-08-08,2296.576605,0.0,7.9e-05,-0.000711,4.523211,3.509599
2018-08-09,2295.350892,0.0,7.9e-05,-0.000534,4.523566,3.507726
2018-08-10,2266.750934,0.0,7.9e-05,-0.01246,4.523922,3.46402
2018-08-13,2238.150977,0.0,7.9e-05,-0.012617,4.524277,3.420314
2018-08-14,2247.548106,0.0,7.9e-05,0.004199,4.524633,3.434675
2018-08-16,2220.17386,0.0,7.9e-05,-0.01218,4.524988,3.392842
2018-08-17,2223.033856,0.0,7.9e-05,0.001288,4.525344,3.397212
2018-08-20,2225.893852,0.0,7.9e-05,0.001287,4.5257,3.401583
2018-08-21,2254.085239,0.0,7.9e-05,0.012665,4.526055,3.444665
2018-08-22,2261.030943,0.0,7.9e-05,0.003081,4.526411,3.455279
2018-08-23,2267.568076,0.0,7.9e-05,0.002891,4.526767,3.465269
2018-08-24,2279.41663,0.0,7.9e-05,0.005225,4.527122,3.483376
2018-08-27,2278.190918,0.0,7.9e-05,-0.000538,4.527478,3.481503
2018-08-28,2278.190918,0.0,7.9e-05,0.0,4.527834,3.481503
2018-08-29,2278.190918,0.0,7.9e-05,0.0,4.52819,3.481503
2018-08-30,2278.190918,0.0,7.9e-05,0.0,4.528546,3.481503
2018-08-31,2278.190918,0.0,7.9e-05,0.0,4.528901,3.481503
2018-09-03,2278.190918,0.0,7.9e-05,0.0,4.529257,3.481503
2018-09-04,2278.190918,0.0,7.9e-05,0.0,4.529613,3.481503
2018-09-05,2278.190918,0.0,7.9e-05,0.0,4.529969,3.481503
2018-09-06,2278.190918,0.0,7.9e-05,0.0,4.530325,3.481503
2018-09-07,2278.190918,0.0,7.9e-05,0.0,4.530681,3.481503
2018-09-10,2278.190918,0.5,-0.000461,0.0,4.528594,3.481503
2018-09-11,2278.190918,0.5,3.9e-05,0.0,4.528772,3.481503
2018-09-12,2278.190918,0.5,3.9e-05,0.0,4.52895,3.481503
2018-09-13,2278.190918,0.5,3.9e-05,0.0,4.529128,3.481503
2018-09-14,2296.168034,0.5,0.003985,0.007891,4.547175,3.508975
2018-09-17,2275.330922,0.5,-0.004498,-0.009075,4.526722,3.477132
2018-09-18,2287.179476,0.5,0.002643,0.005207,4.538686,3.495239
2018-09-19,2290.039471,0.5,0.000665,0.00125,4.541702,3.49961
2018-09-20,2311.285154,0.5,0.004678,0.009277,4.562948,3.532077
2018-09-21,2323.542279,0.5,0.002691,0.005303,4.575226,3.550808
2018-09-27,2339.885112,1.0,0.006534,0.007034,4.605119,3.575783
2018-09-28,2326.402275,1.0,-0.005762,-0.005762,4.578583,3.555179
2018-10-01,2326.197989,1.0,-8.8e-05,-8.8e-05,4.578181,3.554866
2018-10-02,2326.197989,1.0,0.0,0.0,4.578181,3.554866
2018-10-04,2253.268097,1.0,-0.031352,-0.031352,4.434648,3.443416
2018-10-05,2247.956677,1.0,-0.002357,-0.002357,4.424195,3.435299
2018-10-08,2239.78526,0.0,-0.000921,-0.003635,4.420118,3.422812
2018-10-10,2222.625285,0.0,7.9e-05,-0.007661,4.420466,3.396588
2018-10-11,2114.354017,0.0,7.9e-05,-0.048713,4.420813,3.231129
2018-10-12,2153.168245,0.0,7.9e-05,0.018357,4.421161,3.290445
2018-10-15,2153.168245,0.0,7.9e-05,0.0,4.421508,3.290445
2018-10-16,2153.168245,0.0,7.9e-05,0.0,4.421856,3.290445
2018-10-17,2160.726805,0.0,7.9e-05,0.00351,4.422203,3.301996
2018-10-18,2139.889693,0.0,7.9e-05,-0.009644,4.422551,3.270153
2018-10-19,2144.179687,0.0,7.9e-05,0.002005,4.422898,3.276708
2018-10-22,2149.899679,0.0,7.9e-05,0.002668,4.423246,3.28545
2018-10-23,2095.151188,0.0,7.9e-05,-0.025466,4.423593,3.201784
2018-10-24,2087.388342,0.0,7.9e-05,-0.003705,4.423941,3.189921
2018-10-25,2050.208397,0.0,7.9e-05,-0.017812,4.424289,3.133103
2018-10-26,2015.479877,0.0,7.9e-05,-0.016939,4.424636,3.080031
2018-10-29,1991.78277,0.0,7.9e-05,-0.011758,4.424984,3.043817
2018-10-30,2009.759886,0.0,7.9e-05,0.009026,4.425332,3.07129
2018-10-31,2020.791298,0.0,7.9e-05,0.005489,4.425679,3.088148
2018-11-01,2016.70559,0.0,7.9e-05,-0.002022,4.426027,3.081904
2018-11-02,2091.474051,0.0,7.9e-05,0.037075,4.426375,3.196164
2018-11-05,2071.45408,0.0,7.9e-05,-0.009572,4.426723,3.16557
2018-11-06,2084.936918,0.0,7.9e-05,0.006509,4.427071,3.186174
2018-11-07,2075.131218,0.0,7.9e-05,-0.004703,4.427419,3.171189
2018-11-08,2093.925476,0.0,7.9e-05,0.009057,4.427767,3.199911
2018-11-09,2082.894063,0.0,7.9e-05,-0.005268,4.428115,3.183052
2018-11-12,2086.16263,0.0,7.9e-05,0.001569,4.428463,3.188047
2018-11-13,2067.368372,0.0,7.9e-05,-0.009009,4.428811,3.159326
2018-11-14,2063.282664,0.0,7.9e-05,-0.001976,4.429159,3.153083
2018-11-15,2086.16263,0.0,7.9e-05,0.011089,4.429507,3.188047
2018-11-16,2082.894063,0.0,7.9e-05,-0.001567,4.429855,3.183052
2018-11-19,2089.431197,0.0,7.9e-05,0.003138,4.430203,3.193042
2018-11-20,2065.734089,0.0,7.9e-05,-0.011341,4.430551,3.156829
2018-11-21,2057.154101,0.0,7.9e-05,-0.004153,4.430899,3.143717
2018-11-22,2055.928389,0.0,7.9e-05,-0.000596,4.431247,3.141844
2018-11-23,2041.219839,0.0,7.9e-05,-0.007154,4.431596,3.119366
2018-11-26,2071.45408,0.0,7.9e-05,0.014812,4.431944,3.16557
2018-11-27,2089.022626,0.0,7.9e-05,0.008481,4.432292,3.192418
2018-11-28,2101.688321,0.0,7.9e-05,0.006063,4.43264,3.211774
2018-11-29,2104.139746,0.0,7.9e-05,0.001166,4.432989,3.21552
2018-11-30,2082.485493,0.0,7.9e-05,-0.010291,4.433337,3.182428
2018-12-03,2121.299721,0.0,7.9e-05,0.018638,4.433686,3.241744
2018-12-04,2099.645467,0.0,7.9e-05,-0.010208,4.434034,3.208652
2018-12-05,2084.528347,0.0,7.9e-05,-0.0072,4.434382,3.18555
2018-12-06,2047.756973,0.0,7.9e-05,-0.01764,4.434731,3.129356
2018-12-07,2057.562672,0.0,7.9e-05,0.004789,4.435079,3.144341
2018-12-10,2032.639852,0.0,7.9e-05,-0.012113,4.435428,3.106255
2018-12-11,2028.962715,0.0,7.9e-05,-0.001809,4.435777,3.100635
2018-12-12,2059.196956,0.0,7.9e-05,0.014901,4.436125,3.146839
2018-12-13,2074.722647,0.0,7.9e-05,0.00754,4.436474,3.170565
2018-12-14,2033.048423,0.0,7.9e-05,-0.020087,4.436822,3.106879
2018-12-17,2040.811268,0.0,7.9e-05,0.003818,4.437171,3.118742
2018-12-18,2033.048423,0.0,7.9e-05,-0.003804,4.43752,3.106879
2018-12-19,2047.348402,0.0,7.9e-05,0.007034,4.437868,3.128732
2018-12-20,2024.877006,0.0,7.9e-05,-0.010976,4.438217,3.094392
2018-12-21,2024.059865,0.0,7.9e-05,-0.000404,4.438566,3.093143
2018-12-24,2023.651294,0.0,7.9e-05,-0.000202,4.438915,3.092518
2018-12-26,1988.922774,0.0,7.9e-05,-0.017161,4.439264,3.039447
2018-12-27,2022.834152,0.0,7.9e-05,0.01705,4.439612,3.09127
2018-12-28,2028.145573,0.0,7.9e-05,0.002626,4.439961,3.099387
2019-01-02,2001.588469,0.0,7.9e-05,-0.013094,4.44031,3.058802
2019-01-03,1983.202782,0.0,7.9e-05,-0.009186,4.440659,3.030706
2019-01-04,2000.771328,0.0,7.9e-05,0.008859,4.441008,3.057554
2019-01-07,2033.865564,0.0,7.9e-05,0.016541,4.441357,3.108128
2019-01-08,2017.114161,0.0,7.9e-05,-0.008236,4.441706,3.082528
2019-01-09,2060.422668,0.0,7.9e-05,0.021471,4.442055,3.148712
2019-01-10,2058.379814,0.0,7.9e-05,-0.000991,4.442404,3.14559
2019-01-11,2075.539789,0.0,7.9e-05,0.008337,4.442753,3.171814
2019-01-14,2055.111247,0.5,-0.005382,-0.009843,4.418843,3.140595
2019-01-15,2100.462609,0.5,0.011073,0.022068,4.467773,3.209901
2019-01-16,2109.859738,0.5,0.002276,0.004474,4.477943,3.224261
2019-01-17,2111.902592,0.5,0.000523,0.000968,4.480286,3.227383
2019-01-18,2131.922562,0.5,0.004779,0.00948,4.501698,3.257977
2019-01-21,2131.922562,0.5,3.9e-05,0.0,4.501875,3.257977
2019-01-22,2118.031154,0.5,-0.003219,-0.006516,4.487385,3.236749
2019-01-23,2131.922562,0.5,0.003319,0.006559,4.502277,3.257977
2019-01-24,2151.125391,0.5,0.004543,0.009007,4.52273,3.287323
2019-01-25,2194.433899,0.5,0.010106,0.020133,4.568436,3.353506
2019-01-28,2191.982474,0.5,-0.000519,-0.001117,4.566064,3.34976
2019-01-29,2203.013886,0.5,0.002556,0.005033,4.577733,3.366618
2019-01-30,2236.516693,0.5,0.007643,0.015208,4.612721,3.417817
2019-01-31,2231.205273,0.5,-0.001148,-0.002375,4.607425,3.4097
2019-02-01,2225.893852,0.5,-0.001151,-0.002381,4.602122,3.401583
2019-02-07,2223.442427,1.0,-0.001601,-0.001101,4.594753,3.397837
2019-02-08,2191.573903,1.0,-0.014333,-0.014333,4.528896,3.349136
2019-02-11,2194.842469,0.5,0.000285,0.001491,4.530187,3.354131
2019-02-12,2209.551019,0.5,0.00339,0.006701,4.545544,3.376608
2019-02-13,2220.991002,0.5,0.002628,0.005178,4.55749,3.394091
2019-02-14,2242.645256,0.5,0.004914,0.00975,4.579887,3.427182
2019-02-15,2208.325307,0.5,-0.007612,-0.015303,4.545023,3.374735
2019-02-18,2229.570989,1.0,0.009121,0.009621,4.586477,3.407202
2019-02-19,2220.582431,1.0,-0.004032,-0.004032,4.567986,3.393466
2019-02-20,2243.053827,1.0,0.01012,0.01012,4.614212,3.427807
2019-02-21,2245.096681,1.0,0.000911,0.000911,4.618415,3.430928
2019-02-22,2247.139535,1.0,0.00091,0.00091,4.622617,3.43405
2019-02-25,2252.450956,1.0,0.002364,0.002364,4.633543,3.442167
2019-02-26,2237.742406,1.0,-0.00653,-0.00653,4.603286,3.41969
2019-02-27,2243.462397,1.0,0.002556,0.002556,4.615053,3.428431
2019-02-28,2206.282452,1.0,-0.016573,-0.016573,4.53857,3.371613
2019-03-04,2196.885323,1.0,-0.004259,-0.004259,4.519239,3.357253
2019-03-05,2180.13392,1.0,-0.007625,-0.007625,4.484779,3.331653
2019-03-06,2178.499636,1.0,-0.00075,-0.00075,4.481417,3.329156
2019-03-07,2165.42537,1.0,-0.006002,-0.006002,4.454522,3.309176
2019-03-08,2133.965416,1.0,-0.014528,-0.014528,4.389805,3.261099
2019-03-11,2135.5997,0.5,-7.8e-05,0.000766,4.389464,3.263597
2019-03-12,2158.071095,0.5,0.0053,0.010522,4.41273,3.297937
2019-03-13,2139.276837,0.5,-0.004315,-0.008709,4.393688,3.269216
2019-03-14,2149.082537,0.5,0.002331,0.004584,4.403931,3.284201
2019-03-15,2174.005357,0.5,0.005838,0.011597,4.42964,3.322288
2019-03-18,2174.005357,1.0,-0.0005,0.0,4.427425,3.322288
2019-03-19,2171.962503,1.0,-0.00094,-0.00094,4.423265,3.319166
2019-03-20,2175.23107,1.0,0.001505,0.001505,4.429921,3.324161
2019-03-21,2190.756761,1.0,0.007137,0.007137,4.46154,3.347887
2019-03-22,2195.659611,1.0,0.002238,0.002238,4.471525,3.355379
2019-03-25,2149.899679,0.5,-0.010881,-0.020841,4.422869,3.28545
2019-03-26,2151.125391,0.5,0.000324,0.00057,4.424303,3.287323
2019-03-27,2151.533962,0.5,0.000134,0.00019,4.424897,3.287947
2019-03-28,2138.459696,0.5,-0.002999,-0.006077,4.411627,3.267967
2019-03-29,2146.222541,0.5,0.001854,0.00363,4.419807,3.27983
2019-04-01,2179.725349,0.5,0.007844,0.01561,4.454478,3.331029
2019-04-02,2188.305336,0.5,0.002007,0.003936,4.46342,3.344141
2019-04-03,2223.850998,0.5,0.008161,0.016243,4.499846,3.398461
2019-04-04,2230.183846,0.5,0.001463,0.002848,4.50643,3.408139
2019-04-05,2230.183846,0.5,3.9e-05,0.0,4.506607,3.408139
2019-04-08,2230.183846,0.5,3.9e-05,0.0,4.506784,3.408139
2019-04-09,2228.140992,0.5,-0.000419,-0.000916,4.504897,3.405017
2019-04-10,2232.635271,0.5,0.001048,0.002017,4.509617,3.411885
2019-04-11,2232.635271,0.5,3.9e-05,0.0,4.509795,3.411885
2019-04-12,2237.946691,0.5,0.001229,0.002379,4.515336,3.420002
2019-04-15,2255.106666,1.0,0.007168,0.007668,4.547701,3.446226
2019-04-16,2257.14952,1.0,0.000906,0.000906,4.551821,3.449347
2019-04-17,2262.869512,1.0,0.002534,0.002534,4.563356,3.458089
2019-04-18,2231.000987,1.0,-0.014083,-0.014083,4.499089,3.409388
2019-04-19,2221.399573,1.0,-0.004304,-0.004304,4.479726,3.394715
2019-04-22,2213.432442,1.0,-0.003587,-0.003587,4.46366,3.38254
2019-04-23,2213.432442,1.0,0.0,0.0,4.46366,3.38254
2019-04-24,2213.432442,1.0,0.0,0.0,4.46366,3.38254
2019-04-25,2213.432442,1.0,0.0,0.0,4.46366,3.38254
2019-04-26,2182.176774,1.0,-0.014121,-0.014121,4.400629,3.334775
2019-04-29,2230.388131,0.5,0.010586,0.022093,4.447213,3.408451
2019-04-30,2213.636727,0.5,-0.003716,-0.007511,4.430688,3.382852
2019-05-02,2223.850998,0.5,0.002346,0.004614,4.441084,3.398461
2019-05-03,2200.15389,0.5,-0.005289,-0.010656,4.417597,3.362247
2019-05-07,2182.585345,0.5,-0.003953,-0.007985,4.400133,3.335399
2019-05-08,2169.102507,0.5,-0.003049,-0.006177,4.386715,3.314795
2019-05-09,2130.083994,0.5,-0.008955,-0.017988,4.347432,3.255168
2019-05-10,2107.612598,0.5,-0.005235,-0.01055,4.324671,3.220827
2019-05-13,2086.366915,0.0,-0.000421,-0.01008,4.322849,3.18836
2019-05-14,2086.366915,0.0,7.9e-05,0.0,4.323189,3.18836
2019-05-15,2086.366915,0.0,7.9e-05,0.0,4.323528,3.18836
2019-05-16,2067.164087,0.0,7.9e-05,-0.009204,4.323868,3.159014
2019-05-17,2058.584099,0.0,7.9e-05,-0.004151,4.324208,3.145902
2019-05-20,2058.584099,0.0,7.9e-05,0.0,4.324548,3.145902
2019-05-21,2058.584099,0.0,7.9e-05,0.0,4.324888,3.145902
2019-05-22,2058.584099,0.0,7.9e-05,0.0,4.325227,3.145902
2019-05-23,2058.584099,0.0,7.9e-05,0.0,4.325567,3.145902
2019-05-24,2033.661279,0.0,7.9e-05,-0.012107,4.325907,3.107816
2019-05-27,2041.219839,0.0,7.9e-05,0.003717,4.326247,3.119366
2019-05-28,2044.896977,0.0,7.9e-05,0.001801,4.326587,3.124986
2019-05-29,2013.437023,0.0,7.9e-05,-0.015385,4.326927,3.076909
2019-05-30,2010.985598,0.0,7.9e-05,-0.001218,4.327267,3.073163
2019-05-31,2010.985598,0.0,7.9e-05,0.0,4.327607,3.073163
2019-06-03,2010.985598,0.0,7.9e-05,0.0,4.327947,3.073163
2019-06-04,2010.985598,0.0,7.9e-05,0.0,4.328287,3.073163
2019-06-05,2010.985598,0.0,7.9e-05,0.0,4.328628,3.073163
2019-06-07,2010.985598,0.0,7.9e-05,0.0,4.328968,3.073163
2019-06-10,2010.985598,0.0,7.9e-05,0.0,4.329308,3.073163
2019-06-11,2010.985598,0.0,7.9e-05,0.0,4.329648,3.073163
2019-06-12,2010.985598,0.0,7.9e-05,0.0,4.329988,3.073163
2019-06-13,2085.958345,0.0,7.9e-05,0.037282,4.330329,3.187735
2019-06-14,2088.40977,0.0,7.9e-05,0.001175,4.330669,3.191482
2019-06-17,2088.40977,0.0,7.9e-05,0.0,4.331009,3.191482
2019-06-18,2094.129761,0.0,7.9e-05,0.002739,4.33135,3.200223
2019-06-19,2125.998285,0.0,7.9e-05,0.015218,4.33169,3.248924
2019-06-20,2129.266852,0.0,7.9e-05,0.001537,4.33203,3.253919
2019-06-21,2128.858281,0.0,7.9e-05,-0.000192,4.332371,3.253294
2019-06-24,2128.858281,0.0,7.9e-05,0.0,4.332711,3.253294
2019-06-25,2128.858281,0.0,7.9e-05,0.0,4.333052,3.253294
2019-06-26,2129.266852,0.0,7.9e-05,0.000192,4.333392,3.253919
2019-06-27,2157.86681,0.0,7.9e-05,0.013432,4.333733,3.297625
2019-06-28,2152.351104,0.0,7.9e-05,-0.002556,4.334073,3.289196
2019-07-01,2149.899679,0.0,7.9e-05,-0.001139,4.334414,3.28545
2019-07-02,2140.911121,0.0,7.9e-05,-0.004181,4.334755,3.271713
2019-07-03,2108.225455,0.0,7.9e-05,-0.015267,4.335095,3.221764
2019-07-04,2128.245425,0.0,7.9e-05,0.009496,4.335436,3.252358
2019-07-05,2124.159717,0.0,7.9e-05,-0.00192,4.335777,3.246114
2019-07-08,2077.174072,0.5,-0.011521,-0.02212,4.285826,3.174311
2019-07-09,2069.002655,0.5,-0.001928,-0.003934,4.277565,3.161824
2019-07-10,2080.442638,0.5,0.002804,0.005529,4.289559,3.179306
2019-07-11,2106.999742,0.5,0.006422,0.012765,4.317105,3.21989
2019-07-12,2111.08545,0.5,0.001009,0.001939,4.321461,3.226134
2019-07-15,2112.311163,0.0,-0.000421,0.000581,4.31964,3.228007
2019-07-16,2122.116863,0.0,7.9e-05,0.004642,4.319979,3.242992
2019-07-17,2098.828326,0.0,7.9e-05,-0.010974,4.320319,3.207403
2019-07-18,2091.269765,0.0,7.9e-05,-0.003601,4.320658,3.195852
2019-07-19,2126.406856,0.0,7.9e-05,0.016802,4.320998,3.249548
2019-07-22,2125.794,0.5,-0.000605,-0.000288,4.318384,3.248612
2019-07-23,2137.642554,0.5,0.002826,0.005574,4.330589,3.266718
2019-07-24,2115.171159,0.5,-0.005217,-0.010512,4.307997,3.232378
2019-07-25,2113.536875,0.5,-0.000347,-0.000773,4.306502,3.22988
2019-07-26,2105.77403,0.5,-0.001797,-0.003673,4.298762,3.218017
2019-07-29,2065.938374,0.5,-0.009419,-0.018917,4.258271,3.157141
2019-07-30,2065.938374,0.5,3.9e-05,0.0,4.258438,3.157141
2019-07-31,2065.938374,0.5,3.9e-05,0.0,4.258605,3.157141
2019-08-01,2065.938374,0.5,3.9e-05,0.0,4.258772,3.157141
2019-08-02,2065.938374,0.5,3.9e-05,0.0,4.25894,3.157141
2019-08-05,1977.07422,0.0,-0.000421,-0.043014,4.257145,3.02134
2019-08-06,1950.108545,0.0,7.9e-05,-0.013639,4.25748,2.980131
2019-08-07,1944.797125,0.0,7.9e-05,-0.002724,4.257814,2.972014
2019-08-08,1949.699975,0.0,7.9e-05,0.002521,4.258149,2.979507
2019-08-09,1963.182812,0.0,7.9e-05,0.006915,4.258483,3.000111
2019-08-12,1964.817095,0.0,7.9e-05,0.000832,4.258818,3.002609
2019-08-13,1937.034279,0.0,7.9e-05,-0.01414,4.259153,2.960151
2019-08-14,1962.774241,0.0,7.9e-05,0.013288,4.259487,2.999487
2019-08-16,1953.377112,0.0,7.9e-05,-0.004788,4.259822,2.985126
2019-08-19,1967.26852,0.0,7.9e-05,0.007111,4.260157,3.006355
2019-08-20,1985.654207,0.0,7.9e-05,0.009346,4.260492,3.034452
2019-08-21,1988.922774,0.0,7.9e-05,0.001646,4.260827,3.039447
2019-08-22,1972.17137,0.0,7.9e-05,-0.008422,4.261161,3.013847
2019-08-23,1972.579941,0.0,7.9e-05,0.000207,4.261496,3.014472
2019-08-26,1941.528558,0.0,7.9e-05,-0.015742,4.261831,2.96702
2019-08-27,1953.785683,0.0,7.9e-05,0.006313,4.262166,2.985751
2019-08-28,1968.085662,0.0,7.9e-05,0.007319,4.262501,3.007604
2019-08-29,1953.377112,0.0,7.9e-05,-0.007474,4.262836,2.985126
2019-08-30,1993.008482,0.0,7.9e-05,0.020289,4.263171,3.04569
2019-09-02,1995.051336,0.0,7.9e-05,0.001025,4.263506,3.048812
2019-09-03,1985.654207,0.0,7.9e-05,-0.00471,4.263841,3.034452
2019-09-04,2016.70559,0.0,7.9e-05,0.015638,4.264176,3.081904
2019-09-05,2039.994127,0.0,7.9e-05,0.011548,4.264511,3.117493
2019-09-06,2050.616968,0.0,7.9e-05,0.005207,4.264846,3.133727
2019-09-09,2065.734089,0.5,0.003225,0.007372,4.278602,3.156829
2019-09-10,2073.905505,0.5,0.002017,0.003956,4.287232,3.169316
2019-09-11,2090.656909,0.5,0.004078,0.008077,4.304715,3.194916
2019-09-16,2090.656909,0.5,3.9e-05,0.0,4.304884,3.194916
2019-09-17,2090.656909,0.5,3.9e-05,0.0,4.305053,3.194916
2019-09-18,2090.656909,0.5,3.9e-05,0.0,4.305223,3.194916
2019-09-19,2090.656909,0.5,3.9e-05,0.0,4.305392,3.194916
2019-09-20,2134.169702,0.5,0.010446,0.020813,4.350365,3.261411
2019-09-23,2139.276837,0.5,0.001236,0.002393,4.355741,3.269216
2019-09-24,2150.71682,0.5,0.002713,0.005348,4.367559,3.286698
2019-09-25,2120.074008,0.5,-0.007085,-0.014248,4.336616,3.23987
2019-09-26,2129.675423,0.5,0.002304,0.004529,4.346607,3.254543
2019-09-27,2100.258323,0.5,-0.006867,-0.013813,4.316758,3.209588
2019-09-30,2100.258323,0.5,3.9e-05,0.0,4.316927,3.209588
2019-10-01,2128.04114,0.5,0.006653,0.013228,4.34565,3.252046
2019-10-02,2073.088364,0.5,-0.012872,-0.025823,4.289711,3.168068
2019-10-04,2062.056951,0.5,-0.002621,-0.005321,4.278466,3.151209
2019-10-07,2072.271222,0.0,-0.000421,0.004953,4.276663,3.166819
2019-10-08,2101.279751,0.0,7.9e-05,0.013998,4.277,3.211149
2019-10-10,2085.754059,0.0,7.9e-05,-0.007389,4.277336,3.187423
2019-10-11,2100.87118,0.0,7.9e-05,0.007248,4.277672,3.210525
2019-10-14,2122.116863,0.5,0.004596,0.010113,4.297331,3.242992
2019-10-15,2126.202571,0.5,0.001002,0.001925,4.301636,3.249236
2019-10-16,2139.685408,0.5,0.00321,0.006341,4.315444,3.26984
2019-10-17,2130.288279,0.5,-0.002157,-0.004392,4.306137,3.25548
2019-10-18,2110.676879,0.5,-0.004564,-0.009206,4.286486,3.22551
2019-10-21,2120.074008,1.0,0.003952,0.004452,4.303427,3.23987
2019-10-22,2149.082537,1.0,0.013683,0.013683,4.362309,3.284201
2019-10-23,2138.051125,1.0,-0.005133,-0.005133,4.339917,3.267343
2019-10-24,2132.535419,1.0,-0.00258,-0.00258,4.328721,3.258914
2019-10-25,2142.341118,1.0,0.004598,0.004598,4.348625,3.273899
2019-10-28,2151.942533,1.0,0.004482,0.004482,4.368115,3.288572
2019-10-29,2148.265395,1.0,-0.001709,-0.001709,4.360651,3.282952
2019-10-30,2129.471137,1.0,-0.008749,-0.008749,4.322501,3.254231
2019-10-31,2136.008271,1.0,0.00307,0.00307,4.335771,3.264221
2019-11-01,2154.802529,1.0,0.008799,0.008799,4.37392,3.292942
2019-11-04,2190.756761,1.0,0.016686,0.016686,4.446902,3.347887
2019-11-05,2201.379603,1.0,0.004849,0.004849,4.468464,3.364121
2019-11-06,2205.05674,1.0,0.00167,0.00167,4.475929,3.36974
2019-11-07,2202.605315,1.0,-0.001112,-0.001112,4.470953,3.365994
2019-11-08,2192.799615,1.0,-0.004452,-0.004452,4.451048,3.351009
2019-11-11,2173.188216,1.0,-0.008944,-0.008944,4.41124,3.321039
2019-11-12,2197.293894,1.0,0.011092,0.011092,4.460171,3.357877
2019-11-13,2180.13392,1.0,-0.00781,-0.00781,4.425339,3.331653
2019-11-14,2197.293894,1.0,0.007871,0.007871,4.460171,3.357877
2019-11-15,2230.388131,1.0,0.015061,0.015061,4.527347,3.408451
2019-11-18,2225.893852,1.0,-0.002015,-0.002015,4.518225,3.401583
2019-11-19,2216.088152,1.0,-0.004405,-0.004405,4.498321,3.386598
2019-11-20,2185.853911,1.0,-0.013643,-0.013643,4.43695,3.340394
2019-11-21,2150.71682,1.0,-0.016075,-0.016075,4.365627,3.286698
2019-11-22,2163.791087,1.0,0.006079,0.006079,4.392166,3.306678
2019-11-25,2187.488195,1.0,0.010952,0.010952,4.440267,3.342892
2019-11-26,2190.756761,1.0,0.001494,0.001494,4.446902,3.347887
2019-11-27,2189.531049,1.0,-0.000559,-0.000559,4.444414,3.346014
2019-11-28,2180.54249,1.0,-0.004105,-0.004105,4.426168,3.332278
2019-11-29,2143.771116,1.0,-0.016863,-0.016863,4.351528,3.276084
2019-12-02,2147.039683,0.5,0.000302,0.001525,4.352841,3.281079
2019-12-03,2133.965416,0.5,-0.003005,-0.006089,4.339758,3.261099
2019-12-04,2122.116863,0.5,-0.002737,-0.005552,4.327881,3.242992
2019-12-05,2116.396871,0.5,-0.001308,-0.002695,4.322218,3.234251
2019-12-06,2138.459696,0.5,0.005252,0.010425,4.344917,3.267967
2019-12-09,2147.448254,0.5,0.002141,0.004203,4.354219,3.281703
2019-12-10,2160.113949,0.5,0.002988,0.005898,4.367231,3.301059
2019-12-11,2170.736791,0.5,0.002498,0.004918,4.378141,3.317293
2019-12-12,2209.551019,0.5,0.00898,0.017881,4.417455,3.376608
2019-12-13,2251.633814,0.5,0.009562,0.019046,4.459696,3.440918
2019-12-16,2245.505252,1.0,-0.003222,-0.002722,4.445327,3.431553
2019-12-17,2281.868055,1.0,0.016194,0.016194,4.517313,3.487122
2019-12-18,2278.599488,1.0,-0.001432,-0.001432,4.510843,3.482127
2019-12-19,2281.868055,1.0,0.001434,0.001434,4.517313,3.487122
2019-12-20,2285.953763,1.0,0.001791,0.001791,4.525402,3.493366
2019-12-23,2284.31948,1.0,-0.000715,-0.000715,4.522166,3.490868
2019-12-24,2265.525222,1.0,-0.008228,-0.008228,4.48496,3.462147
2019-12-26,2280.233772,1.0,0.006492,0.006492,4.514078,3.484625
2019-12-27,2322.316567,1.0,0.018455,0.018455,4.597387,3.548935
2019-12-30,2310.468013,1.0,-0.005102,-0.005102,4.573931,3.530828
2020-01-02,2275.330922,1.0,-0.015208,-0.015208,4.504372,3.477132
2020-01-03,2280.233772,1.0,0.002155,0.002155,4.514078,3.484625
2020-01-06,2259.80523,1.0,-0.008959,-0.008959,4.473636,3.453406
2020-01-07,2285.953763,1.0,0.011571,0.011571,4.525402,3.493366
2020-01-08,2269.202359,1.0,-0.007328,-0.007328,4.49224,3.467766
2020-01-09,2308.833729,1.0,0.017465,0.017465,4.570696,3.528331
2020-01-10,2329.670841,1.0,0.009025,0.009025,4.611946,3.560174
2020-01-13,2355.002233,1.0,0.010873,0.010873,4.662094,3.598885
2020-01-14,2366.033645,1.0,0.004684,0.004684,4.683932,3.615743
2020-01-15,2351.325095,1.0,-0.006217,-0.006217,4.654814,3.593265
2020-01-16,2375.430774,1.0,0.010252,0.010252,4.702535,3.630103
2020-01-17,2379.516482,1.0,0.00172,0.00172,4.710624,3.636347
2020-01-20,2401.579307,1.0,0.009272,0.009272,4.7543,3.670063
2020-01-21,2366.033645,1.0,-0.014801,-0.014801,4.683932,3.615743
2020-01-22,2404.847873,1.0,0.016405,0.016405,4.760771,3.675058
2020-01-23,2372.162207,1.0,-0.013592,-0.013592,4.696065,3.625108
2020-01-28,2292.490896,1.0,-0.033586,-0.033586,4.538343,3.503356
2020-01-29,2301.888025,1.0,0.004099,0.004099,4.556946,3.517716
2020-01-30,2251.633814,1.0,-0.021832,-0.021832,4.45746,3.440918
2020-01-31,2226.302423,1.0,-0.01125,-0.01125,4.407312,3.402207
2020-02-03,2228.753848,0.0,-0.000921,0.001101,4.403251,3.405954
2020-02-04,2279.41663,0.0,7.9e-05,0.022731,4.403598,3.483376
2020-02-05,2286.770905,0.0,7.9e-05,0.003226,4.403944,3.494615
2020-02-06,2361.130795,0.0,7.9e-05,0.032517,4.40429,3.60825
2020-02-07,2335.799404,0.0,7.9e-05,-0.010728,4.404636,3.569539
2020-02-10,2320.682283,0.5,-0.003697,-0.006472,4.388353,3.546437
2020-02-11,2348.056529,0.5,0.005937,0.011796,4.414408,3.58827
2020-02-12,2364.807932,0.5,0.003606,0.007134,4.430328,3.61387
2020-02-13,2353.367949,0.5,-0.00238,-0.004838,4.419786,3.596387
2020-02-14,2376.247915,0.5,0.0049,0.009722,4.441444,3.631352
2020-02-17,2372.366493,1.0,-0.002133,-0.001633,4.431969,3.625421
2020-02-18,2372.366493,1.0,0.0,0.0,4.431969,3.625421
2020-02-19,2372.366493,1.0,0.0,0.0,4.431969,3.625421
2020-02-20,2372.366493,1.0,0.0,0.0,4.431969,3.625421
2020-02-21,2372.366493,1.0,0.0,0.0,4.431969,3.625421
2020-02-24,2195.659611,0.5,-0.037703,-0.074485,4.264868,3.355379
2020-02-25,2224.66814,0.5,0.006645,0.013212,4.293209,3.39971
2020-02-26,2186.262482,0.5,-0.008592,-0.017264,4.25632,3.341019
2020-02-27,2167.876795,0.5,-0.004166,-0.00841,4.23859,3.312922
2020-02-28,2092.699763,0.5,-0.0173,-0.034678,4.165264,3.198037
2020-03-02,2111.902592,0.0,-0.000421,0.009176,4.163509,3.227383
2020-03-03,2123.342575,0.0,7.9e-05,0.005417,4.163836,3.244865
2020-03-04,2171.962503,0.0,7.9e-05,0.022898,4.164163,3.319166
2020-03-05,2196.476753,0.0,7.9e-05,0.011287,4.164491,3.356628
2020-03-06,2143.771116,0.0,7.9e-05,-0.023996,4.164818,3.276084
2020-03-09,2042.036981,0.0,7.9e-05,-0.047456,4.165145,3.120615
2020-03-10,2063.691235,0.0,7.9e-05,0.010604,4.165473,3.153707
2020-03-11,1997.502761,0.0,7.9e-05,-0.032073,4.1658,3.052559
2020-03-12,1894.951484,0.0,7.9e-05,-0.05134,4.166127,2.895841
2020-03-13,1878.20008,0.0,7.9e-05,-0.00884,4.166455,2.870242
2020-03-16,1778.508799,0.0,7.9e-05,-0.053078,4.166782,2.717895
2020-03-17,1736.426004,0.0,7.9e-05,-0.023662,4.16711,2.653584
2020-03-18,1631.831873,0.0,7.9e-05,-0.060235,4.167437,2.493745
2020-03-19,1516.614901,0.0,7.9e-05,-0.070606,4.167764,2.317672
2020-03-20,1657.163264,0.0,7.9e-05,0.092672,4.168092,2.532456
2020-03-23,1532.140592,0.0,7.9e-05,-0.075444,4.16842,2.341398
2020-03-24,1700.063201,0.0,7.9e-05,0.1096,4.168747,2.598015
2020-03-25,1802.614478,0.0,7.9e-05,0.060322,4.169075,2.754733
2020-03-26,1762.574537,0.0,7.9e-05,-0.022212,4.169402,2.693544
2020-03-27,1811.194465,0.0,7.9e-05,0.027585,4.16973,2.767845
2020-03-30,1784.637362,0.0,7.9e-05,-0.014663,4.170058,2.72726
2020-03-31,1831.214436,0.0,7.9e-05,0.026099,4.170385,2.798439
2020-04-01,1742.554567,0.0,7.9e-05,-0.048416,4.170713,2.66295
2020-04-02,1795.668774,0.0,7.9e-05,0.030481,4.171041,2.744118
2020-04-03,1793.62592,0.0,7.9e-05,-0.001138,4.171369,2.740997
2020-04-04,1782.594507,0.0,7.9e-05,-0.00615,4.171696,2.724138
2020-04-07,1875.748655,0.0,7.9e-05,0.052258,4.172024,2.866495
2020-04-08,1876.157226,0.0,7.9e-05,0.000218,4.172352,2.86712
2020-04-09,1905.165755,0.0,7.9e-05,0.015462,4.17268,2.91145
2020-04-10,1921.917159,0.0,7.9e-05,0.008793,4.173008,2.93705
2020-04-13,1880.242934,0.0,7.9e-05,-0.021684,4.173336,2.873364
2020-04-14,1919.465734,0.0,7.9e-05,0.02086,4.173664,2.933303
2020-04-16,1922.7343,0.0,7.9e-05,0.001703,4.173992,2.938298
2020-04-17,1984.428495,0.0,7.9e-05,0.032087,4.17432,3.032579
2020-04-20,1955.419966,0.0,7.9e-05,-0.014618,4.174648,2.988248
2020-04-21,1932.54,0.0,7.9e-05,-0.011701,4.174976,2.953283
2020-04-22,1914.767169,0.0,7.9e-05,-0.009197,4.175304,2.926123
2020-04-23,1957.054249,0.0,7.9e-05,0.022085,4.175632,2.990746
2020-04-24,1937.034279,0.0,7.9e-05,-0.01023,4.17596,2.960151
2020-04-27,1978.095647,0.0,7.9e-05,0.021198,4.176288,3.022901
2020-04-28,1994.642765,0.0,7.9e-05,0.008365,4.176617,3.048188
2020-04-29,2011.80274,0.0,7.9e-05,0.008603,4.176945,3.074412
2020-05-04,1942.3457,0.0,7.9e-05,-0.034525,4.177273,2.968268
2020-05-06,1988.105632,0.0,7.9e-05,0.023559,4.177601,3.038198
2020-05-07,1974.622795,0.0,7.9e-05,-0.006782,4.17793,3.017594
2020-05-08,1997.911332,0.0,7.9e-05,0.011794,4.178258,3.053183
2020-05-11,1980.342786,0.5,-0.004857,-0.008793,4.157962,3.026335
2020-05-12,1968.494233,0.5,-0.002952,-0.005983,4.145687,3.008228
2020-05-13,1991.78277,0.5,0.005955,0.011831,4.170373,3.043817
2020-05-14,1964.817095,0.5,-0.00673,-0.013538,4.142307,3.002609
2020-05-15,1975.031366,0.5,0.002639,0.005199,4.153236,3.018218
2020-05-18,1994.234195,0.0,-0.000421,0.009723,4.151486,3.047564
2020-05-19,2043.262693,0.0,7.9e-05,0.024585,4.151812,3.122488
2020-05-20,2044.896977,0.0,7.9e-05,0.0008,4.152139,3.124986
2020-05-21,2056.33696,0.0,7.9e-05,0.005594,4.152465,3.142468
2020-05-22,2017.522732,0.0,7.9e-05,-0.018875,4.152791,3.083153
2020-05-25,2051.842681,0.5,0.008045,0.017011,4.1862,3.1356
2020-05-26,2081.668351,0.5,0.007307,0.014536,4.216789,3.181179
2020-05-27,2088.205484,0.5,0.001609,0.00314,4.223576,3.191169
2020-05-28,2094.742617,0.5,0.001605,0.003131,4.230353,3.201159
2020-05-29,2086.571201,0.5,-0.001911,-0.003901,4.222268,3.188672
2020-06-01,2135.191129,1.0,0.022801,0.023301,4.318542,3.262972
2020-06-02,2157.253953,1.0,0.010333,0.010333,4.363165,3.296688
2020-06-03,2240.602402,1.0,0.038636,0.038636,4.531742,3.42406
2020-06-04,2245.096681,1.0,0.002006,0.002006,4.540832,3.430928
2020-06-05,2285.136622,1.0,0.017834,0.017834,4.621815,3.492117
2020-06-08,2278.599488,1.0,-0.002861,-0.002861,4.608593,3.482127
2020-06-09,2281.459484,1.0,0.001255,0.001255,4.614377,3.486498
2020-06-10,2287.588047,1.0,0.002686,0.002686,4.626773,3.495863
2020-06-11,2247.956677,1.0,-0.017325,-0.017325,4.546616,3.435299
2020-06-12,2182.993915,1.0,-0.028899,-0.028899,4.415225,3.336024
2020-06-15,2084.528347,1.0,-0.045106,-0.045106,4.216073,3.18555
2020-06-16,2206.282452,1.0,0.058408,0.058408,4.462328,3.371613
2020-06-17,2211.185302,1.0,0.002222,0.002222,4.472244,3.379106
2020-06-18,2210.368161,1.0,-0.00037,-0.00037,4.470591,3.377857
2020-06-19,2214.86244,1.0,0.002033,0.002033,4.479681,3.384725
2020-06-22,2197.293894,1.0,-0.007932,-0.007932,4.444148,3.357877
2020-06-23,2204.648169,1.0,0.003347,0.003347,4.459022,3.369116
2020-06-24,2243.462397,1.0,0.017606,0.017606,4.537526,3.428431
2020-06-25,2178.908207,1.0,-0.028774,-0.028774,4.406962,3.32978
2020-06-26,2212.411015,1.0,0.015376,0.015376,4.474723,3.380979
2020-06-29,2177.273924,1.0,-0.015882,-0.015882,4.403656,3.327283
2020-06-30,2195.659611,1.0,0.008444,0.008444,4.440842,3.355379
2020-07-01,2195.659611,1.0,0.0,0.0,4.440842,3.355379
2020-07-02,2218.539577,1.0,0.010421,0.010421,4.487118,3.390344
2020-07-03,2245.505252,1.0,0.012155,0.012155,4.541658,3.431553
2020-07-06,2281.459484,1.0,0.016012,0.016012,4.614377,3.486498
2020-07-07,2253.676668,1.0,-0.012178,-0.012178,4.558185,3.44404
2020-07-08,2247.548106,1.0,-0.002719,-0.002719,4.54579,3.434675
2020-07-09,2257.762376,1.0,0.004545,0.004545,4.566449,3.450284
2020-07-10,2231.613844,1.0,-0.011582,-0.011582,4.513562,3.410324
2020-07-13,2277.782347,1.0,0.020688,0.020688,4.60694,3.480878
2020-07-14,2275.330922,1.0,-0.001076,-0.001076,4.601982,3.477132
2020-07-15,2298.210888,1.0,0.010056,0.010056,4.648258,3.512097
2020-07-16,2270.428072,1.0,-0.012089,-0.012089,4.592066,3.46964
2020-07-17,2292.082326,1.0,0.009538,0.009538,4.635863,3.502731
2020-07-20,2285.545192,1.0,-0.002852,-0.002852,4.622641,3.492741
2020-07-21,2319.865142,1.0,0.015016,0.015016,4.692055,3.545189
2020-07-22,2313.328008,1.0,-0.002818,-0.002818,4.678833,3.535199
2020-07-23,2293.308038,1.0,-0.008654,-0.008654,4.638342,3.504604
2020-07-24,2282.685197,1.0,-0.004632,-0.004632,4.616857,3.488371
2020-07-27,2308.833729,1.0,0.011455,0.011455,4.669743,3.528331
2020-07-28,2354.185091,1.0,0.019643,0.019643,4.761469,3.597636
2020-07-29,2369.710782,1.0,0.006595,0.006595,4.792871,3.621362
2020-07-30,2375.022203,1.0,0.002241,0.002241,4.803613,3.629479
2020-07-31,2356.227945,1.0,-0.007913,-0.007913,4.765601,3.600758
2020-08-03,2352.142237,1.0,-0.001734,-0.001734,4.757337,3.594514
2020-08-04,2381.559336,1.0,0.012507,0.012507,4.816835,3.639469
2020-08-05,2413.42786,1.0,0.013381,0.013381,4.881291,3.68817
2020-08-06,2453.05923,1.0,0.016421,0.016421,4.961447,3.748734
2020-08-07,2457.144939,1.0,0.001666,0.001666,4.969711,3.754978
2020-08-10,2498.410592,1.0,0.016794,0.016794,5.053173,3.81804
2020-08-11,2530.687687,1.0,0.012919,0.012919,5.118455,3.867365
2020-08-12,2544.579095,1.0,0.005489,0.005489,5.146551,3.888594
2020-08-13,2548.664803,1.0,0.001606,0.001606,5.154815,3.894837
2020-08-14,2512.302,1.0,-0.014267,-0.014267,5.081269,3.839268
2020-08-18,2466.133497,1.0,-0.018377,-0.018377,4.987891,3.768714
2020-08-19,2469.810634,1.0,0.001491,0.001491,4.995328,3.774334
2020-08-20,2372.570778,1.0,-0.039371,-0.039371,4.798655,3.625733
2020-08-21,2415.062144,1.0,0.017909,0.017909,4.884596,3.690668
2020-08-24,2438.759252,1.0,0.009812,0.009812,4.932525,3.726881
2020-08-25,2471.853488,1.0,0.01357,0.01357,4.99946,3.777455
2020-08-26,2472.67063,1.0,0.000331,0.000331,5.001113,3.778704
2020-08-27,2448.973522,1.0,-0.009584,-0.009584,4.953184,3.742491
2020-08-28,2464.907784,1.0,0.006507,0.006507,4.985412,3.766841
2020-08-31,2415.470715,1.0,-0.020056,-0.020056,4.885423,3.691292
2020-09-01,2442.027818,1.0,0.010995,0.010995,4.939136,3.731876
2020-09-02,2454.284943,1.0,0.005019,0.005019,4.963926,3.750607
2020-09-03,2489.830605,1.0,0.014483,0.014483,5.035819,3.804928
2020-09-04,2451.016376,1.0,-0.015589,-0.015589,4.957316,3.745612
2020-09-07,2468.993493,1.0,0.007335,0.007335,4.993675,3.773085
2020-09-08,2500.453446,1.0,0.012742,0.012742,5.057305,3.821161
2020-09-09,2471.444918,1.0,-0.011601,-0.011601,4.998633,3.776831
2020-09-10,2495.142025,1.0,0.009588,0.009588,5.046562,3.813045
2020-09-11,2496.776309,1.0,0.000655,0.000655,5.049868,3.815542
2020-09-14,2529.461975,1.0,0.013091,0.013091,5.115976,3.865492
2020-09-15,2549.481945,1.0,0.007915,0.007915,5.156468,3.896086
2020-09-16,2542.536241,1.0,-0.002724,-0.002724,5.14242,3.885472
2020-09-17,2502.904871,1.0,-0.015587,-0.015587,5.062263,3.824908
2020-09-18,2511.484858,1.0,0.003428,0.003428,5.079616,3.83802
2020-09-21,2490.647746,1.0,-0.008297,-0.008297,5.037472,3.806177
2020-09-22,2426.910698,1.0,-0.025591,-0.025591,4.908561,3.708774
2020-09-23,2437.533539,1.0,0.004377,0.004377,4.930046,3.725008
2020-09-24,2379.107911,1.0,-0.023969,-0.023969,4.811877,3.635723
2020-09-25,2390.956465,1.0,0.00498,0.00498,4.835841,3.65383
2020-09-28,2426.502127,0.5,0.006973,0.014867,4.86956,3.70815
2020-09-29,2447.339239,0.5,0.004333,0.008587,4.890659,3.739993
2020-10-05,2478.390622,1.0,0.012188,0.012688,4.950266,3.787445
2020-10-06,2484.519184,1.0,0.002473,0.002473,4.962507,3.796811
2020-10-07,2509.850575,1.0,0.010196,0.010196,5.013103,3.835522
2020-10-08,2513.936283,1.0,0.001628,0.001628,5.021264,3.841766
2020-10-12,2522.1077,1.0,0.00325,0.00325,5.037585,3.854253
2020-10-13,2523.333412,1.0,0.000486,0.000486,5.040033,3.856126
2020-10-14,2496.776309,1.0,-0.010525,-0.010525,4.986989,3.815542
2020-10-15,2476.347767,1.0,-0.008182,-0.008182,4.946185,3.784323
2020-10-16,2464.090643,1.0,-0.00495,-0.00495,4.921703,3.765592
2020-10-19,2466.950638,1.0,0.001161,0.001161,4.927416,3.769963
2020-10-20,2487.787751,1.0,0.008447,0.008447,4.969035,3.801806
2020-10-21,2496.367738,1.0,0.003449,0.003449,4.986173,3.814918
2020-10-22,2477.982051,1.0,-0.007365,-0.007365,4.94945,3.786821
2020-10-23,2489.013463,1.0,0.004452,0.004452,4.971483,3.803679
2020-10-26,2488.604892,0.5,-0.000543,-0.000164,4.968785,3.803055
2020-10-27,2474.713484,0.5,-0.002752,-0.005582,4.955112,3.781826
2020-10-28,2448.564951,0.5,-0.005244,-0.010566,4.929128,3.741866
2020-10-29,2425.276414,0.5,-0.004716,-0.009511,4.905881,3.706277
2020-10-30,2420.782135,0.5,-0.000887,-0.001853,4.901529,3.699409
2020-11-02,2395.859315,0.5,-0.005108,-0.010295,4.87649,3.661322
2020-11-03,2448.156381,0.5,0.010953,0.021828,4.929904,3.741242
2020-11-04,2461.639218,0.5,0.002793,0.005507,4.943673,3.761846
2020-11-05,2519.247704,0.5,0.011741,0.023402,5.001714,3.849883
2020-11-06,2547.439091,0.5,0.005634,0.01119,5.029896,3.892964
2020-11-09,2589.113315,1.0,0.015859,0.016359,5.109667,3.95665
2020-11-10,2578.899044,1.0,-0.003945,-0.003945,5.089509,3.941041
2020-11-11,2604.639006,1.0,0.009981,0.009981,5.140307,3.980377
2020-11-12,2614.444706,1.0,0.003765,0.003765,5.159659,3.995362
2020-11-13,2604.230436,1.0,-0.003907,-0.003907,5.139501,3.979752
2020-11-16,2676.547471,1.0,0.027769,0.027769,5.28222,4.090266
2020-11-17,2704.738858,1.0,0.010533,0.010533,5.337856,4.133348
2020-11-18,2691.664592,1.0,-0.004834,-0.004834,5.312054,4.113368
2020-11-19,2684.718888,1.0,-0.00258,-0.00258,5.298346,4.102754
2020-11-20,2690.030309,1.0,0.001978,0.001978,5.308828,4.11087
2020-11-23,2746.004512,1.0,0.020808,0.020808,5.419295,4.19641
2020-11-24,2788.495877,1.0,0.015474,0.015474,5.503152,4.261344
2020-11-25,2788.904448,1.0,0.000147,0.000147,5.503958,4.261969
2020-11-26,2760.713061,1.0,-0.010108,-0.010108,5.448322,4.218887
2020-11-27,2790.130161,1.0,0.010656,0.010656,5.506377,4.263842
2020-11-30,2752.950216,1.0,-0.013326,-0.013326,5.433002,4.207024
2020-12-01,2752.950216,1.0,0.0,0.0,5.433002,4.207024
2020-12-02,2752.950216,1.0,0.0,0.0,5.433002,4.207024
2020-12-03,2752.950216,1.0,0.0,0.0,5.433002,4.207024
2020-12-04,2930.269953,1.0,0.064411,0.064411,5.782946,4.478002
2020-12-07,2930.269953,1.0,0.0,0.0,5.782946,4.478002
2020-12-08,2915.152833,1.0,-0.005159,-0.005159,5.753112,4.4549
2020-12-09,2908.6157,1.0,-0.002242,-0.002242,5.740211,4.44491
2020-12-10,2909.024271,1.0,0.00014,0.00014,5.741017,4.445534
2020-12-11,2950.289924,1.0,0.014185,0.014185,5.822456,4.508596
2020-12-14,2952.741349,1.0,0.000831,0.000831,5.827294,4.512342
2020-12-15,2927.409958,1.0,-0.008579,-0.008579,5.777302,4.473631
2020-12-16,2946.612786,1.0,0.00656,0.00656,5.815199,4.502977
2020-12-17,2935.989945,1.0,-0.003605,-0.003605,5.794235,4.486743
2020-12-18,2945.387074,1.0,0.003201,0.003201,5.81278,4.501103
2020-12-21,2922.507108,1.0,-0.007768,-0.007768,5.767626,4.466139
2020-12-22,2923.73282,1.0,0.000419,0.000419,5.770045,4.468012
2020-12-23,2891.047154,1.0,-0.011179,-0.011179,5.705539,4.418062
2020-12-24,2969.901323,1.0,0.027275,0.027275,5.861159,4.538566
2020-12-28,3026.692668,1.0,0.019122,0.019122,5.973238,4.625354
2020-12-29,3061.829759,1.0,0.011609,0.011609,6.042582,4.67905
2020-12-30,3066.324038,1.0,0.001468,0.001468,6.051451,4.685918
2021-01-04,3218.312385,1.0,0.049567,0.049567,6.351404,4.918184
2021-01-05,3218.720956,1.0,0.000127,0.000127,6.35221,4.918809
2021-01-06,3268.158025,1.0,0.015359,0.015359,6.449775,4.994358
2021-01-07,3301.660833,1.0,0.010251,0.010251,6.515893,5.045557
2021-01-08,3376.020723,1.0,0.022522,0.022522,6.662644,5.159192
2021-01-11,3568.457581,1.0,0.057001,0.057001,7.042422,5.453272
2021-01-12,3454.874892,1.0,-0.03183,-0.03183,6.818264,5.279696
2021-01-13,3453.240609,1.0,-0.000473,-0.000473,6.815039,5.277199
2021-01-14,3462.229167,1.0,0.002603,0.002603,6.832778,5.290935
2021-01-15,3441.392055,1.0,-0.006018,-0.006018,6.791656,5.259092
2021-01-18,3375.612152,1.0,-0.019114,-0.019114,6.661838,5.158568
2021-01-19,3346.603624,1.0,-0.008594,-0.008594,6.604589,5.114238
2021-01-20,3408.706389,1.0,0.018557,0.018557,6.72715,5.209142
2021-01-21,3431.177784,1.0,0.006592,0.006592,6.771498,5.243483
2021-01-22,3454.466321,1.0,0.006787,0.006787,6.817458,5.279072
2021-01-25,3484.700562,1.0,0.008752,0.008752,6.877126,5.325276
2021-01-26,3486.743416,1.0,0.000586,0.000586,6.881157,5.328397
2021-01-27,3458.9606,1.0,-0.007968,-0.007968,6.826328,5.28594
2021-01-28,3333.529357,1.0,-0.036263,-0.036263,6.578786,5.094258
2021-01-29,3327.400795,1.0,-0.001838,-0.001838,6.566692,5.084892
2021-02-01,3287.769425,1.0,-0.011911,-0.011911,6.488478,5.024328
2021-02-02,3400.943543,1.0,0.034423,0.034423,6.71183,5.197279
2021-02-03,3432.403497,1.0,0.00925,0.00925,6.773917,5.245356
2021-02-04,3364.172169,1.0,-0.019879,-0.019879,6.639261,5.141086
2021-02-05,3375.612152,1.0,0.003401,0.003401,6.661838,5.158568
2021-02-08,3369.075019,1.0,-0.001937,-0.001937,6.648937,5.148578
2021-02-09,3419.737801,1.0,0.015038,0.015038,6.748921,5.226
2021-02-10,3364.989311,1.0,-0.01601,-0.01601,6.640873,5.142334
2021-02-15,3433.220638,1.0,0.020277,0.020277,6.775529,5.246605
2021-02-16,3461.412025,1.0,0.008211,0.008211,6.831165,5.289686
2021-02-17,3398.900689,1.0,-0.018059,-0.018059,6.707798,5.194157
2021-02-18,3406.254964,1.0,0.002164,0.002164,6.722312,5.205396
2021-02-19,3366.215023,1.0,-0.011755,-0.011755,6.643292,5.144207
2021-02-22,3413.200668,1.0,0.013958,0.013958,6.736019,5.21601
2021-02-23,3308.606537,1.0,-0.030644,-0.030644,6.529601,5.056171
2021-02-24,3337.206495,1.0,0.008644,0.008644,6.586043,5.099877
2021-02-25,3349.87219,1.0,0.003795,0.003795,6.611039,5.119233
2021-02-26,3304.520829,1.0,-0.013538,-0.013538,6.521538,5.049927
2021-03-02,3397.266406,0.5,0.013572,0.028066,6.610051,5.19166
2021-03-03,3350.280761,0.5,-0.006876,-0.01383,6.5646,5.119857
2021-03-04,3361.720744,0.5,0.001747,0.003415,6.576066,5.137339
2021-03-05,3276.738013,0.5,-0.0126,-0.02528,6.493205,5.00747
2021-03-08,3340.475061,0.5,0.009765,0.019451,6.556611,5.104872
2021-03-09,3246.095201,0.5,-0.014087,-0.028253,6.464245,4.960642
2021-03-10,3282.866575,0.5,0.005703,0.011328,6.501112,5.016835
2021-03-11,3283.683717,0.5,0.000164,0.000249,6.502177,5.018084
2021-03-12,3354.77504,0.5,0.010864,0.02165,6.572818,5.126725
2021-03-15,3338.840778,0.5,-0.002336,-0.00475,6.557466,5.102374
2021-03-16,3348.646478,0.5,0.001508,0.002937,6.567353,5.117359
2021-03-17,3333.120786,0.5,-0.002279,-0.004636,6.552387,5.093633
2021-03-18,3379.69786,0.5,0.007026,0.013974,6.598426,5.164812
2021-03-19,3314.326529,0.5,-0.009632,-0.019342,6.534871,5.064912
2021-03-22,3306.563683,0.5,-0.001132,-0.002342,6.527474,5.053049
2021-03-23,3330.260791,0.5,0.003623,0.007167,6.551121,5.089263
2021-03-24,3271.018021,0.5,-0.008855,-0.017789,6.493109,4.998729
2021-03-25,3286.543712,0.5,0.002413,0.004746,6.508773,5.022455
2021-03-26,3302.477975,0.5,0.002463,0.004848,6.524808,5.046805
2021-03-29,3321.272233,1.0,0.005191,0.005691,6.558678,5.075526
2021-03-30,3357.226465,1.0,0.010825,0.010825,6.629678,5.130471
2021-03-31,3349.463619,1.0,-0.002312,-0.002312,6.614348,5.118608
2021-04-01,3384.19214,1.0,0.010368,0.010368,6.682929,5.17168
2021-04-02,3420.963514,1.0,0.010866,0.010866,6.755543,5.227873
2021-04-05,3425.049222,1.0,0.001194,0.001194,6.763611,5.234117
2021-04-06,3431.586355,1.0,0.001909,0.001909,6.77652,5.244107
2021-04-07,3436.897776,1.0,0.001548,0.001548,6.787009,5.252224
2021-04-08,3430.769214,1.0,-0.001783,-0.001783,6.774907,5.242858
2021-04-09,3418.103518,1.0,-0.003692,-0.003692,6.749895,5.223503
2021-04-12,3419.32923,1.0,0.000359,0.000359,6.752315,5.225376
2021-04-13,3458.55203,1.0,0.011471,0.011471,6.829771,5.285316
2021-04-14,3480.614854,1.0,0.006379,0.006379,6.873339,5.319032
2021-04-15,3485.517704,1.0,0.001409,0.001409,6.883021,5.326524
2021-04-16,3480.206283,1.0,-0.001524,-0.001524,6.872532,5.318407
2021-04-19,3484.700562,1.0,0.001291,0.001291,6.881407,5.325276
2021-04-20,3501.860537,1.0,0.004924,0.004924,6.915294,5.351499
2021-04-21,3438.532059,1.0,-0.018084,-0.018084,6.790236,5.254721
2021-04-22,3449.563471,1.0,0.003208,0.003208,6.812021,5.271579
2021-04-23,3447.112047,1.0,-0.000711,-0.000711,6.80718,5.267833
2021-04-26,3481.023425,1.0,0.009838,0.009838,6.874146,5.319656
2021-04-27,3485.926275,1.0,0.001408,0.001408,6.883828,5.327149
2021-04-28,3444.252051,1.0,-0.011955,-0.011955,6.801532,5.263463
2021-04-29,3436.897776,1.0,-0.002135,-0.002135,6.787009,5.252224
2021-04-30,3406.663535,1.0,-0.008797,-0.008797,6.727304,5.20602
2021-05-03,3389.50356,1.0,-0.005037,-0.005037,6.693417,5.179797
2021-05-04,3417.286376,1.0,0.008197,0.008197,6.748281,5.222254
2021-05-06,3434.446351,1.0,0.005022,0.005022,6.782168,5.248478
2021-05-07,3465.089163,1.0,0.008922,0.008922,6.84268,5.295306
2021-05-10,3521.880507,1.0,0.01639,0.01639,6.954828,5.382093
2021-05-11,3456.100605,1.0,-0.018677,-0.018677,6.82493,5.281569
2021-05-12,3397.266406,1.0,-0.017023,-0.017023,6.708747,5.19166
2021-05-13,3353.140757,1.0,-0.012989,-0.012989,6.62161,5.124228
2021-05-14,3391.546414,1.0,0.011454,0.011454,6.697451,5.182919
2021-05-17,3377.246436,0.5,-0.002569,-0.004216,6.680246,5.161066
2021-05-18,3414.834951,0.5,0.005604,0.01113,6.717684,5.218508
2021-05-20,3403.803539,0.5,-0.001576,-0.00323,6.707098,5.20165
2021-05-21,3407.889247,0.5,0.000639,0.0012,6.711387,5.207893
2021-05-24,3392.363556,0.5,-0.002239,-0.004556,6.696362,5.184167
2021-05-25,3431.177784,0.5,0.00576,0.011442,6.734934,5.243483
2021-05-26,3420.554943,0.5,-0.001509,-0.003096,6.724773,5.227249
2021-05-27,3413.609239,0.5,-0.000976,-0.002031,6.71821,5.216635
2021-05-28,3441.392055,0.5,0.004109,0.008139,6.745813,5.259092
2021-05-31,3454.057751,1.0,0.00318,0.00368,6.767267,5.278448
2021-06-01,3476.937717,1.0,0.006624,0.006624,6.812094,5.313412
2021-06-02,3472.443438,1.0,-0.001293,-0.001293,6.803289,5.306544
2021-06-03,3504.720533,1.0,0.009295,0.009295,6.866527,5.35587
2021-06-04,3490.829125,1.0,-0.003964,-0.003964,6.839311,5.334641
2021-06-07,3501.860537,1.0,0.00316,0.00316,6.860924,5.351499
2021-06-08,3496.549116,1.0,-0.001517,-0.001517,6.850518,5.343382
2021-06-09,3456.100605,1.0,-0.011568,-0.011568,6.77127,5.281569
2021-06-10,3466.314875,1.0,0.002955,0.002955,6.791282,5.297179
2021-06-11,3494.097691,1.0,0.008015,0.008015,6.845715,5.339636
2021-06-14,3496.140545,1.0,0.000585,0.000585,6.849717,5.342758
2021-06-15,3505.129104,1.0,0.002571,0.002571,6.867328,5.356494
2021-06-16,3527.191928,1.0,0.006294,0.006294,6.910554,5.39021
2021-06-17,3502.269108,1.0,-0.007066,-0.007066,6.861724,5.352124
2021-06-18,3513.30052,1.0,0.00315,0.00315,6.883337,5.368982
2021-06-21,3478.980571,1.0,-0.009769,-0.009769,6.816097,5.316534
2021-06-22,3504.720533,1.0,0.007399,0.007399,6.866527,5.35587
2021-06-23,3524.740503,1.0,0.005712,0.005712,6.905751,5.386464
2021-06-24,3539.857624,1.0,0.004289,0.004289,6.935369,5.409566
2021-06-25,3555.791886,1.0,0.004501,0.004501,6.966587,5.433916
2021-06-28,3550.480465,1.0,-0.001494,-0.001494,6.956181,5.4258
2021-06-29,3534.546203,1.0,-0.004488,-0.004488,6.924962,5.401449
2021-06-30,3549.254753,1.0,0.004161,0.004161,6.95378,5.423926
2021-07-01,3522.697649,1.0,-0.007482,-0.007482,6.901748,5.383342
2021-07-02,3521.471937,1.0,-0.000348,-0.000348,6.899347,5.381469
2021-07-05,3541.900478,1.0,0.005801,0.005801,6.939371,5.412688
2021-07-06,3552.93189,1.0,0.003115,0.003115,6.960984,5.429546
2021-07-07,3530.051924,1.0,-0.00644,-0.00644,6.916157,5.394581
2021-07-08,3489.194841,1.0,-0.011574,-0.011574,6.836109,5.332144
2021-07-09,3445.477763,1.0,-0.012529,-0.012529,6.750457,5.265336
2021-07-12,3487.969129,0.5,0.005706,0.012333,6.788972,5.330271
2021-07-13,3514.934803,0.5,0.003905,0.007731,6.815482,5.371479
2021-07-14,3504.720533,0.5,-0.001414,-0.002906,6.805847,5.35587
2021-07-15,3530.051924,0.5,0.003653,0.007228,6.83071,5.394581
2021-07-16,3510.440524,0.5,-0.002738,-0.005556,6.812004,5.364611
2021-07-19,3469.174871,0.5,-0.005838,-0.011755,6.772234,5.301549
2021-07-20,3462.637738,0.5,-0.000903,-0.001884,6.76612,5.291559
2021-07-21,3439.757772,0.5,-0.003265,-0.006608,6.744031,5.256595
2021-07-22,3486.334846,0.5,0.00681,0.013541,6.789956,5.327773
2021-07-23,3490.829125,0.5,0.000684,0.001289,6.794599,5.334641
2021-07-26,3458.9606,0.5,-0.004525,-0.009129,6.763852,5.28594
2021-07-27,3462.229167,0.5,0.000512,0.000945,6.767313,5.290935
2021-07-28,3467.949159,0.5,0.000865,0.001652,6.773169,5.299676
2021-07-29,3472.034867,0.5,0.000628,0.001178,6.777425,5.30592
2021-07-30,3427.500647,0.5,-0.006374,-0.012827,6.734226,5.237863
2021-08-02,3448.74633,0.5,0.003139,0.006199,6.755362,5.270331
2021-08-03,3478.980571,0.5,0.004423,0.008767,6.785239,5.316534
2021-08-04,3530.460495,0.5,0.007438,0.014797,6.835707,5.395205
2021-08-05,3523.514791,0.5,-0.000944,-0.001967,6.829252,5.384591
2021-08-06,3507.580529,0.5,-0.002222,-0.004522,6.814078,5.36024
2021-08-09,3491.646266,1.0,-0.005043,-0.004543,6.779716,5.33589
2021-08-10,3467.540588,1.0,-0.006904,-0.006904,6.73291,5.299052
2021-08-11,3436.080634,1.0,-0.009073,-0.009073,6.671825,5.250975
2021-08-12,3423.006368,1.0,-0.003805,-0.003805,6.646438,5.230995
2021-08-13,3363.355027,1.0,-0.017427,-0.017427,6.530614,5.139837
2021-08-17,3326.583653,0.5,-0.005927,-0.010933,6.491905,5.083643
2021-08-18,3338.432207,0.5,0.00182,0.003562,6.503722,5.10175
2021-08-19,3276.738013,0.5,-0.009201,-0.01848,6.443883,5.00747
2021-08-20,3239.966638,0.5,-0.005572,-0.011222,6.40798,4.951276
2021-08-23,3272.652304,0.0,-0.000421,0.010088,6.405279,5.001226
2021-08-24,3333.120786,0.0,7.9e-05,0.018477,6.405783,5.093633
2021-08-25,3343.335057,0.0,7.9e-05,0.003064,6.406286,5.109243
2021-08-26,3318.412237,0.0,7.9e-05,-0.007454,6.40679,5.071156
2021-08-27,3317.595095,0.0,7.9e-05,-0.000246,6.407293,5.069907
2021-08-30,3328.217937,0.0,7.9e-05,0.003202,6.407797,5.086141
2021-08-31,3391.137844,0.0,7.9e-05,0.018905,6.4083,5.182294
2021-09-01,3396.040693,0.0,7.9e-05,0.001446,6.408804,5.189787
2021-09-02,3364.58074,0.0,7.9e-05,-0.009264,6.409307,5.14171
2021-09-03,3388.277848,0.0,7.9e-05,0.007043,6.409811,5.177924
2021-09-06,3396.857835,0.5,0.000805,0.002532,6.414974,5.191035
2021-09-07,3380.923573,0.5,-0.002306,-0.004691,6.40018,5.166685
2021-09-08,3350.689332,0.5,-0.004432,-0.008943,6.371814,5.120481
2021-09-09,3289.403708,0.5,-0.009106,-0.01829,6.313793,5.026825
2021-09-10,3301.252262,0.5,0.00184,0.003602,6.325412,5.044932
2021-09-13,3311.057962,0.0,-0.000421,0.00297,6.322747,5.059917
2021-09-14,3333.937928,0.0,7.9e-05,0.00691,6.323243,5.094882
2021-09-15,3340.475061,0.0,7.9e-05,0.001961,6.32374,5.104872
2021-09-16,3310.24082,0.0,7.9e-05,-0.009051,6.324237,5.058668
2021-09-17,3320.04652,0.0,7.9e-05,0.002962,6.324734,5.073653
2021-09-23,3311.057962,0.0,7.9e-05,-0.002707,6.325231,5.059917
2021-09-24,3309.015108,0.0,7.9e-05,-0.000617,6.325728,5.056795
2021-09-27,3319.637949,0.0,7.9e-05,0.00321,6.326225,5.073029
2021-09-28,3274.286588,0.0,7.9e-05,-0.013662,6.326723,5.003724
2021-09-29,3227.300943,0.0,7.9e-05,-0.01435,6.32722,4.931921
2021-09-30,3242.826634,0.0,7.9e-05,0.004811,6.327717,4.955647
2021-10-01,3179.906727,0.0,7.9e-05,-0.019403,6.328214,4.859493
2021-10-05,3137.006791,0.0,7.9e-05,-0.013491,6.328712,4.793934
2021-10-06,3089.612575,0.0,7.9e-05,-0.015108,6.329209,4.721507
2021-10-07,3137.006791,0.0,7.9e-05,0.01534,6.329706,4.793934
2021-10-08,3134.555366,0.0,7.9e-05,-0.000781,6.330204,4.790188
2021-10-12,3072.861171,0.0,7.9e-05,-0.019682,6.330701,4.695908
2021-10-13,3105.955408,0.0,7.9e-05,0.01077,6.331199,4.746482
2021-10-14,3143.952495,0.0,7.9e-05,0.012234,6.331696,4.804549
2021-10-15,3183.175294,0.0,7.9e-05,0.012476,6.332194,4.864488
2021-10-18,3173.778165,0.0,7.9e-05,-0.002952,6.332691,4.850128
2021-10-19,3197.883844,0.0,7.9e-05,0.007595,6.333189,4.886966
2021-10-20,3184.401006,0.0,7.9e-05,-0.004216,6.333687,4.866362
2021-10-21,3179.089586,0.0,7.9e-05,-0.001668,6.334184,4.858245
2021-10-22,3183.583865,0.0,7.9e-05,0.001414,6.334682,4.865113
2021-10-25,3196.24956,0.0,7.9e-05,0.003978,6.33518,4.884468
2021-10-26,3226.483801,0.0,7.9e-05,0.009459,6.335678,4.930672
2021-10-27,3196.658131,0.0,7.9e-05,-0.009244,6.336176,4.885093
2021-10-28,3188.078144,0.0,7.9e-05,-0.002684,6.336674,4.871981
2021-10-29,3138.641074,0.0,7.9e-05,-0.015507,6.337172,4.796432
2021-11-01,3161.52104,0.0,7.9e-05,0.00729,6.33767,4.831397
2021-11-02,3206.05526,0.0,7.9e-05,0.014086,6.338168,4.899453
2021-11-03,3175.412448,0.0,7.9e-05,-0.009558,6.338666,4.852625
2021-11-04,3193.798135,0.0,7.9e-05,0.00579,6.339164,4.880722
2021-11-05,3145.995349,0.0,7.9e-05,-0.014967,6.339662,4.807671
2021-11-08,3119.029674,0.5,-0.004746,-0.008571,6.309571,4.766462
2021-11-09,3147.221061,0.5,0.004559,0.009039,6.338334,4.809544
2021-11-10,3150.081057,0.5,0.000494,0.000909,6.341463,4.813914
2021-11-11,3103.095412,0.5,-0.007419,-0.014916,6.294418,4.742111
2021-11-12,3150.489628,0.5,0.007676,0.015273,6.342734,4.814539
2021-11-15,3191.34671,0.0,-0.000421,0.012968,6.340061,4.876976
2021-11-16,3195.023848,0.0,7.9e-05,0.001152,6.340559,4.882595
2021-11-17,3163.972465,0.0,7.9e-05,-0.009719,6.341057,4.835143
2021-11-18,3140.275357,0.0,7.9e-05,-0.00749,6.341556,4.798929
2021-11-19,3137.823932,0.0,7.9e-05,-0.000781,6.342054,4.795183
2021-11-22,3196.24956,0.0,7.9e-05,0.01862,6.342552,4.884468
2021-11-23,3209.323827,0.0,7.9e-05,0.004091,6.343051,4.904448
2021-11-24,3201.969552,0.0,7.9e-05,-0.002292,6.343549,4.89321
2021-11-25,3176.638161,0.0,7.9e-05,-0.007911,6.344048,4.854498
2021-11-26,3145.178207,0.0,7.9e-05,-0.009904,6.344546,4.806422
2021-11-29,3093.698283,0.0,7.9e-05,-0.016368,6.345045,4.727751
2021-11-30,3098.192562,0.0,7.9e-05,0.001453,6.345543,4.734619
2021-12-01,3045.895497,0.0,7.9e-05,-0.01688,6.346042,4.654699
2021-12-02,3096.96685,0.0,7.9e-05,0.016767,6.346541,4.732746
2021-12-03,3125.158237,0.0,7.9e-05,0.009103,6.34704,4.775827
2021-12-06,3141.909641,0.0,7.9e-05,0.00536,6.347538,4.801427
2021-12-07,3164.381036,0.0,7.9e-05,0.007152,6.348037,4.835767
2021-12-08,3252.223763,0.0,7.9e-05,0.02776,6.348536,4.970007
2021-12-09,3228.935226,0.0,7.9e-05,-0.007161,6.349035,4.934418
2021-12-10,3204.420977,0.0,7.9e-05,-0.007592,6.349534,4.896956
2021-12-13,3253.449476,0.0,7.9e-05,0.0153,6.350033,4.971881
2021-12-14,3193.798135,0.0,7.9e-05,-0.018335,6.350532,4.880722
2021-12-15,3182.766723,0.0,7.9e-05,-0.003454,6.351031,4.863864
2021-12-16,3206.463831,0.0,7.9e-05,0.007445,6.35153,4.900078
2021-12-17,3212.183822,0.0,7.9e-05,0.001784,6.352029,4.908819
2021-12-20,3187.669573,0.5,-0.004277,-0.007632,6.324865,4.871357
2021-12-21,3159.478186,0.5,-0.004383,-0.008844,6.297145,4.828275
2021-12-22,3193.389564,0.5,0.005406,0.010733,6.331187,4.880098
2021-12-23,3200.335268,0.5,0.001127,0.002175,6.338321,4.890712
2021-12-24,3238.332355,0.5,0.005976,0.011873,6.376197,4.948779
2021-12-27,3219.538097,1.0,-0.006304,-0.005804,6.336003,4.920058
2021-12-28,3222.806664,1.0,0.001015,0.001015,6.342436,4.925053
2021-12-29,3253.449476,1.0,0.009508,0.009508,6.40274,4.971881
2021-12-30,3228.526655,1.0,-0.00766,-0.00766,6.353692,4.933794
2022-01-03,3225.66666,0.5,-0.000904,-0.000886,6.347951,4.929423
2022-01-04,3227.709514,0.5,0.000356,0.000633,6.350211,4.932545
2022-01-05,3183.992436,0.5,-0.006733,-0.013544,6.307456,4.865737
2022-01-06,3162.338182,0.5,-0.003361,-0.006801,6.286255,4.832645
2022-01-07,3184.401006,0.5,0.003528,0.006977,6.308431,4.866362
2022-01-10,3137.823932,0.0,-0.000421,-0.014627,6.305772,4.795183
2022-01-11,3174.186736,0.0,7.9e-05,0.011589,6.306268,4.850752
2022-01-12,3204.012406,0.0,7.9e-05,0.009396,6.306763,4.896331
2022-01-13,3224.032376,0.0,7.9e-05,0.006248,6.307259,4.926926
2022-01-14,3172.552452,0.0,7.9e-05,-0.015968,6.307755,4.848255
2022-01-17,3138.641074,0.0,7.9e-05,-0.010689,6.30825,4.796432
2022-01-18,3141.50107,0.0,7.9e-05,0.000911,6.308746,4.800802
2022-01-19,3099.418275,0.0,7.9e-05,-0.013396,6.309242,4.736492
2022-01-20,3081.032588,0.0,7.9e-05,-0.005932,6.309738,4.708395
2022-01-21,3067.14118,0.0,7.9e-05,-0.004509,6.310233,4.687167
2022-01-24,3028.326951,0.0,7.9e-05,-0.012655,6.310729,4.627851
2022-01-25,2969.492753,0.0,7.9e-05,-0.019428,6.311225,4.537941
2022-01-26,2959.687053,0.0,7.9e-05,-0.003302,6.311721,4.522957
2022-01-27,2902.895708,0.0,7.9e-05,-0.019188,6.312217,4.436169
2022-01-28,2859.995772,0.0,7.9e-05,-0.014778,6.312713,4.37061
2022-02-03,2971.535607,0.0,7.9e-05,0.039,6.313209,4.541063
2022-02-04,2978.889882,0.0,7.9e-05,0.002475,6.313706,4.552302
2022-02-07,2946.204216,0.0,7.9e-05,-0.010972,6.314202,4.502352
2022-02-08,2986.652727,0.0,7.9e-05,0.013729,6.314698,4.564165
2022-02-09,2992.78129,0.0,7.9e-05,0.002052,6.315194,4.573531
2022-02-10,3024.649814,0.0,7.9e-05,0.010648,6.31569,4.622232
2022-02-11,2996.866998,0.0,7.9e-05,-0.009185,6.316187,4.579774
2022-02-14,2964.181332,0.0,7.9e-05,-0.010907,6.316683,4.529825
2022-02-15,2962.955619,0.0,7.9e-05,-0.000414,6.317179,4.527951
2022-02-16,2982.158448,0.0,7.9e-05,0.006481,6.317676,4.557297
2022-02-17,3024.241243,0.0,7.9e-05,0.014112,6.318172,4.621607
2022-02-18,2980.524165,0.0,7.9e-05,-0.014456,6.318669,4.5548
2022-02-21,2971.944178,0.0,7.9e-05,-0.002879,6.319165,4.541688
2022-02-22,2974.395603,0.0,7.9e-05,0.000825,6.319662,4.545434
2022-02-23,2976.438457,0.0,7.9e-05,0.000687,6.320159,4.548556
2022-02-24,2917.604258,0.0,7.9e-05,-0.019767,6.320655,4.458646
2022-02-25,2936.398516,0.0,7.9e-05,0.006442,6.321152,4.487367
2022-02-28,2916.378545,0.0,7.9e-05,-0.006818,6.321649,4.456773
2022-03-02,2936.398516,0.0,7.9e-05,0.006865,6.322146,4.487367
2022-03-03,2976.847027,0.0,7.9e-05,0.013775,6.322642,4.54918
2022-03-04,2940.892795,0.0,7.9e-05,-0.012078,6.323139,4.494235
2022-03-07,2879.1986,0.0,7.9e-05,-0.020978,6.323636,4.399955
2022-03-08,2859.587201,0.0,7.9e-05,-0.006811,6.324133,4.369985
2022-03-10,2907.798558,0.0,7.9e-05,0.01686,6.32463,4.443661
2022-03-11,2885.327163,0.0,7.9e-05,-0.007728,6.325127,4.409321
2022-03-14,2895.132863,0.0,7.9e-05,0.003398,6.325624,4.424306
2022-03-15,2872.252896,0.0,7.9e-05,-0.007903,6.326121,4.389341
2022-03-16,2869.801471,0.0,7.9e-05,-0.000853,6.326618,4.385594
2022-03-17,2962.547049,0.0,7.9e-05,0.032318,6.327116,4.527327
2022-03-18,2940.892795,0.0,7.9e-05,-0.007309,6.327613,4.494235
2022-03-21,2947.429928,0.0,7.9e-05,0.002223,6.32811,4.504225
2022-03-22,2935.581374,0.0,7.9e-05,-0.00402,6.328607,4.486119
2022-03-23,2972.352748,0.0,7.9e-05,0.012526,6.329105,4.542312
2022-03-24,2948.24707,0.0,7.9e-05,-0.00811,6.329602,4.505474
2022-03-25,2942.935649,0.0,7.9e-05,-0.001802,6.330099,4.497357
2022-03-28,2954.784203,0.0,7.9e-05,0.004026,6.330597,4.515464
2022-03-29,2962.955619,0.0,7.9e-05,0.002765,6.331094,4.527951
2022-03-30,2975.621315,0.0,7.9e-05,0.004275,6.331592,4.547307
2022-03-31,2982.158448,0.0,7.9e-05,0.002197,6.33209,4.557297
2022-04-01,2962.547049,0.0,7.9e-05,-0.006576,6.332587,4.527327
2022-04-04,2979.298452,0.0,7.9e-05,0.005654,6.333085,4.552926
2022-04-05,2976.847027,0.0,7.9e-05,-0.000823,6.333582,4.54918
2022-04-06,2943.752791,0.0,7.9e-05,-0.011117,6.33408,4.498606
2022-04-07,2902.487137,0.0,7.9e-05,-0.014018,6.334578,4.435544
2022-04-08,2904.938562,0.0,7.9e-05,0.000845,6.335076,4.439291
2022-04-11,2903.71285,0.0,7.9e-05,-0.000422,6.335574,4.437417
2022-04-12,2874.295751,0.0,7.9e-05,-0.010131,6.336071,4.392463
2022-04-13,2927.001387,0.0,7.9e-05,0.018337,6.336569,4.473007
2022-04-14,2913.51855,0.0,7.9e-05,-0.004606,6.337067,4.452402
2022-04-15,2879.1986,0.0,7.9e-05,-0.01178,6.337565,4.399955
2022-04-18,2883.284309,0.0,7.9e-05,0.001419,6.338063,4.406199
2022-04-19,2911.884266,0.0,7.9e-05,0.009919,6.338561,4.449905
2022-04-20,2911.475696,0.0,7.9e-05,-0.00014,6.33906,4.449281
2022-04-21,2924.549962,0.0,7.9e-05,0.004491,6.339558,4.46926
2022-04-22,2890.230013,0.0,7.9e-05,-0.011735,6.340056,4.416813
2022-04-25,2843.244368,0.0,7.9e-05,-0.016257,6.340554,4.34501
2022-04-26,2855.501493,0.0,7.9e-05,0.004311,6.341052,4.363741
2022-04-27,2820.364402,0.0,7.9e-05,-0.012305,6.341551,4.310045
2022-04-28,2850.190072,0.0,7.9e-05,0.010575,6.342049,4.355625
2022-04-29,2894.724292,0.0,7.9e-05,0.015625,6.342547,4.423681
2022-05-02,2880.015742,0.0,7.9e-05,-0.005081,6.343046,4.401204
2022-05-03,2874.704321,0.0,7.9e-05,-0.001844,6.343544,4.393087
2022-05-04,2882.058596,0.0,7.9e-05,0.002558,6.344043,4.404326
2022-05-06,2839.56723,0.0,7.9e-05,-0.014743,6.344541,4.339391
2022-05-09,2815.461552,0.0,7.9e-05,-0.008489,6.34504,4.302553
2022-05-10,2797.075865,0.0,7.9e-05,-0.00653,6.345539,4.274456
2022-05-11,2796.667294,0.0,7.9e-05,-0.000146,6.346037,4.273832
2022-05-12,2751.315932,0.0,7.9e-05,-0.016216,6.346536,4.204526
2022-05-13,2818.730118,0.0,7.9e-05,0.024503,6.347035,4.307548
2022-05-16,2804.021569,0.0,7.9e-05,-0.005218,6.347534,4.28507
2022-05-17,2833.438668,0.0,7.9e-05,0.010491,6.348032,4.330025
2022-05-18,2839.15866,0.0,7.9e-05,0.002019,6.348531,4.338767
2022-05-19,2793.807298,0.0,7.9e-05,-0.015974,6.34903,4.269461
2022-05-20,2849.37293,0.0,7.9e-05,0.019889,6.349529,4.354376
2022-05-23,2856.727205,0.0,7.9e-05,0.002581,6.350028,4.365615
2022-05-24,2804.83871,0.0,7.9e-05,-0.018164,6.350527,4.286319
2022-05-25,2817.095835,0.0,7.9e-05,0.00437,6.351026,4.30505
2022-05-26,2807.698706,0.0,7.9e-05,-0.003336,6.351525,4.29069
2022-05-27,2841.201514,0.0,7.9e-05,0.011932,6.352024,4.341888
2022-05-30,2874.295751,0.0,7.9e-05,0.011648,6.352524,4.392463
2022-05-31,2886.961446,0.0,7.9e-05,0.004407,6.353023,4.411818
2022-06-02,2853.867209,0.0,7.9e-05,-0.011463,6.353522,4.361244
2022-06-03,2870.618613,0.0,7.9e-05,0.00587,6.354021,4.386843
2022-06-07,2812.601556,0.0,7.9e-05,-0.020211,6.354521,4.298182
2022-06-08,2820.772973,0.0,7.9e-05,0.002905,6.35502,4.31067
2022-06-09,2811.375844,0.0,7.9e-05,-0.003331,6.355519,4.296309
2022-06-10,2779.098748,0.0,7.9e-05,-0.011481,6.356019,4.246984
2022-06-13,2686.761742,0.0,7.9e-05,-0.033226,6.356518,4.105875
2022-06-14,2670.010338,0.0,7.9e-05,-0.006235,6.357018,4.080276
2022-06-15,2618.938985,0.0,7.9e-05,-0.019128,6.357517,4.00223
2022-06-16,2620.981839,0.0,7.9e-05,0.00078,6.358017,4.005351
2022-06-17,2603.413294,0.0,7.9e-05,-0.006703,6.358517,3.978503
2022-06-20,2556.83622,0.0,7.9e-05,-0.017891,6.359016,3.907325
2022-06-21,2579.307615,0.0,7.9e-05,0.008789,6.359516,3.941665
2022-06-22,2506.990579,0.0,7.9e-05,-0.028037,6.360016,3.831151
2022-06-23,2489.830605,0.0,7.9e-05,-0.006845,6.360516,3.804928
2022-06-24,2543.353383,0.0,7.9e-05,0.021497,6.361015,3.886721
2022-06-27,2573.996195,0.0,7.9e-05,0.012048,6.361515,3.933549
2022-06-28,2597.284732,0.0,7.9e-05,0.009048,6.362015,3.969138
2022-06-29,2552.341941,0.0,7.9e-05,-0.017304,6.362515,3.900457
2022-06-30,2503.313442,0.0,7.9e-05,-0.019209,6.363015,3.825532
2022-07-01,2483.293471,0.0,7.9e-05,-0.007997,6.363515,3.794938
2022-07-04,2480.842047,0.0,7.9e-05,-0.000987,6.364015,3.791192
2022-07-05,2521.699129,0.0,7.9e-05,0.016469,6.364515,3.853629
2022-07-06,2467.76778,0.0,7.9e-05,-0.021387,6.365016,3.771212
2022-07-07,2515.570567,0.0,7.9e-05,0.019371,6.365516,3.844263
2022-07-08,2527.419121,0.0,7.9e-05,0.00471,6.366016,3.86237
2022-07-11,2516.796279,0.0,7.9e-05,-0.004203,6.366516,3.846136
2022-07-12,2488.604892,0.0,7.9e-05,-0.011201,6.367017,3.803055
2022-07-13,2504.130584,0.0,7.9e-05,0.006239,6.367517,3.826781
2022-07-14,2495.142025,0.0,7.9e-05,-0.003589,6.368017,3.813045
2022-07-15,2509.850575,0.0,7.9e-05,0.005895,6.368518,3.835522
2022-07-18,2568.276203,0.0,7.9e-05,0.023279,6.369018,3.924807
2022-07-19,2554.793366,0.0,7.9e-05,-0.00525,6.369519,3.904203
2022-07-20,2576.447619,0.0,7.9e-05,0.008476,6.370019,3.937295
2022-07-21,2598.510444,0.0,7.9e-05,0.008563,6.37052,3.971011
2022-07-22,2589.930457,0.0,7.9e-05,-0.003302,6.371021,3.957899
2022-07-25,2597.693302,0.0,7.9e-05,0.002997,6.371521,3.969762
2022-07-26,2608.724715,0.0,7.9e-05,0.004247,6.372022,3.98662
2022-07-27,2607.090431,0.0,7.9e-05,-0.000626,6.372523,3.984123
2022-07-28,2625.476118,0.0,7.9e-05,0.007052,6.373023,4.01222
2022-07-29,2634.056106,0.0,7.9e-05,0.003268,6.373524,4.025331
2022-08-01,2636.507531,0.0,7.9e-05,0.000931,6.374025,4.029078
2022-08-02,2617.713273,0.0,7.9e-05,-0.007128,6.374526,4.000356
2022-08-03,2639.367526,0.0,7.9e-05,0.008272,6.375027,4.033448
2022-08-04,2653.258934,0.0,7.9e-05,0.005263,6.375528,4.054677
2022-08-05,2667.558913,0.0,7.9e-05,0.00539,6.376029,4.07653
2022-08-08,2664.698918,0.0,7.9e-05,-0.001072,6.37653,4.072159
2022-08-09,2673.278905,0.0,7.9e-05,0.00322,6.377031,4.085271
2022-08-10,2641.818951,0.0,7.9e-05,-0.011768,6.377532,4.037194
2022-08-11,2686.353171,0.0,7.9e-05,0.016857,6.378033,4.105251
2022-08-12,2693.298875,0.0,7.9e-05,0.002586,6.378535,4.115865
2022-08-16,2704.330288,0.0,7.9e-05,0.004096,6.379036,4.132724
2022-08-17,2685.9446,0.0,7.9e-05,-0.006799,6.379537,4.104627
2022-08-18,2674.096047,0.0,7.9e-05,-0.004411,6.380039,4.08652
2022-08-19,2661.430351,0.0,7.9e-05,-0.004736,6.38054,4.067164
2022-08-22,2623.841835,0.0,7.9e-05,-0.014123,6.381041,4.009722
2022-08-23,2590.747598,0.0,7.9e-05,-0.012613,6.381543,3.959148
2022-08-24,2602.596152,0.0,7.9e-05,0.004573,6.382044,3.977255
2022-08-25,2637.324672,0.0,7.9e-05,0.013344,6.382546,4.030326
2022-08-26,2642.636093,0.0,7.9e-05,0.002014,6.383047,4.038443
2022-08-29,2570.727628,0.0,7.9e-05,-0.027211,6.383549,3.928554
2022-08-30,2601.37044,0.0,7.9e-05,0.01192,6.384051,3.975382
2022-08-31,2614.036135,0.0,7.9e-05,0.004869,6.384552,3.994737
2022-09-01,2560.921928,0.0,7.9e-05,-0.020319,6.385054,3.913569
2022-09-02,2555.610507,0.0,7.9e-05,-0.002074,6.385556,3.905452
2022-09-05,2539.267674,0.0,7.9e-05,-0.006395,6.386058,3.880477
2022-09-06,2545.396237,0.0,7.9e-05,0.002414,6.38656,3.889843
2022-09-07,2500.862017,0.0,7.9e-05,-0.017496,6.387061,3.821786
2022-09-08,2511.484858,0.0,7.9e-05,0.004248,6.387563,3.83802
2022-09-13,2600.144727,0.0,7.9e-05,0.035302,6.388065,3.973508
2022-09-14,2538.859104,0.0,7.9e-05,-0.02357,6.388567,3.879853
2022-09-15,2528.236262,0.0,7.9e-05,-0.004184,6.389069,3.863619
2022-09-16,2499.636304,0.0,7.9e-05,-0.011312,6.389571,3.819913
2022-09-19,2491.464888,0.0,7.9e-05,-0.003269,6.390074,3.807425
2022-09-20,2496.776309,0.0,7.9e-05,0.002132,6.390576,3.815542
2022-09-21,2471.036347,0.0,7.9e-05,-0.010309,6.391078,3.776207
2022-09-22,2443.662101,0.0,7.9e-05,-0.011078,6.39158,3.734374
2022-09-23,2417.513569,0.0,7.9e-05,-0.010701,6.392082,3.694414
2022-09-26,2355.819374,0.0,7.9e-05,-0.02552,6.392585,3.600134
2022-09-27,2358.270799,0.0,7.9e-05,0.001041,6.393087,3.60388
2022-09-28,2296.168034,0.0,7.9e-05,-0.026334,6.39359,3.508975
2022-09-29,2310.468013,0.0,7.9e-05,0.006228,6.394092,3.530828
2022-09-30,2291.673755,0.0,7.9e-05,-0.008134,6.394594,3.502107
2022-10-04,2353.367949,0.0,7.9e-05,0.026921,6.395097,3.596387
2022-10-05,2356.636516,0.0,7.9e-05,0.001389,6.3956,3.601382
2022-10-06,2370.936495,0.0,7.9e-05,0.006068,6.396102,3.623235
2022-10-07,2360.313653,0.0,7.9e-05,-0.00448,6.396605,3.607002
2022-10-11,2311.693725,0.0,7.9e-05,-0.020599,6.397107,3.532701
2022-10-12,2335.799404,0.0,7.9e-05,0.010428,6.39761,3.569539
2022-10-13,2294.533751,0.0,7.9e-05,-0.017667,6.398113,3.506478
2022-10-14,2360.722224,0.0,7.9e-05,0.028846,6.398616,3.607626
2022-10-17,2348.056529,0.0,7.9e-05,-0.005365,6.399119,3.58827
2022-10-18,2390.139323,0.0,7.9e-05,0.017922,6.399621,3.652581
2022-10-19,2363.990791,0.0,7.9e-05,-0.01094,6.400124,3.612621
2022-10-20,2341.927966,0.0,7.9e-05,-0.009333,6.400627,3.578905
2022-10-21,2349.690812,0.0,7.9e-05,0.003315,6.40113,3.590768
2022-10-24,2377.065057,0.0,7.9e-05,0.01165,6.401633,3.632601
2022-10-25,2373.38792,0.0,7.9e-05,-0.001547,6.402136,3.626982
2022-10-26,2391.773607,0.0,7.9e-05,0.007747,6.402639,3.655078
2022-10-27,2432.222118,0.0,7.9e-05,0.016912,6.403143,3.716891
2022-10-28,2400.762165,0.0,7.9e-05,-0.012935,6.403646,3.668815
2022-10-31,2419.556423,0.0,7.9e-05,0.007828,6.404149,3.697536
2022-11-01,2453.05923,0.0,7.9e-05,0.013847,6.404652,3.748734
2022-11-02,2468.176351,0.0,7.9e-05,0.006163,6.405156,3.771836
2022-11-03,2429.362123,0.0,7.9e-05,-0.015726,6.405659,3.712521
2022-11-04,2441.619247,0.0,7.9e-05,0.005045,6.406162,3.731252
2022-11-07,2489.013463,0.0,7.9e-05,0.019411,6.406666,3.803679
2022-11-08,2520.881987,0.0,7.9e-05,0.012804,6.407169,3.85238
2022-11-09,2558.061932,0.0,7.9e-05,0.014749,6.407673,3.909198
2022-11-10,2558.879074,0.0,7.9e-05,0.000319,6.408176,3.910447
2022-11-11,2621.798981,0.0,7.9e-05,0.024589,6.40868,4.0066
2022-11-14,2638.550385,1.0,0.005389,0.006389,6.443218,4.032199
2022-11-15,2613.218994,1.0,-0.0096,-0.0096,6.38136,3.993488
2022-11-16,2592.381882,1.0,-0.007974,-0.007974,6.330477,3.961645
2022-11-17,2592.381882,1.0,0.0,0.0,6.330477,3.961645
2022-11-18,2598.101873,1.0,0.002206,0.002206,6.344445,3.970387
2022-11-21,2558.061932,0.5,-0.008166,-0.015411,6.292634,3.909198
2022-11-22,2544.170524,0.5,-0.002676,-0.00543,6.275795,3.887969
2022-11-23,2555.610507,0.5,0.002288,0.004497,6.290152,3.905452
2022-11-24,2569.910486,0.5,0.002837,0.005596,6.307997,3.927305
2022-11-25,2577.673332,0.5,0.00155,0.003021,6.317772,3.939168
2022-11-28,2539.267674,0.5,-0.00741,-0.014899,6.270955,3.880477
2022-11-29,2563.373353,0.5,0.004786,0.009493,6.300967,3.917315
2022-11-30,2581.75904,0.5,0.003626,0.007172,6.323811,3.945412
2022-12-01,2623.841835,0.5,0.008189,0.0163,6.375599,4.009722
2022-12-02,2585.027607,0.5,-0.007357,-0.014793,6.328693,3.950407
2022-12-05,2553.567653,1.0,-0.01267,-0.01217,6.248508,3.90233
2022-12-06,2511.484858,1.0,-0.01648,-0.01648,6.145532,3.83802
2022-12-07,2504.947725,1.0,-0.002603,-0.002603,6.129536,3.82803
2022-12-08,2492.6906,1.0,-0.004893,-0.004893,6.099543,3.809298
2022-12-09,2507.39915,1.0,0.005901,0.005901,6.135535,3.831776
2022-12-12,2512.302,0.5,0.000517,0.001955,6.138707,3.839268
2022-12-13,2510.667717,0.5,-0.000286,-0.000651,6.136951,3.836771
2022-12-14,2537.22482,0.5,0.005328,0.010578,6.16965,3.877355
2022-12-15,2524.150554,0.5,-0.002537,-0.005153,6.153996,3.857375
2022-12-16,2468.584922,0.5,-0.010968,-0.022014,6.086502,3.77246
2022-12-19,2479.207763,0.5,0.002191,0.004303,6.099837,3.788694
2022-12-20,2467.359209,0.5,-0.00235,-0.004779,6.085501,3.770587
2022-12-21,2458.370651,0.5,-0.001782,-0.003643,6.074655,3.756851
2022-12-22,2487.37918,0.5,0.005939,0.0118,6.110734,3.801182
2022-12-23,2441.619247,0.5,-0.009159,-0.018397,6.054765,3.731252
2022-12-26,2440.802106,0.0,-0.000421,-0.000335,6.052213,3.730003
2022-12-27,2454.284943,0.0,7.9e-05,0.005524,6.052689,3.750607
2022-12-28,2433.447831,0.0,7.9e-05,-0.00849,6.053165,3.718764
2022-12-29,2415.879285,0.0,7.9e-05,-0.00722,6.05364,3.691916
2023-01-02,2374.613632,0.0,7.9e-05,-0.017081,6.054116,3.628855
2023-01-03,2372.162207,0.0,7.9e-05,-0.001032,6.054592,3.625108
2023-01-04,2391.773607,0.0,7.9e-05,0.008267,6.055068,3.655078
2023-01-05,2433.447831,0.0,7.9e-05,0.017424,6.055543,3.718764
2023-01-06,2472.67063,0.0,7.9e-05,0.016118,6.056019,3.778704
2023-01-09,2540.084816,0.5,0.013171,0.027264,6.135784,3.881726
2023-01-10,2538.450533,0.5,-0.000282,-0.000643,6.134051,3.879228
2023-01-11,2544.170524,0.5,0.001166,0.002253,6.141203,3.887969
2023-01-12,2540.493387,0.5,-0.000683,-0.001445,6.137007,3.88235
2023-01-13,2571.136199,0.5,0.00607,0.012062,6.174259,3.929178
2023-01-16,2589.521886,0.5,0.003615,0.007151,6.196577,3.957275
2023-01-17,2573.179053,0.5,-0.003116,-0.006311,6.177267,3.9323
2023-01-18,2558.061932,0.5,-0.002898,-0.005875,6.159364,3.909198
2023-01-19,2555.610507,0.5,-0.00044,-0.000958,6.156655,3.905452
2023-01-20,2583.801894,0.5,0.005555,0.011031,6.190855,3.948534
2023-01-25,2629.561827,0.5,0.008894,0.01771,6.245919,4.018463
2023-01-26,2635.690389,0.5,0.001205,0.002331,6.253443,4.027829
2023-01-27,2681.041751,0.5,0.008643,0.017207,6.307489,4.097134
2023-01-30,2659.796068,1.0,-0.008424,-0.007924,6.254352,4.064667
2023-01-31,2640.593239,1.0,-0.00722,-0.00722,6.209198,4.035321
2023-02-01,2620.981839,1.0,-0.007427,-0.007427,6.163083,4.005351
2023-02-02,2657.753214,1.0,0.01403,0.01403,6.249548,4.061545
2023-02-03,2645.90466,1.0,-0.004458,-0.004458,6.221687,4.043438
2023-02-06,2636.507531,1.0,-0.003552,-0.003552,6.19959,4.029078
2023-02-07,2615.670419,1.0,-0.007903,-0.007903,6.150593,3.997235
2023-02-08,2647.130372,1.0,0.012027,0.012027,6.224569,4.045311
2023-02-09,2644.678947,1.0,-0.000926,-0.000926,6.218805,4.041565
2023-02-10,2640.184668,1.0,-0.001699,-0.001699,6.208237,4.034697
2023-02-13,2631.19611,0.5,-0.002163,-0.003405,6.194809,4.020961
2023-02-14,2647.130372,0.5,0.003067,0.006056,6.21381,4.045311
2023-02-15,2588.296173,0.5,-0.011074,-0.022226,6.145001,3.955402
2023-02-16,2643.044664,0.5,0.010615,0.021152,6.210233,4.039068
2023-02-17,2634.464677,0.5,-0.001584,-0.003246,6.200397,4.025956
2023-02-20,2609.541856,0.5,-0.004691,-0.00946,6.171312,3.987869
2023-02-21,2620.164698,0.5,0.002075,0.004071,6.184115,4.004103
2023-02-22,2589.521886,0.5,-0.005808,-0.011695,6.148197,3.957275
2023-02-23,2589.113315,0.5,-4e-05,-0.000158,6.147953,3.95665
2023-02-24,2615.670419,0.5,0.005168,0.010257,6.179725,3.997235
2023-02-27,2542.944812,0.5,-0.013863,-0.027804,6.094058,3.886096
2023-02-28,2574.404765,0.5,0.006225,0.012371,6.131994,3.934173
2023-03-02,2582.167611,0.5,0.001547,0.003015,6.14148,3.946036
2023-03-03,2587.887603,0.5,0.001147,0.002215,6.148523,3.954777
2023-03-06,2599.736156,0.5,0.002329,0.004578,6.16284,3.972884
2023-03-07,2609.133285,0.5,0.001847,0.003615,6.174221,3.987245
2023-03-08,2575.630478,0.5,-0.006381,-0.012841,6.134823,3.936046
2023-03-09,2567.05049,0.5,-0.001626,-0.003331,6.124846,3.922934
2023-03-10,2516.796279,0.5,-0.009749,-0.019577,6.065135,3.846136
2023-03-13,2518.430562,0.0,-0.000421,0.000649,6.062579,3.848634
2023-03-14,2498.410592,0.0,7.9e-05,-0.007949,6.063055,3.81804
2023-03-15,2520.881987,0.0,7.9e-05,0.008994,6.063532,3.85238
2023-03-16,2509.442004,0.0,7.9e-05,-0.004538,6.064008,3.834898
2023-03-17,2523.333412,0.0,7.9e-05,0.005536,6.064485,3.856126
2023-03-20,2544.579095,0.0,7.9e-05,0.00842,6.064961,3.888594
2023-03-21,2530.279116,0.0,7.9e-05,-0.00562,6.065438,3.866741
2023-03-22,2542.12767,0.0,7.9e-05,0.004683,6.065914,3.884848
2023-03-23,2545.804808,0.0,7.9e-05,0.001446,6.066391,3.890467
2023-03-24,2554.793366,0.0,7.9e-05,0.003531,6.066868,3.904203
2023-03-27,2547.439091,0.0,7.9e-05,-0.002879,6.067345,3.892964
2023-03-28,2573.587624,0.0,7.9e-05,0.010265,6.067821,3.932924
2023-03-29,2577.264761,0.0,7.9e-05,0.001429,6.068298,3.938544
2023-03-30,2593.607594,0.0,7.9e-05,0.006341,6.068775,3.963518
2023-03-31,2624.658977,0.0,7.9e-05,0.011972,6.069252,4.010971
2023-04-03,2611.58471,0.5,-0.002951,-0.004981,6.051339,3.990991
2023-04-04,2624.658977,0.5,0.002542,0.005006,6.066725,4.010971
2023-04-05,2641.410381,0.5,0.00323,0.006382,6.086323,4.03657
2023-04-06,2592.381882,0.5,-0.009241,-0.018561,6.030076,3.961645
2023-04-07,2634.056106,0.5,0.008077,0.016076,6.078782,4.025331
2023-04-10,2659.387497,0.5,0.004848,0.009617,6.10825,4.064043
2023-04-11,2693.707446,0.5,0.006492,0.012905,6.147904,4.11649
2023-04-12,2704.330288,0.5,0.002011,0.003944,6.160268,4.132724
2023-04-13,2711.275992,0.5,0.001323,0.002568,6.168421,4.143338
2023-04-14,2718.630266,0.5,0.001396,0.002712,6.177029,4.154577
2023-04-17,2720.26455,1.0,0.000101,0.000601,6.177654,4.157074
2023-04-18,2718.221696,1.0,-0.000751,-0.000751,6.173015,4.153952
2023-04-19,2717.813125,1.0,-0.00015,-0.00015,6.172087,4.153328
2023-04-20,2710.050279,1.0,-0.002856,-0.002856,6.154458,4.141465
2023-04-21,2692.073163,1.0,-0.006633,-0.006633,6.113632,4.113992
2023-04-24,2675.73033,1.0,-0.006071,-0.006071,6.076518,4.089017
2023-04-25,2641.410381,1.0,-0.012826,-0.012826,5.998578,4.03657
2023-04-26,2637.324672,1.0,-0.001547,-0.001547,5.9893,4.030326
2023-04-27,2642.227522,1.0,0.001859,0.001859,6.000434,4.037819
2023-04-28,2646.721801,1.0,0.001701,0.001701,6.01064,4.044687
2023-05-02,2676.138901,0.5,0.005097,0.011115,6.041274,4.089642
2023-05-03,2649.990368,0.5,-0.004846,-0.009771,6.011997,4.049682
2023-05-04,2641.818951,0.5,-0.001502,-0.003084,6.002964,4.037194
2023-05-08,2676.138901,0.5,0.006535,0.012991,6.042192,4.089642
2023-05-09,2664.698918,0.5,-0.002098,-0.004275,6.029515,4.072159
2023-05-10,2647.538943,0.5,-0.003181,-0.00644,6.010338,4.045936
2023-05-11,2638.550385,0.5,-0.001658,-0.003395,6.000371,4.032199
2023-05-12,2629.561827,0.5,-0.001664,-0.003407,5.990386,4.018463
2023-05-15,2636.507531,0.5,0.00136,0.002641,5.998533,4.029078
2023-05-16,2639.776097,0.5,0.000659,0.00124,6.002487,4.034073
2023-05-17,2647.538943,0.5,0.00151,0.002941,6.011549,4.045936
2023-05-18,2674.504617,0.5,0.005132,0.010185,6.042399,4.087144
2023-05-19,2714.953129,0.5,0.007601,0.015124,6.088329,4.148957
2023-05-22,2733.338816,1.0,0.006272,0.006772,6.126515,4.177054
2023-05-23,2741.510233,1.0,0.00299,0.00299,6.14483,4.189541
2023-05-24,2732.113104,1.0,-0.003428,-0.003428,6.123767,4.175181
2023-05-25,2725.1674,1.0,-0.002542,-0.002542,6.108199,4.164567
2023-05-26,2737.424524,1.0,0.004498,0.004498,6.135672,4.183298
2023-05-30,2773.787328,1.0,0.013284,0.013284,6.217176,4.238867
2023-05-31,2749.681649,1.0,-0.008691,-0.008691,6.163146,4.202029
2023-06-01,2741.510233,1.0,-0.002972,-0.002972,6.14483,4.189541
2023-06-02,2779.91589,1.0,0.014009,0.014009,6.230913,4.248232
2023-06-05,2788.904448,1.0,0.003233,0.003233,6.25106,4.261969
2023-06-07,2781.550173,1.0,-0.002637,-0.002637,6.234576,4.25073
2023-06-08,2780.324461,1.0,-0.000441,-0.000441,6.231828,4.248857
2023-06-09,2821.590114,1.0,0.014842,0.014842,6.324321,4.311919
2023-06-12,2798.301577,1.0,-0.008254,-0.008254,6.272122,4.276329
2023-06-13,2812.601556,1.0,0.00511,0.00511,6.304174,4.298182
2023-06-14,2796.258723,1.0,-0.005811,-0.005811,6.267544,4.273207
2023-06-15,2786.044452,1.0,-0.003653,-0.003653,6.244649,4.257598
2023-06-16,2803.612998,1.0,0.006306,0.006306,6.284027,4.284446
2023-06-19,2785.635882,1.0,-0.006412,-0.006412,6.243733,4.256974
2023-06-20,2777.873036,1.0,-0.002787,-0.002787,6.226334,4.245111
2023-06-21,2753.358786,1.0,-0.008825,-0.008825,6.171387,4.207648
2023-06-22,2762.347345,1.0,0.003265,0.003265,6.191534,4.221384
2023-06-23,2746.004512,1.0,-0.005916,-0.005916,6.154904,4.19641
2023-06-26,2755.401641,1.0,0.003422,0.003422,6.175966,4.21077
2023-06-27,2756.627353,1.0,0.000445,0.000445,6.178714,4.212643
2023-06-28,2740.28452,1.0,-0.005929,-0.005929,6.142083,4.187668
2023-06-29,2737.424524,1.0,-0.001044,-0.001044,6.135672,4.183298
2023-06-30,2748.047366,1.0,0.003881,0.003881,6.159482,4.199531
2023-07-03,2790.947302,1.0,0.015611,0.015611,6.255638,4.265091
2023-07-04,2775.421611,1.0,-0.005563,-0.005563,6.220839,4.241364
2023-07-05,2748.864507,1.0,-0.009569,-0.009569,6.161314,4.20078
2023-07-06,2728.435966,1.0,-0.007432,-0.007432,6.115525,4.169562
2023-07-07,2685.53603,1.0,-0.015723,-0.015723,6.019369,4.104002
2023-07-10,2685.53603,0.5,-0.000461,0.0,6.016596,4.104002
2023-07-11,2734.564529,0.5,0.009168,0.018257,6.071754,4.178927
2023-07-12,2750.498791,0.5,0.002953,0.005827,6.089682,4.203278
2023-07-13,2773.787328,0.5,0.004273,0.008467,6.115702,4.238867
2023-07-14,2810.967273,0.5,0.006741,0.013404,6.15693,4.295685
2023-07-17,2808.515848,1.0,-0.001372,-0.000872,6.148482,4.291939
2023-07-18,2789.72159,1.0,-0.006692,-0.006692,6.107337,4.263217
2023-07-19,2779.91589,1.0,-0.003515,-0.003515,6.08587,4.248232
2023-07-20,2770.927332,1.0,-0.003233,-0.003233,6.066192,4.234496
2023-07-21,2777.873036,1.0,0.002507,0.002507,6.081398,4.245111
2023-07-24,2792.990156,1.0,0.005442,0.005442,6.114493,4.268212
2023-07-25,2796.258723,1.0,0.00117,0.00117,6.121648,4.273207
2023-07-26,2763.981628,1.0,-0.011543,-0.011543,6.050987,4.223882
2023-07-27,2795.850152,1.0,0.01153,0.01153,6.120754,4.272583
2023-07-28,2786.861594,1.0,-0.003215,-0.003215,6.101076,4.258847
2023-07-31,2803.204427,1.0,0.005864,0.005864,6.136854,4.283822
2023-08-01,2844.878651,1.0,0.014867,0.014867,6.228089,4.347508
2023-08-02,2783.184457,1.0,-0.021686,-0.021686,6.093026,4.253227
2023-08-03,2766.024482,1.0,-0.006166,-0.006166,6.055459,4.227004
2023-08-04,2762.755915,1.0,-0.001182,-0.001182,6.048303,4.222009
2023-08-07,2751.724503,1.0,-0.003993,-0.003993,6.024153,4.205151
2023-08-08,2737.015953,1.0,-0.005345,-0.005345,5.991953,4.182673
2023-08-09,2764.390199,1.0,0.010001,0.010001,6.051881,4.224506
2023-08-10,2747.638795,1.0,-0.00606,-0.00606,6.015208,4.198907
2023-08-11,2747.638795,1.0,0.0,0.0,6.015208,4.198907
2023-08-14,2721.490262,0.5,-0.005219,-0.009517,5.983815,4.158947
2023-08-16,2681.450321,0.5,-0.007317,-0.014713,5.940031,4.097759
2023-08-17,2670.418909,0.5,-0.002018,-0.004114,5.928046,4.080901
2023-08-18,2649.990368,0.5,-0.003786,-0.00765,5.905604,4.049682
2023-08-21,2653.667505,0.0,-0.000421,0.001388,5.903116,4.055301
2023-08-22,2662.247493,0.0,7.9e-05,0.003233,5.90358,4.068413
2023-08-23,2659.387497,0.0,7.9e-05,-0.001074,5.904043,4.064043
2023-08-24,2694.116017,0.0,7.9e-05,0.013059,5.904507,4.117114
2023-08-25,2663.881776,0.0,7.9e-05,-0.011222,5.904971,4.070911
2023-08-28,2683.901746,0.0,7.9e-05,0.007515,5.905436,4.101505
2023-08-29,2690.438879,0.0,7.9e-05,0.002436,5.9059,4.111495
2023-08-30,2701.061721,0.0,7.9e-05,0.003948,5.906364,4.127729
2023-08-31,2702.696004,0.0,7.9e-05,0.000605,5.906828,4.130226
2023-09-01,2726.393112,0.0,7.9e-05,0.008768,5.907292,4.16644
2023-09-04,2750.09022,0.5,0.003885,0.008692,5.930243,4.202653
2023-09-05,2748.047366,0.5,-0.000332,-0.000743,5.928273,4.199531
2023-09-06,2726.393112,0.5,-0.003901,-0.00788,5.905149,4.16644
2023-09-07,2714.135987,0.5,-0.002209,-0.004496,5.892107,4.147708
2023-09-08,2716.178841,0.5,0.000416,0.000753,5.894556,4.15083
2023-09-11,2728.435966,0.5,0.002296,0.004513,5.908088,4.169562
2023-09-12,2709.641708,0.5,-0.003405,-0.006888,5.887972,4.14084
2023-09-13,2710.867421,0.5,0.000265,0.000452,5.889535,4.142713
2023-09-14,2752.133074,0.5,0.00765,0.015222,5.934592,4.205775
2023-09-15,2786.861594,0.5,0.006349,0.012619,5.972269,4.258847
2023-09-18,2754.584499,1.0,-0.012082,-0.011582,5.900113,4.209521
2023-09-19,2736.607383,1.0,-0.006526,-0.006526,5.861607,4.182049
2023-09-20,2735.38167,1.0,-0.000448,-0.000448,5.858982,4.180176
2023-09-21,2683.084605,1.0,-0.019119,-0.019119,5.746965,4.100256
2023-09-22,2672.053192,1.0,-0.004111,-0.004111,5.723337,4.083398
2023-09-25,2674.096047,0.0,-0.000921,0.000765,5.718063,4.08652
2023-09-26,2635.281818,0.0,7.9e-05,-0.014515,5.718513,4.027205
2023-09-27,2640.593239,0.0,7.9e-05,0.002016,5.718962,4.035321
2023-10-04,2567.867632,0.0,7.9e-05,-0.027541,5.719412,3.924183
2023-10-05,2565.007636,0.0,7.9e-05,-0.001114,5.719861,3.919812
2023-10-06,2571.136199,0.0,7.9e-05,0.002389,5.720311,3.929178
2023-10-10,2578.899044,0.0,7.9e-05,0.003019,5.72076,3.941041
2023-10-11,2624.250406,0.0,7.9e-05,0.017586,5.72121,4.010346
2023-10-12,2652.441793,0.0,7.9e-05,0.010743,5.721659,4.053428
2023-10-13,2631.19611,0.0,7.9e-05,-0.00801,5.722109,4.020961
2023-10-16,2606.68186,0.0,7.9e-05,-0.009317,5.722559,3.983498
2023-10-17,2638.958956,0.0,7.9e-05,0.012382,5.723008,4.032824
2023-10-18,2650.398939,0.0,7.9e-05,0.004335,5.723458,4.050306
2023-10-19,2597.284732,0.0,7.9e-05,-0.02004,5.723908,3.969138
2023-10-20,2557.653362,0.0,7.9e-05,-0.015259,5.724358,3.908574
2023-10-23,2542.536241,0.0,7.9e-05,-0.005911,5.724807,3.885472
2023-10-24,2563.373353,0.0,7.9e-05,0.008195,5.725257,3.917315
2023-10-25,2549.481945,0.0,7.9e-05,-0.005419,5.725707,3.896086
2023-10-26,2478.390622,0.0,7.9e-05,-0.027885,5.726157,3.787445
2023-10-27,2478.799192,0.0,7.9e-05,0.000165,5.726607,3.78807
2023-10-30,2482.884901,0.0,7.9e-05,0.001648,5.727057,3.794313
2023-10-31,2476.347767,0.0,7.9e-05,-0.002633,5.727507,3.784323
2023-11-01,2486.153467,0.0,7.9e-05,0.00396,5.727957,3.799308
2023-11-02,2538.859104,0.0,7.9e-05,0.0212,5.728407,3.879853
2023-11-03,2553.159082,0.0,7.9e-05,0.005632,5.728858,3.901706
2023-11-06,2611.993281,0.0,7.9e-05,0.023044,5.729308,3.991615
2023-11-07,2644.678947,0.0,7.9e-05,0.012514,5.729758,4.041565
2023-11-08,2625.884689,0.0,7.9e-05,-0.007106,5.730208,4.012844
2023-11-09,2605.047577,0.0,7.9e-05,-0.007935,5.730659,3.981001
2023-11-10,2593.607594,0.0,7.9e-05,-0.004391,5.731109,3.963518
2023-11-13,2614.853277,0.5,0.003635,0.008192,5.751942,3.995986
2023-11-14,2629.561827,0.5,0.002852,0.005625,5.768345,4.018463
2023-11-15,2677.773184,0.5,0.009206,0.018334,5.821451,4.092139
2023-11-16,2681.450321,0.5,0.000726,0.001373,5.825677,4.097759
2023-11-17,2684.310317,0.5,0.000573,0.001067,5.829013,4.102129
2023-11-19,2663.473205,0.5,-0.003842,-0.007763,5.806618,4.070286
2023-11-20,2709.233137,1.0,0.016681,0.017181,5.903476,4.140216
2023-11-21,2684.718888,1.0,-0.009048,-0.009048,5.850058,4.102754
2023-11-22,2712.093133,1.0,0.010196,0.010196,5.909708,4.144587
2023-11-23,2712.910275,1.0,0.000301,0.000301,5.911488,4.145835
2023-11-24,2707.598854,1.0,-0.001958,-0.001958,5.899914,4.137718
2023-11-26,2688.396025,1.0,-0.007092,-0.007092,5.858071,4.108373
2023-11-27,2694.933159,1.0,0.002432,0.002432,5.872316,4.118363
2023-11-28,2709.641708,1.0,0.005458,0.005458,5.904366,4.14084
2023-11-29,2700.244579,1.0,-0.003468,-0.003468,5.883889,4.12648
2023-11-30,2709.233137,1.0,0.003329,0.003329,5.903476,4.140216
2023-12-01,2691.664592,1.0,-0.006485,-0.006485,5.865193,4.113368
2023-12-03,2710.050279,1.0,0.006831,0.006831,5.905256,4.141465
2023-12-04,2688.396025,0.5,-0.004456,-0.00799,5.878943,4.108373
2023-12-05,2685.9446,0.5,-0.000417,-0.000912,5.876494,4.104627
2023-12-06,2670.418909,0.5,-0.002851,-0.00578,5.85974,4.080901
2023-12-07,2693.707446,0.5,0.0044,0.008721,5.885522,4.11649
2023-12-08,2708.007425,0.5,0.002694,0.005309,5.901375,4.138343
2023-12-10,2716.995983,0.5,0.001699,0.003319,5.911401,4.152079
2023-12-11,2724.758829,1.0,0.002357,0.002857,5.925335,4.163942
2023-12-12,2725.984541,1.0,0.00045,0.00045,5.928001,4.165815
2023-12-13,2748.455937,1.0,0.008243,0.008243,5.976868,4.200156
2023-12-14,2759.078778,1.0,0.003865,0.003865,5.999968,4.216389
2023-12-15,2785.635882,1.0,0.009625,0.009625,6.05772,4.256974
2023-12-17,2771.744474,1.0,-0.004987,-0.004987,6.027511,4.235745
2023-12-18,2758.670207,1.0,-0.004717,-0.004717,5.99908,4.215765
2023-12-19,2798.301577,1.0,0.014366,0.014366,6.085263,4.276329
2023-12-20,2808.515848,1.0,0.00365,0.00365,6.107475,4.291939
2023-12-21,2837.932947,1.0,0.010474,0.010474,6.171447,4.336893
2023-12-22,2819.54726,1.0,-0.006479,-0.006479,6.131465,4.308797
2023-12-25,2837.115805,1.0,0.006231,0.006231,6.16967,4.335645
2023-12-26,2837.932947,1.0,0.000288,0.000288,6.171447,4.336893
2023-12-27,2866.941476,1.0,0.010222,0.010222,6.234529,4.381224
2023-12-28,2920.872825,1.0,0.018811,0.018811,6.35181,4.463641
2024-01-02,2891.455725,1.0,-0.010071,-0.010071,6.287839,4.418686
2024-01-03,2822.407256,1.0,-0.02388,-0.02388,6.137684,4.313167
2024-01-04,2817.504406,1.0,-0.001737,-0.001737,6.127022,4.305675
2024-01-05,2817.912977,1.0,0.000145,0.000145,6.127911,4.306299
2024-01-07,2826.084393,1.0,0.0029,0.0029,6.145681,4.318787
2024-01-08,2839.975801,1.0,0.004915,0.004915,6.175889,4.340015
2024-01-09,2788.087307,1.0,-0.018271,-0.018271,6.063051,4.26072
2024-01-10,2760.30449,1.0,-0.009965,-0.009965,6.002634,4.218263
2024-01-11,2749.273078,1.0,-0.003996,-0.003996,5.978645,4.201405
2024-01-12,2739.467378,1.0,-0.003567,-0.003567,5.957321,4.18642
2024-01-14,2740.28452,1.0,0.000298,0.000298,5.959098,4.187668
2024-01-15,2724.350258,1.0,-0.005815,-0.005815,5.924447,4.163318
2024-01-16,2716.178841,1.0,-0.002999,-0.002999,5.906677,4.15083
2024-01-17,2640.184668,1.0,-0.027978,-0.027978,5.741418,4.034697
2024-01-18,2681.858892,1.0,0.015785,0.015785,5.832044,4.098383
2024-01-19,2687.578884,1.0,0.002133,0.002133,5.844483,4.107124
2024-01-21,2719.855979,1.0,0.01201,0.01201,5.914673,4.15645
2024-01-22,2702.287433,0.5,-0.00369,-0.006459,5.892846,4.129602
2024-01-23,2706.781712,0.5,0.000871,0.001663,5.897978,4.13647
2024-01-24,2694.933159,0.5,-0.002149,-0.004377,5.885301,4.118363
2024-01-25,2676.547471,0.5,-0.003372,-0.006822,5.865456,4.090266
2024-01-26,2705.964571,0.5,0.005535,0.010991,5.897919,4.135221
2024-01-28,2709.641708,0.5,0.000719,0.001359,5.902158,4.14084
2024-01-29,2745.595941,0.5,0.006674,0.013269,5.941548,4.195785
2024-01-30,2701.470292,0.5,-0.007996,-0.016071,5.894037,4.128353
2024-01-31,2701.061721,0.5,-3.6e-05,-0.000151,5.893823,4.127729
2024-02-01,2779.91589,0.5,0.014636,0.029194,5.980086,4.248232
2024-02-02,2850.190072,0.5,0.012679,0.025279,6.055907,4.355625
2024-02-04,2838.341518,0.5,-0.002039,-0.004157,6.043557,4.337518
2024-02-05,2796.258723,0.5,-0.007374,-0.014827,5.998992,4.273207
2024-02-06,2816.278693,0.5,0.003619,0.00716,6.020703,4.303802
2024-02-07,2852.232926,0.5,0.006423,0.012767,6.059372,4.358746
2024-02-08,2844.878651,0.5,-0.00125,-0.002578,6.051798,4.347508
2024-02-12,2877.155746,1.0,0.010846,0.011346,6.117434,4.396833
2024-02-13,2829.761531,1.0,-0.016473,-0.016473,6.016664,4.324406
2024-02-14,2868.575759,1.0,0.013716,0.013716,6.099191,4.383721
2024-02-15,2855.910063,1.0,-0.004415,-0.004415,6.072261,4.364366
2024-02-16,2842.835797,1.0,-0.004578,-0.004578,6.044462,4.344386
2024-02-18,2868.167188,1.0,0.008911,0.008911,6.098322,4.383097
2024-02-19,2902.487137,1.0,0.011966,0.011966,6.171294,4.435544
2024-02-20,2870.210042,1.0,-0.01112,-0.01112,6.102666,4.386219
2024-02-21,2892.681438,1.0,0.007829,0.007829,6.150445,4.420559
2024-02-22,2906.981416,1.0,0.004944,0.004944,6.180849,4.442412
2024-02-23,2891.047154,1.0,-0.005481,-0.005481,6.14697,4.418062
2024-02-26,2859.995772,1.0,-0.010741,-0.010741,6.080948,4.37061
2024-02-27,2843.652939,1.0,-0.005714,-0.005714,6.0462,4.345635
2024-02-28,2856.318634,1.0,0.004454,0.004454,6.07313,4.36499
2024-02-29,2864.08148,1.0,0.002718,0.002718,6.089635,4.376853
2024-03-03,2897.584288,1.0,0.011698,0.011698,6.160869,4.428052
2024-03-04,2895.950004,1.0,-0.000564,-0.000564,6.157394,4.425554
2024-03-05,2866.941476,1.0,-0.010017,-0.010017,6.095716,4.381224
2024-03-06,2882.467167,1.0,0.005415,0.005415,6.128727,4.40495
2024-03-07,2911.067125,1.0,0.009922,0.009922,6.189536,4.448656
2024-03-08,2916.378545,1.0,0.001825,0.001825,6.20083,4.456773
2024-03-10,2894.315721,1.0,-0.007565,-0.007565,6.153919,4.423057
2024-03-11,2900.035712,0.5,0.000527,0.001976,6.157165,4.431798
2024-03-12,2923.324249,0.5,0.004055,0.00803,6.18213,4.467387
2024-03-13,2931.495666,0.5,0.001437,0.002795,6.191013,4.479875
2024-03-14,2953.55849,0.5,0.003802,0.007526,6.214553,4.513591
2024-03-15,2975.212744,0.5,0.003705,0.007332,6.237579,4.546683
2024-03-17,2957.644199,0.5,-0.002913,-0.005905,6.219407,4.519835
2024-03-18,2943.752791,1.0,-0.005197,-0.004697,6.187086,4.498606
2024-03-19,2958.05277,1.0,0.004858,0.004858,6.217142,4.520459
2024-03-20,3036.498368,1.0,0.026519,0.026519,6.382016,4.640339
2024-03-21,3063.055471,1.0,0.008746,0.008746,6.437833,4.680923
2024-03-22,3074.904025,1.0,0.003868,0.003868,6.462736,4.69903
2024-03-24,3070.001175,1.0,-0.001594,-0.001594,6.452431,4.691537
2024-03-25,3069.184034,1.0,-0.000266,-0.000266,6.450714,4.690288
2024-03-26,3056.518338,1.0,-0.004127,-0.004127,6.424094,4.670933
2024-03-27,3069.184034,1.0,0.004144,0.004144,6.450714,4.690288
2024-03-28,3086.344008,1.0,0.005591,0.005591,6.48678,4.716512
2024-03-29,3086.344008,1.0,0.0,0.0,6.48678,4.716512
2024-04-01,3092.296648,1.0,0.001929,0.001929,6.499291,4.725609
2024-04-02,3040.416988,1.0,-0.016777,-0.016777,6.390252,4.646327
2024-04-03,3079.762048,1.0,0.012941,0.012941,6.472946,4.706454
2024-04-04,3048.548806,1.0,-0.010135,-0.010135,6.407343,4.658754
2024-04-07,3052.412483,1.0,0.001267,0.001267,6.415464,4.664658
2024-04-08,3038.383964,1.0,-0.004596,-0.004596,6.385979,4.64322
2024-04-10,3040.405745,1.0,0.000665,0.000665,6.390229,4.64631
2024-04-11,3012.169097,1.0,-0.009287,-0.009287,6.330882,4.603159
2024-04-14,2999.375913,1.0,-0.004247,-0.004247,6.303993,4.583609
2024-04-15,2931.086459,0.5,-0.011845,-0.022768,6.229325,4.479249
2024-04-16,2902.50156,0.5,-0.004837,-0.009752,6.199194,4.435566
2024-04-17,2959.244681,0.5,0.009814,0.01955,6.260034,4.52228
2024-04-18,2911.127787,0.5,-0.008091,-0.01626,6.209387,4.448749
2024-04-21,2953.336739,0.5,0.007289,0.014499,6.254646,4.513252
2024-04-22,2946.126005,0.0,-0.000421,-0.002442,6.25201,4.502233
2024-04-23,3005.351313,0.0,7.9e-05,0.020103,6.252502,4.59274
2024-04-24,2952.415928,0.0,7.9e-05,-0.017614,6.252993,4.511845
2024-04-25,2983.539227,0.0,7.9e-05,0.010542,6.253484,4.559407
2024-04-28,3018.481232,0.0,7.9e-05,0.011712,6.253976,4.612805
2024-04-29,3023.670459,0.5,0.000399,0.001719,6.25647,4.620735
2024-05-01,3014.224332,0.5,-0.001523,-0.003124,6.246943,4.6063
2024-05-02,3006.33958,0.5,-0.001269,-0.002616,6.239018,4.59425
2024-05-06,3071.181066,0.5,0.010823,0.021568,6.306546,4.69334
2024-05-07,3083.187804,0.5,0.001994,0.003909,6.319121,4.711689
2024-05-08,3046.223745,0.5,-0.005955,-0.011989,6.28149,4.655201
2024-05-09,3063.621806,0.5,0.002895,0.005711,6.299675,4.681788
2024-05-12,3063.150158,0.5,-3.8e-05,-0.000154,6.299437,4.681068
2024-05-13,3066.665857,1.0,0.000648,0.001148,6.303518,4.68644
2024-05-15,3092.117038,1.0,0.008299,0.008299,6.355832,4.725334
2024-05-16,3060.241295,1.0,-0.010309,-0.010309,6.290312,4.676622
2024-05-19,3079.919172,1.0,0.00643,0.00643,6.33076,4.706694
2024-05-20,3059.746887,1.0,-0.00655,-0.00655,6.289296,4.675867
2024-05-21,3058.93823,1.0,-0.000264,-0.000264,6.287633,4.674631
2024-05-22,3057.085091,1.0,-0.000606,-0.000606,6.283824,4.671799
2024-05-23,3018.661116,1.0,-0.012569,-0.012569,6.204844,4.61308
2024-05-26,3058.410368,1.0,0.013168,0.013168,6.286548,4.673824
2024-05-27,3058.253243,0.5,-0.000486,-5.1e-05,6.283491,4.673584
2024-05-28,3007.092298,0.5,-0.008325,-0.016729,6.23118,4.595401
2024-05-29,2960.075824,0.5,-0.007778,-0.015635,6.182712,4.523551
2024-05-30,2961.288948,0.5,0.000244,0.00041,6.184222,4.525405
2024-06-02,3012.955269,0.5,0.008763,0.017447,6.238414,4.60436
2024-06-03,2990.020003,0.5,-0.003767,-0.007612,6.214915,4.569311
2024-06-04,3020.79505,0.5,0.005186,0.010293,6.247143,4.616341
2024-06-06,3058.050873,0.5,0.006206,0.012333,6.285911,4.673275
2024-06-09,3033.902483,0.5,-0.003909,-0.007897,6.26134,4.636372
2024-06-10,3038.563849,0.5,0.000808,0.001536,6.266396,4.643495
2024-06-11,3064.228368,0.5,0.004262,0.008446,6.293106,4.682715
2024-06-12,3094.239729,0.5,0.004936,0.009794,6.324171,4.728578
2024-06-13,3098.20459,0.5,0.00068,0.001281,6.328471,4.734637
2024-06-16,3082.120837,0.5,-0.002556,-0.005191,6.312293,4.710058
2024-06-17,3104.382085,0.0,-0.000421,0.007223,6.309633,4.744078
2024-06-18,3141.907735,0.0,7.9e-05,0.012088,6.310129,4.801424
2024-06-19,3153.476279,0.0,7.9e-05,0.003682,6.310625,4.819103
2024-06-20,3127.227684,0.0,7.9e-05,-0.008324,6.311121,4.77899
2024-06-23,3105.291928,0.0,7.9e-05,-0.007014,6.311616,4.745468
2024-06-24,3116.141757,0.5,0.001286,0.003494,6.319735,4.762049
2024-06-25,3135.977307,0.5,0.003222,0.006365,6.340097,4.792361
2024-06-26,3127.003102,0.5,-0.001392,-0.002862,6.331275,4.778647
2024-06-27,3142.458083,0.5,0.002511,0.004942,6.347169,4.802265
2024-06-30,3149.747516,0.5,0.001199,0.00232,6.35478,4.813405
2024-07-01,3123.408978,1.0,-0.008862,-0.008362,6.298464,4.773154
2024-07-02,3138.178698,1.0,0.004729,0.004729,6.328247,4.795725
2024-07-03,3172.918606,1.0,0.01107,0.01107,6.398301,4.848814
2024-07-04,3214.802066,1.0,0.0132,0.0132,6.482761,4.91282
2024-07-07,3209.78148,1.0,-0.001562,-0.001562,6.472637,4.905148
2024-07-08,3220.586338,1.0,0.003366,0.003366,6.494425,4.92166
2024-07-09,3221.271599,1.0,0.000213,0.000213,6.495807,4.922707
2024-07-10,3247.509226,1.0,0.008145,0.008145,6.548716,4.962803
2024-07-11,3208.927852,1.0,-0.01188,-0.01188,6.470915,4.903843
2024-07-14,3213.330633,1.0,0.001372,0.001372,6.479794,4.910571
2024-07-15,3219.137665,1.0,0.001807,0.001807,6.491504,4.919446
2024-07-16,3193.529086,1.0,-0.007955,-0.007955,6.439863,4.880311
2024-07-17,3172.256105,1.0,-0.006661,-0.006661,6.396966,4.847802
2024-07-18,3139.807255,1.0,-0.010229,-0.010229,6.331531,4.798214
2024-07-21,3103.92168,1.0,-0.011429,-0.011429,6.259167,4.743374
2024-07-22,3116.029603,0.5,0.00149,0.003901,6.268491,4.761877
2024-07-23,3098.530357,0.5,-0.002769,-0.005616,6.251136,4.735135
2024-07-24,3044.550217,0.5,-0.008671,-0.017421,6.19693,4.652643
2024-07-25,3068.417811,0.5,0.003959,0.007839,6.221464,4.689117
2024-07-28,3106.190527,0.5,0.006194,0.01231,6.260002,4.746841
2024-07-29,3075.482663,0.0,-0.000421,-0.009886,6.257364,4.699914
2024-07-30,3111.986042,0.0,7.9e-05,0.011869,6.257856,4.755698
2024-07-31,3119.837066,0.0,7.9e-05,0.002523,6.258348,4.767696
2024-08-01,3005.845446,0.0,7.9e-05,-0.036538,6.258839,4.593495
2024-08-04,2742.302399,0.0,7.9e-05,-0.087677,6.259331,4.190752
2024-08-05,2832.830616,0.0,7.9e-05,0.033012,6.259823,4.329096
2024-08-06,2884.788975,0.0,7.9e-05,0.018341,6.260315,4.408498
2024-08-07,2871.670299,0.0,7.9e-05,-0.004548,6.260807,4.38845
2024-08-08,2907.275079,0.0,7.9e-05,0.012399,6.261299,4.442861
2024-08-11,2940.824624,0.0,7.9e-05,0.01154,6.261791,4.494131
2024-08-12,2944.418748,0.0,7.9e-05,0.001222,6.262283,4.499624
2024-08-13,2970.251909,0.0,7.9e-05,0.008774,6.262775,4.539102
2024-08-15,3029.477217,0.0,7.9e-05,0.019939,6.263267,4.629609
2024-08-18,3003.790212,0.0,7.9e-05,-0.008479,6.26376,4.590354
2024-08-19,3028.803198,0.5,0.003703,0.008327,6.286954,4.628579
2024-08-20,3033.857512,0.5,0.000874,0.001669,6.292446,4.636303
2024-08-21,3041.203159,0.5,0.00125,0.002421,6.300311,4.647528
2024-08-22,3034.48656,0.5,-0.001065,-0.002209,6.293602,4.637264
2024-08-25,3030.353331,0.5,-0.000642,-0.001362,6.289563,4.630948
2024-08-26,3020.514255,0.5,-0.001584,-0.003247,6.279599,4.615912
2024-08-27,3021.165788,0.5,0.000147,0.000216,6.280523,4.616908
2024-08-28,2990.222099,0.5,-0.005082,-0.010242,6.248606,4.56962
2024-08-29,3003.733998,0.5,0.002299,0.004519,6.26297,4.590268
2024-09-01,3011.248012,0.5,0.00129,0.002502,6.271049,4.601751
2024-09-02,2992.861409,1.0,-0.006606,-0.006106,6.229623,4.573653
2024-09-03,2898.70534,1.0,-0.03146,-0.03146,6.033638,4.429765
2024-09-04,2892.752427,1.0,-0.002054,-0.002054,6.021247,4.420668
2024-09-05,2857.686752,1.0,-0.012122,-0.012122,5.948258,4.367081
2024-09-08,2848.308081,1.0,-0.003282,-0.003282,5.928736,4.352749
2024-09-09,2834.26832,0.0,-0.000921,-0.004929,5.923273,4.331293
2024-09-10,2822.969328,0.0,7.9e-05,-0.003987,5.923739,4.314026
2024-09-11,2888.922478,0.0,7.9e-05,0.023363,5.924204,4.414815
2024-09-12,2892.651242,0.0,7.9e-05,0.001291,5.92467,4.420513
2024-09-18,2898.70534,0.5,0.000586,0.002093,5.92814,4.429765
2024-09-19,2912.823801,0.5,0.002475,0.004871,5.94281,4.451341
2024-09-22,2922.527963,0.5,0.001705,0.003332,5.952943,4.46617
2024-09-23,2955.852653,0.5,0.005741,0.011403,5.987117,4.517097
2024-09-24,2916.13713,0.5,-0.006679,-0.013436,5.94713,4.456404
2024-09-25,3000.656493,0.5,0.014531,0.028983,6.033547,4.585565
2024-09-26,2976.182337,0.5,-0.004039,-0.008156,6.009179,4.548164
2024-09-29,2912.711373,0.5,-0.010624,-0.021326,5.945338,4.451169
2024-10-01,2877.241232,0.5,-0.00605,-0.012178,5.909371,4.396964
2024-10-03,2886.249165,0.5,0.001605,0.003131,5.918854,4.41073
2024-10-06,2931.928845,0.5,0.007953,0.015827,5.965924,4.480537
2024-10-07,2913.935739,0.5,-0.003029,-0.006137,5.947852,4.45304
2024-10-09,2919.326788,0.5,0.000964,0.00185,5.953588,4.461278
2024-10-10,2916.799631,0.5,-0.000394,-0.000866,5.951245,4.457416
2024-10-13,2946.429286,0.5,0.005118,0.010158,5.981706,4.502696
2024-10-14,2957.840705,0.5,0.001976,0.003873,5.993525,4.520135
2024-10-15,2931.906634,0.5,-0.004345,-0.008768,5.967485,4.480503
2024-10-16,2930.715996,0.5,-0.000164,-0.000406,5.966508,4.478683
2024-10-17,2913.329178,0.5,-0.002927,-0.005933,5.949044,4.452113
2024-10-20,2925.796321,0.5,0.002179,0.004279,5.962006,4.471165
2024-10-21,2887.361103,0.0,-0.000421,-0.013137,5.959494,4.412429
2024-10-22,2919.843682,0.0,7.9e-05,0.01125,5.959962,4.462068
2024-10-23,2898.96365,0.0,7.9e-05,-0.007151,5.960431,4.43016
2024-10-24,2901.479564,0.0,7.9e-05,0.000868,5.960899,4.434005
2024-10-27,2934.231421,0.0,7.9e-05,0.011288,5.961367,4.484056
2024-10-28,2940.263034,0.5,0.000567,0.002056,5.964748,4.493273
2024-10-29,2913.295449,0.5,-0.004547,-0.009172,5.937629,4.452061
2024-10-30,2871.018766,0.5,-0.007217,-0.014512,5.894779,4.387455
2024-10-31,2855.530332,0.5,-0.002658,-0.005395,5.879111,4.363786
2024-11-03,2907.881641,0.5,0.009206,0.018333,5.933233,4.443788
2024-11-04,2894.302285,0.0,-0.000421,-0.00467,5.930733,4.423036
2024-11-05,2879.285499,0.0,7.9e-05,-0.005188,5.931199,4.400088
2024-11-06,2880.543319,0.0,7.9e-05,0.000437,5.931665,4.40201
2024-11-07,2876.634671,0.0,7.9e-05,-0.001357,5.932131,4.396037
2024-11-10,2843.512077,0.0,7.9e-05,-0.011514,5.932598,4.345419
2024-11-11,2788.375302,0.0,7.9e-05,-0.01939,5.933064,4.26116
2024-11-12,2714.818195,0.0,7.9e-05,-0.02638,5.93353,4.148751
2024-11-13,2716.81749,0.0,7.9e-05,0.000736,5.933996,4.151806
2024-11-14,2714.571128,0.0,7.9e-05,-0.000827,5.934463,4.148373
2024-11-17,2773.212359,0.0,7.9e-05,0.021602,5.934929,4.237988
2024-11-18,2776.446989,0.0,7.9e-05,0.001166,5.935395,4.242931
2024-11-19,2788.060778,0.0,7.9e-05,0.004183,5.935862,4.260679
2024-11-20,2786.196122,0.0,7.9e-05,-0.000669,5.936328,4.25783
2024-11-21,2809.345001,0.0,7.9e-05,0.008308,5.936795,4.293206
2024-11-24,2846.522399,0.0,7.9e-05,0.013233,5.937261,4.35002
2024-11-25,2830.820352,0.5,-0.003219,-0.005516,5.91815,4.326024
2024-11-26,2811.389268,0.5,-0.003393,-0.006864,5.898071,4.29633
2024-11-27,2813.197435,0.5,0.000361,0.000643,5.9002,4.299093
2024-11-28,2758.431123,0.5,-0.009695,-0.019468,5.843,4.2154
2024-12-01,2756.825051,0.5,-0.000252,-0.000582,5.841529,4.212945
2024-12-02,2808.064696,0.0,-0.000421,0.018586,5.839067,4.291249
2024-12-03,2767.517755,0.0,7.9e-05,-0.014439,5.839526,4.229286
2024-12-04,2742.639408,0.0,7.9e-05,-0.008989,5.839985,4.191267
2024-12-05,2727.262853,0.0,7.9e-05,-0.005606,5.840444,4.167769
2024-12-08,2651.358474,0.0,7.9e-05,-0.027832,5.840903,4.051773
2024-12-09,2715.671824,0.0,7.9e-05,0.024257,5.841362,4.150056
2024-12-10,2743.380609,0.0,7.9e-05,0.010203,5.841821,4.1924
2024-12-11,2787.869925,0.0,7.9e-05,0.016217,5.84228,4.260388
2024-12-12,2801.729802,0.0,7.9e-05,0.004971,5.842739,4.281568
2024-12-15,2795.56355,0.0,7.9e-05,-0.002201,5.843198,4.272145
2024-12-16,2759.442151,0.5,-0.006921,-0.012921,5.802756,4.216945
2024-12-17,2790.464265,0.5,0.00566,0.011242,5.835602,4.264352
2024-12-18,2735.989991,0.5,-0.009721,-0.019522,5.778871,4.181105
2024-12-19,2700.295268,0.5,-0.006484,-0.013046,5.741402,4.126557
2024-12-22,2742.819018,0.5,0.007913,0.015748,5.786835,4.191542
2024-12-23,2741.14549,0.0,-0.000421,-0.00061,5.784396,4.188984
2024-12-25,2728.958867,0.0,7.9e-05,-0.004446,5.784851,4.170361
2024-12-26,2700.991772,0.0,7.9e-05,-0.010248,5.785305,4.127622
2024-12-29,2695.061344,0.0,7.9e-05,-0.002196,5.78576,4.118559
2025-01-01,2694.44354,0.0,7.9e-05,-0.000229,5.786214,4.117615
2025-01-02,2742.717833,0.0,7.9e-05,0.017916,5.786669,4.191387
2025-01-05,2795.192812,0.0,7.9e-05,0.019132,5.787124,4.271578
2025-01-06,2799.079249,0.0,7.9e-05,0.00139,5.787579,4.277518
2025-01-07,2831.595281,0.0,7.9e-05,0.011617,5.788033,4.327208
2025-01-08,2832.54982,0.0,7.9e-05,0.000337,5.788488,4.328667
2025-01-09,2825.676096,0.0,7.9e-05,-0.002427,5.788943,4.318163
2025-01-12,2796.226325,0.0,7.9e-05,-0.010422,5.789398,4.273158
2025-01-13,2805.031888,0.0,7.9e-05,0.003149,5.789853,4.286614
2025-01-14,2804.369387,0.0,7.9e-05,-0.000236,5.790308,4.285602
2025-01-15,2838.8285,0.0,7.9e-05,0.012288,5.790763,4.338262
2025-01-16,2834.403233,0.0,7.9e-05,-0.001559,5.791218,4.331499
2025-01-19,2830.4721,0.0,7.9e-05,-0.001387,5.791673,4.325492
2025-01-20,2828.203253,0.0,7.9e-05,-0.000802,5.792128,4.322025
2025-01-21,2860.809227,0.0,7.9e-05,0.011529,5.792584,4.371853
2025-01-22,2825.350329,0.0,7.9e-05,-0.012395,5.793039,4.317665
2025-01-23,2849.28538,0.0,7.9e-05,0.008472,5.793494,4.354242
2025-01-30,2827.462052,0.5,-0.00429,-0.007659,5.768638,4.320892
2025-02-02,2756.229733,0.5,-0.012557,-0.025193,5.6962,4.212036
2025-02-03,2787.38676,0.0,-0.000421,0.011304,5.6938,4.259649
2025-02-04,2818.364177,0.0,7.9e-05,0.011113,5.694247,4.306989
2025-02-05,2849.229166,0.0,7.9e-05,0.010951,5.694695,4.354156
2025-02-06,2832.572306,0.0,7.9e-05,-0.005846,5.695142,4.328701
2025-02-09,2831.842348,0.0,7.9e-05,-0.000258,5.69559,4.327586
2025-02-10,2851.812537,0.0,7.9e-05,0.007052,5.696037,4.358104
2025-02-11,2862.302872,0.0,7.9e-05,0.003678,5.696485,4.374135
2025-02-12,2901.367136,0.0,7.9e-05,0.013648,5.696932,4.433833
2025-02-13,2910.217945,0.0,7.9e-05,0.003051,5.69738,4.447358
2025-02-16,2931.973816,0.0,7.9e-05,0.007476,5.697828,4.480605
2025-02-17,2950.382905,0.5,0.002679,0.006279,5.71309,4.508738
2025-02-18,3000.600279,0.5,0.00855,0.017021,5.761935,4.58548
2025-02-19,2980.989585,0.5,-0.003229,-0.006536,5.743333,4.555511
2025-02-20,2981.573661,0.5,0.000137,0.000196,5.744121,4.556403
2025-02-23,2971.11678,0.5,-0.001714,-0.003507,5.734274,4.540423
2025-02-24,2954.291552,1.0,-0.006163,-0.005663,5.698934,4.514711
2025-02-25,2966.421961,1.0,0.004106,0.004106,5.722334,4.533249
2025-02-26,2944.699544,1.0,-0.007323,-0.007323,5.680431,4.500053
2025-02-27,2844.770171,1.0,-0.033935,-0.033935,5.487663,4.347342
2025-03-03,2840.434572,0.5,-0.001223,-0.001524,5.480953,4.340716
2025-03-04,2873.242643,0.5,0.005814,0.01155,5.512822,4.390853
2025-03-05,2893.493627,0.5,0.003563,0.007048,5.532466,4.421801
2025-03-06,2879.25177,0.5,-0.002422,-0.004922,5.519068,4.400036
2025-03-09,2887.012852,0.5,0.001387,0.002696,5.526724,4.411897
2025-03-10,2850.18398,0.5,-0.006339,-0.012757,5.491689,4.355615
2025-03-11,2891.98874,0.5,0.007373,0.014667,5.532179,4.419501
2025-03-12,2890.663189,0.5,-0.00019,-0.000458,5.531129,4.417475
2025-03-13,2882.486674,0.5,-0.001375,-0.002829,5.523524,4.40498
