date,price,weight,strategy_ret,bench_ret,strategy,benchmark
1997-09-23,654.37,0.0,7.9e-05,0.0,1.000079,1.0
1997-09-24,655.75,0.0,7.9e-05,0.002109,1.000157,1.002109
1997-09-25,647.0,0.0,7.9e-05,-0.013343,1.000236,0.988737
1997-09-26,638.26,0.0,7.9e-05,-0.013509,1.000314,0.975381
1997-09-29,625.07,0.0,7.9e-05,-0.020666,1.000393,0.955224
1997-09-30,647.11,0.0,7.9e-05,0.03526,1.000472,0.988905
1997-10-01,644.92,0.0,7.9e-05,-0.003384,1.00055,0.985559
1997-10-02,636.65,0.0,7.9e-05,-0.012823,1.000629,0.972921
1997-10-06,644.21,0.0,7.9e-05,0.011875,1.000707,0.984474
1997-10-07,630.03,0.0,7.9e-05,-0.022011,1.000786,0.962804
1997-10-08,610.44,0.0,7.9e-05,-0.031094,1.000865,0.932867
1997-10-09,609.36,0.0,7.9e-05,-0.001769,1.000943,0.931216
1997-10-10,609.84,0.0,7.9e-05,0.000788,1.001022,0.93195
1997-10-13,613.0,0.0,7.9e-05,0.005182,1.001101,0.936779
1997-10-14,620.68,0.0,7.9e-05,0.012529,1.001179,0.948515
1997-10-15,604.74,0.0,7.9e-05,-0.025682,1.001258,0.924156
1997-10-16,579.25,0.0,7.9e-05,-0.04215,1.001337,0.885203
1997-10-17,585.49,0.0,7.9e-05,0.010773,1.001415,0.894738
1997-10-20,565.64,0.0,7.9e-05,-0.033903,1.001494,0.864404
1997-10-21,566.85,0.0,7.9e-05,0.002139,1.001573,0.866253
1997-10-22,601.32,0.0,7.9e-05,0.06081,1.001652,0.91893
1997-10-23,604.06,0.0,7.9e-05,0.004557,1.00173,0.923117
1997-10-24,570.91,0.0,7.9e-05,-0.054879,1.001809,0.872457
1997-10-27,530.47,0.0,7.9e-05,-0.070834,1.001888,0.810658
1997-10-28,495.28,0.0,7.9e-05,-0.066337,1.001966,0.756881
1997-10-29,506.64,0.0,7.9e-05,0.022937,1.002045,0.774241
1997-10-30,485.08,0.0,7.9e-05,-0.042555,1.002124,0.741293
1997-10-31,470.79,0.0,7.9e-05,-0.029459,1.002203,0.719455
1997-11-03,511.66,0.0,7.9e-05,0.086812,1.002281,0.781912
1997-11-04,542.13,0.0,7.9e-05,0.059551,1.00236,0.828476
1997-11-05,555.74,0.0,7.9e-05,0.025105,1.002439,0.849275
1997-11-06,553.87,0.0,7.9e-05,-0.003365,1.002518,0.846417
1997-11-07,515.63,0.0,7.9e-05,-0.069041,1.002597,0.787979
1997-11-10,525.32,0.0,7.9e-05,0.018793,1.002675,0.802787
1997-11-11,522.11,0.0,7.9e-05,-0.006111,1.002754,0.797882
1997-11-12,517.49,0.0,7.9e-05,-0.008849,1.002833,0.790822
1997-11-13,519.47,0.0,7.9e-05,0.003826,1.002912,0.793848
1997-11-14,520.01,0.0,7.9e-05,0.00104,1.002991,0.794673
1997-11-17,496.98,0.0,7.9e-05,-0.044288,1.003069,0.759479
1997-11-18,494.66,0.0,7.9e-05,-0.004668,1.003148,0.755933
1997-11-19,502.59,0.0,7.9e-05,0.016031,1.003227,0.768052
1997-11-20,488.41,0.0,7.9e-05,-0.028214,1.003306,0.746382
1997-11-21,506.07,0.0,7.9e-05,0.036158,1.003385,0.77337
1997-11-24,450.64,0.0,7.9e-05,-0.10953,1.003464,0.688662
1997-11-25,439.59,0.0,7.9e-05,-0.024521,1.003542,0.671776
1997-11-26,438.7,0.0,7.9e-05,-0.002025,1.003621,0.670416
1997-11-27,433.1,0.0,7.9e-05,-0.012765,1.0037,0.661858
1997-11-28,411.91,0.0,7.9e-05,-0.048926,1.003779,0.629476
1997-12-01,393.16,0.0,7.9e-05,-0.04552,1.003858,0.600822
1997-12-02,376.87,0.0,7.9e-05,-0.041434,1.003937,0.575928
1997-12-03,379.31,0.0,7.9e-05,0.006474,1.004016,0.579657
1997-12-04,405.81,0.0,7.9e-05,0.069864,1.004095,0.620154
1997-12-05,434.12,0.0,7.9e-05,0.069762,1.004174,0.663417
1997-12-08,414.83,0.0,7.9e-05,-0.044435,1.004252,0.633938
1997-12-09,388.0,0.0,7.9e-05,-0.064677,1.004331,0.592937
1997-12-10,399.85,0.0,7.9e-05,0.030541,1.00441,0.611046
1997-12-11,377.37,0.0,7.9e-05,-0.056221,1.004489,0.576692
1997-12-12,350.68,0.0,7.9e-05,-0.070726,1.004568,0.535905
1997-12-15,385.8,0.0,7.9e-05,0.100148,1.004647,0.589575
1997-12-16,404.26,0.0,7.9e-05,0.047849,1.004726,0.617785
1997-12-17,418.49,0.0,7.9e-05,0.0352,1.004805,0.639531
1997-12-19,397.02,0.0,7.9e-05,-0.051303,1.004884,0.606721
1997-12-22,396.06,0.0,7.9e-05,-0.002418,1.004963,0.605254
1997-12-23,366.36,0.0,7.9e-05,-0.074989,1.005042,0.559867
1997-12-24,351.45,0.0,7.9e-05,-0.040698,1.005121,0.537081
1997-12-26,375.15,0.0,7.9e-05,0.067435,1.0052,0.5733
1998-01-05,396.49,0.0,7.9e-05,0.056884,1.005279,0.605911
1998-01-06,406.34,0.0,7.9e-05,0.024843,1.005358,0.620964
1998-01-07,409.42,0.0,7.9e-05,0.00758,1.005437,0.62567
1998-01-08,423.96,0.0,7.9e-05,0.035514,1.005516,0.64789
1998-01-09,414.0,0.0,7.9e-05,-0.023493,1.005595,0.63267
1998-01-12,456.2,0.0,7.9e-05,0.101932,1.005674,0.697159
1998-01-13,463.74,0.0,7.9e-05,0.016528,1.005753,0.708682
1998-01-14,475.13,0.0,7.9e-05,0.024561,1.005832,0.726088
1998-01-15,505.98,0.0,7.9e-05,0.06493,1.005911,0.773232
1998-01-16,488.1,0.0,7.9e-05,-0.035337,1.00599,0.745908
1998-01-19,528.77,0.0,7.9e-05,0.083323,1.006069,0.80806
1998-01-20,533.55,0.0,7.9e-05,0.00904,1.006148,0.815364
1998-01-21,506.66,0.0,7.9e-05,-0.050398,1.006227,0.774271
1998-01-22,483.99,0.0,7.9e-05,-0.044744,1.006306,0.739627
1998-01-23,486.86,0.0,7.9e-05,0.00593,1.006385,0.744013
1998-01-26,518.64,0.5,0.032177,0.065275,1.038768,0.792579
1998-01-30,558.33,0.5,0.038303,0.076527,1.078556,0.853233
1998-02-02,543.68,1.0,-0.026739,-0.026239,1.049716,0.830845
1998-02-03,550.21,1.0,0.012011,0.012011,1.062324,0.840824
1998-02-04,547.28,1.0,-0.005325,-0.005325,1.056667,0.836346
1998-02-05,528.05,1.0,-0.035137,-0.035137,1.019538,0.806959
1998-02-06,540.45,1.0,0.023483,0.023483,1.04348,0.825909
1998-02-09,554.24,0.5,0.012297,0.025516,1.056312,0.846983
1998-02-10,541.77,0.5,-0.01121,-0.022499,1.04447,0.827926
1998-02-11,520.14,0.5,-0.019923,-0.039925,1.023661,0.794871
1998-02-12,512.49,0.5,-0.007314,-0.014708,1.016173,0.783181
1998-02-13,506.2,0.5,-0.006097,-0.012273,1.009977,0.773568
1998-02-16,476.98,0.5,-0.028823,-0.057724,0.980867,0.728915
1998-02-17,471.73,0.5,-0.005464,-0.011007,0.975508,0.720892
1998-02-18,487.73,0.5,0.016998,0.033918,0.992089,0.745343
1998-02-19,513.45,0.5,0.026406,0.052734,1.018287,0.784648
1998-02-20,522.13,0.5,0.008492,0.016905,1.026934,0.797912
1998-02-23,543.06,0.5,0.020082,0.040086,1.047557,0.829897
1998-02-24,540.89,0.5,-0.001959,-0.003996,1.045505,0.826581
1998-02-25,516.38,0.5,-0.022618,-0.045314,1.021858,0.789125
1998-02-26,524.98,0.5,0.008366,0.016654,1.030408,0.802268
1998-02-27,548.42,0.5,0.022364,0.044649,1.053452,0.838089
1998-03-02,574.35,1.0,0.046781,0.047281,1.102733,0.877714
1998-03-03,570.89,1.0,-0.006024,-0.006024,1.09609,0.872427
1998-03-04,572.76,1.0,0.003276,0.003276,1.099681,0.875285
1998-03-05,535.68,1.0,-0.064739,-0.064739,1.028488,0.818619
1998-03-06,522.55,1.0,-0.024511,-0.024511,1.003279,0.798554
1998-03-09,507.71,0.5,-0.01466,-0.028399,0.988571,0.775876
1998-03-10,525.56,0.5,0.017618,0.035158,1.005988,0.803154
1998-03-11,531.05,0.5,0.005262,0.010446,1.011281,0.811544
1998-03-12,535.84,0.5,0.004549,0.00902,1.015882,0.818864
1998-03-13,536.16,0.5,0.000338,0.000597,1.016225,0.819353
1998-03-16,528.88,1.0,-0.014078,-0.013578,1.001919,0.808228
1998-03-17,515.51,1.0,-0.02528,-0.02528,0.97659,0.787796
1998-03-18,518.08,1.0,0.004985,0.004985,0.981459,0.791723
1998-03-19,521.73,1.0,0.007045,0.007045,0.988374,0.797301
1998-03-20,525.95,1.0,0.008088,0.008088,0.996368,0.80375
1998-03-23,511.9,1.0,-0.026714,-0.026714,0.969752,0.782279
1998-03-24,508.43,1.0,-0.006779,-0.006779,0.963178,0.776976
1998-03-25,510.14,1.0,0.003363,0.003363,0.966417,0.77959
1998-03-26,501.13,1.0,-0.017662,-0.017662,0.949349,0.765821
1998-03-27,503.08,1.0,0.003891,0.003891,0.953043,0.768801
1998-03-30,482.33,0.5,-0.021084,-0.041246,0.932949,0.737091
1998-03-31,481.04,0.5,-0.001298,-0.002675,0.931738,0.735119
1998-04-01,468.22,0.5,-0.013286,-0.026651,0.919359,0.715528
1998-04-02,453.66,0.5,-0.015509,-0.031096,0.905101,0.693278
1998-04-03,434.45,0.5,-0.021133,-0.042344,0.885973,0.663921
1998-04-06,435.92,0.0,-0.000421,0.003384,0.8856,0.666167
1998-04-07,459.58,0.0,7.9e-05,0.054276,0.88567,0.702324
1998-04-08,455.53,0.0,7.9e-05,-0.008812,0.885739,0.696135
1998-04-09,468.11,0.0,7.9e-05,0.027616,0.885809,0.71536
1998-04-10,468.29,0.0,7.9e-05,0.000385,0.885878,0.715635
1998-04-13,494.89,0.5,0.02794,0.056802,0.91063,0.756285
1998-04-14,467.63,0.5,-0.027502,-0.055083,0.885586,0.714626
1998-04-15,467.87,0.5,0.000296,0.000513,0.885848,0.714993
1998-04-16,454.15,0.5,-0.014623,-0.029324,0.872894,0.694026
1998-04-17,450.23,0.5,-0.004276,-0.008632,0.869161,0.688036
1998-04-20,435.73,0.0,-0.000421,-0.032206,0.868795,0.665877
1998-04-21,439.21,0.0,7.9e-05,0.007987,0.868863,0.671195
1998-04-22,431.81,0.0,7.9e-05,-0.016848,0.868932,0.659887
1998-04-23,416.54,0.0,7.9e-05,-0.035363,0.869,0.636551
1998-04-24,414.56,0.0,7.9e-05,-0.004753,0.869068,0.633525
1998-04-27,406.25,0.0,7.9e-05,-0.020045,0.869137,0.620826
1998-04-28,402.39,0.0,7.9e-05,-0.009502,0.869205,0.614927
1998-04-29,417.05,0.0,7.9e-05,0.036432,0.869273,0.637331
1998-04-30,421.22,0.0,7.9e-05,0.009999,0.869342,0.643703
1998-05-04,391.8,0.0,7.9e-05,-0.069845,0.86941,0.598744
1998-05-06,376.23,0.0,7.9e-05,-0.03974,0.869478,0.57495
1998-05-07,379.47,0.0,7.9e-05,0.008612,0.869547,0.579901
1998-05-08,373.04,0.0,7.9e-05,-0.016945,0.869615,0.570075
1998-05-11,361.58,0.0,7.9e-05,-0.030721,0.869683,0.552562
1998-05-12,351.86,0.0,7.9e-05,-0.026882,0.869752,0.537708
1998-05-13,356.58,0.0,7.9e-05,0.013414,0.86982,0.544921
1998-05-14,362.94,0.0,7.9e-05,0.017836,0.869888,0.55464
1998-05-15,352.83,0.0,7.9e-05,-0.027856,0.869957,0.53919
1998-05-18,359.0,0.0,7.9e-05,0.017487,0.870025,0.548619
1998-05-19,362.53,0.0,7.9e-05,0.009833,0.870093,0.554014
1998-05-20,369.17,0.0,7.9e-05,0.018316,0.870162,0.564161
1998-05-21,362.3,0.0,7.9e-05,-0.018609,0.87023,0.553662
1998-05-22,353.67,0.0,7.9e-05,-0.02382,0.870298,0.540474
1998-05-25,331.9,0.0,7.9e-05,-0.061555,0.870367,0.507205
1998-05-26,311.99,0.0,7.9e-05,-0.059988,0.870435,0.476779
1998-05-27,313.48,0.0,7.9e-05,0.004776,0.870504,0.479056
1998-05-28,323.09,0.0,7.9e-05,0.030656,0.870572,0.493742
1998-05-29,336.63,0.0,7.9e-05,0.041908,0.87064,0.514434
1998-06-01,336.7,0.0,7.9e-05,0.000208,0.870709,0.514541
1998-06-02,324.1,0.0,7.9e-05,-0.037422,0.870777,0.495286
1998-06-03,332.46,0.0,7.9e-05,0.025795,0.870846,0.508061
1998-06-05,341.53,0.0,7.9e-05,0.027281,0.870914,0.521922
1998-06-08,345.88,0.0,7.9e-05,0.012737,0.870983,0.528569
1998-06-09,339.22,0.0,7.9e-05,-0.019255,0.871051,0.518392
1998-06-10,324.54,0.0,7.9e-05,-0.043276,0.87112,0.495958
1998-06-11,328.7,0.0,7.9e-05,0.012818,0.871188,0.502315
1998-06-12,302.09,0.0,7.9e-05,-0.080955,0.871256,0.46165
1998-06-15,288.21,0.0,7.9e-05,-0.045947,0.871325,0.440439
1998-06-16,280.0,0.0,7.9e-05,-0.028486,0.871393,0.427892
1998-06-17,303.81,0.0,7.9e-05,0.085036,0.871462,0.464279
1998-06-18,325.49,0.0,7.9e-05,0.07136,0.87153,0.49741
1998-06-19,313.26,0.0,7.9e-05,-0.037574,0.871599,0.47872
1998-06-22,311.27,0.0,7.9e-05,-0.006353,0.871667,0.475679
1998-06-23,303.31,0.0,7.9e-05,-0.025573,0.871736,0.463515
1998-06-24,301.72,0.0,7.9e-05,-0.005242,0.871804,0.461085
1998-06-25,300.57,0.0,7.9e-05,-0.003811,0.871873,0.459327
1998-06-26,298.54,0.0,7.9e-05,-0.006754,0.871941,0.456225
1998-06-29,298.6,0.0,7.9e-05,0.000201,0.87201,0.456317
1998-06-30,297.88,0.0,7.9e-05,-0.002411,0.872078,0.455216
1998-07-01,315.56,0.0,7.9e-05,0.059353,0.872147,0.482235
1998-07-02,311.77,0.0,7.9e-05,-0.01201,0.872215,0.476443
1998-07-03,308.53,0.0,7.9e-05,-0.010392,0.872284,0.471492
1998-07-06,309.61,0.0,7.9e-05,0.0035,0.872353,0.473142
1998-07-07,317.5,0.0,7.9e-05,0.025484,0.872421,0.4852
1998-07-08,318.79,0.0,7.9e-05,0.004063,0.87249,0.487171
1998-07-09,319.02,0.0,7.9e-05,0.000721,0.872558,0.487522
1998-07-10,309.28,0.0,7.9e-05,-0.030531,0.872627,0.472638
1998-07-13,301.37,0.0,7.9e-05,-0.025576,0.872695,0.46055
1998-07-14,306.73,0.0,7.9e-05,0.017785,0.872764,0.468741
1998-07-15,313.42,0.0,7.9e-05,0.021811,0.872833,0.478965
1998-07-16,330.35,0.0,7.9e-05,0.054017,0.872901,0.504837
1998-07-20,365.18,0.0,7.9e-05,0.105434,0.87297,0.558063
1998-07-21,364.76,0.0,7.9e-05,-0.00115,0.873038,0.557422
1998-07-22,362.07,0.0,7.9e-05,-0.007375,0.873107,0.553311
1998-07-23,341.46,0.0,7.9e-05,-0.056923,0.873176,0.521815
1998-07-24,343.79,0.0,7.9e-05,0.006824,0.873244,0.525376
1998-07-27,329.8,0.0,7.9e-05,-0.040693,0.873313,0.503996
1998-07-28,335.33,0.0,7.9e-05,0.016768,0.873381,0.512447
1998-07-29,344.41,0.0,7.9e-05,0.027078,0.87345,0.526323
1998-07-30,344.91,0.0,7.9e-05,0.001452,0.873519,0.527087
1998-07-31,343.33,0.0,7.9e-05,-0.004581,0.873587,0.524673
1998-08-03,329.47,0.0,7.9e-05,-0.040369,0.873656,0.503492
1998-08-04,333.2,0.0,7.9e-05,0.011321,0.873725,0.509192
1998-08-05,322.83,0.0,7.9e-05,-0.031122,0.873793,0.493345
1998-08-06,320.57,0.0,7.9e-05,-0.007001,0.873862,0.489891
1998-08-07,321.71,0.0,7.9e-05,0.003556,0.873931,0.491633
1998-08-10,311.95,0.0,7.9e-05,-0.030338,0.873999,0.476718
1998-08-11,311.25,0.0,7.9e-05,-0.002244,0.874068,0.475648
1998-08-12,305.35,0.0,7.9e-05,-0.018956,0.874137,0.466632
1998-08-13,303.01,0.0,7.9e-05,-0.007663,0.874205,0.463056
1998-08-14,304.61,0.0,7.9e-05,0.00528,0.874274,0.465501
1998-08-17,301.62,0.0,7.9e-05,-0.009816,0.874343,0.460932
1998-08-18,291.15,0.0,7.9e-05,-0.034713,0.874412,0.444932
1998-08-19,301.9,0.0,7.9e-05,0.036923,0.87448,0.46136
1998-08-20,316.59,0.0,7.9e-05,0.048658,0.874549,0.483809
1998-08-21,316.62,0.0,7.9e-05,9.5e-05,0.874618,0.483855
1998-08-24,305.15,0.0,7.9e-05,-0.036226,0.874686,0.466326
1998-08-25,310.23,0.0,7.9e-05,0.016648,0.874755,0.47409
1998-08-26,317.56,0.0,7.9e-05,0.023628,0.874824,0.485291
1998-08-27,313.92,0.0,7.9e-05,-0.011462,0.874893,0.479729
1998-08-28,309.32,0.0,7.9e-05,-0.014653,0.874961,0.472699
1998-08-31,310.16,0.0,7.9e-05,0.002716,0.87503,0.473983
1998-09-01,309.71,0.0,7.9e-05,-0.001451,0.875099,0.473295
1998-09-02,314.4,0.0,7.9e-05,0.015143,0.875168,0.480462
1998-09-03,314.78,0.0,7.9e-05,0.001209,0.875236,0.481043
1998-09-04,314.22,0.0,7.9e-05,-0.001779,0.875305,0.480187
1998-09-07,328.22,0.0,7.9e-05,0.044555,0.875374,0.501582
1998-09-08,326.34,0.0,7.9e-05,-0.005728,0.875443,0.498709
1998-09-09,329.22,0.0,7.9e-05,0.008825,0.875512,0.50311
1998-09-10,338.95,0.0,7.9e-05,0.029555,0.87558,0.517979
1998-09-11,320.61,0.0,7.9e-05,-0.054108,0.875649,0.489952
1998-09-14,314.24,0.0,7.9e-05,-0.019868,0.875718,0.480218
1998-09-15,307.27,0.0,7.9e-05,-0.02218,0.875787,0.469566
1998-09-16,313.17,0.0,7.9e-05,0.019201,0.875856,0.478582
1998-09-17,310.88,0.0,7.9e-05,-0.007312,0.875925,0.475083
1998-09-18,302.21,0.0,7.9e-05,-0.027889,0.875993,0.461834
1998-09-21,297.45,0.0,7.9e-05,-0.015751,0.876062,0.454559
1998-09-22,292.61,0.0,7.9e-05,-0.016272,0.876131,0.447163
1998-09-23,291.93,0.0,7.9e-05,-0.002324,0.8762,0.446124
1998-09-24,310.75,0.0,7.9e-05,0.064468,0.876269,0.474884
1998-09-25,303.79,0.0,7.9e-05,-0.022397,0.876338,0.464248
1998-09-28,305.73,0.0,7.9e-05,0.006386,0.876406,0.467213
1998-09-29,312.33,0.0,7.9e-05,0.021588,0.876475,0.477299
1998-09-30,310.32,0.0,7.9e-05,-0.006436,0.876544,0.474227
1998-10-01,305.64,0.0,7.9e-05,-0.015081,0.876613,0.467075
1998-10-02,308.25,0.0,7.9e-05,0.008539,0.876682,0.471064
1998-10-07,313.49,0.0,7.9e-05,0.016999,0.876751,0.479071
1998-10-08,305.22,0.0,7.9e-05,-0.02638,0.87682,0.466433
1998-10-09,327.96,0.0,7.9e-05,0.074504,0.876889,0.501184
1998-10-12,352.17,0.0,7.9e-05,0.07382,0.876958,0.538182
1998-10-13,346.08,0.0,7.9e-05,-0.017293,0.877027,0.528875
1998-10-14,346.13,0.0,7.9e-05,0.000144,0.877095,0.528952
1998-10-15,368.74,0.0,7.9e-05,0.065322,0.877164,0.563504
1998-10-16,374.01,0.0,7.9e-05,0.014292,0.877233,0.571557
1998-10-19,373.97,0.5,-0.000514,-0.000107,0.876782,0.571496
1998-10-20,388.35,0.5,0.019265,0.038452,0.893674,0.593472
1998-10-21,380.8,0.5,-0.009681,-0.019441,0.885022,0.581934
1998-10-22,382.52,0.5,0.002298,0.004517,0.887055,0.584562
1998-10-23,378.83,0.5,-0.004784,-0.009647,0.882812,0.578923
1998-10-26,373.32,0.5,-0.007233,-0.014545,0.876426,0.570503
1998-10-27,360.43,0.5,-0.017225,-0.034528,0.86133,0.550805
1998-10-28,363.91,0.5,0.004867,0.009655,0.865522,0.556123
1998-10-29,370.3,0.5,0.008819,0.017559,0.873155,0.565888
1998-10-30,384.75,0.5,0.01955,0.039022,0.890226,0.58797
1998-11-02,404.61,1.0,0.051118,0.051618,0.935732,0.61832
1998-11-03,407.64,1.0,0.007489,0.007489,0.94274,0.62295
1998-11-04,413.47,1.0,0.014302,0.014302,0.956222,0.63186
1998-11-05,418.2,1.0,0.01144,0.01144,0.967161,0.639088
1998-11-06,416.3,1.0,-0.004543,-0.004543,0.962767,0.636184
1998-11-09,424.45,1.0,0.019577,0.019577,0.981616,0.648639
1998-11-10,403.24,1.0,-0.049971,-0.049971,0.932564,0.616226
1998-11-11,400.7,1.0,-0.006299,-0.006299,0.92669,0.612345
1998-11-12,403.52,1.0,0.007038,0.007038,0.933211,0.616654
1998-11-13,404.3,1.0,0.001933,0.001933,0.935015,0.617846
1998-11-16,422.21,1.0,0.044299,0.044299,0.976435,0.645216
1998-11-17,424.43,1.0,0.005258,0.005258,0.981569,0.648609
1998-11-18,423.74,1.0,-0.001626,-0.001626,0.979974,0.647554
1998-11-19,441.06,1.0,0.040874,0.040874,1.020029,0.674022
1998-11-20,452.93,1.0,0.026912,0.026912,1.047481,0.692162
1998-11-23,453.95,1.0,0.002252,0.002252,1.04984,0.693721
1998-11-24,460.78,1.0,0.015046,0.015046,1.065635,0.704158
1998-11-25,461.01,1.0,0.000499,0.000499,1.066167,0.70451
1998-11-26,446.59,1.0,-0.031279,-0.031279,1.032818,0.682473
1998-11-27,447.0,1.0,0.000918,0.000918,1.033767,0.6831
1998-11-30,451.88,1.0,0.010917,0.010917,1.045052,0.690557
1998-12-01,445.96,1.0,-0.013101,-0.013101,1.031361,0.68151
1998-12-02,446.35,1.0,0.000875,0.000875,1.032263,0.682106
1998-12-03,448.11,1.0,0.003943,0.003943,1.036334,0.684796
1998-12-04,466.34,1.0,0.040682,0.040682,1.078494,0.712655
1998-12-07,514.52,1.0,0.103315,0.103315,1.189918,0.786283
1998-12-08,509.85,1.0,-0.009076,-0.009076,1.179118,0.779146
1998-12-09,526.52,1.0,0.032696,0.032696,1.217671,0.804621
1998-12-10,567.61,1.0,0.078041,0.078041,1.312698,0.867414
1998-12-11,555.17,1.0,-0.021916,-0.021916,1.283929,0.848404
1998-12-14,559.3,1.0,0.007439,0.007439,1.29348,0.854715
1998-12-15,579.86,1.0,0.03676,0.03676,1.341029,0.886135
1998-12-16,545.97,1.0,-0.058445,-0.058445,1.262652,0.834344
1998-12-17,528.89,1.0,-0.031284,-0.031284,1.223152,0.808243
1998-12-18,524.85,1.0,-0.007639,-0.007639,1.213808,0.802069
1998-12-21,565.27,1.0,0.077012,0.077012,1.307287,0.863839
1998-12-22,547.75,1.0,-0.030994,-0.030994,1.266769,0.837065
1998-12-23,553.53,1.0,0.010552,0.010552,1.280136,0.845898
1998-12-24,555.36,1.0,0.003306,0.003306,1.284368,0.848694
1998-12-28,562.46,1.0,0.012785,0.012785,1.300788,0.859544
1999-01-04,587.57,1.0,0.044643,0.044643,1.35886,0.897917
1999-01-05,576.78,1.0,-0.018364,-0.018364,1.333906,0.881428
1999-01-06,612.36,1.0,0.061687,0.061687,1.416191,0.935801
1999-01-07,637.59,1.0,0.041201,0.041201,1.47454,0.974357
1999-01-08,626.33,1.0,-0.01766,-0.01766,1.448499,0.95715
1999-01-11,640.95,1.0,0.023342,0.023342,1.48231,0.979492
1999-01-12,631.19,1.0,-0.015227,-0.015227,1.459738,0.964577
1999-01-13,633.03,1.0,0.002915,0.002915,1.463994,0.967388
1999-01-14,604.42,1.0,-0.045195,-0.045195,1.397828,0.923667
1999-01-15,614.57,1.0,0.016793,0.016793,1.421302,0.939178
1999-01-18,622.52,1.0,0.012936,0.012936,1.439688,0.951327
1999-01-19,618.12,1.0,-0.007068,-0.007068,1.429512,0.944603
1999-01-20,613.43,1.0,-0.007588,-0.007588,1.418665,0.937436
1999-01-21,582.04,1.0,-0.051171,-0.051171,1.34607,0.889466
1999-01-22,550.58,1.0,-0.054051,-0.054051,1.273314,0.841389
1999-01-25,539.76,1.0,-0.019652,-0.019652,1.24829,0.824854
1999-01-26,531.23,1.0,-0.015803,-0.015803,1.228563,0.811819
1999-01-27,565.2,1.0,0.063946,0.063946,1.307125,0.863732
1999-01-28,571.47,1.0,0.011093,0.011093,1.321625,0.873313
1999-01-29,571.43,1.0,-7e-05,-7e-05,1.321533,0.873252
1999-02-01,581.67,1.0,0.01792,0.01792,1.345215,0.888901
1999-02-02,567.28,1.0,-0.024739,-0.024739,1.311935,0.86691
1999-02-03,553.33,1.0,-0.024591,-0.024591,1.279673,0.845592
1999-02-04,550.15,1.0,-0.005747,-0.005747,1.272319,0.840732
1999-02-05,551.39,1.0,0.002254,0.002254,1.275187,0.842627
1999-02-08,545.38,1.0,-0.0109,-0.0109,1.261288,0.833443
1999-02-09,523.38,1.0,-0.040339,-0.040339,1.210409,0.799823
1999-02-10,524.49,1.0,0.002121,0.002121,1.212976,0.801519
1999-02-11,523.99,1.0,-0.000953,-0.000953,1.21182,0.800755
1999-02-12,551.77,1.0,0.053016,0.053016,1.276066,0.843208
1999-02-18,536.41,1.0,-0.027838,-0.027838,1.240543,0.819735
1999-02-19,522.18,1.0,-0.026528,-0.026528,1.207634,0.797989
1999-02-22,508.49,0.5,-0.013569,-0.026217,1.191247,0.777068
1999-02-23,502.88,0.5,-0.005477,-0.011033,1.184722,0.768495
1999-02-24,498.42,0.5,-0.004395,-0.008869,1.179515,0.761679
1999-02-25,499.14,0.5,0.000762,0.001445,1.180414,0.762779
1999-02-26,520.06,0.5,0.020995,0.041912,1.205197,0.794749
1999-03-02,533.97,0.5,0.013413,0.026747,1.221362,0.816006
1999-03-03,534.49,0.5,0.000526,0.000974,1.222005,0.816801
1999-03-04,532.29,0.5,-0.002019,-0.004116,1.219538,0.813439
1999-03-05,539.19,0.5,0.006521,0.012963,1.22749,0.823983
1999-03-08,571.84,0.5,0.030316,0.060554,1.264703,0.873879
1999-03-09,572.85,0.5,0.000922,0.001766,1.265869,0.875422
1999-03-10,569.27,0.5,-0.003085,-0.006249,1.261964,0.869951
1999-03-11,582.07,0.5,0.011282,0.022485,1.276201,0.889512
1999-03-12,590.8,0.5,0.007538,0.014998,1.285821,0.902853
1999-03-15,592.02,0.5,0.001072,0.002065,1.287199,0.904718
1999-03-16,601.83,0.5,0.008324,0.01657,1.297915,0.919709
1999-03-17,600.52,0.5,-0.001049,-0.002177,1.296553,0.917707
1999-03-18,578.98,0.5,-0.017895,-0.035869,1.273351,0.88479
1999-03-19,604.22,0.5,0.021836,0.043594,1.301156,0.923361
1999-03-22,607.74,0.5,0.002952,0.005826,1.304997,0.928741
1999-03-23,614.34,0.5,0.005469,0.01086,1.312135,0.938827
1999-03-24,611.48,0.5,-0.002288,-0.004655,1.309132,0.934456
1999-03-25,611.07,0.5,-0.000296,-0.000671,1.308745,0.933829
1999-03-26,609.79,0.5,-0.001008,-0.002095,1.307425,0.931873
1999-03-29,601.07,1.0,-0.0148,-0.0143,1.288075,0.918548
1999-03-30,618.05,1.0,0.02825,0.02825,1.324463,0.944496
1999-03-31,618.98,1.0,0.001505,0.001505,1.326456,0.945917
1999-04-01,636.89,1.0,0.028935,0.028935,1.364837,0.973287
1999-04-02,646.78,1.0,0.015529,0.015529,1.386031,0.988401
1999-04-06,666.73,0.5,0.014962,0.030845,1.406768,1.018888
1999-04-07,673.36,0.5,0.005011,0.009944,1.413818,1.02902
1999-04-08,681.19,0.5,0.005853,0.011628,1.422094,1.040986
1999-04-09,687.42,0.5,0.004612,0.009146,1.428653,1.050507
1999-04-12,689.64,1.0,0.002729,0.003229,1.432552,1.053899
1999-04-13,689.8,1.0,0.000232,0.000232,1.432884,1.054144
1999-04-14,687.41,1.0,-0.003465,-0.003465,1.42792,1.050491
1999-04-15,722.01,1.0,0.050334,0.050334,1.499792,1.103367
1999-04-16,725.14,1.0,0.004335,0.004335,1.506294,1.10815
1999-04-19,766.59,1.0,0.057161,0.057161,1.592396,1.171493
1999-04-20,770.43,1.0,0.005009,0.005009,1.600373,1.177361
1999-04-21,743.26,1.0,-0.035266,-0.035266,1.543934,1.135841
1999-04-22,740.4,1.0,-0.003848,-0.003848,1.537993,1.13147
1999-04-23,750.99,1.0,0.014303,0.014303,1.559991,1.147653
1999-04-26,776.3,1.0,0.033702,0.033702,1.612566,1.186332
1999-04-27,793.98,1.0,0.022775,0.022775,1.649292,1.21335
1999-04-28,790.03,1.0,-0.004975,-0.004975,1.641087,1.207314
1999-04-29,752.61,1.0,-0.047365,-0.047365,1.563356,1.150129
1999-04-30,752.59,1.0,-2.7e-05,-2.7e-05,1.563315,1.150099
1999-05-03,756.59,1.0,0.005315,0.005315,1.571624,1.156211
1999-05-04,771.17,1.0,0.019271,0.019271,1.60191,1.178492
1999-05-06,810.54,1.0,0.051052,0.051052,1.683691,1.238657
1999-05-07,810.62,1.0,9.9e-05,9.9e-05,1.683857,1.238779
1999-05-10,814.24,1.0,0.004466,0.004466,1.691377,1.244311
1999-05-11,781.41,1.0,-0.04032,-0.04032,1.623181,1.194141
1999-05-12,773.13,1.0,-0.010596,-0.010596,1.605981,1.181488
1999-05-13,742.37,1.0,-0.039786,-0.039786,1.542085,1.13448
1999-05-14,737.83,1.0,-0.006116,-0.006116,1.532655,1.127543
1999-05-17,717.83,1.0,-0.027107,-0.027107,1.49111,1.096979
1999-05-18,729.29,1.0,0.015965,0.015965,1.514915,1.114492
1999-05-19,734.98,1.0,0.007802,0.007802,1.526734,1.123187
1999-05-20,708.6,1.0,-0.035892,-0.035892,1.471937,1.082874
1999-05-21,710.49,1.0,0.002667,0.002667,1.475863,1.085762
1999-05-24,695.6,1.0,-0.020957,-0.020957,1.444932,1.063007
1999-05-25,698.69,1.0,0.004442,0.004442,1.451351,1.067729
1999-05-26,720.05,1.0,0.030571,0.030571,1.495721,1.100371
1999-05-27,726.66,1.0,0.00918,0.00918,1.509452,1.110473
1999-05-28,732.24,1.0,0.007679,0.007679,1.521043,1.119
1999-05-31,736.02,1.0,0.005162,0.005162,1.528895,1.124777
1999-06-01,753.72,1.0,0.024048,0.024048,1.565662,1.151825
1999-06-02,775.0,1.0,0.028233,0.028233,1.609866,1.184345
1999-06-03,778.21,1.0,0.004142,0.004142,1.616534,1.189251
1999-06-04,797.5,1.0,0.024788,0.024788,1.656604,1.218729
1999-06-07,842.32,1.0,0.056201,0.056201,1.749706,1.287223
1999-06-08,853.6,1.0,0.013392,0.013392,1.773137,1.304461
1999-06-09,803.46,1.0,-0.058739,-0.058739,1.668984,1.227837
1999-06-10,856.06,1.0,0.065467,0.065467,1.778247,1.30822
1999-06-11,848.61,1.0,-0.008703,-0.008703,1.762772,1.296835
1999-06-14,821.91,1.0,-0.031463,-0.031463,1.707309,1.256033
1999-06-15,803.72,1.0,-0.022131,-0.022131,1.669524,1.228235
1999-06-16,829.53,1.0,0.032113,0.032113,1.723138,1.267677
1999-06-17,832.26,1.0,0.003291,0.003291,1.728809,1.271849
1999-06-18,837.73,1.0,0.006572,0.006572,1.740171,1.280208
1999-06-21,869.0,1.0,0.037327,0.037327,1.805127,1.327995
1999-06-22,875.97,1.0,0.008021,0.008021,1.819605,1.338646
1999-06-23,888.63,1.0,0.014453,0.014453,1.845903,1.357993
1999-06-24,877.3,1.0,-0.01275,-0.01275,1.822368,1.340679
1999-06-25,882.08,1.0,0.005449,0.005449,1.832297,1.347984
1999-06-28,903.05,1.0,0.023773,0.023773,1.875857,1.38003
1999-06-29,897.45,1.0,-0.006201,-0.006201,1.864225,1.371472
1999-06-30,883.0,1.0,-0.016101,-0.016101,1.834208,1.349389
1999-07-01,919.98,1.0,0.04188,0.04188,1.911025,1.405902
1999-07-02,933.42,1.0,0.014609,0.014609,1.938943,1.426441
1999-07-05,962.84,1.0,0.031519,0.031519,2.000056,1.4714
1999-07-06,989.43,1.0,0.027616,0.027616,2.05529,1.512034
1999-07-07,1005.98,1.0,0.016727,0.016727,2.089668,1.537326
1999-07-08,999.11,1.0,-0.006829,-0.006829,2.075397,1.526827
1999-07-09,1027.93,1.0,0.028846,0.028846,2.135264,1.57087
1999-07-12,1004.25,1.0,-0.023037,-0.023037,2.086074,1.534682
1999-07-13,987.5,1.0,-0.016679,-0.016679,2.051281,1.509085
1999-07-14,953.67,1.0,-0.034258,-0.034258,1.981007,1.457386
1999-07-15,982.14,1.0,0.029853,0.029853,2.040147,1.500894
1999-07-16,1020.82,1.0,0.039383,0.039383,2.120494,1.560004
1999-07-19,1024.58,1.0,0.003683,0.003683,2.128305,1.56575
1999-07-20,998.45,1.0,-0.025503,-0.025503,2.074026,1.525819
1999-07-21,965.11,1.0,-0.033392,-0.033392,2.004771,1.474869
1999-07-22,976.66,1.0,0.011968,0.011968,2.028763,1.49252
1999-07-23,904.96,1.0,-0.073413,-0.073413,1.879825,1.382948
1999-07-26,872.94,1.0,-0.035383,-0.035383,1.813311,1.334016
1999-07-27,928.85,1.0,0.064048,0.064048,1.92945,1.419457
1999-07-28,944.46,1.0,0.016806,0.016806,1.961876,1.443312
1999-07-29,998.71,1.0,0.05744,0.05744,2.074566,1.526216
1999-07-30,969.72,1.0,-0.029027,-0.029027,2.014347,1.481914
1999-08-02,959.81,1.0,-0.010219,-0.010219,1.993762,1.46677
1999-08-03,973.33,1.0,0.014086,0.014086,2.021846,1.487431
1999-08-04,975.45,1.0,0.002178,0.002178,2.02625,1.49067
1999-08-05,939.07,1.0,-0.037296,-0.037296,1.95068,1.435075
1999-08-06,938.26,1.0,-0.000863,-0.000863,1.948997,1.433837
1999-08-09,948.97,1.0,0.011415,0.011415,1.971244,1.450204
1999-08-10,968.66,1.0,0.020749,0.020749,2.012145,1.480294
1999-08-11,944.08,1.0,-0.025375,-0.025375,1.961087,1.442731
1999-08-12,949.35,1.0,0.005582,0.005582,1.972034,1.450785
1999-08-13,917.47,1.0,-0.033581,-0.033581,1.905811,1.402066
1999-08-16,907.28,1.0,-0.011107,-0.011107,1.884644,1.386494
1999-08-17,873.7,1.0,-0.037012,-0.037012,1.81489,1.335177
1999-08-18,868.94,1.0,-0.005448,-0.005448,1.805002,1.327903
1999-08-19,871.18,1.0,0.002578,0.002578,1.809655,1.331326
1999-08-20,878.39,1.0,0.008276,0.008276,1.824632,1.342345
1999-08-23,917.58,1.0,0.044616,0.044616,1.90604,1.402234
1999-08-24,932.41,1.0,0.016162,0.016162,1.936845,1.424897
1999-08-25,963.0,1.0,0.032807,0.032807,2.000388,1.471644
1999-08-26,959.88,1.0,-0.00324,-0.00324,1.993907,1.466877
1999-08-27,960.28,1.0,0.000417,0.000417,1.994738,1.467488
1999-08-30,942.57,1.0,-0.018443,-0.018443,1.95795,1.440424
1999-08-31,937.88,1.0,-0.004976,-0.004976,1.948208,1.433256
1999-09-01,905.52,1.0,-0.034503,-0.034503,1.880988,1.383804
1999-09-02,898.97,1.0,-0.007233,-0.007233,1.867382,1.373795
1999-09-03,910.62,1.0,0.012959,0.012959,1.891582,1.391598
1999-09-06,943.22,0.5,0.017439,0.0358,1.92457,1.441417
1999-09-07,943.92,0.5,0.00041,0.000742,1.925359,1.442487
1999-09-08,936.93,0.5,-0.003663,-0.007405,1.918306,1.431805
1999-09-09,950.53,0.5,0.007297,0.014515,1.932304,1.452588
1999-09-10,961.98,0.5,0.006062,0.012046,1.944018,1.470086
1999-09-13,980.91,1.0,0.019178,0.019678,1.981301,1.499014
1999-09-14,968.54,1.0,-0.012611,-0.012611,1.956315,1.480111
1999-09-15,952.69,1.0,-0.016365,-0.016365,1.9243,1.455889
1999-09-16,916.16,1.0,-0.038344,-0.038344,1.850515,1.400064
1999-09-17,925.2,1.0,0.009867,0.009867,1.868774,1.413879
1999-09-20,933.88,0.5,0.00423,0.009382,1.87668,1.427144
1999-09-21,957.42,0.5,0.012643,0.025207,1.900406,1.463117
1999-09-22,941.57,0.5,-0.008238,-0.016555,1.88475,1.438895
1999-09-27,903.79,0.5,-0.020023,-0.040124,1.847012,1.381161
1999-09-28,900.73,0.5,-0.001654,-0.003386,1.843958,1.376484
1999-09-29,868.88,0.5,-0.017641,-0.03536,1.811429,1.327811
1999-09-30,836.18,0.5,-0.018778,-0.037635,1.777414,1.27784
1999-10-01,839.35,0.5,0.001935,0.003791,1.780852,1.282684
1999-10-04,818.37,0.0,-0.000421,-0.024996,1.780102,1.250623
1999-10-05,791.55,0.0,7.9e-05,-0.032772,1.780242,1.209637
1999-10-06,835.31,0.0,7.9e-05,0.055284,1.780382,1.27651
1999-10-07,851.15,0.0,7.9e-05,0.018963,1.780522,1.300717
1999-10-08,839.41,0.0,7.9e-05,-0.013793,1.780662,1.282776
1999-10-11,834.39,0.0,7.9e-05,-0.00598,1.780802,1.275104
1999-10-12,856.25,0.0,7.9e-05,0.026199,1.780942,1.30851
1999-10-13,855.52,0.0,7.9e-05,-0.000853,1.781081,1.307395
1999-10-14,866.02,0.0,7.9e-05,0.012273,1.781221,1.323441
1999-10-15,862.63,0.0,7.9e-05,-0.003914,1.781361,1.31826
1999-10-18,826.25,0.0,7.9e-05,-0.042173,1.781501,1.262665
1999-10-19,811.44,0.0,7.9e-05,-0.017924,1.781641,1.240032
1999-10-20,830.69,0.0,7.9e-05,0.023723,1.781781,1.26945
1999-10-21,818.51,0.0,7.9e-05,-0.014663,1.781921,1.250837
1999-10-22,819.52,0.0,7.9e-05,0.001234,1.782061,1.25238
1999-10-25,798.84,0.0,7.9e-05,-0.025234,1.782202,1.220777
1999-10-26,797.01,0.0,7.9e-05,-0.002291,1.782342,1.217981
1999-10-27,793.42,0.0,7.9e-05,-0.004504,1.782482,1.212494
1999-10-28,820.95,0.0,7.9e-05,0.034698,1.782622,1.254565
1999-10-29,833.51,0.0,7.9e-05,0.015299,1.782762,1.273759
1999-11-01,876.55,0.0,7.9e-05,0.051637,1.782902,1.339533
1999-11-02,890.18,0.0,7.9e-05,0.01555,1.783042,1.360362
1999-11-03,887.15,0.0,7.9e-05,-0.003404,1.783182,1.355731
1999-11-04,911.82,0.0,7.9e-05,0.027808,1.783322,1.393432
1999-11-05,913.09,0.0,7.9e-05,0.001393,1.783462,1.395373
1999-11-08,907.6,0.5,-0.003467,-0.006013,1.777279,1.386983
1999-11-09,943.46,0.5,0.019795,0.039511,1.81246,1.441784
1999-11-10,938.76,0.5,-0.002452,-0.004982,1.808017,1.434601
1999-11-11,947.42,0.5,0.004652,0.009225,1.816427,1.447835
1999-11-12,969.26,0.5,0.011565,0.023052,1.837435,1.481211
1999-11-15,974.73,1.0,0.005143,0.005643,1.846885,1.48957
1999-11-16,1007.72,1.0,0.033845,0.033845,1.909394,1.539985
1999-11-17,967.64,1.0,-0.039773,-0.039773,1.833451,1.478735
1999-11-18,970.19,1.0,0.002635,0.002635,1.838283,1.482632
1999-11-19,993.11,1.0,0.023624,0.023624,1.881711,1.517658
1999-11-22,977.88,1.0,-0.015336,-0.015336,1.852854,1.494384
1999-11-23,974.05,1.0,-0.003917,-0.003917,1.845597,1.488531
1999-11-24,969.29,1.0,-0.004887,-0.004887,1.836578,1.481257
1999-11-25,972.71,1.0,0.003528,0.003528,1.843058,1.486483
1999-11-26,949.16,1.0,-0.024211,-0.024211,1.798436,1.450494
1999-11-29,964.26,1.0,0.015909,0.015909,1.827047,1.47357
1999-11-30,996.66,1.0,0.033601,0.033601,1.888438,1.523083
1999-12-01,999.16,1.0,0.002508,0.002508,1.893175,1.526904
1999-12-02,967.9,1.0,-0.031286,-0.031286,1.833944,1.479133
1999-12-03,966.59,1.0,-0.001353,-0.001353,1.831462,1.477131
1999-12-06,998.11,1.0,0.032609,0.032609,1.891185,1.525299
1999-12-07,999.92,1.0,0.001813,0.001813,1.894615,1.528065
1999-12-08,988.32,1.0,-0.011601,-0.011601,1.872635,1.510338
1999-12-09,980.54,1.0,-0.007872,-0.007872,1.857894,1.498449
1999-12-10,1018.17,1.0,0.038377,0.038377,1.929194,1.555955
1999-12-13,1013.65,1.0,-0.004439,-0.004439,1.92063,1.549047
1999-12-14,1002.64,1.0,-0.010862,-0.010862,1.899768,1.532222
1999-12-15,963.58,1.0,-0.038957,-0.038957,1.825759,1.472531
1999-12-16,948.57,1.0,-0.015577,-0.015577,1.797318,1.449593
1999-12-17,949.26,1.0,0.000727,0.000727,1.798626,1.450647
1999-12-20,967.05,0.5,0.00891,0.018741,1.814651,1.477834
1999-12-21,958.8,0.5,-0.004226,-0.008531,1.806982,1.465226
1999-12-22,967.83,0.5,0.004748,0.009418,1.815562,1.479026
1999-12-23,974.16,0.5,0.003309,0.00654,1.821571,1.488699
1999-12-24,991.63,0.5,0.009006,0.017933,1.837976,1.515396
1999-12-27,1005.73,1.0,0.013719,0.014219,1.863191,1.536944
1999-12-28,1028.07,1.0,0.022213,0.022213,1.904577,1.571084
2000-01-04,1059.04,1.0,0.030124,0.030124,1.961952,1.618412
2000-01-05,986.31,1.0,-0.068675,-0.068675,1.827214,1.507267
2000-01-06,960.79,1.0,-0.025874,-0.025874,1.779936,1.468267
2000-01-07,948.65,1.0,-0.012635,-0.012635,1.757446,1.449715
2000-01-10,987.24,0.5,0.019879,0.040679,1.792382,1.508688
2000-01-11,981.33,0.5,-0.002954,-0.005986,1.787087,1.499656
2000-01-12,955.01,0.5,-0.013371,-0.026821,1.763192,1.459434
2000-01-13,951.05,0.5,-0.002034,-0.004147,1.759605,1.453383
2000-01-14,948.03,0.5,-0.001548,-0.003175,1.756881,1.448768
2000-01-17,983.27,1.0,0.036672,0.037172,1.821309,1.502621
2000-01-18,981.53,1.0,-0.00177,-0.00177,1.818086,1.499962
2000-01-19,938.78,1.0,-0.043554,-0.043554,1.7389,1.434632
2000-01-20,945.9,1.0,0.007584,0.007584,1.752088,1.445512
2000-01-21,925.16,1.0,-0.021926,-0.021926,1.713672,1.413818
2000-01-24,926.77,1.0,0.00174,0.00174,1.716654,1.416278
2000-01-25,891.22,1.0,-0.038359,-0.038359,1.650805,1.361951
2000-01-26,885.54,1.0,-0.006373,-0.006373,1.640284,1.353271
2000-01-27,909.23,1.0,0.026752,0.026752,1.684165,1.389474
2000-01-28,941.67,1.0,0.035679,0.035679,1.744253,1.439048
2000-01-31,943.88,0.5,0.000713,0.002347,1.745496,1.442426
2000-02-01,928.75,0.5,-0.007975,-0.01603,1.731575,1.419304
2000-02-02,943.59,0.5,0.008029,0.015978,1.745477,1.441982
2000-02-03,950.22,0.5,0.003552,0.007026,1.751678,1.452114
2000-02-07,973.13,0.5,0.012094,0.02411,1.772863,1.487125
2000-02-08,961.22,0.5,-0.00608,-0.012239,1.762084,1.468924
2000-02-09,976.05,0.5,0.007753,0.015428,1.775746,1.491587
2000-02-10,966.18,0.5,-0.005017,-0.010112,1.766838,1.476504
2000-02-11,953.22,0.5,-0.006668,-0.013414,1.755057,1.456699
2000-02-14,910.87,0.5,-0.022175,-0.044428,1.716139,1.39198
2000-02-15,879.7,0.5,-0.017071,-0.03422,1.686843,1.344346
2000-02-16,879.5,0.5,-7.4e-05,-0.000227,1.686718,1.344041
2000-02-17,897.52,0.5,0.010284,0.020489,1.704064,1.371579
2000-02-18,897.52,0.5,3.9e-05,0.0,1.704131,1.371579
2000-02-21,845.32,0.0,-0.000421,-0.05816,1.703413,1.291807
2000-02-22,850.02,0.0,7.9e-05,0.00556,1.703546,1.29899
2000-02-23,880.67,0.0,7.9e-05,0.036058,1.70368,1.345829
2000-02-24,867.37,0.0,7.9e-05,-0.015102,1.703814,1.325504
2000-02-25,864.76,0.0,7.9e-05,-0.003009,1.703948,1.321515
2000-02-28,819.01,0.0,7.9e-05,-0.052905,1.704082,1.251601
2000-02-29,828.38,0.0,7.9e-05,0.011441,1.704216,1.26592
2000-03-02,894.66,0.0,7.9e-05,0.080012,1.70435,1.367208
2000-03-03,894.83,0.0,7.9e-05,0.00019,1.704484,1.367468
2000-03-06,909.33,0.5,0.007641,0.016204,1.717508,1.389627
2000-03-07,907.34,0.5,-0.001055,-0.002188,1.715697,1.386586
2000-03-08,915.24,0.5,0.004393,0.008707,1.723233,1.398658
2000-03-09,884.59,0.5,-0.016705,-0.033488,1.694447,1.351819
2000-03-10,891.36,0.5,0.003866,0.007653,1.700997,1.362165
2000-03-13,854.66,0.0,-0.000421,-0.041173,1.70028,1.306081
2000-03-14,846.74,0.0,7.9e-05,-0.009267,1.700414,1.293977
2000-03-15,837.53,0.0,7.9e-05,-0.010877,1.700548,1.279903
2000-03-16,841.22,0.0,7.9e-05,0.004406,1.700681,1.285542
2000-03-17,855.57,0.0,7.9e-05,0.017059,1.700815,1.307471
2000-03-20,850.51,0.0,7.9e-05,-0.005914,1.700949,1.299739
2000-03-21,863.41,0.0,7.9e-05,0.015167,1.701082,1.319452
2000-03-22,882.43,0.0,7.9e-05,0.022029,1.701216,1.348518
2000-03-23,867.62,0.0,7.9e-05,-0.016783,1.70135,1.325886
2000-03-24,889.24,0.0,7.9e-05,0.024919,1.701483,1.358925
2000-03-27,886.71,0.0,7.9e-05,-0.002845,1.701617,1.355059
2000-03-28,891.29,0.0,7.9e-05,0.005165,1.701751,1.362058
2000-03-29,908.51,0.0,7.9e-05,0.01932,1.701884,1.388374
2000-03-30,889.95,0.0,7.9e-05,-0.020429,1.702018,1.36001
2000-03-31,860.94,0.0,7.9e-05,-0.032597,1.702152,1.315678
2000-04-03,846.44,0.0,7.9e-05,-0.016842,1.702286,1.293519
2000-04-04,830.16,0.0,7.9e-05,-0.019233,1.702419,1.26864
2000-04-05,830.16,0.0,7.9e-05,0.0,1.702553,1.26864
2000-04-06,804.35,0.0,7.9e-05,-0.03109,1.702687,1.229198
2000-04-07,837.38,0.0,7.9e-05,0.041064,1.702821,1.279674
2000-04-10,870.17,0.0,7.9e-05,0.039158,1.702955,1.329783
2000-04-11,855.05,0.0,7.9e-05,-0.017376,1.703089,1.306677
2000-04-12,837.01,0.0,7.9e-05,-0.021098,1.703222,1.279108
2000-04-14,800.89,0.0,7.9e-05,-0.043154,1.703356,1.22391
2000-04-17,707.72,0.0,7.9e-05,-0.116333,1.70349,1.081529
2000-04-18,747.3,0.0,7.9e-05,0.055926,1.703624,1.142014
2000-04-19,755.08,0.0,7.9e-05,0.010411,1.703758,1.153904
2000-04-20,761.25,0.0,7.9e-05,0.008171,1.703892,1.163333
2000-04-21,767.16,0.0,7.9e-05,0.007764,1.704026,1.172364
2000-04-24,747.58,0.0,7.9e-05,-0.025523,1.70416,1.142442
2000-04-25,737.2,0.0,7.9e-05,-0.013885,1.704293,1.12658
2000-04-26,713.23,0.0,7.9e-05,-0.032515,1.704427,1.089949
2000-04-27,692.07,0.0,7.9e-05,-0.029668,1.704561,1.057613
2000-04-28,725.39,0.0,7.9e-05,0.048145,1.704695,1.108532
2000-05-02,752.59,0.0,7.9e-05,0.037497,1.704829,1.150099
2000-05-03,752.76,0.0,7.9e-05,0.000226,1.704963,1.150358
2000-05-04,751.29,0.0,7.9e-05,-0.001953,1.705097,1.148112
2000-05-08,770.24,0.0,7.9e-05,0.025223,1.705231,1.177071
2000-05-09,760.85,0.0,7.9e-05,-0.012191,1.705365,1.162721
2000-05-10,759.51,0.0,7.9e-05,-0.001761,1.705499,1.160674
2000-05-12,740.3,0.0,7.9e-05,-0.025293,1.705633,1.131317
2000-05-15,728.67,0.0,7.9e-05,-0.01571,1.705767,1.113544
2000-05-16,746.77,0.0,7.9e-05,0.02484,1.705901,1.141205
2000-05-17,727.18,0.0,7.9e-05,-0.026233,1.706035,1.111267
2000-05-18,712.95,0.0,7.9e-05,-0.019569,1.706169,1.089521
2000-05-19,730.68,0.0,7.9e-05,0.024869,1.706304,1.116616
2000-05-22,691.61,0.0,7.9e-05,-0.053471,1.706438,1.05691
2000-05-23,679.76,0.0,7.9e-05,-0.017134,1.706572,1.038801
2000-05-24,674.95,0.0,7.9e-05,-0.007076,1.706706,1.03145
2000-05-25,699.53,0.0,7.9e-05,0.036418,1.70684,1.069013
2000-05-26,656.66,0.0,7.9e-05,-0.061284,1.706974,1.0035
2000-05-29,655.93,0.0,7.9e-05,-0.001112,1.707108,1.002384
2000-05-30,691.26,0.0,7.9e-05,0.053862,1.707242,1.056375
2000-05-31,731.88,0.0,7.9e-05,0.058762,1.707377,1.11845
2000-06-01,738.49,0.0,7.9e-05,0.009032,1.707511,1.128551
2000-06-05,794.21,0.0,7.9e-05,0.075451,1.707645,1.213702
2000-06-07,822.54,0.0,7.9e-05,0.035671,1.707779,1.256995
2000-06-08,800.11,0.0,7.9e-05,-0.027269,1.707913,1.222718
2000-06-12,845.81,0.5,0.028098,0.057117,1.755902,1.292556
2000-06-13,804.45,0.5,-0.024411,-0.0489,1.713039,1.22935
2000-06-14,819.27,0.5,0.009251,0.018423,1.728886,1.251998
2000-06-15,770.95,0.5,-0.02945,-0.058979,1.67797,1.178156
2000-06-16,759.04,0.5,-0.007685,-0.015448,1.665074,1.159955
2000-06-19,755.38,0.5,-0.002372,-0.004822,1.661125,1.154362
2000-06-20,785.32,0.5,0.019857,0.039636,1.694111,1.200116
2000-06-21,781.87,0.5,-0.002157,-0.004393,1.690456,1.194844
2000-06-22,782.24,0.5,0.000276,0.000473,1.690922,1.195409
2000-06-23,778.94,0.5,-0.00207,-0.004219,1.687422,1.190366
2000-06-26,791.55,0.5,0.008134,0.016189,1.701147,1.209637
2000-06-27,809.87,0.5,0.011612,0.023144,1.7209,1.237633
2000-06-28,818.73,0.5,0.005509,0.01094,1.730381,1.251173
2000-06-29,818.9,0.5,0.000143,0.000208,1.730629,1.251433
2000-06-30,821.22,0.5,0.001456,0.002833,1.733148,1.254978
2000-07-03,835.21,0.5,0.008557,0.017036,1.747979,1.276357
2000-07-04,818.53,0.5,-0.009946,-0.019971,1.730593,1.250867
2000-07-05,830.4,0.5,0.00729,0.014502,1.743209,1.269007
2000-07-06,837.63,0.5,0.004393,0.008707,1.750866,1.280056
2000-07-07,841.74,0.5,0.002493,0.004907,1.755231,1.286336
2000-07-10,851.47,0.5,0.005819,0.011559,1.765444,1.301206
2000-07-11,836.86,0.5,-0.00854,-0.017159,1.750367,1.278879
2000-07-12,839.76,0.5,0.001772,0.003465,1.753469,1.283311
2000-07-13,845.75,0.5,0.003606,0.007133,1.759792,1.292465
2000-07-14,827.95,0.5,-0.010484,-0.021046,1.741342,1.265263
2000-07-18,812.33,0.5,-0.009394,-0.018866,1.724985,1.241392
2000-07-19,797.3,0.5,-0.009212,-0.018502,1.709094,1.218424
2000-07-20,778.9,0.5,-0.0115,-0.023078,1.68944,1.190305
2000-07-21,783.06,0.5,0.00271,0.005341,1.694018,1.196662
2000-07-24,737.89,0.5,-0.028803,-0.057684,1.645226,1.127634
2000-07-25,737.64,0.5,-0.00013,-0.000339,1.645012,1.127252
2000-07-26,743.84,0.5,0.004242,0.008405,1.65199,1.136727
2000-07-27,727.68,0.5,-0.010823,-0.021725,1.63411,1.112031
2000-07-28,692.65,0.5,-0.02403,-0.048139,1.594842,1.058499
2000-07-31,705.97,0.0,-0.000421,0.01923,1.59417,1.078854
2000-08-01,727.1,0.0,7.9e-05,0.02993,1.594295,1.111145
2000-08-02,728.33,0.0,7.9e-05,0.001692,1.59442,1.113025
2000-08-03,722.08,0.0,7.9e-05,-0.008581,1.594545,1.103474
2000-08-04,710.0,0.0,7.9e-05,-0.016729,1.594671,1.085013
2000-08-07,675.59,0.0,7.9e-05,-0.048465,1.594796,1.032428
2000-08-08,666.08,0.0,7.9e-05,-0.014077,1.594921,1.017895
2000-08-09,710.23,0.0,7.9e-05,0.066283,1.595047,1.085365
2000-08-10,729.28,0.0,7.9e-05,0.026822,1.595172,1.114477
2000-08-11,722.21,0.0,7.9e-05,-0.009694,1.595297,1.103672
2000-08-14,733.25,0.0,7.9e-05,0.015286,1.595423,1.120543
2000-08-16,751.14,0.0,7.9e-05,0.024398,1.595548,1.147883
2000-08-17,743.49,0.0,7.9e-05,-0.010185,1.595674,1.136192
2000-08-18,728.32,0.0,7.9e-05,-0.020404,1.595799,1.113009
2000-08-21,722.58,0.5,-0.004401,-0.007881,1.588775,1.104238
2000-08-22,738.61,0.5,0.011131,0.022184,1.606461,1.128735
2000-08-23,719.71,0.5,-0.012755,-0.025589,1.58597,1.099852
2000-08-24,718.86,0.5,-0.000551,-0.001181,1.585096,1.098553
2000-08-25,729.8,0.5,0.007649,0.015219,1.59722,1.115271
2000-08-30,718.93,0.5,-0.007408,-0.014894,1.585388,1.09866
2000-08-31,688.62,0.5,-0.021041,-0.04216,1.55203,1.05234
2000-09-01,692.19,0.5,0.002631,0.005184,1.556114,1.057796
2000-09-04,681.3,0.0,-0.000421,-0.015733,1.555458,1.041154
2000-09-05,679.24,0.0,7.9e-05,-0.003024,1.555581,1.038006
2000-09-06,676.69,0.0,7.9e-05,-0.003754,1.555703,1.034109
2000-09-07,656.37,0.0,7.9e-05,-0.030029,1.555825,1.003056
2000-09-08,653.68,0.0,7.9e-05,-0.004098,1.555947,0.998946
2000-09-14,650.14,0.0,7.9e-05,-0.005415,1.55607,0.993536
2000-09-15,628.2,0.0,7.9e-05,-0.033747,1.556192,0.960007
2000-09-18,577.56,0.0,7.9e-05,-0.080611,1.556314,0.88262
2000-09-19,571.17,0.0,7.9e-05,-0.011064,1.556437,0.872855
2000-09-20,606.08,0.0,7.9e-05,0.06112,1.556559,0.926204
2000-09-21,595.99,0.0,7.9e-05,-0.016648,1.556681,0.910784
2000-09-22,553.25,0.0,7.9e-05,-0.071713,1.556804,0.84547
2000-09-25,584.63,0.0,7.9e-05,0.056719,1.556926,0.893424
2000-09-26,587.6,0.0,7.9e-05,0.00508,1.557048,0.897963
2000-09-27,599.31,0.0,7.9e-05,0.019929,1.557171,0.915858
2000-09-28,605.85,0.0,7.9e-05,0.010913,1.557293,0.925852
2000-09-29,613.22,0.0,7.9e-05,0.012165,1.557415,0.937115
2000-10-02,589.22,0.0,7.9e-05,-0.039138,1.557538,0.900439
2000-10-04,598.42,0.0,7.9e-05,0.015614,1.55766,0.914498
2000-10-05,606.79,0.0,7.9e-05,0.013987,1.557783,0.927289
2000-10-06,608.85,0.0,7.9e-05,0.003395,1.557905,0.930437
2000-10-09,589.18,0.0,7.9e-05,-0.032307,1.558027,0.900377
2000-10-10,588.34,0.0,7.9e-05,-0.001426,1.55815,0.899094
2000-10-11,557.18,0.0,7.9e-05,-0.052963,1.558272,0.851475
2000-10-12,534.71,0.0,7.9e-05,-0.040328,1.558395,0.817137
2000-10-13,524.6,0.0,7.9e-05,-0.018907,1.558517,0.801687
2000-10-16,550.1,0.0,7.9e-05,0.048608,1.55864,0.840656
2000-10-17,512.85,0.0,7.9e-05,-0.067715,1.558762,0.783731
2000-10-18,514.17,0.0,7.9e-05,0.002574,1.558885,0.785748
2000-10-19,515.04,0.0,7.9e-05,0.001692,1.559007,0.787078
2000-10-20,545.97,0.0,7.9e-05,0.060054,1.55913,0.834344
2000-10-23,528.37,0.0,7.9e-05,-0.032236,1.559252,0.807448
2000-10-24,545.05,0.0,7.9e-05,0.031569,1.559375,0.832939
2000-10-25,542.33,0.0,7.9e-05,-0.00499,1.559497,0.828782
2000-10-26,523.67,0.0,7.9e-05,-0.034407,1.55962,0.800266
2000-10-27,515.34,0.0,7.9e-05,-0.015907,1.559742,0.787536
2000-10-30,504.73,0.0,7.9e-05,-0.020588,1.559865,0.771322
2000-10-31,514.48,0.0,7.9e-05,0.019317,1.559988,0.786222
2000-11-01,548.76,0.0,7.9e-05,0.06663,1.56011,0.838608
2000-11-02,558.1,0.0,7.9e-05,0.01702,1.560233,0.852881
2000-11-03,560.41,0.0,7.9e-05,0.004139,1.560355,0.856412
2000-11-06,556.66,0.0,7.9e-05,-0.006692,1.560478,0.850681
2000-11-07,553.35,0.0,7.9e-05,-0.005946,1.560601,0.845623
2000-11-08,558.09,0.0,7.9e-05,0.008566,1.560723,0.852866
2000-11-09,560.66,0.0,7.9e-05,0.004605,1.560846,0.856794
2000-11-10,565.18,0.0,7.9e-05,0.008062,1.560969,0.863701
2000-11-13,538.94,0.0,7.9e-05,-0.046428,1.561091,0.823601
2000-11-14,552.99,0.0,7.9e-05,0.02607,1.561214,0.845072
2000-11-15,557.48,0.0,7.9e-05,0.008119,1.561337,0.851934
2000-11-16,555.04,0.0,7.9e-05,-0.004377,1.561459,0.848205
2000-11-17,551.26,0.0,7.9e-05,-0.00681,1.561582,0.842429
2000-11-20,537.4,0.0,7.9e-05,-0.025142,1.561705,0.821248
2000-11-21,531.45,0.0,7.9e-05,-0.011072,1.561827,0.812155
2000-11-22,522.33,0.0,7.9e-05,-0.017161,1.56195,0.798218
2000-11-23,514.31,0.0,7.9e-05,-0.015354,1.562073,0.785962
2000-11-24,530.84,0.0,7.9e-05,0.03214,1.562196,0.811223
2000-11-27,554.04,0.0,7.9e-05,0.043704,1.562318,0.846677
2000-11-28,536.94,0.0,7.9e-05,-0.030864,1.562441,0.820545
2000-11-29,516.44,0.0,7.9e-05,-0.038179,1.562564,0.789217
2000-11-30,509.23,0.0,7.9e-05,-0.013961,1.562687,0.778199
2000-12-01,514.46,0.0,7.9e-05,0.01027,1.56281,0.786191
2000-12-04,501.73,0.0,7.9e-05,-0.024744,1.562932,0.766737
2000-12-05,516.96,0.0,7.9e-05,0.030355,1.563055,0.790012
2000-12-06,517.89,0.0,7.9e-05,0.001799,1.563178,0.791433
2000-12-07,523.78,0.0,7.9e-05,0.011373,1.563301,0.800434
2000-12-08,534.81,0.0,7.9e-05,0.021058,1.563424,0.81729
2000-12-11,554.8,0.0,7.9e-05,0.037378,1.563547,0.847838
2000-12-12,543.08,0.0,7.9e-05,-0.021125,1.56367,0.829928
2000-12-13,557.84,0.0,7.9e-05,0.027178,1.563792,0.852484
2000-12-14,547.38,0.0,7.9e-05,-0.018751,1.563915,0.836499
2000-12-15,534.0,0.0,7.9e-05,-0.024444,1.564038,0.816052
2000-12-18,539.27,0.0,7.9e-05,0.009869,1.564161,0.824106
2000-12-19,530.8,0.0,7.9e-05,-0.015706,1.564284,0.811162
2000-12-20,514.21,0.0,7.9e-05,-0.031255,1.564407,0.785809
2000-12-21,511.9,0.0,7.9e-05,-0.004492,1.56453,0.782279
2000-12-22,500.6,0.0,7.9e-05,-0.022075,1.564653,0.765011
2000-12-26,504.62,0.0,7.9e-05,0.00803,1.564776,0.771154
2001-01-02,520.95,0.0,7.9e-05,0.032361,1.564899,0.796109
2001-01-03,521.43,0.0,7.9e-05,0.000921,1.565022,0.796843
2001-01-04,558.02,0.0,7.9e-05,0.070172,1.565145,0.852759
2001-01-05,580.85,0.0,7.9e-05,0.040913,1.565268,0.887648
2001-01-08,586.65,0.0,7.9e-05,0.009985,1.565391,0.896511
2001-01-09,589.92,0.0,7.9e-05,0.005574,1.565514,0.901508
2001-01-10,560.81,0.0,7.9e-05,-0.049346,1.565637,0.857023
2001-01-11,561.79,0.0,7.9e-05,0.001747,1.56576,0.85852
2001-01-12,587.87,0.0,7.9e-05,0.046423,1.565883,0.898376
2001-01-15,599.0,0.5,0.009006,0.018933,1.579985,0.915384
2001-01-16,603.42,0.5,0.003729,0.007379,1.585876,0.922139
2001-01-17,595.83,0.5,-0.00625,-0.012578,1.575965,0.91054
2001-01-18,604.05,0.5,0.006937,0.013796,1.586897,0.923102
2001-01-19,619.78,0.5,0.01306,0.026041,1.607622,0.94714
2001-01-22,627.45,0.5,0.006227,0.012375,1.617633,0.958861
2001-01-26,591.73,0.5,-0.028425,-0.056929,1.571651,0.904274
2001-01-29,596.54,0.5,0.004104,0.008129,1.578101,0.911625
2001-01-30,591.34,0.5,-0.004319,-0.008717,1.571285,0.903678
2001-01-31,617.91,0.5,0.022505,0.044932,1.606647,0.944282
2001-02-01,612.3,0.5,-0.0045,-0.009079,1.599416,0.935709
2001-02-02,608.48,0.5,-0.00308,-0.006239,1.59449,0.929871
2001-02-05,579.16,0.5,-0.024054,-0.048186,1.556137,0.885065
2001-02-06,586.58,0.5,0.006445,0.012812,1.566166,0.896404
2001-02-07,576.19,0.5,-0.008817,-0.017713,1.552357,0.880526
2001-02-08,591.57,0.5,0.013386,0.026693,1.573137,0.90403
2001-02-09,595.47,0.5,0.003336,0.006593,1.578384,0.90999
2001-02-12,599.2,0.0,-0.000421,0.006264,1.577719,0.91569
2001-02-13,598.78,0.0,7.9e-05,-0.000701,1.577843,0.915048
2001-02-14,603.83,0.0,7.9e-05,0.008434,1.577967,0.922765
2001-02-15,603.63,0.0,7.9e-05,-0.000331,1.578091,0.92246
2001-02-16,604.92,0.0,7.9e-05,0.002137,1.578215,0.924431
2001-02-19,596.67,0.5,-0.00728,-0.013638,1.566726,0.911824
2001-02-20,608.74,0.5,0.010154,0.020229,1.582634,0.930269
2001-02-21,594.53,0.5,-0.011632,-0.023343,1.564224,0.908553
2001-02-22,583.41,0.5,-0.009313,-0.018704,1.549657,0.89156
2001-02-23,583.52,0.5,0.000134,0.000189,1.549864,0.891728
2001-02-26,585.32,0.0,-0.000421,0.003085,1.549211,0.894479
2001-02-27,577.57,0.0,7.9e-05,-0.013241,1.549333,0.882635
2001-02-28,578.1,0.0,7.9e-05,0.000918,1.549454,0.883445
2001-03-02,559.44,0.0,7.9e-05,-0.032278,1.549576,0.854929
2001-03-05,565.38,0.0,7.9e-05,0.010618,1.549698,0.864007
2001-03-06,568.15,0.0,7.9e-05,0.004899,1.54982,0.86824
2001-03-07,568.64,0.0,7.9e-05,0.000862,1.549941,0.868988
2001-03-08,579.28,0.0,7.9e-05,0.018711,1.550063,0.885248
2001-03-09,565.76,0.0,7.9e-05,-0.023339,1.550185,0.864587
2001-03-12,545.05,0.0,7.9e-05,-0.036606,1.550307,0.832939
2001-03-13,527.97,0.0,7.9e-05,-0.031337,1.550429,0.806837
2001-03-14,543.28,0.0,7.9e-05,0.028998,1.550551,0.830234
2001-03-15,541.83,0.0,7.9e-05,-0.002669,1.550672,0.828018
2001-03-16,538.67,0.0,7.9e-05,-0.005832,1.550794,0.823189
2001-03-19,534.33,0.0,7.9e-05,-0.008057,1.550916,0.816556
2001-03-20,531.59,0.0,7.9e-05,-0.005128,1.551038,0.812369
2001-03-21,532.59,0.0,7.9e-05,0.001881,1.55116,0.813897
2001-03-22,527.05,0.0,7.9e-05,-0.010402,1.551282,0.805431
2001-03-23,537.97,0.0,7.9e-05,0.020719,1.551404,0.822119
2001-03-26,545.98,0.0,7.9e-05,0.014889,1.551526,0.83436
2001-03-27,532.9,0.0,7.9e-05,-0.023957,1.551648,0.814371
2001-03-28,528.79,0.0,7.9e-05,-0.007713,1.55177,0.80809
2001-03-29,523.8,0.0,7.9e-05,-0.009437,1.551891,0.800465
2001-03-30,523.22,0.0,7.9e-05,-0.001107,1.552013,0.799578
2001-04-02,515.2,0.0,7.9e-05,-0.015328,1.552135,0.787322
2001-04-03,503.26,0.0,7.9e-05,-0.023175,1.552257,0.769076
2001-04-04,493.69,0.0,7.9e-05,-0.019016,1.552379,0.754451
2001-04-06,506.22,0.0,7.9e-05,0.02538,1.552501,0.773599
2001-04-09,497.46,0.0,7.9e-05,-0.017305,1.552623,0.760212
2001-04-10,491.21,0.0,7.9e-05,-0.012564,1.552745,0.750661
2001-04-11,507.53,0.0,7.9e-05,0.033224,1.552867,0.775601
2001-04-12,514.21,0.0,7.9e-05,0.013162,1.552989,0.785809
2001-04-13,516.1,0.0,7.9e-05,0.003676,1.553111,0.788698
2001-04-16,508.35,0.0,7.9e-05,-0.015016,1.553233,0.776854
2001-04-17,513.97,0.0,7.9e-05,0.011055,1.553356,0.785442
2001-04-18,540.0,0.0,7.9e-05,0.050645,1.553478,0.825221
2001-04-19,563.31,0.0,7.9e-05,0.043167,1.5536,0.860843
2001-04-20,556.29,0.0,7.9e-05,-0.012462,1.553722,0.850115
2001-04-23,560.94,0.0,7.9e-05,0.008359,1.553844,0.857221
2001-04-24,555.64,0.0,7.9e-05,-0.009448,1.553966,0.849122
2001-04-25,566.34,0.0,7.9e-05,0.019257,1.554088,0.865474
2001-04-26,561.62,0.0,7.9e-05,-0.008334,1.55421,0.858261
2001-04-27,556.63,0.0,7.9e-05,-0.008885,1.554332,0.850635
2001-04-30,577.36,0.0,7.9e-05,0.037242,1.554455,0.882314
2001-05-02,583.7,0.0,7.9e-05,0.010981,1.554577,0.892003
2001-05-03,584.4,0.0,7.9e-05,0.001199,1.554699,0.893073
2001-05-04,585.6,0.0,7.9e-05,0.002053,1.554821,0.894907
2001-05-07,596.5,0.5,0.008846,0.018613,1.568575,0.911564
2001-05-08,590.91,0.5,-0.004646,-0.009371,1.561287,0.903021
2001-05-09,578.84,0.5,-0.010174,-0.020426,1.545403,0.884576
2001-05-10,581.38,0.5,0.002233,0.004388,1.548854,0.888458
2001-05-11,583.06,0.5,0.001484,0.00289,1.551153,0.891025
2001-05-14,584.08,0.5,0.000914,0.001749,1.55257,0.892584
2001-05-15,581.3,0.5,-0.002341,-0.00476,1.548937,0.888335
2001-05-16,572.4,0.5,-0.007616,-0.015311,1.53714,0.874734
2001-05-17,596.39,0.5,0.020995,0.041911,1.569412,0.911396
2001-05-18,600.54,0.5,0.003519,0.006959,1.574934,0.917738
2001-05-21,618.96,0.5,0.015375,0.030672,1.59915,0.945887
2001-05-22,617.99,0.5,-0.000744,-0.001567,1.597959,0.944405
2001-05-23,622.6,0.5,0.003769,0.00746,1.603982,0.951449
2001-05-24,622.28,0.5,-0.000218,-0.000514,1.603633,0.95096
2001-05-25,624.11,0.5,0.00151,0.002941,1.606054,0.953757
2001-05-28,618.47,0.5,-0.004479,-0.009037,1.59886,0.945138
2001-05-29,632.05,0.5,0.011018,0.021957,1.616477,0.965891
2001-05-30,628.42,0.5,-0.002832,-0.005743,1.611898,0.960344
2001-05-31,612.16,0.5,-0.012898,-0.025874,1.591108,0.935495
2001-06-01,607.07,0.5,-0.004118,-0.008315,1.584556,0.927717
2001-06-04,610.91,0.5,0.003202,0.006325,1.589629,0.933585
2001-06-05,597.66,0.5,-0.010805,-0.021689,1.572453,0.913336
2001-06-06,597.66,0.5,3.9e-05,0.0,1.572515,0.913336
2001-06-07,601.14,0.5,0.002951,0.005823,1.577155,0.918655
2001-06-08,621.78,0.5,0.017207,0.034335,1.604293,0.950196
2001-06-11,608.23,1.0,-0.022292,-0.021792,1.568529,0.929489
2001-06-12,607.15,1.0,-0.001776,-0.001776,1.565744,0.927839
2001-06-13,614.05,1.0,0.011365,0.011365,1.583538,0.938383
2001-06-14,613.75,1.0,-0.000489,-0.000489,1.582764,0.937925
2001-06-15,618.96,1.0,0.008489,0.008489,1.5962,0.945887
2001-06-18,608.78,0.5,-0.008684,-0.016447,1.582339,0.93033
2001-06-19,608.91,0.5,0.000146,0.000214,1.58257,0.930529
2001-06-20,595.72,0.5,-0.010792,-0.021662,1.565491,0.910372
2001-06-21,595.53,0.5,-0.00012,-0.000319,1.565303,0.910081
2001-06-22,599.08,0.5,0.00302,0.005961,1.57003,0.915507
2001-06-25,598.02,0.5,-0.000845,-0.001769,1.568703,0.913887
2001-06-26,588.71,0.5,-0.007745,-0.015568,1.556554,0.899659
2001-06-27,584.76,0.5,-0.003316,-0.00671,1.551393,0.893623
2001-06-28,583.27,0.5,-0.001235,-0.002548,1.549477,0.891346
2001-06-29,595.13,0.5,0.010206,0.020334,1.565291,0.90947
2001-07-02,596.74,0.5,0.001392,0.002705,1.56747,0.911931
2001-07-03,594.31,0.5,-0.001997,-0.004072,1.56434,0.908217
2001-07-04,597.25,0.5,0.002513,0.004947,1.568271,0.91271
2001-07-05,593.61,0.5,-0.003008,-0.006095,1.563554,0.907147
2001-07-06,578.54,0.5,-0.012654,-0.025387,1.543768,0.884118
2001-07-09,560.0,0.5,-0.015984,-0.032046,1.519093,0.855785
2001-07-10,558.6,0.5,-0.001211,-0.0025,1.517254,0.853645
2001-07-11,553.65,0.5,-0.004391,-0.008861,1.510591,0.846081
2001-07-12,559.95,0.5,0.005729,0.011379,1.519245,0.855709
2001-07-13,548.49,0.5,-0.010194,-0.020466,1.503758,0.838196
2001-07-16,548.93,0.0,-0.000421,0.000802,1.503124,0.838868
2001-07-18,540.53,0.0,7.9e-05,-0.015302,1.503242,0.826031
2001-07-19,545.74,0.0,7.9e-05,0.009639,1.50336,0.833993
2001-07-20,537.71,0.0,7.9e-05,-0.014714,1.503479,0.821722
2001-07-23,524.21,0.0,7.9e-05,-0.025106,1.503597,0.801091
2001-07-24,526.62,0.0,7.9e-05,0.004597,1.503715,0.804774
2001-07-25,526.08,0.0,7.9e-05,-0.001025,1.503833,0.803949
2001-07-26,529.22,0.0,7.9e-05,0.005969,1.503951,0.808747
2001-07-27,541.13,0.0,7.9e-05,0.022505,1.504069,0.826948
2001-07-30,533.53,0.0,7.9e-05,-0.014045,1.504188,0.815334
2001-07-31,541.55,0.0,7.9e-05,0.015032,1.504306,0.82759
2001-08-01,562.79,0.0,7.9e-05,0.039221,1.504424,0.860049
2001-08-02,567.46,0.0,7.9e-05,0.008298,1.504542,0.867185
2001-08-03,568.69,0.0,7.9e-05,0.002168,1.504661,0.869065
2001-08-06,569.37,0.0,7.9e-05,0.001196,1.504779,0.870104
2001-08-07,567.5,0.0,7.9e-05,-0.003284,1.504897,0.867246
2001-08-08,565.94,0.0,7.9e-05,-0.002749,1.505015,0.864862
2001-08-09,549.67,0.0,7.9e-05,-0.028749,1.505134,0.839999
2001-08-10,555.34,0.0,7.9e-05,0.010315,1.505252,0.848664
2001-08-13,562.0,0.0,7.9e-05,0.011993,1.50537,0.858841
2001-08-14,577.15,0.0,7.9e-05,0.026957,1.505488,0.881993
2001-08-16,580.95,0.0,7.9e-05,0.006584,1.505607,0.8878
2001-08-17,580.99,0.0,7.9e-05,6.9e-05,1.505725,0.887862
2001-08-20,567.09,0.5,-0.012423,-0.023925,1.487019,0.86662
2001-08-21,568.68,0.5,0.001441,0.002804,1.489162,0.86905
2001-08-22,574.87,0.5,0.005482,0.010885,1.497326,0.878509
2001-08-23,570.07,0.5,-0.004136,-0.00835,1.491133,0.871174
2001-08-24,569.31,0.5,-0.000627,-0.001333,1.490198,0.870012
2001-08-27,578.74,0.5,0.008321,0.016564,1.502598,0.884423
2001-08-28,576.51,0.5,-0.001887,-0.003853,1.499762,0.881015
2001-08-29,565.63,0.5,-0.009397,-0.018872,1.485669,0.864389
2001-08-30,564.36,0.5,-0.001083,-0.002245,1.48406,0.862448
2001-08-31,545.11,0.5,-0.017015,-0.034109,1.458808,0.83303
2001-09-03,541.83,0.0,-0.000421,-0.006017,1.458193,0.828018
2001-09-04,558.79,0.0,7.9e-05,0.031301,1.458308,0.853936
2001-09-05,551.91,0.0,7.9e-05,-0.012312,1.458422,0.843422
2001-09-06,552.59,0.0,7.9e-05,0.001232,1.458537,0.844461
2001-09-07,555.08,0.0,7.9e-05,0.004506,1.458652,0.848266
2001-09-10,550.73,0.5,-0.004379,-0.007837,1.452264,0.841619
2001-09-11,540.57,0.5,-0.009185,-0.018448,1.438925,0.826092
2001-09-12,475.6,0.5,-0.060055,-0.120188,1.352511,0.726806
2001-09-13,499.25,0.5,0.024903,0.049727,1.386192,0.762948
2001-09-14,482.29,0.5,-0.016946,-0.033971,1.362702,0.73703
2001-09-17,468.76,0.0,-0.000421,-0.028054,1.362127,0.716353
2001-09-18,484.93,0.0,7.9e-05,0.034495,1.362234,0.741064
2001-09-19,486.75,0.0,7.9e-05,0.003753,1.362341,0.743845
2001-09-20,480.27,0.0,7.9e-05,-0.013313,1.362448,0.733943
2001-09-21,472.31,0.0,7.9e-05,-0.016574,1.362556,0.721778
2001-09-24,482.19,0.0,7.9e-05,0.020918,1.362663,0.736877
2001-09-25,472.13,0.0,7.9e-05,-0.020863,1.36277,0.721503
2001-09-26,472.85,0.0,7.9e-05,0.001525,1.362877,0.722603
2001-09-27,472.38,0.0,7.9e-05,-0.000994,1.362984,0.721885
2001-09-28,479.68,0.0,7.9e-05,0.015454,1.363091,0.733041
2001-10-04,500.64,0.0,7.9e-05,0.043696,1.363198,0.765072
2001-10-05,501.92,0.0,7.9e-05,0.002557,1.363305,0.767028
2001-10-08,496.13,0.0,7.9e-05,-0.011536,1.363412,0.75818
2001-10-09,507.61,0.0,7.9e-05,0.023139,1.363519,0.775723
2001-10-10,503.46,0.0,7.9e-05,-0.008176,1.363627,0.769381
2001-10-11,517.05,0.0,7.9e-05,0.026993,1.363734,0.790149
2001-10-12,516.4,0.0,7.9e-05,-0.001257,1.363841,0.789156
2001-10-15,513.99,0.0,7.9e-05,-0.004667,1.363948,0.785473
2001-10-16,521.91,0.0,7.9e-05,0.015409,1.364055,0.797576
2001-10-17,528.29,0.0,7.9e-05,0.012224,1.364163,0.807326
2001-10-18,524.21,0.0,7.9e-05,-0.007723,1.36427,0.801091
2001-10-19,528.04,0.0,7.9e-05,0.007306,1.364377,0.806944
2001-10-23,530.5,0.0,7.9e-05,0.004659,1.364484,0.810703
2001-10-24,541.49,0.0,7.9e-05,0.020716,1.364591,0.827498
2001-10-25,542.19,0.0,7.9e-05,0.001293,1.364699,0.828568
2001-10-26,543.41,0.0,7.9e-05,0.00225,1.364806,0.830432
2001-10-29,547.87,0.5,0.003643,0.008207,1.369778,0.837248
2001-10-30,533.87,0.5,-0.012737,-0.025554,1.35233,0.815853
2001-10-31,537.81,0.5,0.003729,0.00738,1.357374,0.821874
2001-11-01,544.09,0.5,0.005878,0.011677,1.365352,0.831471
2001-11-02,550.57,0.5,0.005994,0.01191,1.373536,0.841374
2001-11-05,561.62,0.5,0.010074,0.02007,1.387374,0.858261
2001-11-06,565.47,0.5,0.003467,0.006855,1.392184,0.864144
2001-11-07,562.03,0.5,-0.003002,-0.006083,1.388004,0.858887
2001-11-08,573.04,0.5,0.009834,0.01959,1.401653,0.875713
2001-11-09,576.75,0.5,0.003276,0.006474,1.406246,0.881382
2001-11-12,584.48,0.5,0.006741,0.013403,1.415725,0.893195
2001-11-13,588.83,0.5,0.003761,0.007443,1.421049,0.899843
2001-11-14,606.68,0.5,0.015196,0.030314,1.442644,0.927121
2001-11-15,606.44,0.5,-0.000159,-0.000396,1.442415,0.926754
2001-11-16,610.88,0.5,0.0037,0.007321,1.447752,0.933539
2001-11-19,626.43,1.0,0.024955,0.025455,1.483881,0.957302
2001-11-20,616.33,1.0,-0.016123,-0.016123,1.459956,0.941868
2001-11-21,615.45,1.0,-0.001428,-0.001428,1.457871,0.940523
2001-11-22,624.56,1.0,0.014802,0.014802,1.479451,0.954445
2001-11-23,645.18,1.0,0.033015,0.033015,1.528295,0.985956
2001-11-26,674.56,1.0,0.045538,0.045538,1.597891,1.030854
2001-11-27,670.1,1.0,-0.006612,-0.006612,1.587326,1.024038
2001-11-28,632.02,1.0,-0.056827,-0.056827,1.497122,0.965845
2001-11-29,628.86,1.0,-0.005,-0.005,1.489637,0.961016
2001-11-30,643.89,1.0,0.0239,0.0239,1.52524,0.983985
2001-12-03,650.66,1.0,0.010514,0.010514,1.541276,0.99433
2001-12-04,649.9,1.0,-0.001168,-0.001168,1.539476,0.993169
2001-12-05,688.31,1.0,0.059101,0.059101,1.630461,1.051867
2001-12-06,686.61,1.0,-0.00247,-0.00247,1.626434,1.049269
2001-12-07,704.5,1.0,0.026056,0.026056,1.668812,1.076608
2001-12-10,668.77,1.0,-0.050717,-0.050717,1.584175,1.022006
2001-12-11,670.08,1.0,0.001959,0.001959,1.587278,1.024008
2001-12-12,681.43,1.0,0.016938,0.016938,1.614164,1.041353
2001-12-13,676.59,1.0,-0.007103,-0.007103,1.602699,1.033956
2001-12-14,665.2,1.0,-0.016834,-0.016834,1.575719,1.01655
2001-12-17,648.28,1.0,-0.025436,-0.025436,1.535639,0.990693
2001-12-18,643.76,1.0,-0.006972,-0.006972,1.524932,0.983786
2001-12-19,647.05,1.0,0.005111,0.005111,1.532725,0.988814
2001-12-20,664.51,1.0,0.026984,0.026984,1.574084,1.015496
2001-12-21,644.71,1.0,-0.029796,-0.029796,1.527182,0.985238
2001-12-24,646.49,1.0,0.002761,0.002761,1.531399,0.987958
2001-12-26,653.87,1.0,0.011415,0.011415,1.54888,0.999236
2001-12-27,668.55,1.0,0.022451,0.022451,1.583654,1.02167
2001-12-28,693.7,1.0,0.037619,0.037619,1.643229,1.060104
2002-01-02,724.95,1.0,0.045048,0.045048,1.717254,1.107859
2002-01-03,727.66,1.0,0.003738,0.003738,1.723673,1.112001
2002-01-04,747.72,1.0,0.027568,0.027568,1.771191,1.142656
2002-01-07,751.48,1.0,0.005029,0.005029,1.780098,1.148402
2002-01-08,734.76,1.0,-0.022249,-0.022249,1.740492,1.122851
2002-01-09,751.61,1.0,0.022933,0.022933,1.780406,1.148601
2002-01-10,728.23,1.0,-0.031107,-0.031107,1.725023,1.112872
2002-01-11,727.36,1.0,-0.001195,-0.001195,1.722963,1.111542
2002-01-14,744.03,1.0,0.022918,0.022918,1.76245,1.137017
2002-01-15,718.64,1.0,-0.034125,-0.034125,1.702307,1.098217
2002-01-16,710.95,1.0,-0.010701,-0.010701,1.684091,1.086465
2002-01-17,713.5,1.0,0.003587,0.003587,1.690131,1.090362
2002-01-18,708.47,1.0,-0.00705,-0.00705,1.678216,1.082675
2002-01-21,717.35,1.0,0.012534,0.012534,1.699251,1.096245
2002-01-22,724.36,1.0,0.009772,0.009772,1.715856,1.106958
2002-01-23,742.62,1.0,0.025208,0.025208,1.75911,1.134863
2002-01-24,757.71,1.0,0.02032,0.02032,1.794855,1.157923
2002-01-25,774.68,1.0,0.022396,0.022396,1.835054,1.183856
2002-01-28,780.24,1.0,0.007177,0.007177,1.848224,1.192353
2002-01-29,774.03,1.0,-0.007959,-0.007959,1.833514,1.182863
2002-01-30,749.45,1.0,-0.031756,-0.031756,1.775289,1.1453
2002-01-31,748.07,1.0,-0.001841,-0.001841,1.77202,1.143191
2002-02-04,730.21,1.0,-0.023875,-0.023875,1.729714,1.115898
2002-02-05,739.91,1.0,0.013284,0.013284,1.752691,1.130721
2002-02-06,741.55,1.0,0.002216,0.002216,1.756576,1.133227
2002-02-07,727.71,1.0,-0.018664,-0.018664,1.723792,1.112077
2002-02-08,739.66,1.0,0.016421,0.016421,1.752099,1.130339
2002-02-14,796.18,0.5,0.037746,0.076413,1.818233,1.216712
2002-02-15,783.59,0.5,-0.007867,-0.015813,1.803929,1.197472
2002-02-18,790.37,1.0,0.008152,0.008652,1.818636,1.207833
2002-02-19,782.27,1.0,-0.010248,-0.010248,1.799998,1.195455
2002-02-20,776.89,1.0,-0.006877,-0.006877,1.787618,1.187234
2002-02-21,787.62,1.0,0.013811,0.013811,1.812308,1.203631
2002-02-22,792.0,1.0,0.005561,0.005561,1.822386,1.210324
2002-02-25,791.48,0.5,-0.000789,-0.000657,1.820948,1.20953
2002-02-26,801.14,0.5,0.006142,0.012205,1.832132,1.224292
2002-02-27,822.11,0.5,0.013127,0.026175,1.856182,1.256338
2002-02-28,819.99,0.5,-0.00125,-0.002579,1.853862,1.253098
2002-03-04,834.21,1.0,0.016842,0.017342,1.885084,1.274829
2002-03-05,841.95,1.0,0.009278,0.009278,1.902574,1.286657
2002-03-06,843.06,1.0,0.001318,0.001318,1.905083,1.288354
2002-03-07,829.44,1.0,-0.016155,-0.016155,1.874305,1.26754
2002-03-08,825.27,1.0,-0.005027,-0.005027,1.864882,1.261167
2002-03-11,827.02,1.0,0.002121,0.002121,1.868837,1.263842
2002-03-12,846.03,1.0,0.022986,0.022986,1.911794,1.292892
2002-03-13,849.13,1.0,0.003664,0.003664,1.918799,1.29763
2002-03-14,856.86,1.0,0.009103,0.009103,1.936267,1.309443
2002-03-15,860.36,1.0,0.004085,0.004085,1.944176,1.314791
2002-03-18,869.71,1.0,0.010868,0.010868,1.965304,1.32908
2002-03-19,889.98,1.0,0.023307,0.023307,2.011109,1.360056
2002-03-20,887.48,1.0,-0.002809,-0.002809,2.00546,1.356236
2002-03-21,885.64,1.0,-0.002073,-0.002073,2.001302,1.353424
2002-03-22,895.98,1.0,0.011675,0.011675,2.024667,1.369225
2002-03-25,879.41,1.0,-0.018494,-0.018494,1.987224,1.343903
2002-03-26,881.03,1.0,0.001842,0.001842,1.990884,1.346379
2002-03-27,902.46,1.0,0.024324,0.024324,2.03931,1.379128
2002-03-28,892.67,1.0,-0.010848,-0.010848,2.017188,1.364167
2002-03-29,895.58,1.0,0.00326,0.00326,2.023763,1.368614
2002-04-01,875.83,1.0,-0.022053,-0.022053,1.979134,1.338432
2002-04-02,905.34,1.0,0.033694,0.033694,2.045818,1.383529
2002-04-03,918.59,1.0,0.014635,0.014635,2.07576,1.403778
2002-04-04,918.01,1.0,-0.000631,-0.000631,2.074449,1.402891
2002-04-08,900.69,1.0,-0.018867,-0.018867,2.035311,1.376423
2002-04-09,888.67,1.0,-0.013345,-0.013345,2.008149,1.358054
2002-04-10,856.03,1.0,-0.036729,-0.036729,1.934391,1.308174
2002-04-11,862.86,1.0,0.007979,0.007979,1.949825,1.318612
2002-04-12,875.69,1.0,0.014869,0.014869,1.978818,1.338218
2002-04-15,894.28,1.0,0.021229,0.021229,2.020826,1.366627
2002-04-16,901.29,1.0,0.007839,0.007839,2.036666,1.37734
2002-04-17,930.51,1.0,0.03242,0.03242,2.102696,1.421994
2002-04-18,937.61,1.0,0.00763,0.00763,2.11874,1.432844
2002-04-19,923.94,1.0,-0.01458,-0.01458,2.087849,1.411953
2002-04-22,920.89,1.0,-0.003301,-0.003301,2.080957,1.407293
2002-04-23,925.7,1.0,0.005223,0.005223,2.091826,1.414643
2002-04-24,915.69,1.0,-0.010813,-0.010813,2.069206,1.399346
2002-04-25,872.58,1.0,-0.047079,-0.047079,1.97179,1.333466
2002-04-26,869.65,1.0,-0.003358,-0.003358,1.965169,1.328988
2002-04-29,838.51,1.0,-0.035808,-0.035808,1.894801,1.2814
2002-04-30,842.34,1.0,0.004568,0.004568,1.903456,1.287253
2002-05-02,859.86,1.0,0.020799,0.020799,1.943046,1.314027
2002-05-03,856.72,1.0,-0.003652,-0.003652,1.935951,1.309229
2002-05-06,826.87,1.0,-0.034842,-0.034842,1.868498,1.263612
2002-05-07,826.34,1.0,-0.000641,-0.000641,1.8673,1.262802
2002-05-08,844.67,1.0,0.022182,0.022182,1.908721,1.290814
2002-05-09,838.67,1.0,-0.007103,-0.007103,1.895163,1.281645
2002-05-10,817.93,1.0,-0.02473,-0.02473,1.848296,1.24995
2002-05-13,821.89,0.5,0.00196,0.004841,1.851919,1.256002
2002-05-14,837.37,0.5,0.009457,0.018835,1.869431,1.279658
2002-05-15,862.62,0.5,0.015116,0.030154,1.89769,1.318245
2002-05-16,858.04,0.5,-0.002615,-0.005309,1.892727,1.311246
2002-05-17,875.03,0.5,0.00994,0.019801,1.91154,1.33721
2002-05-20,865.78,1.0,-0.011071,-0.010571,1.890378,1.323074
2002-05-21,837.56,1.0,-0.032595,-0.032595,1.828761,1.279949
2002-05-22,863.06,1.0,0.030446,0.030446,1.884439,1.318917
2002-05-23,845.51,1.0,-0.020335,-0.020335,1.846119,1.292098
2002-05-24,854.57,1.0,0.010715,0.010715,1.865901,1.305943
2002-05-27,840.57,1.0,-0.016383,-0.016383,1.835333,1.284548
2002-05-28,848.8,1.0,0.009791,0.009791,1.853303,1.297125
2002-05-29,835.19,1.0,-0.016034,-0.016034,1.823586,1.276327
2002-05-30,815.61,1.0,-0.023444,-0.023444,1.780834,1.246405
2002-05-31,796.4,1.0,-0.023553,-0.023553,1.738891,1.217048
2002-06-03,804.93,0.5,0.004895,0.010711,1.747402,1.230084
2002-06-04,806.33,0.5,0.000909,0.001739,1.74899,1.232223
2002-06-05,809.59,0.5,0.002061,0.004043,1.752594,1.237205
2002-06-07,795.16,0.5,-0.008873,-0.017824,1.737044,1.215154
2002-06-10,811.9,0.5,0.010565,0.021052,1.755397,1.240735
2002-06-11,815.33,0.5,0.002152,0.004225,1.759174,1.245977
2002-06-12,823.06,0.5,0.00478,0.009481,1.767582,1.25779
2002-06-14,822.01,0.5,-0.000599,-0.001276,1.766524,1.256185
2002-06-17,809.16,0.5,-0.007777,-0.015632,1.752786,1.236548
2002-06-18,809.4,0.5,0.000188,0.000297,1.753115,1.236915
2002-06-19,776.37,0.5,-0.020365,-0.040808,1.717413,1.186439
2002-06-20,776.81,0.5,0.000323,0.000567,1.717967,1.187111
2002-06-21,778.53,0.5,0.001146,0.002214,1.719937,1.18974
2002-06-24,767.92,0.5,-0.006775,-0.013628,1.708285,1.173526
2002-06-25,755.92,0.5,-0.007774,-0.015627,1.695004,1.155187
2002-06-26,701.87,0.5,-0.035712,-0.071502,1.634473,1.072589
2002-06-27,710.43,0.5,0.006137,0.012196,1.644504,1.08567
2002-06-28,742.72,0.5,0.022765,0.045451,1.681941,1.135015
2002-07-02,746.23,0.5,0.002402,0.004726,1.685981,1.140379
2002-07-03,753.36,0.5,0.004817,0.009555,1.694102,1.151275
2002-07-04,768.74,0.5,0.010247,0.020415,1.711461,1.174779
2002-07-05,787.83,0.5,0.012456,0.024833,1.732779,1.203952
2002-07-08,783.35,1.0,-0.006187,-0.005687,1.722059,1.197106
2002-07-09,801.99,1.0,0.023795,0.023795,1.763036,1.225591
2002-07-10,794.71,1.0,-0.009077,-0.009077,1.747032,1.214466
2002-07-11,764.88,1.0,-0.037536,-0.037536,1.681456,1.16888
2002-07-12,792.93,1.0,0.036672,0.036672,1.743119,1.211746
2002-07-15,783.52,1.0,-0.011867,-0.011867,1.722433,1.197365
2002-07-16,771.45,1.0,-0.015405,-0.015405,1.695899,1.17892
2002-07-18,773.85,1.0,0.003111,0.003111,1.701175,1.182588
2002-07-19,754.62,1.0,-0.02485,-0.02485,1.658901,1.153201
2002-07-22,720.9,1.0,-0.044685,-0.044685,1.584773,1.10167
2002-07-23,743.52,1.0,0.031377,0.031377,1.6345,1.136238
2002-07-24,721.41,1.0,-0.029737,-0.029737,1.585895,1.10245
2002-07-25,723.52,1.0,0.002925,0.002925,1.590533,1.105674
2002-07-26,697.84,1.0,-0.035493,-0.035493,1.53408,1.06643
2002-07-29,700.35,0.5,0.001338,0.003597,1.536132,1.070266
2002-07-30,724.08,0.5,0.016981,0.033883,1.562217,1.10653
2002-07-31,717.99,0.5,-0.004166,-0.008411,1.555709,1.097223
2002-08-01,707.8,0.5,-0.007057,-0.014192,1.54473,1.081651
2002-08-02,700.68,0.5,-0.00499,-0.010059,1.537021,1.07077
2002-08-05,675.76,0.0,-0.000421,-0.035565,1.536374,1.032688
2002-08-06,673.78,0.0,7.9e-05,-0.00293,1.536494,1.029662
2002-08-07,679.37,0.0,7.9e-05,0.008296,1.536615,1.038205
2002-08-08,684.49,0.0,7.9e-05,0.007536,1.536736,1.046029
2002-08-09,692.45,0.0,7.9e-05,0.011629,1.536857,1.058193
2002-08-12,695.39,0.0,7.9e-05,0.004246,1.536978,1.062686
2002-08-13,708.63,0.0,7.9e-05,0.01904,1.537098,1.082919
2002-08-14,711.24,0.0,7.9e-05,0.003683,1.537219,1.086908
2002-08-16,718.29,0.0,7.9e-05,0.009912,1.53734,1.097682
2002-08-19,717.58,0.0,7.9e-05,-0.000988,1.537461,1.096597
2002-08-20,736.7,0.0,7.9e-05,0.026645,1.537582,1.125816
2002-08-21,745.12,0.0,7.9e-05,0.011429,1.537702,1.138683
2002-08-22,745.75,0.0,7.9e-05,0.000846,1.537823,1.139646
2002-08-23,740.51,0.0,7.9e-05,-0.007026,1.537944,1.131638
2002-08-26,734.79,0.0,7.9e-05,-0.007724,1.538065,1.122897
2002-08-27,724.17,0.0,7.9e-05,-0.014453,1.538186,1.106667
2002-08-28,724.05,0.0,7.9e-05,-0.000166,1.538307,1.106484
2002-08-29,724.94,0.0,7.9e-05,0.001229,1.538428,1.107844
2002-08-30,736.4,0.0,7.9e-05,0.015808,1.538548,1.125357
2002-09-02,751.98,0.0,7.9e-05,0.021157,1.538669,1.149166
2002-09-03,740.59,0.0,7.9e-05,-0.015147,1.53879,1.13176
2002-09-04,723.05,0.0,7.9e-05,-0.023684,1.538911,1.104956
2002-09-05,720.98,0.0,7.9e-05,-0.002863,1.539032,1.101793
2002-09-06,708.73,0.0,7.9e-05,-0.016991,1.539153,1.083072
2002-09-09,697.89,0.0,7.9e-05,-0.015295,1.539274,1.066507
2002-09-10,713.3,0.0,7.9e-05,0.022081,1.539395,1.090056
2002-09-11,724.71,0.0,7.9e-05,0.015996,1.539516,1.107493
2002-09-12,739.22,0.0,7.9e-05,0.020022,1.539637,1.129667
2002-09-13,718.17,0.0,7.9e-05,-0.028476,1.539758,1.097498
2002-09-16,704.38,0.0,7.9e-05,-0.019202,1.539879,1.076425
2002-09-17,726.8,0.0,7.9e-05,0.031829,1.54,1.110687
2002-09-18,703.87,0.0,7.9e-05,-0.031549,1.540121,1.075645
2002-09-19,704.12,0.0,7.9e-05,0.000355,1.540242,1.076027
2002-09-23,679.43,0.0,7.9e-05,-0.035065,1.540363,1.038296
2002-09-24,672.28,0.0,7.9e-05,-0.010524,1.540484,1.02737
2002-09-25,657.96,0.0,7.9e-05,-0.021301,1.540605,1.005486
2002-09-26,662.41,0.0,7.9e-05,0.006763,1.540726,1.012287
2002-09-27,663.72,0.0,7.9e-05,0.001978,1.540847,1.014289
2002-09-30,646.42,0.0,7.9e-05,-0.026065,1.540968,0.987851
2002-10-01,652.13,0.0,7.9e-05,0.008833,1.541089,0.996577
2002-10-02,648.1,0.0,7.9e-05,-0.00618,1.541211,0.990418
2002-10-04,650.92,0.0,7.9e-05,0.004351,1.541332,0.994728
2002-10-07,627.4,0.0,7.9e-05,-0.036133,1.541453,0.958785
2002-10-08,634.84,0.0,7.9e-05,0.011858,1.541574,0.970154
2002-10-09,619.94,0.0,7.9e-05,-0.02347,1.541695,0.947385
2002-10-10,584.04,0.0,7.9e-05,-0.057909,1.541816,0.892523
2002-10-11,587.51,0.0,7.9e-05,0.005941,1.541937,0.897825
2002-10-14,614.27,0.0,7.9e-05,0.045548,1.542059,0.93872
2002-10-15,629.57,0.0,7.9e-05,0.024908,1.54218,0.962101
2002-10-16,636.25,0.0,7.9e-05,0.01061,1.542301,0.972309
2002-10-17,644.66,0.0,7.9e-05,0.013218,1.542422,0.985161
2002-10-18,670.79,0.0,7.9e-05,0.040533,1.542543,1.025093
2002-10-21,652.67,0.0,7.9e-05,-0.027013,1.542665,0.997402
2002-10-22,639.27,0.0,7.9e-05,-0.020531,1.542786,0.976924
2002-10-23,657.43,0.0,7.9e-05,0.028407,1.542907,1.004676
2002-10-24,654.98,0.0,7.9e-05,-0.003727,1.543028,1.000932
2002-10-25,655.88,0.0,7.9e-05,0.001374,1.54315,1.002308
2002-10-28,678.14,0.0,7.9e-05,0.033939,1.543271,1.036325
2002-10-29,673.18,0.0,7.9e-05,-0.007314,1.543392,1.028745
2002-10-30,658.03,0.0,7.9e-05,-0.022505,1.543513,1.005593
2002-10-31,658.92,0.0,7.9e-05,0.001353,1.543635,1.006953
2002-11-01,647.65,0.0,7.9e-05,-0.017104,1.543756,0.989731
2002-11-04,672.68,0.0,7.9e-05,0.038647,1.543877,1.027981
2002-11-05,664.9,0.0,7.9e-05,-0.011566,1.543999,1.016092
2002-11-06,682.56,0.0,7.9e-05,0.02656,1.54412,1.04308
2002-11-07,681.27,0.0,7.9e-05,-0.00189,1.544241,1.041108
2002-11-08,674.85,0.0,7.9e-05,-0.009424,1.544363,1.031297
2002-11-11,657.78,0.0,7.9e-05,-0.025295,1.544484,1.005211
2002-11-12,654.43,0.0,7.9e-05,-0.005093,1.544605,1.000092
2002-11-13,653.85,0.0,7.9e-05,-0.000886,1.544727,0.999205
2002-11-14,652.15,0.0,7.9e-05,-0.0026,1.544848,0.996607
2002-11-15,672.95,0.0,7.9e-05,0.031895,1.54497,1.028394
2002-11-18,667.13,0.0,7.9e-05,-0.008648,1.545091,1.0195
2002-11-19,671.44,0.0,7.9e-05,0.006461,1.545212,1.026086
2002-11-20,682.0,0.0,7.9e-05,0.015727,1.545334,1.042224
2002-11-21,690.38,0.0,7.9e-05,0.012287,1.545455,1.05503
2002-11-22,692.87,0.0,7.9e-05,0.003607,1.545577,1.058835
2002-11-25,705.86,0.5,0.008913,0.018748,1.559353,1.078686
2002-11-26,702.27,0.5,-0.002504,-0.005086,1.555449,1.0732
2002-11-27,708.07,0.5,0.004169,0.008259,1.561933,1.082064
2002-11-28,714.54,0.5,0.004608,0.009138,1.569131,1.091951
2002-11-29,724.8,0.5,0.007219,0.014359,1.580458,1.10763
2002-12-02,730.16,0.5,0.003737,0.007395,1.586364,1.115821
2002-12-03,736.57,0.5,0.004429,0.008779,1.593389,1.125617
2002-12-04,714.5,0.5,-0.014942,-0.029963,1.56958,1.09189
2002-12-05,722.76,0.5,0.00582,0.011561,1.578715,1.104513
2002-12-06,718.09,0.5,-0.003191,-0.006461,1.573676,1.097376
2002-12-09,709.11,0.5,-0.006213,-0.012505,1.563898,1.083653
2002-12-10,702.44,0.5,-0.004664,-0.009406,1.556605,1.07346
2002-12-11,698.61,0.5,-0.002687,-0.005452,1.552422,1.067607
2002-12-12,715.38,0.5,0.012042,0.024005,1.571116,1.093235
2002-12-13,708.13,0.5,-0.005028,-0.010134,1.563217,1.082155
2002-12-16,692.42,0.5,-0.011053,-0.022185,1.545938,1.058148
2002-12-17,704.49,0.5,0.008755,0.017432,1.559473,1.076593
2002-12-18,709.22,0.5,0.003396,0.006714,1.564769,1.083821
2002-12-20,709.44,0.5,0.000194,0.00031,1.565073,1.084157
2002-12-23,691.38,0.5,-0.012689,-0.025457,1.545214,1.056558
2002-12-24,677.82,0.5,-0.009767,-0.019613,1.530122,1.035836
2002-12-26,671.89,0.5,-0.004335,-0.008749,1.523489,1.026774
2002-12-27,656.92,0.5,-0.011101,-0.02228,1.506577,1.003897
2002-12-30,627.55,0.0,-0.000421,-0.044709,1.505942,0.959014
2003-01-02,635.17,0.0,7.9e-05,0.012142,1.50606,0.970659
2003-01-03,661.1,0.0,7.9e-05,0.040824,1.506178,1.010285
2003-01-06,666.71,0.5,0.003782,0.008486,1.511875,1.018858
2003-01-07,652.2,0.5,-0.010843,-0.021764,1.495482,0.996684
2003-01-08,651.72,0.5,-0.000329,-0.000736,1.494991,0.99595
2003-01-09,630.4,0.5,-0.016317,-0.032713,1.470597,0.963369
2003-01-10,628.36,0.5,-0.001579,-0.003236,1.468275,0.960252
2003-01-13,648.06,0.5,0.015715,0.031351,1.491349,0.990357
2003-01-14,650.05,0.5,0.001575,0.003071,1.493697,0.993398
2003-01-15,648.29,0.5,-0.001314,-0.002707,1.491734,0.990709
2003-01-16,648.69,0.5,0.000348,0.000617,1.492253,0.99132
2003-01-17,636.46,0.5,-0.009387,-0.018853,1.478244,0.97263
2003-01-20,634.5,0.0,-0.000421,-0.00308,1.477621,0.969635
2003-01-21,632.86,0.0,7.9e-05,-0.002585,1.477737,0.967129
2003-01-22,622.49,0.0,7.9e-05,-0.016386,1.477854,0.951281
2003-01-23,625.18,0.0,7.9e-05,0.004321,1.47797,0.955392
2003-01-24,609.43,0.0,7.9e-05,-0.025193,1.478086,0.931323
2003-01-27,593.09,0.0,7.9e-05,-0.026812,1.478202,0.906353
2003-01-28,600.56,0.0,7.9e-05,0.012595,1.478318,0.917768
2003-01-29,583.35,0.0,7.9e-05,-0.028657,1.478434,0.891468
2003-01-30,591.86,0.0,7.9e-05,0.014588,1.47855,0.904473
2003-02-03,600.41,0.0,7.9e-05,0.014446,1.478667,0.917539
2003-02-04,603.78,0.0,7.9e-05,0.005613,1.478783,0.922689
2003-02-05,600.68,0.0,7.9e-05,-0.005134,1.478899,0.917952
2003-02-06,589.5,0.0,7.9e-05,-0.018612,1.479015,0.900866
2003-02-07,577.48,0.0,7.9e-05,-0.02039,1.479132,0.882498
2003-02-10,577.25,0.0,7.9e-05,-0.000398,1.479248,0.882146
2003-02-11,575.98,0.0,7.9e-05,-0.0022,1.479364,0.880205
2003-02-12,583.29,0.0,7.9e-05,0.012691,1.47948,0.891376
2003-02-13,575.67,0.0,7.9e-05,-0.013064,1.479597,0.879732
2003-02-14,575.24,0.0,7.9e-05,-0.000747,1.479713,0.879075
2003-02-17,601.87,0.0,7.9e-05,0.046294,1.479829,0.91977
2003-02-18,603.45,0.0,7.9e-05,0.002625,1.479945,0.922185
2003-02-19,600.83,0.0,7.9e-05,-0.004342,1.480062,0.918181
2003-02-20,605.51,0.0,7.9e-05,0.007789,1.480178,0.925333
2003-02-21,603.6,0.0,7.9e-05,-0.003154,1.480294,0.922414
2003-02-24,616.29,0.0,7.9e-05,0.021024,1.480411,0.941807
2003-02-25,592.25,0.0,7.9e-05,-0.039008,1.480527,0.905069
2003-02-26,590.26,0.0,7.9e-05,-0.00336,1.480643,0.902028
2003-02-27,582.46,0.0,7.9e-05,-0.013215,1.48076,0.890108
2003-02-28,575.43,0.0,7.9e-05,-0.012069,1.480876,0.879365
2003-03-03,590.04,0.0,7.9e-05,0.02539,1.480992,0.901692
2003-03-04,576.58,0.0,7.9e-05,-0.022812,1.481109,0.881122
2003-03-05,560.26,0.0,7.9e-05,-0.028305,1.481225,0.856182
2003-03-06,555.33,0.0,7.9e-05,-0.008799,1.481342,0.848648
2003-03-07,546.02,0.0,7.9e-05,-0.016765,1.481458,0.834421
2003-03-10,544.24,0.0,7.9e-05,-0.00326,1.481574,0.831701
2003-03-11,532.53,0.0,7.9e-05,-0.021516,1.481691,0.813806
2003-03-12,531.81,0.0,7.9e-05,-0.001352,1.481807,0.812705
2003-03-13,531.78,0.0,7.9e-05,-5.6e-05,1.481924,0.81266
2003-03-14,537.65,0.0,7.9e-05,0.011038,1.48204,0.82163
2003-03-17,515.24,0.0,7.9e-05,-0.041681,1.482157,0.787383
2003-03-18,537.31,0.0,7.9e-05,0.042834,1.482273,0.82111
2003-03-19,541.78,0.0,7.9e-05,0.008319,1.48239,0.827941
2003-03-20,568.46,0.0,7.9e-05,0.049245,1.482506,0.868713
2003-03-21,575.77,0.0,7.9e-05,0.012859,1.482623,0.879884
2003-03-24,569.85,0.0,7.9e-05,-0.010282,1.482739,0.870838
2003-03-25,554.98,0.0,7.9e-05,-0.026095,1.482856,0.848113
2003-03-26,554.79,0.0,7.9e-05,-0.000342,1.482972,0.847823
2003-03-27,549.26,0.0,7.9e-05,-0.009968,1.483089,0.839372
2003-03-28,556.33,0.0,7.9e-05,0.012872,1.483205,0.850177
2003-03-31,535.7,0.0,7.9e-05,-0.037082,1.483322,0.81865
2003-04-01,538.56,0.0,7.9e-05,0.005339,1.483438,0.823021
2003-04-02,542.92,0.0,7.9e-05,0.008096,1.483555,0.829684
2003-04-03,545.24,0.0,7.9e-05,0.004273,1.483672,0.833229
2003-04-04,558.01,0.0,7.9e-05,0.023421,1.483788,0.852744
2003-04-07,585.9,0.0,7.9e-05,0.049981,1.483905,0.895365
2003-04-08,587.32,0.0,7.9e-05,0.002424,1.484021,0.897535
2003-04-09,569.47,0.0,7.9e-05,-0.030392,1.484138,0.870257
2003-04-10,577.73,0.0,7.9e-05,0.014505,1.484255,0.88288
2003-04-11,582.97,0.0,7.9e-05,0.00907,1.484371,0.890887
2003-04-14,594.4,0.0,7.9e-05,0.019606,1.484488,0.908355
2003-04-15,604.99,0.0,7.9e-05,0.017816,1.484605,0.924538
2003-04-16,621.34,0.0,7.9e-05,0.027025,1.484721,0.949524
2003-04-17,612.72,0.0,7.9e-05,-0.013873,1.484838,0.936351
2003-04-18,624.77,0.0,7.9e-05,0.019666,1.484955,0.954766
2003-04-21,620.83,0.5,-0.003614,-0.006306,1.479588,0.948745
2003-04-22,603.32,0.5,-0.014063,-0.028204,1.458781,0.921986
2003-04-23,598.09,0.5,-0.004295,-0.008669,1.452515,0.913994
2003-04-24,588.35,0.5,-0.008103,-0.016285,1.440745,0.899109
2003-04-25,566.63,0.5,-0.018419,-0.036917,1.414208,0.865917
2003-04-28,569.02,0.0,-0.000421,0.004218,1.413612,0.869569
2003-04-29,597.36,0.0,7.9e-05,0.049805,1.413723,0.912878
2003-04-30,599.35,0.0,7.9e-05,0.003331,1.413834,0.915919
2003-05-02,597.44,0.0,7.9e-05,-0.003187,1.413945,0.913
2003-05-06,604.33,0.5,0.005306,0.011533,1.421447,0.92353
2003-05-07,618.08,0.5,0.011416,0.022752,1.437674,0.944542
2003-05-09,619.11,0.5,0.000873,0.001666,1.438928,0.946116
2003-05-12,631.04,0.5,0.009674,0.01927,1.452848,0.964347
2003-05-13,614.07,0.5,-0.013407,-0.026892,1.43337,0.938414
2003-05-14,609.97,0.5,-0.003299,-0.006677,1.428642,0.932148
2003-05-15,619.35,0.5,0.007728,0.015378,1.439682,0.946483
2003-05-16,610.81,0.5,-0.006855,-0.013789,1.429813,0.933432
2003-05-19,596.36,0.0,-0.000421,-0.023657,1.429211,0.91135
2003-05-20,602.08,0.0,7.9e-05,0.009592,1.429323,0.920091
2003-05-21,600.57,0.0,7.9e-05,-0.002508,1.429436,0.917784
2003-05-22,595.38,0.0,7.9e-05,-0.008642,1.429548,0.909852
2003-05-23,611.51,0.0,7.9e-05,0.027092,1.42966,0.934502
2003-05-26,617.65,0.0,7.9e-05,0.010041,1.429773,0.943885
2003-05-27,614.3,0.0,7.9e-05,-0.005424,1.429885,0.938766
2003-05-28,628.36,0.0,7.9e-05,0.022888,1.429997,0.960252
2003-05-29,632.43,0.0,7.9e-05,0.006477,1.43011,0.966472
2003-05-30,633.42,0.0,7.9e-05,0.001565,1.430222,0.967984
2003-06-02,648.71,0.5,0.011609,0.024139,1.446825,0.99135
2003-06-03,636.94,0.5,-0.009033,-0.018144,1.433756,0.973364
2003-06-04,640.27,0.5,0.002653,0.005228,1.437561,0.978453
2003-06-05,642.38,0.5,0.001687,0.003295,1.439986,0.981677
2003-06-09,650.35,0.5,0.006243,0.012407,1.448975,0.993857
2003-06-10,649.75,0.5,-0.000422,-0.000923,1.448364,0.99294
2003-06-11,651.29,0.5,0.001224,0.00237,1.450137,0.995293
2003-06-12,657.95,0.5,0.005152,0.010226,1.457609,1.005471
2003-06-13,665.24,0.5,0.005579,0.01108,1.465741,1.016611
2003-06-16,657.82,0.5,-0.005538,-0.011154,1.457624,1.005272
2003-06-17,674.66,0.5,0.012839,0.0256,1.476339,1.031007
2003-06-18,675.75,0.5,0.000847,0.001616,1.47759,1.032673
2003-06-19,690.49,0.5,0.010946,0.021813,1.493763,1.055198
2003-06-20,686.22,0.5,-0.003053,-0.006184,1.489203,1.048673
2003-06-23,674.59,1.0,-0.017448,-0.016948,1.463219,1.0309
2003-06-24,664.01,1.0,-0.015684,-0.015684,1.440271,1.014732
2003-06-25,674.03,1.0,0.01509,0.01509,1.462005,1.030044
2003-06-26,675.75,1.0,0.002552,0.002552,1.465735,1.032673
2003-06-27,677.28,1.0,0.002264,0.002264,1.469054,1.035011
2003-06-30,669.93,1.0,-0.010852,-0.010852,1.453112,1.023779
2003-07-01,674.75,1.0,0.007195,0.007195,1.463566,1.031144
2003-07-02,685.8,1.0,0.016376,0.016376,1.487534,1.048031
2003-07-03,686.83,1.0,0.001502,0.001502,1.489769,1.049605
2003-07-04,693.25,1.0,0.009347,0.009347,1.503694,1.059416
2003-07-07,704.29,1.0,0.015925,0.015925,1.52764,1.076287
2003-07-08,708.34,1.0,0.00575,0.00575,1.536425,1.082476
2003-07-09,705.5,1.0,-0.004009,-0.004009,1.530265,1.078136
2003-07-10,700.51,1.0,-0.007073,-0.007073,1.519441,1.070511
2003-07-11,704.15,1.0,0.005196,0.005196,1.527336,1.076073
2003-07-14,720.1,1.0,0.022651,0.022651,1.561933,1.100448
2003-07-15,713.45,1.0,-0.009235,-0.009235,1.547509,1.090285
2003-07-16,716.48,1.0,0.004247,0.004247,1.554081,1.094916
2003-07-18,699.35,1.0,-0.023909,-0.023909,1.516925,1.068738
2003-07-21,693.5,1.0,-0.008365,-0.008365,1.504236,1.059798
2003-07-22,699.7,1.0,0.00894,0.00894,1.517684,1.069273
2003-07-23,695.74,1.0,-0.00566,-0.00566,1.509095,1.063221
2003-07-24,702.94,1.0,0.010349,0.010349,1.524712,1.074224
2003-07-25,705.09,1.0,0.003059,0.003059,1.529375,1.07751
2003-07-28,717.8,1.0,0.018026,0.018026,1.556944,1.096933
2003-07-29,722.33,1.0,0.006311,0.006311,1.56677,1.103856
2003-07-30,714.15,1.0,-0.011324,-0.011324,1.549027,1.091355
2003-07-31,713.52,1.0,-0.000882,-0.000882,1.54766,1.090392
2003-08-01,727.26,1.0,0.019257,0.019257,1.577463,1.11139
2003-08-04,718.54,1.0,-0.01199,-0.01199,1.558549,1.098064
2003-08-05,721.84,1.0,0.004593,0.004593,1.565707,1.103107
2003-08-06,707.88,1.0,-0.019339,-0.019339,1.535427,1.081773
2003-08-07,709.81,1.0,0.002726,0.002726,1.539613,1.084723
2003-08-08,704.14,1.0,-0.007988,-0.007988,1.527315,1.076058
2003-08-11,704.58,1.0,0.000625,0.000625,1.528269,1.07673
2003-08-12,701.3,1.0,-0.004655,-0.004655,1.521155,1.071718
2003-08-13,713.08,1.0,0.016797,0.016797,1.546706,1.08972
2003-08-14,727.01,1.0,0.019535,0.019535,1.576921,1.111008
2003-08-18,730.1,1.0,0.00425,0.00425,1.583623,1.11573
2003-08-19,740.13,1.0,0.013738,0.013738,1.605379,1.131057
2003-08-20,737.2,1.0,-0.003959,-0.003959,1.599024,1.12658
2003-08-21,754.34,1.0,0.02325,0.02325,1.636201,1.152773
2003-08-22,754.72,1.0,0.000504,0.000504,1.637025,1.153354
2003-08-25,756.73,1.0,0.002663,0.002663,1.641385,1.156425
2003-08-26,753.0,1.0,-0.004929,-0.004929,1.633295,1.150725
2003-08-27,758.98,1.0,0.007942,0.007942,1.646265,1.159864
2003-08-28,752.81,1.0,-0.008129,-0.008129,1.632882,1.150435
2003-08-29,759.47,1.0,0.008847,0.008847,1.647328,1.160612
2003-09-01,764.11,1.0,0.00611,0.00611,1.657393,1.167703
2003-09-02,766.5,1.0,0.003128,0.003128,1.662577,1.171356
2003-09-03,766.32,1.0,-0.000235,-0.000235,1.662186,1.171081
2003-09-04,764.15,1.0,-0.002832,-0.002832,1.657479,1.167764
2003-09-05,761.55,1.0,-0.003402,-0.003402,1.65184,1.163791
2003-09-08,760.25,1.0,-0.001707,-0.001707,1.64902,1.161804
2003-09-09,767.46,1.0,0.009484,0.009484,1.664659,1.172823
2003-09-15,753.61,1.0,-0.018047,-0.018047,1.634618,1.151657
2003-09-16,763.63,1.0,0.013296,0.013296,1.656352,1.16697
2003-09-17,766.59,1.0,0.003876,0.003876,1.662772,1.171493
2003-09-18,758.18,1.0,-0.010971,-0.010971,1.64453,1.158641
2003-09-19,748.25,1.0,-0.013097,-0.013097,1.622992,1.143466
2003-09-22,714.89,1.0,-0.044584,-0.044584,1.550632,1.092486
2003-09-23,718.84,1.0,0.005525,0.005525,1.5592,1.098522
2003-09-24,724.7,1.0,0.008152,0.008152,1.57191,1.107477
2003-09-25,713.52,1.0,-0.015427,-0.015427,1.54766,1.090392
2003-09-26,697.4,1.0,-0.022592,-0.022592,1.512695,1.065758
2003-09-29,696.06,0.5,-0.001421,-0.001921,1.510545,1.06371
2003-09-30,697.52,0.5,0.001088,0.002098,1.512189,1.065941
2003-10-01,704.29,0.5,0.004892,0.009706,1.519587,1.076287
2003-10-02,715.24,0.5,0.007813,0.015548,1.531459,1.093021
2003-10-06,723.13,0.5,0.005555,0.011031,1.539966,1.105078
2003-10-07,727.09,0.5,0.002777,0.005476,1.544244,1.11113
2003-10-08,722.76,0.5,-0.002938,-0.005955,1.539706,1.104513
2003-10-09,736.16,0.5,0.009309,0.01854,1.55404,1.12499
2003-10-10,757.89,0.5,0.014798,0.029518,1.577037,1.158198
2003-10-13,757.02,1.0,-0.001648,-0.001148,1.574438,1.156868
2003-10-14,766.52,1.0,0.012549,0.012549,1.594196,1.171386
2003-10-15,764.23,1.0,-0.002988,-0.002988,1.589433,1.167887
2003-10-16,776.97,1.0,0.01667,0.01667,1.61593,1.187356
2003-10-17,767.75,1.0,-0.011867,-0.011867,1.596754,1.173266
2003-10-20,776.44,1.0,0.011319,0.011319,1.614827,1.186546
2003-10-21,779.89,1.0,0.004443,0.004443,1.622003,1.191818
2003-10-22,779.28,1.0,-0.000782,-0.000782,1.620734,1.190886
2003-10-23,754.14,1.0,-0.032261,-0.032261,1.568448,1.152467
2003-10-24,748.17,1.0,-0.007916,-0.007916,1.556032,1.143344
2003-10-27,761.61,1.0,0.017964,0.017964,1.583984,1.163883
2003-10-28,775.36,1.0,0.018054,0.018054,1.612581,1.184895
2003-10-29,779.66,1.0,0.005546,0.005546,1.621524,1.191467
2003-10-30,785.94,1.0,0.008055,0.008055,1.634585,1.201064
2003-10-31,782.36,1.0,-0.004555,-0.004555,1.62714,1.195593
2003-11-03,791.96,1.0,0.012271,0.012271,1.647106,1.210263
2003-11-04,796.06,1.0,0.005177,0.005177,1.655633,1.216529
2003-11-05,805.51,1.0,0.011871,0.011871,1.675287,1.23097
2003-11-06,790.04,1.0,-0.019205,-0.019205,1.643112,1.207329
2003-11-07,804.05,1.0,0.017733,0.017733,1.67225,1.228739
2003-11-10,796.56,1.0,-0.009315,-0.009315,1.656673,1.217293
2003-11-11,787.77,1.0,-0.011035,-0.011035,1.638391,1.20386
2003-11-12,796.31,1.0,0.010841,0.010841,1.656153,1.216911
2003-11-13,813.11,1.0,0.021097,0.021097,1.691093,1.242584
2003-11-14,809.89,1.0,-0.00396,-0.00396,1.684396,1.237664
2003-11-17,794.47,1.0,-0.01904,-0.01904,1.652326,1.214099
2003-11-18,800.97,1.0,0.008182,0.008182,1.665845,1.224032
2003-11-19,771.7,1.0,-0.036543,-0.036543,1.604969,1.179302
2003-11-20,769.45,1.0,-0.002916,-0.002916,1.60029,1.175864
2003-11-21,770.78,1.0,0.001729,0.001729,1.603056,1.177896
2003-11-24,753.65,0.5,-0.011573,-0.022224,1.584504,1.151718
2003-11-25,768.11,0.5,0.009633,0.019187,1.599767,1.173816
2003-11-26,782.65,0.5,0.009504,0.01893,1.614971,1.196036
2003-11-27,781.68,0.5,-0.00058,-0.001239,1.614034,1.194554
2003-11-28,796.18,0.5,0.009314,0.01855,1.629067,1.216712
2003-12-01,807.39,1.0,0.01358,0.01408,1.65119,1.233843
2003-12-02,807.78,1.0,0.000483,0.000483,1.651987,1.234439
2003-12-03,808.34,1.0,0.000693,0.000693,1.653132,1.235295
2003-12-04,805.13,1.0,-0.003971,-0.003971,1.646568,1.23039
2003-12-05,789.41,1.0,-0.019525,-0.019525,1.614419,1.206366
2003-12-08,784.8,0.5,-0.003381,-0.00584,1.608961,1.199321
2003-12-09,787.35,0.5,0.001664,0.003249,1.611638,1.203218
2003-12-10,794.64,0.5,0.004669,0.009259,1.619163,1.214359
2003-12-11,791.13,0.5,-0.002169,-0.004417,1.61565,1.208995
2003-12-12,806.08,0.5,0.009488,0.018897,1.630979,1.231841
2003-12-15,822.16,1.0,0.019448,0.019948,1.662699,1.256415
2003-12-16,810.79,1.0,-0.013829,-0.013829,1.639705,1.239039
2003-12-17,800.09,1.0,-0.013197,-0.013197,1.618066,1.222687
2003-12-18,807.5,1.0,0.009261,0.009261,1.633051,1.234011
2003-12-19,811.2,1.0,0.004582,0.004582,1.640534,1.239666
2003-12-22,804.54,1.0,-0.00821,-0.00821,1.627065,1.229488
2003-12-23,801.88,1.0,-0.003306,-0.003306,1.621686,1.225423
2003-12-24,792.55,1.0,-0.011635,-0.011635,1.602817,1.211165
2003-12-26,788.85,1.0,-0.004668,-0.004668,1.595334,1.205511
2003-12-29,792.44,1.0,0.004551,0.004551,1.602595,1.210997
2003-12-30,810.71,1.0,0.023055,0.023055,1.639543,1.238917
2004-01-02,821.26,1.0,0.013013,0.013013,1.660879,1.255039
2004-01-05,824.1,1.0,0.003458,0.003458,1.666622,1.259379
2004-01-06,823.43,1.0,-0.000813,-0.000813,1.665267,1.258355
2004-01-07,827.07,1.0,0.004421,0.004421,1.672629,1.263918
2004-01-08,824.15,1.0,-0.003531,-0.003531,1.666724,1.259456
2004-01-09,845.27,1.0,0.025626,0.025626,1.709436,1.291731
2004-01-12,850.79,1.0,0.00653,0.00653,1.720599,1.300167
2004-01-13,848.43,1.0,-0.002774,-0.002774,1.715826,1.29656
2004-01-14,849.62,1.0,0.001403,0.001403,1.718233,1.298379
2004-01-15,845.66,1.0,-0.004661,-0.004661,1.710224,1.292327
2004-01-16,847.95,1.0,0.002708,0.002708,1.714856,1.295827
2004-01-19,856.8,1.0,0.010437,0.010437,1.732753,1.309351
2004-01-20,861.37,1.0,0.005334,0.005334,1.741996,1.316335
2004-01-26,869.04,1.0,0.008904,0.008904,1.757507,1.328056
2004-01-27,863.03,1.0,-0.006916,-0.006916,1.745353,1.318872
2004-01-28,859.59,1.0,-0.003986,-0.003986,1.738396,1.313615
2004-01-29,853.47,1.0,-0.00712,-0.00712,1.726019,1.304262
2004-01-30,848.5,1.0,-0.005823,-0.005823,1.715968,1.296667
2004-02-02,854.89,1.0,0.007531,0.007531,1.728891,1.306432
2004-02-03,839.87,1.0,-0.01757,-0.01757,1.698515,1.283479
2004-02-04,835.5,1.0,-0.005203,-0.005203,1.689677,1.276801
2004-02-05,840.92,1.0,0.006487,0.006487,1.700638,1.285083
2004-02-06,850.23,1.0,0.011071,0.011071,1.719467,1.299311
2004-02-09,864.77,1.0,0.017101,0.017101,1.748872,1.321531
2004-02-10,866.8,1.0,0.002347,0.002347,1.752977,1.324633
2004-02-11,876.34,1.0,0.011006,0.011006,1.77227,1.339212
2004-02-12,877.95,1.0,0.001837,0.001837,1.775526,1.341672
2004-02-13,882.18,1.0,0.004818,0.004818,1.784081,1.348136
2004-02-16,881.28,1.0,-0.00102,-0.00102,1.782261,1.346761
2004-02-17,884.8,1.0,0.003994,0.003994,1.789379,1.35214
2004-02-18,877.1,1.0,-0.008703,-0.008703,1.773807,1.340373
2004-02-19,881.65,1.0,0.005188,0.005188,1.783009,1.347326
2004-02-20,877.49,1.0,-0.004718,-0.004718,1.774596,1.340969
2004-02-23,877.52,1.0,3.4e-05,3.4e-05,1.774657,1.341015
2004-02-24,864.59,1.0,-0.014735,-0.014735,1.748508,1.321256
2004-02-25,866.87,1.0,0.002637,0.002637,1.753118,1.32474
2004-02-26,864.86,1.0,-0.002319,-0.002319,1.749054,1.321668
2004-02-27,883.42,1.0,0.02146,0.02146,1.786588,1.350031
2004-03-02,899.21,1.0,0.017874,0.017874,1.818521,1.374161
2004-03-03,895.81,1.0,-0.003781,-0.003781,1.811645,1.368966
2004-03-04,907.43,1.0,0.012972,0.012972,1.835145,1.386723
2004-03-05,905.38,1.0,-0.002259,-0.002259,1.830999,1.38359
2004-03-08,900.1,1.0,-0.005832,-0.005832,1.820321,1.375521
2004-03-09,891.58,1.0,-0.009466,-0.009466,1.803091,1.362501
2004-03-10,876.02,1.0,-0.017452,-0.017452,1.771623,1.338723
2004-03-11,869.93,1.0,-0.006952,-0.006952,1.759307,1.329416
2004-03-12,848.8,1.0,-0.024289,-0.024289,1.716575,1.297125
2004-03-15,852.26,0.5,0.001577,0.004076,1.719282,1.302413
2004-03-16,850.13,0.5,-0.00121,-0.002499,1.717201,1.299158
2004-03-17,872.38,0.5,0.013126,0.026172,1.739741,1.33316
2004-03-18,872.82,0.5,0.000291,0.000504,1.740248,1.333833
2004-03-19,883.33,0.5,0.00606,0.012041,1.750794,1.349894
2004-03-22,863.69,1.0,-0.022734,-0.022234,1.710991,1.31988
2004-03-23,866.17,1.0,0.002871,0.002871,1.715904,1.32367
2004-03-24,861.72,1.0,-0.005138,-0.005138,1.707088,1.31687
2004-03-25,853.38,1.0,-0.009678,-0.009678,1.690567,1.304125
2004-03-26,863.95,1.0,0.012386,0.012386,1.711506,1.320278
2004-03-29,874.67,1.0,0.012408,0.012408,1.732743,1.33666
2004-03-30,873.46,1.0,-0.001383,-0.001383,1.730346,1.334811
2004-03-31,880.5,1.0,0.00806,0.00806,1.744292,1.345569
2004-04-01,882.75,1.0,0.002555,0.002555,1.748749,1.349007
2004-04-02,883.69,1.0,0.001065,0.001065,1.750612,1.350444
2004-04-06,906.19,1.0,0.025461,0.025461,1.795185,1.384828
2004-04-07,909.93,1.0,0.004127,0.004127,1.802594,1.390544
2004-04-08,916.86,1.0,0.007616,0.007616,1.816322,1.401134
2004-04-09,905.44,1.0,-0.012456,-0.012456,1.793699,1.383682
2004-04-12,918.86,1.0,0.014822,0.014822,1.820284,1.40419
2004-04-13,917.63,1.0,-0.001339,-0.001339,1.817848,1.402311
2004-04-14,916.31,1.0,-0.001438,-0.001438,1.815233,1.400293
2004-04-16,898.88,1.0,-0.019022,-0.019022,1.780703,1.373657
2004-04-19,902.1,1.0,0.003582,0.003582,1.787082,1.378578
2004-04-20,918.9,1.0,0.018623,0.018623,1.820363,1.404251
2004-04-21,929.95,1.0,0.012025,0.012025,1.842254,1.421138
2004-04-22,924.01,1.0,-0.006387,-0.006387,1.830486,1.41206
2004-04-23,936.06,1.0,0.013041,0.013041,1.854358,1.430475
2004-04-26,919.74,1.0,-0.017435,-0.017435,1.822027,1.405535
2004-04-27,915.47,1.0,-0.004643,-0.004643,1.813568,1.39901
2004-04-28,901.83,1.0,-0.014899,-0.014899,1.786547,1.378165
2004-04-29,875.41,1.0,-0.029296,-0.029296,1.734209,1.337791
2004-04-30,862.84,1.0,-0.014359,-0.014359,1.709307,1.318581
2004-05-03,866.11,1.0,0.00379,0.00379,1.715785,1.323578
2004-05-04,867.48,1.0,0.001582,0.001582,1.718499,1.325672
2004-05-06,837.68,1.0,-0.034352,-0.034352,1.659465,1.280132
2004-05-07,838.74,1.0,0.001265,0.001265,1.661564,1.281752
2004-05-10,790.68,0.5,-0.029111,-0.0573,1.613195,1.208307
2004-05-11,791.02,0.5,0.000254,0.00043,1.613605,1.208827
2004-05-12,817.09,0.5,0.016518,0.032957,1.640259,1.248667
2004-05-13,790.13,0.5,-0.016458,-0.032995,1.613263,1.207467
2004-05-14,768.46,0.5,-0.013674,-0.027426,1.591204,1.174351
2004-05-17,728.98,0.0,-0.000421,-0.051375,1.590533,1.114018
2004-05-18,741.99,0.0,7.9e-05,0.017847,1.590658,1.1339
2004-05-19,777.95,0.0,7.9e-05,0.048464,1.590783,1.188853
2004-05-20,767.79,0.0,7.9e-05,-0.01306,1.590908,1.173327
2004-05-21,786.36,0.0,7.9e-05,0.024186,1.591033,1.201705
2004-05-24,799.64,0.0,7.9e-05,0.016888,1.591158,1.222
2004-05-25,784.06,0.0,7.9e-05,-0.019484,1.591283,1.198191
2004-05-27,802.46,0.0,7.9e-05,0.023468,1.591408,1.226309
2004-05-28,816.51,0.0,7.9e-05,0.017509,1.591533,1.24778
2004-05-31,803.84,0.5,-0.008219,-0.015517,1.578452,1.228418
2004-06-01,815.77,0.5,0.00746,0.014841,1.590227,1.246649
2004-06-02,804.39,0.5,-0.006936,-0.01395,1.579198,1.229259
2004-06-03,770.06,0.5,-0.0213,-0.042678,1.545561,1.176796
2004-06-04,780.74,0.5,0.006974,0.013869,1.55634,1.193117
2004-06-07,809.45,0.5,0.018426,0.036773,1.585016,1.236991
2004-06-08,809.31,0.5,-4.7e-05,-0.000173,1.584941,1.236777
2004-06-09,794.53,0.5,-0.009092,-0.018262,1.570531,1.214191
2004-06-10,782.3,0.5,-0.007657,-0.015393,1.558506,1.195501
2004-06-11,751.53,0.5,-0.019627,-0.039333,1.527917,1.148479
2004-06-14,738.79,0.5,-0.008437,-0.016952,1.515026,1.12901
2004-06-15,752.1,0.5,0.009047,0.018016,1.528733,1.14935
2004-06-16,752.34,0.5,0.000199,0.000319,1.529037,1.149717
2004-06-17,760.09,0.5,0.00519,0.010301,1.536972,1.16156
2004-06-18,741.73,0.5,-0.012038,-0.024155,1.51847,1.133502
2004-06-21,749.3,0.5,0.005142,0.010206,1.526278,1.145071
2004-06-22,746.48,0.5,-0.001842,-0.003764,1.523466,1.140761
2004-06-23,738.93,0.5,-0.005018,-0.010114,1.515822,1.129224
2004-06-24,763.13,0.5,0.016414,0.03275,1.540703,1.166206
2004-06-25,779.03,0.5,0.010457,0.020835,1.556814,1.190504
2004-06-28,770.95,0.5,-0.005147,-0.010372,1.548802,1.178156
2004-06-29,778.72,0.5,0.005079,0.010078,1.556667,1.19003
2004-06-30,785.79,0.5,0.004579,0.009079,1.563795,1.200834
2004-07-01,778.03,0.5,-0.004898,-0.009875,1.556135,1.188976
2004-07-02,755.42,0.5,-0.014491,-0.029061,1.533585,1.154423
2004-07-05,756.72,0.5,0.0009,0.001721,1.534965,1.15641
2004-07-06,758.47,0.5,0.001196,0.002313,1.5368,1.159084
2004-07-07,761.88,0.5,0.002287,0.004496,1.540315,1.164295
2004-07-08,743.64,0.5,-0.011931,-0.023941,1.521937,1.136421
2004-07-09,747.46,0.5,0.002608,0.005137,1.525906,1.142259
2004-07-12,746.27,0.0,-0.000421,-0.001592,1.525263,1.14044
2004-07-13,750.95,0.0,7.9e-05,0.006271,1.525383,1.147592
2004-07-14,736.57,0.0,7.9e-05,-0.019149,1.525503,1.125617
2004-07-15,732.74,0.0,7.9e-05,-0.0052,1.525623,1.119764
2004-07-16,739.39,0.0,7.9e-05,0.009076,1.525742,1.129926
2004-07-19,750.4,0.0,7.9e-05,0.014891,1.525862,1.146752
2004-07-20,737.0,0.0,7.9e-05,-0.017857,1.525982,1.126274
2004-07-21,753.32,0.0,7.9e-05,0.022144,1.526102,1.151214
2004-07-22,742.63,0.0,7.9e-05,-0.014191,1.526222,1.134878
2004-07-23,737.51,0.0,7.9e-05,-0.006894,1.526342,1.127054
2004-07-26,736.21,0.0,7.9e-05,-0.001763,1.526462,1.125067
2004-07-27,738.51,0.0,7.9e-05,0.003124,1.526582,1.128582
2004-07-28,744.42,0.0,7.9e-05,0.008003,1.526702,1.137613
2004-07-29,730.61,0.0,7.9e-05,-0.018551,1.526822,1.116509
2004-07-30,735.34,0.0,7.9e-05,0.006474,1.526942,1.123737
2004-08-02,719.59,0.0,7.9e-05,-0.021419,1.527062,1.099668
2004-08-03,726.44,0.0,7.9e-05,0.009519,1.527182,1.110136
2004-08-04,729.41,0.0,7.9e-05,0.004088,1.527302,1.114675
2004-08-05,743.35,0.0,7.9e-05,0.019111,1.527422,1.135978
2004-08-06,733.95,0.0,7.9e-05,-0.012645,1.527542,1.121613
2004-08-09,742.13,0.5,0.005112,0.011145,1.535351,1.134114
2004-08-10,748.62,0.5,0.004412,0.008745,1.542124,1.144032
2004-08-11,753.06,0.5,0.003005,0.005931,1.546758,1.150817
2004-08-12,766.7,0.5,0.009096,0.018113,1.560827,1.171661
2004-08-13,776.02,0.5,0.006117,0.012156,1.570375,1.185904
2004-08-16,773.85,1.0,-0.003296,-0.002796,1.565198,1.182588
2004-08-17,771.03,1.0,-0.003644,-0.003644,1.559495,1.178278
2004-08-18,773.19,1.0,0.002801,0.002801,1.563863,1.181579
2004-08-19,788.53,1.0,0.01984,0.01984,1.59489,1.205022
2004-08-20,787.64,1.0,-0.001129,-0.001129,1.59309,1.203662
2004-08-23,787.65,0.5,-0.000454,1.3e-05,1.592366,1.203677
2004-08-24,792.34,0.5,0.003017,0.005954,1.59717,1.210844
2004-08-25,803.97,0.5,0.007378,0.014678,1.608954,1.228617
2004-08-26,810.21,0.5,0.00392,0.007761,1.615261,1.238153
2004-08-27,810.3,0.5,9.5e-05,0.000111,1.615415,1.23829
2004-08-30,805.19,1.0,-0.006806,-0.006306,1.604419,1.230481
2004-08-31,803.57,1.0,-0.002012,-0.002012,1.601191,1.228006
2004-09-01,817.36,1.0,0.017161,0.017161,1.628669,1.249079
2004-09-02,823.83,1.0,0.007916,0.007916,1.641562,1.258967
2004-09-03,820.69,1.0,-0.003811,-0.003811,1.635305,1.254168
2004-09-06,824.21,1.0,0.004289,0.004289,1.642319,1.259547
2004-09-07,818.8,1.0,-0.006564,-0.006564,1.631539,1.25128
2004-09-08,815.85,1.0,-0.003603,-0.003603,1.625661,1.246772
2004-09-09,821.88,1.0,0.007391,0.007391,1.637676,1.255987
2004-09-10,836.34,1.0,0.017594,0.017594,1.666489,1.278084
2004-09-13,851.91,1.0,0.018617,0.018617,1.697514,1.301878
2004-09-14,851.42,1.0,-0.000575,-0.000575,1.696537,1.301129
2004-09-15,850.63,1.0,-0.000928,-0.000928,1.694963,1.299922
2004-09-16,855.38,1.0,0.005584,0.005584,1.704428,1.307181
2004-09-17,848.11,1.0,-0.008499,-0.008499,1.689942,1.296071
2004-09-20,856.87,1.0,0.010329,0.010329,1.707397,1.309458
2004-09-21,857.15,1.0,0.000327,0.000327,1.707955,1.309886
2004-09-22,835.1,1.0,-0.025725,-0.025725,1.664018,1.276189
2004-09-23,829.68,1.0,-0.00649,-0.00649,1.653218,1.267907
2004-09-24,832.1,1.0,0.002917,0.002917,1.65804,1.271605
2004-09-30,835.09,1.0,0.003593,0.003593,1.663998,1.276174
2004-10-01,846.01,1.0,0.013076,0.013076,1.685757,1.292862
2004-10-04,880.84,1.0,0.04117,0.04117,1.755159,1.346089
2004-10-05,884.84,1.0,0.004541,0.004541,1.76313,1.352201
2004-10-06,887.45,1.0,0.00295,0.00295,1.768331,1.35619
2004-10-07,885.33,1.0,-0.002389,-0.002389,1.764106,1.35295
2004-10-08,881.38,1.0,-0.004462,-0.004462,1.756235,1.346914
2004-10-11,881.11,1.0,-0.000306,-0.000306,1.755697,1.346501
2004-10-12,858.09,1.0,-0.026126,-0.026126,1.709828,1.311322
2004-10-13,856.18,1.0,-0.002226,-0.002226,1.706022,1.308404
2004-10-14,846.63,1.0,-0.011154,-0.011154,1.686993,1.293809
2004-10-15,841.94,1.0,-0.00554,-0.00554,1.677647,1.286642
2004-10-18,848.27,1.0,0.007518,0.007518,1.690261,1.296316
2004-10-19,855.77,1.0,0.008842,0.008842,1.705205,1.307777
2004-10-20,828.61,1.0,-0.031737,-0.031737,1.651086,1.266271
2004-10-21,820.63,1.0,-0.009631,-0.009631,1.635185,1.254076
2004-10-22,828.17,1.0,0.009188,0.009188,1.650209,1.265599
2004-10-25,808.14,1.0,-0.024186,-0.024186,1.610298,1.234989
2004-10-26,813.7,1.0,0.00688,0.00688,1.621377,1.243486
2004-10-27,809.91,1.0,-0.004658,-0.004658,1.613825,1.237694
2004-10-28,833.54,1.0,0.029176,0.029176,1.66091,1.273805
2004-10-29,834.84,1.0,0.00156,0.00156,1.6635,1.275792
2004-11-01,835.66,1.0,0.000982,0.000982,1.665134,1.277045
2004-11-02,846.67,1.0,0.013175,0.013175,1.687072,1.29387
2004-11-03,861.05,1.0,0.016984,0.016984,1.715726,1.315846
2004-11-04,851.2,1.0,-0.01144,-0.01144,1.696099,1.300793
2004-11-05,860.68,1.0,0.011137,0.011137,1.714989,1.31528
2004-11-08,846.11,1.0,-0.016928,-0.016928,1.685957,1.293015
2004-11-09,844.15,1.0,-0.002316,-0.002316,1.682051,1.290019
2004-11-10,860.54,1.0,0.019416,0.019416,1.71471,1.315066
2004-11-11,861.26,1.0,0.000837,0.000837,1.716144,1.316167
2004-11-12,876.67,1.0,0.017892,0.017892,1.74685,1.339716
2004-11-15,882.33,1.0,0.006456,0.006456,1.758128,1.348366
2004-11-16,876.61,1.0,-0.006483,-0.006483,1.746731,1.339624
2004-11-17,885.42,1.0,0.01005,0.01005,1.764286,1.353088
2004-11-18,875.84,1.0,-0.01082,-0.01082,1.745197,1.338448
2004-11-19,867.03,1.0,-0.010059,-0.010059,1.727642,1.324984
2004-11-22,849.99,1.0,-0.019653,-0.019653,1.693688,1.298944
2004-11-23,860.4,1.0,0.012247,0.012247,1.714431,1.314852
2004-11-24,872.56,1.0,0.014133,0.014133,1.738661,1.333435
2004-11-25,872.49,1.0,-8e-05,-8e-05,1.738521,1.333328
2004-11-26,858.12,1.0,-0.01647,-0.01647,1.709888,1.311368
2004-11-29,865.4,1.0,0.008484,0.008484,1.724394,1.322493
2004-11-30,878.06,1.0,0.014629,0.014629,1.74962,1.34184
2004-12-01,876.8,1.0,-0.001435,-0.001435,1.747109,1.339915
2004-12-02,884.1,1.0,0.008326,0.008326,1.761655,1.35107
2004-12-03,882.55,1.0,-0.001753,-0.001753,1.758567,1.348702
2004-12-06,870.75,1.0,-0.01337,-0.01337,1.735054,1.330669
2004-12-07,861.07,1.0,-0.011117,-0.011117,1.715766,1.315876
2004-12-08,871.74,1.0,0.012392,0.012392,1.737027,1.332182
2004-12-09,861.31,1.0,-0.011965,-0.011965,1.716244,1.316243
2004-12-10,844.85,1.0,-0.01911,-0.01911,1.683446,1.291089
2004-12-13,844.2,0.5,-0.000845,-0.000769,1.682023,1.290096
2004-12-14,849.4,0.5,0.003119,0.00616,1.687269,1.298042
2004-12-15,868.84,0.5,0.011483,0.022887,1.706644,1.32775
2004-12-16,873.7,0.5,0.002836,0.005594,1.711484,1.335177
2004-12-17,875.13,0.5,0.000858,0.001637,1.712952,1.337363
2004-12-20,884.31,1.0,0.00999,0.01049,1.730064,1.351391
2004-12-21,882.82,1.0,-0.001685,-0.001685,1.727149,1.349114
2004-12-22,883.38,1.0,0.000634,0.000634,1.728244,1.34997
2004-12-23,876.88,1.0,-0.007358,-0.007358,1.715528,1.340037
2004-12-24,879.92,1.0,0.003467,0.003467,1.721475,1.344683
2004-12-27,876.98,1.0,-0.003341,-0.003341,1.715723,1.34019
2004-12-28,878.43,1.0,0.001653,0.001653,1.71856,1.342406
2004-12-29,884.27,1.0,0.006648,0.006648,1.729986,1.35133
2004-12-30,895.92,1.0,0.013175,0.013175,1.752778,1.369134
2005-01-03,893.71,1.0,-0.002467,-0.002467,1.748454,1.365756
2005-01-04,886.9,1.0,-0.00762,-0.00762,1.735131,1.355349
2005-01-05,885.19,1.0,-0.001928,-0.001928,1.731785,1.352736
2005-01-06,871.28,1.0,-0.015714,-0.015714,1.704572,1.331479
2005-01-07,870.84,1.0,-0.000505,-0.000505,1.703711,1.330807
2005-01-10,874.18,1.0,0.003835,0.003835,1.710245,1.335911
2005-01-11,884.29,1.0,0.011565,0.011565,1.730025,1.351361
2005-01-12,880.03,1.0,-0.004817,-0.004817,1.72169,1.344851
2005-01-13,885.54,1.0,0.006261,0.006261,1.73247,1.353271
2005-01-14,905.1,1.0,0.022088,0.022088,1.770737,1.383162
2005-01-17,923.08,1.0,0.019865,0.019865,1.805913,1.410639
2005-01-18,920.57,1.0,-0.002719,-0.002719,1.801003,1.406803
2005-01-19,916.27,1.0,-0.004671,-0.004671,1.79259,1.400232
2005-01-20,909.37,1.0,-0.007531,-0.007531,1.779091,1.389688
2005-01-21,919.61,1.0,0.011261,0.011261,1.799125,1.405336
2005-01-24,923.11,1.0,0.003806,0.003806,1.805972,1.410685
2005-01-25,915.1,1.0,-0.008677,-0.008677,1.790301,1.398444
2005-01-26,927.0,1.0,0.013004,0.013004,1.813583,1.41663
2005-01-27,924.87,1.0,-0.002298,-0.002298,1.809415,1.413375
2005-01-28,921.59,1.0,-0.003546,-0.003546,1.802998,1.408362
2005-01-31,932.7,1.0,0.012055,0.012055,1.824734,1.42534
2005-02-01,923.69,1.0,-0.00966,-0.00966,1.807107,1.411571
2005-02-02,921.44,1.0,-0.002436,-0.002436,1.802705,1.408133
2005-02-03,928.79,1.0,0.007977,0.007977,1.817084,1.419365
2005-02-04,933.55,1.0,0.005125,0.005125,1.826397,1.426639
2005-02-07,949.19,1.0,0.016753,0.016753,1.856995,1.45054
2005-02-11,947.23,1.0,-0.002065,-0.002065,1.85316,1.447545
2005-02-14,964.79,1.0,0.018538,0.018538,1.887515,1.47438
2005-02-15,968.88,1.0,0.004239,0.004239,1.895517,1.48063
2005-02-16,971.56,1.0,0.002766,0.002766,1.90076,1.484726
2005-02-17,972.56,1.0,0.001029,0.001029,1.902716,1.486254
2005-02-18,984.1,1.0,0.011866,0.011866,1.925293,1.503889
2005-02-21,988.71,1.0,0.004684,0.004684,1.934312,1.510934
2005-02-22,977.8,1.0,-0.011035,-0.011035,1.912968,1.494262
2005-02-23,968.43,1.0,-0.009583,-0.009583,1.894636,1.479943
2005-02-24,987.1,1.0,0.019279,0.019279,1.931162,1.508474
2005-02-25,996.95,1.0,0.009979,0.009979,1.950433,1.523526
2005-02-28,1011.36,1.0,0.014454,0.014454,1.978624,1.545548
2005-03-02,1007.48,1.0,-0.003836,-0.003836,1.971034,1.539618
2005-03-03,1010.92,1.0,0.003414,0.003414,1.977764,1.544875
2005-03-04,1012.96,1.0,0.002018,0.002018,1.981755,1.547993
2005-03-07,1007.5,1.0,-0.00539,-0.00539,1.971073,1.539649
2005-03-08,1000.28,1.0,-0.007166,-0.007166,1.956947,1.528615
2005-03-09,1008.79,1.0,0.008508,0.008508,1.973596,1.54162
2005-03-10,998.66,1.0,-0.010042,-0.010042,1.953778,1.52614
2005-03-11,1022.79,1.0,0.024162,0.024162,2.000986,1.563015
2005-03-14,1019.69,1.0,-0.003031,-0.003031,1.994921,1.558277
2005-03-15,993.13,1.0,-0.026047,-0.026047,1.942959,1.517689
2005-03-16,993.13,1.0,0.0,0.0,1.942959,1.517689
2005-03-17,980.05,1.0,-0.01317,-0.01317,1.91737,1.4977
2005-03-18,979.72,1.0,-0.000337,-0.000337,1.916724,1.497196
2005-03-21,979.27,1.0,-0.000459,-0.000459,1.915844,1.496508
2005-03-22,980.41,1.0,0.001164,0.001164,1.918074,1.49825
2005-03-23,966.81,1.0,-0.013872,-0.013872,1.891467,1.477467
2005-03-24,956.33,1.0,-0.01084,-0.01084,1.870964,1.461451
2005-03-25,965.3,1.0,0.00938,0.00938,1.888513,1.475159
2005-03-28,977.7,1.0,0.012846,0.012846,1.912772,1.494109
2005-03-29,958.96,1.0,-0.019167,-0.019167,1.876109,1.465471
2005-03-30,955.45,1.0,-0.00366,-0.00366,1.869242,1.460107
2005-03-31,965.68,1.0,0.010707,0.010707,1.889256,1.47574
2005-04-01,981.9,1.0,0.016796,0.016796,1.920989,1.500527
2005-04-04,982.5,1.0,0.000611,0.000611,1.922163,1.501444
2005-04-06,988.0,1.0,0.005598,0.005598,1.932923,1.509849
2005-04-07,988.9,1.0,0.000911,0.000911,1.934684,1.511225
2005-04-08,992.17,1.0,0.003307,0.003307,1.941081,1.516222
2005-04-11,985.94,1.0,-0.006279,-0.006279,1.928893,1.506701
2005-04-12,981.79,1.0,-0.004209,-0.004209,1.920774,1.500359
2005-04-13,981.31,1.0,-0.000489,-0.000489,1.919835,1.499626
2005-04-14,953.92,1.0,-0.027912,-0.027912,1.866249,1.457769
2005-04-15,947.22,1.0,-0.007024,-0.007024,1.853141,1.44753
2005-04-18,925.0,0.5,-0.01219,-0.023458,1.830552,1.413573
2005-04-19,932.45,0.5,0.004066,0.008054,1.837995,1.424958
2005-04-20,937.36,0.5,0.002672,0.005266,1.842907,1.432462
2005-04-21,939.14,0.5,0.000989,0.001899,1.844729,1.435182
2005-04-22,940.79,0.5,0.000918,0.001757,1.846422,1.437703
2005-04-25,946.17,0.5,0.002899,0.005719,1.851774,1.445925
2005-04-26,944.46,0.5,-0.000864,-0.001807,1.850173,1.443312
2005-04-27,930.16,0.5,-0.007531,-0.015141,1.836239,1.421459
2005-04-28,917.73,0.5,-0.006642,-0.013363,1.824042,1.402463
2005-04-29,911.3,0.5,-0.003464,-0.007006,1.817724,1.392637
2005-05-02,918.42,0.5,0.003946,0.007813,1.824896,1.403518
2005-05-03,913.82,0.5,-0.002465,-0.005009,1.820398,1.396488
2005-05-04,929.35,0.5,0.008537,0.016995,1.835938,1.420221
2005-05-06,940.85,0.5,0.006226,0.012374,1.847369,1.437795
2005-05-09,935.2,0.5,-0.002963,-0.006005,1.841895,1.429161
2005-05-10,934.28,0.5,-0.000453,-0.000984,1.841061,1.427755
2005-05-11,923.38,0.5,-0.005794,-0.011667,1.830394,1.411098
2005-05-12,921.21,0.5,-0.001136,-0.00235,1.828315,1.407782
2005-05-13,923.19,0.5,0.001114,0.002149,1.830352,1.410807
2005-05-16,929.04,0.5,0.003208,0.006337,1.836223,1.419747
2005-05-17,927.16,0.5,-0.000973,-0.002024,1.834437,1.416874
2005-05-18,930.36,0.5,0.001765,0.003451,1.837675,1.421764
2005-05-19,952.09,0.5,0.011718,0.023357,1.859208,1.454972
2005-05-20,952.19,0.5,9.2e-05,0.000105,1.859379,1.455125
2005-05-23,951.05,0.5,-0.000559,-0.001197,1.858339,1.453383
2005-05-24,951.61,0.5,0.000334,0.000589,1.858959,1.454238
2005-05-25,941.3,0.5,-0.005378,-0.010834,1.848962,1.438483
2005-05-26,943.91,0.5,0.001426,0.002773,1.851598,1.442471
2005-05-27,960.91,0.5,0.009044,0.01801,1.868344,1.468451
2005-05-30,969.04,0.5,0.00427,0.008461,1.876322,1.480875
2005-05-31,970.21,0.5,0.000643,0.001207,1.877528,1.482663
2005-06-01,969.51,0.5,-0.000321,-0.000721,1.876924,1.481593
2005-06-02,970.88,0.5,0.000746,0.001413,1.878324,1.483687
2005-06-03,976.09,0.5,0.002722,0.005366,1.883438,1.491648
2005-06-07,970.88,0.5,-0.00263,-0.005338,1.878485,1.483687
2005-06-08,976.22,0.5,0.002789,0.0055,1.883725,1.491847
2005-06-09,987.58,0.5,0.005858,0.011637,1.894759,1.509207
2005-06-10,990.79,0.5,0.001664,0.00325,1.897913,1.514113
2005-06-13,990.49,1.0,-0.000803,-0.000303,1.89639,1.513654
2005-06-14,983.75,1.0,-0.006805,-0.006805,1.883485,1.503354
2005-06-15,1001.94,1.0,0.01849,0.01849,1.918312,1.531152
2005-06-16,1003.14,1.0,0.001198,0.001198,1.920609,1.532986
2005-06-17,1003.68,1.0,0.000538,0.000538,1.921643,1.533811
2005-06-20,994.65,1.0,-0.008997,-0.008997,1.904354,1.520012
2005-06-21,989.99,1.0,-0.004685,-0.004685,1.895432,1.51289
2005-06-22,1002.15,1.0,0.012283,0.012283,1.918714,1.531473
2005-06-23,1010.8,1.0,0.008631,0.008631,1.935275,1.544692
2005-06-24,1002.43,1.0,-0.008281,-0.008281,1.91925,1.531901
2005-06-27,991.11,1.0,-0.011293,-0.011293,1.897577,1.514602
2005-06-28,994.74,1.0,0.003663,0.003663,1.904527,1.520149
2005-06-29,999.08,1.0,0.004363,0.004363,1.912836,1.526781
2005-06-30,1008.16,1.0,0.009088,0.009088,1.93022,1.540657
2005-07-01,1018.02,1.0,0.00978,0.00978,1.949098,1.555725
2005-07-04,1021.71,1.0,0.003625,0.003625,1.956163,1.561364
2005-07-05,1018.81,1.0,-0.002838,-0.002838,1.950611,1.556933
2005-07-06,1019.01,1.0,0.000196,0.000196,1.950994,1.557238
2005-07-07,1026.82,1.0,0.007664,0.007664,1.965947,1.569173
2005-07-08,1021.95,1.0,-0.004743,-0.004743,1.956623,1.561731
2005-07-11,1040.43,1.0,0.018083,0.018083,1.992005,1.589972
2005-07-12,1043.88,1.0,0.003316,0.003316,1.99861,1.595244
2005-07-13,1050.16,1.0,0.006016,0.006016,2.010634,1.604841
2005-07-14,1061.93,1.0,0.011208,0.011208,2.033168,1.622828
2005-07-15,1059.6,1.0,-0.002194,-0.002194,2.028707,1.619267
2005-07-18,1062.43,1.0,0.002671,0.002671,2.034126,1.623592
2005-07-19,1075.48,1.0,0.012283,0.012283,2.059111,1.643535
2005-07-20,1074.4,1.0,-0.001004,-0.001004,2.057043,1.641885
2005-07-21,1074.65,1.0,0.000233,0.000233,2.057522,1.642267
2005-07-22,1074.22,1.0,-0.0004,-0.0004,2.056699,1.641609
2005-07-25,1089.7,1.0,0.01441,0.01441,2.086337,1.665266
2005-07-26,1090.6,1.0,0.000826,0.000826,2.08806,1.666641
2005-07-27,1093.03,1.0,0.002228,0.002228,2.092712,1.670355
2005-07-28,1104.72,1.0,0.010695,0.010695,2.115094,1.688219
2005-07-29,1111.29,1.0,0.005947,0.005947,2.127673,1.698259
2005-08-01,1115.98,1.0,0.00422,0.00422,2.136652,1.705427
2005-08-02,1118.83,1.0,0.002554,0.002554,2.142109,1.709782
2005-08-03,1117.11,1.0,-0.001537,-0.001537,2.138816,1.707153
2005-08-04,1111.39,1.0,-0.00512,-0.00512,2.127864,1.698412
2005-08-05,1089.36,1.0,-0.019822,-0.019822,2.085686,1.664746
2005-08-08,1086.64,1.0,-0.002497,-0.002497,2.080478,1.66059
2005-08-09,1099.77,1.0,0.012083,0.012083,2.105617,1.680655
2005-08-10,1104.86,1.0,0.004628,0.004628,2.115362,1.688433
2005-08-11,1123.77,1.0,0.017115,0.017115,2.151567,1.717331
2005-08-12,1130.22,1.0,0.00574,0.00574,2.163916,1.727188
2005-08-16,1116.93,1.0,-0.011759,-0.011759,2.138471,1.706878
2005-08-17,1113.25,1.0,-0.003295,-0.003295,2.131426,1.701255
2005-08-18,1092.71,1.0,-0.01845,-0.01845,2.0921,1.669866
2005-08-19,1089.88,1.0,-0.00259,-0.00259,2.086681,1.665541
2005-08-22,1116.68,1.0,0.02459,0.02459,2.137993,1.706496
2005-08-23,1115.84,1.0,-0.000752,-0.000752,2.136384,1.705213
2005-08-24,1094.21,1.0,-0.019384,-0.019384,2.094972,1.672158
2005-08-25,1097.29,1.0,0.002815,0.002815,2.100869,1.676865
2005-08-26,1086.55,1.0,-0.009788,-0.009788,2.080306,1.660452
2005-08-29,1063.16,1.0,-0.021527,-0.021527,2.035523,1.624708
2005-08-30,1072.61,1.0,0.008889,0.008889,2.053616,1.639149
2005-08-31,1083.33,1.0,0.009994,0.009994,2.074141,1.655531
2005-09-01,1106.37,1.0,0.021268,0.021268,2.118253,1.690741
2005-09-02,1115.83,1.0,0.00855,0.00855,2.136365,1.705197
2005-09-05,1114.5,1.0,-0.001192,-0.001192,2.133819,1.703165
2005-09-06,1122.65,1.0,0.007313,0.007313,2.149423,1.71562
2005-09-07,1142.99,1.0,0.018118,0.018118,2.188366,1.746703
2005-09-08,1145.26,1.0,0.001986,0.001986,2.192712,1.750172
2005-09-09,1152.5,1.0,0.006322,0.006322,2.206573,1.761236
2005-09-12,1158.36,1.0,0.005085,0.005085,2.217793,1.770191
2005-09-13,1158.12,1.0,-0.000207,-0.000207,2.217334,1.769824
2005-09-14,1170.77,1.0,0.010923,0.010923,2.241553,1.789156
2005-09-15,1169.59,1.0,-0.001008,-0.001008,2.239294,1.787353
2005-09-16,1174.13,1.0,0.003882,0.003882,2.247986,1.794291
2005-09-20,1190.93,1.0,0.014308,0.014308,2.280151,1.819964
2005-09-21,1196.67,1.0,0.00482,0.00482,2.291141,1.828736
2005-09-22,1199.97,1.0,0.002758,0.002758,2.297459,1.833779
2005-09-23,1175.88,1.0,-0.020076,-0.020076,2.251337,1.796965
2005-09-26,1206.41,1.0,0.025964,0.025964,2.309789,1.843621
2005-09-27,1209.63,1.0,0.002669,0.002669,2.315954,1.848541
2005-09-28,1228.57,1.0,0.015658,0.015658,2.352217,1.877485
2005-09-29,1231.22,1.0,0.002157,0.002157,2.357291,1.881535
2005-09-30,1221.01,1.0,-0.008293,-0.008293,2.337743,1.865932
2005-10-04,1242.78,1.0,0.01783,0.01783,2.379423,1.899201
2005-10-05,1227.4,1.0,-0.012375,-0.012375,2.349977,1.875697
2005-10-06,1202.49,1.0,-0.020295,-0.020295,2.302284,1.83763
2005-10-07,1201.01,1.0,-0.001231,-0.001231,2.299451,1.835368
2005-10-10,1227.18,1.0,0.02179,0.02179,2.349556,1.875361
2005-10-11,1244.27,1.0,0.013926,0.013926,2.382276,1.901478
2005-10-12,1217.06,1.0,-0.021868,-0.021868,2.33018,1.859896
2005-10-13,1193.44,1.0,-0.019407,-0.019407,2.284957,1.8238
2005-10-14,1190.17,1.0,-0.00274,-0.00274,2.278696,1.818803
2005-10-17,1176.36,1.0,-0.011603,-0.011603,2.252256,1.797699
2005-10-18,1186.22,1.0,0.008382,0.008382,2.271134,1.812766
2005-10-19,1153.13,1.0,-0.027895,-0.027895,2.20778,1.762199
2005-10-20,1162.23,1.0,0.007892,0.007892,2.225203,1.776105
2005-10-21,1183.48,1.0,0.018284,0.018284,2.265888,1.808579
2005-10-24,1184.6,0.5,1.2e-05,0.000946,2.265916,1.810291
2005-10-25,1181.28,0.5,-0.001362,-0.002803,2.26283,1.805217
2005-10-26,1179.0,0.5,-0.000926,-0.00193,2.260735,1.801733
2005-10-27,1166.36,0.5,-0.005321,-0.010721,2.248705,1.782417
2005-10-28,1140.72,0.5,-0.010952,-0.021983,2.224077,1.743234
2005-10-31,1158.11,0.5,0.007662,0.015245,2.241117,1.769809
2005-11-01,1188.95,0.5,0.013354,0.02663,2.271045,1.816938
2005-11-02,1208.38,0.5,0.00821,0.016342,2.289691,1.846631
2005-11-03,1217.97,0.5,0.004007,0.007936,2.298867,1.861286
2005-11-04,1221.98,0.5,0.001685,0.003292,2.302742,1.867414
2005-11-07,1218.47,1.0,-0.003372,-0.002872,2.294976,1.862051
2005-11-08,1226.71,1.0,0.006763,0.006763,2.310496,1.874643
2005-11-09,1227.59,1.0,0.000717,0.000717,2.312153,1.875988
2005-11-10,1234.43,1.0,0.005572,0.005572,2.325036,1.88644
2005-11-11,1256.12,1.0,0.017571,0.017571,2.365889,1.919587
2005-11-14,1257.63,1.0,0.001202,0.001202,2.368733,1.921894
2005-11-15,1253.86,1.0,-0.002998,-0.002998,2.361633,1.916133
2005-11-16,1267.16,1.0,0.010607,0.010607,2.386683,1.936458
2005-11-17,1269.35,1.0,0.001728,0.001728,2.390808,1.939805
2005-11-18,1272.25,1.0,0.002285,0.002285,2.39627,1.944236
2005-11-21,1268.8,1.0,-0.002712,-0.002712,2.389772,1.938964
2005-11-22,1244.5,1.0,-0.019152,-0.019152,2.344003,1.901829
2005-11-23,1282.02,1.0,0.030149,0.030149,2.414672,1.959167
2005-11-24,1291.71,1.0,0.007558,0.007558,2.432923,1.973975
2005-11-25,1293.22,1.0,0.001169,0.001169,2.435767,1.976283
2005-11-28,1293.74,1.0,0.000402,0.000402,2.436746,1.977077
2005-11-29,1279.38,1.0,-0.0111,-0.0111,2.409699,1.955132
2005-11-30,1297.44,1.0,0.014116,0.014116,2.443715,1.982731
2005-12-01,1305.98,1.0,0.006582,0.006582,2.4598,1.995782
2005-12-02,1310.12,1.0,0.00317,0.00317,2.467598,2.002109
2005-12-05,1315.15,1.0,0.003839,0.003839,2.477072,2.009796
2005-12-06,1321.06,1.0,0.004494,0.004494,2.488203,2.018827
2005-12-07,1324.75,1.0,0.002793,0.002793,2.495153,2.024466
2005-12-08,1324.2,1.0,-0.000415,-0.000415,2.494117,2.023626
2005-12-09,1317.42,1.0,-0.00512,-0.00512,2.481347,2.013265
2005-12-12,1333.23,1.0,0.012001,0.012001,2.511125,2.037425
2005-12-13,1336.48,1.0,0.002438,0.002438,2.517247,2.042392
2005-12-14,1334.27,1.0,-0.001654,-0.001654,2.513084,2.039015
2005-12-15,1337.68,1.0,0.002556,0.002556,2.519507,2.044226
2005-12-16,1321.04,1.0,-0.012439,-0.012439,2.488166,2.018797
2005-12-19,1339.4,1.0,0.013898,0.013898,2.522746,2.046854
2005-12-20,1341.0,1.0,0.001195,0.001195,2.52576,2.049299
2005-12-21,1354.16,1.0,0.009814,0.009814,2.550547,2.06941
2005-12-22,1350.87,1.0,-0.00243,-0.00243,2.54435,2.064383
2005-12-23,1359.53,1.0,0.006411,0.006411,2.560661,2.077617
2005-12-26,1367.57,1.0,0.005914,0.005914,2.575804,2.089903
2005-12-27,1373.55,1.0,0.004373,0.004373,2.587068,2.099042
2005-12-28,1368.16,1.0,-0.003924,-0.003924,2.576916,2.090805
2005-12-29,1379.37,1.0,0.008193,0.008193,2.598029,2.107936
2006-01-02,1389.27,1.0,0.007177,0.007177,2.616676,2.123065
2006-01-03,1394.87,1.0,0.004031,0.004031,2.627224,2.131623
2006-01-04,1402.11,1.0,0.00519,0.00519,2.64086,2.142687
2006-01-05,1395.51,1.0,-0.004707,-0.004707,2.628429,2.132601
2006-01-06,1412.78,1.0,0.012375,0.012375,2.660957,2.158993
2006-01-09,1408.33,1.0,-0.00315,-0.00315,2.652575,2.152192
2006-01-10,1396.29,1.0,-0.008549,-0.008549,2.629898,2.133793
2006-01-11,1394.09,1.0,-0.001576,-0.001576,2.625754,2.130431
2006-01-12,1402.58,1.0,0.00609,0.00609,2.641745,2.143405
2006-01-13,1416.28,1.0,0.009768,0.009768,2.667549,2.164341
2006-01-16,1421.79,1.0,0.00389,0.00389,2.677927,2.172762
2006-01-17,1389.58,1.0,-0.022655,-0.022655,2.61726,2.123539
2006-01-18,1352.91,1.0,-0.026389,-0.026389,2.548192,2.0675
2006-01-19,1360.64,1.0,0.005714,0.005714,2.562752,2.079313
2006-01-20,1324.78,1.0,-0.026355,-0.026355,2.49521,2.024512
2006-01-23,1297.43,1.0,-0.020645,-0.020645,2.443696,1.982716
2006-01-24,1326.83,1.0,0.02266,0.02266,2.499071,2.027645
2006-01-25,1342.59,1.0,0.011878,0.011878,2.528755,2.051729
2006-01-26,1352.75,1.0,0.007567,0.007567,2.547891,2.067256
2006-01-27,1384.56,1.0,0.023515,0.023515,2.607805,2.115867
2006-01-31,1399.83,1.0,0.011029,0.011029,2.636566,2.139203
2006-02-01,1375.97,1.0,-0.017045,-0.017045,2.591626,2.10274
2006-02-02,1374.44,1.0,-0.001112,-0.001112,2.588744,2.100402
2006-02-03,1333.5,1.0,-0.029787,-0.029787,2.511634,2.037838
2006-02-06,1341.64,1.0,0.006104,0.006104,2.526965,2.050277
2006-02-07,1332.28,1.0,-0.006977,-0.006977,2.509336,2.035974
2006-02-08,1310.99,1.0,-0.01598,-0.01598,2.469236,2.003438
2006-02-09,1321.66,1.0,0.008139,0.008139,2.489333,2.019744
2006-02-10,1335.23,1.0,0.010267,0.010267,2.514892,2.040482
2006-02-13,1320.79,1.0,-0.010815,-0.010815,2.487695,2.018415
2006-02-14,1328.21,1.0,0.005618,0.005618,2.50167,2.029754
2006-02-15,1303.84,1.0,-0.018348,-0.018348,2.455769,1.992512
2006-02-16,1314.32,1.0,0.008038,0.008038,2.475508,2.008527
2006-02-17,1332.73,1.0,0.014007,0.014007,2.510183,2.036661
2006-02-20,1348.25,1.0,0.011645,0.011645,2.539415,2.060379
2006-02-21,1346.49,1.0,-0.001305,-0.001305,2.5361,2.057689
2006-02-22,1340.58,1.0,-0.004389,-0.004389,2.524969,2.048657
2006-02-23,1361.23,1.0,0.015404,0.015404,2.563863,2.080215
2006-02-24,1365.82,1.0,0.003372,0.003372,2.572508,2.087229
2006-02-27,1374.88,1.0,0.006633,0.006633,2.589573,2.101074
2006-02-28,1371.59,1.0,-0.002393,-0.002393,2.583376,2.096047
2006-03-02,1367.7,1.0,-0.002836,-0.002836,2.576049,2.090102
2006-03-03,1328.95,1.0,-0.028332,-0.028332,2.503064,2.030885
2006-03-06,1344.76,1.0,0.011897,0.011897,2.532842,2.055045
2006-03-07,1316.67,1.0,-0.020888,-0.020888,2.479935,2.012119
2006-03-08,1314.05,1.0,-0.00199,-0.00199,2.475,2.008115
2006-03-09,1311.21,1.0,-0.002161,-0.002161,2.469651,2.003775
2006-03-10,1320.07,1.0,0.006757,0.006757,2.486339,2.017314
2006-03-13,1338.28,1.0,0.013795,0.013795,2.520637,2.045143
2006-03-14,1326.3,1.0,-0.008952,-0.008952,2.498073,2.026835
2006-03-15,1333.98,1.0,0.005791,0.005791,2.512538,2.038571
2006-03-16,1335.98,1.0,0.001499,0.001499,2.516305,2.041628
2006-03-17,1341.12,1.0,0.003847,0.003847,2.525986,2.049483
2006-03-20,1346.69,1.0,0.004153,0.004153,2.536477,2.057995
2006-03-21,1336.65,1.0,-0.007455,-0.007455,2.517567,2.042652
2006-03-22,1309.83,1.0,-0.020065,-0.020065,2.467052,2.001666
2006-03-23,1312.26,1.0,0.001855,0.001855,2.471628,2.005379
2006-03-24,1321.23,1.0,0.006836,0.006836,2.488523,2.019087
2006-03-27,1330.34,1.0,0.006895,0.006895,2.505682,2.033009
2006-03-28,1331.31,1.0,0.000729,0.000729,2.507509,2.034491
2006-03-29,1332.72,1.0,0.001059,0.001059,2.510165,2.036646
2006-03-30,1338.14,1.0,0.004067,0.004067,2.520373,2.044929
2006-03-31,1359.6,1.0,0.016037,0.016037,2.560793,2.077724
2006-04-03,1379.75,1.0,0.014821,0.014821,2.598745,2.108517
2006-04-04,1385.64,1.0,0.004269,0.004269,2.609839,2.117518
2006-04-05,1388.77,1.0,0.002259,0.002259,2.615734,2.122301
2006-04-06,1397.0,1.0,0.005926,0.005926,2.631235,2.134878
2006-04-07,1402.36,1.0,0.003837,0.003837,2.641331,2.143069
2006-04-10,1398.29,1.0,-0.002902,-0.002902,2.633665,2.136849
2006-04-11,1386.08,1.0,-0.008732,-0.008732,2.610668,2.11819
2006-04-12,1383.59,1.0,-0.001796,-0.001796,2.605978,2.114385
2006-04-13,1405.72,1.0,0.015995,0.015995,2.647659,2.148204
2006-04-14,1432.72,1.0,0.019207,0.019207,2.698514,2.189465
2006-04-17,1422.63,1.0,-0.007043,-0.007043,2.679509,2.174045
2006-04-18,1427.0,1.0,0.003072,0.003072,2.68774,2.180723
2006-04-19,1437.84,1.0,0.007596,0.007596,2.708157,2.197289
2006-04-20,1434.15,1.0,-0.002566,-0.002566,2.701207,2.19165
2006-04-21,1451.31,1.0,0.011965,0.011965,2.733528,2.217874
2006-04-24,1430.94,1.0,-0.014036,-0.014036,2.695161,2.186745
2006-04-25,1431.15,1.0,0.000147,0.000147,2.695557,2.187065
2006-04-26,1451.22,1.0,0.014024,0.014024,2.733358,2.217736
2006-04-27,1452.53,1.0,0.000903,0.000903,2.735826,2.219738
2006-04-28,1419.73,1.0,-0.022581,-0.022581,2.674047,2.169614
2006-05-02,1434.9,1.0,0.010685,0.010685,2.70262,2.192796
2006-05-03,1435.17,1.0,0.000188,0.000188,2.703128,2.193209
2006-05-04,1441.02,1.0,0.004076,0.004076,2.714147,2.202149
2006-05-08,1452.23,1.0,0.007779,0.007779,2.735261,2.21928
2006-05-09,1450.44,1.0,-0.001233,-0.001233,2.731889,2.216544
2006-05-10,1451.09,1.0,0.000448,0.000448,2.733113,2.217537
2006-05-11,1464.7,1.0,0.009379,0.009379,2.758748,2.238336
2006-05-12,1445.2,1.0,-0.013313,-0.013313,2.72202,2.208536
2006-05-15,1413.98,1.0,-0.021603,-0.021603,2.663217,2.160826
2006-05-16,1382.11,1.0,-0.022539,-0.022539,2.60319,2.112123
2006-05-17,1401.47,1.0,0.014008,0.014008,2.639655,2.141709
2006-05-18,1365.15,1.0,-0.025916,-0.025916,2.571246,2.086205
2006-05-19,1372.29,1.0,0.00523,0.00523,2.584694,2.097116
2006-05-22,1338.59,0.5,-0.012739,-0.024557,2.551767,2.045616
2006-05-23,1329.86,0.5,-0.003222,-0.006522,2.543546,2.032275
2006-05-24,1333.38,0.5,0.001363,0.002647,2.547012,2.037655
2006-05-25,1295.76,0.5,-0.014068,-0.028214,2.511182,1.980164
2006-05-26,1322.43,0.5,0.010331,0.020583,2.537123,2.020921
2006-05-29,1329.22,0.5,0.002607,0.005134,2.543737,2.031297
2006-05-30,1317.7,0.5,-0.004294,-0.008667,2.532814,2.013693
2006-06-01,1295.09,0.5,-0.00854,-0.017159,2.511183,1.97914
2006-06-02,1309.04,0.5,0.005425,0.010771,2.524806,2.000458
2006-06-05,1301.62,0.5,-0.002795,-0.005668,2.51775,1.989119
2006-06-07,1266.84,0.5,-0.013321,-0.026721,2.484211,1.935969
2006-06-08,1223.13,0.5,-0.017212,-0.034503,2.441452,1.869172
2006-06-09,1235.65,0.5,0.005157,0.010236,2.454043,1.888305
2006-06-12,1239.84,0.0,-0.000421,0.003391,2.453009,1.894708
2006-06-13,1203.86,0.0,7.9e-05,-0.02902,2.453202,1.839724
2006-06-14,1221.73,0.0,7.9e-05,0.014844,2.453395,1.867032
2006-06-15,1219.4,0.0,7.9e-05,-0.001907,2.453588,1.863472
2006-06-16,1262.19,0.0,7.9e-05,0.035091,2.45378,1.928863
2006-06-19,1251.67,0.5,-0.004628,-0.008335,2.442424,1.912786
2006-06-20,1225.83,0.5,-0.010283,-0.020644,2.417309,1.873298
2006-06-21,1227.19,0.5,0.000594,0.001109,2.418745,1.875376
2006-06-22,1238.83,0.5,0.004782,0.009485,2.430311,1.893164
2006-06-23,1228.62,0.5,-0.004082,-0.008242,2.420391,1.877562
2006-06-26,1238.05,1.0,0.007175,0.007675,2.437758,1.891972
2006-06-27,1247.54,1.0,0.007665,0.007665,2.456445,1.906475
2006-06-28,1238.71,1.0,-0.007078,-0.007078,2.439058,1.892981
2006-06-29,1263.02,1.0,0.019625,0.019625,2.486925,1.930131
2006-06-30,1295.15,1.0,0.025439,0.025439,2.55019,1.979232
2006-07-03,1294.61,1.0,-0.000417,-0.000417,2.549127,1.978407
2006-07-04,1285.92,1.0,-0.006712,-0.006712,2.532016,1.965127
2006-07-05,1279.85,1.0,-0.00472,-0.00472,2.520064,1.955851
2006-07-06,1263.96,1.0,-0.012416,-0.012416,2.488776,1.931568
2006-07-07,1273.93,1.0,0.007888,0.007888,2.508407,1.946804
2006-07-10,1299.29,1.0,0.019907,0.019907,2.558342,1.985559
2006-07-11,1300.44,1.0,0.000885,0.000885,2.560606,1.987316
2006-07-12,1296.69,1.0,-0.002884,-0.002884,2.553222,1.981585
2006-07-13,1285.02,1.0,-0.009,-0.009,2.530244,1.963751
2006-07-14,1255.13,1.0,-0.02326,-0.02326,2.471389,1.918074
2006-07-18,1233.42,0.5,-0.009109,-0.017297,2.448877,1.884897
2006-07-19,1233.65,0.5,0.000133,0.000186,2.449202,1.885248
2006-07-20,1273.3,0.5,0.016109,0.03214,2.488657,1.945841
2006-07-21,1271.33,0.5,-0.000734,-0.001547,2.48683,1.942831
2006-07-24,1263.35,0.5,-0.003099,-0.006277,2.479123,1.930636
2006-07-25,1279.77,0.5,0.006538,0.012997,2.495331,1.955728
2006-07-26,1279.08,0.5,-0.00023,-0.000539,2.494756,1.954674
2006-07-27,1296.27,0.5,0.006759,0.013439,2.511618,1.980944
2006-07-28,1297.07,0.5,0.000348,0.000617,2.512492,1.982166
2006-07-31,1297.82,0.5,0.000328,0.000578,2.513317,1.983312
2006-08-01,1287.36,0.5,-0.003991,-0.00806,2.503287,1.967327
2006-08-02,1295.11,0.5,0.003049,0.00602,2.510921,1.979171
2006-08-03,1292.05,0.5,-0.001142,-0.002363,2.508053,1.974495
2006-08-04,1304.51,0.5,0.004861,0.009644,2.520245,1.993536
2006-08-07,1289.54,0.5,-0.005698,-0.011476,2.505883,1.970659
2006-08-08,1311.1,0.5,0.008399,0.016719,2.52693,2.003607
2006-08-09,1314.93,0.5,0.0015,0.002921,2.53072,2.009459
2006-08-10,1304.31,0.5,-0.003999,-0.008076,2.5206,1.99323
2006-08-11,1292.1,0.5,-0.004641,-0.009361,2.508901,1.974571
2006-08-14,1295.11,0.5,0.001204,0.00233,2.511922,1.979171
2006-08-16,1315.61,0.5,0.007954,0.015829,2.531901,2.010499
2006-08-17,1327.78,0.5,0.004665,0.00925,2.543711,2.029097
2006-08-18,1331.1,0.5,0.001289,0.0025,2.546991,2.03417
2006-08-21,1321.67,1.0,-0.007584,-0.007084,2.527674,2.019759
2006-08-22,1334.96,1.0,0.010055,0.010055,2.553091,2.040069
2006-08-23,1324.95,1.0,-0.007498,-0.007498,2.533947,2.024772
2006-08-24,1315.73,1.0,-0.006959,-0.006959,2.516314,2.010682
2006-08-25,1329.35,1.0,0.010352,0.010352,2.542362,2.031496
2006-08-28,1327.89,1.0,-0.001098,-0.001098,2.539569,2.029265
2006-08-29,1344.61,1.0,0.012591,0.012591,2.571546,2.054816
2006-08-30,1341.35,1.0,-0.002424,-0.002424,2.565311,2.049834
2006-08-31,1352.74,1.0,0.008491,0.008491,2.587095,2.06724
2006-09-01,1356.67,1.0,0.002905,0.002905,2.594611,2.073246
2006-09-04,1359.06,1.0,0.001762,0.001762,2.599182,2.076898
2006-09-05,1361.24,1.0,0.001604,0.001604,2.603351,2.08023
2006-09-06,1357.01,1.0,-0.003107,-0.003107,2.595261,2.073766
2006-09-07,1351.17,1.0,-0.004304,-0.004304,2.584092,2.064841
2006-09-08,1354.89,1.0,0.002753,0.002753,2.591206,2.070526
2006-09-11,1334.08,1.0,-0.015359,-0.015359,2.551408,2.038724
2006-09-12,1328.04,1.0,-0.004527,-0.004527,2.539856,2.029494
2006-09-13,1333.13,1.0,0.003833,0.003833,2.549591,2.037272
2006-09-14,1358.75,1.0,0.019218,0.019218,2.598589,2.076425
2006-09-15,1361.1,1.0,0.00173,0.00173,2.603083,2.080016
2006-09-18,1374.3,1.0,0.009698,0.009698,2.628328,2.100188
2006-09-19,1373.95,1.0,-0.000255,-0.000255,2.627658,2.099653
2006-09-20,1366.44,1.0,-0.005466,-0.005466,2.613296,2.088176
2006-09-21,1366.79,1.0,0.000256,0.000256,2.613965,2.088711
2006-09-22,1348.38,1.0,-0.01347,-0.01347,2.578756,2.060577
2006-09-25,1355.21,0.5,0.002072,0.005065,2.584099,2.071015
2006-09-26,1343.97,0.5,-0.004108,-0.008294,2.573485,2.053838
2006-09-27,1360.03,0.5,0.006014,0.01195,2.588962,2.078381
2006-09-28,1371.43,0.5,0.00423,0.008382,2.599914,2.095802
2006-09-29,1371.41,0.5,3.2e-05,-1.5e-05,2.599997,2.095772
2006-10-02,1374.22,1.0,0.001549,0.002049,2.604025,2.100066
2006-10-04,1352.0,1.0,-0.016169,-0.016169,2.56192,2.066109
2006-10-09,1319.4,0.5,-0.012517,-0.024112,2.529853,2.01629
2006-10-10,1328.37,0.5,0.003439,0.006799,2.538552,2.029998
2006-10-11,1325.49,0.5,-0.001045,-0.002168,2.535899,2.025597
2006-10-12,1331.78,0.5,0.002412,0.004745,2.542016,2.035209
2006-10-13,1348.6,0.5,0.006354,0.01263,2.558168,2.060914
2006-10-16,1356.72,1.0,0.005521,0.006021,2.572292,2.073322
2006-10-17,1351.3,1.0,-0.003995,-0.003995,2.562016,2.06504
2006-10-18,1354.26,1.0,0.00219,0.00219,2.567628,2.069563
2006-10-19,1354.06,1.0,-0.000148,-0.000148,2.567249,2.069257
2006-10-20,1364.24,1.0,0.007518,0.007518,2.58655,2.084814
2006-10-23,1364.95,1.0,0.00052,0.00052,2.587896,2.085899
2006-10-24,1366.5,1.0,0.001136,0.001136,2.590835,2.088268
2006-10-25,1371.43,1.0,0.003608,0.003608,2.600182,2.095802
2006-10-26,1373.65,1.0,0.001619,0.001619,2.604391,2.099195
2006-10-27,1369.09,1.0,-0.00332,-0.00332,2.595745,2.092226
2006-10-30,1356.11,1.0,-0.009481,-0.009481,2.571136,2.07239
2006-10-31,1364.55,1.0,0.006224,0.006224,2.587138,2.085288
2006-11-01,1374.35,1.0,0.007182,0.007182,2.605718,2.100264
2006-11-02,1383.73,1.0,0.006825,0.006825,2.623502,2.114599
2006-11-03,1383.88,1.0,0.000108,0.000108,2.623787,2.114828
2006-11-06,1379.19,1.0,-0.003389,-0.003389,2.614894,2.107661
2006-11-07,1387.44,1.0,0.005982,0.005982,2.630536,2.120268
2006-11-08,1380.07,1.0,-0.005312,-0.005312,2.616563,2.109006
2006-11-09,1399.44,1.0,0.014036,0.014036,2.653288,2.138607
2006-11-10,1395.73,1.0,-0.002651,-0.002651,2.646254,2.132937
2006-11-13,1396.69,1.0,0.000688,0.000688,2.648074,2.134404
2006-11-14,1407.37,1.0,0.007647,0.007647,2.668323,2.150725
2006-11-15,1412.54,1.0,0.003674,0.003674,2.678125,2.158626
2006-11-16,1410.75,1.0,-0.001267,-0.001267,2.674731,2.15589
2006-11-17,1412.22,1.0,0.001042,0.001042,2.677518,2.158137
2006-11-20,1402.21,1.0,-0.007088,-0.007088,2.65854,2.14284
2006-11-21,1405.9,1.0,0.002632,0.002632,2.665536,2.148479
2006-11-22,1422.54,1.0,0.011836,0.011836,2.697085,2.173908
2006-11-23,1419.23,1.0,-0.002327,-0.002327,2.690809,2.168849
2006-11-24,1421.73,1.0,0.001762,0.001762,2.695549,2.17267
2006-11-27,1425.13,1.0,0.002391,0.002391,2.701995,2.177866
2006-11-28,1411.47,1.0,-0.009585,-0.009585,2.676096,2.156991
2006-11-29,1422.55,1.0,0.00785,0.00785,2.697103,2.173923
2006-11-30,1432.21,1.0,0.006791,0.006791,2.715418,2.188685
2006-12-01,1434.36,1.0,0.001501,0.001501,2.719495,2.191971
2006-12-04,1426.46,1.0,-0.005508,-0.005508,2.704517,2.179898
2006-12-05,1420.59,1.0,-0.004115,-0.004115,2.693387,2.170928
2006-12-06,1413.73,1.0,-0.004829,-0.004829,2.680381,2.160444
2006-12-07,1410.3,1.0,-0.002426,-0.002426,2.673878,2.155203
2006-12-08,1390.43,1.0,-0.014089,-0.014089,2.636205,2.124838
2006-12-11,1390.73,0.5,-0.000353,0.000216,2.635275,2.125296
2006-12-12,1376.98,0.5,-0.004904,-0.009887,2.622351,2.104284
2006-12-13,1383.28,0.5,0.002327,0.004575,2.628453,2.113911
2006-12-14,1418.38,0.5,0.012727,0.025374,2.661904,2.16755
2006-12-15,1421.87,0.5,0.00127,0.002461,2.665284,2.172884
2006-12-18,1433.23,1.0,0.007489,0.007989,2.685245,2.190244
2006-12-19,1427.76,1.0,-0.003817,-0.003817,2.674997,2.181885
2006-12-20,1442.28,1.0,0.01017,0.01017,2.702201,2.204074
2006-12-21,1436.47,1.0,-0.004028,-0.004028,2.691316,2.195195
2006-12-22,1437.49,1.0,0.00071,0.00071,2.693227,2.196754
2006-12-26,1433.92,1.0,-0.002483,-0.002483,2.686538,2.191299
2006-12-27,1425.1,1.0,-0.006151,-0.006151,2.670013,2.17782
2006-12-28,1434.46,1.0,0.006568,0.006568,2.68755,2.192124
2007-01-02,1435.26,1.0,0.000558,0.000558,2.689049,2.193346
2007-01-03,1409.35,1.0,-0.018052,-0.018052,2.640505,2.153751
2007-01-04,1397.29,1.0,-0.008557,-0.008557,2.617909,2.135321
2007-01-05,1385.76,1.0,-0.008252,-0.008252,2.596307,2.117701
2007-01-08,1370.81,0.5,-0.005855,-0.010788,2.581106,2.094855
2007-01-09,1374.34,0.5,0.001327,0.002575,2.584531,2.100249
2007-01-10,1355.79,0.5,-0.006709,-0.013497,2.56719,2.071901
2007-01-11,1365.31,0.5,0.00355,0.007022,2.576304,2.08645
2007-01-12,1388.37,0.5,0.008484,0.01689,2.598162,2.12169
2007-01-15,1390.96,1.0,0.001365,0.001865,2.60171,2.125648
2007-01-16,1389.71,1.0,-0.000899,-0.000899,2.599372,2.123737
2007-01-17,1379.48,1.0,-0.007361,-0.007361,2.580237,2.108104
2007-01-18,1383.21,1.0,0.002704,0.002704,2.587214,2.113804
2007-01-19,1360.56,1.0,-0.016375,-0.016375,2.544849,2.079191
2007-01-22,1363.41,0.5,0.000587,0.002095,2.546342,2.083546
2007-01-23,1363.09,0.5,-7.8e-05,-0.000235,2.546143,2.083057
2007-01-24,1383.06,0.5,0.007365,0.014651,2.564894,2.113575
2007-01-25,1382.36,0.5,-0.000214,-0.000506,2.564346,2.112505
2007-01-26,1371.33,0.5,-0.00395,-0.007979,2.554216,2.095649
2007-01-29,1363.1,1.0,-0.006501,-0.006001,2.53761,2.083072
2007-01-30,1370.72,1.0,0.00559,0.00559,2.551796,2.094717
2007-01-31,1360.23,1.0,-0.007653,-0.007653,2.532267,2.078686
2007-02-01,1382.9,1.0,0.016666,0.016666,2.57447,2.11333
2007-02-02,1413.14,1.0,0.021867,0.021867,2.630767,2.159543
2007-02-05,1417.95,1.0,0.003404,0.003404,2.639721,2.166893
2007-02-06,1428.58,1.0,0.007497,0.007497,2.65951,2.183138
2007-02-07,1426.29,1.0,-0.001603,-0.001603,2.655247,2.179638
2007-02-08,1423.58,1.0,-0.0019,-0.0019,2.650202,2.175497
2007-02-09,1427.68,1.0,0.00288,0.00288,2.657835,2.181763
2007-02-12,1414.29,1.0,-0.009379,-0.009379,2.632907,2.1613
2007-02-13,1418.44,1.0,0.002934,0.002934,2.640633,2.167642
2007-02-14,1436.1,1.0,0.01245,0.01245,2.67351,2.19463
2007-02-15,1443.63,1.0,0.005243,0.005243,2.687528,2.206137
2007-02-16,1448.81,1.0,0.003588,0.003588,2.697172,2.214053
2007-02-20,1452.96,1.0,0.002864,0.002864,2.704897,2.220395
2007-02-21,1451.38,1.0,-0.001087,-0.001087,2.701956,2.217981
2007-02-22,1465.41,1.0,0.009667,0.009667,2.728075,2.239421
2007-02-23,1469.88,1.0,0.00305,0.00305,2.736396,2.246252
2007-02-26,1470.03,1.0,0.000102,0.000102,2.736676,2.246481
2007-02-27,1454.6,1.0,-0.010496,-0.010496,2.70795,2.222901
2007-02-28,1417.34,1.0,-0.025615,-0.025615,2.638585,2.165961
2007-03-02,1414.47,1.0,-0.002025,-0.002025,2.633243,2.161575
2007-03-05,1376.15,0.5,-0.014006,-0.027091,2.59636,2.103015
2007-03-06,1402.93,0.5,0.009769,0.01946,2.621725,2.14394
2007-03-07,1410.95,0.5,0.002898,0.005717,2.629322,2.156196
2007-03-08,1423.89,0.5,0.004625,0.009171,2.641482,2.175971
2007-03-09,1423.58,0.5,-7e-05,-0.000218,2.641298,2.175497
2007-03-12,1441.33,0.5,0.006274,0.012469,2.657869,2.202622
2007-03-13,1436.05,0.5,-0.001792,-0.003663,2.653105,2.194554
2007-03-14,1407.37,0.5,-0.009946,-0.019971,2.626716,2.150725
2007-03-15,1426.93,0.5,0.006988,0.013898,2.645072,2.180616
2007-03-16,1427.88,0.5,0.000372,0.000666,2.646057,2.182068
2007-03-19,1443.39,0.5,0.00547,0.010862,2.660532,2.20577
2007-03-20,1444.17,0.5,0.000309,0.00054,2.661355,2.206962
2007-03-21,1442.85,0.5,-0.000418,-0.000914,2.660244,2.204945
2007-03-22,1448.53,0.5,0.002008,0.003937,2.665584,2.213625
2007-03-23,1447.38,0.5,-0.000358,-0.000794,2.664631,2.211868
2007-03-26,1449.77,0.5,0.000865,0.001651,2.666936,2.21552
2007-03-27,1453.23,0.5,0.001233,0.002387,2.670223,2.220808
2007-03-28,1439.74,0.5,-0.004602,-0.009283,2.657934,2.200193
2007-03-29,1450.95,0.5,0.003932,0.007786,2.668386,2.217324
2007-03-30,1452.55,0.5,0.000591,0.001103,2.669962,2.219769
2007-04-02,1459.53,1.0,0.004305,0.004805,2.681457,2.230435
2007-04-03,1463.75,1.0,0.002891,0.002891,2.68921,2.236884
2007-04-04,1483.41,1.0,0.013431,0.013431,2.72533,2.266928
2007-04-05,1482.04,1.0,-0.000924,-0.000924,2.722813,2.264835
2007-04-06,1484.15,1.0,0.001424,0.001424,2.726689,2.268059
2007-04-09,1501.06,1.0,0.011394,0.011394,2.757757,2.293901
2007-04-10,1499.16,1.0,-0.001266,-0.001266,2.754266,2.290997
2007-04-11,1513.42,1.0,0.009512,0.009512,2.780464,2.312789
2007-04-12,1525.61,1.0,0.008055,0.008055,2.80286,2.331418
2007-04-13,1520.78,1.0,-0.003166,-0.003166,2.793986,2.324037
2007-04-16,1532.04,1.0,0.007404,0.007404,2.814673,2.341244
2007-04-17,1528.66,1.0,-0.002206,-0.002206,2.808463,2.336079
2007-04-18,1534.58,1.0,0.003873,0.003873,2.81934,2.345126
2007-04-19,1513.66,1.0,-0.013632,-0.013632,2.780905,2.313156
2007-04-20,1533.08,1.0,0.01283,0.01283,2.816584,2.342834
2007-04-23,1544.35,1.0,0.007351,0.007351,2.837289,2.360056
2007-04-24,1556.71,1.0,0.008003,0.008003,2.859997,2.378945
2007-04-25,1545.55,1.0,-0.007169,-0.007169,2.839494,2.36189
2007-04-26,1553.13,1.0,0.004904,0.004904,2.85342,2.373474
2007-04-27,1542.52,1.0,-0.006831,-0.006831,2.833927,2.35726
2007-04-30,1542.24,1.0,-0.000182,-0.000182,2.833413,2.356832
2007-05-02,1553.3,1.0,0.007171,0.007171,2.853732,2.373734
2007-05-03,1559.86,1.0,0.004223,0.004223,2.865784,2.383758
2007-05-04,1567.74,1.0,0.005052,0.005052,2.880262,2.395801
2007-05-07,1584.46,1.0,0.010665,0.010665,2.91098,2.421352
2007-05-08,1582.65,1.0,-0.001142,-0.001142,2.907654,2.418586
2007-05-09,1593.42,1.0,0.006805,0.006805,2.927441,2.435044
2007-05-10,1599.68,1.0,0.003929,0.003929,2.938942,2.444611
2007-05-11,1603.56,1.0,0.002425,0.002425,2.94607,2.45054
2007-05-14,1605.77,1.0,0.001378,0.001378,2.95013,2.453918
2007-05-15,1589.37,1.0,-0.010213,-0.010213,2.92,2.428855
2007-05-16,1600.6,1.0,0.007066,0.007066,2.940632,2.446017
2007-05-17,1615.58,1.0,0.009359,0.009359,2.968153,2.468909
2007-05-18,1612.25,1.0,-0.002061,-0.002061,2.962036,2.46382
2007-05-21,1628.2,1.0,0.009893,0.009893,2.991339,2.488195
2007-05-22,1642.88,1.0,0.009016,0.009016,3.018309,2.510629
2007-05-23,1646.59,1.0,0.002258,0.002258,3.025125,2.516298
2007-05-25,1644.56,1.0,-0.001233,-0.001233,3.021396,2.513196
2007-05-28,1657.91,1.0,0.008118,0.008118,3.045922,2.533597
2007-05-29,1661.8,1.0,0.002346,0.002346,3.053069,2.539542
2007-05-30,1662.72,1.0,0.000554,0.000554,3.054759,2.540948
2007-05-31,1700.91,1.0,0.022968,0.022968,3.124922,2.599309
2007-06-01,1716.24,1.0,0.009013,0.009013,3.153087,2.622736
2007-06-04,1737.59,1.0,0.01244,0.01244,3.192311,2.655363
2007-06-05,1742.19,1.0,0.002647,0.002647,3.200762,2.662393
2007-06-07,1753.04,1.0,0.006228,0.006228,3.220696,2.678974
2007-06-08,1727.28,1.0,-0.014694,-0.014694,3.173369,2.639608
2007-06-11,1716.56,1.0,-0.006206,-0.006206,3.153675,2.623225
2007-06-12,1729.88,1.0,0.00776,0.00776,3.178146,2.643581
2007-06-13,1721.99,1.0,-0.004561,-0.004561,3.163651,2.631523
2007-06-14,1769.18,1.0,0.027404,0.027404,3.250348,2.703639
2007-06-15,1772.26,1.0,0.001741,0.001741,3.256007,2.708345
2007-06-18,1806.88,1.0,0.019534,0.019534,3.319611,2.761251
2007-06-19,1807.85,1.0,0.000537,0.000537,3.321393,2.762734
2007-06-20,1783.79,1.0,-0.013309,-0.013309,3.27719,2.725965
2007-06-21,1794.24,1.0,0.005858,0.005858,3.296389,2.741935
2007-06-22,1770.98,1.0,-0.012964,-0.012964,3.253655,2.706389
2007-06-25,1757.73,1.0,-0.007482,-0.007482,3.229312,2.686141
2007-06-26,1749.55,1.0,-0.004654,-0.004654,3.214284,2.67364
2007-06-27,1733.1,1.0,-0.009402,-0.009402,3.184062,2.648502
2007-06-28,1751.75,1.0,0.010761,0.010761,3.218326,2.677002
2007-06-29,1743.6,1.0,-0.004652,-0.004652,3.203353,2.664548
2007-07-02,1771.35,1.0,0.015915,0.015915,3.254335,2.706955
2007-07-03,1805.5,1.0,0.019279,0.019279,3.317076,2.759142
2007-07-04,1838.41,1.0,0.018228,0.018228,3.377538,2.809435
2007-07-05,1847.79,1.0,0.005102,0.005102,3.394771,2.823769
2007-07-06,1861.01,1.0,0.007154,0.007154,3.419059,2.843972
2007-07-09,1883.59,1.0,0.012133,0.012133,3.460543,2.878479
2007-07-10,1894.53,1.0,0.005808,0.005808,3.480642,2.895197
2007-07-11,1889.96,1.0,-0.002412,-0.002412,3.472246,2.888213
2007-07-12,1909.75,1.0,0.010471,0.010471,3.508604,2.918456
2007-07-13,1962.93,1.0,0.027847,0.027847,3.606307,2.999725
2007-07-16,1949.51,1.0,-0.006837,-0.006837,3.581652,2.979217
2007-07-18,1930.7,1.0,-0.009649,-0.009649,3.547094,2.950471
2007-07-19,1937.9,1.0,0.003729,0.003729,3.560322,2.961474
2007-07-20,1983.54,1.0,0.023551,0.023551,3.644172,3.031221
2007-07-23,1993.05,1.0,0.004794,0.004794,3.661644,3.045754
2007-07-24,1992.26,1.0,-0.000396,-0.000396,3.660192,3.044547
2007-07-25,2004.22,1.0,0.006003,0.006003,3.682165,3.062824
2007-07-26,1963.54,1.0,-0.020297,-0.020297,3.607428,3.000657
2007-07-27,1883.22,1.0,-0.040906,-0.040906,3.459863,2.877913
2007-07-30,1906.71,1.0,0.012473,0.012473,3.503019,2.91381
2007-07-31,1933.27,1.0,0.01393,0.01393,3.551815,2.954399
2007-08-01,1856.45,1.0,-0.039736,-0.039736,3.410681,2.837004
2007-08-02,1853.07,1.0,-0.001821,-0.001821,3.404472,2.831838
2007-08-03,1876.8,1.0,0.012806,0.012806,3.448068,2.868102
2007-08-06,1855.05,1.0,-0.011589,-0.011589,3.408109,2.834864
2007-08-07,1859.82,1.0,0.002571,0.002571,3.416873,2.842154
2007-08-08,1903.41,1.0,0.023438,0.023438,3.496956,2.908767
2007-08-09,1908.68,1.0,0.002769,0.002769,3.506639,2.916821
2007-08-10,1828.49,1.0,-0.042013,-0.042013,3.359313,2.794275
2007-08-13,1849.26,0.5,0.005219,0.011359,3.376845,2.826016
2007-08-14,1817.89,0.5,-0.008442,-0.016964,3.348336,2.778077
2007-08-16,1691.98,0.5,-0.034592,-0.069262,3.232512,2.585663
2007-08-17,1638.07,0.5,-0.015892,-0.031862,3.181142,2.503278
2007-08-20,1731.27,0.0,-0.000421,0.056896,3.179801,2.645705
2007-08-21,1736.18,0.0,7.9e-05,0.002836,3.180051,2.653208
2007-08-22,1759.5,0.0,7.9e-05,0.013432,3.180301,2.688846
2007-08-23,1799.72,0.0,7.9e-05,0.022859,3.180551,2.750309
2007-08-24,1791.33,0.0,7.9e-05,-0.004662,3.180801,2.737488
2007-08-27,1803.03,0.5,0.002805,0.006531,3.189723,2.755368
2007-08-28,1829.31,0.5,0.007327,0.014575,3.213094,2.795529
2007-08-29,1826.19,0.5,-0.000813,-0.001706,3.21048,2.790761
2007-08-30,1841.7,0.5,0.004286,0.008493,3.22424,2.814463
2007-08-31,1873.24,0.5,0.008602,0.017125,3.251975,2.862662
2007-09-03,1881.81,0.5,0.002327,0.004575,3.259541,2.875758
2007-09-04,1874.74,0.5,-0.001839,-0.003757,3.253546,2.864954
2007-09-05,1865.59,0.5,-0.002401,-0.004881,3.245734,2.850971
2007-09-06,1888.81,0.5,0.006263,0.012446,3.266061,2.886456
2007-09-07,1884.9,0.5,-0.000996,-0.00207,3.262809,2.88048
2007-09-10,1835.87,0.5,-0.012967,-0.026012,3.220501,2.805553
2007-09-11,1847.36,0.5,0.003169,0.006259,3.230705,2.823112
2007-09-12,1813.52,0.5,-0.00912,-0.018318,3.201242,2.771398
2007-09-13,1848.02,0.5,0.009551,0.019024,3.231818,2.824121
2007-09-14,1870.02,0.5,0.005992,0.011905,3.251182,2.857741
2007-09-17,1871.68,0.5,0.000483,0.000888,3.252752,2.860278
2007-09-18,1838.61,0.5,-0.008795,-0.017669,3.224144,2.809741
2007-09-19,1902.65,0.5,0.017455,0.034831,3.280421,2.907606
2007-09-20,1908.97,0.5,0.0017,0.003322,3.285998,2.917264
2007-09-21,1919.26,0.5,0.002734,0.00539,3.294983,2.932989
2007-09-27,1945.28,1.0,0.013057,0.013557,3.338007,2.972752
2007-09-28,1946.48,1.0,0.000617,0.000617,3.340066,2.974586
2007-10-01,1962.67,1.0,0.008318,0.008318,3.367847,2.999328
2007-10-02,2014.09,1.0,0.026199,0.026199,3.456082,3.077907
2007-10-04,2003.6,1.0,-0.005208,-0.005208,3.438081,3.061876
2007-10-05,1996.03,1.0,-0.003778,-0.003778,3.425091,3.050308
2007-10-08,2012.82,1.0,0.008412,0.008412,3.453902,3.075966
2007-10-09,2014.13,1.0,0.000651,0.000651,3.45615,3.077968
2007-10-10,2041.12,1.0,0.0134,0.0134,3.502464,3.119214
2007-10-11,2058.85,1.0,0.008686,0.008686,3.532888,3.146309
2007-10-12,2026.44,1.0,-0.015742,-0.015742,3.477274,3.09678
2007-10-15,2035.39,1.0,0.004417,0.004417,3.492631,3.110457
2007-10-16,2005.76,1.0,-0.014557,-0.014557,3.441788,3.065177
2007-10-17,1983.94,1.0,-0.010879,-0.010879,3.404346,3.031832
2007-10-18,2005.09,1.0,0.010661,0.010661,3.440638,3.064153
2007-10-19,1970.1,1.0,-0.017451,-0.017451,3.380597,3.010682
2007-10-22,1903.81,0.5,-0.017285,-0.033648,3.322164,2.909378
2007-10-23,1947.98,0.5,0.01164,0.023201,3.360833,2.976879
2007-10-24,1933.36,0.5,-0.003713,-0.007505,3.348353,2.954536
2007-10-25,1976.75,0.5,0.011261,0.022443,3.386058,3.020844
2007-10-26,2028.06,0.5,0.013018,0.025957,3.430137,3.099256
2007-10-29,2062.92,0.5,0.008634,0.017189,3.459751,3.152528
2007-10-30,2052.37,0.5,-0.002518,-0.005114,3.451041,3.136406
2007-10-31,2064.85,0.5,0.00308,0.006081,3.461669,3.155478
2007-11-01,2063.14,0.5,-0.000375,-0.000828,3.460371,3.152865
2007-11-02,2019.34,0.5,-0.010576,-0.02123,3.423776,3.08593
2007-11-05,2015.76,0.5,-0.000847,-0.001773,3.420875,3.080459
2007-11-06,2054.24,0.5,0.009584,0.01909,3.453661,3.139264
2007-11-07,2043.19,0.5,-0.00265,-0.005379,3.444508,3.122377
2007-11-08,1979.56,0.5,-0.015532,-0.031142,3.391008,3.025139
2007-11-09,1990.47,0.5,0.002795,0.005511,3.400486,3.041811
2007-11-12,1923.42,0.5,-0.016803,-0.033686,3.343346,2.939346
2007-11-13,1932.89,0.5,0.002501,0.004924,3.351708,2.953818
2007-11-14,1972.58,0.5,0.010306,0.020534,3.386252,3.014472
2007-11-15,1947.74,0.5,-0.006257,-0.012593,3.365064,2.976512
2007-11-16,1926.2,0.5,-0.00549,-0.011059,3.346589,2.943595
2007-11-19,1893.47,0.5,-0.008457,-0.016992,3.318288,2.893577
2007-11-20,1872.24,0.5,-0.005567,-0.011212,3.299816,2.861134
2007-11-21,1806.99,0.5,-0.017386,-0.034851,3.242444,2.761419
2007-11-22,1799.02,0.5,-0.002166,-0.004411,3.235421,2.74924
2007-11-23,1772.88,0.5,-0.007226,-0.01453,3.212042,2.709293
2007-11-26,1855.33,0.0,-0.000421,0.046506,3.210689,2.835292
2007-11-27,1859.79,0.0,7.9e-05,0.002404,3.210941,2.842108
2007-11-28,1834.69,0.0,7.9e-05,-0.013496,3.211193,2.80375
2007-11-29,1877.56,0.0,7.9e-05,0.023366,3.211446,2.869264
2007-11-30,1906.0,0.0,7.9e-05,0.015147,3.211698,2.912725
2007-12-03,1902.43,0.0,7.9e-05,-0.001873,3.21195,2.90727
2007-12-04,1917.83,0.0,7.9e-05,0.008095,3.212203,2.930804
2007-12-05,1938.2,0.0,7.9e-05,0.010621,3.212455,2.961933
2007-12-06,1953.17,0.0,7.9e-05,0.007724,3.212708,2.98481
2007-12-07,1934.32,0.0,7.9e-05,-0.009651,3.21296,2.956003
2007-12-10,1906.42,0.5,-0.007673,-0.014424,3.188309,2.913367
2007-12-11,1925.07,0.5,0.004931,0.009783,3.204029,2.941868
2007-12-12,1927.45,0.5,0.000657,0.001236,3.206135,2.945505
2007-12-13,1915.9,0.5,-0.002957,-0.005992,3.196655,2.927854
2007-12-14,1895.05,0.5,-0.005402,-0.010883,3.179387,2.895992
2007-12-17,1839.82,0.0,-0.000421,-0.029144,3.178047,2.81159
2007-12-18,1861.47,0.0,7.9e-05,0.011767,3.178297,2.844675
2007-12-20,1844.37,0.0,7.9e-05,-0.009186,3.178547,2.818543
2007-12-21,1878.32,0.0,7.9e-05,0.018407,3.178796,2.870425
2007-12-24,1919.47,0.5,0.010493,0.021908,3.212152,2.93331
2007-12-26,1906.72,0.5,-0.003282,-0.006642,3.20161,2.913826
2007-12-27,1908.62,0.5,0.000538,0.000996,3.203331,2.916729
2007-12-28,1897.13,0.5,-0.002971,-0.00602,3.193815,2.89917
2008-01-02,1853.45,0.5,-0.011473,-0.023024,3.157173,2.832419
2008-01-03,1852.73,0.5,-0.000155,-0.000388,3.156684,2.831319
2008-01-04,1863.9,0.5,0.003054,0.006029,3.166323,2.848389
2008-01-07,1831.14,0.0,-0.000421,-0.017576,3.164989,2.798325
2008-01-08,1826.23,0.0,7.9e-05,-0.002681,3.165238,2.790822
2008-01-09,1844.47,0.0,7.9e-05,0.009988,3.165486,2.818696
2008-01-10,1824.78,0.0,7.9e-05,-0.010675,3.165735,2.788606
2008-01-11,1782.27,0.0,7.9e-05,-0.023296,3.165984,2.723643
2008-01-14,1765.88,0.0,7.9e-05,-0.009196,3.166233,2.698596
2008-01-15,1746.95,0.0,7.9e-05,-0.01072,3.166482,2.669667
2008-01-16,1704.97,0.0,7.9e-05,-0.02403,3.16673,2.605514
2008-01-17,1723.55,0.0,7.9e-05,0.010898,3.166979,2.633907
2008-01-18,1734.72,0.0,7.9e-05,0.006481,3.167228,2.650977
2008-01-21,1683.56,0.0,7.9e-05,-0.029492,3.167477,2.572795
2008-01-22,1609.02,0.0,7.9e-05,-0.044275,3.167726,2.458884
2008-01-23,1628.42,0.0,7.9e-05,0.012057,3.167975,2.488531
2008-01-24,1663.0,0.0,7.9e-05,0.021235,3.168224,2.541376
2008-01-25,1692.41,0.0,7.9e-05,0.017685,3.168473,2.58632
2008-01-28,1627.19,0.0,7.9e-05,-0.038537,3.168722,2.486651
2008-01-29,1637.91,0.0,7.9e-05,0.006588,3.168971,2.503033
2008-01-30,1589.06,0.0,7.9e-05,-0.029825,3.16922,2.428381
2008-01-31,1624.68,0.0,7.9e-05,0.022416,3.169469,2.482816
2008-02-01,1634.53,0.0,7.9e-05,0.006063,3.169718,2.497868
2008-02-04,1690.13,0.0,7.9e-05,0.034016,3.169967,2.582835
2008-02-05,1696.57,0.0,7.9e-05,0.00381,3.170216,2.592677
2008-02-11,1640.67,0.0,7.9e-05,-0.032949,3.170465,2.507251
2008-02-12,1643.29,0.0,7.9e-05,0.001597,3.170714,2.511255
2008-02-13,1631.78,0.0,7.9e-05,-0.007004,3.170964,2.493666
2008-02-14,1697.45,0.0,7.9e-05,0.040244,3.171213,2.594022
2008-02-15,1694.77,0.0,7.9e-05,-0.001579,3.171462,2.589926
2008-02-19,1720.52,0.0,7.9e-05,0.015194,3.171711,2.629277
2008-02-20,1687.91,0.0,7.9e-05,-0.018954,3.171961,2.579443
2008-02-21,1704.36,0.0,7.9e-05,0.009746,3.17221,2.604582
2008-02-22,1686.45,0.0,7.9e-05,-0.010508,3.172459,2.577212
2008-02-25,1709.13,0.0,7.9e-05,0.013448,3.172708,2.611871
2008-02-26,1709.13,0.0,7.9e-05,0.0,3.172958,2.611871
2008-02-27,1720.89,0.0,7.9e-05,0.006881,3.173207,2.629842
2008-02-28,1736.17,0.0,7.9e-05,0.008879,3.173456,2.653193
2008-02-29,1711.62,0.0,7.9e-05,-0.01414,3.173706,2.615676
2008-03-03,1671.73,0.0,7.9e-05,-0.023305,3.173955,2.554717
2008-03-04,1676.18,0.0,7.9e-05,0.002662,3.174205,2.561517
2008-03-05,1677.1,0.0,7.9e-05,0.000549,3.174454,2.562923
2008-03-06,1697.44,0.0,7.9e-05,0.012128,3.174704,2.594006
2008-03-07,1663.97,0.0,7.9e-05,-0.019718,3.174953,2.542858
2008-03-10,1625.17,0.0,7.9e-05,-0.023318,3.175203,2.483564
2008-03-11,1641.48,0.0,7.9e-05,0.010036,3.175452,2.508489
2008-03-12,1658.83,0.0,7.9e-05,0.01057,3.175702,2.535003
2008-03-13,1615.62,0.0,7.9e-05,-0.026048,3.175951,2.46897
2008-03-14,1600.26,0.0,7.9e-05,-0.009507,3.176201,2.445497
2008-03-17,1574.44,0.0,7.9e-05,-0.016135,3.17645,2.406039
2008-03-18,1588.75,0.0,7.9e-05,0.009089,3.1767,2.427908
2008-03-19,1622.23,0.0,7.9e-05,0.021073,3.17695,2.479071
2008-03-20,1623.39,0.0,7.9e-05,0.000715,3.177199,2.480844
2008-03-21,1645.69,0.0,7.9e-05,0.013737,3.177449,2.514923
2008-03-24,1655.3,0.0,7.9e-05,0.005839,3.177699,2.529609
2008-03-25,1674.93,0.0,7.9e-05,0.011859,3.177948,2.559607
2008-03-26,1679.67,0.0,7.9e-05,0.00283,3.178198,2.566851
2008-03-27,1676.24,0.0,7.9e-05,-0.002042,3.178448,2.561609
2008-03-28,1701.83,0.0,7.9e-05,0.015266,3.178698,2.600715
2008-03-31,1703.99,0.0,7.9e-05,0.001269,3.178947,2.604016
2008-04-01,1702.25,0.0,7.9e-05,-0.001021,3.179197,2.601357
2008-04-02,1742.19,0.0,7.9e-05,0.023463,3.179447,2.662393
2008-04-03,1763.63,0.0,7.9e-05,0.012306,3.179697,2.695157
2008-04-04,1766.49,0.0,7.9e-05,0.001622,3.179947,2.699528
2008-04-07,1773.56,0.5,0.00154,0.004002,3.184845,2.710332
2008-04-08,1754.71,0.5,-0.005275,-0.010628,3.168046,2.681526
2008-04-10,1764.64,0.5,0.002869,0.005659,3.177134,2.696701
2008-04-11,1779.71,0.5,0.004309,0.00854,3.190825,2.71973
2008-04-14,1746.71,1.0,-0.019042,-0.018542,3.130065,2.6693
2008-04-15,1742.17,1.0,-0.002599,-0.002599,3.121929,2.662362
2008-04-16,1758.56,1.0,0.009408,0.009408,3.1513,2.687409
2008-04-17,1768.67,1.0,0.005749,0.005749,3.169416,2.702859
2008-04-18,1771.9,1.0,0.001826,0.001826,3.175205,2.707795
2008-04-21,1800.48,1.0,0.01613,0.01613,3.226419,2.751471
2008-04-22,1787.49,1.0,-0.007215,-0.007215,3.203141,2.73162
2008-04-23,1800.79,1.0,0.007441,0.007441,3.226975,2.751945
2008-04-24,1799.34,1.0,-0.000805,-0.000805,3.224376,2.749729
2008-04-25,1824.68,1.0,0.014083,0.014083,3.269785,2.788453
2008-04-28,1823.17,1.0,-0.000828,-0.000828,3.267079,2.786145
2008-04-29,1811.51,1.0,-0.006395,-0.006395,3.246185,2.768327
2008-04-30,1825.47,1.0,0.007706,0.007706,3.271201,2.78966
2008-05-02,1848.27,1.0,0.01249,0.01249,3.312058,2.824503
2008-05-06,1859.06,1.0,0.005838,0.005838,3.331393,2.840992
2008-05-07,1854.01,1.0,-0.002716,-0.002716,3.322344,2.833275
2008-05-08,1848.0,1.0,-0.003242,-0.003242,3.311574,2.82409
2008-05-09,1823.7,1.0,-0.013149,-0.013149,3.268029,2.786955
2008-05-13,1842.8,1.0,0.010473,0.010473,3.302256,2.816144
2008-05-14,1843.75,1.0,0.000516,0.000516,3.303958,2.817596
2008-05-15,1885.71,1.0,0.022758,0.022758,3.379149,2.881718
2008-05-16,1888.88,1.0,0.001681,0.001681,3.38483,2.886563
2008-05-19,1885.37,1.0,-0.001858,-0.001858,3.37854,2.881199
2008-05-20,1873.15,1.0,-0.006481,-0.006481,3.356642,2.862524
2008-05-21,1847.51,1.0,-0.013688,-0.013688,3.310696,2.823342
2008-05-22,1835.42,1.0,-0.006544,-0.006544,3.289031,2.804866
2008-05-23,1827.94,1.0,-0.004075,-0.004075,3.275627,2.793435
2008-05-26,1800.58,1.0,-0.014968,-0.014968,3.226598,2.751624
2008-05-27,1825.23,1.0,0.01369,0.01369,3.270771,2.789294
2008-05-28,1805.64,1.0,-0.010733,-0.010733,3.235666,2.759356
2008-05-29,1841.22,1.0,0.019705,0.019705,3.299424,2.813729
2008-05-30,1852.02,1.0,0.005866,0.005866,3.318778,2.830234
2008-06-02,1847.53,1.0,-0.002424,-0.002424,3.310732,2.823372
2008-06-03,1819.39,1.0,-0.015231,-0.015231,3.260306,2.780369
2008-06-04,1833.81,1.0,0.007926,0.007926,3.286146,2.802405
2008-06-05,1832.31,1.0,-0.000818,-0.000818,3.283458,2.800113
2008-06-09,1808.96,1.0,-0.012743,-0.012743,3.241615,2.76443
2008-06-10,1774.38,1.0,-0.019116,-0.019116,3.179649,2.711585
2008-06-11,1781.67,1.0,0.004108,0.004108,3.192712,2.722726
2008-06-12,1739.36,1.0,-0.023747,-0.023747,3.116894,2.658068
2008-06-13,1747.35,1.0,0.004594,0.004594,3.131211,2.670278
2008-06-16,1760.82,0.5,0.003394,0.007709,3.141838,2.690863
2008-06-17,1750.71,0.5,-0.002832,-0.005742,3.132942,2.675413
2008-06-18,1774.13,0.5,0.006728,0.013377,3.15402,2.711203
2008-06-19,1740.72,0.5,-0.009377,-0.018832,3.124446,2.660146
2008-06-20,1731.0,0.5,-0.002753,-0.005584,3.115846,2.645292
2008-06-23,1715.59,0.5,-0.004412,-0.008902,3.102099,2.621743
2008-06-24,1710.84,0.5,-0.001345,-0.002769,3.097926,2.614484
2008-06-25,1717.79,0.5,0.00207,0.004062,3.10434,2.625105
2008-06-26,1717.66,0.5,1e-06,-7.6e-05,3.104345,2.624906
2008-06-27,1684.45,0.5,-0.009628,-0.019334,3.074457,2.574155
2008-06-30,1674.92,0.0,-0.000421,-0.005658,3.073161,2.559592
2008-07-01,1666.46,0.0,7.9e-05,-0.005051,3.073402,2.546663
2008-07-02,1623.6,0.0,7.9e-05,-0.025719,3.073644,2.481165
2008-07-03,1606.54,0.0,7.9e-05,-0.010508,3.073885,2.455094
2008-07-04,1577.94,0.0,7.9e-05,-0.017802,3.074127,2.411388
2008-07-07,1579.72,0.0,7.9e-05,0.001128,3.074369,2.414108
2008-07-08,1533.47,0.0,7.9e-05,-0.029277,3.07461,2.34343
2008-07-09,1519.38,0.0,7.9e-05,-0.009188,3.074852,2.321897
2008-07-10,1537.43,0.0,7.9e-05,0.01188,3.075093,2.349481
2008-07-11,1567.51,0.0,7.9e-05,0.019565,3.075335,2.395449
2008-07-14,1558.62,0.0,7.9e-05,-0.005671,3.075577,2.381863
2008-07-15,1509.33,0.0,7.9e-05,-0.031624,3.075819,2.306539
2008-07-16,1507.4,0.0,7.9e-05,-0.001279,3.07606,2.30359
2008-07-17,1525.56,0.0,7.9e-05,0.012047,3.076302,2.331342
2008-07-18,1509.99,0.0,7.9e-05,-0.010206,3.076544,2.307548
2008-07-21,1562.92,0.0,7.9e-05,0.035053,3.076785,2.388435
2008-07-22,1561.23,0.0,7.9e-05,-0.001081,3.077027,2.385852
2008-07-23,1591.76,0.0,7.9e-05,0.019555,3.077269,2.432508
2008-07-24,1626.14,0.0,7.9e-05,0.021599,3.077511,2.485047
2008-07-25,1597.93,0.0,7.9e-05,-0.017348,3.077753,2.441937
2008-07-28,1598.29,0.0,7.9e-05,0.000225,3.077995,2.442487
2008-07-29,1567.2,0.0,7.9e-05,-0.019452,3.078236,2.394975
2008-07-30,1577.7,0.0,7.9e-05,0.0067,3.078478,2.411021
2008-07-31,1594.67,0.0,7.9e-05,0.010756,3.07872,2.436955
2008-08-01,1573.77,0.0,7.9e-05,-0.013106,3.078962,2.405016
2008-08-04,1543.05,0.0,7.9e-05,-0.01952,3.079204,2.35807
2008-08-05,1535.54,0.0,7.9e-05,-0.004867,3.079446,2.346593
2008-08-06,1578.71,0.0,7.9e-05,0.028114,3.079688,2.412565
2008-08-07,1564.0,0.0,7.9e-05,-0.009318,3.07993,2.390085
2008-08-08,1568.72,0.0,7.9e-05,0.003018,3.080172,2.397298
2008-08-11,1581.09,0.0,7.9e-05,0.007885,3.080414,2.416202
2008-08-12,1577.12,0.0,7.9e-05,-0.002511,3.080656,2.410135
2008-08-13,1562.72,0.0,7.9e-05,-0.009131,3.080898,2.388129
2008-08-14,1572.19,0.0,7.9e-05,0.00606,3.081141,2.402601
2008-08-18,1567.71,0.0,7.9e-05,-0.00285,3.081383,2.395755
2008-08-19,1541.41,0.0,7.9e-05,-0.016776,3.081625,2.355563
2008-08-20,1540.71,0.0,7.9e-05,-0.000454,3.081867,2.354494
2008-08-21,1512.59,0.0,7.9e-05,-0.018251,3.082109,2.311521
2008-08-22,1496.91,0.0,7.9e-05,-0.010366,3.082351,2.287559
2008-08-25,1502.11,0.0,7.9e-05,0.003474,3.082594,2.295506
2008-08-26,1490.25,0.0,7.9e-05,-0.007896,3.082836,2.277381
2008-08-27,1493.92,0.0,7.9e-05,0.002463,3.083078,2.28299
2008-08-28,1474.15,0.0,7.9e-05,-0.013234,3.08332,2.252777
2008-08-29,1474.24,0.0,7.9e-05,6.1e-05,3.083563,2.252915
2008-09-01,1414.43,0.0,7.9e-05,-0.04057,3.083805,2.161514
2008-09-02,1407.14,0.0,7.9e-05,-0.005154,3.084047,2.150374
2008-09-03,1426.89,0.0,7.9e-05,0.014036,3.08429,2.180555
2008-09-04,1426.43,0.0,7.9e-05,-0.000322,3.084532,2.179852
2008-09-05,1404.38,0.0,7.9e-05,-0.015458,3.084775,2.146156
2008-09-08,1476.65,0.0,7.9e-05,0.05146,3.085017,2.256598
2008-09-09,1454.5,0.0,7.9e-05,-0.015,3.085259,2.222749
2008-09-10,1464.98,0.0,7.9e-05,0.007205,3.085502,2.238764
2008-09-11,1443.24,0.0,7.9e-05,-0.01484,3.085744,2.205541
2008-09-12,1477.92,0.0,7.9e-05,0.024029,3.085987,2.258539
2008-09-16,1387.75,0.0,7.9e-05,-0.061011,3.086229,2.120742
2008-09-17,1425.26,0.0,7.9e-05,0.027029,3.086472,2.178064
2008-09-18,1392.42,0.0,7.9e-05,-0.023041,3.086714,2.127879
2008-09-19,1455.78,0.0,7.9e-05,0.045504,3.086957,2.224705
2008-09-22,1460.34,0.0,7.9e-05,0.003132,3.0872,2.231673
2008-09-23,1481.37,0.0,7.9e-05,0.014401,3.087442,2.263811
2008-09-24,1495.98,0.0,7.9e-05,0.009862,3.087685,2.286138
2008-09-25,1501.63,0.0,7.9e-05,0.003777,3.087927,2.294772
2008-09-26,1476.33,0.0,7.9e-05,-0.016848,3.08817,2.256109
2008-09-29,1456.36,0.0,7.9e-05,-0.013527,3.088413,2.225591
2008-09-30,1448.06,0.0,7.9e-05,-0.005699,3.088656,2.212907
2008-10-01,1439.67,0.0,7.9e-05,-0.005794,3.088898,2.200086
2008-10-02,1419.65,0.0,7.9e-05,-0.013906,3.089141,2.169491
2008-10-06,1358.75,0.0,7.9e-05,-0.042898,3.089384,2.076425
2008-10-07,1366.1,0.0,7.9e-05,0.005409,3.089627,2.087657
2008-10-08,1286.69,0.0,7.9e-05,-0.058129,3.089869,1.966303
2008-10-09,1294.89,0.0,7.9e-05,0.006373,3.090112,1.978835
2008-10-10,1241.47,0.0,7.9e-05,-0.041254,3.090355,1.897199
2008-10-13,1288.53,0.0,7.9e-05,0.037907,3.090598,1.969115
2008-10-14,1367.69,0.0,7.9e-05,0.061434,3.090841,2.090087
2008-10-15,1340.28,0.0,7.9e-05,-0.020041,3.091084,2.048199
2008-10-16,1213.78,0.0,7.9e-05,-0.094383,3.091326,1.854883
2008-10-17,1180.67,0.0,7.9e-05,-0.027278,3.091569,1.804285
2008-10-20,1207.63,0.0,7.9e-05,0.022834,3.091812,1.845485
2008-10-21,1196.1,0.0,7.9e-05,-0.009548,3.092055,1.827865
2008-10-22,1134.59,0.0,7.9e-05,-0.051425,3.092298,1.733866
2008-10-23,1049.71,0.0,7.9e-05,-0.074811,3.092541,1.604154
2008-10-24,938.75,0.0,7.9e-05,-0.105705,3.092784,1.434586
2008-10-27,946.45,0.0,7.9e-05,0.008202,3.093027,1.446353
2008-10-28,999.16,0.0,7.9e-05,0.055692,3.09327,1.526904
2008-10-29,968.97,0.0,7.9e-05,-0.030215,3.093514,1.480768
2008-10-30,1084.72,0.0,7.9e-05,0.119457,3.093757,1.657655
2008-10-31,1113.06,0.0,7.9e-05,0.026127,3.094,1.700964
2008-11-03,1129.08,0.0,7.9e-05,0.014393,3.094243,1.725446
2008-11-04,1153.35,0.0,7.9e-05,0.021495,3.094486,1.762535
2008-11-05,1181.5,0.0,7.9e-05,0.024407,3.094729,1.805553
2008-11-06,1092.22,0.0,7.9e-05,-0.075565,3.094972,1.669117
2008-11-07,1134.49,0.0,7.9e-05,0.038701,3.095216,1.733713
2008-11-10,1152.46,0.0,7.9e-05,0.01584,3.095459,1.761175
2008-11-11,1128.73,0.0,7.9e-05,-0.020591,3.095702,1.724911
2008-11-12,1123.86,0.0,7.9e-05,-0.004315,3.095945,1.717469
2008-11-13,1088.44,0.0,7.9e-05,-0.031516,3.096189,1.66334
2008-11-14,1088.26,0.0,7.9e-05,-0.000165,3.096432,1.663065
2008-11-17,1078.32,0.0,7.9e-05,-0.009134,3.096675,1.647875
2008-11-18,1036.16,0.0,7.9e-05,-0.039098,3.096919,1.583447
2008-11-19,1016.82,0.0,7.9e-05,-0.018665,3.097162,1.553892
2008-11-20,948.69,0.0,7.9e-05,-0.067003,3.097406,1.449776
2008-11-21,1003.73,0.0,7.9e-05,0.058017,3.097649,1.533888
2008-11-24,970.14,0.0,7.9e-05,-0.033465,3.097892,1.482556
2008-11-25,983.32,0.0,7.9e-05,0.013586,3.098136,1.502697
2008-11-26,1029.78,0.0,7.9e-05,0.047248,3.098379,1.573697
2008-11-27,1063.48,0.0,7.9e-05,0.032725,3.098623,1.625197
2008-11-28,1076.07,0.0,7.9e-05,0.011838,3.098866,1.644437
2008-12-01,1058.62,0.0,7.9e-05,-0.016216,3.09911,1.61777
2008-12-02,1023.2,0.0,7.9e-05,-0.033459,3.099353,1.563641
2008-12-03,1022.67,0.0,7.9e-05,-0.000518,3.099597,1.562831
2008-12-04,1006.54,0.0,7.9e-05,-0.015772,3.09984,1.538182
2008-12-05,1028.13,0.0,7.9e-05,0.02145,3.100084,1.571175
2008-12-08,1105.05,0.0,7.9e-05,0.074815,3.100328,1.688724
2008-12-09,1105.84,0.0,7.9e-05,0.000715,3.100571,1.689931
2008-12-10,1145.87,0.0,7.9e-05,0.036199,3.100815,1.751104
2008-12-11,1154.43,0.0,7.9e-05,0.00747,3.101059,1.764185
2008-12-12,1103.82,0.0,7.9e-05,-0.04384,3.101302,1.686844
2008-12-15,1158.19,0.0,7.9e-05,0.049256,3.101546,1.769931
2008-12-16,1161.56,0.0,7.9e-05,0.00291,3.10179,1.775081
2008-12-17,1169.75,0.0,7.9e-05,0.007051,3.102034,1.787597
2008-12-18,1175.91,0.0,7.9e-05,0.005266,3.102277,1.797011
2008-12-19,1180.97,0.0,7.9e-05,0.004303,3.102521,1.804743
2008-12-22,1179.61,0.0,7.9e-05,-0.001152,3.102765,1.802665
2008-12-23,1144.31,0.0,7.9e-05,-0.029925,3.103009,1.74872
2008-12-24,1128.51,0.0,7.9e-05,-0.013807,3.103253,1.724575
2008-12-26,1117.86,0.0,7.9e-05,-0.009437,3.103496,1.7083
2008-12-29,1117.59,0.0,7.9e-05,-0.000242,3.10374,1.707887
2008-12-30,1124.47,0.0,7.9e-05,0.006156,3.103984,1.718401
2009-01-02,1157.4,0.0,7.9e-05,0.029285,3.104228,1.768724
2009-01-05,1173.57,0.0,7.9e-05,0.013971,3.104472,1.793435
2009-01-06,1194.28,0.0,7.9e-05,0.017647,3.104716,1.825084
2009-01-07,1228.17,0.0,7.9e-05,0.028377,3.10496,1.876874
2009-01-08,1205.7,0.0,7.9e-05,-0.018296,3.105204,1.842536
2009-01-09,1180.96,0.0,7.9e-05,-0.020519,3.105448,1.804728
2009-01-12,1156.75,0.0,7.9e-05,-0.0205,3.105692,1.767731
2009-01-13,1167.71,0.0,7.9e-05,0.009475,3.105936,1.78448
2009-01-14,1182.68,0.0,7.9e-05,0.01282,3.10618,1.807357
2009-01-15,1111.34,0.0,7.9e-05,-0.060321,3.106424,1.698336
2009-01-16,1135.2,0.0,7.9e-05,0.02147,3.106669,1.734798
2009-01-19,1150.65,0.0,7.9e-05,0.01361,3.106913,1.758409
2009-01-20,1126.81,0.0,7.9e-05,-0.020719,3.107157,1.721977
2009-01-21,1103.61,0.0,7.9e-05,-0.020589,3.107401,1.686523
2009-01-22,1116.23,0.0,7.9e-05,0.011435,3.107645,1.705809
2009-01-23,1093.4,0.0,7.9e-05,-0.020453,3.107889,1.67092
2009-01-28,1157.98,0.0,7.9e-05,0.059063,3.108134,1.76961
2009-01-29,1166.56,0.0,7.9e-05,0.007409,3.108378,1.782722
2009-01-30,1162.11,0.0,7.9e-05,-0.003815,3.108622,1.775922
2009-02-02,1146.95,0.0,7.9e-05,-0.013045,3.108866,1.752755
2009-02-03,1163.2,0.0,7.9e-05,0.014168,3.109111,1.777588
2009-02-04,1195.37,0.0,7.9e-05,0.027656,3.109355,1.826749
2009-02-05,1177.88,0.0,7.9e-05,-0.014631,3.109599,1.800021
2009-02-06,1210.26,0.0,7.9e-05,0.02749,3.109844,1.849504
2009-02-09,1202.69,0.0,7.9e-05,-0.006255,3.110088,1.837936
2009-02-10,1198.87,0.0,7.9e-05,-0.003176,3.110333,1.832098
2009-02-11,1190.18,0.0,7.9e-05,-0.007248,3.110577,1.818818
2009-02-12,1179.84,0.0,7.9e-05,-0.008688,3.110821,1.803017
2009-02-13,1192.44,0.0,7.9e-05,0.010679,3.111066,1.822272
2009-02-16,1175.47,0.0,7.9e-05,-0.014231,3.11131,1.796338
2009-02-17,1127.19,0.0,7.9e-05,-0.041073,3.111555,1.722558
2009-02-18,1113.19,0.0,7.9e-05,-0.01242,3.111799,1.701163
2009-02-19,1107.1,0.0,7.9e-05,-0.005471,3.112044,1.691856
2009-02-20,1065.95,0.0,7.9e-05,-0.037169,3.112289,1.628971
2009-02-23,1099.55,0.0,7.9e-05,0.031521,3.112533,1.680318
2009-02-24,1063.88,0.0,7.9e-05,-0.032441,3.112778,1.625808
2009-02-25,1067.08,0.0,7.9e-05,0.003008,3.113022,1.630698
2009-02-26,1054.79,0.0,7.9e-05,-0.011517,3.113267,1.611917
2009-02-27,1063.03,0.0,7.9e-05,0.007812,3.113512,1.624509
2009-03-02,1018.81,0.0,7.9e-05,-0.041598,3.113756,1.556933
2009-03-03,1025.57,0.0,7.9e-05,0.006635,3.114001,1.567263
2009-03-04,1059.26,0.0,7.9e-05,0.03285,3.114246,1.618748
2009-03-05,1058.18,0.0,7.9e-05,-0.00102,3.11449,1.617097
2009-03-06,1055.03,0.0,7.9e-05,-0.002977,3.114735,1.612284
2009-03-09,1071.73,0.0,7.9e-05,0.015829,3.11498,1.637804
2009-03-10,1092.2,0.0,7.9e-05,0.0191,3.115225,1.669086
2009-03-11,1127.51,0.0,7.9e-05,0.032329,3.11547,1.723047
2009-03-12,1128.39,0.0,7.9e-05,0.00078,3.115714,1.724391
2009-03-13,1126.03,0.0,7.9e-05,-0.002091,3.115959,1.720785
2009-03-16,1125.46,0.0,7.9e-05,-0.000506,3.116204,1.719914
2009-03-17,1163.88,0.0,7.9e-05,0.034137,3.116449,1.778627
2009-03-18,1169.95,0.0,7.9e-05,0.005215,3.116694,1.787903
2009-03-19,1161.81,0.0,7.9e-05,-0.006958,3.116939,1.775463
2009-03-20,1170.94,0.0,7.9e-05,0.007858,3.117184,1.789416
2009-03-23,1199.5,0.0,7.9e-05,0.024391,3.117429,1.833061
2009-03-24,1221.7,0.0,7.9e-05,0.018508,3.117674,1.866987
2009-03-25,1229.02,0.0,7.9e-05,0.005992,3.117919,1.878173
2009-03-26,1243.8,0.0,7.9e-05,0.012026,3.118164,1.90076
2009-03-27,1237.51,0.0,7.9e-05,-0.005057,3.118409,1.891147
2009-03-30,1197.46,0.5,-0.016642,-0.032363,3.066511,1.829943
2009-03-31,1206.26,0.5,0.003714,0.007349,3.077899,1.843391
2009-04-01,1233.36,0.5,0.011272,0.022466,3.112594,1.884805
2009-04-02,1276.97,0.5,0.017719,0.035359,3.167745,1.951449
2009-04-03,1283.75,0.5,0.002694,0.005309,3.176279,1.961811
2009-04-06,1297.85,0.5,0.005531,0.010983,3.193847,1.983358
2009-04-07,1300.1,0.5,0.000906,0.001734,3.196741,1.986796
2009-04-08,1262.07,0.5,-0.014587,-0.029252,3.150112,1.928679
2009-04-09,1316.35,0.5,0.021544,0.043009,3.217977,2.01163
2009-04-10,1336.04,0.5,0.007518,0.014958,3.242171,2.04172
2009-04-13,1338.26,0.5,0.00087,0.001662,3.244992,2.045112
2009-04-14,1342.63,0.5,0.001672,0.003265,3.250417,2.05179
2009-04-15,1333.09,0.5,-0.003513,-0.007105,3.238997,2.037211
2009-04-16,1336.72,0.5,0.001401,0.002723,3.243534,2.042759
2009-04-17,1329.0,0.5,-0.002848,-0.005775,3.234296,2.030961
2009-04-20,1336.39,1.0,0.005061,0.005561,3.250663,2.042254
2009-04-21,1336.81,1.0,0.000314,0.000314,3.251685,2.042896
2009-04-22,1356.02,1.0,0.01437,0.01437,3.298411,2.072253
2009-04-23,1368.8,1.0,0.009425,0.009425,3.329498,2.091783
2009-04-24,1354.1,1.0,-0.010739,-0.010739,3.293741,2.069319
2009-04-27,1339.83,1.0,-0.010538,-0.010538,3.259031,2.047511
2009-04-28,1300.24,1.0,-0.029549,-0.029549,3.162731,1.98701
2009-04-29,1338.42,1.0,0.029364,0.029364,3.255601,2.045357
2009-04-30,1369.36,1.0,0.023117,0.023117,3.33086,2.092639
2009-05-04,1397.92,1.0,0.020856,0.020856,3.40033,2.136284
2009-05-06,1393.45,1.0,-0.003198,-0.003198,3.389457,2.129453
2009-05-07,1401.08,1.0,0.005476,0.005476,3.408016,2.141113
2009-05-08,1412.13,1.0,0.007887,0.007887,3.434895,2.157999
2009-05-11,1415.16,1.0,0.002146,0.002146,3.442265,2.16263
2009-05-12,1403.51,1.0,-0.008232,-0.008232,3.413927,2.144826
2009-05-13,1414.52,1.0,0.007845,0.007845,3.440708,2.161652
2009-05-14,1380.95,1.0,-0.023732,-0.023732,3.359052,2.11035
2009-05-15,1391.73,1.0,0.007806,0.007806,3.385273,2.126824
2009-05-18,1386.68,1.0,-0.003629,-0.003629,3.372989,2.119107
2009-05-19,1428.21,1.0,0.029949,0.029949,3.474008,2.182573
2009-05-20,1435.7,1.0,0.005244,0.005244,3.492227,2.194019
2009-05-21,1421.65,1.0,-0.009786,-0.009786,3.458051,2.172548
2009-05-22,1403.75,1.0,-0.012591,-0.012591,3.414511,2.145193
2009-05-25,1400.9,1.0,-0.00203,-0.00203,3.407578,2.140838
2009-05-26,1372.04,1.0,-0.020601,-0.020601,3.337379,2.096734
2009-05-27,1362.02,1.0,-0.007303,-0.007303,3.313006,2.081422
2009-05-28,1392.17,1.0,0.022136,0.022136,3.386343,2.127497
2009-05-29,1395.89,1.0,0.002672,0.002672,3.395392,2.133182
2009-06-01,1415.1,1.0,0.013762,0.013762,3.442119,2.162538
2009-06-02,1412.85,1.0,-0.00159,-0.00159,3.436646,2.1591
2009-06-03,1414.89,1.0,0.001444,0.001444,3.441608,2.162217
2009-06-04,1378.14,1.0,-0.025974,-0.025974,3.352217,2.106056
2009-06-05,1394.71,1.0,0.012023,0.012023,3.392522,2.131378
2009-06-08,1393.3,1.0,-0.001011,-0.001011,3.389092,2.129224
2009-06-09,1371.84,1.0,-0.015402,-0.015402,3.336892,2.096429
2009-06-10,1414.88,1.0,0.031374,0.031374,3.441584,2.162202
2009-06-11,1419.39,1.0,0.003188,0.003188,3.452554,2.169094
2009-06-12,1428.59,1.0,0.006482,0.006482,3.474932,2.183153
2009-06-15,1412.42,1.0,-0.011319,-0.011319,3.4356,2.158442
2009-06-16,1399.15,1.0,-0.009395,-0.009395,3.403322,2.138163
2009-06-17,1391.17,1.0,-0.005703,-0.005703,3.383911,2.125968
2009-06-18,1375.76,1.0,-0.011077,-0.011077,3.346427,2.102419
2009-06-19,1383.34,1.0,0.00551,0.00551,3.364865,2.114003
2009-06-22,1399.71,1.0,0.011834,0.011834,3.404684,2.139019
2009-06-23,1360.54,1.0,-0.027984,-0.027984,3.309406,2.07916
2009-06-24,1363.79,1.0,0.002389,0.002389,3.317311,2.084127
2009-06-25,1392.73,1.0,0.02122,0.02122,3.387706,2.128352
2009-06-26,1394.53,1.0,0.001292,0.001292,3.392084,2.131103
2009-06-29,1388.45,1.0,-0.00436,-0.00436,3.377295,2.121812
2009-06-30,1390.07,1.0,0.001167,0.001167,3.381235,2.124287
2009-07-01,1411.66,1.0,0.015532,0.015532,3.433751,2.157281
2009-07-02,1411.48,1.0,-0.000128,-0.000128,3.433313,2.157006
2009-07-03,1420.04,1.0,0.006065,0.006065,3.454135,2.170087
2009-07-06,1428.94,1.0,0.006267,0.006267,3.475784,2.183688
2009-07-07,1434.2,1.0,0.003681,0.003681,3.488578,2.191726
2009-07-08,1431.02,1.0,-0.002217,-0.002217,3.480843,2.186867
2009-07-09,1430.89,1.0,-9.1e-05,-9.1e-05,3.480527,2.186668
2009-07-10,1428.62,1.0,-0.001586,-0.001586,3.475005,2.183199
2009-07-13,1378.12,0.5,-0.018135,-0.035349,3.411986,2.106026
2009-07-14,1385.56,0.5,0.002739,0.005399,3.42133,2.117395
2009-07-15,1420.86,0.5,0.012778,0.025477,3.465047,2.17134
2009-07-16,1432.22,0.5,0.004037,0.007995,3.479035,2.188701
2009-07-17,1440.1,0.5,0.00279,0.005502,3.488742,2.200743
2009-07-20,1478.51,1.0,0.026172,0.026672,3.580049,2.25944
2009-07-21,1488.99,1.0,0.007088,0.007088,3.605425,2.275456
2009-07-22,1494.04,1.0,0.003392,0.003392,3.617653,2.283173
2009-07-23,1496.49,1.0,0.00164,0.00164,3.623585,2.286917
2009-07-24,1502.59,1.0,0.004076,0.004076,3.638356,2.296239
2009-07-27,1524.05,1.0,0.014282,0.014282,3.690319,2.329034
2009-07-28,1526.03,1.0,0.001299,0.001299,3.695113,2.33206
2009-07-29,1524.32,1.0,-0.001121,-0.001121,3.690973,2.329447
2009-07-30,1534.74,1.0,0.006836,0.006836,3.716204,2.34537
2009-07-31,1557.29,1.0,0.014693,0.014693,3.770806,2.379831
2009-08-03,1564.98,1.0,0.004938,0.004938,3.789426,2.391583
2009-08-04,1566.37,1.0,0.000888,0.000888,3.792792,2.393707
2009-08-05,1559.47,1.0,-0.004405,-0.004405,3.776084,2.383162
2009-08-06,1565.04,1.0,0.003572,0.003572,3.789572,2.391674
2009-08-07,1576.0,1.0,0.007003,0.007003,3.81611,2.408423
2009-08-10,1576.11,1.0,7e-05,7e-05,3.816376,2.408591
2009-08-11,1579.21,1.0,0.001967,0.001967,3.823883,2.413329
2009-08-12,1565.35,1.0,-0.008777,-0.008777,3.790322,2.392148
2009-08-13,1564.64,1.0,-0.000454,-0.000454,3.788603,2.391063
2009-08-14,1591.41,1.0,0.017109,0.017109,3.853424,2.431973
2009-08-17,1547.06,1.0,-0.027868,-0.027868,3.746035,2.364198
2009-08-18,1550.24,1.0,0.002056,0.002056,3.753735,2.369057
2009-08-19,1545.96,1.0,-0.002761,-0.002761,3.743371,2.362517
2009-08-20,1576.39,1.0,0.019684,0.019684,3.817054,2.409019
2009-08-21,1580.98,1.0,0.002912,0.002912,3.828169,2.416034
2009-08-24,1612.22,1.0,0.01976,0.01976,3.903813,2.463774
2009-08-25,1601.38,1.0,-0.006724,-0.006724,3.877565,2.447209
2009-08-26,1614.12,1.0,0.007956,0.007956,3.908413,2.466678
2009-08-27,1599.33,1.0,-0.009163,-0.009163,3.872601,2.444076
2009-08-28,1607.94,1.0,0.005384,0.005384,3.893449,2.457234
2009-08-31,1591.85,1.0,-0.010007,-0.010007,3.854489,2.432645
2009-09-01,1623.06,1.0,0.019606,0.019606,3.930061,2.48034
2009-09-02,1613.16,1.0,-0.0061,-0.0061,3.906089,2.465211
2009-09-03,1613.53,1.0,0.000229,0.000229,3.906985,2.465776
2009-09-04,1608.9,1.0,-0.002869,-0.002869,3.895774,2.458701
2009-09-07,1608.57,1.0,-0.000205,-0.000205,3.894975,2.458196
2009-09-08,1619.69,1.0,0.006913,0.006913,3.921901,2.47519
2009-09-09,1607.77,1.0,-0.007359,-0.007359,3.893038,2.456974
2009-09-10,1644.68,1.0,0.022957,0.022957,3.982411,2.513379
2009-09-11,1651.7,1.0,0.004268,0.004268,3.999409,2.524107
2009-09-14,1634.91,1.0,-0.010165,-0.010165,3.958754,2.498449
2009-09-15,1653.4,1.0,0.011309,0.011309,4.003526,2.526705
2009-09-16,1683.33,1.0,0.018102,0.018102,4.075998,2.572444
2009-09-17,1695.47,1.0,0.007212,0.007212,4.105393,2.590996
2009-09-18,1699.71,1.0,0.002501,0.002501,4.11566,2.597475
2009-09-21,1695.5,1.0,-0.002477,-0.002477,4.105466,2.591042
2009-09-22,1718.88,1.0,0.013789,0.013789,4.162078,2.626771
2009-09-23,1711.47,1.0,-0.004311,-0.004311,4.144136,2.615447
2009-09-24,1693.88,1.0,-0.010278,-0.010278,4.101543,2.588566
2009-09-25,1691.48,1.0,-0.001417,-0.001417,4.095732,2.584898
2009-09-28,1675.55,1.0,-0.009418,-0.009418,4.057159,2.560554
2009-09-29,1690.05,1.0,0.008654,0.008654,4.09227,2.582713
2009-09-30,1673.14,1.0,-0.010006,-0.010006,4.051324,2.556871
2009-10-01,1644.63,1.0,-0.01704,-0.01704,3.98229,2.513303
2009-10-05,1606.9,1.0,-0.022941,-0.022941,3.890931,2.455644
2009-10-06,1598.44,1.0,-0.005265,-0.005265,3.870446,2.442716
2009-10-07,1598.0,1.0,-0.000275,-0.000275,3.869381,2.442043
2009-10-08,1615.46,1.0,0.010926,0.010926,3.911658,2.468726
2009-10-09,1646.79,1.0,0.019394,0.019394,3.98752,2.516604
2009-10-12,1639.81,1.0,-0.004239,-0.004239,3.970619,2.505937
2009-10-13,1628.93,1.0,-0.006635,-0.006635,3.944274,2.48931
2009-10-14,1649.09,1.0,0.012376,0.012376,3.993089,2.520119
2009-10-15,1658.99,1.0,0.006003,0.006003,4.017061,2.535248
2009-10-16,1640.36,1.0,-0.01123,-0.01123,3.971951,2.506778
2009-10-19,1649.07,1.0,0.00531,0.00531,3.993041,2.520088
2009-10-20,1659.15,1.0,0.006113,0.006113,4.017449,2.535492
2009-10-21,1653.86,1.0,-0.003188,-0.003188,4.004639,2.527408
2009-10-22,1630.33,1.0,-0.014227,-0.014227,3.947664,2.49145
2009-10-23,1640.17,1.0,0.006036,0.006036,3.971491,2.506487
2009-10-26,1657.11,1.0,0.010328,0.010328,4.012509,2.532375
2009-10-27,1649.53,1.0,-0.004574,-0.004574,3.994155,2.520791
2009-10-28,1609.71,1.0,-0.02414,-0.02414,3.897735,2.459939
2009-10-29,1585.85,1.0,-0.014823,-0.014823,3.839961,2.423476
2009-10-30,1580.69,1.0,-0.003254,-0.003254,3.827466,2.415591
2009-11-02,1559.09,0.5,-0.007293,-0.013665,3.799552,2.382582
2009-11-03,1549.92,0.5,-0.002902,-0.005882,3.788528,2.368568
2009-11-04,1579.93,0.5,0.00972,0.019362,3.825354,2.414429
2009-11-05,1552.24,0.5,-0.008724,-0.017526,3.791982,2.372114
2009-11-06,1572.46,0.5,0.006552,0.013026,3.816829,2.403014
2009-11-09,1576.79,0.5,0.001416,0.002754,3.822234,2.409631
2009-11-10,1582.3,0.5,0.001787,0.003494,3.829063,2.418051
2009-11-11,1594.82,0.5,0.003996,0.007913,3.844362,2.437184
2009-11-12,1572.73,0.5,-0.006886,-0.013851,3.817889,2.403426
2009-11-13,1571.99,0.5,-0.000196,-0.000471,3.81714,2.402295
2009-11-16,1592.47,0.5,0.006553,0.013028,3.842155,2.433593
2009-11-17,1585.98,0.5,-0.001998,-0.004075,3.834477,2.423675
2009-11-18,1603.97,0.5,0.005711,0.011343,3.856375,2.451167
2009-11-20,1620.6,0.5,0.005223,0.010368,3.876518,2.476581
2009-11-23,1619.05,0.5,-0.000439,-0.000956,3.874817,2.474212
2009-11-24,1606.42,0.5,-0.003861,-0.007801,3.859856,2.454911
2009-11-25,1611.88,0.5,0.001739,0.003399,3.866567,2.463255
2009-11-26,1599.52,0.5,-0.003795,-0.007668,3.851894,2.444366
2009-11-27,1524.5,0.5,-0.023411,-0.046902,3.761716,2.329722
2009-11-30,1555.6,0.0,-0.000421,0.0204,3.76013,2.377248
2009-12-01,1569.72,0.0,7.9e-05,0.009077,3.760426,2.398826
2009-12-02,1591.63,0.0,7.9e-05,0.013958,3.760721,2.432309
2009-12-03,1615.0,0.0,7.9e-05,0.014683,3.761017,2.468023
2009-12-04,1624.76,0.0,7.9e-05,0.006043,3.761312,2.482938
2009-12-07,1632.65,0.5,0.001967,0.004856,3.768712,2.494995
2009-12-08,1627.78,0.5,-0.001452,-0.002983,3.76324,2.487553
2009-12-09,1634.17,0.5,0.002002,0.003926,3.770774,2.497318
2009-12-10,1652.73,0.5,0.005718,0.011357,3.792335,2.525681
2009-12-11,1656.9,0.5,0.001301,0.002523,3.797268,2.532054
2009-12-14,1664.77,0.5,0.002414,0.00475,3.806436,2.544081
2009-12-15,1665.85,0.5,0.000364,0.000649,3.80782,2.545731
2009-12-16,1664.24,0.5,-0.000444,-0.000966,3.80613,2.543271
2009-12-17,1647.84,0.5,-0.004888,-0.009854,3.787526,2.518208
2009-12-18,1647.04,0.5,-0.000203,-0.000485,3.786755,2.516986
2009-12-21,1644.23,0.5,-0.000814,-0.001706,3.783674,2.512692
2009-12-22,1655.54,0.5,0.003479,0.006879,3.796836,2.529975
2009-12-23,1661.35,0.5,0.001794,0.003509,3.803647,2.538854
2009-12-24,1682.34,0.5,0.006356,0.012634,3.827825,2.570931
2009-12-28,1685.59,1.0,0.001432,0.001932,3.833306,2.575897
2009-12-29,1672.48,1.0,-0.007778,-0.007778,3.803491,2.555863
2009-12-30,1682.77,1.0,0.006153,0.006153,3.826892,2.571588
2010-01-04,1696.14,1.0,0.007945,0.007945,3.857298,2.59202
2010-01-05,1690.62,1.0,-0.003254,-0.003254,3.844745,2.583584
2010-01-06,1705.32,1.0,0.008695,0.008695,3.878175,2.606049
2010-01-07,1683.45,1.0,-0.012825,-0.012825,3.828439,2.572627
2010-01-08,1695.26,1.0,0.007015,0.007015,3.855297,2.590675
2010-01-11,1694.12,1.0,-0.000672,-0.000672,3.852704,2.588933
2010-01-12,1698.64,1.0,0.002668,0.002668,3.862983,2.59584
2010-01-13,1671.41,1.0,-0.01603,-0.01603,3.801058,2.554228
2010-01-14,1685.77,1.0,0.008592,0.008592,3.833715,2.576173
2010-01-15,1701.8,1.0,0.009509,0.009509,3.87017,2.600669
2010-01-18,1711.78,1.0,0.005864,0.005864,3.892866,2.615921
2010-01-19,1710.22,1.0,-0.000911,-0.000911,3.889318,2.613537
2010-01-20,1714.38,1.0,0.002432,0.002432,3.898779,2.619894
2010-01-21,1722.01,1.0,0.004451,0.004451,3.916131,2.631554
2010-01-22,1684.35,1.0,-0.02187,-0.02187,3.830486,2.574002
2010-01-25,1670.2,0.5,-0.004661,-0.008401,3.812631,2.552379
2010-01-26,1637.34,0.5,-0.009798,-0.019674,3.775276,2.502162
2010-01-27,1625.48,0.5,-0.003582,-0.007243,3.761751,2.484038
2010-01-28,1642.43,0.5,0.005253,0.010428,3.781512,2.509941
2010-01-29,1602.43,0.5,-0.012138,-0.024354,3.735613,2.448813
2010-02-01,1606.44,0.0,-0.000421,0.002502,3.734038,2.454941
2010-02-02,1595.81,0.0,7.9e-05,-0.006617,3.734332,2.438697
2010-02-03,1615.02,0.0,7.9e-05,0.012038,3.734625,2.468053
2010-02-04,1616.42,0.0,7.9e-05,0.000867,3.734919,2.470193
2010-02-05,1567.12,0.0,7.9e-05,-0.030499,3.735212,2.394853
2010-02-08,1552.79,0.0,7.9e-05,-0.009144,3.735506,2.372954
2010-02-09,1570.49,0.0,7.9e-05,0.011399,3.735799,2.400003
2010-02-10,1570.12,0.0,7.9e-05,-0.000236,3.736093,2.399438
2010-02-11,1597.81,0.0,7.9e-05,0.017636,3.736387,2.441753
2010-02-12,1593.66,0.0,7.9e-05,-0.002597,3.73668,2.435411
2010-02-16,1601.05,0.5,0.001858,0.004637,3.743622,2.446704
2010-02-17,1627.43,0.5,0.008278,0.016477,3.774611,2.487018
2010-02-18,1621.19,0.5,-0.001878,-0.003834,3.767523,2.477482
2010-02-19,1593.9,0.5,-0.008377,-0.016833,3.735961,2.435778
2010-02-22,1627.1,0.5,0.010454,0.020829,3.775016,2.486514
2010-02-23,1628.9,0.5,0.000592,0.001106,3.777253,2.489264
2010-02-24,1612.83,0.5,-0.004893,-0.009866,3.758769,2.464707
2010-02-25,1587.51,0.5,-0.00781,-0.015699,3.729412,2.426013
2010-02-26,1594.58,0.5,0.002266,0.004454,3.737863,2.436817
2010-03-02,1615.12,0.5,0.00648,0.012881,3.762084,2.468206
2010-03-03,1622.44,0.5,0.002305,0.004532,3.770757,2.479392
2010-03-04,1618.2,0.5,-0.001267,-0.002613,3.765978,2.472913
2010-03-05,1634.57,0.5,0.005097,0.010116,3.785175,2.497929
2010-03-08,1660.04,1.0,0.015082,0.015582,3.842263,2.536852
2010-03-09,1660.83,1.0,0.000476,0.000476,3.844091,2.53806
2010-03-10,1662.24,1.0,0.000849,0.000849,3.847355,2.540214
2010-03-11,1656.62,1.0,-0.003381,-0.003381,3.834347,2.531626
2010-03-12,1662.74,1.0,0.003694,0.003694,3.848512,2.540978
2010-03-15,1649.5,1.0,-0.007963,-0.007963,3.817867,2.520745
2010-03-16,1648.01,1.0,-0.000903,-0.000903,3.814419,2.518468
2010-03-17,1682.86,1.0,0.021147,0.021147,3.895081,2.571725
2010-03-18,1675.17,1.0,-0.00457,-0.00457,3.877282,2.559974
2010-03-19,1686.11,1.0,0.006531,0.006531,3.902603,2.576692
2010-03-22,1672.67,1.0,-0.007971,-0.007971,3.871496,2.556153
2010-03-23,1681.82,1.0,0.00547,0.00547,3.892674,2.570136
2010-03-24,1681.01,1.0,-0.000482,-0.000482,3.890799,2.568898
2010-03-25,1688.39,1.0,0.00439,0.00439,3.907881,2.580176
2010-03-26,1697.72,1.0,0.005526,0.005526,3.929475,2.594434
2010-03-29,1691.99,1.0,-0.003375,-0.003375,3.916213,2.585678
2010-03-30,1700.19,1.0,0.004846,0.004846,3.935192,2.598209
2010-03-31,1692.85,1.0,-0.004317,-0.004317,3.918204,2.586992
2010-04-01,1719.17,1.0,0.015548,0.015548,3.979123,2.627214
2010-04-02,1723.49,1.0,0.002513,0.002513,3.989122,2.633816
2010-04-05,1724.99,1.0,0.00087,0.00087,3.992594,2.636108
2010-04-06,1726.09,1.0,0.000638,0.000638,3.99514,2.637789
2010-04-07,1726.6,1.0,0.000295,0.000295,3.99632,2.638568
2010-04-08,1733.78,1.0,0.004158,0.004158,4.012938,2.649541
2010-04-09,1724.47,1.0,-0.00537,-0.00537,3.99139,2.635313
2010-04-12,1710.3,1.0,-0.008217,-0.008217,3.958593,2.613659
2010-04-13,1710.59,1.0,0.00017,0.00017,3.959264,2.614102
2010-04-14,1735.33,1.0,0.014463,0.014463,4.016526,2.651909
2010-04-15,1743.91,1.0,0.004944,0.004944,4.036385,2.665021
2010-04-16,1734.49,1.0,-0.005402,-0.005402,4.014582,2.650626
2010-04-19,1705.3,1.0,-0.016829,-0.016829,3.94702,2.606018
2010-04-20,1718.03,1.0,0.007465,0.007465,3.976484,2.625472
2010-04-21,1747.58,1.0,0.0172,0.0172,4.044879,2.67063
2010-04-22,1739.52,1.0,-0.004612,-0.004612,4.026224,2.658313
2010-04-23,1737.03,1.0,-0.001431,-0.001431,4.020461,2.654507
2010-04-26,1752.2,1.0,0.008733,0.008733,4.055573,2.67769
2010-04-27,1749.55,1.0,-0.001512,-0.001512,4.049439,2.67364
2010-04-28,1733.91,1.0,-0.008939,-0.008939,4.013239,2.649739
2010-04-29,1728.42,1.0,-0.003166,-0.003166,4.000532,2.64135
2010-04-30,1741.56,1.0,0.007602,0.007602,4.030946,2.66143
2010-05-03,1721.21,1.0,-0.011685,-0.011685,3.983844,2.630331
2010-05-04,1718.75,1.0,-0.001429,-0.001429,3.978151,2.626572
2010-05-06,1684.71,1.0,-0.019805,-0.019805,3.899363,2.574553
2010-05-07,1647.5,1.0,-0.022087,-0.022087,3.813238,2.517689
2010-05-10,1677.63,0.0,-0.000921,0.018288,3.809725,2.563733
2010-05-11,1670.24,0.0,7.9e-05,-0.004405,3.810024,2.55244
2010-05-12,1663.03,0.0,7.9e-05,-0.004317,3.810323,2.541422
2010-05-13,1694.58,0.0,7.9e-05,0.018971,3.810623,2.589636
2010-05-14,1695.63,0.0,7.9e-05,0.00062,3.810922,2.59124
2010-05-17,1651.51,0.0,7.9e-05,-0.02602,3.811222,2.523817
2010-05-18,1643.24,0.0,7.9e-05,-0.005008,3.811521,2.511179
2010-05-19,1630.08,0.0,7.9e-05,-0.008009,3.811821,2.491068
2010-05-20,1600.18,0.0,7.9e-05,-0.018343,3.81212,2.445375
2010-05-24,1604.93,0.0,7.9e-05,0.002968,3.81242,2.452634
2010-05-25,1560.83,0.0,7.9e-05,-0.027478,3.81272,2.385241
2010-05-26,1582.12,0.0,7.9e-05,0.01364,3.813019,2.417776
2010-05-27,1607.5,0.0,7.9e-05,0.016042,3.813319,2.456561
2010-05-28,1622.78,0.0,7.9e-05,0.009505,3.813619,2.479912
2010-05-31,1641.25,0.0,7.9e-05,0.011382,3.813918,2.508138
2010-06-01,1630.4,0.0,7.9e-05,-0.006611,3.814218,2.491557
2010-06-03,1661.84,0.0,7.9e-05,0.019284,3.814518,2.539603
2010-06-04,1664.13,0.0,7.9e-05,0.001378,3.814817,2.543103
2010-06-07,1637.97,0.0,7.9e-05,-0.01572,3.815117,2.503125
2010-06-08,1651.48,0.0,7.9e-05,0.008248,3.815417,2.523771
2010-06-09,1647.22,0.0,7.9e-05,-0.00258,3.815717,2.517261
2010-06-10,1651.7,0.0,7.9e-05,0.00272,3.816017,2.524107
2010-06-11,1675.34,0.0,7.9e-05,0.014313,3.816317,2.560234
2010-06-14,1690.6,0.0,7.9e-05,0.009109,3.816617,2.583554
2010-06-15,1690.03,0.0,7.9e-05,-0.000337,3.816916,2.582683
2010-06-17,1707.92,0.0,7.9e-05,0.010586,3.817216,2.610022
2010-06-18,1711.95,0.0,7.9e-05,0.00236,3.817516,2.61618
2010-06-21,1739.68,0.5,0.007638,0.016198,3.846675,2.658557
2010-06-22,1731.48,0.5,-0.002317,-0.004714,3.837761,2.646026
2010-06-23,1725.82,0.5,-0.001595,-0.003269,3.831639,2.637376
2010-06-24,1739.87,0.5,0.00411,0.008141,3.847387,2.658847
2010-06-25,1729.84,0.5,-0.002843,-0.005765,3.836448,2.64352
2010-06-28,1732.03,0.0,-0.000421,0.001266,3.834831,2.646866
2010-06-29,1707.76,0.0,7.9e-05,-0.014012,3.835133,2.609777
2010-06-30,1698.29,0.0,7.9e-05,-0.005545,3.835434,2.595305
2010-07-01,1686.24,0.0,7.9e-05,-0.007095,3.835735,2.576891
2010-07-02,1671.82,0.0,7.9e-05,-0.008552,3.836037,2.554854
2010-07-05,1675.37,0.0,7.9e-05,0.002123,3.836338,2.560279
2010-07-06,1684.94,0.0,7.9e-05,0.005712,3.83664,2.574904
2010-07-07,1675.65,0.0,7.9e-05,-0.005514,3.836941,2.560707
2010-07-08,1698.64,0.0,7.9e-05,0.01372,3.837243,2.59584
2010-07-09,1723.01,0.0,7.9e-05,0.014347,3.837544,2.633082
2010-07-12,1734.05,0.0,7.9e-05,0.006407,3.837846,2.649953
2010-07-13,1735.08,0.0,7.9e-05,0.000594,3.838148,2.651527
2010-07-14,1758.01,0.0,7.9e-05,0.013216,3.838449,2.686569
2010-07-15,1751.29,0.0,7.9e-05,-0.003823,3.838751,2.676299
2010-07-16,1738.45,0.0,7.9e-05,-0.007332,3.839052,2.656677
2010-07-19,1731.95,0.0,7.9e-05,-0.003739,3.839354,2.646744
2010-07-20,1736.77,0.0,7.9e-05,0.002783,3.839656,2.65411
2010-07-21,1748.78,0.0,7.9e-05,0.006915,3.839958,2.672464
2010-07-22,1735.53,0.0,7.9e-05,-0.007577,3.840259,2.652215
2010-07-23,1758.06,0.0,7.9e-05,0.012982,3.840561,2.686645
2010-07-26,1769.07,0.5,0.002671,0.006263,3.850818,2.703471
2010-07-27,1768.31,0.5,-0.000176,-0.00043,3.850142,2.702309
2010-07-28,1773.47,0.5,0.001498,0.002918,3.855911,2.710195
2010-07-29,1770.88,0.5,-0.000691,-0.00146,3.853246,2.706237
2010-07-30,1759.33,0.5,-0.003222,-0.006522,3.840832,2.688586
2010-08-02,1782.27,0.5,0.006559,0.013039,3.866023,2.723643
2010-08-03,1790.6,0.5,0.002376,0.004674,3.87521,2.736372
2010-08-04,1789.26,0.5,-0.000335,-0.000748,3.873912,2.734325
2010-08-05,1783.86,0.5,-0.00147,-0.003018,3.868219,2.726072
2010-08-06,1783.83,0.5,3.1e-05,-1.7e-05,3.868338,2.726027
2010-08-09,1790.17,1.0,0.003054,0.003554,3.880152,2.735715
2010-08-10,1781.13,1.0,-0.00505,-0.00505,3.860559,2.7219
2010-08-11,1758.19,1.0,-0.012879,-0.012879,3.810837,2.686844
2010-08-12,1721.75,1.0,-0.020726,-0.020726,3.731854,2.631157
2010-08-13,1746.24,1.0,0.014224,0.014224,3.784935,2.668582
2010-08-16,1743.31,0.5,-0.0013,-0.001678,3.780016,2.664104
2010-08-17,1755.03,0.5,0.003401,0.006723,3.792871,2.682015
2010-08-18,1761.99,0.5,0.002022,0.003966,3.800541,2.692651
2010-08-19,1779.64,0.5,0.005048,0.010017,3.819725,2.719623
2010-08-20,1775.54,0.5,-0.001113,-0.002304,3.815475,2.713358
2010-08-23,1767.71,1.0,-0.00491,-0.00441,3.796742,2.701392
2010-08-24,1760.53,1.0,-0.004062,-0.004062,3.78132,2.69042
2010-08-25,1734.79,1.0,-0.014621,-0.014621,3.726035,2.651084
2010-08-26,1729.76,1.0,-0.002899,-0.002899,3.715231,2.643397
2010-08-27,1729.56,1.0,-0.000116,-0.000116,3.714802,2.643092
2010-08-30,1760.13,0.5,0.008377,0.017675,3.74592,2.689809
2010-08-31,1742.75,0.5,-0.004898,-0.009874,3.727573,2.663249
2010-09-01,1764.69,0.5,0.006334,0.012589,3.751183,2.696777
2010-09-02,1775.73,0.5,0.003167,0.006256,3.763064,2.713648
2010-09-03,1780.02,0.5,0.001247,0.002416,3.767758,2.720204
2010-09-06,1792.42,1.0,0.006466,0.006966,3.792121,2.739154
2010-09-07,1787.74,1.0,-0.002611,-0.002611,3.78222,2.732002
2010-09-08,1779.22,1.0,-0.004766,-0.004766,3.764195,2.718982
2010-09-09,1784.36,1.0,0.002889,0.002889,3.775069,2.726836
2010-09-10,1802.58,1.0,0.010211,0.010211,3.813616,2.75468
2010-09-13,1818.86,1.0,0.009031,0.009031,3.848059,2.779559
2010-09-14,1815.25,1.0,-0.001985,-0.001985,3.840421,2.774042
2010-09-15,1823.88,1.0,0.004754,0.004754,3.858679,2.78723
2010-09-16,1811.85,1.0,-0.006596,-0.006596,3.833228,2.768846
2010-09-17,1827.35,1.0,0.008555,0.008555,3.86602,2.792533
2010-09-20,1832.63,1.0,0.002889,0.002889,3.877191,2.800602
2010-09-24,1846.6,1.0,0.007623,0.007623,3.906747,2.821951
2010-09-27,1860.83,1.0,0.007706,0.007706,3.936852,2.843697
2010-09-28,1855.97,1.0,-0.002612,-0.002612,3.92657,2.83627
2010-09-29,1866.45,1.0,0.005647,0.005647,3.948742,2.852285
2010-09-30,1872.81,1.0,0.003408,0.003408,3.962198,2.862005
2010-10-01,1876.73,1.0,0.002093,0.002093,3.970491,2.867995
2010-10-04,1879.29,1.0,0.001364,0.001364,3.975907,2.871907
2010-10-05,1878.94,1.0,-0.000186,-0.000186,3.975167,2.871372
2010-10-06,1903.95,1.0,0.013311,0.013311,4.028079,2.909592
2010-10-07,1900.85,1.0,-0.001628,-0.001628,4.02152,2.904855
2010-10-08,1897.07,1.0,-0.001989,-0.001989,4.013523,2.899079
2010-10-11,1889.91,1.0,-0.003774,-0.003774,3.998375,2.888137
2010-10-12,1868.04,1.0,-0.011572,-0.011572,3.952106,2.854715
2010-10-13,1876.15,1.0,0.004341,0.004341,3.969264,2.867109
2010-10-14,1899.76,1.0,0.012584,0.012584,4.019214,2.903189
2010-10-15,1902.29,1.0,0.001332,0.001332,4.024567,2.907056
2010-10-18,1875.42,1.0,-0.014125,-0.014125,3.967719,2.865993
2010-10-19,1857.32,1.0,-0.009651,-0.009651,3.929426,2.838333
2010-10-20,1870.44,1.0,0.007064,0.007064,3.957184,2.858383
2010-10-21,1874.69,1.0,0.002272,0.002272,3.966175,2.864878
2010-10-22,1897.31,1.0,0.012066,0.012066,4.014031,2.899445
2010-10-25,1915.71,1.0,0.009698,0.009698,4.052959,2.927564
2010-10-26,1919.41,1.0,0.001931,0.001931,4.060787,2.933218
2010-10-27,1909.54,1.0,-0.005142,-0.005142,4.039905,2.918135
2010-10-28,1907.87,1.0,-0.000875,-0.000875,4.036372,2.915583
2010-10-29,1882.95,1.0,-0.013062,-0.013062,3.98365,2.8775
2010-11-01,1914.74,1.0,0.016883,0.016883,4.050907,2.926082
2010-11-03,1935.97,1.0,0.011088,0.011088,4.095822,2.958525
2010-11-04,1942.5,1.0,0.003373,0.003373,4.109637,2.968504
2010-11-05,1938.96,1.0,-0.001822,-0.001822,4.102147,2.963094
2010-11-08,1942.41,1.0,0.001779,0.001779,4.109446,2.968367
2010-11-09,1947.46,1.0,0.0026,0.0026,4.12013,2.976084
2010-11-10,1967.85,1.0,0.01047,0.01047,4.163268,3.007244
2010-11-11,1914.73,1.0,-0.026994,-0.026994,4.050885,2.926066
2010-11-12,1913.12,1.0,-0.000841,-0.000841,4.047479,2.923606
2010-11-15,1913.81,1.0,0.000361,0.000361,4.048939,2.92466
2010-11-16,1899.13,1.0,-0.007671,-0.007671,4.017881,2.902227
2010-11-17,1897.11,1.0,-0.001064,-0.001064,4.013608,2.89914
2010-11-18,1927.86,1.0,0.016209,0.016209,4.078664,2.946131
2010-11-19,1940.96,1.0,0.006795,0.006795,4.106379,2.966151
2010-11-22,1944.34,1.0,0.001741,0.001741,4.11353,2.971316
2010-11-23,1928.94,1.0,-0.00792,-0.00792,4.080949,2.947782
2010-11-24,1925.98,1.0,-0.001535,-0.001535,4.074686,2.943258
2010-11-25,1927.68,1.0,0.000883,0.000883,4.078283,2.945856
2010-11-26,1901.8,1.0,-0.013425,-0.013425,4.02353,2.906307
2010-11-29,1895.54,1.0,-0.003292,-0.003292,4.010286,2.89674
2010-11-30,1904.63,1.0,0.004795,0.004795,4.029517,2.910632
2010-12-01,1929.32,1.0,0.012963,0.012963,4.081753,2.948363
2010-12-02,1950.26,1.0,0.010854,0.010854,4.126054,2.980363
2010-12-03,1957.26,1.0,0.003589,0.003589,4.140864,2.99106
2010-12-06,1953.64,1.0,-0.00185,-0.00185,4.133205,2.985528
2010-12-07,1962.52,1.0,0.004545,0.004545,4.151992,2.999098
2010-12-08,1955.72,1.0,-0.003465,-0.003465,4.137606,2.988707
2010-12-09,1988.96,1.0,0.016996,0.016996,4.20793,3.039504
2010-12-10,1986.14,1.0,-0.001418,-0.001418,4.201963,3.035194
2010-12-13,1996.59,1.0,0.005261,0.005261,4.224072,3.051164
2010-12-14,2009.05,1.0,0.006241,0.006241,4.250433,3.070205
2010-12-15,2017.48,1.0,0.004196,0.004196,4.268268,3.083088
2010-12-16,2009.24,1.0,-0.004084,-0.004084,4.250835,3.070495
2010-12-17,2026.3,1.0,0.008491,0.008491,4.286928,3.096566
2010-12-20,2020.28,1.0,-0.002971,-0.002971,4.274192,3.087366
2010-12-21,2037.09,1.0,0.008321,0.008321,4.309755,3.113055
2010-12-22,2038.11,1.0,0.000501,0.000501,4.311913,3.114614
2010-12-23,2037.53,1.0,-0.000285,-0.000285,4.310686,3.113728
2010-12-24,2029.6,1.0,-0.003892,-0.003892,4.293909,3.101609
2010-12-27,2022.19,1.0,-0.003651,-0.003651,4.278232,3.090285
2010-12-28,2033.32,1.0,0.005504,0.005504,4.30178,3.107294
2010-12-29,2043.49,1.0,0.005002,0.005002,4.323296,3.122836
2010-12-30,2051.0,1.0,0.003675,0.003675,4.339184,3.134312
2011-01-03,2070.08,1.0,0.009303,0.009303,4.379551,3.16347
2011-01-04,2085.14,1.0,0.007275,0.007275,4.411412,3.186485
2011-01-05,2082.55,1.0,-0.001242,-0.001242,4.405933,3.182527
2011-01-06,2077.61,1.0,-0.002372,-0.002372,4.395481,3.174977
2011-01-07,2086.2,1.0,0.004135,0.004135,4.413655,3.188105
2011-01-10,2080.81,1.0,-0.002584,-0.002584,4.402251,3.179868
2011-01-11,2088.32,1.0,0.003609,0.003609,4.41814,3.191344
2011-01-12,2094.95,1.0,0.003175,0.003175,4.432167,3.201476
2011-01-13,2089.48,1.0,-0.002611,-0.002611,4.420594,3.193117
2011-01-14,2108.17,1.0,0.008945,0.008945,4.460135,3.221679
2011-01-17,2099.85,1.0,-0.003947,-0.003947,4.442533,3.208964
2011-01-18,2096.48,1.0,-0.001605,-0.001605,4.435404,3.203814
2011-01-19,2115.69,1.0,0.009163,0.009163,4.476045,3.233171
2011-01-20,2106.66,1.0,-0.004268,-0.004268,4.456941,3.219371
2011-01-21,2069.92,1.0,-0.01744,-0.01744,4.379212,3.163226
2011-01-24,2082.16,1.0,0.005913,0.005913,4.405108,3.181931
2011-01-25,2086.67,1.0,0.002166,0.002166,4.414649,3.188823
2011-01-26,2110.46,1.0,0.011401,0.011401,4.46498,3.225178
2011-01-27,2115.01,1.0,0.002156,0.002156,4.474606,3.232132
2011-01-28,2107.87,1.0,-0.003376,-0.003376,4.459501,3.22122
2011-01-31,2069.73,1.0,-0.018094,-0.018094,4.37881,3.162935
2011-02-01,2072.03,1.0,0.001111,0.001111,4.383676,3.16645
2011-02-07,2081.74,1.0,0.004686,0.004686,4.404219,3.181289
2011-02-08,2069.7,1.0,-0.005784,-0.005784,4.378747,3.162889
2011-02-09,2045.58,1.0,-0.011654,-0.011654,4.327717,3.12603
2011-02-10,2008.5,1.0,-0.018127,-0.018127,4.249269,3.069364
2011-02-11,1977.19,1.0,-0.015589,-0.015589,4.183028,3.021517
2011-02-14,2014.59,1.0,0.018916,0.018916,4.262154,3.078671
2011-02-16,1989.11,1.0,-0.012648,-0.012648,4.208247,3.039733
2011-02-17,1977.22,1.0,-0.005978,-0.005978,4.183092,3.021563
2011-02-18,2013.14,1.0,0.018167,0.018167,4.259086,3.076455
2011-02-21,2005.3,1.0,-0.003894,-0.003894,4.242499,3.064474
2011-02-22,1969.92,1.0,-0.017643,-0.017643,4.167648,3.010407
2011-02-23,1961.63,1.0,-0.004208,-0.004208,4.150109,2.997738
2011-02-24,1949.88,1.0,-0.00599,-0.00599,4.12525,2.979782
2011-02-25,1963.43,1.0,0.006949,0.006949,4.153917,3.000489
2011-02-28,1939.3,0.5,-0.006606,-0.01229,4.126478,2.963614
2011-03-02,1928.24,0.5,-0.002812,-0.005703,4.114874,2.946712
2011-03-03,1970.66,0.5,0.011039,0.021999,4.160297,3.011538
2011-03-04,2004.68,0.5,0.008671,0.017263,4.196371,3.063527
2011-03-07,1980.27,1.0,-0.012677,-0.012177,4.143176,3.026224
2011-03-08,1996.32,1.0,0.008105,0.008105,4.176756,3.050751
2011-03-09,2001.47,1.0,0.00258,0.00258,4.187531,3.058621
2011-03-10,1981.58,1.0,-0.009938,-0.009938,4.145917,3.028226
2011-03-11,1955.54,1.0,-0.013141,-0.013141,4.091435,2.988432
2011-03-14,1971.23,0.5,0.003551,0.008023,4.105964,3.012409
2011-03-15,1923.92,0.5,-0.011961,-0.024,4.056853,2.94011
2011-03-16,1957.97,0.5,0.008888,0.017698,4.092912,2.992145
2011-03-17,1959.03,0.5,0.00031,0.000541,4.09418,2.993765
2011-03-18,1981.13,0.5,0.00568,0.011281,4.117435,3.027538
2011-03-21,2003.42,0.5,0.005665,0.011251,4.14076,3.061601
2011-03-22,2013.66,0.5,0.002595,0.005111,4.151504,3.07725
2011-03-23,2012.18,0.5,-0.000328,-0.000735,4.150142,3.074988
2011-03-24,2036.78,0.5,0.006152,0.012226,4.175674,3.112582
2011-03-25,2054.04,0.5,0.004276,0.008474,4.193531,3.138958
2011-03-28,2056.39,1.0,0.000644,0.001144,4.196232,3.142549
2011-03-29,2072.13,1.0,0.007654,0.007654,4.22835,3.166603
2011-03-30,2091.38,1.0,0.00929,0.00929,4.267632,3.196021
2011-03-31,2106.7,1.0,0.007325,0.007325,4.298893,3.219432
2011-04-01,2121.01,1.0,0.006793,0.006793,4.328094,3.241301
2011-04-04,2115.87,1.0,-0.002423,-0.002423,4.317605,3.233446
2011-04-05,2130.43,1.0,0.006881,0.006881,4.347316,3.255696
2011-04-06,2126.71,1.0,-0.001746,-0.001746,4.339725,3.250011
2011-04-07,2122.14,1.0,-0.002149,-0.002149,4.3304,3.243028
2011-04-08,2127.97,1.0,0.002747,0.002747,4.342296,3.251937
2011-04-11,2122.39,1.0,-0.002622,-0.002622,4.33091,3.24341
2011-04-12,2089.4,1.0,-0.015544,-0.015544,4.263591,3.192995
2011-04-13,2121.92,1.0,0.015564,0.015564,4.329951,3.242691
2011-04-14,2141.06,1.0,0.00902,0.00902,4.369008,3.271941
2011-04-15,2140.5,1.0,-0.000262,-0.000262,4.367865,3.271085
2011-04-18,2137.72,1.0,-0.001299,-0.001299,4.362192,3.266837
2011-04-19,2122.68,1.0,-0.007036,-0.007036,4.331502,3.243853
2011-04-20,2169.91,1.0,0.02225,0.02225,4.427878,3.316029
2011-04-21,2198.54,1.0,0.013194,0.013194,4.4863,3.359781
2011-04-22,2197.82,1.0,-0.000327,-0.000327,4.484831,3.358681
2011-04-25,2216.0,1.0,0.008272,0.008272,4.521929,3.386463
2011-04-26,2206.3,1.0,-0.004377,-0.004377,4.502135,3.37164
2011-04-27,2206.7,1.0,0.000181,0.000181,4.502951,3.372251
2011-04-28,2208.35,1.0,0.000748,0.000748,4.506318,3.374773
2011-04-29,2192.36,1.0,-0.007241,-0.007241,4.47369,3.350337
2011-05-02,2228.96,1.0,0.016694,0.016694,4.548375,3.406269
2011-05-03,2200.73,1.0,-0.012665,-0.012665,4.490769,3.363128
2011-05-04,2180.64,1.0,-0.009129,-0.009129,4.449774,3.332427
2011-05-06,2147.45,1.0,-0.01522,-0.01522,4.382047,3.281706
2011-05-09,2139.17,1.0,-0.003856,-0.003856,4.365151,3.269053
2011-05-11,2166.63,1.0,0.012837,0.012837,4.421185,3.311017
2011-05-12,2122.65,1.0,-0.020299,-0.020299,4.331441,3.243807
2011-05-13,2120.08,1.0,-0.001211,-0.001211,4.326196,3.23988
2011-05-16,2104.18,1.0,-0.0075,-0.0075,4.293751,3.215581
2011-05-17,2102.41,1.0,-0.000841,-0.000841,4.290139,3.212877
2011-05-18,2135.78,1.0,0.015872,0.015872,4.358233,3.263872
2011-05-19,2095.51,1.0,-0.018855,-0.018855,4.276059,3.202332
2011-05-20,2111.5,1.0,0.007631,0.007631,4.308688,3.226768
2011-05-23,2055.71,1.0,-0.026422,-0.026422,4.194844,3.14151
2011-05-24,2061.76,1.0,0.002943,0.002943,4.20719,3.150756
2011-05-25,2035.87,1.0,-0.012557,-0.012557,4.154359,3.111191
2011-05-26,2091.91,1.0,0.027526,0.027526,4.268713,3.196831
2011-05-27,2100.24,1.0,0.003982,0.003982,4.285711,3.20956
2011-05-30,2093.79,0.5,-0.001996,-0.003071,4.277156,3.199704
2011-05-31,2142.47,0.5,0.011664,0.02325,4.327045,3.274096
2011-06-01,2141.34,0.5,-0.000224,-0.000527,4.326074,3.272369
2011-06-02,2114.2,0.5,-0.006298,-0.012674,4.298829,3.230894
2011-06-03,2113.47,0.5,-0.000133,-0.000345,4.298256,3.229778
2011-06-07,2099.71,0.5,-0.003216,-0.006511,4.284433,3.20875
2011-06-08,2083.35,0.5,-0.003856,-0.007792,4.26791,3.183749
2011-06-09,2071.42,0.5,-0.002824,-0.005726,4.255858,3.165518
2011-06-10,2046.67,0.5,-0.005935,-0.011948,4.2306,3.127695
2011-06-13,2048.74,0.5,0.000545,0.001011,4.232905,3.130859
2011-06-14,2076.83,0.5,0.006895,0.013711,4.26209,3.173785
2011-06-15,2086.53,0.5,0.002375,0.004671,4.272211,3.188609
2011-06-16,2046.63,0.5,-0.009522,-0.019123,4.231531,3.127634
2011-06-17,2031.93,0.5,-0.003552,-0.007183,4.2165,3.10517
2011-06-20,2019.65,0.0,-0.000421,-0.006044,4.214723,3.086404
2011-06-21,2048.17,0.0,7.9e-05,0.014121,4.215055,3.129988
2011-06-22,2063.9,0.0,7.9e-05,0.00768,4.215386,3.154026
2011-06-23,2055.86,0.0,7.9e-05,-0.003896,4.215717,3.141739
2011-06-24,2090.81,0.0,7.9e-05,0.017,4.216048,3.19515
2011-06-27,2070.29,0.0,7.9e-05,-0.009814,4.21638,3.163791
2011-06-28,2062.91,0.0,7.9e-05,-0.003565,4.216711,3.152513
2011-06-29,2094.42,0.0,7.9e-05,0.015275,4.217042,3.200666
2011-06-30,2100.69,0.0,7.9e-05,0.002994,4.217374,3.210248
2011-07-01,2125.74,0.0,7.9e-05,0.011925,4.217705,3.248529
2011-07-04,2145.3,0.5,0.00414,0.009202,4.235167,3.27842
2011-07-05,2161.75,0.5,0.003873,0.007668,4.251571,3.303559
2011-07-06,2171.19,0.5,0.002223,0.004367,4.261021,3.317985
2011-07-07,2180.59,0.5,0.002204,0.004329,4.270412,3.33235
2011-07-08,2180.35,0.5,-1.6e-05,-0.00011,4.270345,3.331983
2011-07-11,2157.16,1.0,-0.011136,-0.010636,4.222791,3.296545
2011-07-12,2109.73,1.0,-0.021987,-0.021987,4.129943,3.224063
2011-07-13,2129.64,1.0,0.009437,0.009437,4.168918,3.254489
2011-07-14,2130.07,1.0,0.000202,0.000202,4.16976,3.255146
2011-07-15,2145.2,1.0,0.007103,0.007103,4.199378,3.278268
2011-07-18,2130.48,0.5,-0.003892,-0.006862,4.183036,3.255773
2011-07-19,2130.21,0.5,-2.4e-05,-0.000127,4.182935,3.25536
2011-07-20,2154.95,0.5,0.005846,0.011614,4.207389,3.293167
2011-07-21,2145.04,0.5,-0.00226,-0.004599,4.19788,3.278023
2011-07-22,2171.23,0.5,0.006144,0.01221,4.223672,3.318046
2011-07-25,2150.48,0.5,-0.004739,-0.009557,4.203656,3.286336
2011-07-26,2168.7,0.5,0.004276,0.008473,4.221629,3.31418
2011-07-27,2174.31,0.5,0.001333,0.002587,4.227255,3.322753
2011-07-28,2155.85,0.5,-0.004206,-0.00849,4.209476,3.294543
2011-07-29,2133.21,0.5,-0.005212,-0.010502,4.187539,3.259945
2011-08-01,2172.31,0.0,-0.000421,0.018329,4.185774,3.319697
2011-08-02,2121.27,0.0,7.9e-05,-0.023496,4.186103,3.241698
2011-08-03,2066.26,0.0,7.9e-05,-0.025933,4.186432,3.157633
2011-08-04,2018.47,0.0,7.9e-05,-0.023129,4.186761,3.0846
2011-08-05,1943.75,0.0,7.9e-05,-0.037018,4.18709,2.970414
2011-08-08,1869.45,0.0,7.9e-05,-0.038225,4.187419,2.85687
2011-08-09,1801.35,0.0,7.9e-05,-0.036428,4.187748,2.7528
2011-08-10,1806.24,0.0,7.9e-05,0.002715,4.188077,2.760273
2011-08-11,1817.44,0.0,7.9e-05,0.006201,4.188406,2.777389
2011-08-12,1793.31,0.0,7.9e-05,-0.013277,4.188735,2.740514
2011-08-16,1879.87,0.0,7.9e-05,0.048268,4.189064,2.872794
2011-08-17,1892.67,0.0,7.9e-05,0.006809,4.189394,2.892354
2011-08-18,1860.58,0.0,7.9e-05,-0.016955,4.189723,2.843315
2011-08-19,1744.88,0.0,7.9e-05,-0.062185,4.190052,2.666504
2011-08-22,1710.7,0.0,7.9e-05,-0.019589,4.190381,2.61427
2011-08-23,1776.68,0.0,7.9e-05,0.038569,4.190711,2.7151
2011-08-24,1754.78,0.0,7.9e-05,-0.012326,4.19104,2.681633
2011-08-25,1764.58,0.0,7.9e-05,0.005585,4.191369,2.696609
2011-08-26,1778.95,0.0,7.9e-05,0.008144,4.191699,2.718569
2011-08-29,1829.5,0.0,7.9e-05,0.028416,4.192028,2.795819
2011-08-30,1843.82,0.0,7.9e-05,0.007827,4.192358,2.817703
2011-08-31,1880.11,0.0,7.9e-05,0.019682,4.192687,2.87316
2011-09-01,1880.7,0.0,7.9e-05,0.000314,4.193016,2.874062
2011-09-02,1867.75,0.0,7.9e-05,-0.006886,4.193346,2.854272
2011-09-05,1785.83,0.0,7.9e-05,-0.04386,4.193676,2.729083
2011-09-06,1766.71,0.0,7.9e-05,-0.010707,4.194005,2.699864
2011-09-07,1833.46,0.0,7.9e-05,0.037782,4.194335,2.801871
2011-09-08,1846.64,0.0,7.9e-05,0.007189,4.194664,2.822012
2011-09-09,1812.93,0.0,7.9e-05,-0.018255,4.194994,2.770497
2011-09-14,1749.16,0.0,7.9e-05,-0.035175,4.195324,2.673044
2011-09-15,1774.08,0.0,7.9e-05,0.014247,4.195653,2.711127
2011-09-16,1840.1,0.0,7.9e-05,0.037214,4.195983,2.812018
2011-09-19,1820.94,0.0,7.9e-05,-0.010412,4.196313,2.782738
2011-09-20,1837.97,0.0,7.9e-05,0.009352,4.196643,2.808763
2011-09-21,1854.28,0.0,7.9e-05,0.008874,4.196972,2.833687
2011-09-22,1800.55,0.0,7.9e-05,-0.028976,4.197302,2.751578
2011-09-23,1697.44,0.0,7.9e-05,-0.057266,4.197632,2.594006
2011-09-26,1652.71,0.0,7.9e-05,-0.026351,4.197962,2.525651
2011-09-27,1735.71,0.0,7.9e-05,0.050221,4.198292,2.65249
2011-09-28,1723.09,0.0,7.9e-05,-0.007271,4.198622,2.633204
2011-09-29,1769.29,0.0,7.9e-05,0.026812,4.198952,2.703807
2011-09-30,1769.65,0.0,7.9e-05,0.000203,4.199282,2.704357
2011-10-03,1706.19,0.0,7.9e-05,-0.03586,4.199612,2.607378
2011-10-04,1706.19,0.0,7.9e-05,0.0,4.199942,2.607378
2011-10-05,1666.52,0.0,7.9e-05,-0.023251,4.200272,2.546755
2011-10-06,1710.32,0.0,7.9e-05,0.026282,4.200602,2.61369
2011-10-07,1759.77,0.0,7.9e-05,0.028913,4.200932,2.689258
2011-10-11,1795.02,0.0,7.9e-05,0.020031,4.201262,2.743127
2011-10-12,1809.5,0.0,7.9e-05,0.008067,4.201592,2.765255
2011-10-13,1823.1,0.0,7.9e-05,0.007516,4.201922,2.786038
2011-10-14,1835.4,0.0,7.9e-05,0.006747,4.202253,2.804835
2011-10-17,1865.18,0.0,7.9e-05,0.016225,4.202583,2.850345
2011-10-18,1838.9,0.0,7.9e-05,-0.01409,4.202913,2.810184
2011-10-19,1855.92,0.0,7.9e-05,0.009256,4.203243,2.836194
2011-10-20,1805.09,0.0,7.9e-05,-0.027388,4.203574,2.758516
2011-10-21,1838.38,0.0,7.9e-05,0.018442,4.203904,2.809389
2011-10-24,1898.32,0.0,7.9e-05,0.032605,4.204234,2.900989
2011-10-25,1888.65,0.0,7.9e-05,-0.005094,4.204565,2.886211
2011-10-26,1894.31,0.0,7.9e-05,0.002997,4.204895,2.894861
2011-10-27,1922.04,0.0,7.9e-05,0.014639,4.205226,2.937237
2011-10-28,1929.48,0.0,7.9e-05,0.003871,4.205556,2.948607
2011-10-31,1909.03,0.5,-0.00576,-0.010599,4.181332,2.917356
2011-11-01,1909.63,0.5,0.000196,0.000314,4.182153,2.918273
2011-11-02,1898.01,0.5,-0.003003,-0.006085,4.169593,2.900515
2011-11-03,1869.96,0.5,-0.00735,-0.014779,4.138947,2.857649
2011-11-04,1928.41,0.5,0.015668,0.031257,4.203796,2.946972
2011-11-07,1919.1,0.5,-0.002375,-0.004828,4.193813,2.932744
2011-11-08,1903.14,0.5,-0.004119,-0.008316,4.176539,2.908355
2011-11-09,1907.53,0.5,0.001193,0.002307,4.18152,2.915063
2011-11-10,1813.25,0.5,-0.024673,-0.049425,4.078349,2.770986
2011-11-11,1863.45,0.5,0.013882,0.027685,4.134964,2.847701
2011-11-14,1902.81,0.0,-0.000421,0.021122,4.133221,2.90785
2011-11-15,1886.12,0.0,7.9e-05,-0.008771,4.133546,2.882345
2011-11-16,1856.07,0.0,7.9e-05,-0.015932,4.133871,2.836423
2011-11-17,1876.67,0.0,7.9e-05,0.011099,4.134196,2.867903
2011-11-18,1839.17,0.0,7.9e-05,-0.019982,4.13452,2.810596
2011-11-21,1820.03,0.0,7.9e-05,-0.010407,4.134845,2.781347
2011-11-22,1826.28,0.0,7.9e-05,0.003434,4.13517,2.790898
2011-11-23,1783.1,0.0,7.9e-05,-0.023644,4.135495,2.724911
2011-11-24,1795.06,0.0,7.9e-05,0.006707,4.13582,2.743188
2011-11-25,1776.4,0.0,7.9e-05,-0.010395,4.136145,2.714672
2011-11-28,1815.28,0.0,7.9e-05,0.021887,4.13647,2.774088
2011-11-29,1856.52,0.0,7.9e-05,0.022718,4.136795,2.837111
2011-11-30,1847.51,0.0,7.9e-05,-0.004853,4.13712,2.823342
2011-12-01,1916.18,0.0,7.9e-05,0.037169,4.137446,2.928282
2011-12-02,1916.04,0.0,7.9e-05,-7.3e-05,4.137771,2.928068
2011-12-05,1922.9,0.5,0.001329,0.00358,4.143272,2.938552
2011-12-06,1902.82,0.5,-0.005182,-0.010443,4.121801,2.907866
2011-12-07,1919.42,0.5,0.004401,0.008724,4.139942,2.933233
2011-12-08,1912.39,0.5,-0.001792,-0.003663,4.132524,2.92249
2011-12-09,1874.75,0.5,-0.009802,-0.019682,4.092017,2.864969
2011-12-12,1899.76,0.5,0.00671,0.01334,4.119473,2.903189
2011-12-13,1864.06,0.5,-0.009357,-0.018792,4.080928,2.848633
2011-12-14,1857.75,0.5,-0.001653,-0.003385,4.074182,2.83899
2011-12-15,1819.11,0.5,-0.01036,-0.020799,4.031972,2.779941
2011-12-16,1839.96,0.5,0.00577,0.011462,4.055237,2.811804
2011-12-19,1776.93,0.5,-0.017089,-0.034256,3.985937,2.715482
2011-12-20,1793.06,0.5,0.004578,0.009077,4.004185,2.740132
2011-12-21,1848.41,0.5,0.015474,0.030869,4.066145,2.824717
2011-12-22,1847.49,0.5,-0.00021,-0.000498,4.065293,2.823311
2011-12-23,1867.22,0.5,0.005379,0.010679,4.08716,2.853462
2011-12-27,1842.02,0.5,-0.006709,-0.013496,4.05974,2.814952
2011-12-28,1825.12,0.5,-0.004548,-0.009175,4.041276,2.789125
2011-12-29,1825.74,0.5,0.000209,0.00034,4.042122,2.790073
2012-01-02,1826.37,0.5,0.000212,0.000345,4.042978,2.791036
2012-01-03,1875.41,0.5,0.013465,0.026851,4.097416,2.865978
2012-01-04,1866.22,0.5,-0.002411,-0.0049,4.087538,2.851934
2012-01-05,1863.74,0.5,-0.000625,-0.001329,4.084982,2.848144
2012-01-06,1843.14,0.5,-0.005487,-0.011053,4.062567,2.816663
2012-01-09,1826.49,0.0,-0.000421,-0.009033,4.060855,2.791219
2012-01-10,1853.22,0.0,7.9e-05,0.014635,4.061174,2.832067
2012-01-11,1845.55,0.0,7.9e-05,-0.004139,4.061493,2.820346
2012-01-12,1864.57,0.0,7.9e-05,0.010306,4.061813,2.849412
2012-01-13,1875.68,0.0,7.9e-05,0.005958,4.062132,2.866391
2012-01-16,1859.27,0.0,7.9e-05,-0.008749,4.062451,2.841313
2012-01-17,1892.74,0.0,7.9e-05,0.018002,4.06277,2.892461
2012-01-18,1892.39,0.0,7.9e-05,-0.000185,4.06309,2.891927
2012-01-19,1914.97,0.0,7.9e-05,0.011932,4.063409,2.926433
2012-01-20,1949.89,0.0,7.9e-05,0.018235,4.063728,2.979797
2012-01-25,1952.23,0.5,0.000139,0.0012,4.064294,2.983373
2012-01-26,1957.18,0.5,0.001307,0.002536,4.069607,2.990938
2012-01-27,1964.83,0.5,0.001994,0.003909,4.07772,3.002628
2012-01-30,1940.55,0.5,-0.006139,-0.012357,4.052685,2.965524
2012-01-31,1955.79,0.5,0.003966,0.007853,4.068758,2.988814
2012-02-01,1959.24,0.5,0.000921,0.001764,4.072507,2.994086
2012-02-02,1984.3,0.5,0.006435,0.012791,4.098712,3.032382
2012-02-03,1972.34,0.5,-0.002974,-0.006027,4.086521,3.014105
2012-02-06,1973.13,1.0,-9.9e-05,0.000401,4.086114,3.015312
2012-02-07,1981.59,1.0,0.004288,0.004288,4.103634,3.028241
2012-02-08,2003.73,1.0,0.011173,0.011173,4.149483,3.062075
2012-02-09,2014.62,1.0,0.005435,0.005435,4.172035,3.078717
2012-02-10,1993.71,1.0,-0.010379,-0.010379,4.128733,3.046763
2012-02-13,2005.74,1.0,0.006034,0.006034,4.153646,3.065147
2012-02-14,2002.64,1.0,-0.001546,-0.001546,4.147226,3.060409
2012-02-15,2025.32,1.0,0.011325,0.011325,4.194194,3.095069
2012-02-16,1997.45,1.0,-0.013761,-0.013761,4.136478,3.052478
2012-02-17,2023.47,1.0,0.013027,0.013027,4.190363,3.092241
2012-02-20,2024.9,1.0,0.000707,0.000707,4.193324,3.094427
2012-02-21,2024.24,1.0,-0.000326,-0.000326,4.191957,3.093418
2012-02-22,2028.65,1.0,0.002179,0.002179,4.20109,3.100157
2012-02-23,2007.8,1.0,-0.010278,-0.010278,4.157912,3.068295
2012-02-24,2019.89,1.0,0.006022,0.006022,4.182949,3.08677
2012-02-27,1991.16,1.0,-0.014224,-0.014224,4.123452,3.042866
2012-02-28,2003.69,1.0,0.006293,0.006293,4.149401,3.062014
2012-02-29,2030.25,1.0,0.013256,0.013256,4.204403,3.102603
2012-03-02,2034.63,1.0,0.002157,0.002157,4.213474,3.109296
2012-03-05,2016.06,1.0,-0.009127,-0.009127,4.175017,3.080918
2012-03-06,2000.36,1.0,-0.007787,-0.007787,4.142504,3.056925
2012-03-07,1982.15,1.0,-0.009103,-0.009103,4.104794,3.029097
2012-03-08,2000.76,1.0,0.009389,0.009389,4.143333,3.057536
2012-03-09,2018.3,1.0,0.008767,0.008767,4.179656,3.084341
2012-03-12,2002.5,1.0,-0.007828,-0.007828,4.146936,3.060195
2012-03-13,2025.04,1.0,0.011256,0.011256,4.193614,3.094641
2012-03-14,2045.08,1.0,0.009896,0.009896,4.235114,3.125266
2012-03-15,2043.76,1.0,-0.000645,-0.000645,4.232381,3.123248
2012-03-16,2034.44,1.0,-0.00456,-0.00456,4.21308,3.109006
2012-03-19,2047.0,1.0,0.006174,0.006174,4.23909,3.1282
2012-03-20,2042.15,1.0,-0.002369,-0.002369,4.229047,3.120788
2012-03-21,2027.23,1.0,-0.007306,-0.007306,4.198149,3.097987
2012-03-22,2026.12,1.0,-0.000548,-0.000548,4.19585,3.096291
2012-03-23,2026.83,1.0,0.00035,0.00035,4.197321,3.097376
2012-03-26,2019.19,1.0,-0.003769,-0.003769,4.181499,3.085701
2012-03-27,2039.76,1.0,0.010187,0.010187,4.224097,3.117136
2012-03-28,2031.74,1.0,-0.003932,-0.003932,4.207489,3.10488
2012-03-29,2014.41,1.0,-0.00853,-0.00853,4.1716,3.078396
2012-03-30,2014.04,1.0,-0.000184,-0.000184,4.170834,3.077831
2012-04-02,2029.29,1.0,0.007572,0.007572,4.202415,3.101135
2012-04-03,2049.28,1.0,0.009851,0.009851,4.243812,3.131684
2012-04-04,2018.61,1.0,-0.014966,-0.014966,4.180298,3.084814
2012-04-05,2028.77,1.0,0.005033,0.005033,4.201338,3.100341
2012-04-06,2029.03,1.0,0.000128,0.000128,4.201877,3.100738
2012-04-09,1997.08,1.0,-0.015746,-0.015746,4.135712,3.051913
2012-04-10,1994.41,1.0,-0.001337,-0.001337,4.130183,3.047832
2012-04-12,1986.63,1.0,-0.003901,-0.003901,4.114071,3.035943
2012-04-13,2008.91,1.0,0.011215,0.011215,4.160211,3.069991
2012-04-16,1992.63,0.5,-0.004513,-0.008104,4.141437,3.045112
2012-04-17,1985.3,0.5,-0.0018,-0.003679,4.133982,3.03391
2012-04-18,2004.53,0.5,0.004882,0.009686,4.154166,3.063298
2012-04-19,1999.86,0.5,-0.001126,-0.00233,4.14949,3.056161
2012-04-20,1974.65,0.5,-0.006264,-0.012606,4.123499,3.017635
2012-04-23,1972.63,0.0,-0.000421,-0.001023,4.121762,3.014548
2012-04-24,1963.42,0.0,7.9e-05,-0.004669,4.122086,3.000474
2012-04-25,1961.98,0.0,7.9e-05,-0.000733,4.122409,2.998273
2012-04-26,1964.04,0.0,7.9e-05,0.00105,4.122733,3.001421
2012-04-27,1975.35,0.0,7.9e-05,0.005759,4.123057,3.018705
2012-04-30,1981.99,0.5,0.00122,0.003361,4.128088,3.028852
2012-05-02,1999.07,0.5,0.004348,0.008618,4.146037,3.054954
2012-05-03,1995.11,0.5,-0.000951,-0.001981,4.142093,3.048902
2012-05-04,1989.15,0.5,-0.001454,-0.002987,4.136069,3.039794
2012-05-07,1956.44,0.0,-0.000421,-0.016444,4.134326,2.989807
2012-05-08,1967.01,0.0,7.9e-05,0.005403,4.134651,3.00596
2012-05-09,1950.29,0.0,7.9e-05,-0.0085,4.134976,2.980409
2012-05-10,1944.93,0.0,7.9e-05,-0.002748,4.135301,2.972218
2012-05-11,1917.13,0.0,7.9e-05,-0.014294,4.135626,2.929734
2012-05-14,1913.73,0.0,7.9e-05,-0.001773,4.135951,2.924538
2012-05-15,1898.96,0.0,7.9e-05,-0.007718,4.136276,2.901967
2012-05-16,1840.53,0.0,7.9e-05,-0.030769,4.136601,2.812675
2012-05-17,1845.24,0.0,7.9e-05,0.002559,4.136926,2.819873
2012-05-18,1782.46,0.0,7.9e-05,-0.034023,4.137251,2.723933
2012-05-21,1799.13,0.0,7.9e-05,0.009352,4.137576,2.749408
2012-05-22,1828.69,0.0,7.9e-05,0.01643,4.137901,2.794581
2012-05-23,1808.62,0.0,7.9e-05,-0.010975,4.138227,2.76391
2012-05-24,1814.47,0.0,7.9e-05,0.003235,4.138552,2.77285
2012-05-25,1824.17,0.0,7.9e-05,0.005346,4.138877,2.787674
2012-05-29,1849.91,0.0,7.9e-05,0.014111,4.139202,2.827009
2012-05-30,1844.86,0.0,7.9e-05,-0.00273,4.139528,2.819292
2012-05-31,1843.47,0.0,7.9e-05,-0.000753,4.139853,2.817168
2012-06-01,1834.51,0.0,7.9e-05,-0.00486,4.140178,2.803475
2012-06-04,1783.13,0.0,7.9e-05,-0.028007,4.140504,2.724957
2012-06-05,1801.85,0.0,7.9e-05,0.010498,4.140829,2.753564
2012-06-07,1847.95,0.0,7.9e-05,0.025585,4.141154,2.824014
2012-06-08,1835.64,0.0,7.9e-05,-0.006661,4.14148,2.805202
2012-06-11,1867.04,0.0,7.9e-05,0.017106,4.141805,2.853187
2012-06-12,1854.74,0.0,7.9e-05,-0.006588,4.142131,2.83439
2012-06-13,1859.32,0.0,7.9e-05,0.002469,4.142456,2.841389
2012-06-14,1871.48,0.0,7.9e-05,0.00654,4.142782,2.859972
2012-06-15,1858.16,0.0,7.9e-05,-0.007117,4.143107,2.839617
2012-06-18,1891.71,0.0,7.9e-05,0.018055,4.143433,2.890887
2012-06-19,1891.77,0.0,7.9e-05,3.2e-05,4.143759,2.890979
2012-06-20,1904.12,0.0,7.9e-05,0.006528,4.144084,2.909852
2012-06-21,1889.15,0.0,7.9e-05,-0.007862,4.14441,2.886975
2012-06-22,1847.39,0.0,7.9e-05,-0.022105,4.144736,2.823158
2012-06-25,1825.38,0.0,7.9e-05,-0.011914,4.145061,2.789523
2012-06-26,1817.81,0.0,7.9e-05,-0.004147,4.145387,2.777954
2012-06-27,1817.65,0.0,7.9e-05,-8.8e-05,4.145713,2.77771
2012-06-28,1819.18,0.0,7.9e-05,0.000842,4.146039,2.780048
2012-06-29,1854.01,0.0,7.9e-05,0.019146,4.146364,2.833275
2012-07-02,1851.65,0.0,7.9e-05,-0.001273,4.14669,2.829668
2012-07-03,1867.82,0.0,7.9e-05,0.008733,4.147016,2.854379
2012-07-04,1874.45,0.0,7.9e-05,0.00355,4.147342,2.864511
2012-07-05,1875.49,0.0,7.9e-05,0.000555,4.147668,2.8661
2012-07-06,1858.2,0.0,7.9e-05,-0.009219,4.147994,2.839678
2012-07-09,1836.13,0.0,7.9e-05,-0.011877,4.14832,2.805951
2012-07-10,1829.45,0.0,7.9e-05,-0.003638,4.148646,2.795742
2012-07-11,1826.39,0.0,7.9e-05,-0.001673,4.148972,2.791066
2012-07-12,1785.39,0.0,7.9e-05,-0.022449,4.149298,2.728411
2012-07-13,1812.89,0.0,7.9e-05,0.015403,4.149624,2.770436
2012-07-16,1817.79,0.0,7.9e-05,0.002703,4.14995,2.777924
2012-07-17,1821.96,0.0,7.9e-05,0.002294,4.150276,2.784296
2012-07-18,1794.91,0.0,7.9e-05,-0.014847,4.150602,2.742959
2012-07-19,1822.96,0.0,7.9e-05,0.015628,4.150929,2.785825
2012-07-20,1822.93,0.0,7.9e-05,-1.6e-05,4.151255,2.785779
2012-07-23,1789.44,0.0,7.9e-05,-0.018372,4.151581,2.7346
2012-07-24,1793.93,0.0,7.9e-05,0.002509,4.151907,2.741461
2012-07-25,1769.31,0.0,7.9e-05,-0.013724,4.152233,2.703837
2012-07-26,1782.47,0.0,7.9e-05,0.007438,4.15256,2.723948
2012-07-27,1829.16,0.0,7.9e-05,0.026194,4.152886,2.795299
2012-07-30,1843.79,0.0,7.9e-05,0.007998,4.153212,2.817657
2012-07-31,1881.99,0.0,7.9e-05,0.020718,4.153539,2.876033
2012-08-01,1879.93,0.0,7.9e-05,-0.001095,4.153865,2.872885
2012-08-02,1869.4,0.0,7.9e-05,-0.005601,4.154192,2.856794
2012-08-03,1848.68,0.0,7.9e-05,-0.011084,4.154518,2.82513
2012-08-06,1885.88,0.0,7.9e-05,0.020122,4.154845,2.881978
2012-08-07,1886.8,0.0,7.9e-05,0.000488,4.155171,2.883384
2012-08-08,1903.23,0.0,7.9e-05,0.008708,4.155498,2.908492
2012-08-09,1940.59,0.0,7.9e-05,0.01963,4.155824,2.965585
2012-08-10,1946.4,0.0,7.9e-05,0.002994,4.156151,2.974464
2012-08-13,1932.44,1.0,-0.008172,-0.007172,4.122186,2.95313
2012-08-14,1956.96,1.0,0.012689,0.012689,4.174491,2.990602
2012-08-16,1957.91,1.0,0.000485,0.000485,4.176517,2.992053
2012-08-17,1946.54,1.0,-0.005807,-0.005807,4.152263,2.974678
2012-08-20,1946.31,1.0,-0.000118,-0.000118,4.151773,2.974326
2012-08-21,1943.22,1.0,-0.001588,-0.001588,4.145181,2.969604
2012-08-22,1935.19,1.0,-0.004132,-0.004132,4.128052,2.957333
2012-08-23,1942.54,1.0,0.003798,0.003798,4.143731,2.968565
2012-08-24,1919.81,1.0,-0.011701,-0.011701,4.095244,2.933829
2012-08-27,1917.87,1.0,-0.001011,-0.001011,4.091106,2.930865
2012-08-28,1916.33,1.0,-0.000803,-0.000803,4.087821,2.928511
2012-08-29,1928.54,1.0,0.006372,0.006372,4.113867,2.947171
2012-08-30,1906.38,1.0,-0.011491,-0.011491,4.066596,2.913306
2012-08-31,1905.12,1.0,-0.000661,-0.000661,4.063908,2.91138
2012-09-03,1912.71,0.5,0.001531,0.003984,4.070131,2.922979
2012-09-04,1907.13,0.5,-0.001419,-0.002917,4.064354,2.914452
2012-09-05,1874.03,0.5,-0.008639,-0.017356,4.029244,2.863869
2012-09-06,1881.24,0.5,0.001963,0.003847,4.037153,2.874887
2012-09-07,1929.58,0.5,0.012887,0.025696,4.08918,2.94876
2012-09-10,1924.7,0.5,-0.001225,-0.002529,4.08417,2.941302
2012-09-11,1920.0,0.5,-0.001182,-0.002442,4.079344,2.93412
2012-09-12,1950.03,0.5,0.00786,0.015641,4.111406,2.980011
2012-09-13,1950.69,0.5,0.000209,0.000338,4.112263,2.98102
2012-09-14,2007.58,0.5,0.014621,0.029164,4.17239,3.067958
2012-09-17,2002.35,1.0,-0.003105,-0.002605,4.159434,3.059966
2012-09-18,2004.96,1.0,0.001303,0.001303,4.164856,3.063955
2012-09-19,2007.88,1.0,0.001456,0.001456,4.170922,3.068417
2012-09-20,1990.33,1.0,-0.008741,-0.008741,4.134465,3.041597
2012-09-21,2002.37,1.0,0.006049,0.006049,4.159476,3.059997
2012-09-24,2003.44,1.0,0.000534,0.000534,4.161698,3.061632
2012-09-25,1991.41,1.0,-0.006005,-0.006005,4.136709,3.043248
2012-09-26,1980.44,1.0,-0.005509,-0.005509,4.113921,3.026483
2012-09-27,1988.7,1.0,0.004171,0.004171,4.131079,3.039106
2012-09-28,1996.21,1.0,0.003776,0.003776,4.14668,3.050583
2012-10-02,1996.03,1.0,-9e-05,-9e-05,4.146306,3.050308
2012-10-04,1992.68,1.0,-0.001678,-0.001678,4.139347,3.045189
2012-10-05,1995.17,1.0,0.00125,0.00125,4.144519,3.048994
2012-10-08,1981.89,1.0,-0.006656,-0.006656,4.116933,3.028699
2012-10-09,1979.04,1.0,-0.001438,-0.001438,4.111013,3.024344
2012-10-10,1948.22,1.0,-0.015573,-0.015573,4.046991,2.977245
2012-10-11,1933.09,1.0,-0.007766,-0.007766,4.015562,2.954124
2012-10-12,1933.26,1.0,8.8e-05,8.8e-05,4.015915,2.954384
2012-10-15,1925.59,1.0,-0.003967,-0.003967,3.999983,2.942662
2012-10-16,1941.54,1.0,0.008283,0.008283,4.033115,2.967037
2012-10-17,1955.15,1.0,0.00701,0.00701,4.061387,2.987836
2012-10-18,1959.12,1.0,0.002031,0.002031,4.069634,2.993903
2012-10-19,1943.84,1.0,-0.007799,-0.007799,4.037893,2.970552
2012-10-22,1941.59,1.0,-0.001158,-0.001158,4.033219,2.967113
2012-10-23,1926.81,1.0,-0.007612,-0.007612,4.002517,2.944527
2012-10-24,1913.96,1.0,-0.006669,-0.006669,3.975824,2.92489
2012-10-25,1924.5,1.0,0.005507,0.005507,3.997718,2.940997
2012-10-26,1891.43,1.0,-0.017184,-0.017184,3.929023,2.89046
2012-10-29,1891.52,0.5,-0.000437,4.8e-05,3.927306,2.890597
2012-10-30,1899.58,0.5,0.00217,0.004261,3.935828,2.902914
2012-10-31,1912.06,0.5,0.003324,0.00657,3.948911,2.921986
2012-11-01,1898.44,0.5,-0.003522,-0.007123,3.935002,2.901172
2012-11-02,1918.72,0.5,0.005381,0.010682,3.956174,2.932164
2012-11-05,1908.22,0.5,-0.002697,-0.005472,3.945505,2.916118
2012-11-06,1928.17,0.5,0.005267,0.010455,3.966285,2.946605
2012-11-07,1937.55,0.5,0.002472,0.004865,3.976088,2.96094
2012-11-08,1914.41,0.5,-0.005932,-0.011943,3.952501,2.925577
2012-11-09,1904.41,0.5,-0.002572,-0.005224,3.942333,2.910295
2012-11-12,1900.87,0.5,-0.00089,-0.001859,3.938824,2.904886
2012-11-13,1889.7,0.5,-0.002899,-0.005876,3.927406,2.887816
2012-11-14,1894.04,0.5,0.001188,0.002297,3.932071,2.894448
2012-11-15,1870.72,0.5,-0.006117,-0.012312,3.908019,2.858811
2012-11-16,1860.83,0.5,-0.002604,-0.005287,3.897842,2.843697
2012-11-19,1878.1,0.5,0.00468,0.009281,3.916083,2.870089
2012-11-20,1890.18,0.5,0.003255,0.006432,3.928831,2.888549
2012-11-21,1884.04,0.5,-0.001585,-0.003248,3.922604,2.879166
2012-11-22,1899.5,0.5,0.004142,0.008206,3.938852,2.902792
2012-11-23,1911.33,0.5,0.003153,0.006228,3.951272,2.92087
2012-11-26,1908.51,1.0,-0.001975,-0.001475,3.943467,2.916561
2012-11-27,1925.2,1.0,0.008745,0.008745,3.977953,2.942066
2012-11-28,1912.78,1.0,-0.006451,-0.006451,3.95229,2.923086
2012-11-29,1934.85,1.0,0.011538,0.011538,3.997892,2.956813
2012-11-30,1932.9,1.0,-0.001008,-0.001008,3.993863,2.953833
2012-12-03,1940.02,1.0,0.003684,0.003684,4.008574,2.964714
2012-12-04,1935.18,1.0,-0.002495,-0.002495,3.998574,2.957318
2012-12-05,1947.04,1.0,0.006129,0.006129,4.02308,2.975442
2012-12-06,1949.62,1.0,0.001325,0.001325,4.028411,2.979385
2012-12-07,1957.45,1.0,0.004016,0.004016,4.044589,2.99135
2012-12-10,1957.42,1.0,-1.5e-05,-1.5e-05,4.044527,2.991305
2012-12-11,1964.62,1.0,0.003678,0.003678,4.059404,3.002308
2012-12-12,1975.44,1.0,0.005507,0.005507,4.081761,3.018843
2012-12-13,2002.77,1.0,0.013835,0.013835,4.138232,3.060608
2012-12-14,1995.04,1.0,-0.00386,-0.00386,4.12226,3.048795
2012-12-17,1983.07,1.0,-0.006,-0.006,4.097527,3.030503
2012-12-18,1993.09,1.0,0.005053,0.005053,4.118231,3.045815
2012-12-20,1999.5,1.0,0.003216,0.003216,4.131475,3.055611
2012-12-21,1980.42,1.0,-0.009542,-0.009542,4.092051,3.026453
2012-12-24,1981.82,1.0,0.000707,0.000707,4.094944,3.028592
2012-12-26,1982.25,1.0,0.000217,0.000217,4.095832,3.02925
2012-12-27,1987.35,1.0,0.002573,0.002573,4.10637,3.037043
2012-12-28,1997.05,1.0,0.004881,0.004881,4.126413,3.051867
2013-01-02,2031.1,1.0,0.01705,0.01705,4.196769,3.103901
2013-01-03,2019.41,1.0,-0.005756,-0.005756,4.172614,3.086037
2013-01-04,2011.94,1.0,-0.003699,-0.003699,4.157179,3.074621
2013-01-07,2011.25,1.0,-0.000343,-0.000343,4.155754,3.073567
2013-01-08,1997.94,1.0,-0.006618,-0.006618,4.128252,3.053227
2013-01-09,1991.81,1.0,-0.003068,-0.003068,4.115586,3.043859
2013-01-10,2006.8,1.0,0.007526,0.007526,4.146559,3.066767
2013-01-11,1996.67,1.0,-0.005048,-0.005048,4.125628,3.051286
2013-01-14,2007.04,1.0,0.005194,0.005194,4.147055,3.067133
2013-01-15,1983.74,1.0,-0.011609,-0.011609,4.098911,3.031527
2013-01-16,1977.45,1.0,-0.003171,-0.003171,4.085914,3.021914
2013-01-17,1974.27,1.0,-0.001608,-0.001608,4.079344,3.017055
2013-01-18,1987.85,1.0,0.006878,0.006878,4.107403,3.037807
2013-01-21,1986.86,1.0,-0.000498,-0.000498,4.105358,3.036294
2013-01-22,1996.52,1.0,0.004862,0.004862,4.125318,3.051057
2013-01-23,1980.41,1.0,-0.008069,-0.008069,4.09203,3.026438
2013-01-24,1964.48,1.0,-0.008044,-0.008044,4.059115,3.002094
2013-01-25,1946.69,1.0,-0.009056,-0.009056,4.022356,2.974907
2013-01-28,1939.71,1.0,-0.003586,-0.003586,4.007934,2.96424
2013-01-29,1955.96,1.0,0.008378,0.008378,4.041511,2.989073
2013-01-30,1964.43,1.0,0.00433,0.00433,4.059012,3.002017
2013-01-31,1961.94,1.0,-0.001268,-0.001268,4.053867,2.998212
2013-02-01,1957.79,1.0,-0.002115,-0.002115,4.045292,2.99187
2013-02-04,1953.21,1.0,-0.002339,-0.002339,4.035828,2.984871
2013-02-05,1938.18,1.0,-0.007695,-0.007695,4.004773,2.961902
2013-02-06,1936.19,1.0,-0.001027,-0.001027,4.000661,2.958861
2013-02-07,1931.77,1.0,-0.002283,-0.002283,3.991528,2.952107
2013-02-08,1950.9,1.0,0.009903,0.009903,4.031055,2.981341
2013-02-12,1945.79,1.0,-0.002619,-0.002619,4.020497,2.973532
2013-02-13,1976.07,1.0,0.015562,0.015562,4.083063,3.019805
2013-02-14,1979.61,1.0,0.001791,0.001791,4.090377,3.025215
2013-02-15,1981.18,1.0,0.000793,0.000793,4.093622,3.027614
2013-02-18,1981.91,1.0,0.000368,0.000368,4.09513,3.02873
2013-02-19,1985.83,1.0,0.001978,0.001978,4.10323,3.03472
2013-02-20,2024.64,1.0,0.019543,0.019543,4.183421,3.094029
2013-02-21,2015.22,1.0,-0.004653,-0.004653,4.163957,3.079634
2013-02-22,2018.89,1.0,0.001821,0.001821,4.17154,3.085242
2013-02-25,2009.52,1.0,-0.004641,-0.004641,4.152179,3.070923
2013-02-26,2000.01,1.0,-0.004732,-0.004732,4.132529,3.05639
2013-02-27,2004.04,1.0,0.002015,0.002015,4.140856,3.062549
2013-02-28,2026.49,1.0,0.011202,0.011202,4.187243,3.096857
2013-03-04,2013.15,1.0,-0.006583,-0.006583,4.15968,3.07647
2013-03-05,2016.61,1.0,0.001719,0.001719,4.166829,3.081758
2013-03-06,2020.74,1.0,0.002048,0.002048,4.175363,3.088069
2013-03-07,2004.4,1.0,-0.008086,-0.008086,4.1416,3.063099
2013-03-08,2006.01,1.0,0.000803,0.000803,4.144927,3.065559
2013-03-11,2003.35,1.0,-0.001326,-0.001326,4.13943,3.061494
2013-03-12,1993.34,1.0,-0.004997,-0.004997,4.118747,3.046197
2013-03-13,1999.73,1.0,0.003206,0.003206,4.131951,3.055962
2013-03-14,2002.13,1.0,0.0012,0.0012,4.13691,3.05963
2013-03-15,1986.5,1.0,-0.007807,-0.007807,4.104614,3.035744
2013-03-18,1968.18,0.5,-0.005072,-0.009222,4.083796,3.007748
2013-03-19,1978.56,0.5,0.002676,0.005274,4.094725,3.02361
2013-03-20,1959.41,0.5,-0.0048,-0.009679,4.07507,2.994346
2013-03-21,1950.82,0.5,-0.002153,-0.004384,4.066298,2.981219
2013-03-22,1948.71,0.5,-0.000502,-0.001082,4.064259,2.977994
2013-03-25,1977.67,0.0,-0.000421,0.014861,4.062546,3.02225
2013-03-26,1983.7,0.0,7.9e-05,0.003049,4.062865,3.031465
2013-03-27,1993.44,0.0,7.9e-05,0.00491,4.063184,3.04635
2013-03-28,1993.52,0.0,7.9e-05,4e-05,4.063504,3.046472
2013-03-29,2004.89,0.0,7.9e-05,0.005703,4.063823,3.063848
2013-04-01,1995.99,0.5,-0.00268,-0.004439,4.052931,3.050247
2013-04-02,1986.15,0.5,-0.002426,-0.00493,4.0431,3.035209
2013-04-03,1983.22,0.5,-0.000698,-0.001475,4.040277,3.030732
2013-04-04,1959.45,0.5,-0.005953,-0.011986,4.016223,2.994407
2013-04-05,1927.23,0.5,-0.008182,-0.016443,3.98336,2.945169
2013-04-08,1918.69,0.0,-0.000421,-0.004431,3.981682,2.932118
2013-04-09,1920.74,0.0,7.9e-05,0.001068,3.981995,2.935251
2013-04-10,1935.58,0.0,7.9e-05,0.007726,3.982308,2.957929
2013-04-11,1949.8,0.0,7.9e-05,0.007347,3.982621,2.97966
2013-04-12,1924.23,0.0,7.9e-05,-0.013114,3.982934,2.940584
2013-04-15,1920.45,0.0,7.9e-05,-0.001964,3.983247,2.934808
2013-04-16,1922.21,0.0,7.9e-05,0.000916,3.98356,2.937497
2013-04-17,1923.84,0.0,7.9e-05,0.000848,3.983873,2.939988
2013-04-18,1900.06,0.0,7.9e-05,-0.012361,3.984186,2.903648
2013-04-19,1906.75,0.0,7.9e-05,0.003521,3.984499,2.913871
2013-04-22,1926.31,0.0,7.9e-05,0.010258,3.984812,2.943763
2013-04-23,1918.63,0.0,7.9e-05,-0.003987,3.985125,2.932026
2013-04-24,1935.31,0.0,7.9e-05,0.008694,3.985438,2.957516
2013-04-25,1951.6,0.0,7.9e-05,0.008417,3.985751,2.982411
2013-04-26,1944.56,0.0,7.9e-05,-0.003607,3.986065,2.971652
2013-04-29,1940.7,0.0,7.9e-05,-0.001985,3.986378,2.965753
2013-04-30,1963.95,0.0,7.9e-05,0.01198,3.986691,3.001284
2013-05-02,1957.21,0.0,7.9e-05,-0.003432,3.987004,2.990984
2013-05-03,1965.71,0.0,7.9e-05,0.004343,3.987318,3.003973
2013-05-06,1961.48,0.5,-0.001537,-0.002152,3.981191,2.997509
2013-05-07,1954.35,0.5,-0.001778,-0.003635,3.974111,2.986613
2013-05-08,1956.45,0.5,0.000577,0.001075,3.976403,2.989822
2013-05-09,1979.45,0.5,0.005917,0.011756,3.999932,3.024971
2013-05-10,1944.75,0.5,-0.008726,-0.01753,3.96503,2.971942
2013-05-13,1948.7,0.5,0.001055,0.002031,3.969212,2.977979
2013-05-14,1968.83,0.5,0.005204,0.01033,3.989869,3.008741
2013-05-15,1971.26,0.5,0.000656,0.001234,3.992488,3.012455
2013-05-16,1986.81,0.5,0.003983,0.007888,4.008392,3.036218
2013-05-20,1982.43,1.0,-0.002705,-0.002205,3.997551,3.029525
2013-05-21,1981.09,1.0,-0.000676,-0.000676,3.994849,3.027477
2013-05-22,1993.83,1.0,0.006431,0.006431,4.020539,3.046946
2013-05-23,1969.19,1.0,-0.012358,-0.012358,3.970853,3.009291
2013-05-24,1973.45,1.0,0.002163,0.002163,3.979443,3.015801
2013-05-27,1979.97,1.0,0.003304,0.003304,3.99259,3.025765
2013-05-28,1986.22,1.0,0.003157,0.003157,4.005194,3.035316
2013-05-29,2001.2,1.0,0.007542,0.007542,4.035401,3.058209
2013-05-30,2000.1,1.0,-0.00055,-0.00055,4.033182,3.056528
2013-05-31,2001.05,1.0,0.000475,0.000475,4.035098,3.057979
2013-06-03,1989.57,1.0,-0.005737,-0.005737,4.011949,3.040436
2013-06-04,1989.51,1.0,-3e-05,-3e-05,4.011828,3.040344
2013-06-05,1959.19,1.0,-0.01524,-0.01524,3.950688,2.99401
2013-06-07,1923.85,1.0,-0.018038,-0.018038,3.879425,2.940003
2013-06-10,1932.7,0.5,0.001839,0.0046,3.886561,2.953528
2013-06-11,1920.68,0.5,-0.00307,-0.006219,3.874628,2.935159
2013-06-12,1909.91,0.5,-0.002764,-0.005607,3.863917,2.9187
2013-06-13,1882.73,0.5,-0.007076,-0.014231,3.836575,2.877164
2013-06-14,1889.24,0.5,0.001768,0.003458,3.843358,2.887113
2013-06-17,1883.1,0.5,-0.001586,-0.00325,3.837264,2.87773
2013-06-18,1900.62,0.5,0.004691,0.009304,3.855265,2.904504
2013-06-19,1888.31,0.5,-0.003199,-0.006477,3.842932,2.885692
2013-06-20,1850.49,0.5,-0.009975,-0.020028,3.804599,2.827896
2013-06-21,1822.83,0.5,-0.007434,-0.014947,3.776314,2.785626
2013-06-24,1799.01,0.0,-0.000421,-0.013068,3.774722,2.749224
2013-06-25,1780.63,0.0,7.9e-05,-0.010217,3.775019,2.721136
2013-06-26,1783.45,0.0,7.9e-05,0.001584,3.775316,2.725446
2013-06-27,1834.7,0.0,7.9e-05,0.028736,3.775612,2.803765
2013-06-28,1863.32,0.0,7.9e-05,0.015599,3.775909,2.847502
2013-07-01,1855.73,0.5,-0.002497,-0.004073,3.766479,2.835903
2013-07-02,1855.02,0.5,-0.000152,-0.000383,3.765907,2.834818
2013-07-03,1824.66,0.5,-0.008144,-0.016366,3.735237,2.788422
2013-07-04,1839.14,0.5,0.004007,0.007936,3.750205,2.810551
2013-07-05,1833.31,0.5,-0.001546,-0.00317,3.744408,2.801641
2013-07-08,1816.85,0.5,-0.00445,-0.008978,3.727746,2.776487
2013-07-09,1830.35,0.5,0.003755,0.00743,3.741742,2.797118
2013-07-10,1824.16,0.5,-0.001652,-0.003382,3.735562,2.787658
2013-07-11,1877.6,0.5,0.014687,0.029296,3.790427,2.869325
2013-07-12,1869.98,0.5,-0.00199,-0.004058,3.782884,2.85768
2013-07-15,1875.16,1.0,0.00227,0.00277,3.791472,2.865596
2013-07-16,1866.36,1.0,-0.004693,-0.004693,3.773679,2.852148
2013-07-17,1887.49,1.0,0.011322,0.011322,3.816402,2.884438
2013-07-18,1875.48,1.0,-0.006363,-0.006363,3.792119,2.866085
2013-07-19,1871.41,1.0,-0.00217,-0.00217,3.78389,2.859865
2013-07-22,1880.35,1.0,0.004777,0.004777,3.801966,2.873527
2013-07-23,1904.15,1.0,0.012657,0.012657,3.850088,2.909898
2013-07-24,1912.08,1.0,0.004165,0.004165,3.866122,2.922017
2013-07-25,1909.61,1.0,-0.001292,-0.001292,3.861128,2.918242
2013-07-26,1910.81,1.0,0.000628,0.000628,3.863554,2.920076
2013-07-29,1899.89,1.0,-0.005715,-0.005715,3.841475,2.903388
2013-07-30,1917.05,1.0,0.009032,0.009032,3.876171,2.929612
2013-07-31,1914.03,1.0,-0.001575,-0.001575,3.870065,2.924997
2013-08-01,1920.74,1.0,0.003506,0.003506,3.883632,2.935251
2013-08-02,1923.38,1.0,0.001374,0.001374,3.88897,2.939285
2013-08-05,1916.22,1.0,-0.003723,-0.003723,3.874493,2.928343
2013-08-06,1906.62,1.0,-0.00501,-0.00501,3.855082,2.913673
2013-08-07,1878.33,1.0,-0.014838,-0.014838,3.797881,2.87044
2013-08-08,1883.97,1.0,0.003003,0.003003,3.809285,2.879059
2013-08-09,1880.71,1.0,-0.00173,-0.00173,3.802694,2.874077
2013-08-12,1884.83,0.5,0.000635,0.002191,3.805107,2.880373
2013-08-13,1913.03,0.5,0.00752,0.014962,3.833722,2.923468
2013-08-14,1923.91,0.5,0.002883,0.005687,3.844774,2.940095
2013-08-16,1920.11,0.5,-0.000948,-0.001975,3.841128,2.934288
2013-08-19,1917.64,1.0,-0.001786,-0.001286,3.834266,2.930513
2013-08-20,1887.85,1.0,-0.015535,-0.015535,3.774702,2.884989
2013-08-21,1867.46,1.0,-0.010801,-0.010801,3.733933,2.853829
2013-08-22,1849.12,1.0,-0.009821,-0.009821,3.697263,2.825802
2013-08-23,1870.16,1.0,0.011378,0.011378,3.739331,2.857955
2013-08-26,1887.86,0.5,0.004272,0.009464,3.755304,2.885004
2013-08-27,1885.84,0.5,-0.000496,-0.00107,3.753443,2.881917
2013-08-28,1884.52,0.5,-0.000311,-0.0007,3.752276,2.8799
2013-08-29,1907.54,0.5,0.006147,0.012215,3.775341,2.915079
2013-08-30,1926.36,0.5,0.004972,0.009866,3.794114,2.943839
2013-09-02,1924.81,0.5,-0.000363,-0.000805,3.792736,2.94147
2013-09-03,1933.74,0.5,0.002359,0.004639,3.801684,2.955117
2013-09-04,1933.03,0.5,-0.000144,-0.000367,3.801135,2.954032
2013-09-05,1951.65,0.5,0.004856,0.009633,3.819592,2.982487
2013-09-06,1955.31,0.5,0.000977,0.001875,3.823323,2.98808
2013-09-09,1974.67,1.0,0.009401,0.009901,3.859267,3.017666
2013-09-10,1994.06,1.0,0.009819,0.009819,3.897163,3.047297
2013-09-11,2003.85,1.0,0.00491,0.00491,3.916296,3.062258
2013-09-12,2004.06,1.0,0.000105,0.000105,3.916707,3.062579
2013-09-13,1994.32,1.0,-0.00486,-0.00486,3.897671,3.047695
2013-09-16,2013.37,1.0,0.009552,0.009552,3.934902,3.076807
2013-09-17,2005.58,1.0,-0.003869,-0.003869,3.919677,3.064902
2013-09-23,2009.41,1.0,0.00191,0.00191,3.927163,3.070755
2013-09-24,2007.1,1.0,-0.00115,-0.00115,3.922648,3.067225
2013-09-25,1998.06,1.0,-0.004504,-0.004504,3.90498,3.05341
2013-09-26,2007.32,1.0,0.004634,0.004634,3.923078,3.067561
2013-09-27,2011.8,1.0,0.002232,0.002232,3.931834,3.074407
2013-09-30,1996.96,1.0,-0.007376,-0.007376,3.90283,3.051729
2013-10-01,1998.87,1.0,0.000956,0.000956,3.906563,3.054648
2013-10-02,1999.47,1.0,0.0003,0.0003,3.907736,3.055565
2013-10-04,1996.98,1.0,-0.001245,-0.001245,3.90287,3.05176
2013-10-07,1994.42,1.0,-0.001282,-0.001282,3.897866,3.047848
2013-10-08,2002.76,1.0,0.004182,0.004182,3.914166,3.060593
2013-10-10,2001.4,1.0,-0.000679,-0.000679,3.911508,3.058514
2013-10-11,2024.9,1.0,0.011742,0.011742,3.957436,3.094427
2013-10-14,2020.27,1.0,-0.002287,-0.002287,3.948387,3.087351
2013-10-15,2040.96,1.0,0.010241,0.010241,3.988823,3.118969
2013-10-16,2034.61,1.0,-0.003111,-0.003111,3.976413,3.109265
2013-10-17,2040.61,1.0,0.002949,0.002949,3.988139,3.118435
2013-10-18,2052.4,1.0,0.005778,0.005778,4.011182,3.136452
2013-10-21,2053.01,1.0,0.000297,0.000297,4.012374,3.137384
2013-10-22,2056.12,1.0,0.001515,0.001515,4.018452,3.142137
2013-10-23,2035.75,1.0,-0.009907,-0.009907,3.978641,3.111008
2013-10-24,2046.69,1.0,0.005374,0.005374,4.000022,3.127726
2013-10-25,2034.39,1.0,-0.00601,-0.00601,3.975983,3.108929
2013-10-28,2048.14,1.0,0.006759,0.006759,4.002856,3.129942
2013-10-29,2051.76,1.0,0.001767,0.001767,4.009931,3.135474
2013-10-30,2059.58,1.0,0.003811,0.003811,4.025214,3.147424
2013-10-31,2030.09,1.0,-0.014318,-0.014318,3.967579,3.102358
2013-11-01,2039.42,1.0,0.004596,0.004596,3.985814,3.116616
2013-11-04,2025.17,1.0,-0.006987,-0.006987,3.957964,3.094839
2013-11-05,2013.93,1.0,-0.00555,-0.00555,3.935996,3.077662
2013-11-06,2013.67,1.0,-0.000129,-0.000129,3.935488,3.077265
2013-11-07,2004.04,1.0,-0.004782,-0.004782,3.916668,3.062549
2013-11-08,1984.87,1.0,-0.009566,-0.009566,3.879202,3.033253
2013-11-11,1977.3,1.0,-0.003814,-0.003814,3.864407,3.021685
2013-11-12,1995.48,1.0,0.009194,0.009194,3.899938,3.049467
2013-11-13,1963.56,1.0,-0.015996,-0.015996,3.837554,3.000688
2013-11-14,1967.56,1.0,0.002037,0.002037,3.845372,3.0068
2013-11-15,2005.64,1.0,0.019354,0.019354,3.919795,3.064994
2013-11-18,2010.81,1.0,0.002578,0.002578,3.929899,3.072895
2013-11-19,2031.64,1.0,0.010359,0.010359,3.970609,3.104727
2013-11-20,2017.24,1.0,-0.007088,-0.007088,3.942465,3.082721
2013-11-21,1993.78,1.0,-0.01163,-0.01163,3.896616,3.04687
2013-11-22,2006.23,1.0,0.006244,0.006244,3.920948,3.065895
2013-11-25,2015.98,1.0,0.00486,0.00486,3.940003,3.080795
2013-11-26,2022.64,1.0,0.003304,0.003304,3.953019,3.090973
2013-11-27,2028.81,1.0,0.00305,0.00305,3.965078,3.100402
2013-11-28,2045.77,1.0,0.00836,0.00836,3.998224,3.12632
2013-11-29,2044.87,1.0,-0.00044,-0.00044,3.996465,3.124945
2013-12-02,2030.78,1.0,-0.00689,-0.00689,3.968928,3.103412
2013-12-03,2009.36,1.0,-0.010548,-0.010548,3.927065,3.070679
2013-12-04,1986.8,1.0,-0.011227,-0.011227,3.882974,3.036203
2013-12-05,1984.77,1.0,-0.001022,-0.001022,3.879006,3.033101
2013-12-06,1980.41,1.0,-0.002197,-0.002197,3.870485,3.026438
2013-12-09,2000.38,0.5,0.004581,0.010084,3.888217,3.056956
2013-12-10,1993.45,0.5,-0.001693,-0.003464,3.881634,3.046365
2013-12-11,1977.97,0.5,-0.003843,-0.007765,3.866716,3.022709
2013-12-12,1967.93,0.5,-0.002499,-0.005076,3.857054,3.007366
2013-12-13,1962.91,0.5,-0.001236,-0.002551,3.852286,2.999694
2013-12-16,1961.15,0.5,-0.000409,-0.000897,3.85071,2.997005
2013-12-17,1965.74,0.5,0.00121,0.00234,3.855368,3.004019
2013-12-18,1974.63,0.5,0.002301,0.004522,3.864237,3.017605
2013-12-19,1975.65,0.5,0.000298,0.000517,3.865387,3.019163
2013-12-20,1983.35,0.5,0.001988,0.003897,3.873072,3.030931
2013-12-23,1996.89,0.5,0.003453,0.006827,3.886444,3.051622
2013-12-24,2001.59,0.5,0.001216,0.002354,3.891171,3.058805
2013-12-26,1999.3,0.5,-0.000533,-0.001144,3.889098,3.055305
2013-12-27,2002.28,0.5,0.000785,0.001491,3.892149,3.059859
2013-12-30,2011.34,1.0,0.004025,0.004525,3.907814,3.073704
2014-01-02,1967.19,1.0,-0.021951,-0.021951,3.822036,3.006235
2014-01-03,1946.14,1.0,-0.010701,-0.010701,3.781138,2.974067
2014-01-06,1953.28,0.5,0.001374,0.003669,3.786332,2.984978
2014-01-07,1959.44,0.5,0.001616,0.003154,3.792451,2.994392
2014-01-08,1958.96,0.5,-8.3e-05,-0.000245,3.792136,2.993658
2014-01-09,1946.11,0.5,-0.003241,-0.00656,3.779847,2.974021
2014-01-10,1938.54,0.5,-0.001906,-0.00389,3.772644,2.962452
2014-01-13,1948.92,0.5,0.002717,0.005355,3.782893,2.978315
2014-01-14,1946.07,0.5,-0.000692,-0.001462,3.780275,2.97396
2014-01-15,1953.28,0.5,0.001892,0.003705,3.787427,2.984978
2014-01-16,1957.32,0.5,0.001073,0.002068,3.791492,2.991152
2014-01-17,1944.48,0.5,-0.003241,-0.00656,3.779205,2.97153
2014-01-20,1953.78,0.5,0.002431,0.004783,3.788391,2.985742
2014-01-21,1963.89,0.5,0.002627,0.005175,3.798342,3.001192
2014-01-22,1970.42,0.5,0.001702,0.003325,3.804806,3.011171
2014-01-23,1947.59,0.5,-0.005754,-0.011586,3.782913,2.976283
2014-01-24,1940.56,0.5,-0.001766,-0.00361,3.776235,2.965539
2014-01-27,1910.34,0.0,-0.000421,-0.015573,3.774643,2.919358
2014-01-28,1916.93,0.0,7.9e-05,0.00345,3.77494,2.929428
2014-01-29,1941.15,0.0,7.9e-05,0.012635,3.775237,2.966441
2014-02-03,1919.96,0.0,7.9e-05,-0.010916,3.775533,2.934059
2014-02-04,1886.85,0.0,7.9e-05,-0.017245,3.77583,2.88346
2014-02-05,1891.32,0.0,7.9e-05,0.002369,3.776127,2.890291
2014-02-06,1907.89,0.0,7.9e-05,0.008761,3.776423,2.915613
2014-02-07,1922.5,0.0,7.9e-05,0.007658,3.77672,2.93794
2014-02-10,1923.3,0.0,7.9e-05,0.000416,3.777017,2.939163
2014-02-11,1932.06,0.0,7.9e-05,0.004555,3.777314,2.95255
2014-02-12,1935.84,0.0,7.9e-05,0.001956,3.777611,2.958326
2014-02-13,1926.96,0.0,7.9e-05,-0.004587,3.777908,2.944756
2014-02-14,1940.28,0.0,7.9e-05,0.006912,3.778204,2.965111
2014-02-18,1946.91,0.0,7.9e-05,0.003417,3.778501,2.975243
2014-02-19,1942.93,0.0,7.9e-05,-0.002044,3.778798,2.969161
2014-02-20,1930.57,0.0,7.9e-05,-0.006362,3.779095,2.950273
2014-02-21,1957.83,0.0,7.9e-05,0.01412,3.779392,2.991931
2014-02-24,1949.05,0.0,7.9e-05,-0.004485,3.779689,2.978514
2014-02-25,1964.86,0.0,7.9e-05,0.008112,3.779986,3.002674
2014-02-26,1970.77,0.0,7.9e-05,0.003008,3.780283,3.011706
2014-02-27,1978.43,0.0,7.9e-05,0.003887,3.78058,3.023412
2014-02-28,1979.99,0.0,7.9e-05,0.000789,3.780877,3.025796
2014-03-03,1964.69,0.5,-0.004324,-0.007727,3.764528,3.002415
2014-03-04,1954.11,0.5,-0.002653,-0.005385,3.754539,2.986246
2014-03-05,1971.24,0.5,0.004422,0.008766,3.771143,3.012424
2014-03-06,1975.62,0.5,0.00115,0.002222,3.775481,3.019118
2014-03-07,1974.68,0.5,-0.000199,-0.000476,3.774731,3.017681
2014-03-10,1954.42,0.5,-0.005091,-0.01026,3.755515,2.98672
2014-03-11,1963.87,0.5,0.002457,0.004835,3.764742,3.001161
2014-03-12,1932.54,0.5,-0.007937,-0.015953,3.73486,2.953283
2014-03-14,1932.54,0.5,3.9e-05,0.0,3.735007,2.953283
2014-03-17,1920.282875,0.0,-0.000421,-0.006342,3.733433,2.934552
2014-03-18,1925.492153,0.0,7.9e-05,0.002713,3.733727,2.942513
2014-03-19,1934.174283,0.0,7.9e-05,0.004509,3.73402,2.955781
2014-03-20,1908.434321,0.0,7.9e-05,-0.013308,3.734313,2.916445
2014-03-21,1924.368584,0.0,7.9e-05,0.008349,3.734607,2.940796
2014-03-24,1924.368584,0.0,7.9e-05,0.0,3.7349,2.940796
2014-03-25,1935.399996,0.0,7.9e-05,0.005732,3.735194,2.957654
2014-03-26,1963.182812,0.0,7.9e-05,0.014355,3.735487,3.000111
2014-03-27,1972.17137,0.0,7.9e-05,0.004579,3.735781,3.013847
2014-03-28,1974.622795,0.0,7.9e-05,0.001243,3.736075,3.017594
2014-03-31,1979.117074,0.5,0.000677,0.002276,3.738605,3.024462
2014-04-01,1990.965628,0.5,0.003033,0.005987,3.749943,3.042569
2014-04-02,1996.277049,0.5,0.001373,0.002668,3.755092,3.050685
2014-04-03,1997.911332,0.5,0.000449,0.000819,3.756777,3.053183
2014-04-04,2003.631323,0.5,0.001471,0.002863,3.762302,3.061924
2014-04-07,1996.685619,1.0,-0.003967,-0.003467,3.747379,3.05131
2014-04-08,2009.964171,1.0,0.00665,0.00665,3.7723,3.071602
2014-04-09,2009.964171,1.0,0.0,0.0,3.7723,3.071602
2014-04-10,2009.964171,1.0,0.0,0.0,3.7723,3.071602
2014-04-11,1999.137044,1.0,-0.005387,-0.005387,3.75198,3.055056
2014-04-14,2006.491319,1.0,0.003679,0.003679,3.765782,3.066295
2014-04-15,1997.09419,1.0,-0.004683,-0.004683,3.748146,3.051934
2014-04-16,2002.405611,1.0,0.00266,0.00266,3.758114,3.060051
2014-04-17,1999.137044,1.0,-0.001632,-0.001632,3.75198,3.055056
2014-04-18,2014.662736,1.0,0.007766,0.007766,3.781118,3.078782
2014-04-21,2011.80274,1.0,-0.00142,-0.00142,3.775751,3.074412
2014-04-22,2010.577027,1.0,-0.000609,-0.000609,3.77345,3.072539
2014-04-23,2008.125603,1.0,-0.001219,-0.001219,3.76885,3.068792
2014-04-24,2002.405611,1.0,-0.002848,-0.002848,3.758114,3.060051
2014-04-25,1974.214224,1.0,-0.014079,-0.014079,3.705205,3.016969
2014-04-28,1978.912789,1.0,0.00238,0.00238,3.714023,3.02415
2014-04-29,1976.461364,1.0,-0.001239,-0.001239,3.709422,3.020403
2014-04-30,1954.602825,1.0,-0.011059,-0.011059,3.668398,2.986999
2014-05-02,1957.054249,1.0,0.001254,0.001254,3.672999,2.990746
2014-05-07,1930.497146,1.0,-0.01357,-0.01357,3.623156,2.950161
2014-05-08,1941.937129,1.0,0.005926,0.005926,3.644627,2.967644
2014-05-09,1943.162841,1.0,0.000631,0.000631,3.646927,2.969517
2014-05-12,1957.46282,0.5,0.003219,0.007359,3.658666,2.99137
2014-05-13,1986.062778,0.5,0.007345,0.014611,3.685538,3.035076
2014-05-14,2017.114161,0.5,0.007857,0.015635,3.714494,3.082528
2014-05-15,2015.479877,0.5,-0.000366,-0.00081,3.713135,3.080031
2014-05-16,2015.888448,0.5,0.000141,0.000203,3.713657,3.080655
2014-05-19,2016.297019,1.0,-0.000297,0.000203,3.712553,3.08128
2014-05-20,2015.071307,1.0,-0.000608,-0.000608,3.710296,3.079407
2014-05-21,2017.522732,1.0,0.001217,0.001217,3.71481,3.083153
2014-05-22,2025.694148,1.0,0.00405,0.00405,3.729856,3.09564
2014-05-23,2023.651294,1.0,-0.001008,-0.001008,3.726094,3.092518
2014-05-26,2017.931302,1.0,-0.002827,-0.002827,3.715562,3.083777
2014-05-27,1995.664192,1.0,-0.011035,-0.011035,3.674563,3.049749
2014-05-28,2021.199869,1.0,0.012796,0.012796,3.721581,3.088772
2014-05-29,2017.522732,1.0,-0.001819,-0.001819,3.71481,3.083153
2014-05-30,2008.329888,1.0,-0.004557,-0.004557,3.697884,3.069104
2014-06-02,2004.448465,1.0,-0.001933,-0.001933,3.690737,3.063173
2014-06-03,2005.265607,1.0,0.000408,0.000408,3.692241,3.064422
2014-06-05,1991.374199,1.0,-0.006927,-0.006927,3.666663,3.043193
2014-06-09,1992.19134,1.0,0.00041,0.00041,3.668168,3.044442
2014-06-10,2014.254165,1.0,0.011075,0.011075,3.708792,3.078158
2014-06-11,2011.80274,1.0,-0.001217,-0.001217,3.704278,3.074412
2014-06-12,2005.265607,1.0,-0.003249,-0.003249,3.692241,3.064422
2014-06-13,1975.031366,1.0,-0.015077,-0.015077,3.636572,3.018218
2014-06-16,1982.589926,1.0,0.003827,0.003827,3.650489,3.029769
2014-06-17,1990.965628,1.0,0.004225,0.004225,3.665911,3.042569
2014-06-18,1978.708503,1.0,-0.006156,-0.006156,3.643342,3.023837
2014-06-19,1983.611353,1.0,0.002478,0.002478,3.65237,3.03133
2014-06-20,1952.1514,1.0,-0.01586,-0.01586,3.594444,2.983253
2014-06-23,1963.591383,0.5,0.002469,0.00586,3.60332,3.000736
2014-06-24,1988.105632,0.5,0.006281,0.012484,3.625954,3.038198
2014-06-25,1972.579941,0.5,-0.003865,-0.007809,3.611938,3.014472
2014-06-26,1988.922774,0.5,0.004182,0.008285,3.627043,3.039447
2014-06-27,1984.019924,0.5,-0.001193,-0.002465,3.622715,3.031954
2014-06-30,1986.87992,0.5,0.00076,0.001442,3.625468,3.036325
2014-07-01,1987.28849,0.5,0.000142,0.000206,3.625983,3.036949
2014-07-02,2003.222753,0.5,0.004048,0.008018,3.640663,3.0613
2014-07-03,2002.201326,0.5,-0.000216,-0.00051,3.639877,3.059739
2014-07-04,1997.09419,0.5,-0.001236,-0.002551,3.635378,3.051934
2014-07-07,1985.245636,1.0,-0.006433,-0.005933,3.611992,3.033827
2014-07-08,1983.202782,1.0,-0.001029,-0.001029,3.608275,3.030706
2014-07-09,1974.214224,1.0,-0.004532,-0.004532,3.591921,3.016969
2014-07-10,1977.891362,1.0,0.001863,0.001863,3.598612,3.022589
2014-07-11,1960.322816,1.0,-0.008882,-0.008882,3.566647,2.995741
2014-07-14,1967.26852,0.0,-0.000921,0.003543,3.563361,3.006355
2014-07-15,1990.965628,0.0,7.9e-05,0.012046,3.563641,3.042569
2014-07-16,1994.234195,0.0,7.9e-05,0.001642,3.563921,3.047564
2014-07-17,1999.954186,0.0,7.9e-05,0.002868,3.564201,3.056305
2014-07-18,1997.09419,0.0,7.9e-05,-0.00143,3.564481,3.051934
2014-07-21,1997.502761,0.5,-0.000358,0.000205,3.563204,3.052559
2014-07-22,2012.211311,0.5,0.003721,0.007363,3.576462,3.075036
2014-07-23,2008.942744,0.5,-0.000773,-0.001624,3.573698,3.070041
2014-07-24,2012.619882,0.5,0.000954,0.00183,3.577109,3.07566
2014-07-25,2017.318446,0.5,0.001207,0.002335,3.581425,3.082841
2014-07-28,2035.908419,0.5,0.004647,0.009215,3.598068,3.11125
2014-07-29,2057.766958,0.5,0.005408,0.010737,3.617524,3.144654
2014-07-30,2094.946903,0.5,0.009073,0.018068,3.650347,3.201471
2014-07-31,2074.722647,0.5,-0.004788,-0.009654,3.632871,3.170565
2014-08-01,2064.508376,0.5,-0.002422,-0.004923,3.624071,3.154956
2014-08-04,2060.422668,0.5,-0.00095,-0.001979,3.620627,3.148712
2014-08-05,2048.574114,0.5,-0.002836,-0.005751,3.610359,3.130605
2014-08-06,2043.262693,0.5,-0.001257,-0.002593,3.605821,3.122488
2014-08-07,2030.596998,0.5,-0.00306,-0.006199,3.594787,3.103133
2014-08-08,2004.24418,0.5,-0.00645,-0.012978,3.571602,3.062861
2014-08-11,2018.748444,0.0,-0.000421,0.007237,3.570096,3.085026
2014-08-12,2016.297019,0.0,7.9e-05,-0.001214,3.570377,3.08128
2014-08-13,2031.41414,0.0,7.9e-05,0.007497,3.570658,3.104382
2014-08-14,2036.72556,0.0,7.9e-05,0.002615,3.570938,3.112498
2014-08-18,2020.791298,0.5,-0.004372,-0.007823,3.555324,3.088148
2014-08-19,2042.445552,0.5,0.005397,0.010716,3.574513,3.12124
2014-08-20,2037.746987,0.5,-0.001111,-0.0023,3.570542,3.114059
2014-08-21,2000.771328,0.5,-0.009033,-0.018145,3.538288,3.057554
2014-08-22,2017.114161,0.5,0.004123,0.008168,3.552878,3.082528
2014-08-25,2022.017011,0.5,0.001255,0.002431,3.557335,3.090021
2014-08-26,2031.005569,0.5,0.002262,0.004445,3.565382,3.103757
2014-08-27,2032.639852,0.5,0.000442,0.000805,3.566956,3.106255
2014-08-28,2035.091277,0.5,0.000642,0.001206,3.569247,3.110001
2014-08-29,2024.877006,0.5,-0.00247,-0.005019,3.560431,3.094392
2014-09-01,2023.242723,0.5,-0.000364,-0.000807,3.559134,3.091894
2014-09-02,2003.631323,0.5,-0.004807,-0.009693,3.542024,3.061924
2014-09-03,1999.137044,0.5,-0.001082,-0.002243,3.538191,3.055056
2014-09-04,2003.631323,0.5,0.001163,0.002248,3.542307,3.061924
2014-09-05,1995.051336,0.5,-0.002102,-0.004282,3.534862,3.048812
2014-09-11,1987.697061,0.5,-0.001804,-0.003686,3.528485,3.037574
2014-09-12,1996.277049,0.5,0.002198,0.004317,3.536239,3.050685
2014-09-15,1990.148486,0.5,-0.001496,-0.00307,3.53095,3.04132
2014-09-16,1994.234195,0.5,0.001066,0.002053,3.534713,3.047564
2014-09-17,2016.70559,0.5,0.005673,0.011268,3.554767,3.081904
2014-09-18,2006.491319,0.5,-0.002493,-0.005065,3.545905,3.066295
2014-09-19,2011.598455,0.5,0.001312,0.002545,3.550557,3.074099
2014-09-22,1984.837066,0.5,-0.006612,-0.013304,3.527079,3.033203
2014-09-23,1976.665649,0.5,-0.002019,-0.004117,3.519957,3.020716
2014-09-24,1976.665649,0.5,3.9e-05,0.0,3.520095,3.020716
2014-09-25,1975.031366,0.5,-0.000374,-0.000827,3.518778,3.018218
2014-09-26,1968.902803,0.5,-0.001512,-0.003103,3.513457,3.008852
2014-09-29,1961.548529,0.0,-0.000421,-0.003735,3.511977,2.997614
2014-09-30,1950.108545,0.0,7.9e-05,-0.005832,3.512253,2.980131
2014-10-01,1927.63715,0.0,7.9e-05,-0.011523,3.512529,2.945791
2014-10-02,1899.445763,0.0,7.9e-05,-0.014625,3.512805,2.902709
2014-10-06,1900.058619,0.0,7.9e-05,0.000323,3.513081,2.903646
2014-10-07,1897.81148,0.0,7.9e-05,-0.001183,3.513357,2.900212
2014-10-08,1894.951484,0.0,7.9e-05,-0.001507,3.513633,2.895841
2014-10-10,1859.814393,0.0,7.9e-05,-0.018542,3.513909,2.842145
2014-10-13,1850.62155,0.0,7.9e-05,-0.004943,3.514185,2.828097
2014-10-14,1859.405822,0.0,7.9e-05,0.004747,3.514461,2.841521
2014-10-15,1853.27726,0.0,7.9e-05,-0.003296,3.514738,2.832155
2014-10-16,1841.224421,0.0,7.9e-05,-0.006504,3.515014,2.813736
2014-10-17,1817.323027,0.0,7.9e-05,-0.012981,3.51529,2.77721
2014-10-20,1844.288702,0.0,7.9e-05,0.014838,3.515566,2.818419
2014-10-21,1830.397294,0.0,7.9e-05,-0.007532,3.515842,2.79719
2014-10-22,1846.740127,0.0,7.9e-05,0.008929,3.516119,2.822165
2014-10-23,1846.331556,0.0,7.9e-05,-0.000221,3.516395,2.821541
2014-10-24,1838.56871,0.0,7.9e-05,-0.004204,3.516671,2.809678
2014-10-27,1849.191552,0.0,7.9e-05,0.005778,3.516948,2.825911
2014-10-28,1846.331556,0.0,7.9e-05,-0.001547,3.517224,2.821541
2014-10-29,1885.145784,0.0,7.9e-05,0.021022,3.517501,2.880856
2014-10-30,1883.511501,0.0,7.9e-05,-0.000867,3.517777,2.878359
2014-10-31,1893.317201,0.0,7.9e-05,0.005206,3.518053,2.893344
2014-11-03,1885.554355,0.0,7.9e-05,-0.0041,3.51833,2.88148
2014-11-04,1868.802951,0.0,7.9e-05,-0.008884,3.518606,2.855881
2014-11-05,1863.900101,0.0,7.9e-05,-0.002624,3.518883,2.848389
2014-11-06,1875.340085,0.0,7.9e-05,0.006138,3.519159,2.865871
2014-11-07,1876.565797,0.0,7.9e-05,0.000654,3.519436,2.867744
2014-11-10,1898.220051,0.0,7.9e-05,0.011539,3.519713,2.900836
2014-11-11,1896.585767,0.0,7.9e-05,-0.000861,3.519989,2.898339
2014-11-12,1903.531471,0.0,7.9e-05,0.003662,3.520266,2.908953
2014-11-13,1896.994338,0.0,7.9e-05,-0.003434,3.520542,2.898963
2014-11-14,1881.060076,0.0,7.9e-05,-0.0084,3.520819,2.874612
2014-11-17,1887.188638,0.0,7.9e-05,0.003258,3.521096,2.883978
2014-11-18,1901.488617,0.0,7.9e-05,0.007577,3.521372,2.905831
2014-11-19,1896.994338,0.0,7.9e-05,-0.002364,3.521649,2.898963
2014-11-20,1891.274347,0.0,7.9e-05,-0.003015,3.521926,2.890222
2014-11-21,1895.360055,0.0,7.9e-05,0.00216,3.522203,2.896465
2014-11-24,1917.014309,0.0,7.9e-05,0.011425,3.522479,2.929557
2014-11-25,1914.971455,0.0,7.9e-05,-0.001066,3.522756,2.926435
2014-11-26,1910.885746,0.0,7.9e-05,-0.002134,3.523033,2.920192
2014-11-27,1927.024294,0.0,7.9e-05,0.008446,3.52331,2.944854
2014-11-28,1923.960013,0.0,7.9e-05,-0.00159,3.523587,2.940171
2014-12-01,1902.305759,0.0,7.9e-05,-0.011255,3.523864,2.90708
2014-12-02,1903.940042,0.0,7.9e-05,0.000859,3.524141,2.909577
2014-12-03,1906.391467,0.0,7.9e-05,0.001288,3.524418,2.913323
2014-12-04,1930.497146,0.0,7.9e-05,0.012645,3.524695,2.950161
2014-12-05,1928.862863,0.0,7.9e-05,-0.000847,3.524972,2.947664
2014-12-08,1923.960013,0.0,7.9e-05,-0.002542,3.525249,2.940171
2014-12-09,1917.014309,0.0,7.9e-05,-0.00361,3.525526,2.929557
2014-12-10,1883.10293,0.0,7.9e-05,-0.01769,3.525803,2.877734
2014-12-11,1857.362968,0.0,7.9e-05,-0.013669,3.52608,2.838399
2014-12-12,1858.997252,0.0,7.9e-05,0.00088,3.526357,2.840896
2014-12-15,1866.760097,0.0,7.9e-05,0.004176,3.526634,2.852759
2014-12-16,1847.557268,0.0,7.9e-05,-0.010287,3.526911,2.823414
2014-12-17,1845.7187,0.0,7.9e-05,-0.000995,3.527188,2.820604
2014-12-18,1838.56871,0.0,7.9e-05,-0.003874,3.527465,2.809678
2014-12-19,1870.845805,0.0,7.9e-05,0.017556,3.527743,2.859003
2014-12-22,1884.124357,0.0,7.9e-05,0.007098,3.52802,2.879295
2014-12-23,1884.124357,0.0,7.9e-05,0.0,3.528297,2.879295
2014-12-24,1887.801495,0.0,7.9e-05,0.001952,3.528574,2.884914
2014-12-26,1887.801495,0.0,7.9e-05,0.0,3.528852,2.884914
2014-12-29,1880.651505,0.5,-0.002354,-0.003787,3.520543,2.873988
2014-12-30,1854.094402,0.5,-0.007021,-0.014121,3.495824,2.833404
2014-12-31,1862.061533,0.5,0.002188,0.004297,3.503473,2.845579
2015-01-02,1861.244391,0.5,-0.00018,-0.000439,3.502842,2.84433
2015-01-05,1859.201537,0.0,-0.000421,-0.001098,3.501365,2.841208
2015-01-06,1819.570167,0.0,7.9e-05,-0.021316,3.501641,2.780644
2015-01-07,1824.881588,0.0,7.9e-05,0.002919,3.501916,2.788761
2015-01-08,1849.600123,0.0,7.9e-05,0.013545,3.502191,2.826536
2015-01-09,1876.361512,0.0,7.9e-05,0.014469,3.502466,2.867432
2015-01-12,1869.007237,0.0,7.9e-05,-0.003919,3.502741,2.856193
2015-01-13,1880.242934,0.0,7.9e-05,0.006012,3.503017,2.873364
2015-01-14,1870.028664,0.0,7.9e-05,-0.005432,3.503292,2.857754
2015-01-15,1879.017222,0.0,7.9e-05,0.004807,3.503567,2.87149
2015-01-16,1846.331556,0.0,7.9e-05,-0.017395,3.503843,2.821541
2015-01-19,1844.492987,0.0,7.9e-05,-0.000996,3.504118,2.818731
2015-01-20,1884.737214,0.0,7.9e-05,0.021819,3.504393,2.880232
2015-01-21,1892.90863,0.0,7.9e-05,0.004336,3.504669,2.892719
2015-01-22,1844.492987,0.0,7.9e-05,-0.025577,3.504944,2.818731
2015-01-23,1910.068605,0.0,7.9e-05,0.035552,3.505219,2.918943
2015-01-26,1908.842892,0.0,7.9e-05,-0.000642,3.505495,2.91707
2015-01-27,1923.142871,0.0,7.9e-05,0.007491,3.50577,2.938923
2015-01-28,1923.551442,0.0,7.9e-05,0.000212,3.506046,2.939547
2015-01-29,1916.605738,0.0,7.9e-05,-0.003611,3.506321,2.928933
2015-01-30,1910.477175,0.0,7.9e-05,-0.003198,3.506597,2.919567
2015-02-02,1911.294317,0.0,7.9e-05,0.000428,3.506873,2.920816
2015-02-03,1844.492987,0.0,7.9e-05,-0.034951,3.507148,2.818731
2015-02-04,1920.691446,0.0,7.9e-05,0.041311,3.507424,2.935176
2015-02-05,1899.854334,0.0,7.9e-05,-0.010849,3.507699,2.903333
2015-02-06,1905.165755,0.0,7.9e-05,0.002796,3.507975,2.91145
2015-02-09,1901.488617,0.0,7.9e-05,-0.00193,3.508251,2.905831
2015-02-10,1889.640063,0.0,7.9e-05,-0.006231,3.508526,2.887724
2015-02-11,1893.725772,0.0,7.9e-05,0.002162,3.508802,2.893968
2015-02-12,1883.715786,0.0,7.9e-05,-0.005286,3.509078,2.878671
2015-02-13,1901.488617,0.0,7.9e-05,0.009435,3.509354,2.905831
2015-02-16,1905.165755,0.0,7.9e-05,0.001934,3.509629,2.91145
2015-02-17,1908.842892,0.0,7.9e-05,0.00193,3.509905,2.91707
2015-02-23,1914.767169,0.0,7.9e-05,0.003104,3.510181,2.926123
2015-02-24,1917.83145,0.0,7.9e-05,0.0016,3.510457,2.930806
2015-02-25,1925.185725,0.0,7.9e-05,0.003835,3.510733,2.942045
2015-02-26,1923.960013,0.0,7.9e-05,-0.000637,3.511009,2.940171
2015-02-27,1920.487161,0.0,7.9e-05,-0.001805,3.511285,2.934864
2015-03-02,1928.862863,0.5,0.00172,0.004361,3.517324,2.947664
2015-03-03,1938.668562,0.5,0.002581,0.005084,3.526402,2.962649
2015-03-04,1935.808567,0.5,-0.000698,-0.001475,3.52394,2.958278
2015-03-05,1937.44285,0.5,0.000461,0.000844,3.525566,2.960776
2015-03-06,1948.474262,0.5,0.002886,0.005694,3.535741,2.977634
2015-03-09,1925.594296,0.5,-0.005832,-0.011743,3.515121,2.942669
2015-03-10,1916.197167,0.5,-0.002401,-0.00488,3.506682,2.928308
2015-03-11,1915.380025,0.5,-0.000174,-0.000426,3.506072,2.92706
2015-03-12,1917.422879,0.5,0.000573,0.001067,3.508079,2.930182
2015-03-13,1924.368584,0.5,0.001851,0.003622,3.514571,2.940796
2015-03-16,1928.454292,0.0,-0.000421,0.002123,3.51309,2.94704
2015-03-17,1972.17137,0.0,7.9e-05,0.022669,3.513366,3.013847
2015-03-18,1976.665649,0.0,7.9e-05,0.002279,3.513642,3.020716
2015-03-19,1981.568499,0.0,7.9e-05,0.00248,3.513918,3.028208
2015-03-20,1977.891362,0.0,7.9e-05,-0.001856,3.514195,3.022589
2015-03-23,1978.708503,0.5,-0.000254,0.000413,3.513301,3.023837
2015-03-24,1980.342786,0.5,0.000452,0.000826,3.51489,3.026335
2015-03-25,1981.159928,0.5,0.000246,0.000413,3.515754,3.027584
2015-03-26,1958.279962,0.5,-0.005735,-0.011549,3.49559,2.992619
2015-03-27,1956.645679,0.5,-0.000378,-0.000835,3.494269,2.990121
2015-03-30,1957.46282,0.5,0.000248,0.000418,3.495136,2.99137
2015-03-31,1958.688533,0.5,0.000352,0.000626,3.496368,2.993243
2015-04-01,1943.162841,0.5,-0.003924,-0.007927,3.482648,2.969517
2015-04-02,1946.022837,0.5,0.000775,0.001472,3.485348,2.973888
2015-04-03,1961.139958,0.5,0.003923,0.007768,3.499022,2.996989
2015-04-06,1959.914245,0.5,-0.000273,-0.000625,3.498066,2.995116
2015-04-07,1956.645679,0.5,-0.000795,-0.001668,3.495287,2.990121
2015-04-08,1972.579941,0.5,0.004111,0.008144,3.509656,3.014472
2015-04-09,1969.311374,0.5,-0.000789,-0.001657,3.506886,3.009477
2015-04-10,1997.911332,0.5,0.007301,0.014523,3.532489,3.053183
2015-04-13,2012.211311,0.5,0.003618,0.007157,3.54527,3.075036
2015-04-14,2026.102719,0.5,0.003491,0.006904,3.557647,3.096265
2015-04-15,2033.048423,0.5,0.001753,0.003428,3.563884,3.106879
2015-04-16,2052.251252,0.5,0.004762,0.009445,3.580856,3.136225
2015-04-17,2051.025539,0.5,-0.000259,-0.000597,3.579927,3.134351
2015-04-20,2051.025539,1.0,-0.0005,0.0,3.578137,3.134351
2015-04-21,2049.799827,1.0,-0.000598,-0.000598,3.575999,3.132478
2015-04-22,2059.196956,1.0,0.004584,0.004584,3.592392,3.146839
2015-04-23,2090.248338,1.0,0.015079,0.015079,3.646563,3.194291
2015-04-24,2074.722647,1.0,-0.007428,-0.007428,3.619478,3.170565
2015-04-27,2070.636939,1.0,-0.001969,-0.001969,3.61235,3.164321
2015-04-28,2060.014097,1.0,-0.00513,-0.00513,3.593818,3.148088
2015-04-29,2050.616968,1.0,-0.004562,-0.004562,3.577424,3.133727
2015-04-30,2043.262693,1.0,-0.003586,-0.003586,3.564594,3.122488
2015-05-04,2051.025539,1.0,0.003799,0.003799,3.578137,3.134351
2015-05-06,2011.80274,1.0,-0.019124,-0.019124,3.50971,3.074412
2015-05-07,2001.99704,1.0,-0.004874,-0.004874,3.492604,3.059427
2015-05-08,1991.78277,1.0,-0.005102,-0.005102,3.474784,3.043817
2015-05-11,1995.459907,1.0,0.001846,0.001846,3.481199,3.049437
2015-05-12,1995.868478,1.0,0.000205,0.000205,3.481912,3.050061
2015-05-13,2008.534173,1.0,0.006346,0.006346,3.504008,3.069417
2015-05-14,2009.351315,1.0,0.000407,0.000407,3.505434,3.070665
2015-05-15,1986.87992,1.0,-0.011183,-0.011183,3.466231,3.036325
2015-05-18,1992.599911,0.5,0.000979,0.002879,3.469624,3.045066
2015-05-19,2003.631323,0.5,0.002807,0.005536,3.479364,3.061924
2015-05-20,2024.059865,0.5,0.005137,0.010196,3.497238,3.093143
2015-05-21,1998.728474,0.5,-0.006218,-0.012515,3.475491,3.054432
2015-05-22,2024.059865,0.5,0.006376,0.012674,3.497652,3.093143
2015-05-26,2019.157015,1.0,-0.002922,-0.002422,3.487431,3.08565
2015-05-27,1973.805653,1.0,-0.022461,-0.022461,3.409101,3.016345
2015-05-28,1976.257078,1.0,0.001242,0.001242,3.413335,3.020091
2015-05-29,1986.062778,1.0,0.004962,0.004962,3.430271,3.035076
2015-06-01,1967.677091,0.5,-0.005089,-0.009257,3.412813,3.006979
2015-06-02,1949.699975,0.5,-0.004529,-0.009136,3.397357,2.979507
2015-06-03,1930.497146,0.5,-0.004885,-0.009849,3.38076,2.950161
2015-06-04,1934.582854,0.5,0.001097,0.002116,3.384471,2.956405
2015-06-05,1934.582854,0.5,3.9e-05,0.0,3.384604,2.956405
2015-06-08,1929.680004,0.5,-0.001228,-0.002534,3.380448,2.948913
2015-06-09,1926.820008,0.5,-0.000702,-0.001482,3.378075,2.944542
2015-06-10,1912.9286,0.5,-0.003565,-0.007209,3.366031,2.923313
2015-06-11,1920.691446,0.5,0.002068,0.004058,3.372993,2.935176
2015-06-12,1900.671476,0.5,-0.005172,-0.010423,3.355547,2.904582
2015-06-15,1899.854334,0.0,-0.000421,-0.00043,3.354133,2.903333
2015-06-16,1876.565797,0.0,7.9e-05,-0.012258,3.354396,2.867744
2015-06-17,1883.920072,0.0,7.9e-05,0.003919,3.35466,2.878983
2015-06-18,1885.962926,0.0,7.9e-05,0.001084,3.354924,2.882105
2015-06-19,1894.951484,0.0,7.9e-05,0.004766,3.355187,2.895841
2015-06-22,1903.940042,0.0,7.9e-05,0.004743,3.355451,2.909577
2015-06-23,1932.54,0.0,7.9e-05,0.015021,3.355715,2.953283
2015-06-24,1930.905717,0.0,7.9e-05,-0.000846,3.355978,2.950786
2015-06-25,1928.454292,0.0,7.9e-05,-0.00127,3.356242,2.94704
2015-06-26,1929.680004,0.0,7.9e-05,0.000636,3.356506,2.948913
2015-06-29,1901.897188,0.0,7.9e-05,-0.014398,3.35677,2.906455
2015-06-30,1908.842892,0.0,7.9e-05,0.003652,3.357033,2.91707
2015-07-01,1935.399996,0.0,7.9e-05,0.013913,3.357297,2.957654
2015-07-02,1937.034279,0.0,7.9e-05,0.000844,3.357561,2.960151
2015-07-03,1930.497146,0.0,7.9e-05,-0.003375,3.357825,2.950161
2015-07-06,1878.608651,0.0,7.9e-05,-0.026878,3.358089,2.870866
2015-07-07,1881.877218,0.0,7.9e-05,0.00174,3.358353,2.875861
2015-07-08,1852.868689,0.0,7.9e-05,-0.015415,3.358616,2.831531
2015-07-09,1869.620093,0.0,7.9e-05,0.009041,3.35888,2.85713
2015-07-10,1869.620093,0.0,7.9e-05,0.0,3.359144,2.85713
2015-07-13,1884.737214,0.0,7.9e-05,0.008086,3.359408,2.880232
2015-07-14,1882.285789,0.0,7.9e-05,-0.001301,3.359672,2.876485
2015-07-15,1888.00578,0.0,7.9e-05,0.003039,3.359936,2.885227
2015-07-16,1901.488617,0.0,7.9e-05,0.007141,3.3602,2.905831
2015-07-17,1888.822922,0.0,7.9e-05,-0.006661,3.360464,2.886475
2015-07-20,1883.920072,0.0,7.9e-05,-0.002596,3.360729,2.878983
2015-07-21,1888.822922,0.0,7.9e-05,0.002602,3.360993,2.886475
2015-07-22,1867.781524,0.0,7.9e-05,-0.01114,3.361257,2.85432
2015-07-23,1869.211522,0.0,7.9e-05,0.000766,3.361521,2.856506
2015-07-24,1846.740127,0.0,7.9e-05,-0.012022,3.361785,2.822165
2015-07-27,1850.417264,0.0,7.9e-05,0.001991,3.362049,2.827784
2015-07-28,1852.460118,0.0,7.9e-05,0.001104,3.362313,2.830906
2015-07-29,1861.040106,0.0,7.9e-05,0.004632,3.362578,2.844018
2015-07-30,1844.288702,0.0,7.9e-05,-0.009001,3.362842,2.818419
2015-07-31,1836.117285,0.0,7.9e-05,-0.004431,3.363106,2.805931
2015-08-03,1826.311586,0.0,7.9e-05,-0.00534,3.363371,2.790946
2015-08-04,1834.483002,0.0,7.9e-05,0.004474,3.363635,2.803434
2015-08-05,1836.934427,0.0,7.9e-05,0.001336,3.363899,2.80718
2015-08-06,1810.785894,0.0,7.9e-05,-0.014235,3.364164,2.76722
2015-08-07,1807.108757,0.0,7.9e-05,-0.002031,3.364428,2.761601
2015-08-10,1803.431619,0.0,7.9e-05,-0.002035,3.364692,2.755982
2015-08-11,1796.077345,0.0,7.9e-05,-0.004078,3.364957,2.744743
2015-08-12,1778.91737,0.0,7.9e-05,-0.009554,3.365221,2.718519
2015-08-13,1794.443061,0.0,7.9e-05,0.008728,3.365486,2.742245
2015-08-17,1776.465945,0.0,7.9e-05,-0.010018,3.36575,2.714773
2015-08-18,1770.337383,0.0,7.9e-05,-0.00345,3.366015,2.705407
2015-08-19,1755.628833,0.0,7.9e-05,-0.008308,3.366279,2.68293
2015-08-20,1737.651717,0.0,7.9e-05,-0.01024,3.366544,2.655457
2015-08-21,1710.686042,0.0,7.9e-05,-0.015518,3.366808,2.614249
2015-08-24,1652.668985,0.0,7.9e-05,-0.033914,3.367073,2.525588
2015-08-25,1670.237531,0.0,7.9e-05,0.01063,3.367337,2.552436
2015-08-26,1699.65463,0.0,7.9e-05,0.017613,3.367602,2.597391
2015-08-27,1709.46033,0.0,7.9e-05,0.005769,3.367867,2.612376
2015-08-28,1737.651717,0.0,7.9e-05,0.016491,3.368131,2.655457
2015-08-31,1734.791721,0.0,7.9e-05,-0.001646,3.368396,2.651087
2015-09-01,1716.406034,0.0,7.9e-05,-0.010598,3.368661,2.62299
2015-09-02,1721.717455,0.0,7.9e-05,0.003095,3.368925,2.631107
2015-09-03,1722.126025,0.0,7.9e-05,0.000237,3.36919,2.631731
2015-09-04,1704.55748,0.0,7.9e-05,-0.010202,3.369455,2.604883
2015-09-07,1704.55748,0.0,7.9e-05,0.0,3.36972,2.604883
2015-09-08,1708.643188,0.0,7.9e-05,0.002397,3.369985,2.611127
2015-09-09,1765.843104,0.0,7.9e-05,0.033477,3.370249,2.698539
2015-09-10,1764.20882,0.0,7.9e-05,-0.000925,3.370514,2.696042
2015-09-11,1756.854545,0.0,7.9e-05,-0.004169,3.370779,2.684803
2015-09-14,1743.371708,0.0,7.9e-05,-0.007674,3.371044,2.664199
2015-09-15,1748.274558,0.0,7.9e-05,0.002812,3.371309,2.671691
2015-09-16,1794.443061,0.0,7.9e-05,0.026408,3.371574,2.742245
2015-09-17,1802.614478,0.0,7.9e-05,0.004554,3.371839,2.754733
2015-09-18,1813.237319,0.0,7.9e-05,0.005893,3.372104,2.770966
2015-09-21,1775.853089,0.5,-0.010769,-0.020617,3.335788,2.713836
2015-09-22,1791.991636,0.5,0.004583,0.009088,3.351077,2.738499
2015-09-23,1765.843104,0.5,-0.007257,-0.014592,3.326759,2.698539
2015-09-24,1758.284543,0.5,-0.002101,-0.00428,3.31977,2.686988
2015-09-25,1761.757395,0.5,0.001027,0.001975,3.323179,2.692295
2015-09-30,1775.648803,0.0,-0.000421,0.007885,3.321778,2.713524
2015-10-01,1795.668774,0.0,7.9e-05,0.011275,3.322039,2.744118
2015-10-02,1780.960224,0.0,7.9e-05,-0.008191,3.3223,2.721641
2015-10-05,1789.540211,0.5,0.001948,0.004818,3.328773,2.734753
2015-10-06,1805.065903,0.5,0.004377,0.008676,3.343343,2.758479
2015-10-07,1834.891573,0.5,0.008301,0.016523,3.371096,2.804058
2015-10-08,1851.234406,0.5,0.004493,0.008907,3.386241,2.829033
2015-10-12,1862.265818,0.5,0.003019,0.005959,3.396464,2.845891
2015-10-13,1856.954397,0.5,-0.001387,-0.002852,3.391754,2.837774
2015-10-14,1853.685831,0.5,-0.000841,-0.00176,3.388902,2.832779
2015-10-15,1878.20008,0.5,0.006652,0.013225,3.411443,2.870242
2015-10-16,1871.662947,0.5,-0.001701,-0.003481,3.405641,2.860252
2015-10-19,1869.620093,0.5,-0.000506,-0.001091,3.403916,2.85713
2015-10-20,1876.565797,0.5,0.001897,0.003715,3.410372,2.867744
2015-10-21,1883.10293,0.5,0.001781,0.003484,3.416447,2.877734
2015-10-22,1873.29723,0.5,-0.002564,-0.005207,3.407686,2.862749
2015-10-23,1886.780068,0.5,0.003638,0.007197,3.420083,2.883354
2015-10-26,1892.091488,1.0,0.002315,0.002815,3.428001,2.89147
2015-10-27,1894.542913,1.0,0.001296,0.001296,3.432442,2.895217
2015-10-28,1894.542913,1.0,0.0,0.0,3.432442,2.895217
2015-10-29,1884.124357,1.0,-0.005499,-0.005499,3.413566,2.879295
2015-10-30,1884.124357,1.0,0.0,0.0,3.413566,2.879295
2015-11-02,1890.865776,1.0,0.003578,0.003578,3.42578,2.889597
2015-11-03,1912.9286,1.0,0.011668,0.011668,3.465752,2.923313
2015-11-04,1909.251463,1.0,-0.001922,-0.001922,3.45909,2.917694
2015-11-05,1908.025751,1.0,-0.000642,-0.000642,3.456869,2.915821
2015-11-06,1894.134342,1.0,-0.007281,-0.007281,3.431702,2.894592
2015-11-09,1887.801495,1.0,-0.003343,-0.003343,3.420228,2.884914
2015-11-10,1857.567254,1.0,-0.016016,-0.016016,3.365451,2.838711
2015-11-11,1853.072975,1.0,-0.002419,-0.002419,3.357309,2.831843
2015-11-12,1849.395837,1.0,-0.001984,-0.001984,3.350647,2.826223
2015-11-13,1831.418721,1.0,-0.009721,-0.009721,3.318077,2.798751
2015-11-16,1808.130184,1.0,-0.012716,-0.012716,3.275883,2.763162
2015-11-17,1823.247304,1.0,0.008361,0.008361,3.303272,2.786264
2015-11-18,1816.710171,1.0,-0.003585,-0.003585,3.291428,2.776274
2015-11-19,1839.590137,1.0,0.012594,0.012594,3.332881,2.811239
2015-11-20,1843.675846,1.0,0.002221,0.002221,3.340283,2.817482
2015-11-23,1861.040106,0.5,0.004248,0.009418,3.354474,2.844018
2015-11-24,1865.942956,0.5,0.001357,0.002634,3.359025,2.851511
2015-11-25,1863.900101,0.5,-0.000508,-0.001095,3.357318,2.848389
2015-11-26,1888.00578,0.5,0.006506,0.012933,3.37916,2.885227
2015-11-27,1883.10293,0.5,-0.001259,-0.002597,3.374905,2.877734
2015-11-30,1843.47156,0.5,-0.010484,-0.021046,3.339524,2.81717
2015-12-01,1873.29723,0.5,0.008129,0.016179,3.36667,2.862749
2015-12-02,1859.405822,0.5,-0.003668,-0.007415,3.35432,2.841521
2015-12-03,1841.428706,0.5,-0.004795,-0.009668,3.338237,2.814048
2015-12-04,1817.731598,0.5,-0.006395,-0.012869,3.316888,2.777835
2015-12-07,1816.097315,0.5,-0.00041,-0.000899,3.315527,2.775337
2015-12-08,1803.023049,0.5,-0.00356,-0.007199,3.303723,2.755357
2015-12-09,1803.431619,0.5,0.000153,0.000227,3.304227,2.755982
2015-12-10,1810.377323,0.5,0.001965,0.003851,3.31072,2.766596
2015-12-11,1807.517328,0.5,-0.000751,-0.00158,3.308235,2.762225
2015-12-14,1793.62592,0.5,-0.003803,-0.007685,3.295653,2.740997
2015-12-15,1798.120199,0.5,0.001292,0.002506,3.299911,2.747865
2015-12-16,1839.385852,0.5,0.011514,0.022949,3.337906,2.810926
2015-12-17,1832.031577,0.5,-0.00196,-0.003998,3.331364,2.799688
2015-12-18,1835.300144,0.5,0.000931,0.001784,3.334467,2.804683
2015-12-21,1836.117285,0.5,0.000262,0.000445,3.33534,2.805931
2015-12-22,1842.654419,0.5,0.001819,0.00356,3.341409,2.815921
2015-12-23,1862.674389,0.5,0.005472,0.010865,3.359692,2.846516
2015-12-24,1843.47156,0.5,-0.005115,-0.010309,3.342506,2.81717
2015-12-28,1822.225877,0.5,-0.005723,-0.011525,3.323376,2.784703
2015-12-29,1843.47156,0.5,0.005869,0.011659,3.342881,2.81717
2015-12-30,1827.537298,0.5,-0.004283,-0.008644,3.328565,2.79282
2016-01-04,1783.003078,0.5,-0.012145,-0.024368,3.28814,2.724763
2016-01-05,1794.443061,0.5,0.003247,0.006416,3.298818,2.742245
2016-01-06,1786.680216,0.5,-0.002124,-0.004326,3.291812,2.730382
2016-01-07,1762.574537,0.5,-0.006707,-0.013492,3.269735,2.693544
2016-01-08,1773.197378,0.5,0.003053,0.006027,3.279716,2.709778
2016-01-11,1756.445975,0.0,-0.000421,-0.009447,3.278334,2.684179
2016-01-12,1745.414562,0.0,7.9e-05,-0.006281,3.278592,2.667321
2016-01-13,1778.91737,0.0,7.9e-05,0.019195,3.27885,2.718519
2016-01-14,1767.477387,0.0,7.9e-05,-0.006431,3.279107,2.701037
2016-01-15,1734.38315,0.0,7.9e-05,-0.018724,3.279365,2.650463
2016-01-18,1735.608863,0.0,7.9e-05,0.000707,3.279623,2.652336
2016-01-19,1744.18885,0.0,7.9e-05,0.004944,3.27988,2.665447
2016-01-20,1693.526068,0.0,7.9e-05,-0.029047,3.280138,2.588025
2016-01-21,1701.288913,0.0,7.9e-05,0.004584,3.280396,2.599888
2016-01-22,1736.426004,0.0,7.9e-05,0.020653,3.280654,2.653584
2016-01-25,1751.951696,0.0,7.9e-05,0.008941,3.280911,2.677311
2016-01-26,1724.168879,0.0,7.9e-05,-0.015858,3.281169,2.634853
2016-01-27,1750.725983,0.0,7.9e-05,0.015403,3.281427,2.675437
2016-01-28,1750.317412,0.0,7.9e-05,-0.000233,3.281685,2.674813
2016-01-29,1760.940254,0.0,7.9e-05,0.006069,3.281943,2.691047
2016-02-01,1770.745953,0.0,7.9e-05,0.005568,3.282201,2.706032
2016-02-02,1757.671687,0.0,7.9e-05,-0.007383,3.282459,2.686052
2016-02-03,1733.157438,0.0,7.9e-05,-0.013947,3.282717,2.648589
2016-02-04,1771.563095,0.0,7.9e-05,0.022159,3.282975,2.70728
2016-02-05,1774.831662,0.0,7.9e-05,0.001845,3.283233,2.712275
2016-02-11,1717.631746,0.0,7.9e-05,-0.032228,3.283491,2.624863
2016-02-12,1707.008905,0.0,7.9e-05,-0.006185,3.283749,2.60863
2016-02-15,1731.931725,0.0,7.9e-05,0.0146,3.284007,2.646716
2016-02-16,1758.8974,0.0,7.9e-05,0.01557,3.284265,2.687925
2016-02-17,1762.574537,0.0,7.9e-05,0.002091,3.284523,2.693544
2016-02-18,1779.734512,0.0,7.9e-05,0.009736,3.284781,2.719768
2016-02-19,1781.777366,0.0,7.9e-05,0.001148,3.285039,2.72289
2016-02-22,1789.131641,0.0,7.9e-05,0.004127,3.285297,2.734128
2016-02-23,1791.174495,0.0,7.9e-05,0.001142,3.285556,2.73725
2016-02-24,1785.045932,0.0,7.9e-05,-0.003422,3.285814,2.727885
2016-02-25,1786.680216,0.0,7.9e-05,0.000916,3.286072,2.730382
2016-02-26,1789.540211,0.0,7.9e-05,0.001601,3.28633,2.734753
2016-02-29,1784.637362,0.0,7.9e-05,-0.00274,3.286588,2.72726
2016-03-02,1820.183023,0.0,7.9e-05,0.019918,3.286847,2.781581
2016-03-03,1823.860161,0.0,7.9e-05,0.00202,3.287105,2.7872
2016-03-04,1825.494444,0.0,7.9e-05,0.000896,3.287363,2.789698
2016-03-07,1828.763011,0.5,0.000435,0.001791,3.288792,2.794693
2016-03-08,1812.420178,0.5,-0.004429,-0.008937,3.274226,2.769718
2016-03-09,1821.408736,0.5,0.002519,0.004959,3.282474,2.783454
2016-03-10,1847.557268,0.5,0.007217,0.014356,3.306165,2.823414
2016-03-11,1844.288702,0.5,-0.000845,-0.001769,3.30337,2.818419
2016-03-14,1842.245848,0.5,-0.000515,-0.001108,3.30167,2.815297
2016-03-15,1841.428706,0.5,-0.000182,-0.000444,3.301068,2.814048
2016-03-16,1844.288702,0.5,0.000816,0.001553,3.303761,2.818419
2016-03-17,1857.362968,0.5,0.003584,0.007089,3.315601,2.838399
2016-03-18,1858.588681,0.5,0.000369,0.00066,3.316825,2.840272
2016-03-21,1854.502973,1.0,-0.002698,-0.002198,3.307876,2.834028
2016-03-22,1867.168668,1.0,0.00683,0.00683,3.330467,2.853384
2016-03-23,1862.265818,1.0,-0.002626,-0.002626,3.321722,2.845891
2016-03-24,1858.588681,1.0,-0.001975,-0.001975,3.315163,2.840272
2016-03-25,1856.137256,1.0,-0.001319,-0.001319,3.310791,2.836526
2016-03-28,1857.567254,1.0,0.00077,0.00077,3.313341,2.838711
2016-03-29,1869.211522,1.0,0.006269,0.006269,3.334111,2.856506
2016-03-30,1879.017222,1.0,0.005246,0.005246,3.351602,2.87149
2016-03-31,1867.98581,1.0,-0.005871,-0.005871,3.331925,2.854632
2016-04-01,1837.342998,1.0,-0.016404,-0.016404,3.277267,2.807804
2016-04-04,1843.47156,0.5,0.001207,0.003336,3.281223,2.81717
2016-04-05,1825.494444,0.5,-0.004837,-0.009752,3.265353,2.789698
2016-04-06,1838.56871,0.5,0.00362,0.007162,3.277175,2.809678
2016-04-07,1839.385852,0.5,0.000262,0.000444,3.278032,2.810926
2016-04-08,1832.848719,0.5,-0.001738,-0.003554,3.272336,2.800936
2016-04-11,1836.525856,0.5,0.001042,0.002006,3.275747,2.806556
2016-04-12,1849.191552,0.5,0.003488,0.006897,3.287171,2.825911
2016-04-14,1890.865776,0.5,0.011308,0.022536,3.324341,2.889597
2016-04-15,1892.091488,0.5,0.000363,0.000648,3.325549,2.89147
2016-04-18,1883.10293,1.0,-0.005251,-0.004751,3.308088,2.877734
2016-04-19,1887.597209,1.0,0.002387,0.002387,3.315983,2.884602
2016-04-20,1879.834364,1.0,-0.004113,-0.004113,3.302346,2.872739
2016-04-21,1895.768626,1.0,0.008476,0.008476,3.330338,2.89709
2016-04-22,1885.962926,1.0,-0.005172,-0.005172,3.313112,2.882105
2016-04-25,1884.328643,1.0,-0.000867,-0.000867,3.310241,2.879607
2016-04-26,1890.048634,1.0,0.003036,0.003036,3.32029,2.888349
2016-04-27,1889.640063,1.0,-0.000216,-0.000216,3.319572,2.887724
2016-04-28,1867.577239,1.0,-0.011676,-0.011676,3.280814,2.854008
2016-04-29,1858.588681,1.0,-0.004813,-0.004813,3.265023,2.840272
2016-05-02,1849.600123,1.0,-0.004836,-0.004836,3.249233,2.826536
2016-05-03,1851.234406,1.0,0.000884,0.000884,3.252104,2.829033
2016-05-04,1842.245848,1.0,-0.004855,-0.004855,3.236313,2.815297
2016-05-09,1835.708715,1.0,-0.003548,-0.003548,3.22483,2.805307
2016-05-10,1845.922985,1.0,0.005564,0.005564,3.242773,2.820916
2016-05-11,1837.751569,1.0,-0.004427,-0.004427,3.228418,2.808429
2016-05-12,1838.56871,1.0,0.000445,0.000445,3.229854,2.809678
2016-05-13,1818.140169,1.0,-0.011111,-0.011111,3.193966,2.778459
2016-05-16,1824.677302,0.0,-0.000921,0.003596,3.191023,2.788449
2016-05-17,1824.268732,0.0,7.9e-05,-0.000224,3.191274,2.787825
2016-05-18,1809.151611,0.0,7.9e-05,-0.008287,3.191525,2.764723
2016-05-19,1806.700186,0.0,7.9e-05,-0.001355,3.191776,2.760976
2016-05-20,1807.925899,0.0,7.9e-05,0.000678,3.192027,2.76285
2016-05-23,1812.828748,0.0,7.9e-05,0.002712,3.192278,2.770342
2016-05-24,1799.345911,0.0,7.9e-05,-0.007437,3.192528,2.749738
2016-05-25,1825.494444,0.0,7.9e-05,0.014532,3.192779,2.789698
2016-05-26,1824.677302,0.0,7.9e-05,-0.000448,3.19303,2.788449
2016-05-27,1832.440148,0.0,7.9e-05,0.004254,3.193281,2.800312
2016-05-30,1829.171581,0.5,-0.001353,-0.001784,3.188962,2.795317
2016-05-31,1842.245848,0.5,0.003613,0.007148,3.200484,2.815297
2016-06-01,1845.105844,0.5,0.000816,0.001552,3.203094,2.819668
2016-06-02,1849.191552,0.5,0.001146,0.002214,3.206766,2.825911
2016-06-03,1852.460118,0.5,0.000923,0.001768,3.209726,2.830906
2016-06-07,1879.425793,0.5,0.007318,0.014557,3.233214,2.872115
2016-06-08,1895.360055,0.5,0.004278,0.008478,3.247047,2.896465
2016-06-09,1899.445763,0.5,0.001117,0.002156,3.250674,2.902709
2016-06-10,1890.457205,0.5,-0.002327,-0.004732,3.243111,2.888973
2016-06-13,1845.105844,1.0,-0.02449,-0.02399,3.163688,2.819668
2016-06-14,1839.385852,1.0,-0.0031,-0.0031,3.15388,2.810926
2016-06-15,1840.202994,1.0,0.000444,0.000444,3.155282,2.812175
2016-06-16,1823.043019,1.0,-0.009325,-0.009325,3.125858,2.785951
2016-06-17,1828.763011,1.0,0.003138,0.003138,3.135666,2.794693
2016-06-20,1852.868689,0.5,0.00613,0.013181,3.154888,2.831531
2016-06-21,1853.27726,0.5,0.00015,0.000221,3.15536,2.832155
2016-06-22,1866.760097,0.5,0.003677,0.007275,3.166961,2.852759
2016-06-23,1865.125814,0.5,-0.000398,-0.000875,3.165699,2.850262
2016-06-24,1797.711628,0.5,-0.018033,-0.036145,3.108612,2.74724
2016-06-27,1804.657332,0.0,-0.000421,0.003864,3.107302,2.757855
2016-06-28,1811.194465,0.0,7.9e-05,0.003622,3.107547,2.767845
2016-06-29,1829.988723,0.0,7.9e-05,0.010377,3.107791,2.796566
2016-06-30,1841.020135,0.0,7.9e-05,0.006028,3.108035,2.813424
2016-07-01,1863.08296,0.0,7.9e-05,0.011984,3.108279,2.84714
2016-07-04,1872.071518,0.5,0.001952,0.004825,3.114345,2.860876
2016-07-05,1866.760097,0.5,-0.001379,-0.002837,3.11005,2.852759
2016-07-06,1823.860161,0.5,-0.011451,-0.022981,3.074436,2.7872
2016-07-07,1847.148698,0.5,0.006424,0.012769,3.094185,2.822789
2016-07-08,1840.202994,0.5,-0.001841,-0.00376,3.088489,2.812175
2016-07-11,1865.942956,0.0,-0.000421,0.013988,3.087188,2.851511
2016-07-12,1867.98581,0.0,7.9e-05,0.001095,3.08743,2.854632
2016-07-13,1882.694359,0.0,7.9e-05,0.007874,3.087673,2.87711
2016-07-14,1888.00578,0.0,7.9e-05,0.002821,3.087916,2.885227
2016-07-15,1898.220051,0.0,7.9e-05,0.00541,3.088158,2.900836
2016-07-18,1901.488617,0.5,0.0004,0.001722,3.089394,2.905831
2016-07-19,1896.177197,0.5,-0.001357,-0.002793,3.085201,2.897714
2016-07-20,1895.360055,0.5,-0.000176,-0.000431,3.084657,2.896465
2016-07-21,1895.360055,0.5,3.9e-05,0.0,3.084779,2.896465
2016-07-22,1894.134342,0.5,-0.000284,-0.000647,3.083902,2.894592
2016-07-25,1894.951484,1.0,-6.9e-05,0.000431,3.083691,2.895841
2016-07-26,1914.971455,1.0,0.010565,0.010565,3.11627,2.926435
2016-07-27,1915.380025,1.0,0.000213,0.000213,3.116935,2.92706
2016-07-28,1904.348613,1.0,-0.005759,-0.005759,3.098983,2.910202
2016-07-29,1907.61718,1.0,0.001716,0.001716,3.104302,2.915197
2016-08-01,1923.142871,1.0,0.008139,0.008139,3.129567,2.938923
2016-08-02,1905.982896,1.0,-0.008923,-0.008923,3.101642,2.912699
2016-08-03,1879.834364,1.0,-0.013719,-0.013719,3.05909,2.872739
2016-08-04,1884.737214,1.0,0.002608,0.002608,3.067069,2.880232
2016-08-05,1910.068605,1.0,0.01344,0.01344,3.108291,2.918943
2016-08-08,1922.325729,1.0,0.006417,0.006417,3.128237,2.937674
2016-08-09,1937.034279,1.0,0.007651,0.007651,3.152173,2.960151
2016-08-10,1930.497146,1.0,-0.003375,-0.003375,3.141535,2.950161
2016-08-11,1937.44285,1.0,0.003598,0.003598,3.152838,2.960776
2016-08-12,1939.077133,1.0,0.000844,0.000844,3.155497,2.963273
2016-08-16,1941.528558,1.0,0.001264,0.001264,3.159487,2.96702
2016-08-17,1935.399996,1.0,-0.003157,-0.003157,3.149513,2.957654
2016-08-18,1935.399996,1.0,0.0,0.0,3.149513,2.957654
2016-08-19,1935.399996,1.0,0.0,0.0,3.149513,2.957654
2016-08-22,1935.399996,0.5,-0.000461,0.0,3.148062,2.957654
2016-08-23,1935.399996,0.5,3.9e-05,0.0,3.148186,2.957654
2016-08-24,1935.399996,0.5,3.9e-05,0.0,3.14831,2.957654
2016-08-25,1935.399996,0.5,3.9e-05,0.0,3.148434,2.957654
2016-08-26,1935.399996,0.5,3.9e-05,0.0,3.148557,2.957654
2016-08-29,1935.399996,1.0,-0.0005,0.0,3.146983,2.957654
2016-08-30,1935.399996,1.0,0.0,0.0,3.146983,2.957654
2016-08-31,1935.399996,1.0,0.0,0.0,3.146983,2.957654
2016-09-01,1935.399996,1.0,0.0,0.0,3.146983,2.957654
2016-09-02,1935.399996,1.0,0.0,0.0,3.146983,2.957654
2016-09-05,1935.399996,1.0,0.0,0.0,3.146983,2.957654
2016-09-06,1976.461364,1.0,0.021216,0.021216,3.213749,3.020403
2016-09-07,1986.267063,1.0,0.004961,0.004961,3.229693,3.035388
2016-09-08,1970.741372,1.0,-0.007817,-0.007817,3.204449,3.011662
2016-09-09,1945.409981,1.0,-0.012854,-0.012854,3.163259,2.972951
2016-09-12,1903.735757,1.0,-0.021422,-0.021422,3.095497,2.909265
2016-09-13,1904.961469,1.0,0.000644,0.000644,3.09749,2.911138
2016-09-19,1912.315744,1.0,0.003861,0.003861,3.109448,2.922377
2016-09-20,1917.627165,1.0,0.002777,0.002777,3.118084,2.930494
2016-09-21,1926.615723,1.0,0.004687,0.004687,3.1327,2.94423
2016-09-22,1962.978526,1.0,0.018874,0.018874,3.191826,2.999799
2016-09-23,1954.398539,1.0,-0.004371,-0.004371,3.177875,2.986687
2016-09-26,1949.087118,1.0,-0.002718,-0.002718,3.169238,2.97857
2016-09-27,1957.667106,1.0,0.004402,0.004402,3.18319,2.991682
2016-09-28,1957.667106,1.0,0.0,0.0,3.18319,2.991682
2016-09-29,1974.82708,1.0,0.008766,0.008766,3.211092,3.017906
2016-09-30,1954.398539,1.0,-0.010344,-0.010344,3.177875,2.986687
2016-10-04,1960.527101,1.0,0.003136,0.003136,3.18784,2.996053
2016-10-05,1961.752814,1.0,0.000625,0.000625,3.189833,2.997926
2016-10-06,1969.107089,1.0,0.003749,0.003749,3.201791,3.009165
2016-10-07,1967.881376,1.0,-0.000622,-0.000622,3.199798,3.007292
2016-10-10,1963.795668,1.0,-0.002076,-0.002076,3.193155,3.001048
2016-10-11,1940.507131,1.0,-0.011859,-0.011859,3.155287,2.965459
2016-10-12,1931.518573,1.0,-0.004632,-0.004632,3.140672,2.951722
2016-10-13,1925.390011,1.0,-0.003173,-0.003173,3.130707,2.942357
2016-10-14,1929.88429,1.0,0.002334,0.002334,3.138014,2.949225
2016-10-17,1938.055706,1.0,0.004234,0.004234,3.151301,2.961712
2016-10-18,1948.065691,1.0,0.005165,0.005165,3.167578,2.977009
2016-10-19,1956.441393,1.0,0.004299,0.004299,3.181197,2.989809
2016-10-20,1954.398539,1.0,-0.001044,-0.001044,3.177875,2.986687
2016-10-21,1943.367127,1.0,-0.005644,-0.005644,3.159938,2.969829
2016-10-24,1959.70996,0.5,0.003744,0.00841,3.171769,2.994804
2016-10-25,1956.441393,0.5,-0.000795,-0.001668,3.169248,2.989809
2016-10-26,1924.572869,0.5,-0.008105,-0.016289,3.143561,2.941108
2016-10-27,1935.19571,0.5,0.002799,0.00552,3.15236,2.957342
2016-10-28,1936.012852,0.5,0.00025,0.000422,3.153149,2.95859
2016-10-31,1934.991425,1.0,-0.001028,-0.000528,3.149909,2.95703
2016-11-01,1934.991425,1.0,0.0,0.0,3.149909,2.95703
2016-11-02,1907.61718,1.0,-0.014147,-0.014147,3.105347,2.915197
2016-11-03,1912.111459,1.0,0.002356,0.002356,3.112664,2.922065
2016-11-04,1906.800038,1.0,-0.002778,-0.002778,3.104017,2.913948
2016-11-07,1923.960013,0.5,0.004039,0.008999,3.116554,2.940171
2016-11-08,1930.905717,0.5,0.001844,0.00361,3.122302,2.950786
2016-11-09,1881.060076,0.5,-0.012868,-0.025815,3.082124,2.874612
2016-11-10,1925.185725,0.5,0.011768,0.023458,3.118396,2.942045
2016-11-11,1903.940042,0.5,-0.005479,-0.011036,3.101311,2.909577
2016-11-14,1888.00578,1.0,-0.008869,-0.008369,3.073806,2.885227
2016-11-15,1878.20008,1.0,-0.005194,-0.005194,3.057841,2.870242
2016-11-16,1885.554355,1.0,0.003916,0.003916,3.069814,2.88148
2016-11-17,1883.920072,1.0,-0.000867,-0.000867,3.067154,2.878983
2016-11-18,1885.145784,1.0,0.000651,0.000651,3.069149,2.880856
2016-11-21,1880.242934,1.0,-0.002601,-0.002601,3.061167,2.873364
2016-11-22,1902.71433,1.0,0.011951,0.011951,3.097752,2.907704
2016-11-23,1910.885746,1.0,0.004295,0.004295,3.111056,2.920192
2016-11-24,1901.897188,1.0,-0.004704,-0.004704,3.096422,2.906455
2016-11-25,1899.854334,1.0,-0.001074,-0.001074,3.093096,2.903333
2016-11-28,1907.61718,1.0,0.004086,0.004086,3.105734,2.915197
2016-11-29,1904.552899,1.0,-0.001606,-0.001606,3.100745,2.910514
2016-11-30,1915.788596,1.0,0.005899,0.005899,3.119038,2.927684
2016-12-01,1917.014309,1.0,0.00064,0.00064,3.121033,2.929557
2016-12-02,1903.531471,1.0,-0.007033,-0.007033,3.099082,2.908953
2016-12-05,1903.940042,1.0,0.000215,0.000215,3.099748,2.909577
2016-12-06,1926.002867,1.0,0.011588,0.011588,3.135667,2.943293
2016-12-07,1932.54,1.0,0.003394,0.003394,3.14631,2.953283
2016-12-08,1966.451378,1.0,0.017548,0.017548,3.20152,3.005106
2016-12-09,1972.17137,1.0,0.002909,0.002909,3.210833,3.013847
2016-12-12,1964.817095,1.0,-0.003729,-0.003729,3.19886,3.002609
2016-12-13,1970.537087,1.0,0.002911,0.002911,3.208172,3.01135
2016-12-14,1974.622795,1.0,0.002073,0.002073,3.214824,3.017594
2016-12-15,1973.397082,1.0,-0.000621,-0.000621,3.212829,3.015721
2016-12-16,1974.622795,1.0,0.000621,0.000621,3.214824,3.017594
2016-12-19,1978.708503,1.0,0.002069,0.002069,3.221476,3.023837
2016-12-20,1981.568499,1.0,0.001445,0.001445,3.226132,3.028208
2016-12-21,1980.342786,1.0,-0.000619,-0.000619,3.224137,3.026335
2016-12-22,1979.525645,1.0,-0.000413,-0.000413,3.222806,3.025086
2016-12-23,1975.439937,1.0,-0.002064,-0.002064,3.216154,3.018842
2016-12-26,1977.891362,1.0,0.001241,0.001241,3.220146,3.022589
2016-12-27,1982.794211,1.0,0.002479,0.002479,3.228128,3.030081
2016-12-28,1990.148486,1.0,0.003709,0.003709,3.240101,3.04132
2016-12-29,1987.28849,1.0,-0.001437,-0.001437,3.235445,3.036949
2017-01-03,2013.028452,1.0,0.012952,0.012952,3.277351,3.076285
2017-01-04,2014.662736,1.0,0.000812,0.000812,3.280012,3.078782
2017-01-05,2008.534173,1.0,-0.003042,-0.003042,3.270034,3.069417
2017-01-06,2016.70559,1.0,0.004068,0.004068,3.283338,3.081904
2017-01-09,2019.974156,1.0,0.001621,0.001621,3.288659,3.086899
2017-01-10,2019.565586,1.0,-0.000202,-0.000202,3.287994,3.086275
2017-01-11,2060.831239,1.0,0.020433,0.020433,3.355177,3.149336
2017-01-12,2061.23981,1.0,0.000198,0.000198,3.355843,3.149961
2017-01-13,2057.562672,1.0,-0.001784,-0.001784,3.349856,3.144341
2017-01-16,2047.348402,1.0,-0.004964,-0.004964,3.333226,3.128732
2017-01-17,2055.519818,1.0,0.003991,0.003991,3.34653,3.14122
2017-01-18,2051.842681,1.0,-0.001789,-0.001789,3.340543,3.1356
2017-01-19,2053.476964,1.0,0.000796,0.000796,3.343204,3.138098
2017-01-20,2048.574114,1.0,-0.002388,-0.002388,3.335222,3.130605
2017-01-23,2045.305548,1.0,-0.001596,-0.001596,3.329901,3.12561
2017-01-24,2052.251252,1.0,0.003396,0.003396,3.341209,3.136225
2017-01-25,2054.294106,1.0,0.000995,0.000995,3.344535,3.139346
2017-01-26,2076.765501,1.0,0.010939,0.010939,3.38112,3.173687
2017-01-31,2062.056951,1.0,-0.007082,-0.007082,3.357173,3.151209
2017-02-01,2070.228368,1.0,0.003963,0.003963,3.370477,3.163697
2017-02-02,2062.056951,1.0,-0.003947,-0.003947,3.357173,3.151209
2017-02-03,2066.959801,1.0,0.002378,0.002378,3.365155,3.158702
2017-02-06,2069.002655,1.0,0.000988,0.000988,3.368481,3.161824
2017-02-07,2063.282664,1.0,-0.002765,-0.002765,3.359169,3.153083
2017-02-08,2054.294106,1.0,-0.004356,-0.004356,3.344535,3.139346
2017-02-09,2056.33696,1.0,0.000994,0.000994,3.34786,3.142468
2017-02-10,2058.379814,1.0,0.000993,0.000993,3.351186,3.14559
2017-02-13,2059.196956,1.0,0.000397,0.000397,3.352517,3.146839
2017-02-14,2052.251252,1.0,-0.003373,-0.003373,3.341209,3.136225
2017-02-15,2059.605526,1.0,0.003584,0.003584,3.353182,3.147463
2017-02-16,2058.379814,1.0,-0.000595,-0.000595,3.351186,3.14559
2017-02-17,2060.422668,1.0,0.000992,0.000992,3.354512,3.148712
2017-02-20,2066.55123,1.0,0.002974,0.002974,3.36449,3.158078
2017-02-21,2086.979772,1.0,0.009885,0.009885,3.397749,3.189296
2017-02-22,2090.248338,1.0,0.001566,0.001566,3.403071,3.194291
2017-02-23,2093.108334,1.0,0.001368,0.001368,3.407727,3.198662
2017-02-24,2073.088364,1.0,-0.009565,-0.009565,3.375133,3.168068
2017-02-27,2064.508376,1.0,-0.004139,-0.004139,3.361164,3.154956
2017-02-28,2066.55123,1.0,0.00099,0.00099,3.36449,3.158078
2017-03-02,2090.656909,1.0,0.011665,0.011665,3.403736,3.194916
2017-03-03,2065.734089,1.0,-0.011921,-0.011921,3.36316,3.156829
2017-03-06,2070.636939,1.0,0.002373,0.002373,3.371142,3.164321
2017-03-07,2082.076922,1.0,0.005525,0.005525,3.389767,3.181804
2017-03-08,2086.571201,1.0,0.002159,0.002159,3.397084,3.188672
2017-03-09,2077.991214,1.0,-0.004112,-0.004112,3.383115,3.17556
2017-03-10,2085.345488,1.0,0.003539,0.003539,3.395088,3.186799
2017-03-13,2111.494021,1.0,0.012539,0.012539,3.43766,3.226759
2017-03-14,2129.879708,1.0,0.008707,0.008707,3.467593,3.254855
2017-03-15,2134.782558,1.0,0.002302,0.002302,3.475575,3.262348
2017-03-16,2148.673966,1.0,0.006507,0.006507,3.498192,3.283577
2017-03-17,2158.071095,1.0,0.004373,0.004373,3.513491,3.297937
2017-03-20,2158.479666,1.0,0.000189,0.000189,3.514156,3.298561
2017-03-21,2179.316778,1.0,0.009654,0.009654,3.54808,3.330404
2017-03-22,2167.059653,1.0,-0.005624,-0.005624,3.528125,3.311673
2017-03-23,2172.371074,1.0,0.002451,0.002451,3.536772,3.31979
2017-03-24,2169.511078,1.0,-0.001317,-0.001317,3.532116,3.31542
2017-03-27,2152.351104,1.0,-0.00791,-0.00791,3.504178,3.289196
2017-03-28,2158.888237,1.0,0.003037,0.003037,3.514821,3.299186
2017-03-29,2164.199658,1.0,0.00246,0.00246,3.523468,3.307303
2017-03-30,2163.791087,1.0,-0.000189,-0.000189,3.522803,3.306678
2017-03-31,2160.113949,1.0,-0.001699,-0.001699,3.516817,3.301059
2017-04-03,2162.565374,1.0,0.001135,0.001135,3.520808,3.304805
2017-04-04,2158.071095,1.0,-0.002078,-0.002078,3.513491,3.297937
2017-04-05,2153.985387,1.0,-0.001893,-0.001893,3.506839,3.291693
2017-04-06,2146.222541,1.0,-0.003604,-0.003604,3.4942,3.27983
2017-04-07,2140.911121,1.0,-0.002475,-0.002475,3.485553,3.271713
2017-04-10,2127.836854,1.0,-0.006107,-0.006107,3.464267,3.251734
2017-04-11,2113.536875,1.0,-0.00672,-0.00672,3.440986,3.22988
2017-04-12,2122.116863,1.0,0.00406,0.00406,3.454955,3.242992
2017-04-13,2140.093979,1.0,0.008471,0.008471,3.484223,3.270465
2017-04-14,2128.245425,1.0,-0.005536,-0.005536,3.464932,3.252358
2017-04-17,2136.008271,1.0,0.003648,0.003648,3.477571,3.264221
2017-04-18,2133.556846,1.0,-0.001148,-0.001148,3.47358,3.260475
2017-04-19,2121.299721,1.0,-0.005745,-0.005745,3.453624,3.241744
2017-04-20,2132.739704,1.0,0.005393,0.005393,3.472249,3.259226
2017-04-21,2152.759674,1.0,0.009387,0.009387,3.504843,3.28982
2017-04-24,2162.156803,1.0,0.004365,0.004365,3.520143,3.304181
2017-04-25,2189.531049,1.0,0.012661,0.012661,3.56471,3.346014
2017-04-26,2200.766746,1.0,0.005132,0.005132,3.583002,3.363184
2017-04-27,2207.099594,1.0,0.002878,0.002878,3.593313,3.372862
2017-04-28,2210.776732,1.0,0.001666,0.001666,3.599299,3.378481
2017-05-02,2232.2267,1.0,0.009702,0.009702,3.634221,3.411261
2017-05-04,2251.225243,1.0,0.008511,0.008511,3.665152,3.440294
2017-05-08,2316.188004,1.0,0.028857,0.028857,3.770916,3.539569
2017-05-10,2281.459484,1.0,-0.014994,-0.014994,3.714376,3.486498
2017-05-11,2311.285154,1.0,0.013073,0.013073,3.762934,3.532077
2017-05-12,2299.4366,1.0,-0.005126,-0.005126,3.743644,3.51397
2017-05-15,2307.608017,1.0,0.003554,0.003554,3.756947,3.526458
2017-05-16,2304.33945,1.0,-0.001416,-0.001416,3.751626,3.521463
2017-05-17,2306.382304,1.0,0.000887,0.000887,3.754952,3.524584
2017-05-18,2299.4366,1.0,-0.003012,-0.003012,3.743644,3.51397
2017-05-19,2296.168034,1.0,-0.001421,-0.001421,3.738322,3.508975
2017-05-22,2315.370863,1.0,0.008363,0.008363,3.769586,3.538321
2017-05-23,2319.048,1.0,0.001588,0.001588,3.775572,3.54394
2017-05-24,2325.993704,1.0,0.002995,0.002995,3.786881,3.554554
2017-05-25,2355.410803,1.0,0.012647,0.012647,3.834774,3.599509
2017-05-26,2365.012218,1.0,0.004076,0.004076,3.850405,3.614182
2017-05-29,2366.033645,1.0,0.000432,0.000432,3.852068,3.615743
2017-05-30,2346.013674,1.0,-0.008461,-0.008461,3.819474,3.585149
2017-05-31,2351.937951,1.0,0.002525,0.002525,3.82912,3.594202
2017-06-01,2344.379391,1.0,-0.003214,-0.003214,3.816814,3.582651
2017-06-02,2368.689355,1.0,0.010369,0.010369,3.856392,3.619801
2017-06-05,2372.570778,1.0,0.001639,0.001639,3.862711,3.625733
2017-06-07,2354.593662,1.0,-0.007577,-0.007577,3.833443,3.59826
2017-06-08,2370.527924,1.0,0.006767,0.006767,3.859385,3.622611
2017-06-09,2386.053615,1.0,0.006549,0.006549,3.884662,3.646337
2017-06-12,2359.496512,1.0,-0.01113,-0.01113,3.841425,3.605753
2017-06-13,2372.775063,1.0,0.005628,0.005628,3.863044,3.626045
2017-06-14,2372.366493,1.0,-0.000172,-0.000172,3.862379,3.625421
2017-06-15,2362.356507,1.0,-0.004219,-0.004219,3.846082,3.610123
2017-06-16,2365.012218,1.0,0.001124,0.001124,3.850405,3.614182
2017-06-19,2379.925053,1.0,0.006306,0.006306,3.874685,3.636972
2017-06-20,2387.892184,1.0,0.003348,0.003348,3.887656,3.649147
2017-06-21,2368.689355,1.0,-0.008042,-0.008042,3.856392,3.619801
2017-06-22,2386.053615,1.0,0.007331,0.007331,3.884662,3.646337
2017-06-23,2391.773607,1.0,0.002397,0.002397,3.893975,3.655078
2017-06-26,2404.235017,1.0,0.00521,0.00521,3.914263,3.674122
2017-06-27,2406.277871,1.0,0.00085,0.00085,3.917589,3.677244
2017-06-28,2399.945023,1.0,-0.002632,-0.002632,3.907278,3.667566
2017-06-29,2417.104998,1.0,0.00715,0.00715,3.935216,3.693789
2017-06-30,2402.192163,1.0,-0.00617,-0.00617,3.910937,3.671
2017-07-03,2413.836431,1.0,0.004847,0.004847,3.929895,3.688794
2017-07-04,2395.042173,1.0,-0.007786,-0.007786,3.899296,3.660073
2017-07-05,2401.375021,1.0,0.002644,0.002644,3.909607,3.669751
2017-07-06,2406.890727,1.0,0.002297,0.002297,3.918587,3.67818
2017-07-07,2399.945023,1.0,-0.002886,-0.002886,3.907278,3.667566
2017-07-10,2404.439302,1.0,0.001873,0.001873,3.914595,3.674434
2017-07-11,2419.964994,1.0,0.006457,0.006457,3.939872,3.69816
2017-07-12,2419.147852,1.0,-0.000338,-0.000338,3.938542,3.696911
2017-07-13,2451.424947,1.0,0.013342,0.013342,3.991091,3.746237
2017-07-14,2452.65066,1.0,0.0005,0.0005,3.993087,3.74811
2017-07-17,2459.187793,1.0,0.002665,0.002665,4.00373,3.7581
2017-07-18,2463.682072,1.0,0.001828,0.001828,4.011047,3.764968
2017-07-19,2468.993493,1.0,0.002156,0.002156,4.019694,3.773085
2017-07-20,2476.347767,1.0,0.002979,0.002979,4.031667,3.784323
2017-07-21,2488.604892,1.0,0.00495,0.00495,4.051623,3.803055
2017-07-24,2489.830605,1.0,0.000493,0.000493,4.053618,3.804928
2017-07-25,2476.756338,1.0,-0.005251,-0.005251,4.032333,3.784948
2017-07-26,2471.036347,1.0,-0.002309,-0.002309,4.02302,3.776207
2017-07-27,2478.390622,1.0,0.002976,0.002976,4.034993,3.787445
2017-07-28,2418.739281,1.0,-0.024069,-0.024069,3.937877,3.696287
2017-07-31,2426.910698,1.0,0.003378,0.003378,3.95118,3.708774
2017-08-01,2451.424947,1.0,0.010101,0.010101,3.991091,3.746237
2017-08-02,2456.327797,1.0,0.002,0.002,3.999074,3.753729
2017-08-03,2411.385006,1.0,-0.018297,-0.018297,3.925904,3.685048
2017-08-04,2421.190706,1.0,0.004066,0.004066,3.941868,3.700033
2017-08-07,2421.599277,1.0,0.000169,0.000169,3.942533,3.700658
2017-08-08,2421.190706,1.0,-0.000169,-0.000169,3.941868,3.700033
2017-08-09,2386.870757,1.0,-0.014175,-0.014175,3.885993,3.647586
2017-08-10,2375.430774,1.0,-0.004793,-0.004793,3.867368,3.630103
2017-08-11,2328.445129,1.0,-0.01978,-0.01978,3.790872,3.558301
2017-08-14,2353.77652,0.0,-0.000921,0.010879,3.787379,3.597012
2017-08-16,2367.259357,0.0,7.9e-05,0.005728,3.787676,3.617616
2017-08-17,2380.333624,0.0,7.9e-05,0.005523,3.787974,3.637596
2017-08-18,2354.185091,0.0,7.9e-05,-0.010985,3.788272,3.597636
2017-08-19,2375.839345,0.0,7.9e-05,0.009198,3.788569,3.630728
2017-08-21,2374.205061,0.5,-0.000805,-0.000688,3.785521,3.62823
2017-08-22,2377.882199,0.5,0.000814,0.001549,3.788601,3.63385
2017-08-23,2403.21359,0.5,0.005366,0.010653,3.80893,3.672561
2017-08-24,2384.827903,0.5,-0.003786,-0.00765,3.794509,3.644464
2017-08-25,2402.805019,0.5,0.003808,0.007538,3.80896,3.671936
2017-08-26,2401.170736,0.5,-0.000301,-0.00068,3.807815,3.669439
2017-08-28,2383.193619,1.0,-0.007987,-0.007487,3.777402,3.641967
2017-08-29,2386.462186,1.0,0.001372,0.001372,3.782583,3.646961
2017-08-30,2383.193619,1.0,-0.00137,-0.00137,3.777402,3.641967
2017-08-31,2387.687899,1.0,0.001886,0.001886,3.784526,3.648835
2017-09-01,2375.839345,1.0,-0.004962,-0.004962,3.765746,3.630728
2017-09-02,2374.205061,1.0,-0.000688,-0.000688,3.763155,3.62823
2017-09-04,2344.787962,1.0,-0.01239,-0.01239,3.716529,3.583275
2017-09-05,2350.099383,1.0,0.002265,0.002265,3.724947,3.591392
2017-09-06,2334.982262,1.0,-0.006433,-0.006433,3.700986,3.568291
2017-09-07,2343.153679,1.0,0.0035,0.0035,3.713938,3.580778
2017-09-08,2366.850786,1.0,0.010113,0.010113,3.751499,3.616992
2017-09-09,2365.625074,1.0,-0.000518,-0.000518,3.749556,3.615118
2017-09-11,2391.773607,0.5,0.005066,0.011054,3.768551,3.655078
2017-09-12,2402.396448,0.5,0.00226,0.004441,3.777068,3.671312
2017-09-13,2392.590748,0.5,-0.002002,-0.004082,3.769508,3.656327
2017-09-14,2386.870757,0.5,-0.001156,-0.002391,3.765151,3.647586
2017-09-15,2404.030732,0.5,0.003634,0.007189,3.778833,3.67381
2017-09-16,2419.147852,0.5,0.003183,0.006288,3.790862,3.696911
2017-09-18,2461.639218,1.0,0.017065,0.017565,3.855552,3.761846
2017-09-19,2457.144939,1.0,-0.001826,-0.001826,3.848513,3.754978
2017-09-20,2454.284943,1.0,-0.001164,-0.001164,3.844033,3.750607
2017-09-21,2456.327797,1.0,0.000832,0.000832,3.847233,3.753729
2017-09-22,2438.759252,1.0,-0.007152,-0.007152,3.819716,3.726881
2017-09-25,2437.94211,1.0,-0.000335,-0.000335,3.818436,3.725632
2017-09-26,2421.599277,1.0,-0.006704,-0.006704,3.792839,3.700658
2017-09-27,2418.33071,1.0,-0.00135,-0.00135,3.78772,3.695663
2017-09-28,2419.964994,1.0,0.000676,0.000676,3.79028,3.69816
2017-09-29,2439.984964,1.0,0.008273,0.008273,3.821636,3.728754
2017-10-10,2489.830605,1.0,0.020429,0.020429,3.899707,3.804928
2017-10-11,2515.161996,1.0,0.010174,0.010174,3.939382,3.843639
2017-10-12,2525.989123,1.0,0.004305,0.004305,3.95634,3.860185
2017-10-13,2535.794822,1.0,0.003882,0.003882,3.971699,3.87517
2017-10-16,2533.547683,1.0,-0.000886,-0.000886,3.968179,3.871736
2017-10-17,2535.999108,1.0,0.000968,0.000968,3.972018,3.875482
2017-10-18,2536.407679,1.0,0.000161,0.000161,3.972658,3.876106
2017-10-19,2522.1077,1.0,-0.005638,-0.005638,3.950261,3.854253
2017-10-20,2539.676245,1.0,0.006966,0.006966,3.977778,3.881101
2017-10-23,2546.213378,1.0,0.002574,0.002574,3.988017,3.891091
2017-10-24,2542.12767,1.0,-0.001605,-0.001605,3.981617,3.884848
2017-10-25,2543.761953,1.0,0.000643,0.000643,3.984177,3.887345
2017-10-26,2522.1077,1.0,-0.008513,-0.008513,3.950261,3.854253
2017-10-27,2544.579095,1.0,0.00891,0.00891,3.985457,3.888594
2017-10-30,2549.481945,1.0,0.001927,0.001927,3.993136,3.896086
2017-10-31,2578.899044,1.0,0.011538,0.011538,4.039211,3.941041
2017-11-01,2623.841835,1.0,0.017427,0.017427,4.109603,4.009722
2017-11-02,2611.58471,1.0,-0.004671,-0.004671,4.090405,3.990991
2017-11-03,2620.981839,1.0,0.003598,0.003598,4.105123,4.005351
2017-11-06,2604.230436,1.0,-0.006391,-0.006391,4.078886,3.979752
2017-11-07,2600.961869,1.0,-0.001255,-0.001255,4.073767,3.974757
2017-11-08,2613.218994,1.0,0.004713,0.004713,4.092964,3.993488
2017-11-09,2600.144727,1.0,-0.005003,-0.005003,4.072487,3.973508
2017-11-10,2594.016165,1.0,-0.002357,-0.002357,4.062888,3.964143
2017-11-13,2582.984753,1.0,-0.004253,-0.004253,4.04561,3.947285
2017-11-14,2580.941899,1.0,-0.000791,-0.000791,4.04241,3.944163
2017-11-15,2563.373353,1.0,-0.006807,-0.006807,4.014894,3.917315
2017-11-16,2580.941899,1.0,0.006854,0.006854,4.04241,3.944163
2017-11-17,2577.673332,1.0,-0.001266,-0.001266,4.037291,3.939168
2017-11-20,2565.824778,1.0,-0.004597,-0.004597,4.018733,3.921061
2017-11-21,2577.264761,1.0,0.004459,0.004459,4.036651,3.938544
2017-11-22,2591.156169,1.0,0.00539,0.00539,4.058408,3.959772
2017-11-23,2582.167611,1.0,-0.003469,-0.003469,4.04433,3.946036
2017-11-24,2588.704744,1.0,0.002532,0.002532,4.054569,3.956026
2017-11-27,2536.816249,1.0,-0.020044,-0.020044,3.973298,3.876731
2017-11-28,2551.524799,1.0,0.005798,0.005798,3.996336,3.899208
2017-11-29,2550.707658,1.0,-0.00032,-0.00032,3.995056,3.897959
2017-11-30,2506.990579,1.0,-0.017139,-0.017139,3.926584,3.831151
2017-12-01,2502.904871,1.0,-0.00163,-0.00163,3.920185,3.824908
2017-12-04,2529.461975,1.0,0.010611,0.010611,3.96178,3.865492
2017-12-05,2542.536241,1.0,0.005169,0.005169,3.982257,3.885472
2017-12-06,2502.087729,1.0,-0.015909,-0.015909,3.918905,3.823659
2017-12-07,2494.324884,1.0,-0.003103,-0.003103,3.906746,3.811796
2017-12-08,2499.636304,1.0,0.002129,0.002129,3.915065,3.819913
2017-12-11,2500.862017,1.0,0.00049,0.00049,3.916985,3.821786
2017-12-12,2492.28203,1.0,-0.003431,-0.003431,3.903546,3.808674
2017-12-13,2511.893429,1.0,0.007869,0.007869,3.934263,3.838644
2017-12-14,2520.881987,1.0,0.003578,0.003578,3.948341,3.85238
2017-12-15,2509.442004,1.0,-0.004538,-0.004538,3.930423,3.834898
2017-12-18,2519.656275,1.0,0.00407,0.00407,3.946421,3.850507
2017-12-19,2517.20485,1.0,-0.000973,-0.000973,3.942582,3.846761
2017-12-20,2514.753425,1.0,-0.000974,-0.000974,3.938742,3.843015
2017-12-21,2460.004934,1.0,-0.021771,-0.021771,3.852992,3.759349
2017-12-22,2473.487772,1.0,0.005481,0.005481,3.87411,3.779953
2017-12-26,2464.907784,1.0,-0.003469,-0.003469,3.860671,3.766841
2017-12-27,2495.550596,1.0,0.012432,0.012432,3.908666,3.813669
2017-12-28,2529.053404,1.0,0.013425,0.013425,3.96114,3.864868
2018-01-02,2538.859104,1.0,0.003877,0.003877,3.976498,3.879853
2018-01-03,2548.664803,1.0,0.003862,0.003862,3.991856,3.894837
2018-01-04,2526.601979,1.0,-0.008657,-0.008657,3.9573,3.861121
2018-01-05,2557.040505,1.0,0.012047,0.012047,4.004975,3.907637
2018-01-08,2577.673332,1.0,0.008069,0.008069,4.037291,3.939168
2018-01-09,2571.136199,1.0,-0.002536,-0.002536,4.027052,3.929178
2018-01-10,2549.890516,1.0,-0.008263,-0.008263,3.993776,3.896711
2018-01-11,2538.859104,1.0,-0.004326,-0.004326,3.976498,3.879853
2018-01-12,2540.084816,1.0,0.000483,0.000483,3.978418,3.881726
2018-01-15,2545.396237,1.0,0.002091,0.002091,3.986737,3.889843
2018-01-16,2571.54477,1.0,0.010273,0.010273,4.027692,3.929802
2018-01-17,2563.781924,1.0,-0.003019,-0.003019,4.015533,3.917939
2018-01-18,2562.556211,1.0,-0.000478,-0.000478,4.013614,3.916066
2018-01-19,2564.599066,1.0,0.000797,0.000797,4.016813,3.919188
2018-01-22,2538.041962,1.0,-0.010355,-0.010355,3.975218,3.878604
2018-01-23,2575.630478,1.0,0.01481,0.01481,4.034091,3.936046
2018-01-24,2580.941899,1.0,0.002062,0.002062,4.04241,3.944163
2018-01-25,2603.004723,1.0,0.008548,0.008548,4.076966,3.977879
2018-01-26,2615.670419,1.0,0.004866,0.004866,4.096804,3.997235
2018-01-29,2636.916101,1.0,0.008122,0.008122,4.13008,4.029702
2018-01-30,2600.553298,1.0,-0.01379,-0.01379,4.073127,3.974133
2018-01-31,2603.413294,1.0,0.0011,0.0011,4.077606,3.978503
2018-02-01,2595.241877,1.0,-0.003139,-0.003139,4.064808,3.966016
2018-02-02,2545.396237,1.0,-0.019207,-0.019207,3.986737,3.889843
2018-02-05,2512.302,1.0,-0.013002,-0.013002,3.934903,3.839268
2018-02-06,2466.542068,1.0,-0.018214,-0.018214,3.863231,3.769339
2018-02-07,2399.945023,1.0,-0.027,-0.027,3.758923,3.667566
2018-02-08,2424.459273,1.0,0.010215,0.010215,3.797319,3.705028
2018-02-09,2361.947937,1.0,-0.025784,-0.025784,3.69941,3.609499
2018-02-12,2388.50504,0.5,0.005161,0.011244,3.718503,3.650083
2018-02-13,2415.470715,0.5,0.005684,0.01129,3.73964,3.691292
2018-02-14,2439.167822,0.5,0.004945,0.009811,3.758131,3.727506
2018-02-19,2455.102085,1.0,0.006033,0.006533,3.780802,3.751856
2018-02-20,2420.373564,1.0,-0.014145,-0.014145,3.727321,3.698784
2018-02-21,2437.124968,1.0,0.006921,0.006921,3.753118,3.724384
2018-02-22,2419.147852,1.0,-0.007376,-0.007376,3.725434,3.696911
2018-02-23,2458.370651,1.0,0.016213,0.016213,3.785836,3.756851
2018-02-26,2462.047789,0.5,0.000287,0.001496,3.786923,3.76247
2018-02-27,2451.016376,0.5,-0.002201,-0.004481,3.778588,3.745612
2018-02-28,2424.050702,0.5,-0.005462,-0.011002,3.757951,3.704404
2018-03-02,2391.365036,0.5,-0.006703,-0.013484,3.732763,3.654454
2018-03-05,2354.185091,0.5,-0.007734,-0.015548,3.703892,3.597636
2018-03-06,2403.622161,0.5,0.010539,0.021,3.742927,3.673185
2018-03-07,2408.11644,0.5,0.000974,0.00187,3.746574,3.680053
2018-03-08,2431.813548,0.5,0.00496,0.009841,3.765155,3.716267
2018-03-09,2460.004934,0.5,0.005836,0.011593,3.787127,3.759349
2018-03-12,2484.110613,1.0,0.009299,0.009799,3.822344,3.796187
2018-03-13,2498.002021,1.0,0.005592,0.005592,3.843719,3.817415
2018-03-14,2497.184879,1.0,-0.000327,-0.000327,3.842461,3.816167
2018-03-15,2507.807721,1.0,0.004254,0.004254,3.858807,3.8324
2018-03-16,2499.227734,1.0,-0.003421,-0.003421,3.845605,3.819288
2018-03-19,2483.293471,1.0,-0.006376,-0.006376,3.821087,3.794938
2018-03-20,2495.142025,1.0,0.004771,0.004771,3.839318,3.813045
2018-03-21,2497.59345,1.0,0.000982,0.000982,3.84309,3.816791
2018-03-22,2501.679159,1.0,0.001636,0.001636,3.849377,3.823035
2018-03-23,2420.782135,1.0,-0.032337,-0.032337,3.724899,3.699409
2018-03-26,2439.576393,0.5,0.003421,0.007764,3.737643,3.72813
2018-03-27,2444.887814,0.5,0.001128,0.002177,3.741858,3.736247
2018-03-28,2407.095013,0.5,-0.00769,-0.015458,3.713085,3.678492
2018-03-29,2439.167822,0.5,0.006701,0.013324,3.737968,3.727506
2018-03-30,2439.984964,0.5,0.000207,0.000335,3.738741,3.728754
2018-04-02,2430.996406,0.5,-0.001803,-0.003684,3.732001,3.715018
2018-04-03,2426.910698,0.5,-0.000801,-0.001681,3.729012,3.708774
2018-04-04,2382.785049,0.5,-0.009052,-0.018182,3.695258,3.641342
2018-04-05,2426.910698,0.5,0.009299,0.018519,3.729619,3.708774
2018-04-06,2409.750723,0.5,-0.003496,-0.007071,3.71658,3.682551
2018-04-09,2427.932125,0.5,0.003812,0.007545,3.730746,3.710335
2018-04-10,2430.996406,0.5,0.00067,0.001262,3.733247,3.715018
2018-04-11,2422.824989,0.5,-0.001641,-0.003361,3.72712,3.702531
2018-04-12,2417.104998,0.5,-0.001141,-0.002361,3.722866,3.693789
2018-04-13,2439.167822,0.5,0.004603,0.009128,3.740003,3.727506
2018-04-16,2437.94211,0.5,-0.000212,-0.000503,3.739211,3.725632
2018-04-17,2438.759252,0.5,0.000207,0.000335,3.739984,3.726881
2018-04-18,2464.907784,0.5,0.0054,0.010722,3.760181,3.766841
2018-04-19,2464.907784,0.5,3.9e-05,0.0,3.760329,3.766841
2018-04-20,2459.187793,0.5,-0.001121,-0.002321,3.756114,3.7581
2018-04-23,2460.822076,1.0,0.000165,0.000665,3.756732,3.760597
2018-04-24,2446.522097,1.0,-0.005811,-0.005811,3.734901,3.738744
2018-04-25,2426.910698,1.0,-0.008016,-0.008016,3.704962,3.708774
2018-04-26,2463.682072,1.0,0.015152,0.015152,3.761098,3.764968
2018-04-27,2485.744896,1.0,0.008955,0.008955,3.794779,3.798684
2018-04-30,2498.002021,1.0,0.004931,0.004931,3.813491,3.817415
2018-05-02,2482.47633,1.0,-0.006215,-0.006215,3.78979,3.793689
2018-05-03,2468.176351,1.0,-0.00576,-0.00576,3.767959,3.771836
2018-05-04,2455.510655,1.0,-0.005132,-0.005132,3.748623,3.75248
2018-05-08,2435.899256,1.0,-0.007987,-0.007987,3.718684,3.722511
2018-05-09,2438.554966,1.0,0.00109,0.00109,3.722739,3.726569
2018-05-10,2450.607805,1.0,0.004943,0.004943,3.741139,3.744988
2018-05-11,2465.316355,1.0,0.006002,0.006002,3.763593,3.767465
2018-05-14,2458.779222,1.0,-0.002652,-0.002652,3.753613,3.757475
2018-05-15,2433.447831,1.0,-0.010302,-0.010302,3.714942,3.718764
2018-05-16,2433.447831,1.0,0.0,0.0,3.714942,3.718764
2018-05-17,2430.587835,1.0,-0.001175,-0.001175,3.710576,3.714394
2018-05-18,2441.619247,1.0,0.004539,0.004539,3.727417,3.731252
2018-05-21,2444.479243,1.0,0.001171,0.001171,3.731783,3.735622
2018-05-23,2461.230647,1.0,0.006853,0.006853,3.757356,3.761222
2018-05-24,2456.327797,1.0,-0.001992,-0.001992,3.749871,3.753729
2018-05-25,2462.456359,1.0,0.002495,0.002495,3.759227,3.763095
2018-05-28,2470.01492,0.5,0.001074,0.00307,3.763264,3.774646
2018-05-29,2449.177808,0.5,-0.004179,-0.008436,3.747539,3.742803
2018-05-30,2390.75218,0.5,-0.011888,-0.023855,3.702987,3.653517
2018-05-31,2393.816461,0.5,0.00068,0.001282,3.705505,3.6582
2018-06-01,2414.245002,0.5,0.004306,0.008534,3.721462,3.689419
2018-06-04,2428.544981,0.5,0.003001,0.005923,3.73263,3.711272
2018-06-05,2433.447831,0.5,0.001049,0.002019,3.736544,3.718764
2018-06-06,2426.297841,0.5,-0.00143,-0.002938,3.731202,3.707838
2018-06-07,2458.779222,0.5,0.006733,0.013387,3.756324,3.757475
2018-06-08,2429.770693,0.5,-0.00586,-0.011798,3.734313,3.713145
2018-06-11,2453.05923,0.5,0.004832,0.009585,3.752356,3.748734
2018-06-12,2451.424947,0.5,-0.000294,-0.000666,3.751253,3.746237
2018-06-14,2400.353594,0.5,-0.010377,-0.020833,3.712325,3.66819
2018-06-15,2390.547894,0.5,-0.002003,-0.004085,3.704888,3.653205
2018-06-18,2363.173649,0.5,-0.005686,-0.011451,3.683821,3.611372
2018-06-19,2326.402275,0.5,-0.007741,-0.01556,3.655306,3.555179
2018-06-20,2349.690812,0.5,0.005045,0.010011,3.673745,3.590768
2018-06-21,2321.499425,0.5,-0.00596,-0.011998,3.651851,3.547686
2018-06-22,2345.196533,0.5,0.005143,0.010208,3.670633,3.5839
2018-06-25,2341.927966,0.0,-0.000421,-0.001394,3.669086,3.578905
2018-06-26,2334.982262,0.0,7.9e-05,-0.002966,3.669374,3.568291
2018-06-27,2328.036558,0.0,7.9e-05,-0.002975,3.669663,3.557676
2018-06-28,2308.016588,0.0,7.9e-05,-0.0086,3.669951,3.527082
2018-06-29,2315.370863,0.0,7.9e-05,0.003186,3.670239,3.538321
2018-07-02,2257.353805,0.0,7.9e-05,-0.025057,3.670528,3.44966
2018-07-03,2264.29951,0.0,7.9e-05,0.003077,3.670816,3.460274
2018-07-04,2254.49381,0.0,7.9e-05,-0.004331,3.671105,3.445289
2018-07-05,2249.999531,0.0,7.9e-05,-0.001993,3.671393,3.438421
2018-07-06,2263.073797,0.0,7.9e-05,0.005811,3.671682,3.458401
2018-07-09,2284.728051,0.0,7.9e-05,0.009569,3.67197,3.491493
2018-07-10,2290.448042,0.0,7.9e-05,0.002504,3.672259,3.500234
2018-07-11,2276.965205,0.0,7.9e-05,-0.005887,3.672547,3.47963
2018-07-12,2282.685197,0.0,7.9e-05,0.002512,3.672836,3.488371
2018-07-13,2308.016588,0.0,7.9e-05,0.011097,3.673125,3.527082
2018-07-16,2301.68374,0.0,7.9e-05,-0.002744,3.673413,3.517404
2018-07-17,2300.458027,0.0,7.9e-05,-0.000533,3.673702,3.515531
2018-07-18,2300.866598,0.0,7.9e-05,0.000178,3.673991,3.516155
2018-07-19,2290.243757,0.0,7.9e-05,-0.004617,3.674279,3.499922
2018-07-20,2286.158049,0.0,7.9e-05,-0.001784,3.674568,3.493678
2018-07-23,2280.438057,0.0,7.9e-05,-0.002502,3.674857,3.484937
2018-07-24,2283.298053,0.0,7.9e-05,0.001254,3.675146,3.489307
2018-07-25,2284.523765,0.0,7.9e-05,0.000537,3.675434,3.49118
2018-07-26,2293.103753,0.0,7.9e-05,0.003756,3.675723,3.504292
2018-07-27,2299.232315,0.0,7.9e-05,0.002673,3.676012,3.513658
2018-07-30,2297.393746,0.5,-0.000861,-0.0008,3.672849,3.510848
2018-07-31,2298.619459,0.5,0.000306,0.000534,3.673973,3.512721
2018-08-01,2310.059442,0.5,0.002528,0.004977,3.68326,3.530204
2018-08-02,2262.256655,0.5,-0.010307,-0.020693,3.645295,3.457152
2018-08-03,2282.685197,0.5,0.004554,0.00903,3.661897,3.488371
2018-08-06,2281.050913,0.0,-0.000421,-0.000716,3.660354,3.485873
2018-08-07,2298.210888,0.0,7.9e-05,0.007523,3.660642,3.512097
2018-08-08,2296.576605,0.0,7.9e-05,-0.000711,3.660929,3.509599
2018-08-09,2295.350892,0.0,7.9e-05,-0.000534,3.661217,3.507726
2018-08-10,2266.750934,0.0,7.9e-05,-0.01246,3.661505,3.46402
2018-08-13,2238.150977,0.0,7.9e-05,-0.012617,3.661792,3.420314
2018-08-14,2247.548106,0.0,7.9e-05,0.004199,3.66208,3.434675
2018-08-16,2220.17386,0.0,7.9e-05,-0.01218,3.662368,3.392842
2018-08-17,2223.033856,0.0,7.9e-05,0.001288,3.662656,3.397212
2018-08-20,2225.893852,0.0,7.9e-05,0.001287,3.662944,3.401583
2018-08-21,2254.085239,0.0,7.9e-05,0.012665,3.663231,3.444665
2018-08-22,2261.030943,0.0,7.9e-05,0.003081,3.663519,3.455279
2018-08-23,2267.568076,0.0,7.9e-05,0.002891,3.663807,3.465269
2018-08-24,2279.41663,0.0,7.9e-05,0.005225,3.664095,3.483376
2018-08-27,2278.190918,0.0,7.9e-05,-0.000538,3.664383,3.481503
2018-08-28,2278.190918,0.0,7.9e-05,0.0,3.664671,3.481503
2018-08-29,2278.190918,0.0,7.9e-05,0.0,3.664959,3.481503
2018-08-30,2278.190918,0.0,7.9e-05,0.0,3.665247,3.481503
2018-08-31,2278.190918,0.0,7.9e-05,0.0,3.665535,3.481503
2018-09-03,2278.190918,0.0,7.9e-05,0.0,3.665823,3.481503
2018-09-04,2278.190918,0.0,7.9e-05,0.0,3.666111,3.481503
2018-09-05,2278.190918,0.0,7.9e-05,0.0,3.666399,3.481503
2018-09-06,2278.190918,0.0,7.9e-05,0.0,3.666687,3.481503
2018-09-07,2278.190918,0.0,7.9e-05,0.0,3.666976,3.481503
2018-09-10,2278.190918,0.0,7.9e-05,0.0,3.667264,3.481503
2018-09-11,2278.190918,0.0,7.9e-05,0.0,3.667552,3.481503
2018-09-12,2278.190918,0.0,7.9e-05,0.0,3.66784,3.481503
2018-09-13,2278.190918,0.0,7.9e-05,0.0,3.668128,3.481503
2018-09-14,2296.168034,0.0,7.9e-05,0.007891,3.668417,3.508975
2018-09-17,2275.330922,0.5,-0.004998,-0.009075,3.650082,3.477132
2018-09-18,2287.179476,0.5,0.002643,0.005207,3.659729,3.495239
2018-09-19,2290.039471,0.5,0.000665,0.00125,3.662161,3.49961
2018-09-20,2311.285154,0.5,0.004678,0.009277,3.679292,3.532077
2018-09-21,2323.542279,0.5,0.002691,0.005303,3.689193,3.550808
2018-09-27,2339.885112,1.0,0.006534,0.007034,3.713296,3.575783
2018-09-28,2326.402275,1.0,-0.005762,-0.005762,3.6919,3.555179
2018-10-01,2326.197989,1.0,-8.8e-05,-8.8e-05,3.691576,3.554866
2018-10-02,2326.197989,1.0,0.0,0.0,3.691576,3.554866
2018-10-04,2253.268097,1.0,-0.031352,-0.031352,3.575839,3.443416
2018-10-05,2247.956677,1.0,-0.002357,-0.002357,3.56741,3.435299
2018-10-08,2239.78526,0.5,-0.002278,-0.003635,3.559283,3.422812
2018-10-10,2222.625285,0.5,-0.003791,-0.007661,3.545788,3.396588
2018-10-11,2114.354017,0.5,-0.024317,-0.048713,3.459564,3.231129
2018-10-12,2153.168245,0.5,0.009218,0.018357,3.491454,3.290445
2018-10-15,2153.168245,0.0,-0.000421,0.0,3.489983,3.290445
2018-10-16,2153.168245,0.0,7.9e-05,0.0,3.490257,3.290445
2018-10-17,2160.726805,0.0,7.9e-05,0.00351,3.490531,3.301996
2018-10-18,2139.889693,0.0,7.9e-05,-0.009644,3.490806,3.270153
2018-10-19,2144.179687,0.0,7.9e-05,0.002005,3.49108,3.276708
2018-10-22,2149.899679,0.0,7.9e-05,0.002668,3.491354,3.28545
2018-10-23,2095.151188,0.0,7.9e-05,-0.025466,3.491629,3.201784
2018-10-24,2087.388342,0.0,7.9e-05,-0.003705,3.491903,3.189921
2018-10-25,2050.208397,0.0,7.9e-05,-0.017812,3.492178,3.133103
2018-10-26,2015.479877,0.0,7.9e-05,-0.016939,3.492452,3.080031
2018-10-29,1991.78277,0.0,7.9e-05,-0.011758,3.492726,3.043817
2018-10-30,2009.759886,0.0,7.9e-05,0.009026,3.493001,3.07129
2018-10-31,2020.791298,0.0,7.9e-05,0.005489,3.493275,3.088148
2018-11-01,2016.70559,0.0,7.9e-05,-0.002022,3.49355,3.081904
2018-11-02,2091.474051,0.0,7.9e-05,0.037075,3.493824,3.196164
2018-11-05,2071.45408,0.0,7.9e-05,-0.009572,3.494099,3.16557
2018-11-06,2084.936918,0.0,7.9e-05,0.006509,3.494374,3.186174
2018-11-07,2075.131218,0.0,7.9e-05,-0.004703,3.494648,3.171189
2018-11-08,2093.925476,0.0,7.9e-05,0.009057,3.494923,3.199911
2018-11-09,2082.894063,0.0,7.9e-05,-0.005268,3.495197,3.183052
2018-11-12,2086.16263,0.0,7.9e-05,0.001569,3.495472,3.188047
2018-11-13,2067.368372,0.0,7.9e-05,-0.009009,3.495747,3.159326
2018-11-14,2063.282664,0.0,7.9e-05,-0.001976,3.496022,3.153083
2018-11-15,2086.16263,0.0,7.9e-05,0.011089,3.496296,3.188047
2018-11-16,2082.894063,0.0,7.9e-05,-0.001567,3.496571,3.183052
2018-11-19,2089.431197,0.0,7.9e-05,0.003138,3.496846,3.193042
2018-11-20,2065.734089,0.0,7.9e-05,-0.011341,3.497121,3.156829
2018-11-21,2057.154101,0.0,7.9e-05,-0.004153,3.497395,3.143717
2018-11-22,2055.928389,0.0,7.9e-05,-0.000596,3.49767,3.141844
2018-11-23,2041.219839,0.0,7.9e-05,-0.007154,3.497945,3.119366
2018-11-26,2071.45408,0.0,7.9e-05,0.014812,3.49822,3.16557
2018-11-27,2089.022626,0.0,7.9e-05,0.008481,3.498495,3.192418
2018-11-28,2101.688321,0.0,7.9e-05,0.006063,3.49877,3.211774
2018-11-29,2104.139746,0.0,7.9e-05,0.001166,3.499045,3.21552
2018-11-30,2082.485493,0.0,7.9e-05,-0.010291,3.49932,3.182428
2018-12-03,2121.299721,0.0,7.9e-05,0.018638,3.499595,3.241744
2018-12-04,2099.645467,0.0,7.9e-05,-0.010208,3.49987,3.208652
2018-12-05,2084.528347,0.0,7.9e-05,-0.0072,3.500145,3.18555
2018-12-06,2047.756973,0.0,7.9e-05,-0.01764,3.50042,3.129356
2018-12-07,2057.562672,0.0,7.9e-05,0.004789,3.500695,3.144341
2018-12-10,2032.639852,0.0,7.9e-05,-0.012113,3.50097,3.106255
2018-12-11,2028.962715,0.0,7.9e-05,-0.001809,3.501245,3.100635
2018-12-12,2059.196956,0.0,7.9e-05,0.014901,3.50152,3.146839
2018-12-13,2074.722647,0.0,7.9e-05,0.00754,3.501796,3.170565
2018-12-14,2033.048423,0.0,7.9e-05,-0.020087,3.502071,3.106879
2018-12-17,2040.811268,0.0,7.9e-05,0.003818,3.502346,3.118742
2018-12-18,2033.048423,0.0,7.9e-05,-0.003804,3.502621,3.106879
2018-12-19,2047.348402,0.0,7.9e-05,0.007034,3.502896,3.128732
2018-12-20,2024.877006,0.0,7.9e-05,-0.010976,3.503172,3.094392
2018-12-21,2024.059865,0.0,7.9e-05,-0.000404,3.503447,3.093143
2018-12-24,2023.651294,0.0,7.9e-05,-0.000202,3.503722,3.092518
2018-12-26,1988.922774,0.0,7.9e-05,-0.017161,3.503998,3.039447
2018-12-27,2022.834152,0.0,7.9e-05,0.01705,3.504273,3.09127
2018-12-28,2028.145573,0.0,7.9e-05,0.002626,3.504548,3.099387
2019-01-02,2001.588469,0.0,7.9e-05,-0.013094,3.504824,3.058802
2019-01-03,1983.202782,0.0,7.9e-05,-0.009186,3.505099,3.030706
2019-01-04,2000.771328,0.0,7.9e-05,0.008859,3.505375,3.057554
2019-01-07,2033.865564,0.0,7.9e-05,0.016541,3.50565,3.108128
2019-01-08,2017.114161,0.0,7.9e-05,-0.008236,3.505926,3.082528
2019-01-09,2060.422668,0.0,7.9e-05,0.021471,3.506201,3.148712
2019-01-10,2058.379814,0.0,7.9e-05,-0.000991,3.506477,3.14559
2019-01-11,2075.539789,0.0,7.9e-05,0.008337,3.506752,3.171814
2019-01-14,2055.111247,0.5,-0.005382,-0.009843,3.487879,3.140595
2019-01-15,2100.462609,0.5,0.011073,0.022068,3.526501,3.209901
2019-01-16,2109.859738,0.5,0.002276,0.004474,3.534528,3.224261
2019-01-17,2111.902592,0.5,0.000523,0.000968,3.536378,3.227383
2019-01-18,2131.922562,0.5,0.004779,0.00948,3.553278,3.257977
2019-01-21,2131.922562,0.5,3.9e-05,0.0,3.553418,3.257977
2019-01-22,2118.031154,0.5,-0.003219,-0.006516,3.541981,3.236749
2019-01-23,2131.922562,0.5,0.003319,0.006559,3.553735,3.257977
2019-01-24,2151.125391,0.5,0.004543,0.009007,3.56988,3.287323
2019-01-25,2194.433899,0.5,0.010106,0.020133,3.605956,3.353506
2019-01-28,2191.982474,1.0,-0.001617,-0.001117,3.600125,3.34976
2019-01-29,2203.013886,1.0,0.005033,0.005033,3.618243,3.366618
2019-01-30,2236.516693,1.0,0.015208,0.015208,3.673268,3.417817
2019-01-31,2231.205273,1.0,-0.002375,-0.002375,3.664544,3.4097
2019-02-01,2225.893852,1.0,-0.002381,-0.002381,3.655821,3.401583
2019-02-07,2223.442427,1.0,-0.001101,-0.001101,3.651795,3.397837
2019-02-08,2191.573903,1.0,-0.014333,-0.014333,3.599454,3.349136
2019-02-11,2194.842469,1.0,0.001491,0.001491,3.604822,3.354131
2019-02-12,2209.551019,1.0,0.006701,0.006701,3.628979,3.376608
2019-02-13,2220.991002,1.0,0.005178,0.005178,3.647768,3.394091
2019-02-14,2242.645256,1.0,0.00975,0.00975,3.683334,3.427182
2019-02-15,2208.325307,1.0,-0.015303,-0.015303,3.626966,3.374735
2019-02-18,2229.570989,1.0,0.009621,0.009621,3.66186,3.407202
2019-02-19,2220.582431,1.0,-0.004032,-0.004032,3.647097,3.393466
2019-02-20,2243.053827,1.0,0.01012,0.01012,3.684005,3.427807
2019-02-21,2245.096681,1.0,0.000911,0.000911,3.68736,3.430928
2019-02-22,2247.139535,1.0,0.00091,0.00091,3.690715,3.43405
2019-02-25,2252.450956,1.0,0.002364,0.002364,3.699438,3.442167
2019-02-26,2237.742406,1.0,-0.00653,-0.00653,3.675281,3.41969
2019-02-27,2243.462397,1.0,0.002556,0.002556,3.684676,3.428431
2019-02-28,2206.282452,1.0,-0.016573,-0.016573,3.623611,3.371613
2019-03-04,2196.885323,0.5,-0.00259,-0.004259,3.614225,3.357253
2019-03-05,2180.13392,0.5,-0.003773,-0.007625,3.600587,3.331653
2019-03-06,2178.499636,0.5,-0.000336,-0.00075,3.599379,3.329156
2019-03-07,2165.42537,0.5,-0.002961,-0.006002,3.58872,3.309176
2019-03-08,2133.965416,0.5,-0.007225,-0.014528,3.562792,3.261099
2019-03-11,2135.5997,0.0,-0.000421,0.000766,3.56129,3.263597
2019-03-12,2158.071095,0.0,7.9e-05,0.010522,3.56157,3.297937
2019-03-13,2139.276837,0.0,7.9e-05,-0.008709,3.56185,3.269216
2019-03-14,2149.082537,0.0,7.9e-05,0.004584,3.56213,3.284201
2019-03-15,2174.005357,0.0,7.9e-05,0.011597,3.56241,3.322288
2019-03-18,2174.005357,0.5,-0.000461,0.0,3.560769,3.322288
2019-03-19,2171.962503,0.5,-0.000431,-0.00094,3.559236,3.319166
2019-03-20,2175.23107,0.5,0.000792,0.001505,3.562054,3.324161
2019-03-21,2190.756761,0.5,0.003608,0.007137,3.574906,3.347887
2019-03-22,2195.659611,0.5,0.001158,0.002238,3.579046,3.355379
2019-03-25,2149.899679,0.5,-0.010381,-0.020841,3.541891,3.28545
2019-03-26,2151.125391,0.5,0.000324,0.00057,3.54304,3.287323
2019-03-27,2151.533962,0.5,0.000134,0.00019,3.543516,3.287947
2019-03-28,2138.459696,0.5,-0.002999,-0.006077,3.532889,3.267967
2019-03-29,2146.222541,0.5,0.001854,0.00363,3.53944,3.27983
2019-04-01,2179.725349,0.0,-0.000421,0.01561,3.537948,3.331029
2019-04-02,2188.305336,0.0,7.9e-05,0.003936,3.538226,3.344141
2019-04-03,2223.850998,0.0,7.9e-05,0.016243,3.538504,3.398461
2019-04-04,2230.183846,0.0,7.9e-05,0.002848,3.538783,3.408139
2019-04-05,2230.183846,0.0,7.9e-05,0.0,3.539061,3.408139
2019-04-08,2230.183846,1.0,-0.001,0.0,3.535522,3.408139
2019-04-09,2228.140992,1.0,-0.000916,-0.000916,3.532283,3.405017
2019-04-10,2232.635271,1.0,0.002017,0.002017,3.539408,3.411885
2019-04-11,2232.635271,1.0,0.0,0.0,3.539408,3.411885
2019-04-12,2237.946691,1.0,0.002379,0.002379,3.547828,3.420002
2019-04-15,2255.106666,1.0,0.007668,0.007668,3.575032,3.446226
2019-04-16,2257.14952,1.0,0.000906,0.000906,3.57827,3.449347
2019-04-17,2262.869512,1.0,0.002534,0.002534,3.587338,3.458089
2019-04-18,2231.000987,1.0,-0.014083,-0.014083,3.536817,3.409388
2019-04-19,2221.399573,1.0,-0.004304,-0.004304,3.521596,3.394715
2019-04-22,2213.432442,0.5,-0.002254,-0.003587,3.513658,3.38254
2019-04-23,2213.432442,0.5,3.9e-05,0.0,3.513796,3.38254
2019-04-24,2213.432442,0.5,3.9e-05,0.0,3.513934,3.38254
2019-04-25,2213.432442,0.5,3.9e-05,0.0,3.514072,3.38254
2019-04-26,2182.176774,0.5,-0.007021,-0.014121,3.4894,3.334775
2019-04-29,2230.388131,0.0,-0.000421,0.022093,3.487929,3.408451
2019-04-30,2213.636727,0.0,7.9e-05,-0.007511,3.488203,3.382852
2019-05-02,2223.850998,0.0,7.9e-05,0.004614,3.488477,3.398461
2019-05-03,2200.15389,0.0,7.9e-05,-0.010656,3.488751,3.362247
2019-05-07,2182.585345,0.0,7.9e-05,-0.007985,3.489026,3.335399
2019-05-08,2169.102507,0.0,7.9e-05,-0.006177,3.4893,3.314795
2019-05-09,2130.083994,0.0,7.9e-05,-0.017988,3.489574,3.255168
2019-05-10,2107.612598,0.0,7.9e-05,-0.01055,3.489848,3.220827
2019-05-13,2086.366915,0.0,7.9e-05,-0.01008,3.490122,3.18836
2019-05-14,2086.366915,0.0,7.9e-05,0.0,3.490397,3.18836
2019-05-15,2086.366915,0.0,7.9e-05,0.0,3.490671,3.18836
2019-05-16,2067.164087,0.0,7.9e-05,-0.009204,3.490945,3.159014
2019-05-17,2058.584099,0.0,7.9e-05,-0.004151,3.49122,3.145902
2019-05-20,2058.584099,0.0,7.9e-05,0.0,3.491494,3.145902
2019-05-21,2058.584099,0.0,7.9e-05,0.0,3.491768,3.145902
2019-05-22,2058.584099,0.0,7.9e-05,0.0,3.492043,3.145902
2019-05-23,2058.584099,0.0,7.9e-05,0.0,3.492317,3.145902
2019-05-24,2033.661279,0.0,7.9e-05,-0.012107,3.492592,3.107816
2019-05-27,2041.219839,0.0,7.9e-05,0.003717,3.492866,3.119366
2019-05-28,2044.896977,0.0,7.9e-05,0.001801,3.493141,3.124986
2019-05-29,2013.437023,0.0,7.9e-05,-0.015385,3.493415,3.076909
2019-05-30,2010.985598,0.0,7.9e-05,-0.001218,3.49369,3.073163
2019-05-31,2010.985598,0.0,7.9e-05,0.0,3.493964,3.073163
2019-06-03,2010.985598,0.0,7.9e-05,0.0,3.494239,3.073163
2019-06-04,2010.985598,0.0,7.9e-05,0.0,3.494513,3.073163
2019-06-05,2010.985598,0.0,7.9e-05,0.0,3.494788,3.073163
2019-06-07,2010.985598,0.0,7.9e-05,0.0,3.495063,3.073163
2019-06-10,2010.985598,0.0,7.9e-05,0.0,3.495337,3.073163
2019-06-11,2010.985598,0.0,7.9e-05,0.0,3.495612,3.073163
2019-06-12,2010.985598,0.0,7.9e-05,0.0,3.495887,3.073163
2019-06-13,2085.958345,0.0,7.9e-05,0.037282,3.496161,3.187735
2019-06-14,2088.40977,0.0,7.9e-05,0.001175,3.496436,3.191482
2019-06-17,2088.40977,0.0,7.9e-05,0.0,3.496711,3.191482
2019-06-18,2094.129761,0.0,7.9e-05,0.002739,3.496986,3.200223
2019-06-19,2125.998285,0.0,7.9e-05,0.015218,3.497261,3.248924
2019-06-20,2129.266852,0.0,7.9e-05,0.001537,3.497535,3.253919
2019-06-21,2128.858281,0.0,7.9e-05,-0.000192,3.49781,3.253294
2019-06-24,2128.858281,0.5,-0.000461,0.0,3.496199,3.253294
2019-06-25,2128.858281,0.5,3.9e-05,0.0,3.496336,3.253294
2019-06-26,2129.266852,0.5,0.000135,0.000192,3.496809,3.253919
2019-06-27,2157.86681,0.5,0.006755,0.013432,3.520431,3.297625
2019-06-28,2152.351104,0.5,-0.001239,-0.002556,3.51607,3.289196
2019-07-01,2149.899679,0.5,-0.00053,-0.001139,3.514206,3.28545
2019-07-02,2140.911121,0.5,-0.002051,-0.004181,3.506997,3.271713
2019-07-03,2108.225455,0.5,-0.007594,-0.015267,3.480364,3.221764
2019-07-04,2128.245425,0.5,0.004787,0.009496,3.497026,3.252358
2019-07-05,2124.159717,0.5,-0.000921,-0.00192,3.493807,3.246114
2019-07-08,2077.174072,0.5,-0.011021,-0.02212,3.455303,3.174311
2019-07-09,2069.002655,0.5,-0.001928,-0.003934,3.448642,3.161824
2019-07-10,2080.442638,0.5,0.002804,0.005529,3.458312,3.179306
2019-07-11,2106.999742,0.5,0.006422,0.012765,3.480521,3.21989
2019-07-12,2111.08545,0.5,0.001009,0.001939,3.484032,3.226134
2019-07-15,2112.311163,0.0,-0.000421,0.000581,3.482564,3.228007
2019-07-16,2122.116863,0.0,7.9e-05,0.004642,3.482838,3.242992
2019-07-17,2098.828326,0.0,7.9e-05,-0.010974,3.483111,3.207403
2019-07-18,2091.269765,0.0,7.9e-05,-0.003601,3.483385,3.195852
2019-07-19,2126.406856,0.0,7.9e-05,0.016802,3.483659,3.249548
2019-07-22,2125.794,0.0,7.9e-05,-0.000288,3.483933,3.248612
2019-07-23,2137.642554,0.0,7.9e-05,0.005574,3.484206,3.266718
2019-07-24,2115.171159,0.0,7.9e-05,-0.010512,3.48448,3.232378
2019-07-25,2113.536875,0.0,7.9e-05,-0.000773,3.484754,3.22988
2019-07-26,2105.77403,0.0,7.9e-05,-0.003673,3.485028,3.218017
2019-07-29,2065.938374,0.0,7.9e-05,-0.018917,3.485302,3.157141
2019-07-30,2065.938374,0.0,7.9e-05,0.0,3.485576,3.157141
2019-07-31,2065.938374,0.0,7.9e-05,0.0,3.485849,3.157141
2019-08-01,2065.938374,0.0,7.9e-05,0.0,3.486123,3.157141
2019-08-02,2065.938374,0.0,7.9e-05,0.0,3.486397,3.157141
2019-08-05,1977.07422,0.5,-0.021968,-0.043014,3.409809,3.02134
2019-08-06,1950.108545,0.5,-0.00678,-0.013639,3.38669,2.980131
2019-08-07,1944.797125,0.5,-0.001323,-0.002724,3.382211,2.972014
2019-08-08,1949.699975,0.5,0.0013,0.002521,3.386607,2.979507
2019-08-09,1963.182812,0.5,0.003497,0.006915,3.39845,3.000111
2019-08-12,1964.817095,0.0,-0.000421,0.000832,3.397018,3.002609
2019-08-13,1937.034279,0.0,7.9e-05,-0.01414,3.397285,2.960151
2019-08-14,1962.774241,0.0,7.9e-05,0.013288,3.397552,2.999487
2019-08-16,1953.377112,0.0,7.9e-05,-0.004788,3.397819,2.985126
2019-08-19,1967.26852,0.0,7.9e-05,0.007111,3.398086,3.006355
2019-08-20,1985.654207,0.0,7.9e-05,0.009346,3.398353,3.034452
2019-08-21,1988.922774,0.0,7.9e-05,0.001646,3.39862,3.039447
2019-08-22,1972.17137,0.0,7.9e-05,-0.008422,3.398887,3.013847
2019-08-23,1972.579941,0.0,7.9e-05,0.000207,3.399154,3.014472
2019-08-26,1941.528558,0.0,7.9e-05,-0.015742,3.399421,2.96702
2019-08-27,1953.785683,0.0,7.9e-05,0.006313,3.399688,2.985751
2019-08-28,1968.085662,0.0,7.9e-05,0.007319,3.399955,3.007604
2019-08-29,1953.377112,0.0,7.9e-05,-0.007474,3.400222,2.985126
2019-08-30,1993.008482,0.0,7.9e-05,0.020289,3.40049,3.04569
2019-09-02,1995.051336,0.5,5.2e-05,0.001025,3.400666,3.048812
2019-09-03,1985.654207,0.5,-0.002316,-0.00471,3.39279,3.034452
2019-09-04,2016.70559,0.5,0.007858,0.015638,3.419452,3.081904
2019-09-05,2039.994127,0.5,0.005813,0.011548,3.43933,3.117493
2019-09-06,2050.616968,0.5,0.002643,0.005207,3.44842,3.133727
2019-09-09,2065.734089,1.0,0.006872,0.007372,3.472117,3.156829
2019-09-10,2073.905505,1.0,0.003956,0.003956,3.485852,3.169316
2019-09-11,2090.656909,1.0,0.008077,0.008077,3.514008,3.194916
2019-09-16,2090.656909,1.0,0.0,0.0,3.514008,3.194916
2019-09-17,2090.656909,1.0,0.0,0.0,3.514008,3.194916
2019-09-18,2090.656909,1.0,0.0,0.0,3.514008,3.194916
2019-09-19,2090.656909,1.0,0.0,0.0,3.514008,3.194916
2019-09-20,2134.169702,1.0,0.020813,0.020813,3.587145,3.261411
2019-09-23,2139.276837,1.0,0.002393,0.002393,3.595729,3.269216
2019-09-24,2150.71682,1.0,0.005348,0.005348,3.614957,3.286698
2019-09-25,2120.074008,1.0,-0.014248,-0.014248,3.563453,3.23987
2019-09-26,2129.675423,1.0,0.004529,0.004529,3.579591,3.254543
2019-09-27,2100.258323,1.0,-0.013813,-0.013813,3.530146,3.209588
2019-09-30,2100.258323,1.0,0.0,0.0,3.530146,3.209588
2019-10-01,2128.04114,1.0,0.013228,0.013228,3.576844,3.252046
2019-10-02,2073.088364,1.0,-0.025823,-0.025823,3.484478,3.168068
2019-10-04,2062.056951,1.0,-0.005321,-0.005321,3.465937,3.151209
2019-10-07,2072.271222,0.5,0.002016,0.004953,3.472924,3.166819
2019-10-08,2101.279751,0.5,0.007039,0.013998,3.497368,3.211149
2019-10-10,2085.754059,0.5,-0.003655,-0.007389,3.484585,3.187423
2019-10-11,2100.87118,0.5,0.003663,0.007248,3.49735,3.210525
2019-10-14,2122.116863,0.5,0.005096,0.010113,3.515171,3.242992
2019-10-15,2126.202571,0.5,0.001002,0.001925,3.518693,3.249236
2019-10-16,2139.685408,0.5,0.00321,0.006341,3.529988,3.26984
2019-10-17,2130.288279,0.5,-0.002157,-0.004392,3.522375,3.25548
2019-10-18,2110.676879,0.5,-0.004564,-0.009206,3.5063,3.22551
2019-10-21,2120.074008,1.0,0.003952,0.004452,3.520158,3.23987
2019-10-22,2149.082537,1.0,0.013683,0.013683,3.568323,3.284201
2019-10-23,2138.051125,1.0,-0.005133,-0.005133,3.550007,3.267343
2019-10-24,2132.535419,1.0,-0.00258,-0.00258,3.540848,3.258914
2019-10-25,2142.341118,1.0,0.004598,0.004598,3.55713,3.273899
2019-10-28,2151.942533,1.0,0.004482,0.004482,3.573072,3.288572
2019-10-29,2148.265395,1.0,-0.001709,-0.001709,3.566966,3.282952
2019-10-30,2129.471137,1.0,-0.008749,-0.008749,3.535761,3.254231
2019-10-31,2136.008271,1.0,0.00307,0.00307,3.546615,3.264221
2019-11-01,2154.802529,1.0,0.008799,0.008799,3.577821,3.292942
2019-11-04,2190.756761,1.0,0.016686,0.016686,3.637519,3.347887
2019-11-05,2201.379603,1.0,0.004849,0.004849,3.655157,3.364121
2019-11-06,2205.05674,1.0,0.00167,0.00167,3.661262,3.36974
2019-11-07,2202.605315,1.0,-0.001112,-0.001112,3.657192,3.365994
2019-11-08,2192.799615,1.0,-0.004452,-0.004452,3.640911,3.351009
2019-11-11,2173.188216,1.0,-0.008944,-0.008944,3.608348,3.321039
2019-11-12,2197.293894,1.0,0.011092,0.011092,3.648373,3.357877
2019-11-13,2180.13392,1.0,-0.00781,-0.00781,3.619881,3.331653
2019-11-14,2197.293894,1.0,0.007871,0.007871,3.648373,3.357877
2019-11-15,2230.388131,1.0,0.015061,0.015061,3.703322,3.408451
2019-11-18,2225.893852,1.0,-0.002015,-0.002015,3.69586,3.401583
2019-11-19,2216.088152,1.0,-0.004405,-0.004405,3.679579,3.386598
2019-11-20,2185.853911,1.0,-0.013643,-0.013643,3.629378,3.340394
2019-11-21,2150.71682,1.0,-0.016075,-0.016075,3.571037,3.286698
2019-11-22,2163.791087,1.0,0.006079,0.006079,3.592745,3.306678
2019-11-25,2187.488195,1.0,0.010952,0.010952,3.632092,3.342892
2019-11-26,2190.756761,1.0,0.001494,0.001494,3.637519,3.347887
2019-11-27,2189.531049,1.0,-0.000559,-0.000559,3.635484,3.346014
2019-11-28,2180.54249,1.0,-0.004105,-0.004105,3.620559,3.332278
2019-11-29,2143.771116,1.0,-0.016863,-0.016863,3.559504,3.276084
2019-12-02,2147.039683,0.5,0.000302,0.001525,3.560578,3.281079
2019-12-03,2133.965416,0.5,-0.003005,-0.006089,3.549877,3.261099
2019-12-04,2122.116863,0.5,-0.002737,-0.005552,3.540161,3.242992
2019-12-05,2116.396871,0.5,-0.001308,-0.002695,3.535529,3.234251
2019-12-06,2138.459696,0.5,0.005252,0.010425,3.554096,3.267967
2019-12-09,2147.448254,0.0,-0.000421,0.004203,3.552599,3.281703
2019-12-10,2160.113949,0.0,7.9e-05,0.005898,3.552878,3.301059
2019-12-11,2170.736791,0.0,7.9e-05,0.004918,3.553157,3.317293
2019-12-12,2209.551019,0.0,7.9e-05,0.017881,3.553436,3.376608
2019-12-13,2251.633814,0.0,7.9e-05,0.019046,3.553716,3.440918
2019-12-16,2245.505252,1.0,-0.003722,-0.002722,3.540489,3.431553
2019-12-17,2281.868055,1.0,0.016194,0.016194,3.597822,3.487122
2019-12-18,2278.599488,1.0,-0.001432,-0.001432,3.592669,3.482127
2019-12-19,2281.868055,1.0,0.001434,0.001434,3.597822,3.487122
2019-12-20,2285.953763,1.0,0.001791,0.001791,3.604264,3.493366
2019-12-23,2284.31948,1.0,-0.000715,-0.000715,3.601688,3.490868
2019-12-24,2265.525222,1.0,-0.008228,-0.008228,3.572055,3.462147
2019-12-26,2280.233772,1.0,0.006492,0.006492,3.595246,3.484625
2019-12-27,2322.316567,1.0,0.018455,0.018455,3.661598,3.548935
2019-12-30,2310.468013,1.0,-0.005102,-0.005102,3.642916,3.530828
2020-01-02,2275.330922,1.0,-0.015208,-0.015208,3.587515,3.477132
2020-01-03,2280.233772,1.0,0.002155,0.002155,3.595246,3.484625
2020-01-06,2259.80523,1.0,-0.008959,-0.008959,3.563036,3.453406
2020-01-07,2285.953763,1.0,0.011571,0.011571,3.604264,3.493366
2020-01-08,2269.202359,1.0,-0.007328,-0.007328,3.577852,3.467766
2020-01-09,2308.833729,1.0,0.017465,0.017465,3.640339,3.528331
2020-01-10,2329.670841,1.0,0.009025,0.009025,3.673193,3.560174
2020-01-13,2355.002233,1.0,0.010873,0.010873,3.713133,3.598885
2020-01-14,2366.033645,1.0,0.004684,0.004684,3.730526,3.615743
2020-01-15,2351.325095,1.0,-0.006217,-0.006217,3.707335,3.593265
2020-01-16,2375.430774,1.0,0.010252,0.010252,3.745343,3.630103
2020-01-17,2379.516482,1.0,0.00172,0.00172,3.751785,3.636347
2020-01-20,2401.579307,1.0,0.009272,0.009272,3.786571,3.670063
2020-01-21,2366.033645,1.0,-0.014801,-0.014801,3.730526,3.615743
2020-01-22,2404.847873,1.0,0.016405,0.016405,3.791725,3.675058
2020-01-23,2372.162207,1.0,-0.013592,-0.013592,3.740189,3.625108
2020-01-28,2292.490896,1.0,-0.033586,-0.033586,3.614572,3.503356
2020-01-29,2301.888025,1.0,0.004099,0.004099,3.629388,3.517716
2020-01-30,2251.633814,1.0,-0.021832,-0.021832,3.550152,3.440918
2020-01-31,2226.302423,1.0,-0.01125,-0.01125,3.510212,3.402207
2020-02-03,2228.753848,0.5,9e-05,0.001101,3.510528,3.405954
2020-02-04,2279.41663,0.5,0.011405,0.022731,3.550565,3.483376
2020-02-05,2286.770905,0.5,0.001652,0.003226,3.556432,3.494615
2020-02-06,2361.130795,0.5,0.016298,0.032517,3.614395,3.60825
2020-02-07,2335.799404,0.5,-0.005325,-0.010728,3.595149,3.569539
2020-02-10,2320.682283,1.0,-0.006972,-0.006472,3.570084,3.546437
2020-02-11,2348.056529,1.0,0.011796,0.011796,3.612195,3.58827
2020-02-12,2364.807932,1.0,0.007134,0.007134,3.637965,3.61387
2020-02-13,2353.367949,1.0,-0.004838,-0.004838,3.620366,3.596387
2020-02-14,2376.247915,1.0,0.009722,0.009722,3.655564,3.631352
2020-02-17,2372.366493,1.0,-0.001633,-0.001633,3.649593,3.625421
2020-02-18,2372.366493,1.0,0.0,0.0,3.649593,3.625421
2020-02-19,2372.366493,1.0,0.0,0.0,3.649593,3.625421
2020-02-20,2372.366493,1.0,0.0,0.0,3.649593,3.625421
2020-02-21,2372.366493,1.0,0.0,0.0,3.649593,3.625421
2020-02-24,2195.659611,1.0,-0.074485,-0.074485,3.377752,3.355379
2020-02-25,2224.66814,1.0,0.013212,0.013212,3.422378,3.39971
2020-02-26,2186.262482,1.0,-0.017264,-0.017264,3.363295,3.341019
2020-02-27,2167.876795,1.0,-0.00841,-0.00841,3.335011,3.312922
2020-02-28,2092.699763,1.0,-0.034678,-0.034678,3.219361,3.198037
2020-03-02,2111.902592,0.0,-0.000921,0.009176,3.216394,3.227383
2020-03-03,2123.342575,0.0,7.9e-05,0.005417,3.216647,3.244865
2020-03-04,2171.962503,0.0,7.9e-05,0.022898,3.2169,3.319166
2020-03-05,2196.476753,0.0,7.9e-05,0.011287,3.217153,3.356628
2020-03-06,2143.771116,0.0,7.9e-05,-0.023996,3.217405,3.276084
2020-03-09,2042.036981,0.0,7.9e-05,-0.047456,3.217658,3.120615
2020-03-10,2063.691235,0.0,7.9e-05,0.010604,3.217911,3.153707
2020-03-11,1997.502761,0.0,7.9e-05,-0.032073,3.218164,3.052559
2020-03-12,1894.951484,0.0,7.9e-05,-0.05134,3.218417,2.895841
2020-03-13,1878.20008,0.0,7.9e-05,-0.00884,3.21867,2.870242
2020-03-16,1778.508799,0.0,7.9e-05,-0.053078,3.218923,2.717895
2020-03-17,1736.426004,0.0,7.9e-05,-0.023662,3.219176,2.653584
2020-03-18,1631.831873,0.0,7.9e-05,-0.060235,3.219429,2.493745
2020-03-19,1516.614901,0.0,7.9e-05,-0.070606,3.219682,2.317672
2020-03-20,1657.163264,0.0,7.9e-05,0.092672,3.219935,2.532456
2020-03-23,1532.140592,0.0,7.9e-05,-0.075444,3.220188,2.341398
2020-03-24,1700.063201,0.0,7.9e-05,0.1096,3.220441,2.598015
2020-03-25,1802.614478,0.0,7.9e-05,0.060322,3.220694,2.754733
2020-03-26,1762.574537,0.0,7.9e-05,-0.022212,3.220947,2.693544
2020-03-27,1811.194465,0.0,7.9e-05,0.027585,3.2212,2.767845
2020-03-30,1784.637362,0.0,7.9e-05,-0.014663,3.221453,2.72726
2020-03-31,1831.214436,0.0,7.9e-05,0.026099,3.221706,2.798439
2020-04-01,1742.554567,0.0,7.9e-05,-0.048416,3.221959,2.66295
2020-04-02,1795.668774,0.0,7.9e-05,0.030481,3.222213,2.744118
2020-04-03,1793.62592,0.0,7.9e-05,-0.001138,3.222466,2.740997
2020-04-04,1782.594507,0.0,7.9e-05,-0.00615,3.222719,2.724138
2020-04-07,1875.748655,0.0,7.9e-05,0.052258,3.222972,2.866495
2020-04-08,1876.157226,0.0,7.9e-05,0.000218,3.223226,2.86712
2020-04-09,1905.165755,0.0,7.9e-05,0.015462,3.223479,2.91145
2020-04-10,1921.917159,0.0,7.9e-05,0.008793,3.223732,2.93705
2020-04-13,1880.242934,0.0,7.9e-05,-0.021684,3.223986,2.873364
2020-04-14,1919.465734,0.0,7.9e-05,0.02086,3.224239,2.933303
2020-04-16,1922.7343,0.0,7.9e-05,0.001703,3.224492,2.938298
2020-04-17,1984.428495,0.0,7.9e-05,0.032087,3.224746,3.032579
2020-04-20,1955.419966,0.0,7.9e-05,-0.014618,3.224999,2.988248
2020-04-21,1932.54,0.0,7.9e-05,-0.011701,3.225253,2.953283
2020-04-22,1914.767169,0.0,7.9e-05,-0.009197,3.225506,2.926123
2020-04-23,1957.054249,0.0,7.9e-05,0.022085,3.22576,2.990746
2020-04-24,1937.034279,0.0,7.9e-05,-0.01023,3.226013,2.960151
2020-04-27,1978.095647,0.0,7.9e-05,0.021198,3.226267,3.022901
2020-04-28,1994.642765,0.0,7.9e-05,0.008365,3.22652,3.048188
2020-04-29,2011.80274,0.0,7.9e-05,0.008603,3.226774,3.074412
2020-05-04,1942.3457,0.0,7.9e-05,-0.034525,3.227027,2.968268
2020-05-06,1988.105632,0.0,7.9e-05,0.023559,3.227281,3.038198
2020-05-07,1974.622795,0.0,7.9e-05,-0.006782,3.227534,3.017594
2020-05-08,1997.911332,0.0,7.9e-05,0.011794,3.227788,3.053183
2020-05-11,1980.342786,0.5,-0.004857,-0.008793,3.212109,3.026335
2020-05-12,1968.494233,0.5,-0.002952,-0.005983,3.202626,3.008228
2020-05-13,1991.78277,0.5,0.005955,0.011831,3.221697,3.043817
2020-05-14,1964.817095,0.5,-0.00673,-0.013538,3.200015,3.002609
2020-05-15,1975.031366,0.5,0.002639,0.005199,3.208458,3.018218
2020-05-18,1994.234195,0.5,0.004901,0.009723,3.224182,3.047564
2020-05-19,2043.262693,0.5,0.012332,0.024585,3.263942,3.122488
2020-05-20,2044.896977,0.5,0.000439,0.0008,3.265376,3.124986
2020-05-21,2056.33696,0.5,0.002836,0.005594,3.274638,3.142468
2020-05-22,2017.522732,0.5,-0.009398,-0.018875,3.243862,3.083153
2020-05-25,2051.842681,0.5,0.008545,0.017011,3.27158,3.1356
2020-05-26,2081.668351,0.5,0.007307,0.014536,3.295486,3.181179
2020-05-27,2088.205484,0.5,0.001609,0.00314,3.30079,3.191169
2020-05-28,2094.742617,0.5,0.001605,0.003131,3.306086,3.201159
2020-05-29,2086.571201,0.5,-0.001911,-0.003901,3.299768,3.188672
2020-06-01,2135.191129,1.0,0.022801,0.023301,3.375007,3.262972
2020-06-02,2157.253953,1.0,0.010333,0.010333,3.409881,3.296688
2020-06-03,2240.602402,1.0,0.038636,0.038636,3.541626,3.42406
2020-06-04,2245.096681,1.0,0.002006,0.002006,3.54873,3.430928
2020-06-05,2285.136622,1.0,0.017834,0.017834,3.61202,3.492117
2020-06-08,2278.599488,1.0,-0.002861,-0.002861,3.601687,3.482127
2020-06-09,2281.459484,1.0,0.001255,0.001255,3.606207,3.486498
2020-06-10,2287.588047,1.0,0.002686,0.002686,3.615894,3.495863
2020-06-11,2247.956677,1.0,-0.017325,-0.017325,3.553251,3.435299
2020-06-12,2182.993915,1.0,-0.028899,-0.028899,3.450567,3.336024
2020-06-15,2084.528347,1.0,-0.045106,-0.045106,3.294926,3.18555
2020-06-16,2206.282452,1.0,0.058408,0.058408,3.487378,3.371613
2020-06-17,2211.185302,1.0,0.002222,0.002222,3.495128,3.379106
2020-06-18,2210.368161,1.0,-0.00037,-0.00037,3.493836,3.377857
2020-06-19,2214.86244,1.0,0.002033,0.002033,3.50094,3.384725
2020-06-22,2197.293894,1.0,-0.007932,-0.007932,3.47317,3.357877
2020-06-23,2204.648169,1.0,0.003347,0.003347,3.484795,3.369116
2020-06-24,2243.462397,1.0,0.017606,0.017606,3.546147,3.428431
2020-06-25,2178.908207,1.0,-0.028774,-0.028774,3.444109,3.32978
2020-06-26,2212.411015,1.0,0.015376,0.015376,3.497065,3.380979
2020-06-29,2177.273924,1.0,-0.015882,-0.015882,3.441525,3.327283
2020-06-30,2195.659611,1.0,0.008444,0.008444,3.470587,3.355379
2020-07-01,2195.659611,1.0,0.0,0.0,3.470587,3.355379
2020-07-02,2218.539577,1.0,0.010421,0.010421,3.506752,3.390344
2020-07-03,2245.505252,1.0,0.012155,0.012155,3.549376,3.431553
2020-07-06,2281.459484,1.0,0.016012,0.016012,3.606207,3.486498
2020-07-07,2253.676668,1.0,-0.012178,-0.012178,3.562292,3.44404
2020-07-08,2247.548106,1.0,-0.002719,-0.002719,3.552605,3.434675
2020-07-09,2257.762376,1.0,0.004545,0.004545,3.56875,3.450284
2020-07-10,2231.613844,1.0,-0.011582,-0.011582,3.527418,3.410324
2020-07-13,2277.782347,1.0,0.020688,0.020688,3.600395,3.480878
2020-07-14,2275.330922,1.0,-0.001076,-0.001076,3.59652,3.477132
2020-07-15,2298.210888,1.0,0.010056,0.010056,3.632685,3.512097
2020-07-16,2270.428072,1.0,-0.012089,-0.012089,3.58877,3.46964
2020-07-17,2292.082326,1.0,0.009538,0.009538,3.622998,3.502731
2020-07-20,2285.545192,1.0,-0.002852,-0.002852,3.612665,3.492741
2020-07-21,2319.865142,1.0,0.015016,0.015016,3.666913,3.545189
2020-07-22,2313.328008,1.0,-0.002818,-0.002818,3.65658,3.535199
2020-07-23,2293.308038,1.0,-0.008654,-0.008654,3.624936,3.504604
2020-07-24,2282.685197,1.0,-0.004632,-0.004632,3.608145,3.488371
2020-07-27,2308.833729,1.0,0.011455,0.011455,3.649477,3.528331
2020-07-28,2354.185091,1.0,0.019643,0.019643,3.721162,3.597636
2020-07-29,2369.710782,1.0,0.006595,0.006595,3.745702,3.621362
2020-07-30,2375.022203,1.0,0.002241,0.002241,3.754098,3.629479
2020-07-31,2356.227945,1.0,-0.007913,-0.007913,3.724391,3.600758
2020-08-03,2352.142237,1.0,-0.001734,-0.001734,3.717932,3.594514
2020-08-04,2381.559336,1.0,0.012507,0.012507,3.764431,3.639469
2020-08-05,2413.42786,1.0,0.013381,0.013381,3.814804,3.68817
2020-08-06,2453.05923,1.0,0.016421,0.016421,3.877448,3.748734
2020-08-07,2457.144939,1.0,0.001666,0.001666,3.883906,3.754978
2020-08-10,2498.410592,1.0,0.016794,0.016794,3.949133,3.81804
2020-08-11,2530.687687,1.0,0.012919,0.012919,4.000152,3.867365
2020-08-12,2544.579095,1.0,0.005489,0.005489,4.022109,3.888594
2020-08-13,2548.664803,1.0,0.001606,0.001606,4.028567,3.894837
2020-08-14,2512.302,1.0,-0.014267,-0.014267,3.97109,3.839268
2020-08-18,2466.133497,1.0,-0.018377,-0.018377,3.898114,3.768714
2020-08-19,2469.810634,1.0,0.001491,0.001491,3.903926,3.774334
2020-08-20,2372.570778,1.0,-0.039371,-0.039371,3.750223,3.625733
2020-08-21,2415.062144,1.0,0.017909,0.017909,3.817387,3.690668
2020-08-24,2438.759252,1.0,0.009812,0.009812,3.854844,3.726881
2020-08-25,2471.853488,1.0,0.01357,0.01357,3.907155,3.777455
2020-08-26,2472.67063,1.0,0.000331,0.000331,3.908447,3.778704
2020-08-27,2448.973522,1.0,-0.009584,-0.009584,3.87099,3.742491
2020-08-28,2464.907784,1.0,0.006507,0.006507,3.896176,3.766841
2020-08-31,2415.470715,1.0,-0.020056,-0.020056,3.818033,3.691292
2020-09-01,2442.027818,1.0,0.010995,0.010995,3.860011,3.731876
2020-09-02,2454.284943,1.0,0.005019,0.005019,3.879385,3.750607
2020-09-03,2489.830605,1.0,0.014483,0.014483,3.935571,3.804928
2020-09-04,2451.016376,1.0,-0.015589,-0.015589,3.874219,3.745612
2020-09-07,2468.993493,1.0,0.007335,0.007335,3.902634,3.773085
2020-09-08,2500.453446,1.0,0.012742,0.012742,3.952362,3.821161
2020-09-09,2471.444918,1.0,-0.011601,-0.011601,3.906509,3.776831
2020-09-10,2495.142025,1.0,0.009588,0.009588,3.943966,3.813045
2020-09-11,2496.776309,1.0,0.000655,0.000655,3.946549,3.815542
2020-09-14,2529.461975,1.0,0.013091,0.013091,3.998214,3.865492
2020-09-15,2549.481945,1.0,0.007915,0.007915,4.029859,3.896086
2020-09-16,2542.536241,1.0,-0.002724,-0.002724,4.01888,3.885472
2020-09-17,2502.904871,1.0,-0.015587,-0.015587,3.956237,3.824908
2020-09-18,2511.484858,1.0,0.003428,0.003428,3.969799,3.83802
2020-09-21,2490.647746,1.0,-0.008297,-0.008297,3.936862,3.806177
2020-09-22,2426.910698,1.0,-0.025591,-0.025591,3.836116,3.708774
2020-09-23,2437.533539,1.0,0.004377,0.004377,3.852907,3.725008
2020-09-24,2379.107911,1.0,-0.023969,-0.023969,3.760556,3.635723
2020-09-25,2390.956465,1.0,0.00498,0.00498,3.779285,3.65383
2020-09-28,2426.502127,1.0,0.014867,0.014867,3.83547,3.70815
2020-09-29,2447.339239,1.0,0.008587,0.008587,3.868406,3.739993
2020-10-05,2478.390622,1.0,0.012688,0.012688,3.917488,3.787445
2020-10-06,2484.519184,1.0,0.002473,0.002473,3.927175,3.796811
2020-10-07,2509.850575,1.0,0.010196,0.010196,3.967215,3.835522
2020-10-08,2513.936283,1.0,0.001628,0.001628,3.973674,3.841766
2020-10-12,2522.1077,1.0,0.00325,0.00325,3.98659,3.854253
2020-10-13,2523.333412,1.0,0.000486,0.000486,3.988527,3.856126
2020-10-14,2496.776309,1.0,-0.010525,-0.010525,3.946549,3.815542
2020-10-15,2476.347767,1.0,-0.008182,-0.008182,3.914259,3.784323
2020-10-16,2464.090643,1.0,-0.00495,-0.00495,3.894885,3.765592
2020-10-19,2466.950638,1.0,0.001161,0.001161,3.899405,3.769963
2020-10-20,2487.787751,1.0,0.008447,0.008447,3.932342,3.801806
2020-10-21,2496.367738,1.0,0.003449,0.003449,3.945904,3.814918
2020-10-22,2477.982051,1.0,-0.007365,-0.007365,3.916842,3.786821
2020-10-23,2489.013463,1.0,0.004452,0.004452,3.934279,3.803679
2020-10-26,2488.604892,1.0,-0.000164,-0.000164,3.933633,3.803055
2020-10-27,2474.713484,1.0,-0.005582,-0.005582,3.911676,3.781826
2020-10-28,2448.564951,1.0,-0.010566,-0.010566,3.870344,3.741866
2020-10-29,2425.276414,1.0,-0.009511,-0.009511,3.833533,3.706277
2020-10-30,2420.782135,1.0,-0.001853,-0.001853,3.826429,3.699409
2020-11-02,2395.859315,0.0,-0.000921,-0.010295,3.822903,3.661322
2020-11-03,2448.156381,0.0,7.9e-05,0.021828,3.823203,3.741242
2020-11-04,2461.639218,0.0,7.9e-05,0.005507,3.823504,3.761846
2020-11-05,2519.247704,0.0,7.9e-05,0.023402,3.823804,3.849883
2020-11-06,2547.439091,0.0,7.9e-05,0.01119,3.824105,3.892964
2020-11-09,2589.113315,1.0,0.015359,0.016359,3.88284,3.95665
2020-11-10,2578.899044,1.0,-0.003945,-0.003945,3.867522,3.941041
2020-11-11,2604.639006,1.0,0.009981,0.009981,3.906124,3.980377
2020-11-12,2614.444706,1.0,0.003765,0.003765,3.920829,3.995362
2020-11-13,2604.230436,1.0,-0.003907,-0.003907,3.905511,3.979752
2020-11-16,2676.547471,1.0,0.027769,0.027769,4.013963,4.090266
2020-11-17,2704.738858,1.0,0.010533,0.010533,4.056241,4.133348
2020-11-18,2691.664592,1.0,-0.004834,-0.004834,4.036634,4.113368
2020-11-19,2684.718888,1.0,-0.00258,-0.00258,4.026218,4.102754
2020-11-20,2690.030309,1.0,0.001978,0.001978,4.034183,4.11087
2020-11-23,2746.004512,1.0,0.020808,0.020808,4.118127,4.19641
2020-11-24,2788.495877,1.0,0.015474,0.015474,4.18185,4.261344
2020-11-25,2788.904448,1.0,0.000147,0.000147,4.182463,4.261969
2020-11-26,2760.713061,1.0,-0.010108,-0.010108,4.140185,4.218887
2020-11-27,2790.130161,1.0,0.010656,0.010656,4.184301,4.263842
2020-11-30,2752.950216,1.0,-0.013326,-0.013326,4.128543,4.207024
2020-12-01,2752.950216,1.0,0.0,0.0,4.128543,4.207024
2020-12-02,2752.950216,1.0,0.0,0.0,4.128543,4.207024
2020-12-03,2752.950216,1.0,0.0,0.0,4.128543,4.207024
2020-12-04,2930.269953,1.0,0.064411,0.064411,4.394466,4.478002
2020-12-07,2930.269953,1.0,0.0,0.0,4.394466,4.478002
2020-12-08,2915.152833,1.0,-0.005159,-0.005159,4.371795,4.4549
2020-12-09,2908.6157,1.0,-0.002242,-0.002242,4.361991,4.44491
2020-12-10,2909.024271,1.0,0.00014,0.00014,4.362604,4.445534
2020-12-11,2950.289924,1.0,0.014185,0.014185,4.424489,4.508596
2020-12-14,2952.741349,1.0,0.000831,0.000831,4.428166,4.512342
2020-12-15,2927.409958,1.0,-0.008579,-0.008579,4.390177,4.473631
2020-12-16,2946.612786,1.0,0.00656,0.00656,4.418975,4.502977
2020-12-17,2935.989945,1.0,-0.003605,-0.003605,4.403044,4.486743
2020-12-18,2945.387074,1.0,0.003201,0.003201,4.417137,4.501103
2020-12-21,2922.507108,1.0,-0.007768,-0.007768,4.382824,4.466139
2020-12-22,2923.73282,1.0,0.000419,0.000419,4.384662,4.468012
2020-12-23,2891.047154,1.0,-0.011179,-0.011179,4.335644,4.418062
2020-12-24,2969.901323,1.0,0.027275,0.027275,4.4539,4.538566
2020-12-28,3026.692668,1.0,0.019122,0.019122,4.539069,4.625354
2020-12-29,3061.829759,1.0,0.011609,0.011609,4.591763,4.67905
2020-12-30,3066.324038,1.0,0.001468,0.001468,4.598503,4.685918
2021-01-04,3218.312385,1.0,0.049567,0.049567,4.826437,4.918184
2021-01-05,3218.720956,1.0,0.000127,0.000127,4.82705,4.918809
2021-01-06,3268.158025,1.0,0.015359,0.015359,4.90119,4.994358
2021-01-07,3301.660833,1.0,0.010251,0.010251,4.951433,5.045557
2021-01-08,3376.020723,1.0,0.022522,0.022522,5.062949,5.159192
2021-01-11,3568.457581,1.0,0.057001,0.057001,5.351543,5.453272
2021-01-12,3454.874892,1.0,-0.03183,-0.03183,5.181205,5.279696
2021-01-13,3453.240609,1.0,-0.000473,-0.000473,5.178754,5.277199
2021-01-14,3462.229167,1.0,0.002603,0.002603,5.192234,5.290935
2021-01-15,3441.392055,1.0,-0.006018,-0.006018,5.160985,5.259092
2021-01-18,3375.612152,1.0,-0.019114,-0.019114,5.062336,5.158568
2021-01-19,3346.603624,1.0,-0.008594,-0.008594,5.018833,5.114238
2021-01-20,3408.706389,1.0,0.018557,0.018557,5.111967,5.209142
2021-01-21,3431.177784,1.0,0.006592,0.006592,5.145667,5.243483
2021-01-22,3454.466321,1.0,0.006787,0.006787,5.180592,5.279072
2021-01-25,3484.700562,1.0,0.008752,0.008752,5.225934,5.325276
2021-01-26,3486.743416,1.0,0.000586,0.000586,5.228998,5.328397
2021-01-27,3458.9606,1.0,-0.007968,-0.007968,5.187332,5.28594
2021-01-28,3333.529357,1.0,-0.036263,-0.036263,4.999226,5.094258
2021-01-29,3327.400795,1.0,-0.001838,-0.001838,4.990035,5.084892
2021-02-01,3287.769425,1.0,-0.011911,-0.011911,4.9306,5.024328
2021-02-02,3400.943543,1.0,0.034423,0.034423,5.100325,5.197279
2021-02-03,3432.403497,1.0,0.00925,0.00925,5.147505,5.245356
2021-02-04,3364.172169,1.0,-0.019879,-0.019879,5.04518,5.141086
2021-02-05,3375.612152,1.0,0.003401,0.003401,5.062336,5.158568
2021-02-08,3369.075019,1.0,-0.001937,-0.001937,5.052533,5.148578
2021-02-09,3419.737801,1.0,0.015038,0.015038,5.128511,5.226
2021-02-10,3364.989311,1.0,-0.01601,-0.01601,5.046406,5.142334
2021-02-15,3433.220638,1.0,0.020277,0.020277,5.148731,5.246605
2021-02-16,3461.412025,1.0,0.008211,0.008211,5.191009,5.289686
2021-02-17,3398.900689,1.0,-0.018059,-0.018059,5.097262,5.194157
2021-02-18,3406.254964,1.0,0.002164,0.002164,5.108291,5.205396
2021-02-19,3366.215023,1.0,-0.011755,-0.011755,5.048244,5.144207
2021-02-22,3413.200668,1.0,0.013958,0.013958,5.118707,5.21601
2021-02-23,3308.606537,1.0,-0.030644,-0.030644,4.961849,5.056171
2021-02-24,3337.206495,1.0,0.008644,0.008644,5.00474,5.099877
2021-02-25,3349.87219,1.0,0.003795,0.003795,5.023735,5.119233
2021-02-26,3304.520829,1.0,-0.013538,-0.013538,4.955722,5.049927
2021-03-02,3397.266406,1.0,0.028066,0.028066,5.094811,5.19166
2021-03-03,3350.280761,1.0,-0.01383,-0.01383,5.024347,5.119857
2021-03-04,3361.720744,1.0,0.003415,0.003415,5.041504,5.137339
2021-03-05,3276.738013,1.0,-0.02528,-0.02528,4.914057,5.00747
2021-03-08,3340.475061,1.0,0.019451,0.019451,5.009642,5.104872
2021-03-09,3246.095201,1.0,-0.028253,-0.028253,4.868103,4.960642
2021-03-10,3282.866575,1.0,0.011328,0.011328,4.923248,5.016835
2021-03-11,3283.683717,1.0,0.000249,0.000249,4.924473,5.018084
2021-03-12,3354.77504,1.0,0.02165,0.02165,5.031087,5.126725
2021-03-15,3338.840778,1.0,-0.00475,-0.00475,5.007191,5.102374
2021-03-16,3348.646478,1.0,0.002937,0.002937,5.021897,5.117359
2021-03-17,3333.120786,1.0,-0.004636,-0.004636,4.998613,5.093633
2021-03-18,3379.69786,1.0,0.013974,0.013974,5.068464,5.164812
2021-03-19,3314.326529,1.0,-0.019342,-0.019342,4.970428,5.064912
2021-03-22,3306.563683,1.0,-0.002342,-0.002342,4.958786,5.053049
2021-03-23,3330.260791,1.0,0.007167,0.007167,4.994324,5.089263
2021-03-24,3271.018021,1.0,-0.017789,-0.017789,4.905479,4.998729
2021-03-25,3286.543712,1.0,0.004746,0.004746,4.928762,5.022455
2021-03-26,3302.477975,1.0,0.004848,0.004848,4.952659,5.046805
2021-03-29,3321.272233,1.0,0.005691,0.005691,4.980844,5.075526
2021-03-30,3357.226465,1.0,0.010825,0.010825,5.034764,5.130471
2021-03-31,3349.463619,1.0,-0.002312,-0.002312,5.023122,5.118608
2021-04-01,3384.19214,1.0,0.010368,0.010368,5.075204,5.17168
2021-04-02,3420.963514,1.0,0.010866,0.010866,5.130349,5.227873
2021-04-05,3425.049222,1.0,0.001194,0.001194,5.136476,5.234117
2021-04-06,3431.586355,1.0,0.001909,0.001909,5.14628,5.244107
2021-04-07,3436.897776,1.0,0.001548,0.001548,5.154245,5.252224
2021-04-08,3430.769214,1.0,-0.001783,-0.001783,5.145054,5.242858
2021-04-09,3418.103518,1.0,-0.003692,-0.003692,5.12606,5.223503
2021-04-12,3419.32923,1.0,0.000359,0.000359,5.127898,5.225376
2021-04-13,3458.55203,1.0,0.011471,0.011471,5.18672,5.285316
2021-04-14,3480.614854,1.0,0.006379,0.006379,5.219807,5.319032
2021-04-15,3485.517704,1.0,0.001409,0.001409,5.22716,5.326524
2021-04-16,3480.206283,1.0,-0.001524,-0.001524,5.219194,5.318407
2021-04-19,3484.700562,1.0,0.001291,0.001291,5.225934,5.325276
2021-04-20,3501.860537,1.0,0.004924,0.004924,5.251669,5.351499
2021-04-21,3438.532059,1.0,-0.018084,-0.018084,5.156696,5.254721
2021-04-22,3449.563471,1.0,0.003208,0.003208,5.17324,5.271579
2021-04-23,3447.112047,1.0,-0.000711,-0.000711,5.169563,5.267833
2021-04-26,3481.023425,1.0,0.009838,0.009838,5.22042,5.319656
2021-04-27,3485.926275,1.0,0.001408,0.001408,5.227772,5.327149
2021-04-28,3444.252051,1.0,-0.011955,-0.011955,5.165274,5.263463
2021-04-29,3436.897776,1.0,-0.002135,-0.002135,5.154245,5.252224
2021-04-30,3406.663535,1.0,-0.008797,-0.008797,5.108904,5.20602
2021-05-03,3389.50356,1.0,-0.005037,-0.005037,5.083169,5.179797
2021-05-04,3417.286376,1.0,0.008197,0.008197,5.124834,5.222254
2021-05-06,3434.446351,1.0,0.005022,0.005022,5.150569,5.248478
2021-05-07,3465.089163,1.0,0.008922,0.008922,5.196523,5.295306
2021-05-10,3521.880507,1.0,0.01639,0.01639,5.281692,5.382093
2021-05-11,3456.100605,1.0,-0.018677,-0.018677,5.183043,5.281569
2021-05-12,3397.266406,1.0,-0.017023,-0.017023,5.094811,5.19166
2021-05-13,3353.140757,1.0,-0.012989,-0.012989,5.028637,5.124228
2021-05-14,3391.546414,1.0,0.011454,0.011454,5.086233,5.182919
2021-05-17,3377.246436,0.5,-0.002569,-0.004216,5.073167,5.161066
2021-05-18,3414.834951,0.5,0.005604,0.01113,5.101598,5.218508
2021-05-20,3403.803539,0.5,-0.001576,-0.00323,5.093558,5.20165
2021-05-21,3407.889247,0.5,0.000639,0.0012,5.096815,5.207893
2021-05-24,3392.363556,1.0,-0.005056,-0.004556,5.071047,5.184167
2021-05-25,3431.177784,1.0,0.011442,0.011442,5.129068,5.243483
2021-05-26,3420.554943,1.0,-0.003096,-0.003096,5.113189,5.227249
2021-05-27,3413.609239,1.0,-0.002031,-0.002031,5.102806,5.216635
2021-05-28,3441.392055,1.0,0.008139,0.008139,5.144337,5.259092
2021-05-31,3454.057751,1.0,0.00368,0.00368,5.16327,5.278448
2021-06-01,3476.937717,1.0,0.006624,0.006624,5.197472,5.313412
2021-06-02,3472.443438,1.0,-0.001293,-0.001293,5.190754,5.306544
2021-06-03,3504.720533,1.0,0.009295,0.009295,5.239003,5.35587
2021-06-04,3490.829125,1.0,-0.003964,-0.003964,5.218237,5.334641
2021-06-07,3501.860537,1.0,0.00316,0.00316,5.234728,5.351499
2021-06-08,3496.549116,1.0,-0.001517,-0.001517,5.226788,5.343382
2021-06-09,3456.100605,1.0,-0.011568,-0.011568,5.166324,5.281569
2021-06-10,3466.314875,1.0,0.002955,0.002955,5.181592,5.297179
2021-06-11,3494.097691,1.0,0.008015,0.008015,5.223123,5.339636
2021-06-14,3496.140545,1.0,0.000585,0.000585,5.226177,5.342758
2021-06-15,3505.129104,1.0,0.002571,0.002571,5.239614,5.356494
2021-06-16,3527.191928,1.0,0.006294,0.006294,5.272594,5.39021
2021-06-17,3502.269108,1.0,-0.007066,-0.007066,5.235338,5.352124
2021-06-18,3513.30052,1.0,0.00315,0.00315,5.251829,5.368982
2021-06-21,3478.980571,1.0,-0.009769,-0.009769,5.200526,5.316534
2021-06-22,3504.720533,1.0,0.007399,0.007399,5.239003,5.35587
2021-06-23,3524.740503,1.0,0.005712,0.005712,5.26893,5.386464
2021-06-24,3539.857624,1.0,0.004289,0.004289,5.291527,5.409566
2021-06-25,3555.791886,1.0,0.004501,0.004501,5.315346,5.433916
2021-06-28,3550.480465,1.0,-0.001494,-0.001494,5.307407,5.4258
2021-06-29,3534.546203,1.0,-0.004488,-0.004488,5.283588,5.401449
2021-06-30,3549.254753,1.0,0.004161,0.004161,5.305574,5.423926
2021-07-01,3522.697649,1.0,-0.007482,-0.007482,5.265876,5.383342
2021-07-02,3521.471937,1.0,-0.000348,-0.000348,5.264044,5.381469
2021-07-05,3541.900478,1.0,0.005801,0.005801,5.294581,5.412688
2021-07-06,3552.93189,1.0,0.003115,0.003115,5.311071,5.429546
2021-07-07,3530.051924,1.0,-0.00644,-0.00644,5.276869,5.394581
2021-07-08,3489.194841,1.0,-0.011574,-0.011574,5.215794,5.332144
2021-07-09,3445.477763,1.0,-0.012529,-0.012529,5.150444,5.265336
2021-07-12,3487.969129,0.5,0.005706,0.012333,5.17983,5.330271
2021-07-13,3514.934803,0.5,0.003905,0.007731,5.200057,5.371479
2021-07-14,3504.720533,0.5,-0.001414,-0.002906,5.192705,5.35587
2021-07-15,3530.051924,0.5,0.003653,0.007228,5.211675,5.394581
2021-07-16,3510.440524,0.5,-0.002738,-0.005556,5.197403,5.364611
2021-07-19,3469.174871,1.0,-0.012255,-0.011755,5.133708,5.301549
2021-07-20,3462.637738,1.0,-0.001884,-0.001884,5.124035,5.291559
2021-07-21,3439.757772,1.0,-0.006608,-0.006608,5.090177,5.256595
2021-07-22,3486.334846,1.0,0.013541,0.013541,5.159102,5.327773
2021-07-23,3490.829125,1.0,0.001289,0.001289,5.165753,5.334641
2021-07-26,3458.9606,0.5,-0.005025,-0.009129,5.139793,5.28594
2021-07-27,3462.229167,0.5,0.000512,0.000945,5.142423,5.290935
2021-07-28,3467.949159,0.5,0.000865,0.001652,5.146873,5.299676
2021-07-29,3472.034867,0.5,0.000628,0.001178,5.150107,5.30592
2021-07-30,3427.500647,0.5,-0.006374,-0.012827,5.117281,5.237863
2021-08-02,3448.74633,0.5,0.003139,0.006199,5.133342,5.270331
2021-08-03,3478.980571,0.5,0.004423,0.008767,5.156045,5.316534
2021-08-04,3530.460495,0.5,0.007438,0.014797,5.194396,5.395205
2021-08-05,3523.514791,0.5,-0.000944,-0.001967,5.18949,5.384591
2021-08-06,3507.580529,0.5,-0.002222,-0.004522,5.17796,5.36024
2021-08-09,3491.646266,1.0,-0.005043,-0.004543,5.151848,5.33589
2021-08-10,3467.540588,1.0,-0.006904,-0.006904,5.116281,5.299052
2021-08-11,3436.080634,1.0,-0.009073,-0.009073,5.069862,5.250975
2021-08-12,3423.006368,1.0,-0.003805,-0.003805,5.050572,5.230995
2021-08-13,3363.355027,1.0,-0.017427,-0.017427,4.962557,5.139837
2021-08-17,3326.583653,0.5,-0.005927,-0.010933,4.933143,5.083643
2021-08-18,3338.432207,0.5,0.00182,0.003562,4.942123,5.10175
2021-08-19,3276.738013,0.5,-0.009201,-0.01848,4.896652,5.00747
2021-08-20,3239.966638,0.5,-0.005572,-0.011222,4.869369,4.951276
2021-08-23,3272.652304,0.0,-0.000421,0.010088,4.867317,5.001226
2021-08-24,3333.120786,0.0,7.9e-05,0.018477,4.8677,5.093633
2021-08-25,3343.335057,0.0,7.9e-05,0.003064,4.868082,5.109243
2021-08-26,3318.412237,0.0,7.9e-05,-0.007454,4.868465,5.071156
2021-08-27,3317.595095,0.0,7.9e-05,-0.000246,4.868847,5.069907
2021-08-30,3328.217937,0.0,7.9e-05,0.003202,4.86923,5.086141
2021-08-31,3391.137844,0.0,7.9e-05,0.018905,4.869612,5.182294
2021-09-01,3396.040693,0.0,7.9e-05,0.001446,4.869995,5.189787
2021-09-02,3364.58074,0.0,7.9e-05,-0.009264,4.870378,5.14171
2021-09-03,3388.277848,0.0,7.9e-05,0.007043,4.870761,5.177924
2021-09-06,3396.857835,0.5,0.000805,0.002532,4.874684,5.191035
2021-09-07,3380.923573,0.5,-0.002306,-0.004691,4.863442,5.166685
2021-09-08,3350.689332,0.5,-0.004432,-0.008943,4.841887,5.120481
2021-09-09,3289.403708,0.5,-0.009106,-0.01829,4.797797,5.026825
2021-09-10,3301.252262,0.5,0.00184,0.003602,4.806627,5.044932
2021-09-13,3311.057962,0.0,-0.000421,0.00297,4.804601,5.059917
2021-09-14,3333.937928,0.0,7.9e-05,0.00691,4.804979,5.094882
2021-09-15,3340.475061,0.0,7.9e-05,0.001961,4.805356,5.104872
2021-09-16,3310.24082,0.0,7.9e-05,-0.009051,4.805734,5.058668
2021-09-17,3320.04652,0.0,7.9e-05,0.002962,4.806111,5.073653
2021-09-23,3311.057962,0.5,-0.001814,-0.002707,4.797391,5.059917
2021-09-24,3309.015108,0.5,-0.000269,-0.000617,4.7961,5.056795
2021-09-27,3319.637949,0.5,0.001644,0.00321,4.803987,5.073029
2021-09-28,3274.286588,0.5,-0.006791,-0.013662,4.771361,5.003724
2021-09-29,3227.300943,0.5,-0.007136,-0.01435,4.737314,4.931921
2021-09-30,3242.826634,0.5,0.002445,0.004811,4.748895,4.955647
2021-10-01,3179.906727,0.5,-0.009662,-0.019403,4.703011,4.859493
2021-10-05,3137.006791,0.0,-0.000421,-0.013491,4.701029,4.793934
2021-10-06,3089.612575,0.0,7.9e-05,-0.015108,4.701398,4.721507
2021-10-07,3137.006791,0.0,7.9e-05,0.01534,4.701768,4.793934
2021-10-08,3134.555366,0.0,7.9e-05,-0.000781,4.702137,4.790188
2021-10-12,3072.861171,0.0,7.9e-05,-0.019682,4.702507,4.695908
2021-10-13,3105.955408,0.0,7.9e-05,0.01077,4.702876,4.746482
2021-10-14,3143.952495,0.0,7.9e-05,0.012234,4.703246,4.804549
2021-10-15,3183.175294,0.0,7.9e-05,0.012476,4.703615,4.864488
2021-10-18,3173.778165,0.0,7.9e-05,-0.002952,4.703985,4.850128
2021-10-19,3197.883844,0.0,7.9e-05,0.007595,4.704355,4.886966
2021-10-20,3184.401006,0.0,7.9e-05,-0.004216,4.704724,4.866362
2021-10-21,3179.089586,0.0,7.9e-05,-0.001668,4.705094,4.858245
2021-10-22,3183.583865,0.0,7.9e-05,0.001414,4.705464,4.865113
2021-10-25,3196.24956,0.0,7.9e-05,0.003978,4.705834,4.884468
2021-10-26,3226.483801,0.0,7.9e-05,0.009459,4.706203,4.930672
2021-10-27,3196.658131,0.0,7.9e-05,-0.009244,4.706573,4.885093
2021-10-28,3188.078144,0.0,7.9e-05,-0.002684,4.706943,4.871981
2021-10-29,3138.641074,0.0,7.9e-05,-0.015507,4.707313,4.796432
2021-11-01,3161.52104,0.0,7.9e-05,0.00729,4.707683,4.831397
2021-11-02,3206.05526,0.0,7.9e-05,0.014086,4.708053,4.899453
2021-11-03,3175.412448,0.0,7.9e-05,-0.009558,4.708423,4.852625
2021-11-04,3193.798135,0.0,7.9e-05,0.00579,4.708793,4.880722
2021-11-05,3145.995349,0.0,7.9e-05,-0.014967,4.709163,4.807671
2021-11-08,3119.029674,0.0,7.9e-05,-0.008571,4.709533,4.766462
2021-11-09,3147.221061,0.0,7.9e-05,0.009039,4.709903,4.809544
2021-11-10,3150.081057,0.0,7.9e-05,0.000909,4.710273,4.813914
2021-11-11,3103.095412,0.0,7.9e-05,-0.014916,4.710643,4.742111
2021-11-12,3150.489628,0.0,7.9e-05,0.015273,4.711013,4.814539
2021-11-15,3191.34671,0.0,7.9e-05,0.012968,4.711384,4.876976
2021-11-16,3195.023848,0.0,7.9e-05,0.001152,4.711754,4.882595
2021-11-17,3163.972465,0.0,7.9e-05,-0.009719,4.712124,4.835143
2021-11-18,3140.275357,0.0,7.9e-05,-0.00749,4.712495,4.798929
2021-11-19,3137.823932,0.0,7.9e-05,-0.000781,4.712865,4.795183
2021-11-22,3196.24956,0.0,7.9e-05,0.01862,4.713235,4.884468
2021-11-23,3209.323827,0.0,7.9e-05,0.004091,4.713606,4.904448
2021-11-24,3201.969552,0.0,7.9e-05,-0.002292,4.713976,4.89321
2021-11-25,3176.638161,0.0,7.9e-05,-0.007911,4.714346,4.854498
2021-11-26,3145.178207,0.0,7.9e-05,-0.009904,4.714717,4.806422
2021-11-29,3093.698283,0.0,7.9e-05,-0.016368,4.715087,4.727751
2021-11-30,3098.192562,0.0,7.9e-05,0.001453,4.715458,4.734619
2021-12-01,3045.895497,0.0,7.9e-05,-0.01688,4.715829,4.654699
2021-12-02,3096.96685,0.0,7.9e-05,0.016767,4.716199,4.732746
2021-12-03,3125.158237,0.0,7.9e-05,0.009103,4.71657,4.775827
2021-12-06,3141.909641,0.0,7.9e-05,0.00536,4.71694,4.801427
2021-12-07,3164.381036,0.0,7.9e-05,0.007152,4.717311,4.835767
2021-12-08,3252.223763,0.0,7.9e-05,0.02776,4.717682,4.970007
2021-12-09,3228.935226,0.0,7.9e-05,-0.007161,4.718053,4.934418
2021-12-10,3204.420977,0.0,7.9e-05,-0.007592,4.718423,4.896956
2021-12-13,3253.449476,0.0,7.9e-05,0.0153,4.718794,4.971881
2021-12-14,3193.798135,0.0,7.9e-05,-0.018335,4.719165,4.880722
2021-12-15,3182.766723,0.0,7.9e-05,-0.003454,4.719536,4.863864
2021-12-16,3206.463831,0.0,7.9e-05,0.007445,4.719907,4.900078
2021-12-17,3212.183822,0.0,7.9e-05,0.001784,4.720278,4.908819
2021-12-20,3187.669573,0.0,7.9e-05,-0.007632,4.720649,4.871357
2021-12-21,3159.478186,0.0,7.9e-05,-0.008844,4.721019,4.828275
2021-12-22,3193.389564,0.0,7.9e-05,0.010733,4.72139,4.880098
2021-12-23,3200.335268,0.0,7.9e-05,0.002175,4.721762,4.890712
2021-12-24,3238.332355,0.0,7.9e-05,0.011873,4.722133,4.948779
2021-12-27,3219.538097,0.5,-0.003363,-0.005804,4.706254,4.920058
2021-12-28,3222.806664,0.5,0.000547,0.001015,4.708828,4.925053
2021-12-29,3253.449476,0.5,0.004793,0.009508,4.731399,4.971881
2021-12-30,3228.526655,0.5,-0.003791,-0.00766,4.713463,4.933794
2022-01-03,3225.66666,0.5,-0.000404,-0.000886,4.71156,4.929423
2022-01-04,3227.709514,0.5,0.000356,0.000633,4.713237,4.932545
2022-01-05,3183.992436,0.5,-0.006733,-0.013544,4.681504,4.865737
2022-01-06,3162.338182,0.5,-0.003361,-0.006801,4.665768,4.832645
2022-01-07,3184.401006,0.5,0.003528,0.006977,4.682228,4.866362
2022-01-10,3137.823932,0.0,-0.000421,-0.014627,4.680254,4.795183
2022-01-11,3174.186736,0.0,7.9e-05,0.011589,4.680622,4.850752
2022-01-12,3204.012406,0.0,7.9e-05,0.009396,4.68099,4.896331
2022-01-13,3224.032376,0.0,7.9e-05,0.006248,4.681358,4.926926
2022-01-14,3172.552452,0.0,7.9e-05,-0.015968,4.681726,4.848255
2022-01-17,3138.641074,0.5,-0.005805,-0.010689,4.654547,4.796432
2022-01-18,3141.50107,0.5,0.000495,0.000911,4.656851,4.800802
2022-01-19,3099.418275,0.5,-0.006659,-0.013396,4.625843,4.736492
2022-01-20,3081.032588,0.5,-0.002927,-0.005932,4.612304,4.708395
2022-01-21,3067.14118,0.5,-0.002215,-0.004509,4.602088,4.687167
2022-01-24,3028.326951,0.0,-0.000421,-0.012655,4.600149,4.627851
2022-01-25,2969.492753,0.0,7.9e-05,-0.019428,4.60051,4.537941
2022-01-26,2959.687053,0.0,7.9e-05,-0.003302,4.600872,4.522957
2022-01-27,2902.895708,0.0,7.9e-05,-0.019188,4.601233,4.436169
2022-01-28,2859.995772,0.0,7.9e-05,-0.014778,4.601595,4.37061
2022-02-03,2971.535607,0.0,7.9e-05,0.039,4.601956,4.541063
2022-02-04,2978.889882,0.0,7.9e-05,0.002475,4.602318,4.552302
2022-02-07,2946.204216,0.0,7.9e-05,-0.010972,4.60268,4.502352
2022-02-08,2986.652727,0.0,7.9e-05,0.013729,4.603041,4.564165
2022-02-09,2992.78129,0.0,7.9e-05,0.002052,4.603403,4.573531
2022-02-10,3024.649814,0.0,7.9e-05,0.010648,4.603765,4.622232
2022-02-11,2996.866998,0.0,7.9e-05,-0.009185,4.604127,4.579774
2022-02-14,2964.181332,0.0,7.9e-05,-0.010907,4.604488,4.529825
2022-02-15,2962.955619,0.0,7.9e-05,-0.000414,4.60485,4.527951
2022-02-16,2982.158448,0.0,7.9e-05,0.006481,4.605212,4.557297
2022-02-17,3024.241243,0.0,7.9e-05,0.014112,4.605574,4.621607
2022-02-18,2980.524165,0.0,7.9e-05,-0.014456,4.605936,4.5548
2022-02-21,2971.944178,0.0,7.9e-05,-0.002879,4.606298,4.541688
2022-02-22,2974.395603,0.0,7.9e-05,0.000825,4.60666,4.545434
2022-02-23,2976.438457,0.0,7.9e-05,0.000687,4.607022,4.548556
2022-02-24,2917.604258,0.0,7.9e-05,-0.019767,4.607384,4.458646
2022-02-25,2936.398516,0.0,7.9e-05,0.006442,4.607746,4.487367
2022-02-28,2916.378545,0.0,7.9e-05,-0.006818,4.608108,4.456773
2022-03-02,2936.398516,0.0,7.9e-05,0.006865,4.60847,4.487367
2022-03-03,2976.847027,0.0,7.9e-05,0.013775,4.608832,4.54918
2022-03-04,2940.892795,0.0,7.9e-05,-0.012078,4.609195,4.494235
2022-03-07,2879.1986,0.0,7.9e-05,-0.020978,4.609557,4.399955
2022-03-08,2859.587201,0.0,7.9e-05,-0.006811,4.609919,4.369985
2022-03-10,2907.798558,0.0,7.9e-05,0.01686,4.610281,4.443661
2022-03-11,2885.327163,0.0,7.9e-05,-0.007728,4.610644,4.409321
2022-03-14,2895.132863,0.0,7.9e-05,0.003398,4.611006,4.424306
2022-03-15,2872.252896,0.0,7.9e-05,-0.007903,4.611368,4.389341
2022-03-16,2869.801471,0.0,7.9e-05,-0.000853,4.611731,4.385594
2022-03-17,2962.547049,0.0,7.9e-05,0.032318,4.612093,4.527327
2022-03-18,2940.892795,0.0,7.9e-05,-0.007309,4.612456,4.494235
2022-03-21,2947.429928,0.0,7.9e-05,0.002223,4.612818,4.504225
2022-03-22,2935.581374,0.0,7.9e-05,-0.00402,4.613181,4.486119
2022-03-23,2972.352748,0.0,7.9e-05,0.012526,4.613543,4.542312
2022-03-24,2948.24707,0.0,7.9e-05,-0.00811,4.613906,4.505474
2022-03-25,2942.935649,0.0,7.9e-05,-0.001802,4.614268,4.497357
2022-03-28,2954.784203,0.0,7.9e-05,0.004026,4.614631,4.515464
2022-03-29,2962.955619,0.0,7.9e-05,0.002765,4.614994,4.527951
2022-03-30,2975.621315,0.0,7.9e-05,0.004275,4.615356,4.547307
2022-03-31,2982.158448,0.0,7.9e-05,0.002197,4.615719,4.557297
2022-04-01,2962.547049,0.0,7.9e-05,-0.006576,4.616082,4.527327
2022-04-04,2979.298452,0.0,7.9e-05,0.005654,4.616444,4.552926
2022-04-05,2976.847027,0.0,7.9e-05,-0.000823,4.616807,4.54918
2022-04-06,2943.752791,0.0,7.9e-05,-0.011117,4.61717,4.498606
2022-04-07,2902.487137,0.0,7.9e-05,-0.014018,4.617533,4.435544
2022-04-08,2904.938562,0.0,7.9e-05,0.000845,4.617896,4.439291
2022-04-11,2903.71285,0.0,7.9e-05,-0.000422,4.618259,4.437417
2022-04-12,2874.295751,0.0,7.9e-05,-0.010131,4.618621,4.392463
2022-04-13,2927.001387,0.0,7.9e-05,0.018337,4.618984,4.473007
2022-04-14,2913.51855,0.0,7.9e-05,-0.004606,4.619347,4.452402
2022-04-15,2879.1986,0.0,7.9e-05,-0.01178,4.61971,4.399955
2022-04-18,2883.284309,0.0,7.9e-05,0.001419,4.620073,4.406199
2022-04-19,2911.884266,0.0,7.9e-05,0.009919,4.620437,4.449905
2022-04-20,2911.475696,0.0,7.9e-05,-0.00014,4.6208,4.449281
2022-04-21,2924.549962,0.0,7.9e-05,0.004491,4.621163,4.46926
2022-04-22,2890.230013,0.0,7.9e-05,-0.011735,4.621526,4.416813
2022-04-25,2843.244368,0.0,7.9e-05,-0.016257,4.621889,4.34501
2022-04-26,2855.501493,0.0,7.9e-05,0.004311,4.622252,4.363741
2022-04-27,2820.364402,0.0,7.9e-05,-0.012305,4.622616,4.310045
2022-04-28,2850.190072,0.0,7.9e-05,0.010575,4.622979,4.355625
2022-04-29,2894.724292,0.0,7.9e-05,0.015625,4.623342,4.423681
2022-05-02,2880.015742,0.0,7.9e-05,-0.005081,4.623705,4.401204
2022-05-03,2874.704321,0.0,7.9e-05,-0.001844,4.624069,4.393087
2022-05-04,2882.058596,0.0,7.9e-05,0.002558,4.624432,4.404326
2022-05-06,2839.56723,0.0,7.9e-05,-0.014743,4.624796,4.339391
2022-05-09,2815.461552,0.0,7.9e-05,-0.008489,4.625159,4.302553
2022-05-10,2797.075865,0.0,7.9e-05,-0.00653,4.625522,4.274456
2022-05-11,2796.667294,0.0,7.9e-05,-0.000146,4.625886,4.273832
2022-05-12,2751.315932,0.0,7.9e-05,-0.016216,4.62625,4.204526
2022-05-13,2818.730118,0.0,7.9e-05,0.024503,4.626613,4.307548
2022-05-16,2804.021569,0.0,7.9e-05,-0.005218,4.626977,4.28507
2022-05-17,2833.438668,0.0,7.9e-05,0.010491,4.62734,4.330025
2022-05-18,2839.15866,0.0,7.9e-05,0.002019,4.627704,4.338767
2022-05-19,2793.807298,0.0,7.9e-05,-0.015974,4.628068,4.269461
2022-05-20,2849.37293,0.0,7.9e-05,0.019889,4.628431,4.354376
2022-05-23,2856.727205,0.0,7.9e-05,0.002581,4.628795,4.365615
2022-05-24,2804.83871,0.0,7.9e-05,-0.018164,4.629159,4.286319
2022-05-25,2817.095835,0.0,7.9e-05,0.00437,4.629523,4.30505
2022-05-26,2807.698706,0.0,7.9e-05,-0.003336,4.629886,4.29069
2022-05-27,2841.201514,0.0,7.9e-05,0.011932,4.63025,4.341888
2022-05-30,2874.295751,0.0,7.9e-05,0.011648,4.630614,4.392463
2022-05-31,2886.961446,0.0,7.9e-05,0.004407,4.630978,4.411818
2022-06-02,2853.867209,0.0,7.9e-05,-0.011463,4.631342,4.361244
2022-06-03,2870.618613,0.0,7.9e-05,0.00587,4.631706,4.386843
2022-06-07,2812.601556,0.0,7.9e-05,-0.020211,4.63207,4.298182
2022-06-08,2820.772973,0.0,7.9e-05,0.002905,4.632434,4.31067
2022-06-09,2811.375844,0.0,7.9e-05,-0.003331,4.632798,4.296309
2022-06-10,2779.098748,0.0,7.9e-05,-0.011481,4.633162,4.246984
2022-06-13,2686.761742,0.0,7.9e-05,-0.033226,4.633526,4.105875
2022-06-14,2670.010338,0.0,7.9e-05,-0.006235,4.63389,4.080276
2022-06-15,2618.938985,0.0,7.9e-05,-0.019128,4.634254,4.00223
2022-06-16,2620.981839,0.0,7.9e-05,0.00078,4.634618,4.005351
2022-06-17,2603.413294,0.0,7.9e-05,-0.006703,4.634983,3.978503
2022-06-20,2556.83622,0.0,7.9e-05,-0.017891,4.635347,3.907325
2022-06-21,2579.307615,0.0,7.9e-05,0.008789,4.635711,3.941665
2022-06-22,2506.990579,0.0,7.9e-05,-0.028037,4.636075,3.831151
2022-06-23,2489.830605,0.0,7.9e-05,-0.006845,4.63644,3.804928
2022-06-24,2543.353383,0.0,7.9e-05,0.021497,4.636804,3.886721
2022-06-27,2573.996195,0.0,7.9e-05,0.012048,4.637169,3.933549
2022-06-28,2597.284732,0.0,7.9e-05,0.009048,4.637533,3.969138
2022-06-29,2552.341941,0.0,7.9e-05,-0.017304,4.637897,3.900457
2022-06-30,2503.313442,0.0,7.9e-05,-0.019209,4.638262,3.825532
2022-07-01,2483.293471,0.0,7.9e-05,-0.007997,4.638626,3.794938
2022-07-04,2480.842047,0.0,7.9e-05,-0.000987,4.638991,3.791192
2022-07-05,2521.699129,0.0,7.9e-05,0.016469,4.639355,3.853629
2022-07-06,2467.76778,0.0,7.9e-05,-0.021387,4.63972,3.771212
2022-07-07,2515.570567,0.0,7.9e-05,0.019371,4.640085,3.844263
2022-07-08,2527.419121,0.0,7.9e-05,0.00471,4.640449,3.86237
2022-07-11,2516.796279,0.0,7.9e-05,-0.004203,4.640814,3.846136
2022-07-12,2488.604892,0.0,7.9e-05,-0.011201,4.641179,3.803055
2022-07-13,2504.130584,0.0,7.9e-05,0.006239,4.641543,3.826781
2022-07-14,2495.142025,0.0,7.9e-05,-0.003589,4.641908,3.813045
2022-07-15,2509.850575,0.0,7.9e-05,0.005895,4.642273,3.835522
2022-07-18,2568.276203,0.0,7.9e-05,0.023279,4.642638,3.924807
2022-07-19,2554.793366,0.0,7.9e-05,-0.00525,4.643003,3.904203
2022-07-20,2576.447619,0.0,7.9e-05,0.008476,4.643367,3.937295
2022-07-21,2598.510444,0.0,7.9e-05,0.008563,4.643732,3.971011
2022-07-22,2589.930457,0.0,7.9e-05,-0.003302,4.644097,3.957899
2022-07-25,2597.693302,0.0,7.9e-05,0.002997,4.644462,3.969762
2022-07-26,2608.724715,0.0,7.9e-05,0.004247,4.644827,3.98662
2022-07-27,2607.090431,0.0,7.9e-05,-0.000626,4.645192,3.984123
2022-07-28,2625.476118,0.0,7.9e-05,0.007052,4.645557,4.01222
2022-07-29,2634.056106,0.0,7.9e-05,0.003268,4.645922,4.025331
2022-08-01,2636.507531,0.0,7.9e-05,0.000931,4.646287,4.029078
2022-08-02,2617.713273,0.0,7.9e-05,-0.007128,4.646653,4.000356
2022-08-03,2639.367526,0.0,7.9e-05,0.008272,4.647018,4.033448
2022-08-04,2653.258934,0.0,7.9e-05,0.005263,4.647383,4.054677
2022-08-05,2667.558913,0.0,7.9e-05,0.00539,4.647748,4.07653
2022-08-08,2664.698918,0.0,7.9e-05,-0.001072,4.648113,4.072159
2022-08-09,2673.278905,0.0,7.9e-05,0.00322,4.648479,4.085271
2022-08-10,2641.818951,0.0,7.9e-05,-0.011768,4.648844,4.037194
2022-08-11,2686.353171,0.0,7.9e-05,0.016857,4.649209,4.105251
2022-08-12,2693.298875,0.0,7.9e-05,0.002586,4.649575,4.115865
2022-08-16,2704.330288,0.0,7.9e-05,0.004096,4.64994,4.132724
2022-08-17,2685.9446,0.0,7.9e-05,-0.006799,4.650305,4.104627
2022-08-18,2674.096047,0.0,7.9e-05,-0.004411,4.650671,4.08652
2022-08-19,2661.430351,0.0,7.9e-05,-0.004736,4.651036,4.067164
2022-08-22,2623.841835,0.0,7.9e-05,-0.014123,4.651402,4.009722
2022-08-23,2590.747598,0.0,7.9e-05,-0.012613,4.651767,3.959148
2022-08-24,2602.596152,0.0,7.9e-05,0.004573,4.652133,3.977255
2022-08-25,2637.324672,0.0,7.9e-05,0.013344,4.652499,4.030326
2022-08-26,2642.636093,0.0,7.9e-05,0.002014,4.652864,4.038443
2022-08-29,2570.727628,0.0,7.9e-05,-0.027211,4.65323,3.928554
2022-08-30,2601.37044,0.0,7.9e-05,0.01192,4.653595,3.975382
2022-08-31,2614.036135,0.0,7.9e-05,0.004869,4.653961,3.994737
2022-09-01,2560.921928,0.0,7.9e-05,-0.020319,4.654327,3.913569
2022-09-02,2555.610507,0.0,7.9e-05,-0.002074,4.654693,3.905452
2022-09-05,2539.267674,0.0,7.9e-05,-0.006395,4.655058,3.880477
2022-09-06,2545.396237,0.0,7.9e-05,0.002414,4.655424,3.889843
2022-09-07,2500.862017,0.0,7.9e-05,-0.017496,4.65579,3.821786
2022-09-08,2511.484858,0.0,7.9e-05,0.004248,4.656156,3.83802
2022-09-13,2600.144727,0.0,7.9e-05,0.035302,4.656522,3.973508
2022-09-14,2538.859104,0.0,7.9e-05,-0.02357,4.656888,3.879853
2022-09-15,2528.236262,0.0,7.9e-05,-0.004184,4.657254,3.863619
2022-09-16,2499.636304,0.0,7.9e-05,-0.011312,4.65762,3.819913
2022-09-19,2491.464888,0.0,7.9e-05,-0.003269,4.657986,3.807425
2022-09-20,2496.776309,0.0,7.9e-05,0.002132,4.658352,3.815542
2022-09-21,2471.036347,0.0,7.9e-05,-0.010309,4.658718,3.776207
2022-09-22,2443.662101,0.0,7.9e-05,-0.011078,4.659084,3.734374
2022-09-23,2417.513569,0.0,7.9e-05,-0.010701,4.65945,3.694414
2022-09-26,2355.819374,0.0,7.9e-05,-0.02552,4.659816,3.600134
2022-09-27,2358.270799,0.0,7.9e-05,0.001041,4.660182,3.60388
2022-09-28,2296.168034,0.0,7.9e-05,-0.026334,4.660549,3.508975
2022-09-29,2310.468013,0.0,7.9e-05,0.006228,4.660915,3.530828
2022-09-30,2291.673755,0.0,7.9e-05,-0.008134,4.661281,3.502107
2022-10-04,2353.367949,0.0,7.9e-05,0.026921,4.661648,3.596387
2022-10-05,2356.636516,0.0,7.9e-05,0.001389,4.662014,3.601382
2022-10-06,2370.936495,0.0,7.9e-05,0.006068,4.66238,3.623235
2022-10-07,2360.313653,0.0,7.9e-05,-0.00448,4.662747,3.607002
2022-10-11,2311.693725,0.0,7.9e-05,-0.020599,4.663113,3.532701
2022-10-12,2335.799404,0.0,7.9e-05,0.010428,4.66348,3.569539
2022-10-13,2294.533751,0.0,7.9e-05,-0.017667,4.663846,3.506478
2022-10-14,2360.722224,0.0,7.9e-05,0.028846,4.664213,3.607626
2022-10-17,2348.056529,0.0,7.9e-05,-0.005365,4.664579,3.58827
2022-10-18,2390.139323,0.0,7.9e-05,0.017922,4.664946,3.652581
2022-10-19,2363.990791,0.0,7.9e-05,-0.01094,4.665312,3.612621
2022-10-20,2341.927966,0.0,7.9e-05,-0.009333,4.665679,3.578905
2022-10-21,2349.690812,0.0,7.9e-05,0.003315,4.666045,3.590768
2022-10-24,2377.065057,0.0,7.9e-05,0.01165,4.666412,3.632601
2022-10-25,2373.38792,0.0,7.9e-05,-0.001547,4.666779,3.626982
2022-10-26,2391.773607,0.0,7.9e-05,0.007747,4.667146,3.655078
2022-10-27,2432.222118,0.0,7.9e-05,0.016912,4.667512,3.716891
2022-10-28,2400.762165,0.0,7.9e-05,-0.012935,4.667879,3.668815
2022-10-31,2419.556423,0.0,7.9e-05,0.007828,4.668246,3.697536
2022-11-01,2453.05923,0.0,7.9e-05,0.013847,4.668613,3.748734
2022-11-02,2468.176351,0.0,7.9e-05,0.006163,4.66898,3.771836
2022-11-03,2429.362123,0.0,7.9e-05,-0.015726,4.669347,3.712521
2022-11-04,2441.619247,0.0,7.9e-05,0.005045,4.669714,3.731252
2022-11-07,2489.013463,0.0,7.9e-05,0.019411,4.670081,3.803679
2022-11-08,2520.881987,0.0,7.9e-05,0.012804,4.670448,3.85238
2022-11-09,2558.061932,0.0,7.9e-05,0.014749,4.670815,3.909198
2022-11-10,2558.879074,0.0,7.9e-05,0.000319,4.671182,3.910447
2022-11-11,2621.798981,0.0,7.9e-05,0.024589,4.671549,4.0066
2022-11-14,2638.550385,0.5,0.002734,0.006389,4.68432,4.032199
2022-11-15,2613.218994,0.5,-0.004761,-0.0096,4.662019,3.993488
2022-11-16,2592.381882,0.5,-0.003948,-0.007974,4.643615,3.961645
2022-11-17,2592.381882,0.5,3.9e-05,0.0,4.643797,3.961645
2022-11-18,2598.101873,0.5,0.001143,0.002206,4.649103,3.970387
2022-11-21,2558.061932,1.0,-0.015911,-0.015411,4.57513,3.909198
2022-11-22,2544.170524,1.0,-0.00543,-0.00543,4.550285,3.887969
2022-11-23,2555.610507,1.0,0.004497,0.004497,4.570746,3.905452
2022-11-24,2569.910486,1.0,0.005596,0.005596,4.596321,3.927305
2022-11-25,2577.673332,1.0,0.003021,0.003021,4.610205,3.939168
2022-11-28,2539.267674,1.0,-0.014899,-0.014899,4.541516,3.880477
2022-11-29,2563.373353,1.0,0.009493,0.009493,4.58463,3.917315
2022-11-30,2581.75904,1.0,0.007172,0.007172,4.617513,3.945412
2022-12-01,2623.841835,1.0,0.0163,0.0163,4.692778,4.009722
2022-12-02,2585.027607,1.0,-0.014793,-0.014793,4.623359,3.950407
2022-12-05,2553.567653,1.0,-0.01217,-0.01217,4.567092,3.90233
2022-12-06,2511.484858,1.0,-0.01648,-0.01648,4.491826,3.83802
2022-12-07,2504.947725,1.0,-0.002603,-0.002603,4.480135,3.82803
2022-12-08,2492.6906,1.0,-0.004893,-0.004893,4.458213,3.809298
2022-12-09,2507.39915,1.0,0.005901,0.005901,4.484519,3.831776
2022-12-12,2512.302,0.5,0.000517,0.001955,4.486837,3.839268
2022-12-13,2510.667717,0.5,-0.000286,-0.000651,4.485554,3.836771
2022-12-14,2537.22482,0.5,0.005328,0.010578,4.509454,3.877355
2022-12-15,2524.150554,0.5,-0.002537,-0.005153,4.498013,3.857375
2022-12-16,2468.584922,0.5,-0.010968,-0.022014,4.448681,3.77246
2022-12-19,2479.207763,0.5,0.002191,0.004303,4.458427,3.788694
2022-12-20,2467.359209,0.5,-0.00235,-0.004779,4.447949,3.770587
2022-12-21,2458.370651,0.5,-0.001782,-0.003643,4.440021,3.756851
2022-12-22,2487.37918,0.5,0.005939,0.0118,4.466392,3.801182
2022-12-23,2441.619247,0.5,-0.009159,-0.018397,4.425484,3.731252
2022-12-26,2440.802106,0.5,-0.000128,-0.000335,4.424917,3.730003
2022-12-27,2454.284943,0.5,0.002801,0.005524,4.437312,3.750607
2022-12-28,2433.447831,0.5,-0.004206,-0.00849,4.41865,3.718764
2022-12-29,2415.879285,0.5,-0.003571,-0.00722,4.402873,3.691916
2023-01-02,2374.613632,0.5,-0.008501,-0.017081,4.365443,3.628855
2023-01-03,2372.162207,0.5,-0.000477,-0.001032,4.363362,3.625108
2023-01-04,2391.773607,0.5,0.004173,0.008267,4.38157,3.655078
2023-01-05,2433.447831,0.5,0.008751,0.017424,4.419914,3.718764
2023-01-06,2472.67063,0.5,0.008098,0.016118,4.455708,3.778704
2023-01-09,2540.084816,0.5,0.013671,0.027264,4.516623,3.881726
2023-01-10,2538.450533,0.5,-0.000282,-0.000643,4.515347,3.879228
2023-01-11,2544.170524,0.5,0.001166,0.002253,4.520612,3.887969
2023-01-12,2540.493387,0.5,-0.000683,-0.001445,4.517523,3.88235
2023-01-13,2571.136199,0.5,0.00607,0.012062,4.544945,3.929178
2023-01-16,2589.521886,1.0,0.006651,0.007151,4.575173,3.957275
2023-01-17,2573.179053,1.0,-0.006311,-0.006311,4.546298,3.9323
2023-01-18,2558.061932,1.0,-0.005875,-0.005875,4.519589,3.909198
2023-01-19,2555.610507,1.0,-0.000958,-0.000958,4.515258,3.905452
2023-01-20,2583.801894,1.0,0.011031,0.011031,4.565066,3.948534
2023-01-25,2629.561827,1.0,0.01771,0.01771,4.645915,4.018463
2023-01-26,2635.690389,1.0,0.002331,0.002331,4.656743,4.027829
2023-01-27,2681.041751,1.0,0.017207,0.017207,4.73687,4.097134
2023-01-30,2659.796068,1.0,-0.007924,-0.007924,4.699333,4.064667
2023-01-31,2640.593239,1.0,-0.00722,-0.00722,4.665405,4.035321
2023-02-01,2620.981839,1.0,-0.007427,-0.007427,4.630756,4.005351
2023-02-02,2657.753214,1.0,0.01403,0.01403,4.695724,4.061545
2023-02-03,2645.90466,1.0,-0.004458,-0.004458,4.67479,4.043438
2023-02-06,2636.507531,1.0,-0.003552,-0.003552,4.658187,4.029078
2023-02-07,2615.670419,1.0,-0.007903,-0.007903,4.621372,3.997235
2023-02-08,2647.130372,1.0,0.012027,0.012027,4.676955,4.045311
2023-02-09,2644.678947,1.0,-0.000926,-0.000926,4.672624,4.041565
2023-02-10,2640.184668,1.0,-0.001699,-0.001699,4.664684,4.034697
2023-02-13,2631.19611,1.0,-0.003405,-0.003405,4.648803,4.020961
2023-02-14,2647.130372,1.0,0.006056,0.006056,4.676955,4.045311
2023-02-15,2588.296173,1.0,-0.022226,-0.022226,4.573007,3.955402
2023-02-16,2643.044664,1.0,0.021152,0.021152,4.669737,4.039068
2023-02-17,2634.464677,1.0,-0.003246,-0.003246,4.654578,4.025956
2023-02-20,2609.541856,0.5,-0.005191,-0.00946,4.630416,3.987869
2023-02-21,2620.164698,0.5,0.002075,0.004071,4.640023,4.004103
2023-02-22,2589.521886,0.5,-0.005808,-0.011695,4.613073,3.957275
2023-02-23,2589.113315,0.5,-4e-05,-0.000158,4.61289,3.95665
2023-02-24,2615.670419,0.5,0.005168,0.010257,4.636729,3.997235
2023-02-27,2542.944812,0.5,-0.013863,-0.027804,4.572452,3.886096
2023-02-28,2574.404765,0.5,0.006225,0.012371,4.600915,3.934173
2023-03-02,2582.167611,0.5,0.001547,0.003015,4.608033,3.946036
2023-03-03,2587.887603,0.5,0.001147,0.002215,4.613318,3.954777
2023-03-06,2599.736156,0.5,0.002329,0.004578,4.62406,3.972884
2023-03-07,2609.133285,0.5,0.001847,0.003615,4.632599,3.987245
2023-03-08,2575.630478,0.5,-0.006381,-0.012841,4.603038,3.936046
2023-03-09,2567.05049,0.5,-0.001626,-0.003331,4.595552,3.922934
2023-03-10,2516.796279,0.5,-0.009749,-0.019577,4.55075,3.846136
2023-03-13,2518.430562,0.0,-0.000421,0.000649,4.548832,3.848634
2023-03-14,2498.410592,0.0,7.9e-05,-0.007949,4.54919,3.81804
2023-03-15,2520.881987,0.0,7.9e-05,0.008994,4.549547,3.85238
2023-03-16,2509.442004,0.0,7.9e-05,-0.004538,4.549905,3.834898
2023-03-17,2523.333412,0.0,7.9e-05,0.005536,4.550263,3.856126
2023-03-20,2544.579095,0.0,7.9e-05,0.00842,4.55062,3.888594
2023-03-21,2530.279116,0.0,7.9e-05,-0.00562,4.550978,3.866741
2023-03-22,2542.12767,0.0,7.9e-05,0.004683,4.551335,3.884848
2023-03-23,2545.804808,0.0,7.9e-05,0.001446,4.551693,3.890467
2023-03-24,2554.793366,0.0,7.9e-05,0.003531,4.552051,3.904203
2023-03-27,2547.439091,0.0,7.9e-05,-0.002879,4.552408,3.892964
2023-03-28,2573.587624,0.0,7.9e-05,0.010265,4.552766,3.932924
2023-03-29,2577.264761,0.0,7.9e-05,0.001429,4.553124,3.938544
2023-03-30,2593.607594,0.0,7.9e-05,0.006341,4.553482,3.963518
2023-03-31,2624.658977,0.0,7.9e-05,0.011972,4.55384,4.010971
2023-04-03,2611.58471,0.5,-0.002951,-0.004981,4.5404,3.990991
2023-04-04,2624.658977,0.5,0.002542,0.005006,4.551943,4.010971
2023-04-05,2641.410381,0.5,0.00323,0.006382,4.566648,4.03657
2023-04-06,2592.381882,0.5,-0.009241,-0.018561,4.524446,3.961645
2023-04-07,2634.056106,0.5,0.008077,0.016076,4.56099,4.025331
2023-04-10,2659.387497,0.5,0.004848,0.009617,4.5831,4.064043
2023-04-11,2693.707446,0.5,0.006492,0.012905,4.612853,4.11649
2023-04-12,2704.330288,0.5,0.002011,0.003944,4.62213,4.132724
2023-04-13,2711.275992,0.5,0.001323,0.002568,4.628248,4.143338
2023-04-14,2718.630266,0.5,0.001396,0.002712,4.634706,4.154577
2023-04-17,2720.26455,1.0,0.000101,0.000601,4.635175,4.157074
2023-04-18,2718.221696,1.0,-0.000751,-0.000751,4.631694,4.153952
2023-04-19,2717.813125,1.0,-0.00015,-0.00015,4.630998,4.153328
2023-04-20,2710.050279,1.0,-0.002856,-0.002856,4.617771,4.141465
2023-04-21,2692.073163,1.0,-0.006633,-0.006633,4.587139,4.113992
2023-04-24,2675.73033,1.0,-0.006071,-0.006071,4.559291,4.089017
2023-04-25,2641.410381,1.0,-0.012826,-0.012826,4.500812,4.03657
2023-04-26,2637.324672,1.0,-0.001547,-0.001547,4.49385,4.030326
2023-04-27,2642.227522,1.0,0.001859,0.001859,4.502205,4.037819
2023-04-28,2646.721801,1.0,0.001701,0.001701,4.509863,4.044687
2023-05-02,2676.138901,0.5,0.005097,0.011115,4.532847,4.089642
2023-05-03,2649.990368,0.5,-0.004846,-0.009771,4.51088,4.049682
2023-05-04,2641.818951,0.5,-0.001502,-0.003084,4.504103,4.037194
2023-05-08,2676.138901,0.5,0.006535,0.012991,4.533536,4.089642
2023-05-09,2664.698918,0.5,-0.002098,-0.004275,4.524024,4.072159
2023-05-10,2647.538943,0.5,-0.003181,-0.00644,4.509635,4.045936
2023-05-11,2638.550385,0.5,-0.001658,-0.003395,4.502157,4.032199
2023-05-12,2629.561827,0.5,-0.001664,-0.003407,4.494666,4.018463
2023-05-15,2636.507531,0.0,-0.000421,0.002641,4.492771,4.029078
2023-05-16,2639.776097,0.0,7.9e-05,0.00124,4.493124,4.034073
2023-05-17,2647.538943,0.0,7.9e-05,0.002941,4.493478,4.045936
2023-05-18,2674.504617,0.0,7.9e-05,0.010185,4.493831,4.087144
2023-05-19,2714.953129,0.0,7.9e-05,0.015124,4.494184,4.148957
2023-05-22,2733.338816,1.0,0.005772,0.006772,4.520124,4.177054
2023-05-23,2741.510233,1.0,0.00299,0.00299,4.533637,4.189541
2023-05-24,2732.113104,1.0,-0.003428,-0.003428,4.518097,4.175181
2023-05-25,2725.1674,1.0,-0.002542,-0.002542,4.506611,4.164567
2023-05-26,2737.424524,1.0,0.004498,0.004498,4.526881,4.183298
2023-05-30,2773.787328,1.0,0.013284,0.013284,4.587014,4.238867
2023-05-31,2749.681649,1.0,-0.008691,-0.008691,4.54715,4.202029
2023-06-01,2741.510233,1.0,-0.002972,-0.002972,4.533637,4.189541
2023-06-02,2779.91589,1.0,0.014009,0.014009,4.597149,4.248232
2023-06-05,2788.904448,1.0,0.003233,0.003233,4.612013,4.261969
2023-06-07,2781.550173,1.0,-0.002637,-0.002637,4.599851,4.25073
2023-06-08,2780.324461,1.0,-0.000441,-0.000441,4.597824,4.248857
2023-06-09,2821.590114,1.0,0.014842,0.014842,4.666066,4.311919
2023-06-12,2798.301577,1.0,-0.008254,-0.008254,4.627553,4.276329
2023-06-13,2812.601556,1.0,0.00511,0.00511,4.651201,4.298182
2023-06-14,2796.258723,1.0,-0.005811,-0.005811,4.624175,4.273207
2023-06-15,2786.044452,1.0,-0.003653,-0.003653,4.607284,4.257598
2023-06-16,2803.612998,1.0,0.006306,0.006306,4.636337,4.284446
2023-06-19,2785.635882,1.0,-0.006412,-0.006412,4.606608,4.256974
2023-06-20,2777.873036,1.0,-0.002787,-0.002787,4.593771,4.245111
2023-06-21,2753.358786,1.0,-0.008825,-0.008825,4.553231,4.207648
2023-06-22,2762.347345,1.0,0.003265,0.003265,4.568096,4.221384
2023-06-23,2746.004512,1.0,-0.005916,-0.005916,4.54107,4.19641
2023-06-26,2755.401641,1.0,0.003422,0.003422,4.55661,4.21077
2023-06-27,2756.627353,1.0,0.000445,0.000445,4.558637,4.212643
2023-06-28,2740.28452,1.0,-0.005929,-0.005929,4.53161,4.187668
2023-06-29,2737.424524,1.0,-0.001044,-0.001044,4.526881,4.183298
2023-06-30,2748.047366,1.0,0.003881,0.003881,4.544448,4.199531
2023-07-03,2790.947302,1.0,0.015611,0.015611,4.615391,4.265091
2023-07-04,2775.421611,1.0,-0.005563,-0.005563,4.589717,4.241364
2023-07-05,2748.864507,1.0,-0.009569,-0.009569,4.545799,4.20078
2023-07-06,2728.435966,1.0,-0.007432,-0.007432,4.512016,4.169562
2023-07-07,2685.53603,1.0,-0.015723,-0.015723,4.441073,4.104002
2023-07-10,2685.53603,0.5,-0.000461,0.0,4.439027,4.104002
2023-07-11,2734.564529,0.5,0.009168,0.018257,4.479722,4.178927
2023-07-12,2750.498791,0.5,0.002953,0.005827,4.492949,4.203278
2023-07-13,2773.787328,0.5,0.004273,0.008467,4.512147,4.238867
2023-07-14,2810.967273,0.5,0.006741,0.013404,4.542565,4.295685
2023-07-17,2808.515848,1.0,-0.001372,-0.000872,4.536332,4.291939
2023-07-18,2789.72159,1.0,-0.006692,-0.006692,4.505975,4.263217
2023-07-19,2779.91589,1.0,-0.003515,-0.003515,4.490137,4.248232
2023-07-20,2770.927332,1.0,-0.003233,-0.003233,4.475619,4.234496
2023-07-21,2777.873036,1.0,0.002507,0.002507,4.486837,4.245111
2023-07-24,2792.990156,1.0,0.005442,0.005442,4.511255,4.268212
2023-07-25,2796.258723,1.0,0.00117,0.00117,4.516534,4.273207
2023-07-26,2763.981628,1.0,-0.011543,-0.011543,4.4644,4.223882
2023-07-27,2795.850152,1.0,0.01153,0.01153,4.515874,4.272583
2023-07-28,2786.861594,1.0,-0.003215,-0.003215,4.501356,4.258847
2023-07-31,2803.204427,1.0,0.005864,0.005864,4.527753,4.283822
2023-08-01,2844.878651,1.0,0.014867,0.014867,4.595065,4.347508
2023-08-02,2783.184457,1.0,-0.021686,-0.021686,4.495416,4.253227
2023-08-03,2766.024482,1.0,-0.006166,-0.006166,4.4677,4.227004
2023-08-04,2762.755915,1.0,-0.001182,-0.001182,4.46242,4.222009
2023-08-07,2751.724503,1.0,-0.003993,-0.003993,4.444602,4.205151
2023-08-08,2737.015953,1.0,-0.005345,-0.005345,4.420845,4.182673
2023-08-09,2764.390199,1.0,0.010001,0.010001,4.46506,4.224506
2023-08-10,2747.638795,1.0,-0.00606,-0.00606,4.438003,4.198907
2023-08-11,2747.638795,1.0,0.0,0.0,4.438003,4.198907
2023-08-14,2721.490262,1.0,-0.009517,-0.009517,4.395768,4.158947
2023-08-16,2681.450321,1.0,-0.014713,-0.014713,4.331095,4.097759
2023-08-17,2670.418909,1.0,-0.004114,-0.004114,4.313277,4.080901
2023-08-18,2649.990368,1.0,-0.00765,-0.00765,4.280281,4.049682
2023-08-21,2653.667505,0.0,-0.000921,0.001388,4.276337,4.055301
2023-08-22,2662.247493,0.0,7.9e-05,0.003233,4.276673,4.068413
2023-08-23,2659.387497,0.0,7.9e-05,-0.001074,4.277009,4.064043
2023-08-24,2694.116017,0.0,7.9e-05,0.013059,4.277345,4.117114
2023-08-25,2663.881776,0.0,7.9e-05,-0.011222,4.277681,4.070911
2023-08-28,2683.901746,0.0,7.9e-05,0.007515,4.278017,4.101505
2023-08-29,2690.438879,0.0,7.9e-05,0.002436,4.278353,4.111495
2023-08-30,2701.061721,0.0,7.9e-05,0.003948,4.27869,4.127729
2023-08-31,2702.696004,0.0,7.9e-05,0.000605,4.279026,4.130226
2023-09-01,2726.393112,0.0,7.9e-05,0.008768,4.279362,4.16644
2023-09-04,2750.09022,0.0,7.9e-05,0.008692,4.279698,4.202653
2023-09-05,2748.047366,0.0,7.9e-05,-0.000743,4.280035,4.199531
2023-09-06,2726.393112,0.0,7.9e-05,-0.00788,4.280371,4.16644
2023-09-07,2714.135987,0.0,7.9e-05,-0.004496,4.280707,4.147708
2023-09-08,2716.178841,0.0,7.9e-05,0.000753,4.281044,4.15083
2023-09-11,2728.435966,0.5,0.001796,0.004513,4.288731,4.169562
2023-09-12,2709.641708,0.5,-0.003405,-0.006888,4.274128,4.14084
2023-09-13,2710.867421,0.5,0.000265,0.000452,4.275263,4.142713
2023-09-14,2752.133074,0.5,0.00765,0.015222,4.307971,4.205775
2023-09-15,2786.861594,0.5,0.006349,0.012619,4.335321,4.258847
2023-09-18,2754.584499,1.0,-0.012082,-0.011582,4.282942,4.209521
2023-09-19,2736.607383,1.0,-0.006526,-0.006526,4.25499,4.182049
2023-09-20,2735.38167,1.0,-0.000448,-0.000448,4.253084,4.180176
2023-09-21,2683.084605,1.0,-0.019119,-0.019119,4.171771,4.100256
2023-09-22,2672.053192,1.0,-0.004111,-0.004111,4.154619,4.083398
2023-09-25,2674.096047,0.0,-0.000921,0.000765,4.150791,4.08652
2023-09-26,2635.281818,0.0,7.9e-05,-0.014515,4.151117,4.027205
2023-09-27,2640.593239,0.0,7.9e-05,0.002016,4.151443,4.035321
2023-10-04,2567.867632,0.0,7.9e-05,-0.027541,4.151769,3.924183
2023-10-05,2565.007636,0.0,7.9e-05,-0.001114,4.152095,3.919812
2023-10-06,2571.136199,0.0,7.9e-05,0.002389,4.152422,3.929178
2023-10-10,2578.899044,0.0,7.9e-05,0.003019,4.152748,3.941041
2023-10-11,2624.250406,0.0,7.9e-05,0.017586,4.153074,4.010346
2023-10-12,2652.441793,0.0,7.9e-05,0.010743,4.153401,4.053428
2023-10-13,2631.19611,0.0,7.9e-05,-0.00801,4.153727,4.020961
2023-10-16,2606.68186,0.0,7.9e-05,-0.009317,4.154054,3.983498
2023-10-17,2638.958956,0.0,7.9e-05,0.012382,4.15438,4.032824
2023-10-18,2650.398939,0.0,7.9e-05,0.004335,4.154707,4.050306
2023-10-19,2597.284732,0.0,7.9e-05,-0.02004,4.155033,3.969138
2023-10-20,2557.653362,0.0,7.9e-05,-0.015259,4.15536,3.908574
2023-10-23,2542.536241,0.0,7.9e-05,-0.005911,4.155686,3.885472
2023-10-24,2563.373353,0.0,7.9e-05,0.008195,4.156013,3.917315
2023-10-25,2549.481945,0.0,7.9e-05,-0.005419,4.156339,3.896086
2023-10-26,2478.390622,0.0,7.9e-05,-0.027885,4.156666,3.787445
2023-10-27,2478.799192,0.0,7.9e-05,0.000165,4.156993,3.78807
2023-10-30,2482.884901,0.0,7.9e-05,0.001648,4.157319,3.794313
2023-10-31,2476.347767,0.0,7.9e-05,-0.002633,4.157646,3.784323
2023-11-01,2486.153467,0.0,7.9e-05,0.00396,4.157973,3.799308
2023-11-02,2538.859104,0.0,7.9e-05,0.0212,4.158299,3.879853
2023-11-03,2553.159082,0.0,7.9e-05,0.005632,4.158626,3.901706
2023-11-06,2611.993281,0.0,7.9e-05,0.023044,4.158953,3.991615
2023-11-07,2644.678947,0.0,7.9e-05,0.012514,4.15928,4.041565
2023-11-08,2625.884689,0.0,7.9e-05,-0.007106,4.159607,4.012844
2023-11-09,2605.047577,0.0,7.9e-05,-0.007935,4.159934,3.981001
2023-11-10,2593.607594,0.0,7.9e-05,-0.004391,4.16026,3.963518
2023-11-13,2614.853277,0.5,0.003635,0.008192,4.175383,3.995986
2023-11-14,2629.561827,0.5,0.002852,0.005625,4.187291,4.018463
2023-11-15,2677.773184,0.5,0.009206,0.018334,4.225841,4.092139
2023-11-16,2681.450321,0.5,0.000726,0.001373,4.228908,4.097759
2023-11-17,2684.310317,0.5,0.000573,0.001067,4.23133,4.102129
2023-11-19,2663.473205,0.5,-0.003842,-0.007763,4.215073,4.070286
2023-11-20,2709.233137,0.5,0.00863,0.017181,4.251447,4.140216
2023-11-21,2684.718888,0.5,-0.004485,-0.009048,4.23238,4.102754
2023-11-22,2712.093133,0.5,0.005137,0.010196,4.254124,4.144587
2023-11-23,2712.910275,0.5,0.00019,0.000301,4.254932,4.145835
2023-11-24,2707.598854,0.5,-0.00094,-0.001958,4.250934,4.137718
2023-11-26,2688.396025,0.5,-0.003507,-0.007092,4.236026,4.108373
2023-11-27,2694.933159,1.0,0.001932,0.002432,4.244209,4.118363
2023-11-28,2709.641708,1.0,0.005458,0.005458,4.267373,4.14084
2023-11-29,2700.244579,1.0,-0.003468,-0.003468,4.252574,4.12648
2023-11-30,2709.233137,1.0,0.003329,0.003329,4.26673,4.140216
2023-12-01,2691.664592,1.0,-0.006485,-0.006485,4.239061,4.113368
2023-12-03,2710.050279,1.0,0.006831,0.006831,4.268016,4.141465
2023-12-04,2688.396025,0.5,-0.004456,-0.00799,4.248999,4.108373
2023-12-05,2685.9446,0.5,-0.000417,-0.000912,4.247228,4.104627
2023-12-06,2670.418909,0.5,-0.002851,-0.00578,4.23512,4.080901
2023-12-07,2693.707446,0.5,0.0044,0.008721,4.253754,4.11649
2023-12-08,2708.007425,0.5,0.002694,0.005309,4.265212,4.138343
2023-12-10,2716.995983,0.5,0.001699,0.003319,4.272458,4.152079
2023-12-11,2724.758829,1.0,0.002357,0.002857,4.282529,4.163942
2023-12-12,2725.984541,1.0,0.00045,0.00045,4.284455,4.165815
2023-12-13,2748.455937,1.0,0.008243,0.008243,4.319774,4.200156
2023-12-14,2759.078778,1.0,0.003865,0.003865,4.33647,4.216389
2023-12-15,2785.635882,1.0,0.009625,0.009625,4.37821,4.256974
2023-12-17,2771.744474,1.0,-0.004987,-0.004987,4.356376,4.235745
2023-12-18,2758.670207,1.0,-0.004717,-0.004717,4.335827,4.215765
2023-12-19,2798.301577,1.0,0.014366,0.014366,4.398116,4.276329
2023-12-20,2808.515848,1.0,0.00365,0.00365,4.41417,4.291939
2023-12-21,2837.932947,1.0,0.010474,0.010474,4.460405,4.336893
2023-12-22,2819.54726,1.0,-0.006479,-0.006479,4.431508,4.308797
2023-12-25,2837.115805,1.0,0.006231,0.006231,4.459121,4.335645
2023-12-26,2837.932947,1.0,0.000288,0.000288,4.460405,4.336893
2023-12-27,2866.941476,1.0,0.010222,0.010222,4.505998,4.381224
2023-12-28,2920.872825,1.0,0.018811,0.018811,4.590763,4.463641
2024-01-02,2891.455725,1.0,-0.010071,-0.010071,4.544528,4.418686
2024-01-03,2822.407256,1.0,-0.02388,-0.02388,4.436004,4.313167
2024-01-04,2817.504406,1.0,-0.001737,-0.001737,4.428298,4.305675
2024-01-05,2817.912977,1.0,0.000145,0.000145,4.42894,4.306299
2024-01-07,2826.084393,1.0,0.0029,0.0029,4.441783,4.318787
2024-01-08,2839.975801,1.0,0.004915,0.004915,4.463616,4.340015
2024-01-09,2788.087307,1.0,-0.018271,-0.018271,4.382063,4.26072
2024-01-10,2760.30449,1.0,-0.009965,-0.009965,4.338396,4.218263
2024-01-11,2749.273078,1.0,-0.003996,-0.003996,4.321058,4.201405
2024-01-12,2739.467378,1.0,-0.003567,-0.003567,4.305646,4.18642
2024-01-14,2740.28452,1.0,0.000298,0.000298,4.30693,4.187668
2024-01-15,2724.350258,1.0,-0.005815,-0.005815,4.281886,4.163318
2024-01-16,2716.178841,1.0,-0.002999,-0.002999,4.269043,4.15083
2024-01-17,2640.184668,1.0,-0.027978,-0.027978,4.149603,4.034697
2024-01-18,2681.858892,1.0,0.015785,0.015785,4.215102,4.098383
2024-01-19,2687.578884,1.0,0.002133,0.002133,4.224093,4.107124
2024-01-21,2719.855979,1.0,0.01201,0.01201,4.274823,4.15645
2024-01-22,2702.287433,0.5,-0.00369,-0.006459,4.259047,4.129602
2024-01-23,2706.781712,0.5,0.000871,0.001663,4.262756,4.13647
2024-01-24,2694.933159,0.5,-0.002149,-0.004377,4.253594,4.118363
2024-01-25,2676.547471,0.5,-0.003372,-0.006822,4.239251,4.090266
2024-01-26,2705.964571,0.5,0.005535,0.010991,4.262714,4.135221
2024-01-28,2709.641708,0.5,0.000719,0.001359,4.265778,4.14084
2024-01-29,2745.595941,0.5,0.006674,0.013269,4.294247,4.195785
2024-01-30,2701.470292,0.5,-0.007996,-0.016071,4.259908,4.128353
2024-01-31,2701.061721,0.5,-3.6e-05,-0.000151,4.259753,4.127729
2024-02-01,2779.91589,0.5,0.014636,0.029194,4.3221,4.248232
2024-02-02,2850.190072,0.5,0.012679,0.025279,4.376899,4.355625
2024-02-04,2838.341518,0.5,-0.002039,-0.004157,4.367974,4.337518
2024-02-05,2796.258723,1.0,-0.015327,-0.014827,4.301028,4.273207
2024-02-06,2816.278693,1.0,0.00716,0.00716,4.331821,4.303802
2024-02-07,2852.232926,1.0,0.012767,0.012767,4.387124,4.358746
2024-02-08,2844.878651,1.0,-0.002578,-0.002578,4.375812,4.347508
2024-02-12,2877.155746,1.0,0.011346,0.011346,4.425458,4.396833
2024-02-13,2829.761531,1.0,-0.016473,-0.016473,4.35256,4.324406
2024-02-14,2868.575759,1.0,0.013716,0.013716,4.412261,4.383721
2024-02-15,2855.910063,1.0,-0.004415,-0.004415,4.39278,4.364366
2024-02-16,2842.835797,1.0,-0.004578,-0.004578,4.37267,4.344386
2024-02-18,2868.167188,1.0,0.008911,0.008911,4.411633,4.383097
2024-02-19,2902.487137,1.0,0.011966,0.011966,4.464422,4.435544
2024-02-20,2870.210042,1.0,-0.01112,-0.01112,4.414775,4.386219
2024-02-21,2892.681438,1.0,0.007829,0.007829,4.449339,4.420559
2024-02-22,2906.981416,1.0,0.004944,0.004944,4.471334,4.442412
2024-02-23,2891.047154,1.0,-0.005481,-0.005481,4.446825,4.418062
2024-02-26,2859.995772,1.0,-0.010741,-0.010741,4.399064,4.37061
2024-02-27,2843.652939,1.0,-0.005714,-0.005714,4.373926,4.345635
2024-02-28,2856.318634,1.0,0.004454,0.004454,4.393408,4.36499
2024-02-29,2864.08148,1.0,0.002718,0.002718,4.405348,4.376853
2024-03-03,2897.584288,1.0,0.011698,0.011698,4.45688,4.428052
2024-03-04,2895.950004,0.5,-0.000743,-0.000564,4.45357,4.425554
2024-03-05,2866.941476,0.5,-0.004969,-0.010017,4.431439,4.381224
2024-03-06,2882.467167,0.5,0.002747,0.005415,4.443613,4.40495
2024-03-07,2911.067125,0.5,0.005,0.009922,4.465832,4.448656
2024-03-08,2916.378545,0.5,0.000952,0.001825,4.470082,4.456773
2024-03-10,2894.315721,0.5,-0.003743,-0.007565,4.453349,4.423057
2024-03-11,2900.035712,0.5,0.001027,0.001976,4.457924,4.431798
2024-03-12,2923.324249,0.5,0.004055,0.00803,4.475999,4.467387
2024-03-13,2931.495666,0.5,0.001437,0.002795,4.482431,4.479875
2024-03-14,2953.55849,0.5,0.003802,0.007526,4.499475,4.513591
2024-03-15,2975.212744,0.5,0.003705,0.007332,4.516146,4.546683
2024-03-17,2957.644199,0.5,-0.002913,-0.005905,4.502989,4.519835
2024-03-18,2943.752791,0.5,-0.002309,-0.004697,4.492591,4.498606
2024-03-19,2958.05277,0.5,0.002468,0.004858,4.50368,4.520459
2024-03-20,3036.498368,0.5,0.013299,0.026519,4.563574,4.640339
2024-03-21,3063.055471,0.5,0.004412,0.008746,4.58371,4.680923
2024-03-22,3074.904025,0.5,0.001973,0.003868,4.592755,4.69903
2024-03-24,3070.001175,0.5,-0.000758,-0.001594,4.589274,4.691537
2024-03-25,3069.184034,1.0,-0.000766,-0.000266,4.585758,4.690288
2024-03-26,3056.518338,1.0,-0.004127,-0.004127,4.566834,4.670933
2024-03-27,3069.184034,1.0,0.004144,0.004144,4.585758,4.690288
2024-03-28,3086.344008,1.0,0.005591,0.005591,4.611397,4.716512
2024-03-29,3086.344008,1.0,0.0,0.0,4.611397,4.716512
2024-04-01,3092.296648,1.0,0.001929,0.001929,4.620291,4.725609
2024-04-02,3040.416988,1.0,-0.016777,-0.016777,4.542776,4.646327
2024-04-03,3079.762048,1.0,0.012941,0.012941,4.601563,4.706454
2024-04-04,3048.548806,1.0,-0.010135,-0.010135,4.554926,4.658754
2024-04-07,3052.412483,1.0,0.001267,0.001267,4.560699,4.664658
2024-04-08,3038.383964,1.0,-0.004596,-0.004596,4.539739,4.64322
2024-04-10,3040.405745,1.0,0.000665,0.000665,4.542759,4.64631
2024-04-11,3012.169097,1.0,-0.009287,-0.009287,4.50057,4.603159
2024-04-14,2999.375913,1.0,-0.004247,-0.004247,4.481456,4.583609
2024-04-15,2931.086459,0.5,-0.011845,-0.022768,4.428374,4.479249
2024-04-16,2902.50156,0.5,-0.004837,-0.009752,4.406955,4.435566
2024-04-17,2959.244681,0.5,0.009814,0.01955,4.450205,4.52228
2024-04-18,2911.127787,0.5,-0.008091,-0.01626,4.4142,4.448749
2024-04-21,2953.336739,0.5,0.007289,0.014499,4.446375,4.513252
2024-04-22,2946.126005,0.0,-0.000421,-0.002442,4.444501,4.502233
2024-04-23,3005.351313,0.0,7.9e-05,0.020103,4.444851,4.59274
2024-04-24,2952.415928,0.0,7.9e-05,-0.017614,4.4452,4.511845
2024-04-25,2983.539227,0.0,7.9e-05,0.010542,4.445549,4.559407
2024-04-28,3018.481232,0.0,7.9e-05,0.011712,4.445898,4.612805
2024-04-29,3023.670459,0.0,7.9e-05,0.001719,4.446248,4.620735
2024-05-01,3014.224332,0.0,7.9e-05,-0.003124,4.446597,4.6063
2024-05-02,3006.33958,0.0,7.9e-05,-0.002616,4.446947,4.59425
2024-05-06,3071.181066,0.0,7.9e-05,0.021568,4.447296,4.69334
2024-05-07,3083.187804,0.0,7.9e-05,0.003909,4.447646,4.711689
2024-05-08,3046.223745,0.0,7.9e-05,-0.011989,4.447995,4.655201
2024-05-09,3063.621806,0.0,7.9e-05,0.005711,4.448345,4.681788
2024-05-12,3063.150158,0.0,7.9e-05,-0.000154,4.448694,4.681068
2024-05-13,3066.665857,1.0,0.000148,0.001148,4.449352,4.68644
2024-05-15,3092.117038,1.0,0.008299,0.008299,4.486278,4.725334
2024-05-16,3060.241295,1.0,-0.010309,-0.010309,4.44003,4.676622
2024-05-19,3079.919172,1.0,0.00643,0.00643,4.46858,4.706694
2024-05-20,3059.746887,0.5,-0.003736,-0.00655,4.451888,4.675867
2024-05-21,3058.93823,0.5,-9.3e-05,-0.000264,4.451475,4.674631
2024-05-22,3057.085091,0.5,-0.000264,-0.000606,4.450301,4.671799
2024-05-23,3018.661116,0.5,-0.006245,-0.012569,4.422509,4.61308
2024-05-26,3058.410368,0.5,0.006623,0.013168,4.4518,4.673824
2024-05-27,3058.253243,0.5,1.4e-05,-5.1e-05,4.45186,4.673584
2024-05-28,3007.092298,0.5,-0.008325,-0.016729,4.414798,4.595401
2024-05-29,2960.075824,0.5,-0.007778,-0.015635,4.380458,4.523551
2024-05-30,2961.288948,0.5,0.000244,0.00041,4.381528,4.525405
2024-06-02,3012.955269,0.5,0.008763,0.017447,4.419923,4.60436
2024-06-03,2990.020003,0.0,-0.000421,-0.007612,4.41806,4.569311
2024-06-04,3020.79505,0.0,7.9e-05,0.010293,4.418408,4.616341
2024-06-06,3058.050873,0.0,7.9e-05,0.012333,4.418755,4.673275
2024-06-09,3033.902483,0.0,7.9e-05,-0.007897,4.419102,4.636372
2024-06-10,3038.563849,0.0,7.9e-05,0.001536,4.419449,4.643495
2024-06-11,3064.228368,0.0,7.9e-05,0.008446,4.419797,4.682715
2024-06-12,3094.239729,0.0,7.9e-05,0.009794,4.420144,4.728578
2024-06-13,3098.20459,0.0,7.9e-05,0.001281,4.420491,4.734637
2024-06-16,3082.120837,0.0,7.9e-05,-0.005191,4.420839,4.710058
2024-06-17,3104.382085,0.5,0.003151,0.007223,4.434767,4.744078
2024-06-18,3141.907735,0.5,0.006083,0.012088,4.461745,4.801424
2024-06-19,3153.476279,0.5,0.00188,0.003682,4.470135,4.819103
2024-06-20,3127.227684,0.5,-0.004123,-0.008324,4.451706,4.77899
2024-06-23,3105.291928,0.5,-0.003468,-0.007014,4.436268,4.745468
2024-06-24,3116.141757,1.0,0.002994,0.003494,4.44955,4.762049
2024-06-25,3135.977307,1.0,0.006365,0.006365,4.477873,4.792361
2024-06-26,3127.003102,1.0,-0.002862,-0.002862,4.465059,4.778647
2024-06-27,3142.458083,1.0,0.004942,0.004942,4.487127,4.802265
2024-06-30,3149.747516,1.0,0.00232,0.00232,4.497536,4.813405
2024-07-01,3123.408978,1.0,-0.008362,-0.008362,4.459927,4.773154
2024-07-02,3138.178698,1.0,0.004729,0.004729,4.481017,4.795725
2024-07-03,3172.918606,1.0,0.01107,0.01107,4.530622,4.848814
2024-07-04,3214.802066,1.0,0.0132,0.0132,4.590428,4.91282
2024-07-07,3209.78148,1.0,-0.001562,-0.001562,4.583259,4.905148
2024-07-08,3220.586338,1.0,0.003366,0.003366,4.598687,4.92166
2024-07-09,3221.271599,1.0,0.000213,0.000213,4.599665,4.922707
2024-07-10,3247.509226,1.0,0.008145,0.008145,4.63713,4.962803
2024-07-11,3208.927852,1.0,-0.01188,-0.01188,4.58204,4.903843
2024-07-14,3213.330633,1.0,0.001372,0.001372,4.588326,4.910571
2024-07-15,3219.137665,1.0,0.001807,0.001807,4.596618,4.919446
2024-07-16,3193.529086,1.0,-0.007955,-0.007955,4.560052,4.880311
2024-07-17,3172.256105,1.0,-0.006661,-0.006661,4.529676,4.847802
2024-07-18,3139.807255,1.0,-0.010229,-0.010229,4.483342,4.798214
2024-07-21,3103.92168,1.0,-0.011429,-0.011429,4.432101,4.743374
2024-07-22,3116.029603,0.5,0.00149,0.003901,4.438704,4.761877
2024-07-23,3098.530357,0.5,-0.002769,-0.005616,4.426414,4.735135
2024-07-24,3044.550217,0.5,-0.008671,-0.017421,4.388032,4.652643
2024-07-25,3068.417811,0.5,0.003959,0.007839,4.405404,4.689117
2024-07-28,3106.190527,0.5,0.006194,0.01231,4.432693,4.746841
2024-07-29,3075.482663,0.5,-0.004904,-0.009886,4.410956,4.699914
2024-07-30,3111.986042,0.5,0.005974,0.011869,4.437306,4.755698
2024-07-31,3119.837066,0.5,0.001301,0.002523,4.443078,4.767696
2024-08-01,3005.845446,0.5,-0.01823,-0.036538,4.362083,4.593495
2024-08-04,2742.302399,0.5,-0.043799,-0.087677,4.171027,4.190752
2024-08-05,2832.830616,0.0,-0.000421,0.033012,4.16927,4.329096
2024-08-06,2884.788975,0.0,7.9e-05,0.018341,4.169597,4.408498
2024-08-07,2871.670299,0.0,7.9e-05,-0.004548,4.169925,4.38845
2024-08-08,2907.275079,0.0,7.9e-05,0.012399,4.170253,4.442861
2024-08-11,2940.824624,0.0,7.9e-05,0.01154,4.17058,4.494131
2024-08-12,2944.418748,0.5,0.00015,0.001222,4.171207,4.499624
2024-08-13,2970.251909,0.5,0.004426,0.008774,4.18967,4.539102
2024-08-15,3029.477217,0.5,0.010009,0.019939,4.231604,4.629609
2024-08-18,3003.790212,0.5,-0.0042,-0.008479,4.21383,4.590354
2024-08-19,3028.803198,0.5,0.004203,0.008327,4.231541,4.628579
2024-08-20,3033.857512,0.5,0.000874,0.001669,4.235238,4.636303
2024-08-21,3041.203159,0.5,0.00125,0.002421,4.240531,4.647528
2024-08-22,3034.48656,0.5,-0.001065,-0.002209,4.236015,4.637264
2024-08-25,3030.353331,0.5,-0.000642,-0.001362,4.233297,4.630948
2024-08-26,3020.514255,1.0,-0.003747,-0.003247,4.217435,4.615912
2024-08-27,3021.165788,1.0,0.000216,0.000216,4.218345,4.616908
2024-08-28,2990.222099,1.0,-0.010242,-0.010242,4.175139,4.56962
2024-08-29,3003.733998,1.0,0.004519,0.004519,4.194006,4.590268
2024-09-01,3011.248012,1.0,0.002502,0.002502,4.204497,4.601751
2024-09-02,2992.861409,1.0,-0.006106,-0.006106,4.178825,4.573653
2024-09-03,2898.70534,1.0,-0.03146,-0.03146,4.047358,4.429765
2024-09-04,2892.752427,1.0,-0.002054,-0.002054,4.039046,4.420668
2024-09-05,2857.686752,1.0,-0.012122,-0.012122,3.990085,4.367081
2024-09-08,2848.308081,1.0,-0.003282,-0.003282,3.97699,4.352749
2024-09-09,2834.26832,0.5,-0.002925,-0.004929,3.965356,4.331293
2024-09-10,2822.969328,0.5,-0.001954,-0.003987,3.957608,4.314026
2024-09-11,2888.922478,0.5,0.011721,0.023363,4.003994,4.414815
2024-09-12,2892.651242,0.5,0.000685,0.001291,4.006736,4.420513
2024-09-18,2898.70534,0.5,0.001086,0.002093,4.011086,4.429765
2024-09-19,2912.823801,0.5,0.002475,0.004871,4.021012,4.451341
2024-09-22,2922.527963,0.5,0.001705,0.003332,4.027868,4.46617
2024-09-23,2955.852653,0.5,0.005741,0.011403,4.05099,4.517097
2024-09-24,2916.13713,0.5,-0.006679,-0.013436,4.023934,4.456404
2024-09-25,3000.656493,0.5,0.014531,0.028983,4.082406,4.585565
2024-09-26,2976.182337,0.5,-0.004039,-0.008156,4.065918,4.548164
2024-09-29,2912.711373,0.5,-0.010624,-0.021326,4.022722,4.451169
2024-10-01,2877.241232,0.5,-0.00605,-0.012178,3.998386,4.396964
2024-10-03,2886.249165,0.5,0.001605,0.003131,4.004802,4.41073
2024-10-06,2931.928845,0.5,0.007953,0.015827,4.036651,4.480537
2024-10-07,2913.935739,0.5,-0.003029,-0.006137,4.024423,4.45304
2024-10-09,2919.326788,0.5,0.000964,0.00185,4.028304,4.461278
2024-10-10,2916.799631,0.5,-0.000394,-0.000866,4.026719,4.457416
2024-10-13,2946.429286,0.5,0.005118,0.010158,4.047329,4.502696
2024-10-14,2957.840705,0.5,0.001976,0.003873,4.055326,4.520135
2024-10-15,2931.906634,0.5,-0.004345,-0.008768,4.037707,4.480503
2024-10-16,2930.715996,0.5,-0.000164,-0.000406,4.037046,4.478683
2024-10-17,2913.329178,0.5,-0.002927,-0.005933,4.025229,4.452113
2024-10-20,2925.796321,0.5,0.002179,0.004279,4.034,4.471165
2024-10-21,2887.361103,0.0,-0.000421,-0.013137,4.0323,4.412429
2024-10-22,2919.843682,0.0,7.9e-05,0.01125,4.032617,4.462068
2024-10-23,2898.96365,0.0,7.9e-05,-0.007151,4.032934,4.43016
2024-10-24,2901.479564,0.0,7.9e-05,0.000868,4.033251,4.434005
2024-10-27,2934.231421,0.0,7.9e-05,0.011288,4.033568,4.484056
2024-10-28,2940.263034,0.0,7.9e-05,0.002056,4.033885,4.493273
2024-10-29,2913.295449,0.0,7.9e-05,-0.009172,4.034202,4.452061
2024-10-30,2871.018766,0.0,7.9e-05,-0.014512,4.034519,4.387455
2024-10-31,2855.530332,0.0,7.9e-05,-0.005395,4.034836,4.363786
2024-11-03,2907.881641,0.0,7.9e-05,0.018333,4.035153,4.443788
2024-11-04,2894.302285,0.0,7.9e-05,-0.00467,4.03547,4.423036
2024-11-05,2879.285499,0.0,7.9e-05,-0.005188,4.035787,4.400088
2024-11-06,2880.543319,0.0,7.9e-05,0.000437,4.036104,4.40201
2024-11-07,2876.634671,0.0,7.9e-05,-0.001357,4.036422,4.396037
2024-11-10,2843.512077,0.0,7.9e-05,-0.011514,4.036739,4.345419
2024-11-11,2788.375302,0.0,7.9e-05,-0.01939,4.037056,4.26116
2024-11-12,2714.818195,0.0,7.9e-05,-0.02638,4.037373,4.148751
2024-11-13,2716.81749,0.0,7.9e-05,0.000736,4.037691,4.151806
2024-11-14,2714.571128,0.0,7.9e-05,-0.000827,4.038008,4.148373
2024-11-17,2773.212359,0.0,7.9e-05,0.021602,4.038325,4.237988
2024-11-18,2776.446989,0.0,7.9e-05,0.001166,4.038643,4.242931
2024-11-19,2788.060778,0.0,7.9e-05,0.004183,4.03896,4.260679
2024-11-20,2786.196122,0.0,7.9e-05,-0.000669,4.039277,4.25783
2024-11-21,2809.345001,0.0,7.9e-05,0.008308,4.039595,4.293206
2024-11-24,2846.522399,0.0,7.9e-05,0.013233,4.039912,4.35002
2024-11-25,2830.820352,0.0,7.9e-05,-0.005516,4.04023,4.326024
2024-11-26,2811.389268,0.0,7.9e-05,-0.006864,4.040547,4.29633
2024-11-27,2813.197435,0.0,7.9e-05,0.000643,4.040865,4.299093
2024-11-28,2758.431123,0.0,7.9e-05,-0.019468,4.041182,4.2154
2024-12-01,2756.825051,0.0,7.9e-05,-0.000582,4.0415,4.212945
2024-12-02,2808.064696,0.0,7.9e-05,0.018586,4.041817,4.291249
2024-12-03,2767.517755,0.0,7.9e-05,-0.014439,4.042135,4.229286
2024-12-04,2742.639408,0.0,7.9e-05,-0.008989,4.042453,4.191267
2024-12-05,2727.262853,0.0,7.9e-05,-0.005606,4.04277,4.167769
2024-12-08,2651.358474,0.0,7.9e-05,-0.027832,4.043088,4.051773
2024-12-09,2715.671824,0.0,7.9e-05,0.024257,4.043406,4.150056
2024-12-10,2743.380609,0.0,7.9e-05,0.010203,4.043724,4.1924
2024-12-11,2787.869925,0.0,7.9e-05,0.016217,4.044041,4.260388
2024-12-12,2801.729802,0.0,7.9e-05,0.004971,4.044359,4.281568
2024-12-15,2795.56355,0.0,7.9e-05,-0.002201,4.044677,4.272145
2024-12-16,2759.442151,0.0,7.9e-05,-0.012921,4.044995,4.216945
2024-12-17,2790.464265,0.0,7.9e-05,0.011242,4.045313,4.264352
2024-12-18,2735.989991,0.0,7.9e-05,-0.019522,4.045631,4.181105
2024-12-19,2700.295268,0.0,7.9e-05,-0.013046,4.045949,4.126557
2024-12-22,2742.819018,0.0,7.9e-05,0.015748,4.046266,4.191542
2024-12-23,2741.14549,0.0,7.9e-05,-0.00061,4.046584,4.188984
2024-12-25,2728.958867,0.0,7.9e-05,-0.004446,4.046902,4.170361
2024-12-26,2700.991772,0.0,7.9e-05,-0.010248,4.04722,4.127622
2024-12-29,2695.061344,0.0,7.9e-05,-0.002196,4.047539,4.118559
2025-01-01,2694.44354,0.0,7.9e-05,-0.000229,4.047857,4.117615
2025-01-02,2742.717833,0.0,7.9e-05,0.017916,4.048175,4.191387
2025-01-05,2795.192812,0.0,7.9e-05,0.019132,4.048493,4.271578
2025-01-06,2799.079249,0.0,7.9e-05,0.00139,4.048811,4.277518
2025-01-07,2831.595281,0.0,7.9e-05,0.011617,4.049129,4.327208
2025-01-08,2832.54982,0.0,7.9e-05,0.000337,4.049447,4.328667
2025-01-09,2825.676096,0.0,7.9e-05,-0.002427,4.049766,4.318163
2025-01-12,2796.226325,0.0,7.9e-05,-0.010422,4.050084,4.273158
2025-01-13,2805.031888,0.0,7.9e-05,0.003149,4.050402,4.286614
2025-01-14,2804.369387,0.0,7.9e-05,-0.000236,4.05072,4.285602
2025-01-15,2838.8285,0.0,7.9e-05,0.012288,4.051039,4.338262
2025-01-16,2834.403233,0.0,7.9e-05,-0.001559,4.051357,4.331499
2025-01-19,2830.4721,0.0,7.9e-05,-0.001387,4.051675,4.325492
2025-01-20,2828.203253,0.0,7.9e-05,-0.000802,4.051994,4.322025
2025-01-21,2860.809227,0.0,7.9e-05,0.011529,4.052312,4.371853
2025-01-22,2825.350329,0.0,7.9e-05,-0.012395,4.052631,4.317665
2025-01-23,2849.28538,0.0,7.9e-05,0.008472,4.052949,4.354242
2025-01-30,2827.462052,0.5,-0.00429,-0.007659,4.035561,4.320892
2025-02-02,2756.229733,0.5,-0.012557,-0.025193,3.984885,4.212036
2025-02-03,2787.38676,0.0,-0.000421,0.011304,3.983206,4.259649
2025-02-04,2818.364177,0.0,7.9e-05,0.011113,3.983519,4.306989
2025-02-05,2849.229166,0.0,7.9e-05,0.010951,3.983832,4.354156
2025-02-06,2832.572306,0.0,7.9e-05,-0.005846,3.984145,4.328701
2025-02-09,2831.842348,0.0,7.9e-05,-0.000258,3.984458,4.327586
2025-02-10,2851.812537,0.0,7.9e-05,0.007052,3.984771,4.358104
2025-02-11,2862.302872,0.0,7.9e-05,0.003678,3.985085,4.374135
2025-02-12,2901.367136,0.0,7.9e-05,0.013648,3.985398,4.433833
2025-02-13,2910.217945,0.0,7.9e-05,0.003051,3.985711,4.447358
2025-02-16,2931.973816,0.0,7.9e-05,0.007476,3.986024,4.480605
2025-02-17,2950.382905,0.5,0.002679,0.006279,3.996701,4.508738
2025-02-18,3000.600279,0.5,0.00855,0.017021,4.030872,4.58548
2025-02-19,2980.989585,0.5,-0.003229,-0.006536,4.017858,4.555511
2025-02-20,2981.573661,0.5,0.000137,0.000196,4.018409,4.556403
2025-02-23,2971.11678,0.5,-0.001714,-0.003507,4.011521,4.540423
2025-02-24,2954.291552,1.0,-0.006163,-0.005663,3.986798,4.514711
2025-02-25,2966.421961,1.0,0.004106,0.004106,4.003168,4.533249
2025-02-26,2944.699544,1.0,-0.007323,-0.007323,3.973854,4.500053
2025-02-27,2844.770171,1.0,-0.033935,-0.033935,3.838999,4.347342
2025-03-03,2840.434572,0.5,-0.001223,-0.001524,3.834305,4.340716
2025-03-04,2873.242643,0.5,0.005814,0.01155,3.8566,4.390853
2025-03-05,2893.493627,0.5,0.003563,0.007048,3.870342,4.421801
2025-03-06,2879.25177,0.5,-0.002422,-0.004922,3.860969,4.400036
2025-03-09,2887.012852,0.5,0.001387,0.002696,3.866325,4.411897
2025-03-10,2850.18398,1.0,-0.013257,-0.012757,3.81507,4.355615
2025-03-11,2891.98874,1.0,0.014667,0.014667,3.871027,4.419501
2025-03-12,2890.663189,1.0,-0.000458,-0.000458,3.869253,4.417475
2025-03-13,2882.486674,1.0,-0.002829,-0.002829,3.858308,4.40498
