date,TREND,RISK,FLOW,COST,FLOW_SCORE,레짐,목표비중,실제비중,종가
2014-06-11,0.6307,0.4149,1.0844,0.0,0.5956,확장(Risk-On),1.0,0.0,246.2
2014-06-12,0.3413,0.2682,1.3566,0.0,0.5257,확장(Risk-On),1.0,0.0,245.4
2014-06-13,-0.1039,0.0252,1.2311,0.0,0.2777,확장(Risk-On),1.0,0.0,241.7
2014-06-16,-0.0468,-0.0324,1.1857,0.0,0.2719,확장(Risk-On),1.0,0.0,242.625
2014-06-17,0.1958,0.1367,1.1225,0.0,0.3834,확장(Risk-On),1.0,0.0,243.65
2014-06-18,-0.0452,0.1558,0.8678,0.0,0.2401,확장(Risk-On),1.0,0.0,242.15
2014-06-19,0.0027,0.0862,0.6867,0.0,0.1942,중립(Neutral),0.5,0.0,242.75
2014-06-20,-0.5501,-0.1774,0.4866,0.0,-0.1152,중립(Neutral),0.5,0.0,238.9
2014-06-23,-0.5121,-0.1542,0.4301,0.0,-0.1103,중립(Neutral),0.5,0.0,240.3
2014-06-24,-0.1724,-0.4161,0.3427,0.0,-0.0787,중립(Neutral),0.5,0.0,243.3
2014-06-25,-0.2008,-0.4063,0.3976,0.0,-0.0725,중립(Neutral),0.5,0.0,241.4
2014-06-26,-0.2174,-0.4061,0.5439,0.0,-0.0417,중립(Neutral),0.5,0.0,243.4
2014-06-27,-0.3066,-0.4321,0.5099,0.0,-0.0879,중립(Neutral),0.5,0.0,242.8
2014-06-30,-0.1977,-0.4641,0.4038,0.0,-0.0843,중립(Neutral),0.5,0.0,243.15
2014-07-01,-0.2264,-0.2883,0.3013,0.0,-0.076,중립(Neutral),0.5,0.5,243.2
2014-07-02,0.0141,-0.321,0.3185,0.0,0.0043,중립(Neutral),0.5,0.5,245.15
2014-07-03,0.052,-0.2653,0.2619,0.0,0.0174,중립(Neutral),0.5,0.5,245.025
2014-07-04,-0.0141,-0.2272,0.4214,0.0,0.0436,중립(Neutral),0.5,0.5,244.4
2014-07-07,-0.3039,-0.4185,0.2523,0.0,-0.1479,중립(Neutral),0.5,0.5,242.95
2014-07-08,-0.3451,-0.3166,0.2025,0.0,-0.1493,중립(Neutral),0.5,0.5,242.7
2014-07-09,-0.3666,-0.4211,0.1103,0.0,-0.206,수축(Risk-Off),0.0,0.5,241.6
2014-07-10,-0.0935,-0.6079,0.0874,0.0,-0.1629,중립(Neutral),0.5,0.5,242.05
2014-07-11,-0.3647,-0.5798,-0.188,0.0,-0.3196,수축(Risk-Off),0.0,0.5,239.9
2014-07-14,-0.3029,-0.7261,0.0708,0.0,-0.2698,수축(Risk-Off),0.0,0.5,240.75
2014-07-15,-0.0327,-0.5609,0.1357,0.0,-0.1178,중립(Neutral),0.5,0.5,243.65
2014-07-16,0.2807,-0.3819,-0.1305,0.0,-0.0298,중립(Neutral),0.5,0.5,244.05
2014-07-17,0.2877,-0.9339,-0.1936,0.0,-0.1812,중립(Neutral),0.5,0.5,244.75
2014-07-18,0.1872,-0.4384,-0.2057,0.0,-0.0955,중립(Neutral),0.5,0.5,244.4
2014-07-21,0.1749,-0.521,-0.1731,0.0,-0.1123,중립(Neutral),0.5,0.5,244.45
2014-07-22,0.5134,-0.3793,-0.1022,0.0,0.0593,중립(Neutral),0.5,0.5,246.25
2014-07-23,0.4699,-0.2674,-0.2311,0.0,0.0399,중립(Neutral),0.5,0.5,245.85
2014-07-24,0.502,-0.1139,-0.3592,0.0,0.0574,중립(Neutral),0.5,0.5,246.3
2014-07-25,0.5655,-0.3215,-0.3835,0.0,0.0217,중립(Neutral),0.5,0.5,246.875
2014-07-28,0.8192,-0.2919,-0.1771,0.0,0.1695,중립(Neutral),0.5,0.5,249.15
2014-07-29,1.1244,-0.4132,-0.202,0.0,0.2398,확장(Risk-On),1.0,0.5,251.825
2014-07-30,1.5999,-0.302,-0.1176,0.0,0.4551,확장(Risk-On),1.0,0.5,256.375
2014-07-31,1.3246,-0.6978,-0.3098,0.0,0.2117,확장(Risk-On),1.0,0.5,253.9
2014-08-01,1.0603,-0.6926,-0.4696,0.0,0.0806,중립(Neutral),0.5,1.0,252.65
2014-08-04,0.9077,-0.3712,-0.4107,-0.2741,0.0811,중립(Neutral),0.5,1.0,252.15
2014-08-05,0.8896,-0.7134,-0.3739,0.0,0.0395,중립(Neutral),0.5,1.0,250.7
2014-08-06,0.8192,-0.7002,-0.5551,-0.1127,-0.044,중립(Neutral),0.5,1.0,250.05
2014-08-07,0.5965,-0.7548,-0.5959,-0.0868,-0.142,중립(Neutral),0.5,1.0,248.5
2014-08-08,0.0449,-0.8103,-0.6127,0.0,-0.34,수축(Risk-Off),0.0,1.0,245.275
2014-08-11,0.1335,-0.4481,-0.6386,-0.5469,-0.307,수축(Risk-Off),0.0,1.0,247.05
2014-08-12,0.1528,-0.3273,-0.6908,-0.7482,-0.3133,수축(Risk-Off),0.0,1.0,246.75
2014-08-13,0.4567,-0.0358,-0.7344,-0.6411,-0.1289,중립(Neutral),0.5,1.0,248.6
2014-08-14,0.4003,-0.0106,-0.5661,-0.6359,-0.0994,중립(Neutral),0.5,1.0,249.25
2014-08-18,0.1458,0.0384,-0.4119,-0.7959,-0.1617,중립(Neutral),0.5,1.0,247.3
2014-08-19,0.3779,0.2077,-0.4399,-1.1432,-0.0973,중립(Neutral),0.5,1.0,249.95
2014-08-20,0.3173,0.2514,-0.5547,-1.0257,-0.1186,중립(Neutral),0.5,1.0,249.375
2014-08-21,-0.231,0.1895,-0.6089,-0.8877,-0.3189,수축(Risk-Off),0.0,1.0,244.85
2014-08-22,-0.1983,0.2722,-0.5948,0.2047,-0.1194,중립(Neutral),0.5,1.0,246.85
2014-08-25,-0.3868,0.6603,-0.4259,0.8197,0.0461,중립(Neutral),0.5,1.0,247.45
2014-08-26,-0.1796,0.6124,-0.5417,0.8751,0.086,중립(Neutral),0.5,1.0,248.55
2014-08-27,-0.1291,0.4151,-0.4301,0.8801,0.0831,중립(Neutral),0.5,1.0,248.75
2014-08-28,0.0757,0.5764,-0.4376,0.8698,0.1917,중립(Neutral),0.5,1.0,249.05
2014-08-29,0.0058,0.5387,-0.452,0.9041,0.1593,중립(Neutral),0.5,1.0,247.8
2014-09-01,0.1565,0.6008,-0.3779,0.8724,0.2414,확장(Risk-On),1.0,0.5,247.6
2014-09-02,0.0941,0.4771,-0.5173,0.7757,0.1392,중립(Neutral),0.5,0.5,245.2
2014-09-03,0.1916,0.4495,-0.5953,0.575,0.1169,중립(Neutral),0.5,0.5,244.65
2014-09-04,0.0705,0.366,-0.6112,0.7018,0.0687,중립(Neutral),0.5,0.5,245.2
2014-09-05,-0.1515,0.3389,-0.7758,0.8752,-0.031,중립(Neutral),0.5,0.5,244.15
2014-09-11,-0.2901,0.2073,-0.9543,0.8617,-0.1591,중립(Neutral),0.5,0.5,243.25
2014-09-12,-0.3634,0.0154,-0.8377,0.944,-0.1912,중립(Neutral),0.5,0.5,244.3
2014-09-15,-0.1568,-0.0852,-0.8468,0.9128,-0.151,중립(Neutral),0.5,0.5,243.55
2014-09-16,-0.2187,0.0807,-0.7783,0.9055,-0.1151,중립(Neutral),0.5,0.5,244.05
2014-09-17,0.0952,0.1837,-0.5621,0.9685,0.084,중립(Neutral),0.5,0.5,246.8
2014-09-18,-0.0283,0.314,-0.6525,1.0891,0.0689,중립(Neutral),0.5,0.5,245.55
2014-09-19,-0.0266,0.4164,-0.4615,1.0782,0.1412,중립(Neutral),0.5,0.5,246.175
2014-09-22,-0.3928,0.0042,-0.6321,1.1034,-0.129,중립(Neutral),0.5,0.5,242.9
2014-09-23,-0.338,-0.2767,-0.759,1.0852,-0.2145,수축(Risk-Off),0.0,0.5,241.9
2014-09-24,-0.3383,0.0027,-0.6458,1.1009,-0.114,중립(Neutral),0.5,0.5,241.9
2014-09-25,-0.3822,-0.2486,-0.5763,1.2614,-0.1508,중립(Neutral),0.5,0.5,241.7
2014-09-26,-0.4143,-0.2532,-0.6258,1.3236,-0.1662,중립(Neutral),0.5,0.5,240.95
2014-09-29,-0.5594,-0.5336,-0.7588,1.3151,-0.3217,수축(Risk-Off),0.0,0.5,240.05
2014-09-30,-0.6318,-0.757,-0.8944,1.3655,-0.4292,수축(Risk-Off),0.0,0.5,238.65
2014-10-01,-0.9203,-0.8689,-1.1046,1.4219,-0.6022,수축(Risk-Off),0.0,0.0,235.9
2014-10-02,-1.2592,-0.8399,-1.184,1.3133,-0.7497,수축(Risk-Off),0.0,0.0,232.45
2014-10-06,-1.2919,-0.8024,-1.2148,1.2208,-0.7734,수축(Risk-Off),0.0,0.0,232.525
2014-10-07,-1.4623,-1.165,-1.307,1.2442,-0.9432,수축(Risk-Off),0.0,0.0,232.25
2014-10-08,-1.6536,-0.8701,-1.582,1.2436,-1.0053,수축(Risk-Off),0.0,0.0,231.9
2014-10-10,-2.2897,-1.7382,-1.442,1.2622,-1.4071,수축(Risk-Off),0.0,0.0,227.6
2014-10-13,-2.6211,-2.1194,-1.5534,1.2392,-1.6497,수축(Risk-Off),0.0,0.0,226.475
2014-10-14,-2.4755,-1.9117,-1.3886,1.2823,-1.4992,수축(Risk-Off),0.0,0.0,227.55
2014-10-15,-2.5633,-2.1172,-1.0941,1.3491,-1.4976,수축(Risk-Off),0.0,0.0,226.8
2014-10-16,-2.4725,-1.928,-1.0193,1.3529,-1.3993,수축(Risk-Off),0.0,0.0,225.325
2014-10-17,-2.6976,-1.6702,-1.1082,1.3693,-1.4333,수축(Risk-Off),0.0,0.0,222.4
2014-10-20,-2.1206,-1.2021,-1.089,1.2497,-1.1275,수축(Risk-Off),0.0,0.0,225.7
2014-10-21,-2.1116,-0.9219,-1.1528,1.2103,-1.0762,수축(Risk-Off),0.0,0.0,224.0
2014-10-22,-1.8789,-1.0585,-1.0899,1.2625,-1.0053,수축(Risk-Off),0.0,0.0,226.0
2014-10-23,-1.9003,-0.893,-1.1652,1.3445,-0.978,수축(Risk-Off),0.0,0.0,225.95
2014-10-24,-1.8939,-0.8242,-1.2617,1.4157,-0.972,수축(Risk-Off),0.0,0.0,225.0
2014-10-27,-1.4002,-0.933,-1.122,1.4672,-0.7837,수축(Risk-Off),0.0,0.0,226.3
2014-10-28,-1.4915,-0.7397,-1.1364,1.5,-0.7661,수축(Risk-Off),0.0,0.0,225.95
2014-10-29,-0.8478,-0.7811,-0.7445,1.5,-0.4531,수축(Risk-Off),0.0,0.0,230.7
2014-10-30,-0.85,-0.6142,-0.8204,1.4348,-0.4409,수축(Risk-Off),0.0,0.0,230.5
2014-10-31,-0.8127,-0.6666,-0.9631,1.4669,-0.4718,수축(Risk-Off),0.0,0.0,231.7
2014-11-03,-0.6818,-0.425,-1.063,1.3955,-0.4013,수축(Risk-Off),0.0,0.0,230.75
2014-11-04,-0.6855,-0.4438,-1.0824,1.4293,-0.4071,수축(Risk-Off),0.0,0.0,228.7
2014-11-05,-0.7553,-0.1788,-1.178,1.3973,-0.394,수축(Risk-Off),0.0,0.0,228.1
2014-11-06,-0.5315,-0.2164,-1.0979,1.4027,-0.3042,수축(Risk-Off),0.0,0.0,229.5
2014-11-07,-0.6398,0.0343,-1.2999,1.3088,-0.344,수축(Risk-Off),0.0,0.0,229.65
2014-11-10,-0.1897,-0.1343,-1.1368,1.257,-0.1956,중립(Neutral),0.5,0.0,232.3
2014-11-11,0.0455,-0.1662,-1.1684,1.2429,-0.1313,중립(Neutral),0.5,0.0,232.1
2014-11-12,0.1409,-0.3597,-1.1044,1.2893,-0.1233,중립(Neutral),0.5,0.0,232.95
2014-11-13,-0.1763,-0.5873,-1.1029,1.2671,-0.2942,수축(Risk-Off),0.0,0.0,232.15
2014-11-14,-0.1741,-0.4336,-1.2866,1.2182,-0.3083,수축(Risk-Off),0.0,0.0,230.2
2014-11-17,-0.2277,-0.6102,-1.2577,1.1829,-0.3692,수축(Risk-Off),0.0,0.0,230.95
2014-11-18,0.0759,-0.5941,-1.0547,1.2017,-0.2054,수축(Risk-Off),0.0,0.0,232.7
2014-11-19,0.0154,-0.6099,-1.1416,1.0344,-0.2773,수축(Risk-Off),0.0,0.0,232.15
2014-11-20,-0.152,-0.6507,-1.2374,1.0586,-0.3664,수축(Risk-Off),0.0,0.0,231.45
2014-11-21,-0.073,-0.5254,-1.3878,1.1954,-0.3245,수축(Risk-Off),0.0,0.0,231.95
2014-11-24,-0.0609,-0.5487,-1.2569,1.2373,-0.2871,수축(Risk-Off),0.0,0.0,234.6
2014-11-25,-0.2111,-0.4999,-1.2311,1.3007,-0.3115,수축(Risk-Off),0.0,0.0,234.35
2014-11-26,-0.2728,-0.4388,-1.274,1.3167,-0.3262,수축(Risk-Off),0.0,0.0,233.85
2014-11-27,0.0427,-0.4301,-1.0459,1.1165,-0.1866,중립(Neutral),0.5,0.0,235.825
2014-11-28,0.1241,-0.6316,-1.1095,1.0944,-0.2277,수축(Risk-Off),0.0,0.0,235.45
2014-12-01,-0.2858,-0.8055,-1.2054,1.1422,-0.4314,수축(Risk-Off),0.0,0.0,232.8
2014-12-02,-0.3002,-0.5971,-1.2475,1.1172,-0.3986,수축(Risk-Off),0.0,0.0,233.0
2014-12-03,-0.2666,-0.5607,-1.2992,1.0293,-0.4039,수축(Risk-Off),0.0,0.0,233.3
2014-12-04,0.0075,-0.3897,-1.0095,0.8046,-0.2265,수축(Risk-Off),0.0,0.0,236.25
2014-12-05,0.0391,-0.2283,-1.0387,0.8866,-0.1701,중립(Neutral),0.5,0.0,236.05
2014-12-08,-0.0211,-0.4794,-0.9919,0.9509,-0.2326,수축(Risk-Off),0.0,0.0,235.45
2014-12-09,0.0504,-0.4457,-0.8195,1.0284,-0.1444,중립(Neutral),0.5,0.0,234.6
2014-12-10,-0.3872,-0.7286,-0.7787,1.051,-0.3547,수축(Risk-Off),0.0,0.0,230.45
2014-12-11,-0.738,-0.9812,-0.834,1.2193,-0.5292,수축(Risk-Off),0.0,0.0,227.3
2014-12-12,-0.7798,-1.0713,-0.7266,1.1915,-0.5437,수축(Risk-Off),0.0,0.0,227.5
2014-12-15,-0.3546,-1.1055,-0.549,1.2471,-0.3507,수축(Risk-Off),0.0,0.0,228.45
2014-12-16,-0.6256,-1.4748,-0.4662,1.3366,-0.5037,수축(Risk-Off),0.0,0.0,226.1
2014-12-17,-0.649,-1.0488,-0.5486,1.3246,-0.4278,수축(Risk-Off),0.0,0.0,225.875
2014-12-18,-0.9152,-0.8286,-0.8079,1.3925,-0.5206,수축(Risk-Off),0.0,0.0,225.0
2014-12-19,-0.4826,-0.5075,-0.5194,1.5,-0.2006,수축(Risk-Off),0.0,0.0,228.95
2014-12-22,-0.396,-0.3582,-0.3357,1.5,-0.0871,중립(Neutral),0.5,0.0,230.575
2014-12-23,-0.2085,-0.2816,-0.5316,1.4544,-0.0581,중립(Neutral),0.5,0.0,230.575
2014-12-24,-0.1619,-0.1989,-0.603,1.5,-0.0321,중립(Neutral),0.5,0.0,231.025
2014-12-26,0.0021,-0.0597,-0.4467,1.5,0.0991,중립(Neutral),0.5,0.0,231.025
2014-12-29,-0.235,-0.5872,-0.5839,1.5,-0.15,중립(Neutral),0.5,0.0,230.15
2014-12-30,-0.4521,-0.7625,-0.6282,1.5,-0.2809,수축(Risk-Off),0.0,0.0,226.9
2014-12-31,-0.3495,-1.0084,-0.613,1.5,-0.3027,수축(Risk-Off),0.0,0.0,227.875
2015-01-02,-0.3249,-0.2202,-0.7629,1.5,-0.1345,중립(Neutral),0.5,0.0,227.775
2015-01-05,0.0798,-0.2893,-1.0201,1.5,-0.0744,중립(Neutral),0.5,0.0,227.525
2015-01-06,-0.402,-0.6776,-1.1212,1.5,-0.3654,수축(Risk-Off),0.0,0.0,222.675
2015-01-07,-0.3611,-0.6413,-1.4022,1.5,-0.4123,수축(Risk-Off),0.0,0.0,223.325
2015-01-08,-0.1407,-0.088,-1.1614,1.5,-0.1366,중립(Neutral),0.5,0.0,226.35
2015-01-09,0.3722,-0.3985,-0.9382,1.5,0.0211,중립(Neutral),0.5,0.0,229.625
2015-01-12,0.178,-0.8974,-0.893,1.5,-0.1603,중립(Neutral),0.5,0.0,228.725
2015-01-13,0.015,-0.9601,-0.8499,1.5,-0.2223,수축(Risk-Off),0.0,0.0,230.1
2015-01-14,-0.1155,-1.2241,-0.761,1.5,-0.3117,수축(Risk-Off),0.0,0.0,228.85
2015-01-15,-0.0721,-1.2352,-0.8844,1.5,-0.3301,수축(Risk-Off),0.0,0.0,229.95
2015-01-16,-0.393,-1.2996,-0.9716,1.4625,-0.486,수축(Risk-Off),0.0,0.0,225.95
2015-01-19,-0.4564,-1.2112,-1.1317,1.255,-0.5572,수축(Risk-Off),0.0,0.0,225.725
2015-01-20,-0.0598,-0.997,-1.0871,1.3245,-0.3433,수축(Risk-Off),0.0,0.0,230.65
2015-01-21,0.0327,-0.8641,-1.0476,1.4047,-0.2558,수축(Risk-Off),0.0,0.0,231.65
2015-01-22,-0.4109,-0.5299,-1.255,1.2277,-0.4059,수축(Risk-Off),0.0,0.0,225.725
2015-01-23,0.2288,-0.2644,-0.8843,1.241,-0.0209,중립(Neutral),0.5,0.0,233.75
2015-01-26,0.1981,-0.3058,-0.9055,1.3009,-0.0384,중립(Neutral),0.5,0.0,233.6
2015-01-27,0.346,-0.4209,-0.8649,1.2049,-0.0196,중립(Neutral),0.5,0.0,235.35
2015-01-28,0.3365,-0.6854,-0.8362,1.2558,-0.0743,중립(Neutral),0.5,0.0,235.4
2015-01-29,0.2457,-0.4863,-0.8475,1.2952,-0.0532,중립(Neutral),0.5,0.0,234.55
2015-01-30,0.3154,-0.8181,-0.9377,1.1951,-0.1493,중립(Neutral),0.5,0.0,233.8
2015-02-02,0.2189,-0.811,-0.8742,1.2322,-0.1599,중립(Neutral),0.5,0.5,233.9
2015-02-03,-0.3802,-0.7824,-0.8935,1.2546,-0.3639,수축(Risk-Off),0.0,0.5,225.725
2015-02-04,0.1218,-0.5269,-0.7778,1.1271,-0.1145,중립(Neutral),0.5,0.5,235.05
2015-02-05,-0.0241,-0.4049,-0.857,1.1108,-0.1573,중립(Neutral),0.5,0.5,232.5
2015-02-06,-0.03,-0.3307,-0.8207,1.047,-0.1413,중립(Neutral),0.5,0.5,233.15
2015-02-09,-0.0777,-0.4292,-0.7441,0.9753,-0.1742,중립(Neutral),0.5,0.5,232.7
2015-02-10,-0.037,-0.25,-0.708,0.7704,-0.1368,중립(Neutral),0.5,0.5,231.25
2015-02-11,-0.0119,-0.2079,-0.6818,0.8686,-0.0963,중립(Neutral),0.5,0.5,231.75
2015-02-12,-0.016,-0.1149,-0.6901,0.7197,-0.0989,중립(Neutral),0.5,0.5,230.525
2015-02-13,-0.0494,-0.0364,-0.5741,0.5934,-0.0809,중립(Neutral),0.5,0.5,232.7
2015-02-16,0.0593,-0.1224,-0.5442,0.4987,-0.0711,중립(Neutral),0.5,0.5,233.15
2015-02-17,-0.1282,-0.2498,-0.6482,0.5183,-0.1916,중립(Neutral),0.5,0.5,233.6
2015-02-23,0.0205,0.2955,-0.7524,0.0216,-0.1038,중립(Neutral),0.5,0.5,234.325
2015-02-24,0.0861,0.4727,-0.8887,-0.0031,-0.0743,중립(Neutral),0.5,0.5,234.7
2015-02-25,0.1286,0.3453,-0.6196,0.2507,0.014,중립(Neutral),0.5,0.5,235.6
2015-02-26,0.1051,0.2381,-0.5396,0.1187,-0.0208,중립(Neutral),0.5,0.5,235.45
2015-02-27,0.3794,0.2792,-0.6207,0.3208,0.0955,중립(Neutral),0.5,0.5,235.025
2015-03-02,0.2563,0.2733,-0.7379,0.5748,0.0598,중립(Neutral),0.5,0.5,236.05
2015-03-03,0.2361,0.2066,-0.5149,0.454,0.0737,중립(Neutral),0.5,0.5,237.25
2015-03-04,0.2174,0.2527,-0.6429,0.4381,0.0443,중립(Neutral),0.5,0.5,236.9
2015-03-05,0.241,0.1838,-0.6827,0.5455,0.0414,중립(Neutral),0.5,0.5,237.1
2015-03-06,0.3424,0.0146,-0.6986,0.5672,0.0339,중립(Neutral),0.5,0.5,238.45
2015-03-09,0.1888,-0.0379,-0.7781,0.5478,-0.0557,중립(Neutral),0.5,0.5,235.65
2015-03-10,0.0384,-0.1548,-0.8364,0.5097,-0.1579,중립(Neutral),0.5,0.5,234.5
2015-03-11,0.0016,-0.2801,-1.0103,0.5842,-0.2344,수축(Risk-Off),0.0,0.5,234.4
2015-03-12,0.0182,0.0146,-0.8773,0.4996,-0.1344,중립(Neutral),0.5,0.5,234.65
2015-03-13,0.1042,-0.0838,-0.8753,0.4547,-0.1351,중립(Neutral),0.5,0.5,235.5
2015-03-16,0.1156,-0.1646,-0.6187,0.51,-0.0789,중립(Neutral),0.5,0.5,236.0
2015-03-17,0.4008,0.0971,-0.444,0.5231,0.132,중립(Neutral),0.5,0.5,241.35
2015-03-18,0.422,0.282,-0.4442,0.5754,0.1934,중립(Neutral),0.5,0.5,241.9
2015-03-19,0.4438,0.0919,-0.4958,0.6461,0.1513,중립(Neutral),0.5,0.5,242.5
2015-03-20,0.5015,0.2169,-0.4154,0.6477,0.223,확장(Risk-On),1.0,0.5,242.05
2015-03-23,0.4202,0.2213,-0.2352,0.6734,0.2446,확장(Risk-On),1.0,0.5,242.15
2015-03-24,0.3927,0.1837,-0.2716,0.6923,0.2193,확장(Risk-On),1.0,0.5,242.35
2015-03-25,0.4089,-0.0302,-0.2098,0.7313,0.1928,중립(Neutral),0.5,0.5,242.45
2015-03-26,0.2413,-0.1281,-0.2105,0.7251,0.1086,중립(Neutral),0.5,0.5,239.65
2015-03-27,0.1757,0.1834,-0.0459,0.7926,0.2148,확장(Risk-On),1.0,0.5,239.45
2015-03-30,0.203,0.2152,-0.0645,0.8446,0.2354,확장(Risk-On),1.0,0.5,239.55
2015-03-31,0.2481,0.0569,-0.0187,0.8463,0.2233,확장(Risk-On),1.0,0.5,239.7
2015-04-01,0.137,0.0056,-0.1128,0.8699,0.1516,중립(Neutral),0.5,1.0,237.8
2015-04-02,0.2368,0.1791,0.2625,0.9414,0.3345,확장(Risk-On),1.0,1.0,238.15
2015-04-03,0.3322,0.1274,0.2513,1.0562,0.3694,확장(Risk-On),1.0,1.0,240.0
2015-04-06,0.4677,0.1155,0.1662,1.1315,0.4038,확장(Risk-On),1.0,1.0,239.85
2015-04-07,0.2319,0.0493,-0.0197,1.0818,0.2509,확장(Risk-On),1.0,1.0,239.45
2015-04-08,0.3519,0.2749,0.0911,1.0781,0.3764,확장(Risk-On),1.0,1.0,241.4
2015-04-09,0.3259,0.4053,0.0991,1.1316,0.4099,확장(Risk-On),1.0,1.0,241.0
2015-04-10,0.3188,0.4053,0.277,1.1591,0.456,확장(Risk-On),1.0,1.0,244.5
2015-04-13,0.4338,0.2062,0.1805,1.0598,0.4075,확장(Risk-On),1.0,1.0,246.25
2015-04-14,0.6451,0.614,0.4989,1.0477,0.6612,확장(Risk-On),1.0,1.0,247.95
2015-04-15,0.9953,0.6375,0.2705,1.0609,0.7345,확장(Risk-On),1.0,1.0,248.8
2015-04-16,1.2255,0.9485,0.6294,0.9786,0.9702,확장(Risk-On),1.0,1.0,251.15
2015-04-17,1.48,0.7298,0.6466,1.0588,1.0209,확장(Risk-On),1.0,1.0,251.0
2015-04-20,1.4077,0.8578,0.7158,0.9776,1.0327,확장(Risk-On),1.0,1.0,251.0
2015-04-21,1.4025,0.9051,0.7265,0.9319,1.0386,확장(Risk-On),1.0,1.0,250.85
2015-04-22,1.4904,0.9439,0.8455,0.9317,1.1087,확장(Risk-On),1.0,1.0,252.0
2015-04-23,1.8281,1.3314,0.8676,0.3732,1.2456,확장(Risk-On),1.0,1.0,255.8
2015-04-24,1.6615,1.2132,0.8798,0.2231,1.1382,확장(Risk-On),1.0,1.0,253.9
2015-04-27,1.736,0.9861,0.7788,-0.0811,1.0367,확장(Risk-On),1.0,1.0,253.4
2015-04-28,1.4169,1.1868,0.7942,-0.4319,0.9264,확장(Risk-On),1.0,1.0,252.1
2015-04-29,1.3049,1.0019,0.947,-0.6146,0.8518,확장(Risk-On),1.0,1.0,250.95
2015-04-30,1.1941,0.7959,0.8225,-0.5901,0.734,확장(Risk-On),1.0,1.0,250.05
2015-05-04,1.2322,0.8742,0.7274,-0.9827,0.6843,확장(Risk-On),1.0,1.0,251.0
2015-05-06,0.4637,0.6013,0.5671,-1.2475,0.2673,확장(Risk-On),1.0,1.0,246.2
2015-05-07,0.2394,0.5295,0.4783,-1.1884,0.1575,중립(Neutral),0.5,1.0,245.0
2015-05-08,0.04,0.6669,0.4946,-0.5324,0.2245,확장(Risk-On),1.0,1.0,243.75
2015-05-11,-0.0943,0.6689,0.3964,-0.8406,0.1072,중립(Neutral),0.5,1.0,244.2
2015-05-12,-0.0962,0.7299,0.3107,-1.2488,0.0392,중립(Neutral),0.5,1.0,244.25
2015-05-13,0.048,0.6923,0.4482,-1.0197,0.149,중립(Neutral),0.5,1.0,245.8
2015-05-14,0.0225,0.8093,0.4453,-0.7103,0.215,확장(Risk-On),1.0,1.0,245.9
2015-05-15,-0.2503,0.738,0.4015,-0.7615,0.0831,중립(Neutral),0.5,1.0,243.15
2015-05-18,-0.4599,0.6901,0.4537,-0.4794,0.0531,중립(Neutral),0.5,1.0,243.85
2015-05-19,-0.3226,0.7614,0.564,-0.6433,0.1219,중립(Neutral),0.5,1.0,245.2
2015-05-20,-0.1586,0.9294,0.6734,-0.4299,0.2807,확장(Risk-On),1.0,1.0,247.7
2015-05-21,-0.2869,0.8574,0.5549,-0.2369,0.2171,확장(Risk-On),1.0,1.0,244.6
2015-05-22,0.0793,0.9714,0.7554,-0.0638,0.4499,확장(Risk-On),1.0,1.0,247.7
2015-05-26,0.1313,0.4723,0.3398,-0.0979,0.2343,확장(Risk-On),1.0,1.0,247.1
2015-05-27,-0.3257,0.4406,0.2169,0.1691,0.0758,중립(Neutral),0.5,1.0,241.55
2015-05-28,-0.336,0.6205,0.1437,0.2114,0.1051,중립(Neutral),0.5,1.0,241.85
2015-05-29,-0.3313,0.5301,0.0994,0.2882,0.0847,중립(Neutral),0.5,1.0,243.05
2015-06-01,-0.2995,0.2597,-0.1339,0.1667,-0.0484,중립(Neutral),0.5,0.5,240.8
2015-06-02,-0.4017,0.1553,-0.0513,0.1547,-0.0914,중립(Neutral),0.5,0.5,238.6
2015-06-03,-0.601,0.4142,-0.0348,-0.0193,-0.1184,중립(Neutral),0.5,0.5,236.25
2015-06-04,-0.6032,0.3571,0.1021,-0.0346,-0.1015,중립(Neutral),0.5,0.5,236.75
2015-06-05,-0.6102,0.4325,-0.0213,-0.147,-0.1328,중립(Neutral),0.5,0.5,236.75
2015-06-08,-0.6373,0.1234,0.01,-0.0888,-0.203,수축(Risk-Off),0.0,0.5,236.15
2015-06-09,-0.5757,0.1852,0.0696,-0.0483,-0.145,중립(Neutral),0.5,0.5,235.8
2015-06-10,-0.7049,0.4667,0.1346,-0.0697,-0.1068,중립(Neutral),0.5,0.5,234.1
2015-06-11,-0.6045,0.6457,-0.0132,-0.0769,-0.065,중립(Neutral),0.5,0.5,235.05
2015-06-12,-0.8797,0.3599,-0.1709,-0.095,-0.2749,수축(Risk-Off),0.0,0.5,232.6
2015-06-15,-0.8318,0.079,-0.1505,-0.1886,-0.3373,수축(Risk-Off),0.0,0.5,232.5
2015-06-16,-1.221,0.0962,-0.1085,-0.1666,-0.4554,수축(Risk-Off),0.0,0.5,229.65
2015-06-17,-1.1647,0.1497,-0.2305,-0.3908,-0.4865,수축(Risk-Off),0.0,0.5,230.55
2015-06-18,-1.1447,0.5426,0.0254,-0.2224,-0.292,수축(Risk-Off),0.0,0.5,230.8
2015-06-19,-1.0447,0.2203,0.0274,-0.1477,-0.3259,수축(Risk-Off),0.0,0.5,231.9
2015-06-22,-0.7699,0.4751,0.1362,-0.6488,-0.214,수축(Risk-Off),0.0,0.5,233.0
2015-06-23,-0.5782,0.5923,-0.0755,-0.5723,-0.159,중립(Neutral),0.5,0.5,236.5
2015-06-24,-0.5891,0.3717,-0.0377,-0.4451,-0.1894,중립(Neutral),0.5,0.5,236.3
2015-06-25,-0.5782,0.1733,-0.2546,-0.5021,-0.298,수축(Risk-Off),0.0,0.5,236.0
2015-06-26,-0.5001,0.191,-0.3787,-0.2371,-0.2575,수축(Risk-Off),0.0,0.5,236.15
2015-06-29,-0.7526,-0.5495,-0.4656,-0.098,-0.5319,수축(Risk-Off),0.0,0.5,232.75
2015-06-30,-0.6799,-0.4781,-0.3716,-0.0499,-0.4579,수축(Risk-Off),0.0,0.5,233.6
2015-07-01,-0.4141,-0.0291,-0.4489,-0.0692,-0.2748,수축(Risk-Off),0.0,0.0,236.85
2015-07-02,-0.3809,-0.3065,-0.5178,-0.3124,-0.3863,수축(Risk-Off),0.0,0.0,237.05
2015-07-03,-0.4418,-0.3958,-0.6604,-0.231,-0.4533,수축(Risk-Off),0.0,0.0,236.25
2015-07-06,-0.9363,-0.5522,-0.7109,-0.0169,-0.646,수축(Risk-Off),0.0,0.0,229.9
2015-07-07,-0.7752,-0.4219,-0.7737,-0.147,-0.5923,수축(Risk-Off),0.0,0.0,230.3
2015-07-08,-1.0407,-0.8214,-0.8842,-0.0488,-0.7979,수축(Risk-Off),0.0,0.0,226.75
2015-07-09,-0.8552,-0.8278,-0.8763,-0.0654,-0.7352,수축(Risk-Off),0.0,0.0,228.8
2015-07-10,-0.7266,-0.4562,-0.7806,-0.081,-0.5757,수축(Risk-Off),0.0,0.0,228.8
2015-07-13,-0.556,-0.1413,-0.7374,-0.2024,-0.4446,수축(Risk-Off),0.0,0.0,230.65
2015-07-14,-0.6073,-0.0804,-0.79,-0.1878,-0.4583,수축(Risk-Off),0.0,0.0,230.35
2015-07-15,-0.5843,-0.1517,-0.8234,-0.0731,-0.4592,수축(Risk-Off),0.0,0.0,231.05
2015-07-16,-0.5228,0.031,-0.6735,-0.0597,-0.3526,수축(Risk-Off),0.0,0.0,232.7
2015-07-17,-0.7613,0.2248,-0.6845,-0.071,-0.392,수축(Risk-Off),0.0,0.0,231.15
2015-07-20,-0.6415,0.1553,-0.5755,-0.0999,-0.3445,수축(Risk-Off),0.0,0.0,230.55
2015-07-21,-0.5594,0.0103,-0.4376,-0.0617,-0.3118,수축(Risk-Off),0.0,0.0,231.15
2015-07-22,-0.7111,0.236,-0.5055,-0.0073,-0.3173,수축(Risk-Off),0.0,0.0,228.575
2015-07-23,-0.539,0.1206,-0.4099,0.0482,-0.2537,수축(Risk-Off),0.0,0.0,228.75
2015-07-24,-0.7706,-0.2093,-0.614,0.0564,-0.4671,수축(Risk-Off),0.0,0.0,226.0
2015-07-27,-0.9097,-0.3921,-0.421,0.0984,-0.5069,수축(Risk-Off),0.0,0.0,226.45
2015-07-28,-0.8012,-0.1393,-0.3584,0.0621,-0.3955,수축(Risk-Off),0.0,0.0,226.7
2015-07-29,-0.732,-0.0125,-0.3245,0.0012,-0.3403,수축(Risk-Off),0.0,0.0,227.75
2015-07-30,-0.6563,0.0281,-0.5055,0.0157,-0.3467,수축(Risk-Off),0.0,0.0,225.7
2015-07-31,-0.7504,0.2076,-0.4323,-0.0321,-0.3236,수축(Risk-Off),0.0,0.0,224.7
2015-08-03,-0.7522,-0.0911,-0.4948,-0.046,-0.4166,수축(Risk-Off),0.0,0.0,223.5
2015-08-04,-0.7579,-0.0999,-0.3209,-0.0436,-0.377,수축(Risk-Off),0.0,0.0,224.5
2015-08-05,-0.7847,-0.0286,-0.2963,-0.1225,-0.3742,수축(Risk-Off),0.0,0.0,224.8
2015-08-06,-1.0841,-0.2857,-0.2934,-0.2005,-0.5543,수축(Risk-Off),0.0,0.0,221.6
2015-08-07,-1.0636,-0.1718,-0.3567,-0.2043,-0.535,수축(Risk-Off),0.0,0.0,221.15
2015-08-10,-1.124,-0.1597,-0.2849,-0.1301,-0.5241,수축(Risk-Off),0.0,0.0,220.7
2015-08-11,-1.1499,-0.3517,-0.5203,-0.1042,-0.6361,수축(Risk-Off),0.0,0.0,219.8
2015-08-12,-1.3529,-0.5433,-0.6365,-0.0448,-0.7752,수축(Risk-Off),0.0,0.0,217.7
2015-08-13,-1.0962,-0.5019,-0.5755,-0.0889,-0.6663,수축(Risk-Off),0.0,0.0,219.6
2015-08-17,-1.0875,-0.4145,-0.6331,-0.0863,-0.6554,수축(Risk-Off),0.0,0.0,217.4
2015-08-18,-1.024,-0.4625,-0.7445,-0.0841,-0.6728,수축(Risk-Off),0.0,0.0,216.65
2015-08-19,-1.2278,-0.5176,-0.869,-0.1443,-0.798,수축(Risk-Off),0.0,0.0,214.85
2015-08-20,-1.4001,-1.2912,-0.9483,-0.1453,-1.0717,수축(Risk-Off),0.0,0.0,212.65
2015-08-21,-1.6614,-1.9575,-1.0118,-0.193,-1.3528,수축(Risk-Off),0.0,0.0,209.35
2015-08-24,-1.9206,-2.6563,-0.8684,-0.124,-1.572,수축(Risk-Off),0.0,0.0,202.25
2015-08-25,-1.65,-2.3425,-0.7994,-0.1053,-1.3788,수축(Risk-Off),0.0,0.0,204.4
2015-08-26,-1.3457,-1.9279,-0.5325,-0.1315,-1.1058,수축(Risk-Off),0.0,0.0,208.0
2015-08-27,-1.2269,-1.5417,-0.6578,-0.2039,-1.0099,수축(Risk-Off),0.0,0.0,209.2
2015-08-28,-0.9454,-1.3572,-0.7198,-0.2855,-0.893,수축(Risk-Off),0.0,0.0,212.65
2015-08-31,-0.9202,-1.6334,-0.8687,-0.2317,-0.9823,수축(Risk-Off),0.0,0.0,212.3
2015-09-01,-1.1014,-1.8918,-0.8781,-0.2177,-1.1106,수축(Risk-Off),0.0,0.0,210.05
2015-09-02,-1.0634,-1.6114,-0.8281,-0.1415,-1.0033,수축(Risk-Off),0.0,0.0,210.7
2015-09-03,-1.0579,-1.5072,-0.8874,-0.1157,-0.9862,수축(Risk-Off),0.0,0.0,210.75
2015-09-04,-1.218,-1.7684,-0.8687,-0.1271,-1.1047,수축(Risk-Off),0.0,0.0,208.6
2015-09-07,-1.2308,-1.7024,-0.8272,-0.0449,-1.0699,수축(Risk-Off),0.0,0.0,208.6
2015-09-08,-1.2202,-1.5082,-0.8246,0.0,-1.0103,수축(Risk-Off),0.0,0.0,209.1
2015-09-09,-0.6719,-1.484,-0.5157,-0.0388,-0.7409,수축(Risk-Off),0.0,0.0,216.1
2015-09-10,-0.5361,-1.498,-0.5172,0.1437,-0.6699,수축(Risk-Off),0.0,0.0,215.9
2015-09-11,-0.5893,-1.3537,-0.4467,0.1615,-0.6321,수축(Risk-Off),0.0,0.0,215.0
2015-09-14,-0.6985,-0.8634,-0.328,0.122,-0.524,수축(Risk-Off),0.0,0.0,213.35
2015-09-15,-0.5172,-0.8419,-0.2667,0.2816,-0.4159,수축(Risk-Off),0.0,0.0,213.95
2015-09-16,-0.1212,-0.1135,-0.11,-0.0312,-0.103,중립(Neutral),0.5,0.0,219.6
2015-09-17,0.3012,-0.283,-0.0983,0.1133,0.0271,중립(Neutral),0.5,0.0,220.6
2015-09-18,0.3054,-0.6173,-0.1676,0.4335,-0.0243,중립(Neutral),0.5,0.0,221.9
2015-09-21,-0.1007,-0.7618,-0.3552,0.5722,-0.2287,수축(Risk-Off),0.0,0.0,217.325
2015-09-22,-0.0939,-0.8838,-0.3104,0.5762,-0.245,수축(Risk-Off),0.0,0.0,219.3
2015-09-23,-0.2935,-0.8693,-0.4289,0.7784,-0.3105,수축(Risk-Off),0.0,0.0,216.1
2015-09-24,-0.4051,-0.8716,-0.5533,0.7111,-0.3914,수축(Risk-Off),0.0,0.0,215.175
2015-09-25,-0.2965,-1.0142,-0.5002,0.5646,-0.3977,수축(Risk-Off),0.0,0.0,215.6
2015-09-30,-0.1039,-0.9576,-0.4192,0.8555,-0.2522,수축(Risk-Off),0.0,0.0,217.3
2015-10-01,0.0908,-0.6995,-0.3403,0.6995,-0.1233,중립(Neutral),0.5,0.0,219.75
2015-10-02,-0.0511,-0.5125,-0.258,0.7425,-0.0991,중립(Neutral),0.5,0.0,217.95
2015-10-05,-0.1754,-0.5591,-0.2776,0.7976,-0.1509,중립(Neutral),0.5,0.0,219.0
2015-10-06,0.0482,-0.5748,-0.2774,0.8562,-0.0678,중립(Neutral),0.5,0.0,220.9
2015-10-07,0.2701,-0.3384,-0.1686,0.7296,0.0772,중립(Neutral),0.5,0.0,224.55
2015-10-08,0.4443,-0.2294,0.0599,0.6998,0.2181,확장(Risk-On),1.0,0.0,226.55
2015-10-12,0.2532,-0.0183,0.0762,0.6083,0.1944,중립(Neutral),0.5,0.0,227.9
2015-10-13,0.1905,-0.2064,-0.0191,0.6341,0.1054,중립(Neutral),0.5,0.0,227.25
2015-10-14,0.162,-0.3407,0.1092,0.5702,0.0843,중립(Neutral),0.5,0.0,226.85
2015-10-15,0.517,-0.0656,0.3033,0.6138,0.3324,확장(Risk-On),1.0,0.0,229.85
2015-10-16,0.3847,0.0265,0.2176,0.4463,0.2626,확장(Risk-On),1.0,0.0,229.05
2015-10-19,0.5669,0.1709,0.237,0.4804,0.3725,확장(Risk-On),1.0,0.0,228.8
2015-10-20,0.6444,0.2106,0.4311,0.4318,0.4508,확장(Risk-On),1.0,0.0,229.65
2015-10-21,0.6897,0.408,0.3843,0.6004,0.5295,확장(Risk-On),1.0,0.0,230.45
2015-10-22,0.6257,0.4647,0.2514,0.688,0.5012,확장(Risk-On),1.0,0.0,229.25
2015-10-23,0.7425,0.4091,0.2191,0.5321,0.4967,확장(Risk-On),1.0,0.0,230.9
2015-10-26,0.6586,0.3076,0.4086,0.7343,0.5197,확장(Risk-On),1.0,0.0,231.55
2015-10-27,0.7847,0.2698,0.4025,0.6949,0.5469,확장(Risk-On),1.0,0.0,231.85
2015-10-28,0.7843,0.2884,0.5847,0.7607,0.6069,확장(Risk-On),1.0,0.0,231.85
2015-10-29,0.6874,0.3584,0.4779,0.8288,0.574,확장(Risk-On),1.0,0.0,230.575
2015-10-30,0.6211,0.3956,0.6349,0.7349,0.5852,확장(Risk-On),1.0,0.0,230.575
2015-11-02,0.641,0.9151,0.761,0.5837,0.7309,확장(Risk-On),1.0,1.0,231.4
2015-11-03,0.8916,0.9062,0.8524,0.4115,0.8134,확장(Risk-On),1.0,1.0,234.1
2015-11-04,0.8926,0.6553,0.6751,0.6235,0.7386,확장(Risk-On),1.0,1.0,233.65
2015-11-05,0.9786,0.7274,0.6305,0.5242,0.7606,확장(Risk-On),1.0,1.0,233.5
2015-11-06,0.887,0.7385,0.6589,0.135,0.6801,확장(Risk-On),1.0,1.0,231.8
2015-11-09,0.6143,0.4597,0.5078,-0.4327,0.392,확장(Risk-On),1.0,1.0,231.025
2015-11-10,0.2268,0.5308,0.3945,-0.4251,0.2469,확장(Risk-On),1.0,1.0,227.325
2015-11-11,0.175,0.5346,0.3945,-0.6613,0.1944,중립(Neutral),0.5,1.0,226.775
2015-11-12,0.2265,0.2555,0.5079,-0.5063,0.1942,중립(Neutral),0.5,1.0,226.325
2015-11-13,-0.0069,0.2246,0.439,-0.5665,0.0785,중립(Neutral),0.5,1.0,224.125
2015-11-16,-0.2084,0.1632,0.3365,-0.32,0.004,중립(Neutral),0.5,1.0,221.275
2015-11-17,-0.1108,0.1237,0.3421,-0.4072,0.0166,중립(Neutral),0.5,1.0,223.125
2015-11-18,-0.1892,0.202,0.0907,-0.3653,-0.0478,중립(Neutral),0.5,1.0,222.325
2015-11-19,0.0165,0.2475,0.2164,-0.243,0.0853,중립(Neutral),0.5,1.0,225.125
2015-11-20,0.0402,0.3947,0.1846,-0.3605,0.1048,중립(Neutral),0.5,1.0,225.625
2015-11-23,0.0941,0.5039,0.2143,-0.5118,0.1357,중립(Neutral),0.5,1.0,227.75
2015-11-24,0.262,0.474,0.2852,-0.4012,0.2213,확장(Risk-On),1.0,1.0,228.35
2015-11-25,0.1418,0.31,0.1932,-0.0707,0.1648,중립(Neutral),0.5,1.0,228.1
2015-11-26,0.4247,0.3665,0.261,0.1349,0.3258,확장(Risk-On),1.0,1.0,231.05
2015-11-27,0.2296,0.5443,0.1621,0.0356,0.2623,확장(Risk-On),1.0,1.0,230.45
2015-11-30,-0.3154,0.367,0.272,0.2994,0.0943,중립(Neutral),0.5,1.0,225.6
2015-12-01,0.0485,0.6266,0.3808,0.154,0.2919,확장(Risk-On),1.0,0.5,229.25
2015-12-02,-0.098,0.6623,0.5326,0.4011,0.3246,확장(Risk-On),1.0,0.5,227.55
2015-12-03,-0.1113,0.2614,0.7962,0.3776,0.2821,확장(Risk-On),1.0,0.5,225.35
2015-12-04,-0.2569,0.7048,0.5323,0.3046,0.265,확장(Risk-On),1.0,0.5,222.45
2015-12-07,-0.1339,0.828,0.3288,0.2985,0.2871,확장(Risk-On),1.0,0.5,222.25
2015-12-08,-0.182,0.4599,0.23,0.3667,0.1638,중립(Neutral),0.5,0.5,220.65
2015-12-09,-0.1794,0.1505,0.1983,0.3717,0.0801,중립(Neutral),0.5,0.5,220.7
2015-12-10,0.01,0.1009,0.1129,0.3005,0.1021,중립(Neutral),0.5,0.5,221.55
2015-12-11,-0.0994,-0.4071,0.1585,0.2001,-0.0669,중립(Neutral),0.5,0.5,221.2
2015-12-14,-0.4371,-0.3367,0.0818,0.253,-0.1788,중립(Neutral),0.5,0.5,219.5
2015-12-15,-0.3775,-0.2277,0.0823,0.3486,-0.1162,중립(Neutral),0.5,0.5,220.05
2015-12-16,0.0242,0.1333,-0.0209,0.2818,0.0789,중립(Neutral),0.5,0.5,225.1
2015-12-17,-0.1623,-0.1503,-0.1632,0.3903,-0.0767,중립(Neutral),0.5,0.5,224.2
2015-12-18,-0.1976,-0.4169,-0.1362,0.5231,-0.129,중립(Neutral),0.5,0.5,224.6
2015-12-21,-0.4598,-0.3622,-0.1528,0.5213,-0.2115,수축(Risk-Off),0.0,0.5,224.7
2015-12-22,-0.3843,-0.0384,-0.0066,0.4851,-0.073,중립(Neutral),0.5,0.5,225.5
2015-12-23,-0.1805,0.1956,0.2411,0.5231,0.1245,중립(Neutral),0.5,0.5,227.95
2015-12-24,-0.1984,0.0476,-0.1403,0.5595,-0.0087,중립(Neutral),0.5,0.5,225.6
2015-12-28,-0.418,-0.1374,-0.0932,0.449,-0.1366,중립(Neutral),0.5,0.5,223.0
2015-12-29,-0.0582,-0.0622,-0.0736,0.4293,0.0101,중립(Neutral),0.5,0.5,225.6
2015-12-30,-0.2056,-0.2212,-0.1322,0.3054,-0.1145,중립(Neutral),0.5,0.5,223.65
2016-01-04,-0.562,-0.5726,-0.3134,0.4425,-0.3518,수축(Risk-Off),0.0,0.5,218.2
2016-01-05,-0.4707,-0.1239,-0.4092,0.3899,-0.2396,수축(Risk-Off),0.0,0.5,219.6
2016-01-06,-0.6209,-0.2603,-0.4979,0.4258,-0.343,수축(Risk-Off),0.0,0.5,218.65
2016-01-07,-0.8243,-0.7992,-0.6258,0.4998,-0.5698,수축(Risk-Off),0.0,0.5,215.7
2016-01-08,-0.6872,-0.9626,-0.4888,0.3809,-0.5462,수축(Risk-Off),0.0,0.5,217.0
2016-01-11,-1.0359,-0.9169,-0.5653,0.4114,-0.6714,수축(Risk-Off),0.0,0.5,214.95
2016-01-12,-1.0702,-0.8053,-0.7201,0.3041,-0.7103,수축(Risk-Off),0.0,0.5,213.6
2016-01-13,-0.7835,-1.0704,-0.7121,0.3622,-0.6655,수축(Risk-Off),0.0,0.5,217.7
2016-01-14,-0.8777,-1.0665,-0.6945,0.3879,-0.6893,수축(Risk-Off),0.0,0.5,216.3
2016-01-15,-1.1123,-1.4807,-0.7941,0.4233,-0.8945,수축(Risk-Off),0.0,0.5,212.25
2016-01-18,-1.2655,-1.5373,-0.7318,0.4622,-0.9409,수축(Risk-Off),0.0,0.5,212.4
2016-01-19,-1.1068,-1.5554,-0.5906,0.4628,-0.8545,수축(Risk-Off),0.0,0.5,213.45
2016-01-20,-1.4186,-1.7836,-0.7064,0.5625,-1.0346,수축(Risk-Off),0.0,0.5,207.25
2016-01-21,-1.3362,-1.7689,-0.6612,0.5404,-0.9941,수축(Risk-Off),0.0,0.5,208.2
2016-01-22,-0.9309,-1.2001,-0.5603,0.4777,-0.6943,수축(Risk-Off),0.0,0.5,212.5
2016-01-25,-0.7737,-1.2498,-0.4557,0.419,-0.6343,수축(Risk-Off),0.0,0.5,214.4
2016-01-26,-0.9649,-1.0889,-0.4991,0.469,-0.6644,수축(Risk-Off),0.0,0.5,211.0
2016-01-27,-0.7149,-0.9967,-0.5077,0.438,-0.5606,수축(Risk-Off),0.0,0.5,214.25
2016-01-28,-0.5621,-0.9593,-0.4161,0.4649,-0.4708,수축(Risk-Off),0.0,0.5,214.2
2016-01-29,-0.4782,-0.7606,-0.6886,0.5075,-0.4535,수축(Risk-Off),0.0,0.5,215.5
2016-02-01,-0.3312,-0.5419,-0.6321,0.6042,-0.3188,수축(Risk-Off),0.0,0.0,216.7
2016-02-02,-0.5408,-0.8344,-0.6835,0.6602,-0.4697,수축(Risk-Off),0.0,0.0,215.1
2016-02-03,-0.7391,-1.0388,-0.7443,0.7112,-0.5978,수축(Risk-Off),0.0,0.0,212.1
2016-02-04,-0.385,-0.9986,-0.5227,0.768,-0.3999,수축(Risk-Off),0.0,0.0,216.8
2016-02-05,-0.3848,-1.0024,-0.7701,0.718,-0.4701,수축(Risk-Off),0.0,0.0,217.2
2016-02-11,-0.8037,-1.489,-0.8139,0.6044,-0.7664,수축(Risk-Off),0.0,0.0,210.2
2016-02-12,-0.8621,-1.195,-1.0231,0.5671,-0.7712,수축(Risk-Off),0.0,0.0,208.9
2016-02-15,-0.5369,-1.3272,-0.8322,0.4944,-0.6536,수축(Risk-Off),0.0,0.0,211.95
2016-02-16,-0.4281,-1.209,-0.6457,0.5565,-0.53,수축(Risk-Off),0.0,0.0,215.25
2016-02-17,-0.3413,-0.8709,-0.6128,0.5773,-0.4038,수축(Risk-Off),0.0,0.0,215.7
2016-02-18,-0.2678,-0.7745,-0.7802,0.4251,-0.4187,수축(Risk-Off),0.0,0.0,217.8
2016-02-19,-0.1397,-0.6368,-0.7482,0.4881,-0.3219,수축(Risk-Off),0.0,0.0,218.05
2016-02-22,-0.1584,-0.6685,-0.6433,0.4525,-0.3155,수축(Risk-Off),0.0,0.0,218.95
2016-02-23,-0.2076,-0.7479,-0.752,0.3634,-0.3931,수축(Risk-Off),0.0,0.0,219.2
2016-02-24,-0.2439,-0.7576,-0.7847,0.4034,-0.4104,수축(Risk-Off),0.0,0.0,218.45
2016-02-25,-0.2362,-0.6645,-0.8636,0.4797,-0.3927,수축(Risk-Off),0.0,0.0,218.65
2016-02-26,-0.1232,-0.6923,-0.8595,0.5593,-0.3472,수축(Risk-Off),0.0,0.0,219.0
2016-02-29,-0.3031,-0.6245,-0.9678,0.5455,-0.4223,수축(Risk-Off),0.0,0.0,218.4
2016-03-02,-0.053,-0.017,-0.9483,0.5212,-0.1817,중립(Neutral),0.5,0.0,222.75
2016-03-03,-0.0413,0.0913,-1.0151,0.4424,-0.179,중립(Neutral),0.5,0.0,223.2
2016-03-04,-0.0327,0.1542,-0.7572,0.3098,-0.1157,중립(Neutral),0.5,0.0,223.4
2016-03-07,0.1755,0.046,-0.7926,0.1102,-0.1087,중립(Neutral),0.5,0.0,223.8
2016-03-08,0.1362,-0.1076,-0.8065,0.239,-0.145,중립(Neutral),0.5,0.0,221.8
2016-03-09,0.1901,-0.0687,-0.7519,0.3375,-0.088,중립(Neutral),0.5,0.0,222.9
2016-03-10,0.257,0.019,-0.6205,0.0842,-0.0478,중립(Neutral),0.5,0.0,226.1
2016-03-11,0.2053,0.1832,-0.4195,-0.2178,-0.0199,중립(Neutral),0.5,0.0,225.7
2016-03-14,0.1015,0.0946,-0.4304,-0.1241,-0.067,중립(Neutral),0.5,0.0,225.45
2016-03-15,0.0685,0.206,-0.1663,-0.0346,0.0287,중립(Neutral),0.5,0.0,225.35
2016-03-16,0.082,0.37,-0.2324,-0.0742,0.052,중립(Neutral),0.5,0.0,225.7
2016-03-17,0.186,0.3946,0.2209,0.174,0.2451,확장(Risk-On),1.0,0.0,227.3
2016-03-18,0.3277,0.5958,0.2296,0.3034,0.3666,확장(Risk-On),1.0,0.0,227.45
2016-03-21,0.2904,0.4245,0.2699,0.2464,0.3122,확장(Risk-On),1.0,0.0,226.95
2016-03-22,0.4406,0.5737,0.2845,0.0603,0.3778,확장(Risk-On),1.0,0.0,228.5
2016-03-23,0.3888,0.5064,0.3301,0.0608,0.3543,확장(Risk-On),1.0,0.0,227.9
2016-03-24,0.3927,0.4819,0.2385,0.2713,0.3582,확장(Risk-On),1.0,0.0,227.45
2016-03-25,0.461,0.2987,0.2192,0.3814,0.348,확장(Risk-On),1.0,0.0,227.15
2016-03-28,0.2693,0.2931,0.384,0.6175,0.3561,확장(Risk-On),1.0,0.0,227.325
2016-03-29,0.3779,0.4462,0.3554,0.6591,0.4315,확장(Risk-On),1.0,0.0,228.75
2016-03-30,0.5425,0.4157,0.5511,0.8258,0.5554,확장(Risk-On),1.0,0.0,229.95
2016-03-31,0.4984,0.6428,0.8006,0.8199,0.6583,확장(Risk-On),1.0,0.0,228.6
2016-04-01,0.2124,0.726,0.6332,0.9069,0.5502,확장(Risk-On),1.0,1.0,224.85
2016-04-04,0.4473,0.389,0.5342,0.9805,0.5344,확장(Risk-On),1.0,1.0,225.6
2016-04-05,0.1348,0.0786,0.3806,0.9336,0.302,확장(Risk-On),1.0,1.0,223.4
2016-04-06,0.1763,0.4516,0.6147,0.8485,0.4556,확장(Risk-On),1.0,1.0,225.0
2016-04-07,0.2331,0.1001,0.4832,0.8405,0.3535,확장(Risk-On),1.0,1.0,225.1
2016-04-08,0.1186,0.0318,0.4632,0.8502,0.2928,확장(Risk-On),1.0,1.0,224.3
2016-04-11,0.0602,-0.1072,0.5929,0.8191,0.2654,확장(Risk-On),1.0,1.0,224.75
2016-04-12,0.175,0.1619,0.5479,0.8576,0.3673,확장(Risk-On),1.0,1.0,226.3
2016-04-14,0.4913,0.7408,0.7214,0.769,0.6528,확장(Risk-On),1.0,1.0,231.4
2016-04-15,0.4372,0.7127,0.5113,0.7368,0.5695,확장(Risk-On),1.0,1.0,231.55
2016-04-18,0.5069,0.6627,0.7074,0.7604,0.634,확장(Risk-On),1.0,1.0,230.45
2016-04-19,0.448,0.693,0.813,0.7834,0.6508,확장(Risk-On),1.0,1.0,231.0
2016-04-20,0.4031,0.6398,0.6539,0.8001,0.5845,확장(Risk-On),1.0,1.0,230.05
2016-04-21,0.5347,0.5172,0.6476,0.7191,0.5862,확장(Risk-On),1.0,1.0,232.0
2016-04-22,0.4047,1.0424,0.9201,0.7654,0.7471,확장(Risk-On),1.0,1.0,230.8
2016-04-25,0.4062,0.8446,1.0641,0.8925,0.7532,확장(Risk-On),1.0,1.0,230.6
2016-04-26,0.8881,0.7323,1.0335,1.0299,0.9068,확장(Risk-On),1.0,1.0,231.3
2016-04-27,1.0578,0.8457,0.9364,0.9421,0.9571,확장(Risk-On),1.0,1.0,231.25
2016-04-28,0.7129,0.6062,0.8796,0.97,0.7665,확장(Risk-On),1.0,1.0,228.55
2016-04-29,0.6883,0.256,0.899,0.996,0.6791,확장(Risk-On),1.0,1.0,227.45
2016-05-02,0.3466,0.492,0.8847,0.9481,0.6077,확장(Risk-On),1.0,1.0,226.35
2016-05-03,0.3454,0.2763,0.7672,1.0365,0.5373,확장(Risk-On),1.0,1.0,226.55
2016-05-04,0.2023,0.1851,0.7138,1.0379,0.4512,확장(Risk-On),1.0,1.0,225.45
2016-05-09,-0.2604,0.2665,0.7713,0.8725,0.2992,확장(Risk-On),1.0,1.0,224.65
2016-05-10,-0.1532,0.4387,0.8678,0.8816,0.4052,확장(Risk-On),1.0,1.0,225.9
2016-05-11,-0.2494,0.2075,0.828,0.8097,0.2931,확장(Risk-On),1.0,1.0,224.9
2016-05-12,-0.2091,0.0152,0.684,0.9114,0.2383,확장(Risk-On),1.0,1.0,225.0
2016-05-13,-0.4257,-0.2662,0.3855,0.9216,0.0191,중립(Neutral),0.5,1.0,222.5
2016-05-16,-0.4932,-0.2374,0.3126,0.9008,-0.0187,중립(Neutral),0.5,1.0,223.3
2016-05-17,-0.4479,-0.2948,0.3525,0.8278,-0.0182,중립(Neutral),0.5,1.0,223.25
2016-05-18,-0.6488,-0.1906,0.3342,0.7928,-0.0723,중립(Neutral),0.5,1.0,221.4
2016-05-19,-0.6759,-0.2408,0.193,0.5471,-0.1664,중립(Neutral),0.5,1.0,221.1
2016-05-20,-0.7669,-0.2888,0.0785,0.7274,-0.2119,수축(Risk-Off),0.0,1.0,221.25
2016-05-23,-0.4645,-0.3125,-0.0428,0.7409,-0.1403,중립(Neutral),0.5,1.0,221.85
2016-05-24,-0.6745,-0.1888,-0.005,0.7575,-0.1709,중립(Neutral),0.5,1.0,220.2
2016-05-25,-0.2899,-0.0734,0.2721,0.7554,0.0615,중립(Neutral),0.5,1.0,223.4
2016-05-26,-0.2519,0.1613,-0.1709,0.721,0.0176,중립(Neutral),0.5,1.0,223.3
2016-05-27,-0.1673,0.3188,-0.1299,0.7001,0.0937,중립(Neutral),0.5,1.0,224.25
2016-05-30,-0.1521,0.3131,-0.1391,0.4111,0.0519,중립(Neutral),0.5,1.0,223.85
2016-05-31,0.0047,0.0735,-0.2093,0.3657,0.0225,중립(Neutral),0.5,1.0,225.45
2016-06-01,0.047,-0.0716,-0.123,0.7451,0.0796,중립(Neutral),0.5,0.5,225.8
2016-06-02,0.1703,0.0197,-0.0289,0.7156,0.1647,중립(Neutral),0.5,0.5,226.3
2016-06-03,0.1275,0.162,0.1383,0.8012,0.2399,확장(Risk-On),1.0,0.5,226.7
2016-06-07,0.6309,0.1657,0.3149,0.8765,0.4725,확장(Risk-On),1.0,0.5,230.0
2016-06-08,0.8445,0.1584,0.0213,0.9777,0.4872,확장(Risk-On),1.0,0.5,231.95
2016-06-09,0.8637,0.0977,-0.0798,0.896,0.4412,확장(Risk-On),1.0,0.5,232.45
2016-06-10,0.7909,-0.1597,-0.083,0.8805,0.3482,확장(Risk-On),1.0,0.5,231.35
2016-06-13,0.3781,-0.9419,-0.3598,1.0589,-0.0342,중립(Neutral),0.5,0.5,225.8
2016-06-14,0.4193,-0.8481,-0.3112,0.9732,0.0029,중립(Neutral),0.5,0.5,225.1
2016-06-15,0.5343,-0.8269,-0.3995,0.935,0.0207,중립(Neutral),0.5,0.5,225.2
2016-06-16,0.2537,-1.0506,-0.4196,1.0629,-0.1193,중립(Neutral),0.5,0.5,223.1
2016-06-17,0.4092,-0.9814,-0.3952,1.0127,-0.049,중립(Neutral),0.5,0.5,223.8
2016-06-20,0.4005,-0.7224,-0.1237,0.7742,0.0448,중립(Neutral),0.5,0.5,226.75
2016-06-21,0.3851,-0.8305,-0.0753,0.6988,0.0131,중립(Neutral),0.5,0.5,226.8
2016-06-22,0.5316,-1.0619,0.0666,0.6497,0.0347,중립(Neutral),0.5,0.5,228.45
2016-06-23,0.611,-0.7474,0.0113,0.5933,0.1188,중립(Neutral),0.5,0.5,228.25
2016-06-24,-0.2667,-1.7686,-0.744,0.6817,-0.6192,수축(Risk-Off),0.0,0.5,220.0
2016-06-27,-0.3332,-1.6113,-0.9094,0.7551,-0.6335,수축(Risk-Off),0.0,0.5,220.85
2016-06-28,-0.291,-1.0855,-0.8736,0.7474,-0.4795,수축(Risk-Off),0.0,0.5,221.65
2016-06-29,-0.111,-0.7698,-0.6246,0.8025,-0.2671,수축(Risk-Off),0.0,0.5,223.95
2016-06-30,0.0125,-0.6914,-0.6577,0.7936,-0.2139,수축(Risk-Off),0.0,0.5,225.3
2016-07-01,-0.012,-0.5707,-0.4459,0.6652,-0.1586,중립(Neutral),0.5,0.0,228.0
2016-07-04,-0.0385,-0.4136,-0.4598,0.7287,-0.1225,중립(Neutral),0.5,0.0,229.1
2016-07-05,-0.0151,-0.4889,-0.6339,0.7476,-0.1738,중립(Neutral),0.5,0.0,228.45
2016-07-06,-0.367,-0.4196,-0.7543,0.7394,-0.311,수축(Risk-Off),0.0,0.0,223.2
2016-07-07,0.0421,-0.2778,-0.6253,0.7355,-0.1007,중립(Neutral),0.5,0.0,226.05
2016-07-08,-0.0681,-0.0937,-0.5984,0.7741,-0.0808,중립(Neutral),0.5,0.0,225.2
2016-07-11,0.2589,-0.1032,-0.5831,0.7909,0.0377,중립(Neutral),0.5,0.0,228.35
2016-07-12,0.2738,-0.0581,-0.4059,0.7908,0.0985,중립(Neutral),0.5,0.0,228.6
2016-07-13,0.4453,0.0704,-0.2283,0.7855,0.2342,확장(Risk-On),1.0,0.0,230.4
2016-07-14,0.3834,0.083,-0.0668,0.7954,0.2575,확장(Risk-On),1.0,0.0,231.05
2016-07-15,0.4959,0.2828,-0.0608,0.7249,0.3378,확장(Risk-On),1.0,0.0,232.3
2016-07-18,0.4995,0.5822,-0.0333,0.6489,0.4094,확장(Risk-On),1.0,0.0,232.7
2016-07-19,0.7596,0.6372,-0.1656,0.6335,0.4788,확장(Risk-On),1.0,0.0,232.05
2016-07-20,0.7547,0.5832,-0.1522,0.6512,0.4696,확장(Risk-On),1.0,0.0,231.95
2016-07-21,0.7403,0.2715,-0.1296,0.6848,0.3973,확장(Risk-On),1.0,0.0,231.95
2016-07-22,0.6657,0.2802,0.0362,0.7849,0.4298,확장(Risk-On),1.0,0.0,231.8
2016-07-25,0.5487,0.0902,0.015,0.7376,0.329,확장(Risk-On),1.0,0.0,231.9
2016-07-26,0.6655,0.053,0.0724,0.8074,0.3854,확장(Risk-On),1.0,0.0,234.35
2016-07-27,0.6639,0.0823,0.0838,0.793,0.3928,확장(Risk-On),1.0,0.0,234.4
2016-07-28,0.488,-0.016,0.2831,0.8764,0.369,확장(Risk-On),1.0,0.0,233.05
2016-07-29,0.5018,0.1704,0.3861,0.8166,0.4372,확장(Risk-On),1.0,0.0,233.45
2016-08-01,0.7438,0.022,0.4112,0.9607,0.5128,확장(Risk-On),1.0,1.0,235.35
2016-08-02,0.6243,-0.0028,0.3425,0.851,0.4311,확장(Risk-On),1.0,1.0,233.25
2016-08-03,0.3877,-0.0172,0.1026,0.6234,0.2505,확장(Risk-On),1.0,1.0,230.05
2016-08-04,0.3071,0.0234,0.0469,0.6473,0.2222,확장(Risk-On),1.0,1.0,230.65
2016-08-05,0.5403,0.1596,0.1352,0.7561,0.3762,확장(Risk-On),1.0,1.0,233.75
2016-08-08,0.464,0.1807,0.1887,0.4912,0.3284,확장(Risk-On),1.0,1.0,235.25
2016-08-09,0.5195,0.1488,0.3358,0.6043,0.3936,확장(Risk-On),1.0,1.0,237.05
2016-08-10,0.4675,0.091,0.3593,0.8121,0.398,확장(Risk-On),1.0,1.0,236.25
2016-08-11,0.5092,0.1257,0.3196,0.7683,0.4048,확장(Risk-On),1.0,1.0,237.1
2016-08-12,0.5045,0.1708,0.2063,0.7339,0.3809,확장(Risk-On),1.0,1.0,237.3
2016-08-16,0.5136,0.0086,0.1294,0.702,0.3196,확장(Risk-On),1.0,1.0,237.6
2016-08-17,0.4581,0.1445,-0.0709,0.5446,0.2604,확장(Risk-On),1.0,1.0,236.85
2016-08-18,0.4514,0.2746,0.0978,0.6006,0.3412,확장(Risk-On),1.0,1.0,236.85
2016-08-19,0.2918,0.3126,0.204,0.5364,0.3118,확장(Risk-On),1.0,1.0,236.85
2016-08-22,0.3251,0.3644,0.362,0.3253,0.3442,확장(Risk-On),1.0,1.0,236.85
2016-08-23,0.3351,0.308,0.4995,0.4535,0.3872,확장(Risk-On),1.0,1.0,236.85
2016-08-24,0.3256,0.2274,0.4551,0.3691,0.3399,확장(Risk-On),1.0,1.0,236.85
2016-08-25,0.3513,0.3546,0.5992,0.5618,0.4457,확장(Risk-On),1.0,1.0,236.85
2016-08-26,0.4582,0.2728,0.5362,0.6653,0.4624,확장(Risk-On),1.0,1.0,236.85
2016-08-29,0.645,0.2008,0.1751,0.3767,0.3762,확장(Risk-On),1.0,1.0,236.85
2016-08-30,0.5001,0.25,0.135,0.2556,0.3096,확장(Risk-On),1.0,1.0,236.85
2016-08-31,0.5124,0.163,0.0596,0.3622,0.2893,확장(Risk-On),1.0,1.0,236.85
2016-09-01,0.4237,0.2738,-0.0197,0.0723,0.2227,확장(Risk-On),1.0,1.0,236.85
2016-09-02,0.4562,1.0344,0.8234,-0.1094,0.6077,확장(Risk-On),1.0,1.0,236.85
2016-09-05,0.4501,0.9497,1.0632,0.1464,0.6827,확장(Risk-On),1.0,1.0,236.85
2016-09-06,1.0922,0.9971,1.0892,0.1316,0.9236,확장(Risk-On),1.0,1.0,241.875
2016-09-07,1.2571,0.9731,0.9814,0.4021,0.9889,확장(Risk-On),1.0,1.0,243.075
2016-09-08,1.0162,0.8519,0.9876,0.3609,0.8697,확장(Risk-On),1.0,1.0,241.175
2016-09-09,0.6953,0.0903,0.6592,0.1838,0.4583,확장(Risk-On),1.0,1.0,238.075
2016-09-12,0.1175,0.2896,0.5087,-0.2808,0.1986,중립(Neutral),0.5,1.0,232.975
2016-09-13,0.0615,-0.0729,0.6316,-0.2486,0.1239,중립(Neutral),0.5,1.0,233.125
2016-09-19,0.1459,0.6169,0.7012,-0.4663,0.3106,확장(Risk-On),1.0,1.0,234.025
2016-09-20,0.234,0.5122,0.5543,-0.346,0.2966,확장(Risk-On),1.0,1.0,234.675
2016-09-21,0.4164,0.8387,0.4889,-0.3748,0.4214,확장(Risk-On),1.0,1.0,235.775
2016-09-22,0.6498,1.0082,0.5778,0.2332,0.6589,확장(Risk-On),1.0,1.0,240.225
2016-09-23,0.5713,0.8726,0.5437,0.3643,0.6087,확장(Risk-On),1.0,1.0,239.175
2016-09-26,0.5143,0.3624,0.4986,0.5037,0.4708,확장(Risk-On),1.0,1.0,238.525
2016-09-27,0.5736,0.5948,0.7197,0.4809,0.6015,확장(Risk-On),1.0,1.0,239.575
2016-09-28,0.5764,0.667,0.6876,0.5287,0.6197,확장(Risk-On),1.0,1.0,239.575
2016-09-29,0.7661,0.4254,0.8151,0.5631,0.6627,확장(Risk-On),1.0,1.0,241.675
2016-09-30,0.3138,0.4354,0.7789,0.6224,0.5067,확장(Risk-On),1.0,1.0,239.175
2016-10-04,0.5656,0.8017,0.7161,0.5752,0.6637,확장(Risk-On),1.0,1.0,239.925
2016-10-05,0.6021,0.8444,0.7837,0.4708,0.6884,확장(Risk-On),1.0,1.0,240.075
2016-10-06,0.9178,1.2419,0.657,0.4862,0.8689,확장(Risk-On),1.0,1.0,240.975
2016-10-07,0.7606,1.0825,0.4646,0.4661,0.7229,확장(Risk-On),1.0,1.0,240.825
2016-10-10,0.7668,0.9268,0.3558,0.4035,0.6495,확장(Risk-On),1.0,1.0,240.325
2016-10-11,0.4929,0.6796,0.2184,-0.0015,0.3968,확장(Risk-On),1.0,1.0,237.475
2016-10-12,0.4082,0.5686,0.2604,0.3101,0.3966,확장(Risk-On),1.0,1.0,236.375
2016-10-13,0.2296,0.3984,0.2298,0.3876,0.2956,확장(Risk-On),1.0,1.0,235.625
2016-10-14,0.2828,0.2855,0.1361,0.3437,0.2559,확장(Risk-On),1.0,1.0,236.175
2016-10-17,0.2074,0.2324,0.0706,-0.2648,0.1086,중립(Neutral),0.5,1.0,237.175
2016-10-18,0.2884,0.3223,0.0791,-0.1438,0.1797,중립(Neutral),0.5,1.0,238.4
2016-10-19,0.425,0.688,0.0181,-0.3102,0.2787,확장(Risk-On),1.0,1.0,239.425
2016-10-20,0.3522,0.6433,-0.0944,-0.2625,0.2211,확장(Risk-On),1.0,1.0,239.175
2016-10-21,0.1426,0.6363,-0.2966,-0.5529,0.0519,중립(Neutral),0.5,1.0,237.825
2016-10-24,0.221,0.7347,-0.232,-0.5316,0.1233,중립(Neutral),0.5,1.0,239.825
2016-10-25,0.3824,0.7187,-0.3719,-0.7576,0.1069,중립(Neutral),0.5,1.0,239.425
2016-10-26,-0.0037,0.504,-0.2873,-0.8695,-0.0775,중립(Neutral),0.5,1.0,235.525
2016-10-27,0.1239,0.4588,-0.5286,-0.9102,-0.1106,중립(Neutral),0.5,1.0,236.825
2016-10-28,0.1293,0.3874,-0.5133,-0.9976,-0.1359,중립(Neutral),0.5,1.0,236.925
2016-10-31,0.0714,0.1972,-0.4319,-0.6984,-0.1384,중립(Neutral),0.5,1.0,236.8
2016-11-01,0.1065,0.1063,-0.4304,-0.9125,-0.1806,중립(Neutral),0.5,0.5,236.8
2016-11-02,-0.1641,-0.1543,-0.4832,-0.566,-0.3017,수축(Risk-Off),0.0,0.5,233.45
2016-11-03,-0.1483,-0.3046,-0.4903,-0.3733,-0.3066,수축(Risk-Off),0.0,0.5,234.0
2016-11-04,-0.0555,-0.2942,-0.4767,-0.6014,-0.3024,수축(Risk-Off),0.0,0.5,233.35
2016-11-07,0.2555,0.1735,-0.2626,-0.6906,-0.0364,중립(Neutral),0.5,0.5,235.45
2016-11-08,0.2991,0.1542,-0.1814,-0.6761,-0.0035,중립(Neutral),0.5,0.5,236.3
2016-11-09,-0.2,0.4143,-0.5145,-0.0949,-0.1093,중립(Neutral),0.5,0.5,230.2
2016-11-10,0.2201,0.5533,-0.4797,-0.88,-0.0365,중립(Neutral),0.5,0.5,235.6
2016-11-11,-0.0171,0.6087,-0.3482,-1.3683,-0.1461,중립(Neutral),0.5,0.5,233.0
2016-11-14,-0.2238,0.6008,-0.5331,-1.7058,-0.3173,수축(Risk-Off),0.0,0.5,231.05
2016-11-15,-0.293,0.5523,-0.9331,-1.581,-0.4349,수축(Risk-Off),0.0,0.5,229.85
2016-11-16,-0.1902,0.6073,-1.0028,-1.9859,-0.4633,수축(Risk-Off),0.0,0.5,230.75
2016-11-17,-0.3211,0.6055,-0.9927,-1.5266,-0.4382,수축(Risk-Off),0.0,0.5,230.55
2016-11-18,-0.4163,0.805,-0.8819,-1.7827,-0.4323,수축(Risk-Off),0.0,0.5,230.7
2016-11-21,-0.381,1.04,-0.7922,-1.5919,-0.3102,수축(Risk-Off),0.0,0.5,230.1
2016-11-22,-0.1017,1.1306,-0.6054,-1.5981,-0.144,중립(Neutral),0.5,0.5,232.85
2016-11-23,-0.0042,1.2034,-0.6246,-1.7538,-0.1199,중립(Neutral),0.5,0.5,233.85
2016-11-24,0.0741,1.3253,-0.6502,-1.8029,-0.0757,중립(Neutral),0.5,0.5,232.75
2016-11-25,-0.0054,1.3842,-0.5149,-1.9191,-0.0724,중립(Neutral),0.5,0.5,232.5
2016-11-28,0.18,1.4082,-0.6143,-1.7025,0.0061,중립(Neutral),0.5,0.5,233.45
2016-11-29,0.1781,1.4445,-0.5455,-1.7192,0.0292,중립(Neutral),0.5,0.5,233.075
2016-11-30,0.2843,1.1414,-0.532,-1.6882,-0.0014,중립(Neutral),0.5,0.5,234.45
2016-12-01,0.1986,1.0588,-0.6634,-1.9464,-0.1236,중립(Neutral),0.5,0.5,234.6
2016-12-02,0.0975,0.793,-0.5945,-2.2227,-0.2497,수축(Risk-Off),0.0,0.5,232.95
2016-12-05,0.0082,1.0089,-0.526,-1.22,-0.0594,중립(Neutral),0.5,0.5,233.0
2016-12-06,0.3252,1.1226,-0.5726,-1.2897,0.0579,중립(Neutral),0.5,0.5,235.7
2016-12-07,0.3477,1.1183,-0.4753,-0.9593,0.1386,중립(Neutral),0.5,0.5,236.5
2016-12-08,0.7467,1.0197,-0.5361,-0.8997,0.2473,확장(Risk-On),1.0,0.5,240.65
2016-12-09,0.8134,1.3264,-0.5394,-0.8706,0.3509,확장(Risk-On),1.0,0.5,241.35
2016-12-12,0.6576,1.1451,-0.387,-1.0407,0.2636,확장(Risk-On),1.0,0.5,240.45
2016-12-13,0.756,1.0415,-0.3741,-0.879,0.2996,확장(Risk-On),1.0,0.5,241.15
2016-12-14,0.7917,0.8265,-0.2412,-0.6598,0.3244,확장(Risk-On),1.0,0.5,241.65
2016-12-15,0.8159,0.8865,-0.4358,-0.8735,0.2672,확장(Risk-On),1.0,0.5,241.5
2016-12-16,0.6914,0.9667,-0.3272,-0.7544,0.2887,확장(Risk-On),1.0,0.5,241.65
2016-12-19,0.7052,1.0446,-0.3482,-0.7295,0.3115,확장(Risk-On),1.0,0.5,242.15
2016-12-20,0.7727,1.1283,-0.2281,-0.7186,0.3877,확장(Risk-On),1.0,0.5,242.5
2016-12-21,0.7637,1.2014,-0.1216,-0.6082,0.446,확장(Risk-On),1.0,0.5,242.35
2016-12-22,0.674,1.2222,-0.1217,-0.6292,0.4167,확장(Risk-On),1.0,0.5,242.25
2016-12-23,0.7152,1.2198,-0.1499,-0.6578,0.4191,확장(Risk-On),1.0,0.5,241.75
2016-12-26,0.7049,1.2777,-0.1422,-0.6534,0.4326,확장(Risk-On),1.0,0.5,242.05
2016-12-27,0.767,1.1296,-0.1974,-0.6294,0.4071,확장(Risk-On),1.0,0.5,242.65
2016-12-28,0.8944,0.9649,-0.3878,-0.6097,0.3659,확장(Risk-On),1.0,0.5,243.55
2016-12-29,0.8931,0.7134,-0.3695,-0.628,0.3044,확장(Risk-On),1.0,0.5,243.2
2017-01-03,0.8457,0.912,-0.1173,-0.6074,0.4036,확장(Risk-On),1.0,1.0,246.35
2017-01-04,0.7009,1.0195,-0.0983,-0.6407,0.3795,확장(Risk-On),1.0,1.0,246.55
2017-01-05,0.6443,0.9761,0.0467,-0.6169,0.3887,확장(Risk-On),1.0,1.0,245.8
2017-01-06,0.7564,1.2541,0.0807,-0.6117,0.5067,확장(Risk-On),1.0,1.0,246.8
2017-01-09,0.7374,1.1839,0.1291,-0.6807,0.4842,확장(Risk-On),1.0,1.0,247.2
2017-01-10,0.8126,1.1367,0.1227,-0.6272,0.5052,확장(Risk-On),1.0,1.0,247.15
2017-01-11,1.1356,1.3154,0.1411,-0.6447,0.6649,확장(Risk-On),1.0,1.0,252.2
2017-01-12,1.1119,1.1562,0.4709,-0.5778,0.7093,확장(Risk-On),1.0,1.0,252.25
2017-01-13,1.1253,1.3251,0.5102,-0.6053,0.7619,확장(Risk-On),1.0,1.0,251.8
2017-01-16,0.9936,1.2679,0.4184,-0.6453,0.6725,확장(Risk-On),1.0,1.0,250.55
2017-01-17,1.1647,1.184,0.5433,-0.6245,0.7458,확장(Risk-On),1.0,1.0,251.55
2017-01-18,1.1259,1.0241,0.4155,-0.6185,0.6612,확장(Risk-On),1.0,1.0,251.1
2017-01-19,1.1641,0.9976,0.2395,-0.7323,0.6068,확장(Risk-On),1.0,1.0,251.3
2017-01-20,1.2537,1.5142,0.5848,-0.6028,0.8732,확장(Risk-On),1.0,1.0,250.7
2017-01-23,1.3286,1.4366,0.5689,-0.7514,0.8537,확장(Risk-On),1.0,1.0,250.3
2017-01-24,1.6535,1.6796,0.6427,-0.649,1.0619,확장(Risk-On),1.0,1.0,251.15
2017-01-25,1.5277,1.7347,0.9186,-0.8721,1.0672,확장(Risk-On),1.0,1.0,251.4
2017-01-26,1.9387,1.8423,0.9709,-1.1399,1.2109,확장(Risk-On),1.0,1.0,254.15
2017-01-31,1.5412,1.1039,1.0303,-1.0008,0.9228,확장(Risk-On),1.0,1.0,252.35
2017-02-01,1.6557,1.2474,1.0852,-0.8812,1.0304,확장(Risk-On),1.0,1.0,253.35
2017-02-02,1.5235,1.0668,0.9862,-0.9017,0.9112,확장(Risk-On),1.0,1.0,252.35
2017-02-03,1.5979,1.2736,0.9236,-0.9354,0.9683,확장(Risk-On),1.0,1.0,252.95
2017-02-06,1.1653,1.1508,0.7981,-1.0327,0.7402,확장(Risk-On),1.0,1.0,253.2
2017-02-07,1.0709,1.1193,0.7135,-0.9608,0.6889,확장(Risk-On),1.0,1.0,252.5
2017-02-08,0.9941,1.0417,0.6328,-0.765,0.6518,확장(Risk-On),1.0,1.0,251.4
2017-02-09,1.1002,1.2838,0.5939,-0.9087,0.7182,확장(Risk-On),1.0,1.0,251.65
2017-02-10,1.0919,1.3405,0.5242,-0.7976,0.7287,확장(Risk-On),1.0,1.0,251.9
2017-02-13,1.11,1.1102,0.517,-0.9882,0.6471,확장(Risk-On),1.0,1.0,252.0
2017-02-14,0.9909,1.1161,0.5016,-0.8849,0.6185,확장(Risk-On),1.0,1.0,251.15
2017-02-15,1.0915,1.0332,0.4778,-1.0571,0.6012,확장(Risk-On),1.0,1.0,252.05
2017-02-16,1.187,0.844,0.3853,-1.097,0.5582,확장(Risk-On),1.0,1.0,251.9
2017-02-17,1.1655,0.8584,0.2602,-1.0074,0.5365,확장(Risk-On),1.0,1.0,252.15
2017-02-20,1.1546,0.7664,0.2256,-1.1624,0.4778,확장(Risk-On),1.0,1.0,252.9
2017-02-21,1.3984,0.8545,0.311,-1.2025,0.6004,확장(Risk-On),1.0,1.0,255.4
2017-02-22,1.3193,1.061,0.3081,-1.4168,0.5915,확장(Risk-On),1.0,1.0,255.8
2017-02-23,1.3347,1.0808,0.2963,-1.2572,0.6228,확장(Risk-On),1.0,1.0,256.15
2017-02-24,1.1035,1.0366,-0.0368,-1.0372,0.4806,확장(Risk-On),1.0,1.0,253.7
2017-02-27,0.9712,0.6342,0.1761,-1.0515,0.3848,확장(Risk-On),1.0,1.0,252.65
2017-02-28,0.9437,0.4562,0.2007,-1.0499,0.337,확장(Risk-On),1.0,1.0,252.9
2017-03-02,1.2189,0.8832,0.2448,-1.233,0.5237,확장(Risk-On),1.0,1.0,255.85
2017-03-03,0.8698,1.1049,0.0491,-1.4698,0.3724,확장(Risk-On),1.0,1.0,252.8
2017-03-06,0.9994,1.0028,0.2436,-1.5725,0.4255,확장(Risk-On),1.0,1.0,253.4
2017-03-07,1.1348,1.1024,0.369,-1.9057,0.4792,확장(Risk-On),1.0,1.0,254.8
2017-03-08,1.1849,0.9787,0.4304,-1.5478,0.5348,확장(Risk-On),1.0,1.0,255.35
2017-03-09,1.076,0.8494,0.4921,-1.8358,0.4366,확장(Risk-On),1.0,1.0,254.3
2017-03-10,1.2426,1.2317,0.5816,-1.7375,0.6276,확장(Risk-On),1.0,1.0,255.2
2017-03-13,1.4316,1.2726,0.5713,-1.5703,0.7265,확장(Risk-On),1.0,1.0,258.4
2017-03-14,1.6993,1.0481,0.7431,-1.5688,0.8072,확장(Risk-On),1.0,1.0,260.65
2017-03-15,1.7519,1.1254,0.6012,-1.2959,0.8504,확장(Risk-On),1.0,1.0,261.25
2017-03-16,1.9062,1.2286,0.6207,-0.7776,1.0129,확장(Risk-On),1.0,1.0,262.95
2017-03-17,1.7295,1.1772,0.8094,-0.7522,0.9891,확장(Risk-On),1.0,1.0,264.1
2017-03-20,1.6962,1.0923,0.9124,-0.655,0.9966,확장(Risk-On),1.0,1.0,264.15
2017-03-21,2.0198,0.9456,0.9544,-0.6612,1.0827,확장(Risk-On),1.0,1.0,266.7
2017-03-22,2.0812,0.6864,0.8569,-0.6524,1.0164,확장(Risk-On),1.0,1.0,265.2
2017-03-23,2.1751,0.8886,0.667,-0.6182,1.0575,확장(Risk-On),1.0,1.0,265.85
2017-03-24,2.1172,0.8825,0.7993,-0.7888,1.0431,확장(Risk-On),1.0,1.0,265.5
2017-03-27,1.4737,0.6034,0.8396,-0.642,0.7802,확장(Risk-On),1.0,1.0,263.4
2017-03-28,1.7644,0.8672,0.6999,-0.6642,0.9097,확장(Risk-On),1.0,1.0,264.2
2017-03-29,1.84,0.9385,0.6624,-0.6632,0.9448,확장(Risk-On),1.0,1.0,264.85
2017-03-30,1.7836,0.8974,0.8107,-0.7176,0.9437,확장(Risk-On),1.0,1.0,264.8
2017-03-31,1.5825,0.8351,0.7724,-0.8324,0.8309,확장(Risk-On),1.0,1.0,264.35
2017-04-03,1.6693,0.8072,0.577,-0.3031,0.8848,확장(Risk-On),1.0,1.0,264.65
2017-04-04,1.572,0.8836,0.4139,-0.247,0.8375,확장(Risk-On),1.0,1.0,264.1
2017-04-05,1.6076,0.5105,0.2732,-0.0206,0.7555,확장(Risk-On),1.0,1.0,263.6
2017-04-06,1.3785,0.6264,0.1627,-0.1616,0.6555,확장(Risk-On),1.0,1.0,262.65
2017-04-07,1.1273,0.4256,0.1287,-0.043,0.5267,확장(Risk-On),1.0,1.0,262.0
2017-04-10,0.7059,0.126,0.0007,-0.458,0.21,확장(Risk-On),1.0,1.0,260.4
2017-04-11,0.4382,-0.1017,-0.2789,-0.1446,0.0365,중립(Neutral),0.5,1.0,258.65
2017-04-12,0.5053,-0.2416,-0.2235,-0.0933,0.0466,중립(Neutral),0.5,1.0,259.7
2017-04-13,0.7379,-0.0234,-0.1724,-0.0091,0.208,확장(Risk-On),1.0,1.0,261.9
2017-04-14,0.4517,-0.1005,-0.2707,-0.1614,0.0411,중립(Neutral),0.5,1.0,260.45
2017-04-17,0.7473,0.2491,-0.0159,0.0817,0.3321,확장(Risk-On),1.0,1.0,261.4
2017-04-18,0.7167,0.3207,0.0287,0.0987,0.353,확장(Risk-On),1.0,1.0,261.1
2017-04-19,0.534,0.129,0.0914,0.06,0.251,확장(Risk-On),1.0,1.0,259.6
2017-04-20,0.7811,0.1662,0.2494,0.0809,0.3894,확장(Risk-On),1.0,1.0,261.0
2017-04-21,0.9585,0.1525,0.2462,0.0414,0.4414,확장(Risk-On),1.0,1.0,263.45
2017-04-24,1.003,1.1055,0.4719,0.1305,0.765,확장(Risk-On),1.0,1.0,264.6
2017-04-25,1.3165,1.2598,0.751,0.1687,0.9888,확장(Risk-On),1.0,1.0,267.95
2017-04-26,1.4324,1.2418,0.6018,-0.0554,0.9539,확장(Risk-On),1.0,1.0,269.325
2017-04-27,1.5007,1.3152,0.664,-0.1263,1.0011,확장(Risk-On),1.0,1.0,270.1
2017-04-28,1.6831,1.3445,0.7405,-0.1273,1.0913,확장(Risk-On),1.0,1.0,270.55
2017-05-02,1.993,1.3297,0.8672,-0.0682,1.2366,확장(Risk-On),1.0,1.0,273.175
2017-05-04,2.194,1.5805,0.9957,0.0556,1.4203,확장(Risk-On),1.0,1.0,275.5
2017-05-08,2.3059,2.1149,1.1838,-0.2226,1.5984,확장(Risk-On),1.0,1.0,283.45
2017-05-10,1.9448,1.8084,1.1987,-0.4812,1.3603,확장(Risk-On),1.0,1.0,279.2
2017-05-11,2.1968,1.6661,1.2412,-0.6839,1.3931,확장(Risk-On),1.0,1.0,282.85
2017-05-12,2.1441,1.793,1.4431,-0.8377,1.4338,확장(Risk-On),1.0,1.0,281.4
2017-05-15,2.1554,1.7244,1.4199,-0.7031,1.435,확장(Risk-On),1.0,1.0,282.4
2017-05-16,2.0958,1.4848,1.3171,-0.6897,1.3306,확장(Risk-On),1.0,1.0,282.0
2017-05-17,2.114,0.3415,1.2759,-0.3927,1.0853,확장(Risk-On),1.0,1.0,282.25
2017-05-18,1.958,0.3587,1.2533,-0.2134,1.0563,확장(Risk-On),1.0,1.0,281.4
2017-05-19,1.7486,0.7576,1.2024,-0.2729,1.0611,확장(Risk-On),1.0,1.0,281.0
2017-05-22,1.8876,1.0253,1.1856,-0.5173,1.1358,확장(Risk-On),1.0,1.0,283.35
2017-05-23,1.9009,0.9715,1.0672,-0.3476,1.1229,확장(Risk-On),1.0,1.0,283.8
2017-05-24,1.9445,1.1197,1.1,-0.4064,1.1745,확장(Risk-On),1.0,1.0,284.65
2017-05-25,2.1266,1.3077,1.1783,-0.2275,1.3317,확장(Risk-On),1.0,1.0,288.25
2017-05-26,2.0926,1.3472,0.9327,-0.1373,1.2818,확장(Risk-On),1.0,1.0,289.425
2017-05-29,1.905,1.3125,0.8089,-0.1502,1.1746,확장(Risk-On),1.0,1.0,289.55
2017-05-30,1.6704,1.0416,0.7405,-0.0956,1.0158,확장(Risk-On),1.0,1.0,287.1
2017-05-31,1.7244,1.1339,0.8566,-0.0487,1.0939,확장(Risk-On),1.0,1.0,287.825
2017-06-01,1.2908,1.1538,0.7716,-0.1765,0.9066,확장(Risk-On),1.0,1.0,286.9
2017-06-02,1.4456,1.1886,0.8305,-0.1105,0.9942,확장(Risk-On),1.0,1.0,289.875
2017-06-05,1.5409,1.2471,0.7827,0.01,1.0483,확장(Risk-On),1.0,1.0,290.35
2017-06-07,1.412,1.0428,0.807,0.0529,0.9646,확장(Risk-On),1.0,1.0,288.15
2017-06-08,1.557,1.1355,0.8625,0.0996,1.0594,확장(Risk-On),1.0,1.0,290.1
2017-06-09,1.7015,1.4562,0.9948,0.041,1.2144,확장(Risk-On),1.0,1.0,292.0
2017-06-12,1.4163,1.0786,0.9316,-0.0563,0.9898,확장(Risk-On),1.0,1.0,288.75
2017-06-13,1.559,1.2857,1.0929,-0.0342,1.1352,확장(Risk-On),1.0,1.0,290.375
2017-06-14,1.5578,1.1618,1.3611,0.0373,1.1815,확장(Risk-On),1.0,1.0,290.325
2017-06-15,1.3665,0.9604,1.0872,0.1973,1.0198,확장(Risk-On),1.0,1.0,289.1
2017-06-16,1.3891,1.0559,1.1969,0.1275,1.0685,확장(Risk-On),1.0,1.0,289.425
2017-06-19,1.3898,1.0306,1.3487,0.147,1.1033,확장(Risk-On),1.0,1.0,291.25
2017-06-20,1.4483,1.0796,1.4496,0.1154,1.1565,확장(Risk-On),1.0,1.0,292.225
2017-06-21,1.2477,0.9808,1.3143,0.1534,1.0335,확장(Risk-On),1.0,1.0,289.875
2017-06-22,1.4352,1.1121,1.2467,0.1206,1.1101,확장(Risk-On),1.0,1.0,292.0
2017-06-23,1.6376,1.2385,1.4266,0.1715,1.2651,확장(Risk-On),1.0,1.0,292.7
2017-06-26,1.6805,1.2205,1.4065,0.1498,1.2674,확장(Risk-On),1.0,1.0,294.225
2017-06-27,1.617,1.044,1.4662,0.1366,1.214,확장(Risk-On),1.0,1.0,294.475
2017-06-28,1.5696,1.4063,1.5023,-0.0828,1.2641,확장(Risk-On),1.0,1.0,293.7
2017-06-29,1.6203,1.2468,1.4357,-0.0064,1.2368,확장(Risk-On),1.0,1.0,295.8
2017-06-30,1.4711,1.174,1.4776,-0.3122,1.131,확장(Risk-On),1.0,1.0,293.975
2017-07-03,1.6433,1.1576,1.2673,-0.3356,1.1311,확장(Risk-On),1.0,1.0,295.4
2017-07-04,1.3459,1.1015,1.002,-0.5896,0.9085,확장(Risk-On),1.0,1.0,293.1
2017-07-05,1.4639,1.1841,1.0756,-0.3964,1.0179,확장(Risk-On),1.0,1.0,293.875
2017-07-06,1.6146,0.8413,1.0872,-0.5287,0.9679,확장(Risk-On),1.0,1.0,294.55
2017-07-07,1.4056,1.0575,1.1439,-0.5857,0.9545,확장(Risk-On),1.0,1.0,293.7
2017-07-10,1.4478,1.0821,1.1105,-0.5577,0.9712,확장(Risk-On),1.0,1.0,294.25
2017-07-11,1.5752,1.0322,1.0645,-0.5058,0.9996,확장(Risk-On),1.0,1.0,296.15
2017-07-12,1.5571,1.1255,1.0677,-0.4552,1.025,확장(Risk-On),1.0,1.0,296.05
2017-07-13,1.7312,1.273,1.0505,-0.4708,1.1162,확장(Risk-On),1.0,1.0,300.0
2017-07-14,1.6335,1.3398,1.1327,-0.5407,1.1087,확장(Risk-On),1.0,1.0,300.15
2017-07-17,1.8944,1.1027,1.0469,-0.6384,1.1047,확장(Risk-On),1.0,1.0,300.95
2017-07-18,1.9094,1.0817,1.1958,-0.5542,1.1545,확장(Risk-On),1.0,1.0,301.5
2017-07-19,2.1283,1.2006,1.3122,-0.6193,1.2802,확장(Risk-On),1.0,1.0,302.15
2017-07-20,1.9776,1.2009,1.3222,-0.411,1.2613,확장(Risk-On),1.0,1.0,303.05
2017-07-21,2.1266,1.2685,1.3291,-0.1206,1.3756,확장(Risk-On),1.0,1.0,304.55
2017-07-24,2.0994,1.3037,1.2513,0.1462,1.3954,확장(Risk-On),1.0,1.0,304.7
2017-07-25,2.0538,1.2718,1.1811,0.286,1.3749,확장(Risk-On),1.0,1.0,303.1
2017-07-26,1.978,1.362,1.1493,0.1508,1.3427,확장(Risk-On),1.0,1.0,302.4
2017-07-27,1.9598,1.3808,1.2508,0.2216,1.3771,확장(Risk-On),1.0,1.0,303.3
2017-07-28,1.1413,0.9886,0.8176,0.259,0.8899,확장(Risk-On),1.0,1.0,296.0
2017-07-31,1.1773,0.9479,0.816,0.1909,0.8817,확장(Risk-On),1.0,1.0,297.0
2017-08-01,1.4305,1.1391,0.9371,0.1452,1.0415,확장(Risk-On),1.0,1.0,300.0
2017-08-02,1.4841,1.0288,1.0295,0.1113,1.0507,확장(Risk-On),1.0,1.0,300.6
2017-08-03,0.9575,0.7621,0.6382,-0.0513,0.6775,확장(Risk-On),1.0,1.0,295.1
2017-08-04,0.9731,0.7861,0.6688,-0.067,0.6942,확장(Risk-On),1.0,1.0,296.3
2017-08-07,0.7258,0.7229,0.6947,-0.1358,0.5881,확장(Risk-On),1.0,1.0,296.35
2017-08-08,0.7011,0.584,0.6859,-0.161,0.5387,확장(Risk-On),1.0,1.0,296.3
2017-08-09,0.3586,0.5493,0.3325,-0.5001,0.271,확장(Risk-On),1.0,1.0,292.1
2017-08-10,0.2108,-0.1943,0.2532,-0.4528,0.0206,중립(Neutral),0.5,1.0,290.7
2017-08-11,-0.1686,-0.3311,0.109,-0.262,-0.1538,중립(Neutral),0.5,1.0,284.95
2017-08-14,0.0058,0.2869,0.246,-0.4588,0.0664,중립(Neutral),0.5,1.0,288.05
2017-08-16,-0.0198,0.6197,0.3177,-0.8782,0.0957,중립(Neutral),0.5,1.0,289.7
2017-08-17,0.076,0.0633,0.2797,-0.8593,-0.0165,중립(Neutral),0.5,1.0,291.3
2017-08-18,-0.0396,0.1484,0.1804,-0.6594,-0.0306,중립(Neutral),0.5,1.0,288.1
2017-08-19,0.1887,0.2404,0.2361,-0.6594,0.0863,중립(Neutral),0.5,1.0,290.75
2017-08-21,0.3286,0.3903,0.2915,-0.8514,0.1578,중립(Neutral),0.5,1.0,290.55
2017-08-22,0.3598,0.6878,0.121,-0.7152,0.2208,확장(Risk-On),1.0,1.0,291.0
2017-08-23,0.5886,0.7263,0.5069,-0.4408,0.4482,확장(Risk-On),1.0,1.0,294.1
2017-08-24,0.3329,0.5999,0.4974,-0.4682,0.3206,확장(Risk-On),1.0,1.0,291.85
2017-08-25,0.4465,0.6648,0.6334,-0.0182,0.4781,확장(Risk-On),1.0,1.0,294.05
2017-08-26,0.6581,0.6189,0.5773,0.106,0.5453,확장(Risk-On),1.0,1.0,293.85
2017-08-28,0.4478,0.6297,0.7195,-0.0012,0.4938,확장(Risk-On),1.0,1.0,291.65
2017-08-29,0.4304,0.6278,0.6807,-0.0945,0.4636,확장(Risk-On),1.0,1.0,292.05
2017-08-30,0.4483,0.691,0.4264,-0.0798,0.4243,확장(Risk-On),1.0,1.0,291.65
2017-08-31,0.6245,1.1407,0.3468,-0.0798,0.5785,확장(Risk-On),1.0,1.0,292.2
2017-09-01,0.5624,1.1492,0.2175,-0.1144,0.5213,확장(Risk-On),1.0,1.0,290.75
2017-09-02,0.7373,1.1626,0.2331,-0.1419,0.5857,확장(Risk-On),1.0,1.0,290.55
2017-09-04,0.3879,0.7369,0.0652,-0.3364,0.2858,확장(Risk-On),1.0,1.0,286.95
2017-09-05,0.4178,0.4249,-0.0814,-0.3136,0.1851,중립(Neutral),0.5,1.0,287.6
2017-09-06,0.2561,0.6179,-0.0588,-0.1803,0.2024,확장(Risk-On),1.0,1.0,285.75
2017-09-07,0.2224,0.4941,-0.0777,-0.0837,0.1694,중립(Neutral),0.5,1.0,286.75
2017-09-08,0.5534,0.4165,0.0166,-0.1144,0.2848,확장(Risk-On),1.0,1.0,289.65
2017-09-09,0.4591,0.3719,0.0865,-0.0959,0.2609,확장(Risk-On),1.0,1.0,289.5
2017-09-11,0.6407,0.4096,0.1318,-0.0411,0.3534,확장(Risk-On),1.0,1.0,292.7
2017-09-12,0.701,0.527,0.1611,-0.0464,0.4104,확장(Risk-On),1.0,1.0,294.0
2017-09-13,0.5089,0.4588,0.034,-0.036,0.2959,확장(Risk-On),1.0,1.0,292.8
2017-09-14,0.5607,0.365,-0.0861,0.0814,0.2782,확장(Risk-On),1.0,1.0,292.1
2017-09-15,0.6046,0.4647,0.0149,0.0801,0.3435,확장(Risk-On),1.0,1.0,294.2
2017-09-16,0.7371,0.479,-0.0449,0.0,0.3665,확장(Risk-On),1.0,1.0,296.05
2017-09-18,1.0433,0.6106,0.0277,0.0,0.5247,확장(Risk-On),1.0,1.0,301.25
2017-09-19,0.9379,0.5913,0.005,-0.0715,0.4666,확장(Risk-On),1.0,1.0,300.7
2017-09-20,0.9271,0.676,0.031,-0.2268,0.4672,확장(Risk-On),1.0,1.0,300.35
2017-09-21,0.9245,0.6482,-0.0136,-0.0698,0.4718,확장(Risk-On),1.0,1.0,300.6
2017-09-22,0.7949,0.6338,-0.1604,0.1049,0.4123,확장(Risk-On),1.0,1.0,298.45
2017-09-25,0.7293,0.4542,-0.4072,0.1993,0.2969,확장(Risk-On),1.0,1.0,298.35
2017-09-26,0.6972,0.6884,-0.5194,0.1073,0.3024,확장(Risk-On),1.0,1.0,296.35
2017-09-27,0.6257,0.8281,-0.4879,-0.4146,0.2419,확장(Risk-On),1.0,1.0,295.95
2017-09-28,0.7072,0.8169,-0.4274,-0.4809,0.2728,확장(Risk-On),1.0,1.0,296.15
2017-09-29,0.807,0.8943,-0.3686,-0.6025,0.3235,확장(Risk-On),1.0,1.0,298.6
2017-10-10,1.1708,1.0269,0.0183,-1.348,0.4688,확장(Risk-On),1.0,1.0,304.7
2017-10-11,1.3282,1.1156,0.1422,-1.4003,0.5693,확장(Risk-On),1.0,1.0,307.8
2017-10-12,1.2737,1.0317,0.4765,-0.909,0.6865,확장(Risk-On),1.0,1.0,309.125
2017-10-13,1.3725,1.1746,0.658,-0.927,0.7995,확장(Risk-On),1.0,1.0,310.325
2017-10-16,1.5877,1.3492,0.7598,-1.1207,0.9148,확장(Risk-On),1.0,1.0,310.05
2017-10-17,1.7649,1.1926,0.5969,-1.1566,0.8916,확장(Risk-On),1.0,1.0,310.35
2017-10-18,1.8687,1.2885,0.6132,-1.0088,0.9781,확장(Risk-On),1.0,1.0,310.4
2017-10-19,1.7226,1.2244,0.67,-1.398,0.8668,확장(Risk-On),1.0,1.0,308.65
2017-10-20,1.8963,1.3091,0.6101,-1.42,0.9305,확장(Risk-On),1.0,1.0,310.8
2017-10-23,2.0117,1.0251,0.6448,-1.2597,0.9326,확장(Risk-On),1.0,1.0,311.6
2017-10-24,1.8184,0.9872,0.6606,-1.12,0.8804,확장(Risk-On),1.0,1.0,311.1
2017-10-25,1.9158,1.0956,0.6701,-1.5299,0.8825,확장(Risk-On),1.0,1.0,311.3
2017-10-26,1.5358,1.0653,0.5407,-1.8441,0.6624,확장(Risk-On),1.0,1.0,308.65
2017-10-27,1.7591,1.4229,0.3553,-1.8109,0.7886,확장(Risk-On),1.0,1.0,311.4
2017-10-30,1.8587,1.3736,0.2704,-1.6825,0.8092,확장(Risk-On),1.0,1.0,312.0
2017-10-31,2.0255,1.468,0.5031,-2.0372,0.8961,확장(Risk-On),1.0,1.0,315.6
2017-11-01,2.3349,1.5657,0.6075,-1.8289,1.0862,확장(Risk-On),1.0,1.0,321.1
2017-11-02,2.1979,1.5942,0.6191,-1.2006,1.1425,확장(Risk-On),1.0,1.0,319.6
2017-11-03,2.0413,1.7561,0.6011,-1.2609,1.1146,확장(Risk-On),1.0,1.0,320.75
2017-11-06,1.7471,1.6551,0.7036,-1.5451,0.9694,확장(Risk-On),1.0,1.0,318.7
2017-11-07,1.6786,1.5324,0.68,-1.443,0.9242,확장(Risk-On),1.0,1.0,318.3
2017-11-08,1.7853,1.6048,0.7285,-1.2983,1.0134,확장(Risk-On),1.0,1.0,319.8
2017-11-09,1.6473,1.4891,0.6342,-1.2512,0.9197,확장(Risk-On),1.0,1.0,318.2
2017-11-10,1.6443,1.2707,0.754,-1.4592,0.8628,확장(Risk-On),1.0,1.0,317.45
2017-11-13,1.6239,1.1639,0.7768,-1.1562,0.8801,확장(Risk-On),1.0,1.0,316.1
2017-11-14,1.6008,1.1407,0.7744,-1.2678,0.8489,확장(Risk-On),1.0,1.0,315.85
2017-11-15,1.4416,0.9747,0.9682,-0.915,0.853,확장(Risk-On),1.0,1.0,313.7
2017-11-16,1.5918,1.3193,1.0584,-0.9188,1.0138,확장(Risk-On),1.0,1.0,315.85
2017-11-17,1.5683,1.4061,1.0498,-0.7289,1.0535,확장(Risk-On),1.0,1.0,315.45
2017-11-20,1.5081,1.3506,0.8917,-0.4408,1.0223,확장(Risk-On),1.0,1.0,314.0
2017-11-21,1.5049,1.5996,1.0524,-0.4021,1.1294,확장(Risk-On),1.0,1.0,315.4
2017-11-22,1.565,1.668,1.1983,-0.416,1.2019,확장(Risk-On),1.0,1.0,317.1
2017-11-23,1.4421,1.5896,0.9668,-0.3697,1.0884,확장(Risk-On),1.0,1.0,316.0
2017-11-24,1.389,1.6633,1.1252,-0.4595,1.1144,확장(Risk-On),1.0,1.0,316.8
2017-11-27,0.6693,1.1282,0.6365,-0.4219,0.6121,확장(Risk-On),1.0,1.0,310.45
2017-11-28,0.709,1.0092,0.7423,-0.3155,0.6387,확장(Risk-On),1.0,1.0,312.25
2017-11-29,0.7117,0.853,0.7054,-0.3331,0.5887,확장(Risk-On),1.0,1.0,312.15
2017-11-30,0.2582,0.6512,0.6287,-0.3265,0.3614,확장(Risk-On),1.0,1.0,306.8
2017-12-01,0.2545,0.6718,0.7102,-0.3859,0.3767,확장(Risk-On),1.0,1.0,306.3
2017-12-04,0.4706,0.9279,0.9612,-0.3774,0.5804,확장(Risk-On),1.0,1.0,309.55
2017-12-05,0.6457,1.0813,1.0586,-0.4641,0.6914,확장(Risk-On),1.0,1.0,311.15
2017-12-06,0.2709,0.9283,0.8254,-0.4024,0.4729,확장(Risk-On),1.0,1.0,306.2
2017-12-07,0.2538,1.1451,0.9916,-0.3641,0.5684,확장(Risk-On),1.0,1.0,305.25
2017-12-08,0.3433,1.4689,0.7993,-0.3641,0.6326,확장(Risk-On),1.0,1.0,305.9
2017-12-11,0.3815,1.2813,0.9313,-0.4118,0.6249,확장(Risk-On),1.0,1.0,306.05
2017-12-12,0.2884,1.0697,0.7928,-0.3376,0.5159,확장(Risk-On),1.0,1.0,305.0
2017-12-13,0.4361,0.9459,0.8393,-0.2903,0.5554,확장(Risk-On),1.0,1.0,307.4
2017-12-14,0.5549,0.7532,0.9191,-0.2958,0.5679,확장(Risk-On),1.0,1.0,308.5
2017-12-15,0.3873,0.9584,0.9641,-0.2522,0.5784,확장(Risk-On),1.0,1.0,307.1
2017-12-18,0.475,0.9417,1.0617,-0.267,0.6271,확장(Risk-On),1.0,1.0,308.35
2017-12-19,0.4539,0.5806,0.7787,-0.2696,0.4583,확장(Risk-On),1.0,1.0,308.05
2017-12-20,0.4274,0.653,0.7838,-0.3045,0.4631,확장(Risk-On),1.0,1.0,307.75
2017-12-21,0.1775,0.6451,0.6081,-0.2257,0.3415,확장(Risk-On),1.0,1.0,301.05
2017-12-22,0.1111,0.6989,0.5516,-0.4134,0.2895,확장(Risk-On),1.0,1.0,302.7
2017-12-26,0.1338,0.6794,0.5421,-0.4224,0.2889,확장(Risk-On),1.0,1.0,301.65
2017-12-27,0.3247,0.744,0.6774,-0.5434,0.3875,확장(Risk-On),1.0,1.0,305.4
2017-12-28,0.5401,0.8542,0.8018,-0.2795,0.5611,확장(Risk-On),1.0,1.0,309.5
2018-01-02,0.5879,0.6417,0.9126,-0.4526,0.5265,확장(Risk-On),1.0,1.0,310.7
2018-01-03,0.7232,0.7754,0.8686,-0.5227,0.5857,확장(Risk-On),1.0,1.0,311.9
2018-01-04,0.4925,0.7746,0.773,-0.7157,0.4519,확장(Risk-On),1.0,1.0,309.2
2018-01-05,0.6763,0.6905,0.825,-0.7102,0.509,확장(Risk-On),1.0,1.0,312.925
2018-01-08,0.8658,0.7632,0.9352,-1.0757,0.5663,확장(Risk-On),1.0,1.0,315.45
2018-01-09,0.7409,0.7282,0.8812,-1.3423,0.4604,확장(Risk-On),1.0,1.0,314.65
2018-01-10,0.5945,0.7328,0.817,-1.9349,0.3053,확장(Risk-On),1.0,1.0,312.05
2018-01-11,0.5385,0.4241,0.6698,-1.6763,0.2105,확장(Risk-On),1.0,1.0,310.7
2018-01-12,0.5703,0.3724,0.5673,-1.8306,0.1599,중립(Neutral),0.5,1.0,310.85
2018-01-15,0.4941,0.5513,0.6382,-1.9343,0.1801,중립(Neutral),0.5,1.0,311.5
2018-01-16,0.5915,0.2037,0.7743,-1.6071,0.2105,확장(Risk-On),1.0,1.0,314.7
2018-01-17,0.7885,0.168,0.7899,-1.5,0.2905,확장(Risk-On),1.0,1.0,313.75
2018-01-18,0.699,0.0944,0.8452,-1.3325,0.2797,확장(Risk-On),1.0,1.0,313.6
2018-01-19,0.7231,0.3969,0.8072,-1.4805,0.332,확장(Risk-On),1.0,1.0,313.85
2018-01-22,0.484,0.3633,0.7768,-1.6048,0.2137,확장(Risk-On),1.0,1.0,310.6
2018-01-23,0.5879,0.568,0.8103,-1.6092,0.309,확장(Risk-On),1.0,1.0,315.2
2018-01-24,0.6576,0.4515,0.9544,-1.5522,0.3488,확장(Risk-On),1.0,1.0,315.85
2018-01-25,0.8378,0.3001,1.1464,-1.5249,0.4261,확장(Risk-On),1.0,1.0,318.55
2018-01-26,0.9115,0.5198,0.9172,-1.6954,0.424,확장(Risk-On),1.0,1.0,320.1
2018-01-29,1.1098,0.1311,0.7279,-1.9666,0.3082,확장(Risk-On),1.0,1.0,322.7
2018-01-30,0.7564,-0.0555,0.6787,-2.2508,0.0829,중립(Neutral),0.5,1.0,318.25
2018-01-31,0.7408,0.2428,0.6961,-1.8657,0.2142,확장(Risk-On),1.0,1.0,318.6
2018-02-01,0.6049,0.2653,0.6083,-1.6525,0.1822,중립(Neutral),0.5,1.0,317.6
2018-02-02,0.2677,-0.4125,0.3074,-1.3453,-0.1344,중립(Neutral),0.5,1.0,311.5
2018-02-05,0.1605,-1.1473,0.0188,-1.7555,-0.4893,수축(Risk-Off),0.0,1.0,307.45
2018-02-06,-0.1866,-0.8876,0.0555,-1.3832,-0.4808,수축(Risk-Off),0.0,1.0,301.85
2018-02-07,-0.5737,-0.8467,0.0633,-0.8028,-0.5171,수축(Risk-Off),0.0,1.0,293.7
2018-02-08,-0.4584,-0.9669,-0.0895,-1.1102,-0.5911,수축(Risk-Off),0.0,1.0,296.7
2018-02-09,-0.898,-0.7659,-0.2025,-1.2036,-0.7369,수축(Risk-Off),0.0,1.0,289.05
2018-02-12,-0.6753,-0.3889,-0.0717,-1.4588,-0.5703,수축(Risk-Off),0.0,1.0,292.3
2018-02-13,-0.5195,-0.3643,0.0117,-1.2207,-0.4531,수축(Risk-Off),0.0,1.0,295.6
2018-02-14,-0.3056,-0.0182,0.0611,-1.0607,-0.2553,수축(Risk-Off),0.0,1.0,298.5
2018-02-19,-0.4427,0.1149,0.3418,-1.0636,-0.2003,수축(Risk-Off),0.0,1.0,300.45
2018-02-20,-0.6035,-0.0103,0.199,-1.1297,-0.3335,수축(Risk-Off),0.0,1.0,296.2
2018-02-21,-0.4897,0.1124,0.1129,-0.783,-0.2325,수축(Risk-Off),0.0,1.0,298.25
2018-02-22,-0.7248,0.2557,0.1204,-0.7059,-0.2655,수축(Risk-Off),0.0,1.0,296.05
2018-02-23,-0.3793,0.4317,0.1945,-0.7538,-0.0893,중립(Neutral),0.5,1.0,300.85
2018-02-26,-0.3261,0.5426,0.2071,-0.6026,-0.0171,중립(Neutral),0.5,1.0,301.3
2018-02-27,-0.2607,0.2736,0.1419,-0.5703,-0.0729,중립(Neutral),0.5,1.0,299.95
2018-02-28,-0.4261,0.5806,-0.0137,-0.5823,-0.0948,중립(Neutral),0.5,1.0,296.65
2018-03-02,-0.3517,0.197,-0.0752,-0.3675,-0.1478,중립(Neutral),0.5,0.5,292.65
2018-03-05,-0.4536,0.2921,0.041,-0.4717,-0.1462,중립(Neutral),0.5,0.5,288.1
2018-03-06,0.0251,0.4454,0.2382,-0.5051,0.1039,중립(Neutral),0.5,0.5,294.15
2018-03-07,0.1428,0.3816,0.2461,-0.4278,0.1427,중립(Neutral),0.5,0.5,294.7
2018-03-08,0.1564,0.4284,0.1188,-0.4421,0.1252,중립(Neutral),0.5,0.5,297.6
2018-03-09,0.2302,0.5407,0.1162,-0.4877,0.1716,중립(Neutral),0.5,0.5,301.05
2018-03-12,0.2224,0.5053,0.1545,-0.3582,0.1891,중립(Neutral),0.5,0.5,304.0
2018-03-13,0.2333,0.4043,0.1854,-0.3434,0.1776,중립(Neutral),0.5,0.5,305.7
2018-03-14,0.2292,0.2435,0.1732,-0.3132,0.1374,중립(Neutral),0.5,0.5,305.6
2018-03-15,0.2409,0.323,0.2434,-0.305,0.1802,중립(Neutral),0.5,0.5,306.9
2018-03-16,0.3005,0.3372,0.1149,-0.2417,0.1819,중립(Neutral),0.5,0.5,305.85
2018-03-19,0.2385,-0.0897,0.1422,-0.1922,0.0678,중립(Neutral),0.5,0.5,303.9
2018-03-20,0.1128,-0.0375,0.1874,-0.2046,0.0462,중립(Neutral),0.5,0.5,305.35
2018-03-21,0.1272,-0.1001,0.1089,-0.2291,0.0123,중립(Neutral),0.5,0.5,305.65
2018-03-22,0.0999,-0.372,0.062,-0.0632,-0.052,중립(Neutral),0.5,0.5,306.15
2018-03-23,-0.2865,-0.6758,-0.1243,-0.0446,-0.307,수축(Risk-Off),0.0,0.5,296.25
2018-03-26,-0.0605,-0.4298,-0.0378,-0.1514,-0.1608,중립(Neutral),0.5,0.5,298.55
2018-03-27,0.0434,-0.5421,-0.0995,-0.1163,-0.1627,중립(Neutral),0.5,0.5,299.2
2018-03-28,-0.1511,-0.6769,-0.0389,-0.0269,-0.2359,수축(Risk-Off),0.0,0.5,294.575
2018-03-29,0.1264,-0.4021,-0.0325,-0.0541,-0.0725,중립(Neutral),0.5,0.5,298.5
2018-03-30,-0.0547,-0.4806,-0.0192,-0.0507,-0.1517,중립(Neutral),0.5,0.5,298.6
2018-04-02,-0.1554,-0.7445,-0.0333,-0.0108,-0.2505,수축(Risk-Off),0.0,0.5,297.5
2018-04-03,-0.2634,-0.678,-0.0376,0.0054,-0.2703,수축(Risk-Off),0.0,0.5,297.0
2018-04-04,-0.4827,-0.6613,-0.231,0.0739,-0.3809,수축(Risk-Off),0.0,0.5,291.6
2018-04-05,-0.2885,-0.5082,-0.4601,0.059,-0.3342,수축(Risk-Off),0.0,0.5,297.0
2018-04-06,-0.4759,-0.8056,-0.4293,0.0391,-0.4694,수축(Risk-Off),0.0,0.5,294.9
2018-04-09,-0.4529,-0.9849,-0.2985,0.038,-0.4737,수축(Risk-Off),0.0,0.5,297.125
2018-04-10,-0.4441,-0.9304,-0.2604,0.0469,-0.4461,수축(Risk-Off),0.0,0.5,297.5
2018-04-11,-0.4855,-0.8472,-0.351,0.0434,-0.463,수축(Risk-Off),0.0,0.5,296.5
2018-04-12,-0.5144,-0.741,-0.3464,0.0533,-0.4439,수축(Risk-Off),0.0,0.5,295.8
2018-04-13,-0.387,-0.4849,-0.1713,-0.0116,-0.3012,수축(Risk-Off),0.0,0.5,298.5
2018-04-16,-0.4168,-0.2025,-0.0049,-0.0525,-0.2056,수축(Risk-Off),0.0,0.5,298.35
2018-04-17,-0.0951,0.111,-0.011,-0.0605,-0.0174,중립(Neutral),0.5,0.5,298.45
2018-04-18,0.0479,0.21,0.234,-0.1158,0.1104,중립(Neutral),0.5,0.5,301.65
2018-04-19,0.0389,0.1294,0.2947,-0.2105,0.0881,중립(Neutral),0.5,0.5,301.65
2018-04-20,0.0933,0.1929,0.294,-0.3634,0.0999,중립(Neutral),0.5,0.5,300.95
2018-04-23,0.1922,0.1184,0.1176,-0.8409,0.0002,중립(Neutral),0.5,0.5,301.15
2018-04-24,0.229,-0.0656,-0.0298,-0.8361,-0.0691,중립(Neutral),0.5,0.5,299.4
2018-04-25,0.1075,0.192,-0.1875,-1.0732,-0.1222,중립(Neutral),0.5,0.5,297.0
2018-04-26,0.3039,0.261,-0.2916,-0.8867,-0.0343,중립(Neutral),0.5,0.5,301.5
2018-04-27,0.3831,0.256,-0.2148,-0.7087,0.038,중립(Neutral),0.5,0.5,304.2
2018-04-30,0.384,0.2264,-0.2284,-0.87,0.0034,중립(Neutral),0.5,0.5,305.7
2018-05-02,0.3521,0.2936,-0.2185,-1.0212,-0.0112,중립(Neutral),0.5,0.5,303.8
2018-05-03,0.1672,0.2793,-0.218,-1.1809,-0.1033,중립(Neutral),0.5,0.5,302.05
2018-05-04,0.1443,0.3056,-0.3405,-1.3439,-0.1598,중립(Neutral),0.5,0.5,300.5
2018-05-08,-0.1065,0.3047,-0.4419,-1.4162,-0.284,수축(Risk-Off),0.0,0.5,298.1
2018-05-09,-0.0909,0.49,-0.2846,-1.4089,-0.1918,중립(Neutral),0.5,0.5,298.425
2018-05-10,-0.018,0.4455,-0.1596,-1.2396,-0.1208,중립(Neutral),0.5,0.5,299.9
2018-05-11,0.1097,0.7347,-0.0872,-1.2508,0.0127,중립(Neutral),0.5,0.5,301.7
2018-05-14,0.0296,0.7806,-0.0324,-1.1083,0.0312,중립(Neutral),0.5,0.5,300.9
2018-05-15,0.0104,0.4208,-0.3923,-1.2759,-0.1806,중립(Neutral),0.5,0.5,297.8
2018-05-16,0.0104,0.5327,-0.4184,-0.765,-0.0825,중립(Neutral),0.5,0.5,297.8
2018-05-17,0.0561,0.5835,-0.4298,-0.8604,-0.071,중립(Neutral),0.5,0.5,297.45
2018-05-18,0.0542,0.4006,-0.5749,-0.417,-0.0872,중립(Neutral),0.5,0.5,298.8
2018-05-21,-0.009,0.2756,-0.6551,-0.7423,-0.2094,수축(Risk-Off),0.0,0.5,299.15
2018-05-23,-0.0473,0.4119,-0.7203,-0.373,-0.1496,중립(Neutral),0.5,0.5,301.2
2018-05-24,-0.1846,0.336,-0.7819,-0.2083,-0.2073,수축(Risk-Off),0.0,0.5,300.6
2018-05-25,-0.171,0.2957,-0.6748,-0.2395,-0.1905,중립(Neutral),0.5,0.5,301.35
2018-05-28,0.0285,0.2871,-0.6347,-0.1916,-0.1057,중립(Neutral),0.5,0.5,302.275
2018-05-29,-0.0015,-0.3147,-0.8254,-0.0352,-0.2908,수축(Risk-Off),0.0,0.5,299.725
2018-05-30,-0.3933,-0.1705,-0.6666,0.0745,-0.3358,수축(Risk-Off),0.0,0.5,292.575
2018-05-31,-0.3661,-0.1697,-0.6768,-0.0127,-0.3416,수축(Risk-Off),0.0,0.5,292.95
2018-06-01,-0.2108,0.3056,-0.2695,0.026,-0.0609,중립(Neutral),0.5,0.0,295.45
2018-06-04,-0.2094,0.3315,-0.3476,0.059,-0.0685,중립(Neutral),0.5,0.0,297.2
2018-06-05,-0.007,0.3752,-0.4629,0.035,-0.0191,중립(Neutral),0.5,0.0,297.8
2018-06-06,-0.092,0.6433,-0.349,0.029,0.0457,중립(Neutral),0.5,0.0,296.925
2018-06-07,0.1515,0.7573,-0.3464,-0.0916,0.142,중립(Neutral),0.5,0.0,300.9
2018-06-08,0.0153,0.5279,-0.4977,0.0546,0.0211,중립(Neutral),0.5,0.0,297.35
2018-06-11,0.1869,0.6023,-0.3236,0.0251,0.1389,중립(Neutral),0.5,0.0,300.2
2018-06-12,0.1485,0.6034,-0.3679,0.0647,0.1206,중립(Neutral),0.5,0.0,300.0
2018-06-14,-0.2683,0.4785,-0.6573,0.0641,-0.129,중립(Neutral),0.5,0.0,293.75
2018-06-15,-0.3392,0.4861,-0.6287,0.1744,-0.1282,중립(Neutral),0.5,0.0,292.55
2018-06-18,-0.5882,0.3004,-0.828,0.374,-0.2817,수축(Risk-Off),0.0,0.0,289.2
2018-06-19,-0.8333,0.0212,-0.9994,0.4917,-0.4624,수축(Risk-Off),0.0,0.0,284.7
2018-06-20,-0.648,0.1946,-0.7619,0.4625,-0.2993,수축(Risk-Off),0.0,0.0,287.55
2018-06-21,-0.9063,0.1523,-0.8383,0.4851,-0.4159,수축(Risk-Off),0.0,0.0,284.1
2018-06-22,-0.6488,0.0815,-0.7523,0.4589,-0.3259,수축(Risk-Off),0.0,0.0,287.0
2018-06-25,-0.3852,-0.5881,-0.7104,0.6108,-0.3678,수축(Risk-Off),0.0,0.0,286.6
2018-06-26,-0.5759,-0.4128,-0.7494,0.4897,-0.4187,수축(Risk-Off),0.0,0.0,285.75
2018-06-27,-0.6227,-0.8835,-0.8991,0.4484,-0.5963,수축(Risk-Off),0.0,0.0,284.9
2018-06-28,-0.8339,-0.8314,-0.9093,0.5319,-0.6472,수축(Risk-Off),0.0,0.0,282.45
2018-06-29,-0.8259,-0.8144,-0.6577,0.585,-0.5693,수축(Risk-Off),0.0,0.0,283.35
2018-07-02,-1.3249,-1.0054,-0.7665,0.7683,-0.7915,수축(Risk-Off),0.0,0.0,276.25
2018-07-03,-1.1837,-0.9173,-0.6741,0.5631,-0.7277,수축(Risk-Off),0.0,0.0,277.1
2018-07-04,-1.2707,-1.0568,-0.6287,0.597,-0.7766,수축(Risk-Off),0.0,0.0,275.9
2018-07-05,-1.4368,-0.975,-0.7681,0.6086,-0.8474,수축(Risk-Off),0.0,0.0,275.35
2018-07-06,-1.3081,-0.637,-0.7506,0.6186,-0.7119,수축(Risk-Off),0.0,0.0,276.95
2018-07-09,-1.0119,-0.6314,-0.7283,0.7108,-0.5874,수축(Risk-Off),0.0,0.0,279.6
2018-07-10,-0.9797,-0.6089,-0.7089,0.7354,-0.5621,수축(Risk-Off),0.0,0.0,280.3
2018-07-11,-1.1276,-0.8311,-0.6325,0.8083,-0.6393,수축(Risk-Off),0.0,0.0,278.65
2018-07-12,-1.002,-0.5276,-0.5949,0.6844,-0.5287,수축(Risk-Off),0.0,0.0,279.35
2018-07-13,-0.6576,-0.4069,-0.5604,0.6615,-0.3728,수축(Risk-Off),0.0,0.0,282.45
2018-07-16,-0.6004,-0.4799,-0.4534,0.5892,-0.3551,수축(Risk-Off),0.0,0.0,281.675
2018-07-17,-0.6773,-0.3347,-0.3213,0.537,-0.3205,수축(Risk-Off),0.0,0.0,281.525
2018-07-18,-0.6737,-0.1767,-0.4221,0.6075,-0.2944,수축(Risk-Off),0.0,0.0,281.575
2018-07-19,-0.7223,-0.3804,-0.6404,0.574,-0.4219,수축(Risk-Off),0.0,0.0,280.275
2018-07-20,-0.6821,-0.3263,-0.5859,0.5284,-0.3876,수축(Risk-Off),0.0,0.0,279.775
2018-07-23,-0.6761,-0.3978,-0.6295,0.5511,-0.4108,수축(Risk-Off),0.0,0.0,279.075
2018-07-24,-0.7261,-0.2754,-0.4493,0.5026,-0.3599,수축(Risk-Off),0.0,0.0,279.425
2018-07-25,-0.7169,-0.2842,-0.4222,0.498,-0.3528,수축(Risk-Off),0.0,0.0,279.575
2018-07-26,-0.406,-0.2156,-0.2884,0.5101,-0.1916,중립(Neutral),0.5,0.0,280.625
2018-07-27,-0.331,-0.2799,-0.2181,0.5739,-0.1543,중립(Neutral),0.5,0.0,281.375
2018-07-30,-0.2814,-0.6377,-0.1772,0.4527,-0.2343,수축(Risk-Off),0.0,0.0,281.15
2018-07-31,-0.3496,-0.4385,-0.2745,0.4536,-0.2326,수축(Risk-Off),0.0,0.0,281.3
2018-08-01,-0.2658,-0.4631,-0.1707,0.2615,-0.2123,수축(Risk-Off),0.0,0.0,282.7
2018-08-02,-0.7362,-0.3907,-0.2035,0.3411,-0.3551,수축(Risk-Off),0.0,0.0,276.85
2018-08-03,-0.6339,-0.2039,-0.223,0.0821,-0.3163,수축(Risk-Off),0.0,0.0,279.35
2018-08-06,-0.666,-0.3114,-0.2821,0.4846,-0.3088,수축(Risk-Off),0.0,0.0,279.15
2018-08-07,-0.653,-0.083,0.0223,0.5106,-0.1671,중립(Neutral),0.5,0.0,281.25
2018-08-08,-0.7158,0.0708,-0.0489,0.4335,-0.18,중립(Neutral),0.5,0.0,281.05
2018-08-09,-0.7204,-0.1489,-0.0675,0.494,-0.2321,수축(Risk-Off),0.0,0.0,280.9
2018-08-10,-0.8798,-0.6268,-0.5142,0.4533,-0.5252,수축(Risk-Off),0.0,0.0,277.4
2018-08-13,-0.9201,-0.9733,-0.5644,0.5415,-0.6252,수축(Risk-Off),0.0,0.0,273.9
2018-08-14,-0.8785,-0.7052,-0.5126,0.503,-0.5365,수축(Risk-Off),0.0,0.0,275.05
2018-08-16,-1.1174,-0.8082,-0.6189,0.5021,-0.6726,수축(Risk-Off),0.0,0.0,271.7
2018-08-17,-1.1391,-0.695,-0.443,0.572,-0.5974,수축(Risk-Off),0.0,0.0,272.05
2018-08-20,-1.243,-0.6146,-0.5548,0.6734,-0.6264,수축(Risk-Off),0.0,0.0,272.4
2018-08-21,-0.9485,-0.6712,-0.3869,0.717,-0.4889,수축(Risk-Off),0.0,0.0,275.85
2018-08-22,-0.8987,-0.4822,-0.2521,0.5892,-0.4097,수축(Risk-Off),0.0,0.0,276.7
2018-08-23,-0.9936,-0.6177,-0.0191,0.6641,-0.4074,수축(Risk-Off),0.0,0.0,277.5
2018-08-24,-0.951,-0.5274,0.0628,0.6395,-0.353,수축(Risk-Off),0.0,0.0,278.95
2018-08-27,-0.684,-0.585,0.2298,0.693,-0.2243,수축(Risk-Off),0.0,0.0,278.8
2018-08-28,-0.782,-0.532,0.4905,0.7068,-0.1781,중립(Neutral),0.5,0.0,278.8
2018-08-29,-0.7755,-0.5243,0.2435,0.6281,-0.2474,수축(Risk-Off),0.0,0.0,278.8
2018-08-30,-0.7074,-0.6284,0.3102,0.6029,-0.2367,수축(Risk-Off),0.0,0.0,278.8
2018-08-31,-0.7216,-0.7363,0.1887,0.7815,-0.2723,수축(Risk-Off),0.0,0.0,278.8
2018-09-03,-0.6657,-0.5234,0.1211,0.8469,-0.2065,수축(Risk-Off),0.0,0.0,278.8
2018-09-04,-0.592,-0.5678,0.1308,0.8514,-0.1887,중립(Neutral),0.5,0.0,278.8
2018-09-05,-0.5769,-0.516,0.2256,0.959,-0.1307,중립(Neutral),0.5,0.0,278.8
2018-09-06,-0.4278,-0.6834,0.2547,0.9231,-0.1184,중립(Neutral),0.5,0.0,278.8
2018-09-07,-0.4305,-0.6199,0.0596,0.9973,-0.1412,중립(Neutral),0.5,0.0,278.8
2018-09-10,-0.274,-0.5083,0.3235,1.1707,0.0335,중립(Neutral),0.5,0.0,278.8
2018-09-11,-0.3174,-0.4387,0.2597,1.1465,0.0161,중립(Neutral),0.5,0.0,278.8
2018-09-12,-0.2986,-0.3924,0.3402,1.3185,0.0802,중립(Neutral),0.5,0.0,278.8
2018-09-13,-0.1334,-0.1654,0.4118,1.2254,0.1987,중립(Neutral),0.5,0.0,278.8
2018-09-14,-0.1483,-0.0319,0.3807,0.9475,0.1774,중립(Neutral),0.5,0.0,281.0
2018-09-17,-0.4095,-0.4764,0.181,0.9737,-0.0711,중립(Neutral),0.5,0.0,278.45
2018-09-18,-0.3907,-0.3121,0.2707,0.9874,0.001,중립(Neutral),0.5,0.0,279.9
2018-09-19,-0.272,0.1398,0.3172,0.9475,0.1612,중립(Neutral),0.5,0.0,280.25
2018-09-20,-0.1235,0.257,0.4916,0.5851,0.2317,확장(Risk-On),1.0,0.0,282.85
2018-09-21,-0.0068,0.163,0.6118,0.7483,0.3036,확장(Risk-On),1.0,0.0,284.35
2018-09-27,0.1525,0.2013,0.724,0.7509,0.3973,확장(Risk-On),1.0,0.0,286.35
2018-09-28,0.0746,0.2988,0.5552,0.682,0.3419,확장(Risk-On),1.0,0.0,284.7
2018-10-01,0.112,0.4548,0.5394,0.5371,0.3683,확장(Risk-On),1.0,1.0,284.675
2018-10-02,0.1262,0.3642,0.3425,0.5962,0.3103,확장(Risk-On),1.0,1.0,284.675
2018-10-04,-0.5186,-0.2518,-0.1875,0.0924,-0.2775,수축(Risk-Off),0.0,1.0,275.75
2018-10-05,-0.6007,-0.3938,-0.2772,-0.0928,-0.3919,수축(Risk-Off),0.0,1.0,275.1
2018-10-08,-0.6951,-0.7005,-0.2964,0.2269,-0.4585,수축(Risk-Off),0.0,1.0,274.1
2018-10-10,-0.959,-1.4132,-0.396,0.2171,-0.7554,수축(Risk-Off),0.0,1.0,272.0
2018-10-11,-1.4029,-1.723,-0.4937,0.1469,-1.0232,수축(Risk-Off),0.0,1.0,258.75
2018-10-12,-1.1523,-1.3943,-0.4025,0.6692,-0.7521,수축(Risk-Off),0.0,1.0,263.5
2018-10-15,-1.1207,-1.3962,-0.3239,0.7923,-0.7034,수축(Risk-Off),0.0,1.0,263.5
2018-10-16,-1.216,-1.0309,-0.3989,0.7254,-0.6742,수축(Risk-Off),0.0,1.0,263.5
2018-10-17,-1.1539,-1.0278,-0.4121,0.8147,-0.6417,수축(Risk-Off),0.0,1.0,264.425
2018-10-18,-1.313,-1.3155,-0.6172,0.8831,-0.8102,수축(Risk-Off),0.0,1.0,261.875
2018-10-19,-1.3725,-1.1281,-0.2154,0.847,-0.6892,수축(Risk-Off),0.0,1.0,262.4
2018-10-22,-1.4068,-1.0533,-0.2706,0.8713,-0.6926,수축(Risk-Off),0.0,1.0,263.1
2018-10-23,-1.5933,-1.3355,-0.4587,0.8819,-0.8739,수축(Risk-Off),0.0,1.0,256.4
2018-10-24,-1.6529,-1.7455,-0.5819,0.8878,-1.0272,수축(Risk-Off),0.0,1.0,255.45
2018-10-25,-1.7938,-1.6889,-0.7642,1.0163,-1.0886,수축(Risk-Off),0.0,1.0,250.9
2018-10-26,-1.9799,-1.7376,-0.9368,0.9804,-1.2145,수축(Risk-Off),0.0,1.0,246.65
2018-10-29,-1.8863,-1.7503,-0.9653,1.0864,-1.1761,수축(Risk-Off),0.0,1.0,243.75
2018-10-30,-1.7729,-1.4949,-1.0966,0.9305,-1.1288,수축(Risk-Off),0.0,1.0,245.95
2018-10-31,-1.6791,-1.2384,-1.1617,0.885,-1.055,수축(Risk-Off),0.0,1.0,247.3
2018-11-01,-1.6756,-1.0505,-0.9679,0.8727,-0.9601,수축(Risk-Off),0.0,0.0,246.8
2018-11-02,-1.1413,-0.4835,-0.7862,0.7732,-0.6009,수축(Risk-Off),0.0,0.0,255.95
2018-11-05,-0.8958,-0.634,-0.9321,0.744,-0.5934,수축(Risk-Off),0.0,0.0,253.5
2018-11-06,-0.9776,-0.5491,-0.9947,0.6703,-0.6276,수축(Risk-Off),0.0,0.0,255.15
2018-11-07,-1.026,-0.294,-0.7867,0.6932,-0.5253,수축(Risk-Off),0.0,0.0,253.95
2018-11-08,-0.9096,-0.4707,-0.7703,0.6627,-0.5292,수축(Risk-Off),0.0,0.0,256.25
2018-11-09,-0.9729,-0.5217,-0.8974,0.7517,-0.5825,수축(Risk-Off),0.0,0.0,254.9
2018-11-12,-0.8908,-0.7158,-0.7824,0.7561,-0.5729,수축(Risk-Off),0.0,0.0,255.3
2018-11-13,-1.0389,-0.7193,-0.834,0.7777,-0.6353,수축(Risk-Off),0.0,0.0,253.0
2018-11-14,-1.0667,-0.7958,-0.875,0.7345,-0.6809,수축(Risk-Off),0.0,0.0,252.5
2018-11-15,-0.9651,-0.5488,-0.8106,0.6531,-0.5797,수축(Risk-Off),0.0,0.0,255.3
2018-11-16,-0.8311,-0.1858,-0.6477,0.6674,-0.3992,수축(Risk-Off),0.0,0.0,254.9
2018-11-19,-0.6783,-0.4127,-0.6695,0.6632,-0.4085,수축(Risk-Off),0.0,0.0,255.7
2018-11-20,-0.6714,-0.7024,-0.7641,0.7404,-0.4906,수축(Risk-Off),0.0,0.0,252.8
2018-11-21,-0.7212,-0.4981,-0.8499,0.5035,-0.5139,수축(Risk-Off),0.0,0.0,251.75
2018-11-22,-0.6509,-0.5856,-0.9318,0.6808,-0.505,수축(Risk-Off),0.0,0.0,251.6
2018-11-23,-0.7466,-0.9441,-1.1047,0.7682,-0.6583,수축(Risk-Off),0.0,0.0,249.8
2018-11-26,-0.564,-0.699,-0.9191,0.7675,-0.4868,수축(Risk-Off),0.0,0.0,253.5
2018-11-27,-0.6772,-0.7177,-0.9954,0.7971,-0.5457,수축(Risk-Off),0.0,0.0,255.65
2018-11-28,-0.5499,-0.7071,-0.977,0.7318,-0.5037,수축(Risk-Off),0.0,0.0,257.2
2018-11-29,-0.4672,-0.9467,-0.8859,0.9001,-0.4867,수축(Risk-Off),0.0,0.0,257.5
2018-11-30,-0.5924,-1.0714,-1.073,0.9227,-0.605,수축(Risk-Off),0.0,0.0,254.85
2018-12-03,-0.458,-0.7606,-0.884,0.8579,-0.4428,수축(Risk-Off),0.0,0.0,259.6
2018-12-04,-0.5826,-1.2465,-0.9541,0.9231,-0.6156,수축(Risk-Off),0.0,0.0,256.95
2018-12-05,-0.6819,-1.1526,-1.0387,0.9508,-0.6438,수축(Risk-Off),0.0,0.0,255.1
2018-12-06,-0.8802,-1.2088,-1.1404,1.0608,-0.7362,수축(Risk-Off),0.0,0.0,250.6
2018-12-07,-0.7738,-1.3287,-1.1021,0.9861,-0.7306,수축(Risk-Off),0.0,0.0,251.8
2018-12-10,-0.9933,-1.4054,-1.2275,1.037,-0.8503,수축(Risk-Off),0.0,0.0,248.75
2018-12-11,-0.9535,-1.3317,-1.1894,1.0717,-0.8033,수축(Risk-Off),0.0,0.0,248.3
2018-12-12,-0.7963,-1.2278,-0.962,0.9703,-0.6806,수축(Risk-Off),0.0,0.0,252.0
2018-12-13,-0.762,-1.0621,-0.7128,1.0202,-0.5574,수축(Risk-Off),0.0,0.0,253.9
2018-12-14,-0.9353,-1.2145,-0.8989,1.0509,-0.6981,수축(Risk-Off),0.0,0.0,248.8
2018-12-17,-0.7461,-1.4202,-0.9053,1.0863,-0.6796,수축(Risk-Off),0.0,0.0,249.75
2018-12-18,-0.7274,-1.5025,-0.8701,1.1043,-0.6821,수축(Risk-Off),0.0,0.0,248.8
2018-12-19,-0.6274,-1.6441,-0.6307,1.1943,-0.6091,수축(Risk-Off),0.0,0.0,250.55
2018-12-20,-0.972,-1.8498,-0.539,1.1457,-0.7655,수축(Risk-Off),0.0,0.0,247.8
2018-12-21,-1.037,-1.9697,-0.6926,1.0703,-0.868,수축(Risk-Off),0.0,0.0,247.7
2018-12-24,-0.801,-2.2875,-0.73,0.9918,-0.8859,수축(Risk-Off),0.0,0.0,247.65
2018-12-26,-1.0661,-2.0072,-0.8352,1.0734,-0.9227,수축(Risk-Off),0.0,0.0,243.4
2018-12-27,-0.9872,-1.6504,-0.5562,1.0233,-0.7437,수축(Risk-Off),0.0,0.0,247.55
2018-12-28,-0.9077,-1.5366,-0.5135,0.9588,-0.6864,수축(Risk-Off),0.0,0.0,248.2
2019-01-02,-0.9942,-0.9953,-0.4136,0.9839,-0.5526,수축(Risk-Off),0.0,0.0,244.95
2019-01-03,-1.0715,-1.0883,-0.4268,0.9038,-0.6182,수축(Risk-Off),0.0,0.0,242.7
2019-01-04,-0.8315,-0.6185,-0.1696,0.8328,-0.3632,수축(Risk-Off),0.0,0.0,244.85
2019-01-07,-0.6536,-0.3417,0.0534,0.8246,-0.1772,중립(Neutral),0.5,0.0,248.9
2019-01-08,-0.5556,-0.4254,-0.1071,0.6786,-0.2258,수축(Risk-Off),0.0,0.0,246.85
2019-01-09,-0.2555,-0.269,0.0165,0.7929,-0.0336,중립(Neutral),0.5,0.0,252.15
2019-01-10,-0.2523,-0.2287,-0.0184,0.8734,-0.0191,중립(Neutral),0.5,0.0,251.9
2019-01-11,-0.0756,-0.2372,-0.3047,0.3817,-0.1047,중립(Neutral),0.5,0.0,254.0
2019-01-14,-0.2307,-0.1807,-0.2691,0.8392,-0.0673,중립(Neutral),0.5,0.0,251.5
2019-01-15,-0.0672,-0.1408,-0.3799,0.8535,-0.0257,중립(Neutral),0.5,0.0,257.05
2019-01-16,0.04,0.2126,-0.4127,0.8692,0.0944,중립(Neutral),0.5,0.0,258.2
2019-01-17,0.0651,0.279,-0.4723,0.8596,0.1034,중립(Neutral),0.5,0.0,258.45
2019-01-18,0.1755,0.2802,-0.2187,0.2633,0.1163,중립(Neutral),0.5,0.0,260.9
2019-01-21,0.1688,0.2728,-0.2737,0.1879,0.087,중립(Neutral),0.5,0.0,260.9
2019-01-22,0.0796,-0.054,-0.3226,0.4491,0.0011,중립(Neutral),0.5,0.0,259.2
2019-01-23,0.2255,-0.0207,-0.1855,0.3998,0.0873,중립(Neutral),0.5,0.0,260.9
2019-01-24,0.3067,-0.0383,-0.2383,0.401,0.0983,중립(Neutral),0.5,0.0,263.25
2019-01-25,0.6477,0.1497,-0.0688,0.2919,0.2907,확장(Risk-On),1.0,0.0,268.55
2019-01-28,0.7364,-0.0066,-0.1609,0.2487,0.2532,확장(Risk-On),1.0,0.0,268.25
2019-01-29,0.7605,0.0989,-0.0698,0.1153,0.2907,확장(Risk-On),1.0,0.0,269.6
2019-01-30,0.9826,0.3313,-0.0218,0.0526,0.4292,확장(Risk-On),1.0,0.0,273.7
2019-01-31,0.8179,0.3095,0.0845,0.5175,0.4624,확장(Risk-On),1.0,0.0,273.05
2019-02-01,0.8738,0.3967,0.1509,0.6543,0.5409,확장(Risk-On),1.0,1.0,272.4
2019-02-07,0.6952,0.2966,-0.3014,0.6525,0.34,확장(Risk-On),1.0,1.0,272.1
2019-02-08,0.269,0.3078,-0.293,0.8749,0.2291,확장(Risk-On),1.0,1.0,268.2
2019-02-11,0.2223,0.0725,-0.5409,0.9273,0.0998,중립(Neutral),0.5,1.0,268.6
2019-02-12,0.3164,0.3474,-0.3553,0.8574,0.2374,확장(Risk-On),1.0,1.0,270.4
2019-02-13,0.4219,0.5144,-0.3132,0.8822,0.3303,확장(Risk-On),1.0,1.0,271.8
2019-02-14,0.4638,0.8445,-0.1623,0.8651,0.4626,확장(Risk-On),1.0,1.0,274.45
2019-02-15,0.28,0.7275,-0.2589,0.8698,0.3456,확장(Risk-On),1.0,1.0,270.25
2019-02-18,0.4108,0.8288,-0.0817,0.8184,0.4533,확장(Risk-On),1.0,1.0,272.85
2019-02-19,0.1555,0.8028,-0.0256,0.8173,0.3713,확장(Risk-On),1.0,1.0,271.75
2019-02-20,0.3379,0.888,-0.1429,0.8373,0.4302,확장(Risk-On),1.0,1.0,274.5
2019-02-21,0.4363,0.8433,-0.0414,0.9248,0.4919,확장(Risk-On),1.0,1.0,274.75
2019-02-22,0.4537,1.0335,0.3043,0.9425,0.6346,확장(Risk-On),1.0,1.0,275.0
2019-02-25,0.2693,0.8214,0.2827,0.7951,0.4896,확장(Risk-On),1.0,1.0,275.65
2019-02-26,0.299,0.7516,0.2728,0.9424,0.5021,확장(Risk-On),1.0,1.0,273.85
2019-02-27,0.3407,0.8412,0.1288,1.0448,0.5185,확장(Risk-On),1.0,1.0,274.55
2019-02-28,0.0216,0.7661,0.1631,1.0311,0.3945,확장(Risk-On),1.0,1.0,270.0
2019-03-04,-0.0114,0.7469,0.2865,0.4179,0.317,확장(Risk-On),1.0,1.0,268.85
2019-03-05,0.022,0.6793,0.2306,0.4434,0.3017,확장(Risk-On),1.0,1.0,266.8
2019-03-06,0.0102,0.7857,0.3177,0.2496,0.3169,확장(Risk-On),1.0,1.0,266.6
2019-03-07,-0.1011,0.5119,0.0603,0.4816,0.1799,중립(Neutral),0.5,1.0,265.0
2019-03-08,-0.4095,0.3678,-0.1495,0.7988,0.0311,중립(Neutral),0.5,1.0,261.15
2019-03-11,-0.5331,0.5716,-0.24,0.6797,-0.0017,중립(Neutral),0.5,1.0,261.35
2019-03-12,-0.233,0.6982,-0.1083,0.6118,0.1577,중립(Neutral),0.5,1.0,264.1
2019-03-13,-0.3975,0.7475,0.0922,0.7666,0.1858,중립(Neutral),0.5,1.0,261.8
2019-03-14,-0.4079,0.8004,0.2432,0.6474,0.2153,확장(Risk-On),1.0,1.0,263.0
2019-03-15,-0.186,0.8792,0.131,0.5638,0.272,확장(Risk-On),1.0,1.0,266.05
2019-03-18,-0.1938,0.7097,-0.0376,0.3267,0.1492,중립(Neutral),0.5,1.0,266.05
2019-03-19,-0.2379,0.5945,0.1146,0.5043,0.1697,중립(Neutral),0.5,1.0,265.8
2019-03-20,-0.1483,0.6111,-0.1468,0.5409,0.1453,중립(Neutral),0.5,1.0,266.2
2019-03-21,-0.1313,0.6537,-0.1203,0.6497,0.1849,중립(Neutral),0.5,1.0,268.1
2019-03-22,-0.0093,0.0901,-0.2001,0.7255,0.078,중립(Neutral),0.5,1.0,268.7
2019-03-25,-0.3542,-0.0767,-0.2832,0.7904,-0.0954,중립(Neutral),0.5,1.0,263.1
2019-03-26,-0.416,0.11,-0.2571,0.8206,-0.0593,중립(Neutral),0.5,1.0,263.25
2019-03-27,-0.4044,-0.0382,-0.3885,0.8073,-0.1271,중립(Neutral),0.5,1.0,263.3
2019-03-28,-0.4581,-0.041,-0.2483,0.8648,-0.1029,중립(Neutral),0.5,1.0,261.7
2019-03-29,-0.4025,0.0881,-0.2435,0.7704,-0.0642,중립(Neutral),0.5,1.0,262.65
2019-04-01,-0.1108,0.254,-0.1936,0.6837,0.0789,중립(Neutral),0.5,0.5,266.75
2019-04-02,0.0479,0.4601,-0.1503,0.633,0.1891,중립(Neutral),0.5,0.5,267.8
2019-04-03,0.328,0.3098,-0.0372,0.6097,0.2744,확장(Risk-On),1.0,0.5,272.15
2019-04-04,0.4376,0.2285,-0.1143,0.6995,0.2866,확장(Risk-On),1.0,0.5,272.925
2019-04-05,0.41,0.2515,-0.5043,0.6125,0.1722,중립(Neutral),0.5,0.5,272.925
2019-04-08,0.4001,0.0738,-0.4339,0.6082,0.1412,중립(Neutral),0.5,0.5,272.925
2019-04-09,0.2055,-0.2167,-0.3843,0.6392,0.0176,중립(Neutral),0.5,0.5,272.675
2019-04-10,0.2212,-0.1351,-0.3729,0.6585,0.0492,중립(Neutral),0.5,0.5,273.225
2019-04-11,0.2665,0.0787,-0.502,0.6659,0.0873,중립(Neutral),0.5,0.5,273.225
2019-04-12,0.2606,0.3697,-0.2495,0.5574,0.2049,확장(Risk-On),1.0,0.5,273.875
2019-04-15,0.2482,0.7117,-0.1502,0.4482,0.2945,확장(Risk-On),1.0,0.5,275.975
2019-04-16,0.2668,0.7592,-0.079,0.3922,0.3223,확장(Risk-On),1.0,0.5,276.225
2019-04-17,0.3258,0.7084,0.0253,0.1155,0.3148,확장(Risk-On),1.0,0.5,276.925
2019-04-18,0.2789,0.4394,-0.0464,0.3845,0.2535,확장(Risk-On),1.0,0.5,273.025
2019-04-19,0.1888,0.6428,0.0483,-0.0058,0.238,확장(Risk-On),1.0,0.5,271.85
2019-04-22,0.2625,0.5157,0.0635,-0.23,0.2022,확장(Risk-On),1.0,0.5,270.875
2019-04-23,0.3049,0.4107,-0.1548,-0.214,0.1386,중립(Neutral),0.5,0.5,270.875
2019-04-24,0.3196,0.1528,-0.3286,-0.15,0.0454,중립(Neutral),0.5,0.5,270.875
2019-04-25,0.1621,0.0202,-0.4222,0.0909,-0.0301,중립(Neutral),0.5,0.5,270.875
2019-04-26,-0.2182,0.1945,-0.3973,0.1698,-0.1016,중립(Neutral),0.5,0.5,267.05
2019-04-29,-0.1018,0.0333,-0.2532,0.1643,-0.066,중립(Neutral),0.5,0.5,272.95
2019-04-30,-0.1599,0.0089,-0.2865,0.1828,-0.0979,중립(Neutral),0.5,0.5,270.9
2019-05-02,-0.121,-0.1454,-0.3513,0.2071,-0.1355,중립(Neutral),0.5,0.5,272.15
2019-05-03,-0.3168,0.0361,-0.4572,-0.0508,-0.2238,수축(Risk-Off),0.0,0.5,269.25
2019-05-07,-0.5649,-0.9678,-0.7804,0.0089,-0.6334,수축(Risk-Off),0.0,0.5,267.1
2019-05-08,-0.6753,-0.9729,-0.7954,0.0351,-0.6732,수축(Risk-Off),0.0,0.5,265.45
2019-05-09,-1.0707,-1.0504,-0.8532,0.1593,-0.8267,수축(Risk-Off),0.0,0.5,260.675
2019-05-10,-1.206,-0.6157,-0.7522,0.2039,-0.7335,수축(Risk-Off),0.0,0.5,257.925
2019-05-13,-1.167,-1.2661,-1.0824,0.2534,-0.9576,수축(Risk-Off),0.0,0.5,255.325
2019-05-14,-1.1367,-0.9372,-1.0135,0.2738,-0.8444,수축(Risk-Off),0.0,0.5,255.325
2019-05-15,-1.1381,-0.7248,-1.0442,0.179,-0.8137,수축(Risk-Off),0.0,0.5,255.325
2019-05-16,-1.2399,-0.6551,-0.8847,0.2511,-0.7812,수축(Risk-Off),0.0,0.5,252.975
2019-05-17,-1.3088,-0.559,-0.9333,0.2845,-0.7885,수축(Risk-Off),0.0,0.5,251.925
2019-05-20,-1.269,-0.6041,-0.8171,0.2332,-0.7644,수축(Risk-Off),0.0,0.5,251.925
2019-05-21,-1.0704,-0.5277,-0.9729,0.2649,-0.7101,수축(Risk-Off),0.0,0.5,251.925
2019-05-22,-1.0961,-0.4149,-0.9269,0.2717,-0.6783,수축(Risk-Off),0.0,0.5,251.925
2019-05-23,-1.263,-0.7718,-0.9629,0.3562,-0.8223,수축(Risk-Off),0.0,0.5,251.925
2019-05-24,-1.496,-0.7279,-1.0363,0.3829,-0.9072,수축(Risk-Off),0.0,0.5,248.875
2019-05-27,-1.4474,-0.8364,-1.0211,0.4142,-0.9088,수축(Risk-Off),0.0,0.5,249.8
2019-05-28,-1.3941,-0.9897,-1.0505,0.4665,-0.928,수축(Risk-Off),0.0,0.5,250.25
2019-05-29,-1.6181,-1.0714,-1.1304,0.5434,-1.0353,수축(Risk-Off),0.0,0.5,246.4
2019-05-30,-1.6551,-0.7366,-1.3119,0.5214,-1.0132,수축(Risk-Off),0.0,0.5,246.1
2019-05-31,-1.5355,-1.0015,-1.2228,0.6741,-0.9924,수축(Risk-Off),0.0,0.5,246.1
2019-06-03,-1.3969,-1.0294,-1.1278,0.5892,-0.9398,수축(Risk-Off),0.0,0.0,246.1
2019-06-04,-1.3152,-0.8393,-1.0343,0.5715,-0.843,수축(Risk-Off),0.0,0.0,246.1
2019-06-05,-1.3153,-0.4341,-0.9893,0.7035,-0.7107,수축(Risk-Off),0.0,0.0,246.1
2019-06-07,-1.0619,-0.6669,-1.0126,0.8084,-0.6703,수축(Risk-Off),0.0,0.0,246.1
2019-06-10,-0.9864,-0.7648,-1.2124,0.7879,-0.7214,수축(Risk-Off),0.0,0.0,246.1
2019-06-11,-1.0125,-0.8182,-1.022,0.68,-0.7124,수축(Risk-Off),0.0,0.0,246.1
2019-06-12,-1.0953,-0.8644,-1.4095,0.7627,-0.8374,수축(Risk-Off),0.0,0.0,246.1
2019-06-13,-0.3479,-0.7369,-1.1165,0.7041,-0.4795,수축(Risk-Off),0.0,0.0,255.275
2019-06-14,-0.3644,-0.7921,-1.2259,0.7949,-0.5128,수축(Risk-Off),0.0,0.0,255.575
2019-06-17,-0.469,-0.6985,-1.1519,0.8284,-0.5025,수축(Risk-Off),0.0,0.0,255.575
2019-06-18,-0.3121,-0.5814,-1.2324,0.8149,-0.4405,수축(Risk-Off),0.0,0.0,256.275
2019-06-19,-0.0498,-0.4404,-1.1976,0.8802,-0.2949,수축(Risk-Off),0.0,0.0,260.175
2019-06-20,-0.056,-0.4724,-0.8866,0.8519,-0.2315,수축(Risk-Off),0.0,0.0,260.575
2019-06-21,-0.0699,-0.5166,-1.0716,0.7785,-0.3047,수축(Risk-Off),0.0,0.0,260.525
2019-06-24,0.0637,-0.6037,-1.012,0.8179,-0.2589,수축(Risk-Off),0.0,0.0,260.525
2019-06-25,0.0505,-0.6728,-0.9638,0.7345,-0.2813,수축(Risk-Off),0.0,0.0,260.525
2019-06-26,0.0539,-0.6886,-1.0153,0.7334,-0.2971,수축(Risk-Off),0.0,0.0,260.575
2019-06-27,0.2406,-0.4687,-0.8815,0.7159,-0.146,중립(Neutral),0.5,0.0,264.075
2019-06-28,0.1916,-0.4975,-0.9016,0.7032,-0.1772,중립(Neutral),0.5,0.0,263.4
2019-07-01,0.2372,-0.3763,-0.7449,0.6295,-0.1029,중립(Neutral),0.5,0.5,263.1
2019-07-02,0.1885,-0.2763,-0.8571,0.7442,-0.1057,중립(Neutral),0.5,0.5,262.0
2019-07-03,-0.0718,-0.3844,-0.8027,0.8438,-0.1953,중립(Neutral),0.5,0.5,258.0
2019-07-04,0.1023,-0.292,-0.6483,0.8557,-0.0709,중립(Neutral),0.5,0.5,260.45
2019-07-05,0.0507,-0.2922,-0.7019,0.78,-0.1138,중립(Neutral),0.5,0.5,259.95
2019-07-08,-0.6204,-0.6795,-0.9094,0.866,-0.4845,수축(Risk-Off),0.0,0.5,254.2
2019-07-09,-0.6368,-0.6574,-0.9126,0.8471,-0.4883,수축(Risk-Off),0.0,0.5,253.2
2019-07-10,-0.5454,-0.4245,-1.0193,0.7749,-0.4356,수축(Risk-Off),0.0,0.5,254.6
2019-07-11,-0.4694,-0.4039,-0.7034,0.8473,-0.314,수축(Risk-Off),0.0,0.5,257.85
2019-07-12,-0.4413,-0.3339,-0.7086,0.7984,-0.2953,수축(Risk-Off),0.0,0.5,258.35
2019-07-15,-0.6062,-0.2685,-0.6883,0.7083,-0.3451,수축(Risk-Off),0.0,0.5,258.5
2019-07-16,-0.4703,-0.2257,-0.5804,0.7405,-0.255,수축(Risk-Off),0.0,0.5,259.7
2019-07-17,-0.6497,-0.4652,-0.7333,0.7859,-0.4092,수축(Risk-Off),0.0,0.5,256.85
2019-07-18,-0.7609,-0.2762,-0.5912,0.8994,-0.3482,수축(Risk-Off),0.0,0.5,255.925
2019-07-19,-0.3999,-0.2963,-0.4926,0.9195,-0.1993,중립(Neutral),0.5,0.5,260.225
2019-07-22,-0.4047,-0.1807,-0.2484,1.0117,-0.0972,중립(Neutral),0.5,0.5,260.15
2019-07-23,-0.2261,0.0343,-0.2383,1.0025,0.0203,중립(Neutral),0.5,0.5,261.6
2019-07-24,-0.4025,-0.0084,-0.3089,0.9899,-0.0717,중립(Neutral),0.5,0.5,258.85
2019-07-25,-0.2651,-0.1371,-0.2394,0.9822,-0.0396,중립(Neutral),0.5,0.5,258.65
2019-07-26,-0.2824,-0.0747,-0.2499,0.9177,-0.0423,중립(Neutral),0.5,0.5,257.7
2019-07-29,-0.4695,-0.3447,-0.44,1.0148,-0.2083,수축(Risk-Off),0.0,0.5,252.825
2019-07-30,-0.432,-0.5125,-0.4491,1.0133,-0.2396,수축(Risk-Off),0.0,0.5,252.825
2019-07-31,-0.4114,-0.7796,-0.3846,0.985,-0.2873,수축(Risk-Off),0.0,0.5,252.825
2019-08-01,-0.087,-1.0002,-0.6161,1.0091,-0.2832,수축(Risk-Off),0.0,0.0,252.825
2019-08-02,-0.1013,-1.0012,-0.5945,1.0382,-0.2787,수축(Risk-Off),0.0,0.0,252.825
2019-08-05,-0.8003,-1.9328,-0.9407,1.0462,-0.8415,수축(Risk-Off),0.0,0.0,241.95
2019-08-06,-0.9293,-1.4642,-1.0038,1.0214,-0.7891,수축(Risk-Off),0.0,0.0,238.65
2019-08-07,-0.9883,-1.2726,-0.9261,1.0574,-0.737,수축(Risk-Off),0.0,0.0,238.0
2019-08-08,-0.9539,-0.9202,-0.8546,0.9357,-0.6372,수축(Risk-Off),0.0,0.0,238.6
2019-08-09,-0.9079,-0.859,-0.8547,0.9486,-0.6039,수축(Risk-Off),0.0,0.0,240.25
2019-08-12,-0.7257,-1.1616,-0.9379,0.8942,-0.6447,수축(Risk-Off),0.0,0.0,240.45
2019-08-13,-0.9622,-0.9131,-1.0975,0.9771,-0.6929,수축(Risk-Off),0.0,0.0,237.05
2019-08-14,-0.7774,-1.2797,-1.0648,0.8827,-0.7258,수축(Risk-Off),0.0,0.0,240.2
2019-08-16,-0.8037,-1.0906,-1.169,0.9323,-0.7064,수축(Risk-Off),0.0,0.0,239.05
2019-08-19,-0.6072,-0.9186,-1.0405,0.9522,-0.5595,수축(Risk-Off),0.0,0.0,240.75
2019-08-20,-0.4786,-0.9336,-1.0799,0.9508,-0.5283,수축(Risk-Off),0.0,0.0,243.0
2019-08-21,-0.4686,-0.4935,-0.9421,0.813,-0.401,수축(Risk-Off),0.0,0.0,243.4
2019-08-22,-0.4879,-0.8506,-1.0901,0.8733,-0.525,수축(Risk-Off),0.0,0.0,241.35
2019-08-23,-0.5668,-0.9784,-0.9375,0.8646,-0.5477,수축(Risk-Off),0.0,0.0,241.4
2019-08-26,-0.9108,-0.9979,-1.1541,0.9055,-0.721,수축(Risk-Off),0.0,0.0,237.6
2019-08-27,-0.8428,-1.0112,-1.0881,0.7851,-0.702,수축(Risk-Off),0.0,0.0,239.1
2019-08-28,-0.7485,-0.6503,-1.1604,0.8057,-0.5938,수축(Risk-Off),0.0,0.0,240.85
2019-08-29,-0.5358,-0.6764,-1.6013,0.8104,-0.6354,수축(Risk-Off),0.0,0.0,239.05
2019-08-30,-0.1501,-0.6708,-1.4828,0.612,-0.4991,수축(Risk-Off),0.0,0.0,243.9
2019-09-02,-0.2117,-0.6628,-1.6113,0.5499,-0.5601,수축(Risk-Off),0.0,0.0,244.15
2019-09-03,-0.3032,-0.812,-1.7499,0.6475,-0.6495,수축(Risk-Off),0.0,0.0,243.0
2019-09-04,-0.0873,-0.3659,-1.5549,0.5899,-0.4223,수축(Risk-Off),0.0,0.0,246.8
2019-09-05,0.0375,-0.4198,-1.3062,0.1906,-0.3898,수축(Risk-Off),0.0,0.0,249.65
2019-09-06,0.2097,-0.0053,-1.2343,0.137,-0.2159,수축(Risk-Off),0.0,0.0,250.95
2019-09-09,0.1515,-0.1971,-1.0569,0.1014,-0.2452,수축(Risk-Off),0.0,0.0,252.8
2019-09-10,0.2737,-0.1135,-0.8332,0.0573,-0.1323,중립(Neutral),0.5,0.0,253.8
2019-09-11,0.3985,0.1003,-0.7878,-0.1057,-0.0483,중립(Neutral),0.5,0.0,255.85
2019-09-16,0.3877,0.46,-0.5002,-0.4778,0.054,중립(Neutral),0.5,0.0,255.85
2019-09-17,0.3765,0.4473,-0.4462,-0.3052,0.0863,중립(Neutral),0.5,0.0,255.85
2019-09-18,0.3637,0.3842,-0.5029,-0.3475,0.0455,중립(Neutral),0.5,0.0,255.85
2019-09-19,0.5923,0.3781,-0.7517,-0.1908,0.0853,중립(Neutral),0.5,0.0,255.85
2019-09-20,0.8636,0.2568,-0.6247,-0.168,0.1851,중립(Neutral),0.5,0.0,261.175
2019-09-23,0.7772,0.289,-0.7149,-0.0482,0.1583,중립(Neutral),0.5,0.0,261.8
2019-09-24,0.7233,0.0586,-0.7006,0.0359,0.098,중립(Neutral),0.5,0.0,263.2
2019-09-25,0.5231,0.1587,-0.6783,0.2539,0.0913,중립(Neutral),0.5,0.0,259.45
2019-09-26,0.6175,0.2988,-0.656,0.1036,0.1424,중립(Neutral),0.5,0.0,260.625
2019-09-27,0.4227,-0.0336,-0.8185,0.1147,-0.0479,중립(Neutral),0.5,0.0,257.025
2019-09-30,0.3142,-0.0141,-0.7957,0.2117,-0.0607,중립(Neutral),0.5,0.0,257.025
2019-10-01,0.3901,-0.1608,-0.6084,0.0395,-0.0498,중립(Neutral),0.5,0.5,260.425
2019-10-02,-0.0149,-0.3968,-0.7232,-0.0376,-0.2908,수축(Risk-Off),0.0,0.5,253.7
2019-10-04,-0.1632,-0.1866,-0.5661,0.3709,-0.1897,중립(Neutral),0.5,0.5,252.35
2019-10-07,-0.1181,-0.1683,-0.4565,0.4784,-0.1258,중립(Neutral),0.5,0.5,253.6
2019-10-08,0.0972,-0.2933,-0.3636,0.347,-0.0781,중립(Neutral),0.5,0.5,257.15
2019-10-10,0.0841,-0.0276,-0.1768,0.3618,0.0326,중립(Neutral),0.5,0.5,255.25
2019-10-11,0.1826,0.2567,-0.1168,0.0918,0.1127,중립(Neutral),0.5,0.5,257.1
2019-10-14,0.3836,0.8755,0.3696,0.2492,0.4829,확장(Risk-On),1.0,0.5,259.7
2019-10-15,0.2404,1.1235,0.5552,0.0995,0.5187,확장(Risk-On),1.0,0.5,260.2
2019-10-16,0.3898,1.1635,0.7011,-0.0191,0.5997,확장(Risk-On),1.0,0.5,261.85
2019-10-17,0.4681,1.2286,0.7747,-0.208,0.6335,확장(Risk-On),1.0,0.5,260.7
2019-10-18,0.3205,1.0554,0.7362,-0.4898,0.4866,확장(Risk-On),1.0,0.5,258.3
2019-10-21,0.4825,1.1751,0.8822,-0.3972,0.6236,확장(Risk-On),1.0,0.5,259.45
2019-10-22,0.8059,1.3571,1.1367,-0.4096,0.8441,확장(Risk-On),1.0,0.5,263.0
2019-10-23,0.758,1.2833,1.0048,-0.4204,0.7743,확장(Risk-On),1.0,0.5,261.65
2019-10-24,0.7315,1.5118,1.011,-0.5201,0.8087,확장(Risk-On),1.0,0.5,260.975
2019-10-25,0.7401,1.8498,0.9598,-0.707,0.8553,확장(Risk-On),1.0,0.5,262.175
2019-10-28,0.9485,1.5579,0.9336,-1.299,0.76,확장(Risk-On),1.0,0.5,263.35
2019-10-29,1.016,1.546,1.0416,-1.2486,0.8152,확장(Risk-On),1.0,0.5,262.9
2019-10-30,0.801,1.6655,0.8567,-1.3388,0.7101,확장(Risk-On),1.0,0.5,260.6
2019-10-31,0.7861,1.7655,0.9682,-1.1626,0.7841,확장(Risk-On),1.0,0.5,261.4
2019-11-01,0.74,1.82,0.9674,-1.242,0.7695,확장(Risk-On),1.0,1.0,263.7
2019-11-04,1.1545,1.5174,1.3994,-1.3745,0.9271,확장(Risk-On),1.0,1.0,268.1
2019-11-05,1.1185,1.4792,1.3447,-1.2732,0.9065,확장(Risk-On),1.0,1.0,269.4
2019-11-06,1.1397,1.477,1.4481,-1.3803,0.9232,확장(Risk-On),1.0,1.0,269.85
2019-11-07,1.1136,1.3855,1.4719,-1.4351,0.8888,확장(Risk-On),1.0,1.0,269.55
2019-11-08,0.9946,1.4979,1.4034,-1.2073,0.8923,확장(Risk-On),1.0,1.0,268.35
2019-11-11,0.8004,1.4451,1.3633,-0.9832,0.8348,확장(Risk-On),1.0,1.0,265.95
2019-11-12,0.9933,1.4472,1.5878,-1.1607,0.9323,확장(Risk-On),1.0,1.0,268.9
2019-11-13,0.8455,1.3639,1.2297,-0.8476,0.8172,확장(Risk-On),1.0,1.0,266.8
2019-11-14,0.922,1.3433,1.0078,-0.8062,0.7895,확장(Risk-On),1.0,1.0,268.9
2019-11-15,1.0091,1.5055,1.0699,-0.8979,0.8624,확장(Risk-On),1.0,1.0,272.95
2019-11-18,0.9143,1.2911,0.9658,-0.5154,0.8069,확장(Risk-On),1.0,1.0,272.4
2019-11-19,0.7491,1.1005,0.8034,-0.3124,0.6913,확장(Risk-On),1.0,1.0,271.2
2019-11-20,0.452,0.899,0.7222,-0.1816,0.5363,확장(Risk-On),1.0,1.0,267.5
2019-11-21,0.1002,0.7725,0.4182,-0.2073,0.3017,확장(Risk-On),1.0,1.0,263.2
2019-11-22,0.2009,0.8735,0.3115,-0.205,0.3358,확장(Risk-On),1.0,1.0,264.8
2019-11-25,0.3859,0.9028,0.5956,-0.2833,0.4671,확장(Risk-On),1.0,1.0,267.7
2019-11-26,0.335,0.9895,0.5576,-0.2391,0.4682,확장(Risk-On),1.0,1.0,268.1
2019-11-27,0.3258,0.999,0.5564,-0.1554,0.4796,확장(Risk-On),1.0,1.0,267.95
2019-11-28,0.117,0.9916,0.6066,-0.1771,0.4139,확장(Risk-On),1.0,1.0,266.85
2019-11-29,-0.1645,0.5951,0.4073,-0.1101,0.1765,중립(Neutral),0.5,1.0,262.35
2019-12-02,-0.1487,0.2728,0.6246,-0.1757,0.146,중립(Neutral),0.5,0.5,262.75
2019-12-03,-0.3259,0.1263,0.5555,-0.2344,0.0212,중립(Neutral),0.5,0.5,261.15
2019-12-04,-0.4376,0.2965,0.5091,-0.1544,0.0251,중립(Neutral),0.5,0.5,259.7
2019-12-05,-0.4395,0.2882,0.6328,-0.2435,0.0399,중립(Neutral),0.5,0.5,259.0
2019-12-06,-0.3593,0.5904,0.6776,-0.287,0.1482,중립(Neutral),0.5,0.5,261.7
2019-12-09,-0.2637,0.1726,0.7464,-0.2569,0.0989,중립(Neutral),0.5,0.5,262.8
2019-12-10,-0.2253,0.0752,0.5853,-0.2314,0.0516,중립(Neutral),0.5,0.5,264.35
2019-12-11,-0.1858,0.3973,0.8843,-0.2395,0.2194,확장(Risk-On),1.0,0.5,265.65
2019-12-12,0.1627,0.6686,1.0224,-0.2277,0.4456,확장(Risk-On),1.0,0.5,270.4
2019-12-13,0.4629,1.1491,1.341,-0.316,0.7371,확장(Risk-On),1.0,0.5,275.55
2019-12-16,0.822,1.1158,1.2712,-0.2932,0.8405,확장(Risk-On),1.0,0.5,274.8
2019-12-17,1.0876,1.0759,1.2898,-0.3043,0.9264,확장(Risk-On),1.0,0.5,279.25
2019-12-18,1.054,0.9705,1.3206,-0.3055,0.8959,확장(Risk-On),1.0,0.5,278.85
2019-12-19,1.0102,1.0283,1.2771,-0.3609,0.8758,확장(Risk-On),1.0,0.5,279.25
2019-12-20,0.9614,0.9408,1.1221,-0.4536,0.7842,확장(Risk-On),1.0,0.5,279.75
2019-12-23,1.0518,0.9755,0.9533,-0.6535,0.7523,확장(Risk-On),1.0,0.5,279.55
2019-12-24,1.0286,0.8507,0.7797,-0.6185,0.6748,확장(Risk-On),1.0,0.5,277.25
2019-12-26,1.1007,1.1965,0.5473,-0.5433,0.7397,확장(Risk-On),1.0,0.5,279.05
2019-12-27,1.4777,1.0706,0.7704,-0.72,0.8694,확장(Risk-On),1.0,0.5,284.2
2019-12-30,1.4393,0.6262,0.7354,-0.5621,0.7599,확장(Risk-On),1.0,0.5,282.75
2020-01-02,1.0345,1.0134,0.5941,-0.6271,0.6699,확장(Risk-On),1.0,1.0,278.45
2020-01-03,0.9238,0.5239,0.4698,-0.573,0.4858,확장(Risk-On),1.0,1.0,279.05
2020-01-06,0.5986,0.103,0.2207,-0.6069,0.1994,중립(Neutral),0.5,1.0,276.55
2020-01-07,0.5967,0.3007,0.0772,-0.6538,0.2053,확장(Risk-On),1.0,1.0,279.75
2020-01-08,0.4697,0.3614,-0.0699,-0.7095,0.1308,중립(Neutral),0.5,1.0,277.7
2020-01-09,0.7242,0.7107,0.33,-1.0489,0.3563,확장(Risk-On),1.0,1.0,282.55
2020-01-10,0.7355,0.7819,0.29,-1.1776,0.3487,확장(Risk-On),1.0,1.0,285.1
2020-01-13,1.0095,0.6474,0.2914,-1.1368,0.4175,확장(Risk-On),1.0,1.0,288.2
2020-01-14,1.03,0.6247,0.4304,-0.9061,0.4883,확장(Risk-On),1.0,1.0,289.55
2020-01-15,0.9159,0.5701,0.2783,-0.9169,0.3951,확장(Risk-On),1.0,1.0,287.75
2020-01-16,1.02,0.6385,0.314,-0.9945,0.446,확장(Risk-On),1.0,1.0,290.7
2020-01-17,1.0934,0.7868,0.2628,-1.0525,0.4872,확장(Risk-On),1.0,1.0,291.2
2020-01-20,1.1604,0.9906,0.3132,-0.8823,0.5997,확장(Risk-On),1.0,1.0,293.9
2020-01-21,0.735,0.5513,0.0539,-0.5739,0.3225,확장(Risk-On),1.0,1.0,289.55
2020-01-22,0.9512,0.9356,0.3602,-0.7958,0.5375,확장(Risk-On),1.0,1.0,294.3
2020-01-23,0.7858,0.657,0.1429,-0.5884,0.3867,확장(Risk-On),1.0,1.0,290.3
2020-01-28,0.217,-0.1163,-0.3927,-0.3951,-0.1105,중립(Neutral),0.5,1.0,280.55
2020-01-29,0.2743,-0.0333,-0.2045,-0.2369,0.001,중립(Neutral),0.5,1.0,281.7
2020-01-30,0.0394,0.0254,-0.3297,-0.2194,-0.0952,중립(Neutral),0.5,1.0,275.55
2020-01-31,-0.1829,-0.5132,-0.195,-0.2273,-0.2751,수축(Risk-Off),0.0,1.0,272.45
2020-02-03,-0.1377,-0.5558,-0.4372,-0.028,-0.3006,수축(Risk-Off),0.0,0.0,272.75
2020-02-04,0.0712,-0.0778,-0.2288,-0.1832,-0.0792,중립(Neutral),0.5,0.0,278.95
2020-02-05,0.1086,0.0492,-0.2192,-0.1947,-0.0337,중립(Neutral),0.5,0.0,279.85
2020-02-06,0.4155,0.2366,-0.0784,-0.2148,0.1527,중립(Neutral),0.5,0.0,288.95
2020-02-07,0.2524,0.2013,-0.1597,-0.197,0.0692,중립(Neutral),0.5,0.0,285.85
2020-02-10,0.1659,0.1036,-0.3208,-0.1848,-0.024,중립(Neutral),0.5,0.0,284.0
2020-02-11,0.3624,0.0956,-0.1573,-0.2071,0.0804,중립(Neutral),0.5,0.0,287.35
2020-02-12,0.4533,0.4797,0.0028,-0.2771,0.2377,확장(Risk-On),1.0,0.0,289.4
2020-02-13,0.3216,0.4473,-0.2347,-0.2433,0.1292,중립(Neutral),0.5,0.0,288.0
2020-02-14,0.5952,0.5567,-0.2104,-0.297,0.2504,확장(Risk-On),1.0,0.0,290.8
2020-02-17,0.5455,0.6362,-0.3435,-0.2101,0.2326,확장(Risk-On),1.0,0.0,290.325
2020-02-18,0.5231,0.398,-0.5,-0.0675,0.1475,중립(Neutral),0.5,0.0,290.325
2020-02-19,0.5234,0.7218,-0.6531,-0.0688,0.1901,중립(Neutral),0.5,0.0,290.325
2020-02-20,0.5086,0.3092,-0.8496,-0.0215,0.0397,중립(Neutral),0.5,0.0,290.325
2020-02-21,0.7583,-0.1081,-1.175,-0.0227,-0.0588,중립(Neutral),0.5,0.0,290.325
2020-02-24,-0.1421,-1.0136,-1.5846,-0.0136,-0.7013,수축(Risk-Off),0.0,0.0,268.7
2020-02-25,-0.011,-1.2474,-1.4164,0.0025,-0.6694,수축(Risk-Off),0.0,0.0,272.25
2020-02-26,-0.1575,-1.3511,-1.4186,0.0455,-0.7407,수축(Risk-Off),0.0,0.0,267.55
2020-02-27,-0.2045,-2.0721,-1.4232,0.0253,-0.9416,수축(Risk-Off),0.0,0.0,265.3
2020-02-28,-0.624,-2.3681,-1.3563,0.2551,-1.1113,수축(Risk-Off),0.0,0.0,256.1
2020-03-02,-0.7042,-1.7663,-0.6714,0.1533,-0.8329,수축(Risk-Off),0.0,0.0,258.45
2020-03-03,-0.6127,-1.913,-0.594,0.1905,-0.8126,수축(Risk-Off),0.0,0.0,259.85
2020-03-04,-0.4174,-1.6287,-0.6089,0.3053,-0.6597,수축(Risk-Off),0.0,0.0,265.8
2020-03-05,-0.2795,-1.9579,-0.4735,0.2871,-0.6626,수축(Risk-Off),0.0,0.0,268.8
2020-03-06,-0.5058,-2.2278,-0.6802,0.2759,-0.8626,수축(Risk-Off),0.0,0.0,262.35
2020-03-09,-0.8653,-2.7569,-0.7664,0.3847,-1.126,수축(Risk-Off),0.0,0.0,249.9
2020-03-10,-0.8749,-2.3426,-0.773,0.26,-1.0461,수축(Risk-Off),0.0,0.0,252.55
2020-03-11,-1.0862,-2.5892,-0.9507,0.2522,-1.2273,수축(Risk-Off),0.0,0.0,244.45
2020-03-12,-1.3596,-2.6803,-1.1205,0.3,-1.381,수축(Risk-Off),0.0,0.0,231.9
2020-03-13,-1.4025,-2.0536,-1.0249,-0.1169,-1.2781,수축(Risk-Off),0.0,0.0,229.85
2020-03-16,-1.6193,-2.3738,-0.9297,0.0034,-1.3921,수축(Risk-Off),0.0,0.0,217.65
2020-03-17,-1.6885,-2.4662,-1.1189,0.2353,-1.4519,수축(Risk-Off),0.0,0.0,212.5
2020-03-18,-1.7952,-2.3559,-1.2728,-0.1539,-1.5586,수축(Risk-Off),0.0,0.0,199.7
2020-03-19,-1.9076,-2.31,-1.5959,-0.5506,-1.7267,수축(Risk-Off),0.0,0.0,185.6
2020-03-20,-1.5093,-2.1378,-1.4563,-0.4551,-1.495,수축(Risk-Off),0.0,0.0,202.8
2020-03-23,-1.7216,-1.9401,-1.6737,-0.7837,-1.6236,수축(Risk-Off),0.0,0.0,187.5
2020-03-24,-1.0861,-1.7645,-1.5039,-0.7178,-1.3049,수축(Risk-Off),0.0,0.0,208.05
2020-03-25,-0.8136,-1.8241,-1.3439,-0.4026,-1.1372,수축(Risk-Off),0.0,0.0,220.6
2020-03-26,-0.9491,-1.8806,-1.1167,-0.0711,-1.0922,수축(Risk-Off),0.0,0.0,215.7
2020-03-27,-0.8516,-1.9636,-0.913,-0.2713,-1.0579,수축(Risk-Off),0.0,0.0,221.65
2020-03-30,-1.0115,-1.7552,-1.0094,-0.2127,-1.0771,수축(Risk-Off),0.0,0.0,218.4
2020-03-31,-0.8368,-1.6135,-0.8546,-0.158,-0.9336,수축(Risk-Off),0.0,0.0,224.1
2020-04-01,-1.0306,-1.6125,-0.9956,-0.4132,-1.0747,수축(Risk-Off),0.0,0.0,213.25
2020-04-02,-0.8211,-1.5509,-0.9265,-0.177,-0.9333,수축(Risk-Off),0.0,0.0,219.75
2020-04-03,-0.828,-1.3238,-1.0241,-0.2303,-0.9113,수축(Risk-Off),0.0,0.0,219.5
2020-04-04,-0.8001,-1.0754,-0.9974,-0.2179,-0.8309,수축(Risk-Off),0.0,0.0,218.15
2020-04-07,-0.4314,-0.7734,-0.8596,-0.0247,-0.5629,수축(Risk-Off),0.0,0.0,229.55
2020-04-08,-0.3139,-0.7012,-0.714,-0.1633,-0.4882,수축(Risk-Off),0.0,0.0,229.6
2020-04-09,-0.143,-0.6777,-0.6677,0.1577,-0.3627,수축(Risk-Off),0.0,0.0,233.15
2020-04-10,0.0131,-0.7139,-0.58,0.1533,-0.2959,수축(Risk-Off),0.0,0.0,235.2
2020-04-13,-0.0582,-0.8651,-0.784,0.1428,-0.4112,수축(Risk-Off),0.0,0.0,230.1
2020-04-14,0.0294,-0.766,-0.7476,0.1321,-0.3483,수축(Risk-Off),0.0,0.0,234.9
2020-04-16,-0.0602,-0.8896,-0.8616,0.1439,-0.4373,수축(Risk-Off),0.0,0.0,235.3
2020-04-17,-0.0495,-0.784,-0.6579,0.1195,-0.3599,수축(Risk-Off),0.0,0.0,242.85
2020-04-20,-0.1552,-0.9609,-0.7018,0.1966,-0.4405,수축(Risk-Off),0.0,0.0,239.3
2020-04-21,-0.1953,-1.1438,-0.8363,0.1309,-0.5438,수축(Risk-Off),0.0,0.0,236.5
2020-04-22,-0.1997,-1.0054,-0.8353,0.0652,-0.5203,수축(Risk-Off),0.0,0.0,234.325
2020-04-23,-0.1777,-0.9602,-0.8194,0.0818,-0.4948,수축(Risk-Off),0.0,0.0,239.5
2020-04-24,-0.1278,-0.8611,-0.8639,0.093,-0.462,수축(Risk-Off),0.0,0.0,237.05
2020-04-27,-0.0855,-0.6817,-0.7019,0.0339,-0.3707,수축(Risk-Off),0.0,0.0,242.075
2020-04-28,-0.0394,-0.6899,-0.5776,0.0503,-0.3231,수축(Risk-Off),0.0,0.0,244.1
2020-04-29,-0.0077,-0.604,-0.5041,0.0711,-0.2691,수축(Risk-Off),0.0,0.0,246.2
2020-05-04,-0.3337,-0.7309,-0.3934,-0.026,-0.4018,수축(Risk-Off),0.0,0.0,237.7
2020-05-06,-0.1056,-0.6017,-0.3395,0.0933,-0.2582,수축(Risk-Off),0.0,0.0,243.3
2020-05-07,-0.1203,-0.428,-0.3136,0.1275,-0.2084,수축(Risk-Off),0.0,0.0,241.65
2020-05-08,-0.0863,-0.2597,-0.3532,0.1834,-0.1559,중립(Neutral),0.5,0.0,244.5
2020-05-11,-0.0675,-0.3136,-0.5928,0.123,-0.2318,수축(Risk-Off),0.0,0.0,242.35
2020-05-12,-0.1677,-0.5634,-0.5725,0.1573,-0.3191,수축(Risk-Off),0.0,0.0,240.9
2020-05-13,-0.1254,-0.6403,-0.6837,0.1915,-0.3462,수축(Risk-Off),0.0,0.0,243.75
2020-05-14,-0.1593,-0.5291,-0.6953,0.2265,-0.3279,수축(Risk-Off),0.0,0.0,240.45
2020-05-15,-0.1413,-0.5372,-0.7,0.2305,-0.3242,수축(Risk-Off),0.0,0.0,241.7
2020-05-18,-0.0931,-0.4014,-0.6966,0.2228,-0.2737,수축(Risk-Off),0.0,0.0,244.05
2020-05-19,0.0558,-0.3679,-0.4467,0.2215,-0.1509,중립(Neutral),0.5,0.0,250.05
2020-05-20,0.1432,-0.2176,-0.2406,0.2154,-0.0321,중립(Neutral),0.5,0.0,250.25
2020-05-21,0.0987,-0.5066,-0.234,0.2241,-0.117,중립(Neutral),0.5,0.0,251.65
2020-05-22,0.0282,-0.5083,-0.3769,0.2216,-0.1782,중립(Neutral),0.5,0.0,246.9
2020-05-25,0.2428,-0.0404,-0.0581,0.3384,0.1111,중립(Neutral),0.5,0.0,251.1
2020-05-26,0.338,0.0037,0.3384,0.3464,0.2558,확장(Risk-On),1.0,0.0,254.75
2020-05-27,0.4659,-0.0961,0.576,0.4898,0.3565,확장(Risk-On),1.0,0.0,255.55
2020-05-28,0.6758,-0.2277,0.5407,0.5226,0.3932,확장(Risk-On),1.0,0.0,256.35
2020-05-29,0.752,-0.12,0.5534,0.4837,0.4441,확장(Risk-On),1.0,0.0,255.35
2020-06-01,1.0699,-0.3232,0.8434,0.4563,0.573,확장(Risk-On),1.0,1.0,261.3
2020-06-02,1.1746,-0.2531,0.7972,0.506,0.623,확장(Risk-On),1.0,1.0,264.0
2020-06-03,1.6537,0.2147,0.9103,0.4571,0.9286,확장(Risk-On),1.0,1.0,274.2
2020-06-04,1.5204,0.2891,0.6762,0.4994,0.8484,확장(Risk-On),1.0,1.0,274.75
2020-06-05,1.57,0.5345,0.9192,0.211,0.9446,확장(Risk-On),1.0,1.0,279.65
2020-06-08,1.5496,0.2985,0.9404,0.1167,0.8696,확장(Risk-On),1.0,1.0,278.85
2020-06-09,1.6772,0.2893,1.2408,0.4521,1.0373,확장(Risk-On),1.0,1.0,279.2
2020-06-10,1.794,0.1868,1.3165,0.4715,1.0744,확장(Risk-On),1.0,1.0,279.95
2020-06-11,1.4502,-0.6623,1.3246,0.4918,0.7469,확장(Risk-On),1.0,1.0,275.1
2020-06-12,1.096,-0.5796,1.0126,0.3822,0.5492,확장(Risk-On),1.0,1.0,267.15
2020-06-15,0.5142,-0.5925,0.7842,-0.085,0.2151,확장(Risk-On),1.0,1.0,255.1
2020-06-16,1.0571,-0.572,0.8607,0.0107,0.4438,확장(Risk-On),1.0,1.0,270.0
2020-06-17,1.0855,-0.5399,0.7265,-0.1733,0.4006,확장(Risk-On),1.0,1.0,270.6
2020-06-18,0.9896,-0.4509,0.6387,0.1044,0.409,확장(Risk-On),1.0,1.0,270.5
2020-06-19,0.8315,-0.6054,0.4977,0.0785,0.2759,확장(Risk-On),1.0,1.0,271.05
2020-06-22,0.7116,-0.4097,0.707,0.3394,0.3743,확장(Risk-On),1.0,1.0,268.9
2020-06-23,0.7248,-0.4029,0.7316,0.3142,0.383,확장(Risk-On),1.0,1.0,269.8
2020-06-24,0.8596,-0.5017,0.8842,0.4168,0.459,확장(Risk-On),1.0,1.0,274.55
2020-06-25,0.5242,-0.5218,0.8022,0.4363,0.319,확장(Risk-On),1.0,1.0,266.65
2020-06-26,0.5707,-0.8077,0.5275,0.4716,0.2005,확장(Risk-On),1.0,1.0,270.75
2020-06-29,0.2288,-0.6074,0.5145,0.3854,0.1147,중립(Neutral),0.5,1.0,266.45
2020-06-30,0.1323,-0.4705,0.7153,0.3879,0.1657,중립(Neutral),0.5,1.0,268.7
2020-07-01,0.1328,-0.4292,0.8673,0.3496,0.2084,확장(Risk-On),1.0,0.5,268.7
2020-07-02,0.2744,-0.3989,0.8454,0.4999,0.2826,확장(Risk-On),1.0,0.5,271.5
2020-07-03,0.4041,-0.2865,0.9754,0.4616,0.3829,확장(Risk-On),1.0,0.5,274.8
2020-07-06,0.5899,-0.0937,0.947,0.157,0.4433,확장(Risk-On),1.0,0.5,279.2
2020-07-07,0.6384,-0.2509,0.7434,0.269,0.3869,확장(Risk-On),1.0,0.5,275.8
2020-07-08,0.6144,-0.2062,0.6968,0.2542,0.3758,확장(Risk-On),1.0,0.5,275.05
2020-07-09,0.787,-0.2533,0.5327,0.0675,0.3554,확장(Risk-On),1.0,0.5,276.3
2020-07-10,0.4017,-0.1724,0.4705,0.0727,0.226,확장(Risk-On),1.0,0.5,273.1
2020-07-13,0.5592,-0.2316,0.8904,-0.1351,0.3402,확장(Risk-On),1.0,0.5,278.75
2020-07-14,0.5586,-0.0803,0.8099,-0.1774,0.3513,확장(Risk-On),1.0,0.5,278.45
2020-07-15,0.6518,-0.0708,0.913,-0.0339,0.4336,확장(Risk-On),1.0,0.5,281.25
2020-07-16,0.6793,-0.1525,0.8868,-0.0827,0.4089,확장(Risk-On),1.0,0.5,277.85
2020-07-17,0.7517,0.1249,0.8069,-0.0472,0.489,확장(Risk-On),1.0,0.5,280.5
2020-07-20,0.7252,0.1292,0.91,0.0909,0.5273,확장(Risk-On),1.0,0.5,279.7
2020-07-21,0.794,0.2709,0.9985,-0.169,0.5699,확장(Risk-On),1.0,0.5,283.9
2020-07-22,0.7684,0.2385,1.0138,-0.0092,0.5806,확장(Risk-On),1.0,0.5,283.1
2020-07-23,0.7951,0.0351,1.1148,0.1476,0.5879,확장(Risk-On),1.0,0.5,280.65
2020-07-24,0.7252,-0.0332,1.1133,0.1584,0.5476,확장(Risk-On),1.0,0.5,279.35
2020-07-27,0.7603,-0.0062,1.1892,0.1355,0.5822,확장(Risk-On),1.0,0.5,282.55
2020-07-28,0.8752,-0.0121,0.9316,0.0982,0.5509,확장(Risk-On),1.0,0.5,288.1
2020-07-29,0.9476,0.119,1.0246,0.1616,0.6418,확장(Risk-On),1.0,0.5,290.0
2020-07-30,0.8572,0.1049,1.0708,0.7282,0.7032,확장(Risk-On),1.0,0.5,290.65
2020-07-31,0.7878,0.1377,1.2091,0.6949,0.7167,확장(Risk-On),1.0,0.5,288.35
2020-08-03,0.7335,0.1523,1.0235,0.324,0.5993,확장(Risk-On),1.0,1.0,287.85
2020-08-04,0.9547,0.1387,0.8942,0.5592,0.6762,확장(Risk-On),1.0,1.0,291.45
2020-08-05,1.0867,0.3642,0.9197,0.9211,0.8395,확장(Risk-On),1.0,1.0,295.35
2020-08-06,1.1069,0.3339,0.8789,0.7836,0.8081,확장(Risk-On),1.0,1.0,300.2
2020-08-07,1.0929,0.2975,0.8213,0.7629,0.7767,확장(Risk-On),1.0,1.0,300.7
2020-08-10,1.237,0.2731,0.7407,0.8316,0.8112,확장(Risk-On),1.0,1.0,305.75
2020-08-11,1.3349,0.177,1.1337,0.6946,0.8991,확장(Risk-On),1.0,1.0,309.7
2020-08-12,1.4643,0.1075,0.8815,0.2516,0.7975,확장(Risk-On),1.0,1.0,311.4
2020-08-13,1.4258,0.1085,0.8638,0.4667,0.8121,확장(Risk-On),1.0,1.0,311.9
2020-08-14,1.1573,-0.0133,0.5273,0.2473,0.5706,확장(Risk-On),1.0,1.0,307.45
2020-08-18,0.8668,0.0656,0.417,0.3586,0.4778,확장(Risk-On),1.0,1.0,301.8
2020-08-19,0.878,-0.0582,0.5091,0.3375,0.4707,확장(Risk-On),1.0,1.0,302.25
2020-08-20,0.3825,-0.0054,0.4087,0.3185,0.2825,확장(Risk-On),1.0,1.0,290.35
2020-08-21,0.4609,0.1452,0.6734,-0.0602,0.357,확장(Risk-On),1.0,1.0,295.55
2020-08-24,0.5702,0.2169,1.0084,0.1213,0.5241,확장(Risk-On),1.0,1.0,298.45
2020-08-25,0.9616,0.2552,0.9233,0.0459,0.6381,확장(Risk-On),1.0,1.0,302.5
2020-08-26,0.9675,0.1377,1.069,-0.0431,0.6338,확장(Risk-On),1.0,1.0,302.6
2020-08-27,1.0111,0.0619,1.0724,-0.4404,0.5714,확장(Risk-On),1.0,1.0,299.7
2020-08-28,0.8242,0.3149,1.1799,-0.9743,0.516,확장(Risk-On),1.0,1.0,301.65
2020-08-31,0.371,-0.0507,1.0614,-1.024,0.2289,확장(Risk-On),1.0,1.0,295.6
2020-09-01,0.4918,0.1027,1.0417,-1.3884,0.25,확장(Risk-On),1.0,1.0,298.85
2020-09-02,0.5445,-0.0257,0.8312,-0.9451,0.2502,확장(Risk-On),1.0,1.0,300.35
2020-09-03,0.6377,-0.2438,1.142,-1.0096,0.2963,확장(Risk-On),1.0,1.0,304.7
2020-09-04,0.3382,-0.1762,1.0144,-0.8622,0.1986,중립(Neutral),0.5,1.0,299.95
2020-09-07,0.4377,-0.1114,1.0752,-1.0432,0.2377,확장(Risk-On),1.0,1.0,302.15
2020-09-08,0.6635,-0.1996,1.0492,-0.946,0.3027,확장(Risk-On),1.0,1.0,306.0
2020-09-09,0.5375,-0.1961,0.966,-0.5289,0.3013,확장(Risk-On),1.0,1.0,302.45
2020-09-10,0.6994,-0.2025,1.0087,-0.7015,0.3411,확장(Risk-On),1.0,1.0,305.35
2020-09-11,0.8071,0.033,0.9183,-0.8318,0.3955,확장(Risk-On),1.0,1.0,305.55
2020-09-14,1.1683,0.053,0.862,-0.3577,0.584,확장(Risk-On),1.0,1.0,309.55
2020-09-15,1.1241,0.1677,0.9802,-0.319,0.6326,확장(Risk-On),1.0,1.0,312.0
2020-09-16,1.0957,0.114,1.0297,-0.4242,0.6058,확장(Risk-On),1.0,1.0,311.15
2020-09-17,0.7854,-0.0143,1.0155,-0.5393,0.4443,확장(Risk-On),1.0,1.0,306.3
2020-09-18,0.7908,0.1421,1.2656,-0.389,0.5704,확장(Risk-On),1.0,1.0,307.35
2020-09-21,0.7593,-0.2007,0.9589,0.0596,0.4642,확장(Risk-On),1.0,1.0,304.8
2020-09-22,0.4212,-0.2841,0.9157,0.1629,0.3297,확장(Risk-On),1.0,1.0,297.0
2020-09-23,0.4786,-0.2966,0.8802,0.1611,0.3376,확장(Risk-On),1.0,1.0,298.3
2020-09-24,0.2312,-0.3145,0.6792,0.1642,0.1967,중립(Neutral),0.5,1.0,291.15
2020-09-25,0.2242,-0.0859,0.6464,0.0575,0.2272,확장(Risk-On),1.0,1.0,292.6
2020-09-28,0.2596,0.2341,0.7493,0.1558,0.3601,확장(Risk-On),1.0,1.0,296.95
2020-09-29,0.4181,0.1837,0.6111,0.0783,0.3568,확장(Risk-On),1.0,1.0,299.5
2020-10-05,0.3721,0.1124,0.8251,-0.1316,0.3449,확장(Risk-On),1.0,1.0,303.3
2020-10-06,0.4229,-0.0317,0.8087,-0.2498,0.3048,확장(Risk-On),1.0,1.0,304.05
2020-10-07,0.5405,0.0865,0.7713,-0.3464,0.3516,확장(Risk-On),1.0,1.0,307.15
2020-10-08,0.4341,0.2892,0.8271,-0.5022,0.3557,확장(Risk-On),1.0,1.0,307.65
2020-10-12,0.4608,0.4342,1.0433,-0.6365,0.4352,확장(Risk-On),1.0,1.0,308.65
2020-10-13,0.4763,0.2421,0.9966,-0.3588,0.4225,확장(Risk-On),1.0,1.0,308.8
2020-10-14,0.3364,0.2359,0.7604,-0.3359,0.3164,확장(Risk-On),1.0,1.0,305.55
2020-10-15,0.2688,-0.0572,0.6672,-0.1729,0.2206,확장(Risk-On),1.0,1.0,303.05
2020-10-16,0.3313,-0.0264,0.7241,-0.3098,0.2439,확장(Risk-On),1.0,1.0,301.55
2020-10-19,0.3789,-0.5337,0.7359,0.0,0.1832,중립(Neutral),0.5,1.0,301.9
2020-10-20,0.4484,-0.4769,0.5667,-0.2586,0.1406,중립(Neutral),0.5,1.0,304.45
2020-10-21,0.5199,-0.4084,0.6333,-0.4951,0.1639,중립(Neutral),0.5,1.0,305.5
2020-10-22,0.2614,-0.3908,0.6014,-0.4064,0.0832,중립(Neutral),0.5,1.0,303.25
2020-10-23,0.2132,-0.3269,0.753,-0.2758,0.1398,중립(Neutral),0.5,1.0,304.6
2020-10-26,0.1782,-0.6604,0.7727,-0.2548,0.0522,중립(Neutral),0.5,1.0,304.55
2020-10-27,0.1822,-0.6126,0.8195,-0.3452,0.0637,중립(Neutral),0.5,1.0,302.85
2020-10-28,0.0132,-1.0839,0.5182,-0.0933,-0.1508,중립(Neutral),0.5,1.0,299.65
2020-10-29,-0.2387,-0.6844,0.7669,-0.183,-0.0904,중립(Neutral),0.5,1.0,296.8
2020-10-30,-0.2063,-0.8698,0.7527,-0.238,-0.1372,중립(Neutral),0.5,1.0,296.25
2020-11-02,-0.3112,-0.9268,0.5257,-0.2865,-0.2522,수축(Risk-Off),0.0,0.5,293.2
2020-11-03,-0.059,-0.7609,0.5989,-0.4735,-0.1322,중립(Neutral),0.5,0.5,299.6
2020-11-04,-0.0016,-0.3313,0.6436,-0.4347,0.0123,중립(Neutral),0.5,0.5,301.25
2020-11-05,0.2534,-0.1472,0.7573,-0.2458,0.2043,확장(Risk-On),1.0,0.5,308.3
2020-11-06,0.3483,-0.0262,0.8495,-0.3047,0.282,확장(Risk-On),1.0,0.5,311.75
2020-11-09,0.7858,0.1433,1.2219,-0.7125,0.5095,확장(Risk-On),1.0,0.5,316.85
2020-11-10,0.7073,0.1101,1.0509,-0.9362,0.3974,확장(Risk-On),1.0,0.5,315.6
2020-11-11,0.8775,0.3755,1.2244,-1.3135,0.5101,확장(Risk-On),1.0,0.5,318.75
2020-11-12,1.0274,0.2546,1.1581,-1.2444,0.5261,확장(Risk-On),1.0,0.5,319.95
2020-11-13,0.8775,0.4335,1.2755,-0.978,0.5877,확장(Risk-On),1.0,0.5,318.7
2020-11-16,1.2338,0.4714,1.4081,-1.0717,0.7409,확장(Risk-On),1.0,0.5,327.55
2020-11-17,1.4184,0.4289,1.4958,-0.9084,0.8413,확장(Risk-On),1.0,0.5,331.0
2020-11-18,1.4046,0.6201,1.5543,-0.8133,0.9132,확장(Risk-On),1.0,0.5,329.4
2020-11-19,1.3638,0.6442,1.328,-0.7933,0.8514,확장(Risk-On),1.0,0.5,328.55
2020-11-20,1.3807,0.9115,1.3798,-0.8803,0.924,확장(Risk-On),1.0,0.5,329.2
2020-11-23,1.7591,0.912,1.372,-0.3649,1.1319,확장(Risk-On),1.0,0.5,336.05
2020-11-24,1.9028,1.0695,1.5546,-0.4793,1.2501,확장(Risk-On),1.0,0.5,341.25
2020-11-25,1.8432,1.1791,1.5951,-0.6352,1.2434,확장(Risk-On),1.0,0.5,341.3
2020-11-26,1.7481,1.0964,1.5828,-0.5086,1.2054,확장(Risk-On),1.0,0.5,337.85
2020-11-27,1.7728,0.9082,1.5537,-0.4466,1.169,확장(Risk-On),1.0,0.5,341.45
2020-11-30,1.4129,0.7173,1.6826,-0.7266,0.9855,확장(Risk-On),1.0,0.5,336.9
2020-12-01,1.3925,0.9355,1.7837,-0.8884,1.0339,확장(Risk-On),1.0,1.0,336.9
2020-12-02,1.4026,1.0062,1.7832,-0.8313,1.0636,확장(Risk-On),1.0,1.0,336.9
2020-12-03,1.3786,1.0022,2.1339,-0.7138,1.1595,확장(Risk-On),1.0,1.0,336.9
2020-12-04,1.8554,0.9874,2.2946,-0.5067,1.3939,확장(Risk-On),1.0,1.0,358.6
2020-12-07,1.8498,0.9263,2.1317,-0.7058,1.3061,확장(Risk-On),1.0,1.0,358.6
2020-12-08,1.7862,0.9815,2.0156,-0.5843,1.2868,확장(Risk-On),1.0,1.0,356.75
2020-12-09,1.7558,0.8122,1.9981,-0.5839,1.2295,확장(Risk-On),1.0,1.0,355.95
2020-12-10,1.5426,0.7949,1.9626,-0.7062,1.1233,확장(Risk-On),1.0,1.0,356.0
2020-12-11,1.6134,0.785,1.99,-0.8267,1.1344,확장(Risk-On),1.0,1.0,361.05
2020-12-14,1.7716,0.6357,2.034,-0.7824,1.1701,확장(Risk-On),1.0,1.0,361.35
2020-12-15,1.6518,0.6869,1.8469,-0.8132,1.0896,확장(Risk-On),1.0,1.0,358.25
2020-12-16,1.7449,0.6965,1.8271,-0.9673,1.0965,확장(Risk-On),1.0,1.0,360.6
2020-12-17,1.7117,0.7231,1.8145,-1.3621,1.0292,확장(Risk-On),1.0,1.0,359.3
2020-12-18,1.6326,0.7231,1.6687,-1.4368,0.9538,확장(Risk-On),1.0,1.0,360.45
2020-12-21,1.4201,0.3504,1.4659,-1.1295,0.7817,확장(Risk-On),1.0,1.0,357.65
2020-12-22,1.3788,0.3603,1.4432,-0.8766,0.802,확장(Risk-On),1.0,1.0,357.8
2020-12-23,1.2756,0.2724,1.3797,-0.6439,0.7629,확장(Risk-On),1.0,1.0,353.8
2020-12-24,1.449,0.6045,1.4909,-0.8059,0.9101,확장(Risk-On),1.0,1.0,363.45
2020-12-28,1.7594,0.7891,1.7684,-0.7719,1.1394,확장(Risk-On),1.0,1.0,370.4
2020-12-29,1.8961,0.69,1.9051,-0.6692,1.212,확장(Risk-On),1.0,1.0,374.7
2020-12-30,2.0109,0.7205,1.9612,-0.9623,1.2299,확장(Risk-On),1.0,1.0,375.25
2021-01-04,2.0297,0.3731,1.7856,-1.1811,1.0729,확장(Risk-On),1.0,1.0,393.85
2021-01-05,2.0855,0.5197,1.6637,-1.0576,1.1172,확장(Risk-On),1.0,1.0,393.9
2021-01-06,2.2604,0.5155,1.8748,-1.0761,1.2273,확장(Risk-On),1.0,1.0,399.95
2021-01-07,2.3784,0.7965,1.7676,-1.1091,1.3071,확장(Risk-On),1.0,1.0,404.05
2021-01-08,2.6452,0.8733,1.8428,-1.2999,1.4099,확장(Risk-On),1.0,1.0,413.15
2021-01-11,2.8433,0.6993,1.6745,-0.9519,1.4459,확장(Risk-On),1.0,1.0,436.7
2021-01-12,2.3814,0.8194,1.6228,-1.1958,1.2647,확장(Risk-On),1.0,1.0,422.8
2021-01-13,2.4361,0.8406,1.7886,-1.0013,1.3598,확장(Risk-On),1.0,1.0,422.6
2021-01-14,2.4528,0.7271,1.9343,-0.9074,1.3877,확장(Risk-On),1.0,1.0,423.7
2021-01-15,2.3684,0.6022,1.8807,-0.7681,1.3344,확장(Risk-On),1.0,1.0,421.15
2021-01-18,2.2242,0.5844,1.8181,-0.6132,1.2871,확장(Risk-On),1.0,1.0,413.1
2021-01-19,2.0762,0.8599,1.8377,-0.6589,1.3022,확장(Risk-On),1.0,1.0,409.55
2021-01-20,2.2346,0.9654,1.723,-0.7324,1.3444,확장(Risk-On),1.0,1.0,417.15
2021-01-21,2.3112,0.9593,1.822,-0.9313,1.3646,확장(Risk-On),1.0,1.0,419.9
2021-01-22,2.4379,0.7982,1.6291,-0.945,1.3183,확장(Risk-On),1.0,1.0,422.75
2021-01-25,2.3596,0.6681,1.53,-1.0823,1.213,확장(Risk-On),1.0,1.0,426.45
2021-01-26,2.3656,0.6952,1.5291,-0.9391,1.2432,확장(Risk-On),1.0,1.0,426.7
2021-01-27,2.1275,-0.1504,1.3296,-0.8007,0.9193,확장(Risk-On),1.0,1.0,423.3
2021-01-28,1.6412,0.1777,1.193,-0.5288,0.8378,확장(Risk-On),1.0,1.0,407.95
2021-01-29,1.5971,-0.051,1.0672,-0.5635,0.7285,확장(Risk-On),1.0,1.0,407.2
2021-02-01,1.4506,0.2172,0.9135,-0.686,0.6875,확장(Risk-On),1.0,1.0,402.35
2021-02-02,1.5011,0.5962,0.989,-0.7481,0.8095,확장(Risk-On),1.0,1.0,416.2
2021-02-03,1.5585,0.763,1.0483,-0.6971,0.8937,확장(Risk-On),1.0,1.0,420.05
2021-02-04,1.304,0.6632,0.8354,-0.6448,0.7343,확장(Risk-On),1.0,1.0,411.7
2021-02-05,1.2611,0.7113,0.7412,-0.438,0.7388,확장(Risk-On),1.0,1.0,413.1
2021-02-08,1.1472,0.8449,0.7273,-0.9399,0.6536,확장(Risk-On),1.0,1.0,412.3
2021-02-09,0.948,0.8829,0.9772,-0.9963,0.6474,확장(Risk-On),1.0,1.0,418.5
2021-02-10,0.9239,0.7554,1.0222,-1.0772,0.6062,확장(Risk-On),1.0,1.0,411.8
2021-02-15,1.1185,1.0366,0.8954,-1.3993,0.6646,확장(Risk-On),1.0,1.0,420.15
2021-02-16,1.2722,0.8573,0.8858,-1.59,0.6426,확장(Risk-On),1.0,1.0,423.6
2021-02-17,1.1032,0.8142,0.7594,-1.6893,0.5261,확장(Risk-On),1.0,1.0,415.95
2021-02-18,0.9871,0.6325,0.7326,-1.2925,0.4929,확장(Risk-On),1.0,1.0,416.85
2021-02-19,0.8559,0.6941,0.7731,-1.3933,0.4574,확장(Risk-On),1.0,1.0,411.95
2021-02-22,0.9724,0.7278,0.6985,-1.3199,0.4989,확장(Risk-On),1.0,1.0,417.7
2021-02-23,0.6472,0.6514,0.6299,-1.6316,0.3021,확장(Risk-On),1.0,1.0,404.9
2021-02-24,0.7169,1.1315,0.5568,-1.6784,0.4212,확장(Risk-On),1.0,1.0,408.4
2021-02-25,0.7925,0.3938,0.6319,-1.4295,0.3194,확장(Risk-On),1.0,1.0,409.95
2021-02-26,0.9105,0.5788,0.1213,-1.924,0.2051,확장(Risk-On),1.0,1.0,404.4
2021-03-02,1.1621,0.5922,0.2362,-1.6713,0.3631,확장(Risk-On),1.0,1.0,415.75
2021-03-03,0.7554,0.4055,0.3483,-1.8965,0.1684,중립(Neutral),0.5,1.0,410.0
2021-03-04,0.7362,0.3078,0.2896,-1.9639,0.1125,중립(Neutral),0.5,1.0,411.4
2021-03-05,0.6056,0.5221,0.0847,-2.2286,0.0294,중립(Neutral),0.5,1.0,401.0
2021-03-08,0.749,0.4418,0.0763,-1.9711,0.096,중립(Neutral),0.5,1.0,408.8
2021-03-09,0.5266,0.5913,-0.1491,-2.2613,-0.0443,중립(Neutral),0.5,1.0,397.25
2021-03-10,0.5731,0.4696,-0.0891,-1.2552,0.1074,중립(Neutral),0.5,1.0,401.75
2021-03-11,0.6132,0.5138,0.0519,-1.4442,0.1394,중립(Neutral),0.5,1.0,401.85
2021-03-12,0.7513,0.5754,0.0525,-1.4802,0.1979,중립(Neutral),0.5,1.0,410.55
2021-03-15,0.7368,0.6747,0.0399,-1.6672,0.1864,중립(Neutral),0.5,1.0,408.6
2021-03-16,0.6556,0.7862,0.2037,-1.7056,0.2211,확장(Risk-On),1.0,1.0,409.8
2021-03-17,0.5927,0.8305,0.1702,-1.4875,0.2345,확장(Risk-On),1.0,1.0,407.9
2021-03-18,0.7745,0.804,0.3186,-1.6311,0.3071,확장(Risk-On),1.0,1.0,413.6
2021-03-19,0.6371,0.7778,0.1203,-1.9071,0.1614,중립(Neutral),0.5,1.0,405.6
2021-03-22,0.6589,0.7779,0.1705,-1.2201,0.2847,확장(Risk-On),1.0,1.0,404.65
2021-03-23,0.6918,0.5709,0.004,-1.0025,0.2355,확장(Risk-On),1.0,1.0,407.55
2021-03-24,0.6206,0.3111,-0.2441,-0.7419,0.1227,중립(Neutral),0.5,1.0,400.3
2021-03-25,0.6208,0.5811,-0.3299,-0.9177,0.1424,중립(Neutral),0.5,1.0,402.2
2021-03-26,0.5948,0.6045,-0.2609,-0.6524,0.1962,중립(Neutral),0.5,1.0,404.15
2021-03-29,0.6874,0.2387,-0.256,-0.5838,0.1487,중립(Neutral),0.5,1.0,406.45
2021-03-30,0.7673,0.4621,-0.2233,-0.8688,0.1979,중립(Neutral),0.5,1.0,410.85
2021-03-31,0.6294,0.5251,-0.3219,-0.8396,0.1451,중립(Neutral),0.5,1.0,409.9
2021-04-01,0.6746,0.6669,-0.332,-0.5988,0.23,확장(Risk-On),1.0,0.5,414.15
2021-04-02,0.7562,0.5411,-0.416,-0.6278,0.2018,확장(Risk-On),1.0,0.5,418.65
2021-04-05,0.9256,0.4492,-0.3918,-0.8468,0.2113,확장(Risk-On),1.0,0.5,419.15
2021-04-06,0.8467,0.4583,-0.1693,-0.6437,0.272,확장(Risk-On),1.0,0.5,419.95
2021-04-07,0.9372,0.507,-0.1584,-0.7869,0.2971,확장(Risk-On),1.0,0.5,420.6
2021-04-08,0.6918,0.4216,-0.2226,-0.5108,0.2152,확장(Risk-On),1.0,0.5,419.85
2021-04-09,0.7588,0.4326,-0.1976,-0.5128,0.2474,확장(Risk-On),1.0,0.5,418.3
2021-04-12,0.6662,0.4396,-0.1315,-0.4642,0.2406,확장(Risk-On),1.0,0.5,418.45
2021-04-13,0.773,0.5681,-0.0555,-0.4664,0.3287,확장(Risk-On),1.0,0.5,423.25
2021-04-14,0.8408,0.4351,0.1576,-0.3771,0.3859,확장(Risk-On),1.0,0.5,425.95
2021-04-15,0.9029,0.535,-0.022,-0.3991,0.3844,확장(Risk-On),1.0,0.5,426.55
2021-04-16,0.84,0.511,-0.042,-0.4854,0.3384,확장(Risk-On),1.0,0.5,425.9
2021-04-19,0.8846,0.2413,0.0038,-0.4271,0.3068,확장(Risk-On),1.0,0.5,426.45
2021-04-20,0.9258,0.221,-0.0267,-0.4539,0.3045,확장(Risk-On),1.0,0.5,428.55
2021-04-21,0.6753,0.3562,-0.0659,-0.3882,0.2507,확장(Risk-On),1.0,0.5,420.8
2021-04-22,0.8233,0.3041,0.1153,-0.3345,0.3429,확장(Risk-On),1.0,0.5,422.15
2021-04-23,0.7852,0.4628,0.2669,-0.5284,0.378,확장(Risk-On),1.0,0.5,421.85
2021-04-26,0.9128,0.615,0.4746,-0.7083,0.4856,확장(Risk-On),1.0,0.5,426.0
2021-04-27,1.1114,0.442,0.3521,-0.406,0.5266,확장(Risk-On),1.0,0.5,426.6
2021-04-28,0.9127,0.4091,0.226,-0.4156,0.4159,확장(Risk-On),1.0,0.5,421.5
2021-04-29,1.0164,0.349,0.3633,-0.5613,0.4496,확장(Risk-On),1.0,0.5,420.6
2021-04-30,0.6681,0.2683,0.2229,-0.6764,0.2551,확장(Risk-On),1.0,0.5,416.9
2021-05-03,0.5088,0.2672,0.1024,-0.5265,0.1915,중립(Neutral),0.5,1.0,414.8
2021-05-04,0.6716,0.1301,0.0127,-0.6159,0.1784,중립(Neutral),0.5,1.0,418.2
2021-05-06,0.7111,0.2302,-0.1558,-0.6717,0.1667,중립(Neutral),0.5,1.0,420.3
2021-05-07,0.7793,0.4446,-0.0568,-0.7174,0.2621,확장(Risk-On),1.0,1.0,424.05
2021-05-10,1.0579,0.1287,0.0245,-0.8343,0.2834,확장(Risk-On),1.0,1.0,431.0
2021-05-11,0.7934,-0.1775,-0.2067,-0.7026,0.0763,중립(Neutral),0.5,1.0,422.95
2021-05-12,0.5593,-0.628,-0.2296,-0.7716,-0.1344,중립(Neutral),0.5,1.0,415.75
2021-05-13,0.2789,-0.2644,-0.4034,-0.8471,-0.1964,중립(Neutral),0.5,1.0,410.35
2021-05-14,0.3696,0.1414,-0.3321,-0.8206,-0.0414,중립(Neutral),0.5,1.0,415.05
2021-05-17,0.4185,-0.035,-0.4245,-0.7712,-0.0841,중립(Neutral),0.5,1.0,413.3
2021-05-18,0.5489,0.0212,-0.1799,-0.6983,0.0477,중립(Neutral),0.5,1.0,417.9
2021-05-20,0.58,0.0637,-0.3976,-0.7676,0.0044,중립(Neutral),0.5,1.0,416.55
2021-05-21,0.6833,0.0068,-0.2486,-0.6129,0.0868,중립(Neutral),0.5,1.0,417.05
2021-05-24,0.5985,0.1502,-0.2838,-0.4681,0.1059,중립(Neutral),0.5,1.0,415.15
2021-05-25,0.6677,0.0809,-0.2818,-0.5436,0.1019,중립(Neutral),0.5,1.0,419.9
2021-05-26,0.697,0.2298,-0.3179,-0.5468,0.1399,중립(Neutral),0.5,1.0,418.6
2021-05-27,0.76,0.2322,-0.3662,-0.4132,0.1705,중립(Neutral),0.5,1.0,417.75
2021-05-28,0.8039,0.4183,-0.0313,-0.45,0.3106,확장(Risk-On),1.0,1.0,421.15
2021-05-31,1.024,0.4279,-0.0105,-0.6411,0.3666,확장(Risk-On),1.0,1.0,422.7
2021-06-01,1.2346,0.4544,0.4158,-0.6306,0.555,확장(Risk-On),1.0,1.0,425.5
2021-06-02,1.2456,0.5798,0.2759,-0.7407,0.5388,확장(Risk-On),1.0,1.0,424.95
2021-06-03,1.2942,0.4533,0.1634,-0.7774,0.4905,확장(Risk-On),1.0,1.0,428.9
2021-06-04,1.3621,0.3895,0.1337,-0.5266,0.5285,확장(Risk-On),1.0,1.0,427.2
2021-06-07,1.3071,0.4623,0.2754,-0.4654,0.5721,확장(Risk-On),1.0,1.0,428.55
2021-06-08,1.122,0.4128,0.1421,-0.4007,0.4713,확장(Risk-On),1.0,1.0,427.9
2021-06-09,0.9792,0.5918,0.1583,-0.4442,0.4636,확장(Risk-On),1.0,1.0,422.95
2021-06-10,1.2237,0.4816,-0.0234,-0.4519,0.475,확장(Risk-On),1.0,1.0,424.2
2021-06-11,1.4882,0.3754,0.231,-0.438,0.6068,확장(Risk-On),1.0,1.0,427.6
2021-06-14,1.4274,0.4706,0.227,-0.4613,0.6048,확장(Risk-On),1.0,1.0,427.85
2021-06-15,1.4601,0.5019,0.2339,-0.4309,0.6304,확장(Risk-On),1.0,1.0,428.95
2021-06-16,1.6464,0.6429,0.4998,-0.4283,0.7976,확장(Risk-On),1.0,1.0,431.65
2021-06-17,1.517,0.5294,0.3988,-0.3666,0.708,확장(Risk-On),1.0,1.0,428.6
2021-06-18,1.5474,0.1834,0.2788,-0.296,0.6127,확장(Risk-On),1.0,1.0,429.95
2021-06-21,1.3988,0.2552,0.203,-0.2445,0.5674,확장(Risk-On),1.0,1.0,425.75
2021-06-22,1.5452,0.3041,0.1569,-0.3309,0.6064,확장(Risk-On),1.0,1.0,428.9
2021-06-23,1.5085,0.2859,0.2401,-0.3326,0.6096,확장(Risk-On),1.0,1.0,431.35
2021-06-24,1.6163,0.3722,0.2876,-0.3544,0.6775,확장(Risk-On),1.0,1.0,433.2
2021-06-25,1.6806,0.3986,0.258,-0.3808,0.6952,확장(Risk-On),1.0,1.0,435.15
2021-06-28,1.5903,0.352,0.1678,-0.4976,0.6119,확장(Risk-On),1.0,1.0,434.5
2021-06-29,1.3876,0.3271,0.0346,-0.4252,0.5123,확장(Risk-On),1.0,1.0,432.55
2021-06-30,1.3134,0.3598,-0.0504,-0.4519,0.4692,확장(Risk-On),1.0,1.0,434.35
2021-07-01,1.1401,0.465,-0.1148,-0.4419,0.4203,확장(Risk-On),1.0,1.0,431.1
2021-07-02,1.0341,0.4156,-0.0704,-0.4324,0.3834,확장(Risk-On),1.0,1.0,430.95
2021-07-05,1.1639,0.4794,-0.0395,-0.4476,0.4502,확장(Risk-On),1.0,1.0,433.45
2021-07-06,1.186,0.3179,-0.1712,-0.5291,0.3724,확장(Risk-On),1.0,1.0,434.8
2021-07-07,1.0744,0.2432,-0.4786,-0.3541,0.2641,확장(Risk-On),1.0,1.0,432.0
2021-07-08,0.9424,-0.2979,-0.5172,-0.2721,0.0853,중립(Neutral),0.5,1.0,427.0
2021-07-09,0.6142,-0.0554,-0.5285,-0.2998,0.024,중립(Neutral),0.5,1.0,421.65
2021-07-12,0.7306,0.0856,-0.5462,-0.2005,0.1105,중립(Neutral),0.5,1.0,426.85
2021-07-13,0.8453,0.018,-0.5408,-0.2446,0.1285,중립(Neutral),0.5,1.0,430.15
2021-07-14,0.8163,0.1859,-0.4539,-0.2108,0.1871,중립(Neutral),0.5,1.0,428.9
2021-07-15,0.9088,0.1719,-0.3973,-0.2166,0.2292,확장(Risk-On),1.0,1.0,432.0
2021-07-16,0.8434,0.0196,-0.4495,-0.2089,0.1564,중립(Neutral),0.5,1.0,429.6
2021-07-19,0.775,-0.7207,-0.7143,-0.1228,-0.1059,중립(Neutral),0.5,1.0,424.55
2021-07-20,0.7842,-0.6163,-0.8003,0.0337,-0.0746,중립(Neutral),0.5,1.0,423.75
2021-07-21,0.6137,-0.4709,-0.7191,0.0401,-0.0767,중립(Neutral),0.5,1.0,420.95
2021-07-22,0.7063,-0.3218,-0.7042,-0.0141,-0.0114,중립(Neutral),0.5,1.0,426.65
2021-07-23,0.663,-0.3485,-0.5632,0.0032,0.0046,중립(Neutral),0.5,1.0,427.2
2021-07-26,0.5206,-0.4221,-0.4365,0.0939,-0.0184,중립(Neutral),0.5,1.0,423.3
2021-07-27,0.5849,-0.6065,-0.4762,0.1033,-0.0504,중립(Neutral),0.5,1.0,423.7
2021-07-28,0.6902,-0.5387,-0.4454,0.13,0.015,중립(Neutral),0.5,1.0,424.4
2021-07-29,0.6998,-0.4206,-0.2762,0.0787,0.0826,중립(Neutral),0.5,1.0,424.9
2021-07-30,0.5372,-0.6728,-0.5469,0.1047,-0.1012,중립(Neutral),0.5,1.0,419.45
2021-08-02,0.646,-0.7846,-0.6888,0.0916,-0.1285,중립(Neutral),0.5,0.5,422.05
2021-08-03,0.7378,-0.474,-0.4612,0.133,0.0444,중립(Neutral),0.5,0.5,425.75
2021-08-04,0.9139,-0.3144,-0.149,0.2079,0.2352,확장(Risk-On),1.0,0.5,432.05
2021-08-05,0.9059,-0.0652,0.0363,0.1262,0.3288,확장(Risk-On),1.0,0.5,431.2
2021-08-06,1.0669,-0.1253,-0.1114,0.1122,0.3311,확장(Risk-On),1.0,0.5,429.25
2021-08-09,1.1951,-0.1283,0.0732,0.1404,0.4256,확장(Risk-On),1.0,0.5,427.3
2021-08-10,0.9901,-0.2034,-0.2264,0.1842,0.2667,확장(Risk-On),1.0,0.5,424.35
2021-08-11,0.6766,-0.1956,-0.3839,0.1399,0.1129,중립(Neutral),0.5,0.5,420.5
2021-08-12,0.6378,-0.1536,-0.4423,0.1262,0.0932,중립(Neutral),0.5,0.5,418.9
2021-08-13,0.1537,-0.1348,-0.5802,0.2542,-0.0868,중립(Neutral),0.5,0.5,411.6
2021-08-17,0.1236,-0.5095,-0.8604,0.2848,-0.2565,수축(Risk-Off),0.0,0.5,407.1
2021-08-18,0.1825,-0.9595,-0.8069,0.3281,-0.3285,수축(Risk-Off),0.0,0.5,408.55
2021-08-19,-0.049,-1.0531,-0.9264,0.3893,-0.4536,수축(Risk-Off),0.0,0.5,401.0
2021-08-20,-0.3949,-0.9169,-1.1183,0.4579,-0.5783,수축(Risk-Off),0.0,0.5,396.5
2021-08-23,-0.2271,-0.7621,-0.9511,0.3419,-0.4565,수축(Risk-Off),0.0,0.5,400.5
2021-08-24,0.1692,-0.5022,-0.9548,0.2172,-0.2724,수축(Risk-Off),0.0,0.5,407.9
2021-08-25,0.184,-0.5236,-0.8123,0.0028,-0.2692,수축(Risk-Off),0.0,0.5,409.15
2021-08-26,0.0774,-0.8587,-0.9073,0.2474,-0.3773,수축(Risk-Off),0.0,0.5,406.1
2021-08-27,0.02,-0.5006,-0.9061,0.1361,-0.3242,수축(Risk-Off),0.0,0.5,406.0
2021-08-30,0.2403,-0.4501,-0.9374,0.514,-0.1857,중립(Neutral),0.5,0.5,407.3
2021-08-31,0.416,-0.3697,-0.7066,0.4844,-0.0508,중립(Neutral),0.5,0.5,415.0
2021-09-01,0.389,-0.2099,-0.5801,0.1711,-0.0357,중립(Neutral),0.5,0.5,415.6
2021-09-02,0.065,-0.3004,-0.6482,0.2337,-0.1794,중립(Neutral),0.5,0.5,411.75
2021-09-03,0.1874,-0.3595,-0.5934,0.4431,-0.1062,중립(Neutral),0.5,0.5,414.65
2021-09-06,0.3274,-0.2746,-0.621,0.1942,-0.0802,중립(Neutral),0.5,0.5,415.7
2021-09-07,0.2773,-0.4551,-0.6721,0.0508,-0.1771,중립(Neutral),0.5,0.5,413.75
2021-09-08,0.1545,-0.4861,-0.8079,-0.1672,-0.2945,수축(Risk-Off),0.0,0.5,410.05
2021-09-09,-0.0564,-0.6753,-0.8174,-0.1386,-0.4137,수축(Risk-Off),0.0,0.5,402.55
2021-09-10,-0.0047,-0.8419,-0.7308,-0.1608,-0.4189,수축(Risk-Off),0.0,0.5,404.0
2021-09-13,0.1523,-0.4961,-0.7454,-0.3626,-0.3115,수축(Risk-Off),0.0,0.5,405.2
2021-09-14,0.2759,-0.4351,-0.7259,-0.5447,-0.2754,수축(Risk-Off),0.0,0.5,408.0
2021-09-15,0.3802,-0.1648,-0.7803,-0.3356,-0.1535,중립(Neutral),0.5,0.5,408.8
2021-09-16,0.2586,-0.2785,-0.8026,-0.6018,-0.27,수축(Risk-Off),0.0,0.5,405.1
2021-09-17,0.421,-0.6854,-0.9356,-0.7651,-0.3727,수축(Risk-Off),0.0,0.5,406.3
2021-09-23,0.1768,-0.3644,-0.6451,-0.6972,-0.2951,수축(Risk-Off),0.0,0.5,405.2
2021-09-24,0.2617,-0.308,-0.7474,-0.9268,-0.3113,수축(Risk-Off),0.0,0.5,404.95
2021-09-27,0.2933,-0.3773,-0.7695,-1.211,-0.3657,수축(Risk-Off),0.0,0.5,406.25
2021-09-28,0.0886,-0.7561,-0.8088,-1.5125,-0.5871,수축(Risk-Off),0.0,0.5,400.7
2021-09-29,-0.2941,-0.6925,-0.8194,-1.2519,-0.6687,수축(Risk-Off),0.0,0.5,394.95
2021-09-30,-0.2726,-0.556,-0.8655,-1.3887,-0.6591,수축(Risk-Off),0.0,0.5,396.85
2021-10-01,-0.4787,-0.4196,-0.91,-1.4858,-0.7228,수축(Risk-Off),0.0,0.0,389.15
2021-10-05,-0.6818,-0.4768,-0.9986,-1.5648,-0.8422,수축(Risk-Off),0.0,0.0,383.9
2021-10-06,-0.7857,-0.3433,-1.1026,-1.8581,-0.9151,수축(Risk-Off),0.0,0.0,378.1
2021-10-07,-0.5375,-0.1877,-1.0161,-1.8139,-0.7612,수축(Risk-Off),0.0,0.0,383.9
2021-10-08,-0.4219,-0.0188,-1.0737,-1.6009,-0.6609,수축(Risk-Off),0.0,0.0,383.6
2021-10-12,-0.738,0.0916,-1.038,-1.8489,-0.7722,수축(Risk-Off),0.0,0.0,376.05
2021-10-13,-0.6133,0.1643,-1.0198,-1.6553,-0.6768,수축(Risk-Off),0.0,0.0,380.1
2021-10-14,-0.3943,0.2323,-0.9306,-1.3509,-0.5152,수축(Risk-Off),0.0,0.0,384.75
2021-10-15,-0.1757,0.4676,-0.736,-1.1608,-0.3027,수축(Risk-Off),0.0,0.0,389.55
2021-10-18,-0.2185,0.8122,-0.8072,-1.3731,-0.2812,수축(Risk-Off),0.0,0.0,388.4
2021-10-19,-0.2137,0.7892,-0.6705,-1.2058,-0.226,수축(Risk-Off),0.0,0.0,391.35
2021-10-20,-0.2964,0.6851,-0.6656,-1.3331,-0.2989,수축(Risk-Off),0.0,0.0,389.7
2021-10-21,-0.2771,0.5736,-0.8868,-1.2644,-0.3649,수축(Risk-Off),0.0,0.0,389.05
2021-10-22,-0.2727,0.595,-0.7971,-1.1117,-0.3127,수축(Risk-Off),0.0,0.0,389.6
2021-10-25,-0.2142,0.637,-0.8153,-1.1843,-0.2972,수축(Risk-Off),0.0,0.0,391.15
2021-10-26,-0.1298,0.8266,-0.8119,-0.9549,-0.185,중립(Neutral),0.5,0.0,394.85
2021-10-27,-0.1027,0.6576,-0.9808,-1.366,-0.3217,수축(Risk-Off),0.0,0.0,391.2
2021-10-28,-0.0508,0.5063,-0.8597,-0.6284,-0.2004,수축(Risk-Off),0.0,0.0,390.15
2021-10-29,-0.3453,0.4686,-1.0549,-1.1614,-0.4417,수축(Risk-Off),0.0,0.0,384.1
2021-11-01,-0.2245,0.4974,-0.9757,-0.953,-0.3411,수축(Risk-Off),0.0,0.0,386.9
2021-11-02,0.1007,0.5865,-0.7938,-0.5469,-0.0986,중립(Neutral),0.5,0.0,392.35
2021-11-03,0.1034,0.5457,-0.7501,-0.3651,-0.0697,중립(Neutral),0.5,0.0,388.6
2021-11-04,0.1042,0.5651,-0.7407,-0.4341,-0.0726,중립(Neutral),0.5,0.0,390.85
2021-11-05,-0.0566,0.3774,-0.8166,-0.2046,-0.1603,중립(Neutral),0.5,0.0,385.0
2021-11-08,0.0012,0.2054,-0.6434,-0.1148,-0.1263,중립(Neutral),0.5,0.0,381.7
2021-11-09,0.0475,0.1985,-0.4822,-0.1448,-0.076,중립(Neutral),0.5,0.0,385.15
2021-11-10,0.0401,0.1111,-0.5128,-0.0995,-0.1013,중립(Neutral),0.5,0.0,385.5
2021-11-11,-0.3008,0.1305,-0.7758,-0.1005,-0.2817,수축(Risk-Off),0.0,0.0,379.75
2021-11-12,0.0191,0.1852,-0.9413,-0.1136,-0.1994,중립(Neutral),0.5,0.0,385.55
2021-11-15,0.2078,0.1784,-0.8753,-0.0644,-0.1112,중립(Neutral),0.5,0.0,390.55
2021-11-16,0.1531,0.208,-0.9878,-0.0881,-0.1545,중립(Neutral),0.5,0.0,391.0
2021-11-17,-0.0108,0.0712,-1.0697,-0.077,-0.265,수축(Risk-Off),0.0,0.0,387.2
2021-11-18,-0.2433,-0.049,-1.2252,-0.1571,-0.4272,수축(Risk-Off),0.0,0.0,384.3
2021-11-19,-0.3286,-0.0507,-1.3179,-0.18,-0.4841,수축(Risk-Off),0.0,0.0,384.0
2021-11-22,-0.0562,-0.12,-1.1963,-0.2075,-0.3799,수축(Risk-Off),0.0,0.0,391.15
2021-11-23,0.1203,-0.0901,-1.2103,-0.2858,-0.3259,수축(Risk-Off),0.0,0.0,392.75
2021-11-24,0.1309,0.0026,-1.1808,-0.2998,-0.2937,수축(Risk-Off),0.0,0.0,391.85
2021-11-25,-0.1014,-0.1025,-1.1165,-0.2453,-0.3771,수축(Risk-Off),0.0,0.0,388.75
2021-11-26,-0.3754,-0.9224,-0.9962,-0.1698,-0.6365,수축(Risk-Off),0.0,0.0,384.9
2021-11-29,-0.5036,-0.5725,-1.0645,-0.2131,-0.6175,수축(Risk-Off),0.0,0.0,378.6
2021-11-30,-0.2739,-0.9396,-0.9921,-0.1637,-0.6034,수축(Risk-Off),0.0,0.0,379.15
2021-12-01,-0.5265,-1.3009,-1.0872,-0.0837,-0.7938,수축(Risk-Off),0.0,0.0,372.75
2021-12-02,-0.2247,-0.9818,-0.8731,-0.0378,-0.5481,수축(Risk-Off),0.0,0.0,379.0
2021-12-03,-0.1977,-1.096,-0.8636,-0.0334,-0.5641,수축(Risk-Off),0.0,0.0,382.45
2021-12-06,-0.0203,-0.9366,-0.703,-0.0272,-0.4211,수축(Risk-Off),0.0,0.0,384.5
2021-12-07,-0.046,-0.4738,-0.7437,-0.0734,-0.3315,수축(Risk-Off),0.0,0.0,387.25
2021-12-08,0.2777,-0.2093,-0.6614,-0.0568,-0.129,중립(Neutral),0.5,0.0,398.0
2021-12-09,0.072,-0.4228,-0.5989,-0.0549,-0.2385,수축(Risk-Off),0.0,0.0,395.15
2021-12-10,-0.0378,-0.23,-0.6967,-0.0638,-0.2545,수축(Risk-Off),0.0,0.0,392.15
2021-12-13,0.1997,-0.213,-0.4908,-0.0919,-0.1199,중립(Neutral),0.5,0.0,398.15
2021-12-14,-0.051,-0.4557,-0.4297,-0.1327,-0.2591,수축(Risk-Off),0.0,0.0,390.85
2021-12-15,-0.0715,-0.1444,-0.4322,-0.1172,-0.1868,중립(Neutral),0.5,0.0,389.5
2021-12-16,-0.0641,-0.2226,-0.4213,-0.1218,-0.2017,수축(Risk-Off),0.0,0.0,392.4
2021-12-17,-0.1379,-0.3153,-0.3213,-0.0851,-0.2202,수축(Risk-Off),0.0,0.0,393.1
2021-12-20,-0.1411,-0.2238,-0.3889,-0.0753,-0.2139,수축(Risk-Off),0.0,0.0,390.1
2021-12-21,-0.1309,-0.1006,-0.4239,-0.0794,-0.1888,중립(Neutral),0.5,0.0,386.65
2021-12-22,0.0688,-0.0385,-0.3459,-0.136,-0.0924,중립(Neutral),0.5,0.0,390.8
2021-12-23,0.1716,0.1733,-0.1295,-0.2428,0.0346,중립(Neutral),0.5,0.0,391.65
2021-12-24,0.3729,0.3979,-0.0964,-0.3104,0.1593,중립(Neutral),0.5,0.0,396.3
2021-12-27,0.3623,0.3356,-0.4704,-0.2978,0.0484,중립(Neutral),0.5,0.0,394.0
2021-12-28,0.2493,0.3279,-0.4191,-0.3459,0.0126,중립(Neutral),0.5,0.0,394.4
2021-12-29,0.3161,0.2809,-0.5066,-0.2899,0.0107,중립(Neutral),0.5,0.0,398.15
2021-12-30,0.0916,0.0572,-0.5763,-0.3474,-0.1498,중립(Neutral),0.5,0.0,395.1
2022-01-03,-0.1837,0.2018,-0.5203,-0.6789,-0.2457,수축(Risk-Off),0.0,0.5,394.75
2022-01-04,-0.016,0.048,-0.6475,-0.7181,-0.2632,수축(Risk-Off),0.0,0.5,395.0
2022-01-05,-0.1381,-0.2878,-0.7516,-0.8276,-0.4323,수축(Risk-Off),0.0,0.5,389.65
2022-01-06,-0.2128,-0.1863,-0.7536,-1.1478,-0.4816,수축(Risk-Off),0.0,0.5,387.0
2022-01-07,-0.324,0.1031,-0.7429,-1.243,-0.4598,수축(Risk-Off),0.0,0.5,389.7
2022-01-10,-0.3385,-0.1507,-0.6287,-1.657,-0.5619,수축(Risk-Off),0.0,0.5,384.0
2022-01-11,-0.2294,0.038,-0.5536,-1.7656,-0.474,수축(Risk-Off),0.0,0.5,388.45
2022-01-12,-0.0425,0.0964,-0.3932,-1.662,-0.3384,수축(Risk-Off),0.0,0.5,392.1
2022-01-13,0.011,0.0056,-0.26,-1.5968,-0.2993,수축(Risk-Off),0.0,0.5,394.55
2022-01-14,-0.149,-0.0982,-0.2291,-1.4653,-0.3538,수축(Risk-Off),0.0,0.5,388.25
2022-01-17,-0.3307,0.0328,-0.1629,-1.8167,-0.4207,수축(Risk-Off),0.0,0.5,384.1
2022-01-18,-0.4079,-0.0895,-0.3098,-1.8797,-0.5246,수축(Risk-Off),0.0,0.5,384.45
2022-01-19,-0.6312,-0.2333,-0.4317,-2.0285,-0.6914,수축(Risk-Off),0.0,0.5,379.3
2022-01-20,-0.6675,-0.4136,-0.3172,-1.8407,-0.6924,수축(Risk-Off),0.0,0.5,377.05
2022-01-21,-0.6642,-0.6856,-0.2409,-1.7221,-0.7224,수축(Risk-Off),0.0,0.5,375.35
2022-01-24,-0.972,-0.8627,-0.4109,-1.712,-0.9154,수축(Risk-Off),0.0,0.5,370.6
2022-01-25,-1.0264,-0.9883,-0.5821,-1.8869,-1.0349,수축(Risk-Off),0.0,0.5,363.4
2022-01-26,-1.1541,-1.0479,-0.4175,-1.6575,-1.0189,수축(Risk-Off),0.0,0.5,362.2
2022-01-27,-1.3815,-0.9376,-0.5289,-1.6869,-1.1032,수축(Risk-Off),0.0,0.5,355.25
2022-01-28,-1.5816,-0.7349,-0.6243,-1.5951,-1.1326,수축(Risk-Off),0.0,0.5,350.0
2022-02-03,-0.7498,-0.6129,-0.369,-0.9425,-0.6493,수축(Risk-Off),0.0,0.0,363.65
2022-02-04,-0.9121,-0.3538,-0.2678,-1.2735,-0.6657,수축(Risk-Off),0.0,0.0,364.55
2022-02-07,-1.1207,-0.1724,-0.3231,-1.7112,-0.7728,수축(Risk-Off),0.0,0.0,360.55
2022-02-08,-0.821,0.1289,-0.2296,-1.8306,-0.5871,수축(Risk-Off),0.0,0.0,365.5
2022-02-09,-0.8013,0.2964,-0.3379,-1.4974,-0.5154,수축(Risk-Off),0.0,0.0,366.25
2022-02-10,-0.5973,0.3582,-0.1798,-1.4583,-0.3832,수축(Risk-Off),0.0,0.0,370.15
2022-02-11,-0.668,0.1373,-0.694,-1.5603,-0.607,수축(Risk-Off),0.0,0.0,366.75
2022-02-14,-0.6279,0.0542,-0.7641,-1.4515,-0.615,수축(Risk-Off),0.0,0.0,362.75
2022-02-15,-0.6276,0.2527,-0.6737,-1.4891,-0.5483,수축(Risk-Off),0.0,0.0,362.6
2022-02-16,-0.58,0.398,-0.6773,-1.5332,-0.5028,수축(Risk-Off),0.0,0.0,364.95
2022-02-17,-0.3525,0.0237,-0.9609,-1.1335,-0.5277,수축(Risk-Off),0.0,0.0,370.1
2022-02-18,-0.3843,0.0717,-1.0072,-1.0205,-0.5214,수축(Risk-Off),0.0,0.0,364.75
2022-02-21,-0.4371,-0.0647,-0.9125,-0.9138,-0.5343,수축(Risk-Off),0.0,0.0,363.7
2022-02-22,-0.3159,-0.1754,-0.8438,-1.013,-0.5173,수축(Risk-Off),0.0,0.0,364.0
2022-02-23,-0.3065,-0.4118,-0.8921,-0.9197,-0.5712,수축(Risk-Off),0.0,0.0,364.25
2022-02-24,-0.5544,-0.5508,-1.1175,-0.9703,-0.7566,수축(Risk-Off),0.0,0.0,357.05
2022-02-25,-0.5635,-0.4353,-0.9908,-0.6041,-0.6443,수축(Risk-Off),0.0,0.0,359.35
2022-02-28,-0.8488,-0.584,-1.0792,-0.2632,-0.7524,수축(Risk-Off),0.0,0.0,356.9
2022-03-02,-0.8287,-0.5377,-1.0599,-0.2719,-0.7302,수축(Risk-Off),0.0,0.0,359.35
2022-03-03,-0.5628,-0.5539,-1.1334,-0.3207,-0.6669,수축(Risk-Off),0.0,0.0,364.3
2022-03-04,-0.7702,-0.8636,-1.4904,-0.134,-0.8782,수축(Risk-Off),0.0,0.0,359.9
2022-03-07,-1.1537,-0.9808,-1.7989,-0.3046,-1.1444,수축(Risk-Off),0.0,0.0,352.35
2022-03-08,-1.1983,-0.835,-1.9007,-0.3922,-1.1622,수축(Risk-Off),0.0,0.0,349.95
2022-03-10,-0.9502,-0.5013,-1.6455,-0.3863,-0.9272,수축(Risk-Off),0.0,0.0,355.85
2022-03-11,-1.0227,-0.6286,-1.6437,-0.355,-0.9793,수축(Risk-Off),0.0,0.0,353.1
2022-03-14,-1.134,-0.6366,-1.5804,-0.389,-1.0095,수축(Risk-Off),0.0,0.0,354.3
2022-03-15,-1.1037,-0.496,-1.4966,-0.5841,-0.9721,수축(Risk-Off),0.0,0.0,351.5
2022-03-16,-1.1264,-0.2986,-1.2778,-0.3544,-0.8415,수축(Risk-Off),0.0,0.0,351.2
2022-03-17,-0.6719,-0.1475,-0.8686,-0.2012,-0.5194,수축(Risk-Off),0.0,0.0,362.55
2022-03-18,-0.7721,0.0087,-0.9588,-0.3747,-0.564,수축(Risk-Off),0.0,0.0,359.9
2022-03-21,-0.5171,-0.0508,-0.9366,-0.4035,-0.4883,수축(Risk-Off),0.0,0.0,360.7
2022-03-22,-0.623,-0.0193,-1.0297,-0.6689,-0.5807,수축(Risk-Off),0.0,0.0,359.25
2022-03-23,-0.4577,0.1531,-1.2234,-1.0658,-0.5877,수축(Risk-Off),0.0,0.0,363.75
2022-03-24,-0.4719,0.323,-1.3876,-0.7885,-0.5496,수축(Risk-Off),0.0,0.0,360.8
2022-03-25,-0.5502,0.4767,-1.2948,-1.2397,-0.583,수축(Risk-Off),0.0,0.0,360.15
2022-03-28,-0.5944,0.6865,-1.2868,-1.6839,-0.6107,수축(Risk-Off),0.0,0.0,361.6
2022-03-29,-0.7017,0.6444,-1.0582,-1.4444,-0.5657,수축(Risk-Off),0.0,0.0,362.6
2022-03-30,-0.5355,0.5119,-0.8294,-1.1624,-0.4412,수축(Risk-Off),0.0,0.0,364.15
2022-03-31,-0.4707,0.6978,-0.8288,-1.3924,-0.4064,수축(Risk-Off),0.0,0.0,364.95
2022-04-01,-0.3294,0.8094,-0.848,-1.4086,-0.3362,수축(Risk-Off),0.0,0.0,362.55
2022-04-04,-0.1872,0.9205,-0.8341,-1.5038,-0.2695,수축(Risk-Off),0.0,0.0,364.6
2022-04-05,-0.1674,0.626,-0.8383,-1.5849,-0.3494,수축(Risk-Off),0.0,0.0,364.3
2022-04-06,-0.3864,0.5818,-0.773,-1.7253,-0.4419,수축(Risk-Off),0.0,0.0,360.25
2022-04-07,-0.5257,0.6009,-0.7938,-1.7137,-0.4893,수축(Risk-Off),0.0,0.0,355.2
2022-04-08,-0.5153,0.7362,-0.9583,-1.9511,-0.5285,수축(Risk-Off),0.0,0.0,355.5
2022-04-11,-0.4978,0.5329,-0.8989,-2.1238,-0.5843,수축(Risk-Off),0.0,0.0,355.35
2022-04-12,-0.5005,0.4509,-0.9141,-2.2014,-0.6212,수축(Risk-Off),0.0,0.0,351.75
2022-04-13,-0.2265,0.6796,-0.7755,-2.2836,-0.4458,수축(Risk-Off),0.0,0.0,358.2
2022-04-14,-0.4529,0.3969,-0.8554,-1.8202,-0.5461,수축(Risk-Off),0.0,0.0,356.55
2022-04-15,-0.482,0.4114,-0.9315,-2.0455,-0.6055,수축(Risk-Off),0.0,0.0,352.35
2022-04-18,-0.4595,0.498,-1.1152,-2.0812,-0.6273,수축(Risk-Off),0.0,0.0,352.85
2022-04-19,-0.4134,0.4214,-1.2583,-1.8706,-0.6345,수축(Risk-Off),0.0,0.0,356.35
2022-04-20,-0.3943,0.4749,-1.2439,-1.7827,-0.5977,수축(Risk-Off),0.0,0.0,356.3
2022-04-21,-0.4429,0.2028,-1.2593,-1.9743,-0.7153,수축(Risk-Off),0.0,0.0,357.9
2022-04-22,-0.7105,-0.2417,-1.2591,-1.9104,-0.9104,수축(Risk-Off),0.0,0.0,353.7
2022-04-25,-0.9573,-0.5026,-1.4218,-1.0785,-0.9779,수축(Risk-Off),0.0,0.0,347.95
2022-04-26,-0.9169,-0.9597,-1.5485,-1.2506,-1.1355,수축(Risk-Off),0.0,0.0,349.45
2022-04-27,-1.0691,-0.9211,-1.7864,-1.4729,-1.272,수축(Risk-Off),0.0,0.0,345.15
2022-04-28,-1.0092,-0.7306,-1.6546,-1.281,-1.1417,수축(Risk-Off),0.0,0.0,348.8
2022-04-29,-0.7728,-0.8606,-1.3744,-1.3366,-1.0297,수축(Risk-Off),0.0,0.0,354.25
2022-05-02,-0.8535,-0.6738,-1.3022,-1.5712,-1.0284,수축(Risk-Off),0.0,0.0,352.45
2022-05-03,-0.9008,-0.3736,-1.3819,-1.5793,-0.9911,수축(Risk-Off),0.0,0.0,351.8
2022-05-04,-0.8643,-0.079,-1.4127,-1.5253,-0.9042,수축(Risk-Off),0.0,0.0,352.7
2022-05-06,-0.8685,-0.4668,-1.4148,-1.4225,-0.9877,수축(Risk-Off),0.0,0.0,347.5
2022-05-09,-0.9975,-0.6891,-1.4369,-1.1577,-1.0543,수축(Risk-Off),0.0,0.0,344.55
2022-05-10,-1.1522,-0.625,-1.4293,-1.0778,-1.0785,수축(Risk-Off),0.0,0.0,342.3
2022-05-11,-0.9871,-0.7978,-1.4885,-0.8261,-1.041,수축(Risk-Off),0.0,0.0,342.25
2022-05-12,-1.3376,-0.8531,-1.5863,-0.7372,-1.1886,수축(Risk-Off),0.0,0.0,336.7
2022-05-13,-0.9677,-0.4503,-1.1859,-0.7605,-0.8618,수축(Risk-Off),0.0,0.0,344.95
2022-05-16,-0.9675,-0.3288,-1.3844,-0.8232,-0.8904,수축(Risk-Off),0.0,0.0,343.15
2022-05-17,-0.8463,-0.2233,-1.1067,-0.8355,-0.754,수축(Risk-Off),0.0,0.0,346.75
2022-05-18,-0.805,-0.4998,-1.0065,-0.8633,-0.7878,수축(Risk-Off),0.0,0.0,347.45
2022-05-19,-1.0113,-0.4148,-0.9076,-0.855,-0.8128,수축(Risk-Off),0.0,0.0,341.9
2022-05-20,-0.7795,-0.1999,-0.8401,-0.8201,-0.6559,수축(Risk-Off),0.0,0.0,348.7
2022-05-23,-0.6292,-0.2378,-0.7459,-0.8699,-0.5966,수축(Risk-Off),0.0,0.0,349.6
2022-05-24,-0.7396,-0.1179,-0.5481,-0.7706,-0.5409,수축(Risk-Off),0.0,0.0,343.25
2022-05-25,-0.7546,-0.1268,-0.5467,-0.7063,-0.5384,수축(Risk-Off),0.0,0.0,344.75
2022-05-26,-0.8022,-0.0343,-0.2542,-0.7728,-0.4688,수축(Risk-Off),0.0,0.0,343.6
2022-05-27,-0.6491,0.2207,0.1612,-0.7253,-0.2405,수축(Risk-Off),0.0,0.0,347.7
2022-05-30,-0.5721,0.1817,-0.0534,-0.7262,-0.2771,수축(Risk-Off),0.0,0.0,351.75
2022-05-31,-0.3702,0.1215,0.0419,-0.8084,-0.21,수축(Risk-Off),0.0,0.0,353.3
2022-06-02,-0.5463,0.3305,-0.1055,-0.8352,-0.2602,수축(Risk-Off),0.0,0.0,349.25
2022-06-03,-0.5297,0.2937,-0.0593,-0.7502,-0.2393,수축(Risk-Off),0.0,0.0,351.3
2022-06-07,-0.5884,0.4726,-0.359,-1.016,-0.33,수축(Risk-Off),0.0,0.0,344.2
2022-06-08,-0.5385,0.2922,-0.6125,-0.9635,-0.4131,수축(Risk-Off),0.0,0.0,345.2
2022-06-09,-0.5457,0.1381,-0.691,-1.1654,-0.504,수축(Risk-Off),0.0,0.0,344.05
2022-06-10,-0.5582,-0.119,-0.96,-1.1046,-0.6308,수축(Risk-Off),0.0,0.0,340.1
2022-06-13,-1.2525,-0.6254,-1.0441,-1.2954,-1.0501,수축(Risk-Off),0.0,0.0,328.8
2022-06-14,-1.2642,-0.6029,-1.0819,-1.3845,-1.0713,수축(Risk-Off),0.0,0.0,326.75
2022-06-15,-1.5362,-0.3701,-1.2303,-1.5546,-1.171,수축(Risk-Off),0.0,0.0,320.5
2022-06-16,-1.5561,-0.5443,-0.9774,-1.6257,-1.1689,수축(Risk-Off),0.0,0.0,320.75
2022-06-17,-1.5115,-0.4658,-1.0412,-1.8595,-1.1847,수축(Risk-Off),0.0,0.0,318.6
2022-06-20,-1.8835,-0.6978,-1.1301,-1.75,-1.3787,수축(Risk-Off),0.0,0.0,312.9
2022-06-21,-1.7288,-0.4983,-1.2066,-1.8461,-1.3082,수축(Risk-Off),0.0,0.0,315.65
2022-06-22,-1.8685,-0.5622,-1.3967,-1.651,-1.3914,수축(Risk-Off),0.0,0.0,306.8
2022-06-23,-2.0067,-0.6818,-1.389,-1.5897,-1.4585,수축(Risk-Off),0.0,0.0,304.7
2022-06-24,-1.751,-0.5776,-1.2249,-1.4977,-1.2881,수축(Risk-Off),0.0,0.0,311.25
2022-06-27,-1.6991,-0.4919,-1.0235,-1.6987,-1.2283,수축(Risk-Off),0.0,0.0,315.0
2022-06-28,-1.6633,-0.6211,-1.0534,-1.3311,-1.2005,수축(Risk-Off),0.0,0.0,317.85
2022-06-29,-1.8285,-0.6742,-1.1212,-1.2855,-1.2817,수축(Risk-Off),0.0,0.0,312.35
2022-06-30,-2.0239,-0.7363,-1.0346,-1.1035,-1.3166,수축(Risk-Off),0.0,0.0,306.35
2022-07-01,-2.0091,-0.7939,-0.9791,-0.7009,-1.2516,수축(Risk-Off),0.0,0.0,303.9
2022-07-04,-2.0059,-0.9041,-0.9023,-0.7223,-1.262,수축(Risk-Off),0.0,0.0,303.6
2022-07-05,-1.7307,-0.935,-0.7663,-0.4771,-1.1026,수축(Risk-Off),0.0,0.0,308.6
2022-07-06,-1.8423,-1.0697,-0.9617,-0.4232,-1.2161,수축(Risk-Off),0.0,0.0,302.0
2022-07-07,-1.6083,-0.7975,-0.8203,-0.4341,-1.0325,수축(Risk-Off),0.0,0.0,307.85
2022-07-08,-1.5183,-0.6084,-0.7407,-0.4744,-0.9398,수축(Risk-Off),0.0,0.0,309.3
2022-07-11,-1.5195,-0.5785,-0.7727,-0.478,-0.9413,수축(Risk-Off),0.0,0.0,308.0
2022-07-12,-1.4044,-0.7605,-0.8824,-0.4914,-0.976,수축(Risk-Off),0.0,0.0,304.55
2022-07-13,-1.2808,-0.85,-0.8932,-0.3893,-0.9425,수축(Risk-Off),0.0,0.0,306.45
2022-07-14,-1.2537,-0.736,-0.9246,-0.3887,-0.9122,수축(Risk-Off),0.0,0.0,305.35
2022-07-15,-1.2437,-0.6228,-0.8554,-0.3431,-0.8563,수축(Risk-Off),0.0,0.0,307.15
2022-07-18,-0.8616,-0.475,-0.5148,-0.3369,-0.5996,수축(Risk-Off),0.0,0.0,314.3
2022-07-19,-0.932,-0.4485,-0.3635,-0.3309,-0.5788,수축(Risk-Off),0.0,0.0,312.65
2022-07-20,-0.6775,-0.3196,-0.263,-0.3724,-0.4386,수축(Risk-Off),0.0,0.0,315.3
2022-07-21,-0.5791,-0.4044,-0.4827,-0.3703,-0.48,수축(Risk-Off),0.0,0.0,318.0
2022-07-22,-0.6656,-0.5381,-0.4913,-0.3686,-0.5456,수축(Risk-Off),0.0,0.0,316.95
2022-07-25,-0.7511,-0.558,-0.4451,-0.2999,-0.5587,수축(Risk-Off),0.0,0.0,317.9
2022-07-26,-0.8167,-0.7037,-0.4242,-0.2552,-0.6061,수축(Risk-Off),0.0,0.0,319.25
2022-07-27,-0.699,-0.5849,-0.5582,-0.2495,-0.5679,수축(Risk-Off),0.0,0.0,319.05
2022-07-28,-0.4987,-0.4595,-0.3083,-0.2958,-0.4109,수축(Risk-Off),0.0,0.0,321.3
2022-07-29,-0.3928,-0.3133,-0.285,-0.2371,-0.3226,수축(Risk-Off),0.0,0.0,322.35
2022-08-01,-0.3856,-0.3709,-0.2885,-0.2646,-0.3395,수축(Risk-Off),0.0,0.0,322.65
2022-08-02,-0.5022,-0.5093,-0.3027,-0.1986,-0.4086,수축(Risk-Off),0.0,0.0,320.35
2022-08-03,-0.2851,-0.1974,-0.244,-0.2388,-0.2459,수축(Risk-Off),0.0,0.0,323.0
2022-08-04,-0.3254,-0.3173,-0.4247,-0.2355,-0.3347,수축(Risk-Off),0.0,0.0,324.7
2022-08-05,-0.2712,-0.2426,-0.2771,-0.2648,-0.2646,수축(Risk-Off),0.0,0.0,326.45
2022-08-08,-0.2082,-0.2056,-0.5422,-0.2991,-0.3047,수축(Risk-Off),0.0,0.0,326.1
2022-08-09,-0.1961,-0.2767,-0.5751,-0.2979,-0.3262,수축(Risk-Off),0.0,0.0,327.15
2022-08-10,-0.3488,-0.0366,-0.4106,-0.3264,-0.2829,수축(Risk-Off),0.0,0.0,323.3
2022-08-11,-0.1779,-0.1523,-0.3999,-0.3794,-0.2572,수축(Risk-Off),0.0,0.0,328.75
2022-08-12,-0.1837,-0.0687,-0.561,-0.4225,-0.2851,수축(Risk-Off),0.0,0.0,329.6
2022-08-16,-0.2974,-0.0305,-0.5088,-0.3064,-0.2849,수축(Risk-Off),0.0,0.0,330.95
2022-08-17,-0.3252,-0.1062,-0.5431,-0.3102,-0.3227,수축(Risk-Off),0.0,0.0,328.7
2022-08-18,-0.3294,-0.1376,-0.8222,-0.2904,-0.3988,수축(Risk-Off),0.0,0.0,327.25
2022-08-19,-0.4718,-0.269,-0.9566,-0.3379,-0.5222,수축(Risk-Off),0.0,0.0,325.7
2022-08-22,-0.5593,-0.6765,-1.2972,-0.5401,-0.7702,수축(Risk-Off),0.0,0.0,321.1
2022-08-23,-0.7673,-0.6743,-1.188,-0.6333,-0.8291,수축(Risk-Off),0.0,0.0,317.05
2022-08-24,-0.7607,-0.5707,-1.1206,-0.9309,-0.8287,수축(Risk-Off),0.0,0.0,318.5
2022-08-25,-0.5804,-0.403,-1.1757,-1.0596,-0.7567,수축(Risk-Off),0.0,0.0,322.75
2022-08-26,-0.6326,-0.741,-1.0161,-1.2701,-0.8512,수축(Risk-Off),0.0,0.0,323.4
2022-08-29,-0.9106,-0.7668,-1.0866,-1.4285,-0.9963,수축(Risk-Off),0.0,0.0,314.6
2022-08-30,-0.798,-0.6389,-1.0076,-1.594,-0.93,수축(Risk-Off),0.0,0.0,318.35
2022-08-31,-0.6572,-0.6773,-0.802,-1.5696,-0.8353,수축(Risk-Off),0.0,0.0,319.9
2022-09-01,-0.8689,-0.6514,-0.7235,-1.7423,-0.9092,수축(Risk-Off),0.0,0.0,313.4
2022-09-02,-1.03,-0.7407,-0.6444,-1.6659,-0.9567,수축(Risk-Off),0.0,0.0,312.75
2022-09-05,-1.1214,-0.8214,-0.4211,-1.3857,-0.911,수축(Risk-Off),0.0,0.0,310.75
2022-09-06,-0.9976,-1.0247,-0.6179,-1.4365,-0.9753,수축(Risk-Off),0.0,0.0,311.5
2022-09-07,-1.0759,-0.8127,-0.7452,-1.395,-0.9753,수축(Risk-Off),0.0,0.0,306.05
2022-09-08,-1.0807,-0.6877,-0.5889,-0.9401,-0.8384,수축(Risk-Off),0.0,0.0,307.35
2022-09-13,-0.6254,-0.8109,-0.3379,-1.0488,-0.6634,수축(Risk-Off),0.0,0.0,318.2
2022-09-14,-0.7518,-0.8133,-0.6825,-0.9728,-0.783,수축(Risk-Off),0.0,0.0,310.7
2022-09-15,-0.7131,-0.5529,-0.6227,-1.1856,-0.7213,수축(Risk-Off),0.0,0.0,309.4
2022-09-16,-0.8388,-0.5125,-0.4913,-1.1063,-0.7105,수축(Risk-Off),0.0,0.0,305.9
2022-09-19,-0.9778,-0.3951,-0.4907,-0.7504,-0.6762,수축(Risk-Off),0.0,0.0,304.9
2022-09-20,-0.9518,-0.2514,-0.4311,-0.7149,-0.611,수축(Risk-Off),0.0,0.0,305.55
2022-09-21,-1.0419,-0.2688,-0.6646,-0.6437,-0.6946,수축(Risk-Off),0.0,0.0,302.4
2022-09-22,-0.9434,-0.0291,-0.7139,-1.0034,-0.6665,수축(Risk-Off),0.0,0.0,299.05
2022-09-23,-1.176,-0.3405,-0.8748,-1.2958,-0.9098,수축(Risk-Off),0.0,0.0,295.85
2022-09-26,-1.3099,-0.608,-0.992,-1.5238,-1.087,수축(Risk-Off),0.0,0.0,288.3
2022-09-27,-1.3683,-0.6931,-0.9044,-1.1591,-1.0522,수축(Risk-Off),0.0,0.0,288.6
2022-09-28,-1.6012,-0.4271,-1.1545,-1.5504,-1.1884,수축(Risk-Off),0.0,0.0,281.0
2022-09-29,-1.5061,-0.5401,-1.0484,-1.3029,-1.1197,수축(Risk-Off),0.0,0.0,282.75
2022-09-30,-1.5711,-0.7956,-1.0417,-0.8685,-1.1395,수축(Risk-Off),0.0,0.0,280.45
2022-10-04,-1.2277,-0.6864,-1.1757,-0.9681,-1.0404,수축(Risk-Off),0.0,0.0,288.0
2022-10-05,-1.2021,-0.6237,-1.1813,-1.1926,-1.0509,수축(Risk-Off),0.0,0.0,288.4
2022-10-06,-1.2227,-0.6199,-1.132,-1.1501,-1.0384,수축(Risk-Off),0.0,0.0,290.15
2022-10-07,-1.4811,-0.6536,-1.124,-1.2465,-1.1497,수축(Risk-Off),0.0,0.0,288.85
2022-10-11,-1.5299,-0.7633,-1.159,-1.2527,-1.2039,수축(Risk-Off),0.0,0.0,282.9
2022-10-12,-1.4048,-0.9835,-1.2268,-0.7504,-1.1568,수축(Risk-Off),0.0,0.0,285.85
2022-10-13,-1.554,-0.7126,-1.2405,-0.9339,-1.1723,수축(Risk-Off),0.0,0.0,280.8
2022-10-14,-1.1987,-0.6252,-1.1071,-0.7944,-0.9718,수축(Risk-Off),0.0,0.0,288.9
2022-10-17,-1.1419,-0.4138,-0.9948,-0.6999,-0.8568,수축(Risk-Off),0.0,0.0,287.35
2022-10-18,-0.8446,-0.272,-0.8564,-0.7589,-0.6915,수축(Risk-Off),0.0,0.0,292.5
2022-10-19,-0.9677,-0.135,-0.98,-0.6765,-0.7189,수축(Risk-Off),0.0,0.0,289.3
2022-10-20,-0.9656,-0.0853,-0.9455,-0.9437,-0.7372,수축(Risk-Off),0.0,0.0,286.6
2022-10-21,-0.9564,-0.1264,-1.0467,-1.0217,-0.7812,수축(Risk-Off),0.0,0.0,287.55
2022-10-24,-0.7809,-0.1397,-1.1498,-1.2157,-0.778,수축(Risk-Off),0.0,0.0,290.9
2022-10-25,-0.8259,-0.1662,-0.9671,-0.8406,-0.6985,수축(Risk-Off),0.0,0.0,290.45
2022-10-26,-0.681,-0.1532,-0.863,-0.7523,-0.6052,수축(Risk-Off),0.0,0.0,292.7
2022-10-27,-0.5369,-0.0657,-0.7958,-0.9733,-0.5493,수축(Risk-Off),0.0,0.0,297.65
2022-10-28,-0.8246,-0.0718,-0.822,-0.5105,-0.5886,수축(Risk-Off),0.0,0.0,293.8
2022-10-31,-0.7391,0.1582,-0.5357,-0.4316,-0.4178,수축(Risk-Off),0.0,0.0,296.1
2022-11-01,-0.5902,0.2716,-0.4525,-0.3808,-0.3089,수축(Risk-Off),0.0,0.0,300.2
2022-11-02,-0.5105,0.3099,-0.3753,-0.3367,-0.2456,수축(Risk-Off),0.0,0.0,302.05
2022-11-03,-0.516,0.2272,-0.5846,-0.4828,-0.3424,수축(Risk-Off),0.0,0.0,297.3
2022-11-04,-0.457,0.2197,-0.7502,-0.3715,-0.3483,수축(Risk-Off),0.0,0.0,298.8
2022-11-07,-0.3999,0.2869,-0.4854,-0.3671,-0.2447,수축(Risk-Off),0.0,0.0,304.6
2022-11-08,-0.1545,0.1569,-0.2096,-0.3487,-0.1196,중립(Neutral),0.5,0.0,308.5
2022-11-09,-0.1292,0.1983,-0.0444,-0.2353,-0.042,중립(Neutral),0.5,0.0,313.05
2022-11-10,-0.0669,0.3588,-0.1137,-0.1733,0.0119,중립(Neutral),0.5,0.0,313.15
2022-11-11,0.3312,0.4446,-0.0382,0.0264,0.2215,확장(Risk-On),1.0,0.0,320.85
2022-11-14,0.3538,0.3591,0.424,-0.0174,0.317,확장(Risk-On),1.0,0.0,322.9
2022-11-15,0.2419,0.1532,0.3804,-0.0012,0.2179,확장(Risk-On),1.0,0.0,319.8
2022-11-16,0.165,0.1698,0.3321,-0.0486,0.176,중립(Neutral),0.5,0.0,317.25
2022-11-17,0.085,0.0718,0.2644,-0.0347,0.1086,중립(Neutral),0.5,0.0,317.25
2022-11-18,0.2143,0.0831,0.1972,-0.0782,0.1333,중립(Neutral),0.5,0.0,317.95
2022-11-21,-0.1394,0.1697,0.1657,-0.0484,0.0278,중립(Neutral),0.5,0.0,313.05
2022-11-22,-0.2295,0.24,0.1642,-0.0111,0.0191,중립(Neutral),0.5,0.0,311.35
2022-11-23,-0.2196,0.3433,0.2822,-0.1061,0.0636,중립(Neutral),0.5,0.0,312.75
2022-11-24,-0.0201,0.2106,0.2605,-0.037,0.1052,중립(Neutral),0.5,0.0,314.5
2022-11-25,0.0247,0.2474,0.5262,-0.1124,0.1852,중립(Neutral),0.5,0.0,315.45
2022-11-28,-0.2216,-0.0103,0.6062,-0.0866,0.0584,중립(Neutral),0.5,0.0,310.75
2022-11-29,-0.1185,0.1548,0.8812,-0.1185,0.1998,중립(Neutral),0.5,0.0,313.7
2022-11-30,-0.0702,0.2201,0.8584,-0.1541,0.222,확장(Risk-On),1.0,0.0,315.95
2022-12-01,0.1597,0.3159,1.2334,-0.1672,0.4181,확장(Risk-On),1.0,1.0,321.1
2022-12-02,-0.1213,0.3671,1.1076,-0.1592,0.3023,확장(Risk-On),1.0,1.0,316.35
2022-12-05,-0.1705,0.3477,1.2062,-0.1537,0.3058,확장(Risk-On),1.0,1.0,312.5
2022-12-06,-0.2459,-0.0471,0.8669,-0.1319,0.0991,중립(Neutral),0.5,1.0,307.35
2022-12-07,-0.1869,-0.1857,0.8032,-0.0717,0.0782,중립(Neutral),0.5,1.0,306.55
2022-12-08,-0.2506,-0.2602,0.8044,-0.0503,0.0408,중립(Neutral),0.5,1.0,305.05
2022-12-09,-0.2895,-0.3634,0.8825,-0.0995,0.0135,중립(Neutral),0.5,1.0,306.85
2022-12-12,-0.2621,-0.7596,1.0246,-0.2303,-0.06,중립(Neutral),0.5,1.0,307.45
2022-12-13,-0.2382,-0.4658,1.0228,-0.1791,0.029,중립(Neutral),0.5,1.0,307.25
2022-12-14,-0.1299,-0.2745,1.1491,-0.2237,0.1396,중립(Neutral),0.5,1.0,310.5
2022-12-15,-0.1409,-0.5641,1.0111,-0.1838,0.0348,중립(Neutral),0.5,1.0,308.9
2022-12-16,-0.5429,-0.6975,0.8296,-0.2022,-0.1873,중립(Neutral),0.5,1.0,302.1
2022-12-19,-0.437,-0.6651,0.8434,-0.2349,-0.1436,중립(Neutral),0.5,1.0,303.4
2022-12-20,-0.5608,-0.4574,0.867,-0.3222,-0.1422,중립(Neutral),0.5,1.0,301.95
2022-12-21,-0.7157,-0.5238,0.905,-0.3893,-0.2136,수축(Risk-Off),0.0,1.0,300.85
2022-12-22,-0.6232,-0.7909,1.0483,-0.2945,-0.1979,중립(Neutral),0.5,1.0,304.4
2022-12-23,-0.727,-0.7547,0.8737,-0.2349,-0.26,수축(Risk-Off),0.0,1.0,298.8
2022-12-26,-0.7168,-0.4862,0.6463,-0.5804,-0.2979,수축(Risk-Off),0.0,1.0,298.7
2022-12-27,-0.5012,-0.3235,0.7405,-0.6586,-0.17,중립(Neutral),0.5,1.0,300.35
2022-12-28,-0.6335,-0.3943,0.7179,-0.8945,-0.275,수축(Risk-Off),0.0,1.0,297.8
2022-12-29,-0.768,-0.2405,0.6983,-1.0088,-0.3057,수축(Risk-Off),0.0,1.0,295.65
2023-01-02,-0.962,-0.2433,0.5138,-1.02,-0.4221,수축(Risk-Off),0.0,0.0,290.6
2023-01-03,-1.0298,-0.6516,0.5427,-0.5627,-0.4721,수축(Risk-Off),0.0,0.0,290.3
2023-01-04,-0.966,-0.6674,0.5749,-0.439,-0.4271,수축(Risk-Off),0.0,0.0,292.7
2023-01-05,-0.8269,-0.5387,0.6449,-0.2652,-0.3026,수축(Risk-Off),0.0,0.0,297.8
2023-01-06,-0.517,-0.3281,0.7054,-0.4071,-0.1477,중립(Neutral),0.5,0.0,302.6
2023-01-09,0.0373,-0.5597,0.6169,0.0298,0.0318,중립(Neutral),0.5,0.0,310.85
2023-01-10,0.0825,-0.4306,0.4803,0.0096,0.0427,중립(Neutral),0.5,0.0,310.65
2023-01-11,0.0173,-0.5631,0.5477,0.2255,0.036,중립(Neutral),0.5,0.0,311.35
2023-01-12,-0.0245,-0.3968,0.4596,0.2273,0.0412,중립(Neutral),0.5,0.0,310.9
2023-01-13,0.0728,-0.197,0.4831,0.3284,0.1463,중립(Neutral),0.5,0.0,314.65
2023-01-16,0.1304,-0.3455,0.2667,0.1992,0.0558,중립(Neutral),0.5,0.0,316.9
2023-01-17,0.0547,-0.3378,0.3589,0.2289,0.0587,중립(Neutral),0.5,0.0,314.9
2023-01-18,-0.061,-0.3508,0.4572,0.1609,0.0294,중립(Neutral),0.5,0.0,313.05
2023-01-19,-0.157,-0.4691,0.3311,0.26,-0.0505,중립(Neutral),0.5,0.0,312.75
2023-01-20,0.1327,-0.3609,0.3858,0.258,0.0914,중립(Neutral),0.5,0.0,316.2
2023-01-25,0.649,0.0698,0.6015,0.4238,0.4586,확장(Risk-On),1.0,0.0,321.8
2023-01-26,0.6536,0.1087,0.5223,0.4787,0.4583,확장(Risk-On),1.0,0.0,322.55
2023-01-27,0.7349,0.1476,0.6074,0.5379,0.5266,확장(Risk-On),1.0,0.0,328.1
2023-01-30,0.2314,-0.1035,0.716,0.8138,0.3562,확장(Risk-On),1.0,0.0,325.5
2023-01-31,0.1419,-0.0476,0.6173,0.6563,0.2905,확장(Risk-On),1.0,0.0,323.15
2023-02-01,0.0654,-0.1334,0.3485,0.8025,0.197,중립(Neutral),0.5,1.0,320.75
2023-02-02,0.2546,-0.1534,0.6827,0.7607,0.3355,확장(Risk-On),1.0,1.0,325.25
2023-02-03,0.0823,-0.1458,0.6182,0.6644,0.2466,확장(Risk-On),1.0,1.0,323.8
2023-02-06,-0.0014,0.0838,0.6142,0.5053,0.2498,확장(Risk-On),1.0,1.0,322.65
2023-02-07,-0.0481,0.2216,0.6156,0.5706,0.2781,확장(Risk-On),1.0,1.0,320.1
2023-02-08,0.2046,0.2298,0.6237,0.3718,0.3408,확장(Risk-On),1.0,1.0,323.95
2023-02-09,0.2909,0.0186,0.594,0.4616,0.3242,확장(Risk-On),1.0,1.0,323.65
2023-02-10,0.2153,0.0775,0.4745,0.2948,0.2576,확장(Risk-On),1.0,1.0,323.1
2023-02-13,0.1246,0.0163,0.3814,0.1771,0.1696,중립(Neutral),0.5,1.0,322.0
2023-02-14,0.2114,0.1892,0.3386,0.3464,0.2579,확장(Risk-On),1.0,1.0,323.95
2023-02-15,-0.2642,0.2328,0.1853,-0.0534,0.0041,중립(Neutral),0.5,1.0,316.75
2023-02-16,0.0819,0.1976,0.4718,0.0497,0.2035,확장(Risk-On),1.0,1.0,323.45
2023-02-17,-0.1706,0.2798,0.3239,-0.2136,0.0592,중립(Neutral),0.5,1.0,322.4
2023-02-20,-0.1598,-0.0481,0.1641,-0.0169,-0.0294,중립(Neutral),0.5,1.0,319.35
2023-02-21,-0.0248,-0.2907,0.2371,-0.1551,-0.0453,중립(Neutral),0.5,1.0,320.65
2023-02-22,-0.1556,-0.2194,-0.0444,-0.2713,-0.1611,중립(Neutral),0.5,1.0,316.9
2023-02-23,-0.2672,-0.0372,0.106,-0.2297,-0.1108,중립(Neutral),0.5,1.0,316.85
2023-02-24,-0.0521,-0.109,0.0888,-0.1885,-0.0516,중립(Neutral),0.5,1.0,320.1
2023-02-27,-0.3188,-0.1767,-0.1855,-0.2496,-0.2396,수축(Risk-Off),0.0,1.0,311.2
2023-02-28,-0.0842,0.0954,-0.1467,-0.6315,-0.137,중립(Neutral),0.5,1.0,315.05
2023-03-02,-0.1676,0.3631,-0.1672,-0.5771,-0.0962,중립(Neutral),0.5,0.5,316.0
2023-03-03,-0.0751,0.5689,-0.1049,-0.7974,-0.0299,중립(Neutral),0.5,0.5,316.7
2023-03-06,0.0566,0.4405,0.3002,-0.2781,0.1633,중립(Neutral),0.5,0.5,318.15
2023-03-07,0.087,0.2429,0.2284,-0.1846,0.1206,중립(Neutral),0.5,0.5,319.3
2023-03-08,0.0735,0.3407,-0.0443,-0.1229,0.0814,중립(Neutral),0.5,0.5,315.2
2023-03-09,-0.1347,-0.1392,-0.0831,0.1133,-0.0857,중립(Neutral),0.5,0.5,314.15
2023-03-10,-0.499,-0.5461,-0.6604,0.2485,-0.439,수축(Risk-Off),0.0,0.5,308.0
2023-03-13,-0.6595,-0.5937,-0.474,0.1854,-0.4699,수축(Risk-Off),0.0,0.5,308.2
2023-03-14,-0.83,-0.4773,-0.5665,0.3191,-0.5035,수축(Risk-Off),0.0,0.5,305.75
2023-03-15,-0.6008,-0.7034,-0.743,0.2292,-0.5375,수축(Risk-Off),0.0,0.5,308.5
2023-03-16,-0.6293,-0.3206,-0.662,0.2576,-0.4273,수축(Risk-Off),0.0,0.5,307.1
2023-03-17,-0.705,-0.6115,-0.7669,0.2236,-0.5578,수축(Risk-Off),0.0,0.5,308.8
2023-03-20,-0.333,-0.4378,-0.6465,0.3268,-0.3386,수축(Risk-Off),0.0,0.5,311.4
2023-03-21,-0.4854,-0.2453,-0.6148,0.3197,-0.3369,수축(Risk-Off),0.0,0.5,309.65
2023-03-22,-0.3545,-0.3624,-0.6301,0.3055,-0.3264,수축(Risk-Off),0.0,0.5,311.1
2023-03-23,-0.2668,-0.4732,-0.4048,0.2866,-0.2699,수축(Risk-Off),0.0,0.5,311.55
2023-03-24,-0.2676,-0.4219,-0.5403,0.2945,-0.29,수축(Risk-Off),0.0,0.5,312.65
2023-03-27,-0.2762,-0.3748,-0.5947,0.1955,-0.3097,수축(Risk-Off),0.0,0.5,311.75
2023-03-28,-0.1342,-0.1651,-0.5539,0.1892,-0.1983,중립(Neutral),0.5,0.5,314.95
2023-03-29,-0.1021,-0.2295,-0.679,0.1984,-0.2331,수축(Risk-Off),0.0,0.5,315.4
2023-03-30,0.0046,0.0543,-0.6074,0.1695,-0.1113,중립(Neutral),0.5,0.5,317.4
2023-03-31,0.2852,0.319,-0.5526,0.0844,0.0541,중립(Neutral),0.5,0.5,321.2
2023-04-03,0.2518,0.4064,-0.5542,0.1224,0.0696,중립(Neutral),0.5,0.5,319.6
2023-04-04,0.3055,0.5136,-0.5009,0.1308,0.1297,중립(Neutral),0.5,0.5,321.2
2023-04-05,0.4337,0.3199,-0.698,-0.0018,0.057,중립(Neutral),0.5,0.5,323.25
2023-04-06,0.2585,0.4662,-0.7685,0.1407,0.036,중립(Neutral),0.5,0.5,317.25
2023-04-07,0.5114,0.3587,-0.7034,0.1346,0.113,중립(Neutral),0.5,0.5,322.35
2023-04-10,0.6249,0.394,-0.4727,0.1249,0.2178,확장(Risk-On),1.0,0.5,325.45
2023-04-11,0.7837,0.4843,-0.3473,0.138,0.3292,확장(Risk-On),1.0,0.5,329.65
2023-04-12,0.9078,0.3795,-0.3649,0.0838,0.334,확장(Risk-On),1.0,0.5,330.95
2023-04-13,0.8541,0.3619,-0.3353,0.0785,0.3174,확장(Risk-On),1.0,0.5,331.8
2023-04-14,0.9714,0.4881,-0.1272,0.0752,0.4415,확장(Risk-On),1.0,0.5,332.7
2023-04-17,0.9137,0.5204,-0.2082,-0.2027,0.3674,확장(Risk-On),1.0,0.5,332.9
2023-04-18,0.868,0.5358,-0.2134,-0.1949,0.3552,확장(Risk-On),1.0,0.5,332.65
2023-04-19,0.8769,0.5149,-0.3024,-0.2096,0.3286,확장(Risk-On),1.0,0.5,332.6
2023-04-20,0.895,0.452,-0.1173,-0.2488,0.3596,확장(Risk-On),1.0,0.5,331.65
2023-04-21,0.7434,0.2534,-0.2214,-0.1073,0.2521,확장(Risk-On),1.0,0.5,329.45
2023-04-24,0.6012,0.1043,-0.1602,-0.0056,0.1956,중립(Neutral),0.5,0.5,327.45
2023-04-25,0.1211,-0.1743,-0.2769,0.0175,-0.0678,중립(Neutral),0.5,0.5,323.25
2023-04-26,0.0905,-0.15,-0.1816,0.1809,-0.0241,중립(Neutral),0.5,0.5,322.75
2023-04-27,0.1784,0.0575,-0.2525,0.0795,0.0256,중립(Neutral),0.5,0.5,323.35
2023-04-28,0.1569,0.2909,-0.1305,0.0251,0.0988,중립(Neutral),0.5,0.5,323.9
2023-05-02,0.3855,0.0966,-0.1913,-0.0579,0.1025,중립(Neutral),0.5,0.5,327.5
2023-05-03,0.1981,-0.0267,-0.2351,-0.0294,-0.0005,중립(Neutral),0.5,0.5,324.3
2023-05-04,-0.0038,-0.1323,0.054,0.1674,0.0042,중립(Neutral),0.5,0.5,323.3
2023-05-08,0.1939,-0.0558,0.1725,0.2797,0.139,중립(Neutral),0.5,0.5,327.5
2023-05-09,-0.0105,-0.2234,-0.0158,0.2617,-0.0242,중립(Neutral),0.5,0.5,326.1
2023-05-10,-0.1339,-0.1755,-0.0385,0.352,-0.0476,중립(Neutral),0.5,0.5,324.0
2023-05-11,-0.2338,-0.2338,-0.0755,0.2822,-0.1168,중립(Neutral),0.5,0.5,322.9
2023-05-12,-0.2694,-0.2201,-0.3071,0.2804,-0.184,중립(Neutral),0.5,0.5,321.8
2023-05-15,-0.2523,-0.089,-0.0474,0.1673,-0.0973,중립(Neutral),0.5,0.5,322.65
2023-05-16,-0.1825,-0.1992,0.0293,0.2165,-0.0739,중립(Neutral),0.5,0.5,323.05
2023-05-17,-0.1711,0.1688,0.2032,0.0647,0.0428,중립(Neutral),0.5,0.5,324.0
2023-05-18,0.2278,0.4936,0.2913,0.0013,0.2762,확장(Risk-On),1.0,0.5,327.3
2023-05-19,0.7108,0.5311,0.4159,-0.2613,0.4463,확장(Risk-On),1.0,0.5,332.25
2023-05-22,1.0411,0.6689,0.4456,-0.1978,0.6133,확장(Risk-On),1.0,0.5,334.5
2023-05-23,1.1371,0.448,0.6576,-0.5735,0.5884,확장(Risk-On),1.0,0.5,335.5
2023-05-24,1.0459,0.2896,0.5451,-0.6649,0.475,확장(Risk-On),1.0,0.5,334.35
2023-05-25,0.9973,0.5124,0.5316,-0.8786,0.4783,확장(Risk-On),1.0,0.5,333.5
2023-05-26,0.9061,0.7905,0.5473,-1.2246,0.4679,확장(Risk-On),1.0,0.5,335.0
2023-05-30,1.3513,1.0112,0.4222,-1.6178,0.5887,확장(Risk-On),1.0,0.5,339.45
2023-05-31,1.2034,0.6378,0.3169,-0.8775,0.5282,확장(Risk-On),1.0,0.5,336.5
2023-06-01,0.9523,1.0461,0.1082,-0.9606,0.4778,확장(Risk-On),1.0,1.0,335.5
2023-06-02,1.2858,1.2282,0.4926,-0.7367,0.7697,확장(Risk-On),1.0,1.0,340.2
2023-06-05,1.4359,1.2754,0.4423,-1.1255,0.7632,확장(Risk-On),1.0,1.0,341.3
2023-06-07,1.4489,1.2858,0.4585,-0.8489,0.8159,확장(Risk-On),1.0,1.0,340.4
2023-06-08,1.4345,1.4199,0.3768,-1.2998,0.7563,확장(Risk-On),1.0,1.0,340.25
2023-06-09,1.6423,1.2523,0.4942,-1.2008,0.8313,확장(Risk-On),1.0,1.0,345.3
2023-06-12,1.1725,0.9875,0.5844,-0.8593,0.6745,확장(Risk-On),1.0,1.0,342.45
2023-06-13,1.117,1.1341,0.8285,-0.9595,0.7377,확장(Risk-On),1.0,1.0,344.2
2023-06-14,1.0052,1.228,0.7597,-1.2206,0.6657,확장(Risk-On),1.0,1.0,342.2
2023-06-15,0.9833,1.4769,0.9064,-1.2548,0.7518,확장(Risk-On),1.0,1.0,340.95
2023-06-16,1.094,1.6478,0.9174,-1.0384,0.8684,확장(Risk-On),1.0,1.0,343.1
2023-06-19,1.1073,1.3342,0.8439,-0.4961,0.8576,확장(Risk-On),1.0,1.0,340.9
2023-06-20,0.9473,1.2795,0.7093,-0.5416,0.7475,확장(Risk-On),1.0,1.0,339.95
2023-06-21,0.7645,1.1863,0.5595,-0.4408,0.6379,확장(Risk-On),1.0,1.0,336.95
2023-06-22,0.8064,1.2593,0.5003,-0.4988,0.6473,확장(Risk-On),1.0,1.0,338.05
2023-06-23,0.4232,1.1661,0.2029,-0.8391,0.3645,확장(Risk-On),1.0,1.0,336.05
2023-06-26,0.6687,0.6359,0.3619,-0.6504,0.3859,확장(Risk-On),1.0,1.0,337.2
2023-06-27,0.5714,0.7235,0.5036,-0.6238,0.4132,확장(Risk-On),1.0,1.0,337.35
2023-06-28,0.4175,0.725,0.3925,-0.5356,0.3452,확장(Risk-On),1.0,1.0,335.35
2023-06-29,0.3757,0.6528,0.2984,-0.5144,0.2921,확장(Risk-On),1.0,1.0,335.0
2023-06-30,0.4698,0.8494,0.3559,-0.7153,0.3585,확장(Risk-On),1.0,1.0,336.3
2023-07-03,0.7662,0.9149,0.5747,-0.0522,0.6328,확장(Risk-On),1.0,1.0,341.55
2023-07-04,0.5277,0.9653,0.6898,-0.191,0.5698,확장(Risk-On),1.0,1.0,339.65
2023-07-05,0.2905,0.9488,0.5924,-0.2661,0.447,확장(Risk-On),1.0,1.0,336.4
2023-07-06,0.277,0.6925,0.5693,-0.4633,0.3429,확장(Risk-On),1.0,1.0,333.9
2023-07-07,-0.0304,0.6254,0.4986,-0.5101,0.1939,중립(Neutral),0.5,1.0,328.65
2023-07-10,0.1278,0.6435,0.5789,-0.9041,0.2147,확장(Risk-On),1.0,1.0,328.65
2023-07-11,0.3679,0.5843,0.8283,-0.4872,0.4088,확장(Risk-On),1.0,1.0,334.65
2023-07-12,0.5329,1.0058,1.0106,-0.5501,0.6081,확장(Risk-On),1.0,1.0,336.6
2023-07-13,0.6901,0.9815,1.1687,-0.1137,0.7621,확장(Risk-On),1.0,1.0,339.45
2023-07-14,0.8952,1.0501,1.1801,-0.0811,0.8587,확장(Risk-On),1.0,1.0,344.0
2023-07-17,1.0,0.9121,1.1244,0.1134,0.8761,확장(Risk-On),1.0,1.0,343.7
2023-07-18,0.9519,0.9195,1.1726,0.1701,0.8817,확장(Risk-On),1.0,1.0,341.4
2023-07-19,0.9117,0.8563,1.0889,0.2395,0.8413,확장(Risk-On),1.0,1.0,340.2
2023-07-20,0.7286,0.8319,1.0446,0.1894,0.7525,확장(Risk-On),1.0,1.0,339.1
2023-07-21,0.8002,0.9426,1.0821,-0.0326,0.7814,확장(Risk-On),1.0,1.0,339.95
2023-07-24,1.0089,0.879,1.1472,0.0094,0.8611,확장(Risk-On),1.0,1.0,341.8
2023-07-25,0.9912,0.9552,1.0735,-0.0608,0.845,확장(Risk-On),1.0,1.0,342.2
2023-07-26,0.6998,0.9334,0.9901,-0.1873,0.6977,확장(Risk-On),1.0,1.0,338.25
2023-07-27,0.7753,0.6797,0.9639,-0.0359,0.6769,확장(Risk-On),1.0,1.0,342.15
2023-07-28,0.7879,0.8539,0.8157,-0.3323,0.6433,확장(Risk-On),1.0,1.0,341.05
2023-07-31,0.9822,1.0022,0.824,-0.3995,0.7404,확장(Risk-On),1.0,1.0,343.05
2023-08-01,1.2367,0.9246,0.748,-0.4568,0.7825,확장(Risk-On),1.0,1.0,348.15
2023-08-02,0.7874,0.3686,0.5057,-0.4611,0.425,확장(Risk-On),1.0,1.0,340.6
2023-08-03,0.6615,0.4433,0.5086,-0.4596,0.4006,확장(Risk-On),1.0,1.0,338.5
2023-08-04,0.6434,0.1768,0.5306,-0.7257,0.2932,확장(Risk-On),1.0,1.0,338.1
2023-08-07,0.3804,0.1198,0.509,-0.5409,0.2092,확장(Risk-On),1.0,1.0,336.75
2023-08-08,0.2511,-0.0173,0.4016,-0.4755,0.1127,중립(Neutral),0.5,1.0,334.95
2023-08-09,0.3535,0.0419,0.5074,-0.6749,0.1598,중립(Neutral),0.5,1.0,338.3
2023-08-10,0.0583,-0.047,0.4678,-0.6858,0.0227,중립(Neutral),0.5,1.0,336.25
2023-08-11,0.0275,0.346,0.4598,-0.8924,0.0772,중립(Neutral),0.5,1.0,336.25
2023-08-14,-0.1659,0.3152,0.3243,-1.1403,-0.0692,중립(Neutral),0.5,1.0,333.05
2023-08-16,-0.4081,-0.0788,0.0003,-1.2007,-0.3426,수축(Risk-Off),0.0,1.0,328.15
2023-08-17,-0.4317,-0.3006,0.0071,-1.442,-0.4407,수축(Risk-Off),0.0,1.0,326.8
2023-08-18,-0.6553,-0.3039,-0.049,-1.208,-0.4988,수축(Risk-Off),0.0,1.0,324.3
2023-08-21,-0.6484,-0.1509,-0.1412,-1.3637,-0.5045,수축(Risk-Off),0.0,1.0,324.75
2023-08-22,-0.637,-0.177,-0.0585,-1.3429,-0.4832,수축(Risk-Off),0.0,1.0,325.8
2023-08-23,-0.669,-0.2301,-0.3349,-1.1203,-0.5435,수축(Risk-Off),0.0,1.0,325.45
2023-08-24,-0.3084,-0.2507,-0.1785,-1.0343,-0.3704,수축(Risk-Off),0.0,1.0,329.7
2023-08-25,-0.6071,-0.0554,-0.2618,-0.9799,-0.4388,수축(Risk-Off),0.0,1.0,326.0
2023-08-28,-0.5291,0.0125,-0.4783,-0.722,-0.41,수축(Risk-Off),0.0,1.0,328.45
2023-08-29,-0.5443,0.1372,-0.4966,-0.7027,-0.3858,수축(Risk-Off),0.0,1.0,329.25
2023-08-30,-0.533,0.4516,-0.3851,-0.6704,-0.2705,수축(Risk-Off),0.0,1.0,330.55
2023-08-31,-0.3319,0.466,-0.4999,-0.5017,-0.1999,중립(Neutral),0.5,1.0,330.75
2023-09-01,-0.1025,0.6854,-0.4751,-0.4599,-0.0523,중립(Neutral),0.5,0.5,333.65
2023-09-04,0.0618,0.5805,-0.3923,-0.6378,-0.027,중립(Neutral),0.5,0.5,336.55
2023-09-05,0.0447,0.5956,-0.4589,-0.9118,-0.087,중립(Neutral),0.5,0.5,336.3
2023-09-06,-0.0409,0.5573,-0.4321,-0.8551,-0.1113,중립(Neutral),0.5,0.5,333.65
2023-09-07,-0.1737,0.5336,-0.5715,-0.9958,-0.2196,수축(Risk-Off),0.0,0.5,332.15
2023-09-08,-0.0536,0.4792,-0.3704,-0.6727,-0.0924,중립(Neutral),0.5,0.5,332.4
2023-09-11,0.0469,0.5549,-0.2993,-0.6868,-0.0227,중립(Neutral),0.5,0.5,333.9
2023-09-12,-0.0178,0.6796,-0.3203,-0.7022,-0.0217,중립(Neutral),0.5,0.5,331.6
2023-09-13,-0.0192,0.813,-0.4108,-0.6725,-0.007,중립(Neutral),0.5,0.5,331.75
2023-09-14,0.3967,1.1302,-0.2532,-0.4772,0.2865,확장(Risk-On),1.0,0.5,336.8
2023-09-15,0.6129,0.9516,-0.1548,-0.4798,0.3418,확장(Risk-On),1.0,0.5,341.05
2023-09-18,0.4768,0.8357,-0.2387,-0.5886,0.2278,확장(Risk-On),1.0,0.5,337.1
2023-09-19,0.4162,0.7455,-0.2953,-0.5577,0.1745,중립(Neutral),0.5,0.5,334.9
2023-09-20,0.4383,0.4459,-0.4133,-0.637,0.066,중립(Neutral),0.5,0.5,334.75
2023-09-21,0.1162,0.1556,-0.5419,-0.9308,-0.1955,중립(Neutral),0.5,0.5,328.35
2023-09-22,-0.0441,0.0582,-0.5935,-0.701,-0.2544,수축(Risk-Off),0.0,0.5,327.0
2023-09-25,-0.0286,0.0361,-0.5692,-0.8892,-0.2767,수축(Risk-Off),0.0,0.5,327.25
2023-09-26,-0.2916,-0.3054,-0.6395,-1.0608,-0.4974,수축(Risk-Off),0.0,0.5,322.5
2023-09-27,-0.2326,-0.2733,-0.5895,-0.9157,-0.4345,수축(Risk-Off),0.0,0.5,323.15
2023-10-04,-0.7827,-0.3712,-1.3615,-1.5811,-0.9443,수축(Risk-Off),0.0,0.0,314.25
2023-10-05,-0.7604,-0.3969,-1.2162,-1.3771,-0.876,수축(Risk-Off),0.0,0.0,313.9
2023-10-06,-0.7269,-0.3115,-1.1628,-1.2909,-0.8166,수축(Risk-Off),0.0,0.0,314.65
2023-10-10,-0.7945,-0.1047,-1.0438,-1.0963,-0.7296,수축(Risk-Off),0.0,0.0,315.6
2023-10-11,-0.4391,-0.0197,-0.8711,-0.9417,-0.5176,수축(Risk-Off),0.0,0.0,321.15
2023-10-12,-0.2713,-0.1601,-0.779,-0.8984,-0.4645,수축(Risk-Off),0.0,0.0,324.6
2023-10-13,-0.456,-0.3989,-1.2301,-1.0501,-0.7244,수축(Risk-Off),0.0,0.0,322.0
2023-10-16,-0.6802,-0.159,-1.2612,-0.9716,-0.7388,수축(Risk-Off),0.0,0.0,319.0
2023-10-17,-0.4085,-0.1854,-1.1728,-1.1204,-0.6506,수축(Risk-Off),0.0,0.0,322.95
2023-10-18,-0.295,-0.1448,-1.2176,-1.2437,-0.6304,수축(Risk-Off),0.0,0.0,324.35
2023-10-19,-0.6117,-0.3005,-1.4687,-1.2698,-0.8469,수축(Risk-Off),0.0,0.0,317.85
2023-10-20,-0.6516,-0.5017,-1.4617,-1.1931,-0.8979,수축(Risk-Off),0.0,0.0,313.0
2023-10-23,-0.6354,-0.4096,-1.4204,-1.2698,-0.8703,수축(Risk-Off),0.0,0.0,311.15
2023-10-24,-0.5942,-0.2007,-1.3594,-0.9241,-0.7366,수축(Risk-Off),0.0,0.0,313.7
2023-10-25,-0.5667,-0.3563,-1.3004,-0.9784,-0.7593,수축(Risk-Off),0.0,0.0,312.0
2023-10-26,-0.9251,-0.5249,-1.5112,-1.2213,-1.016,수축(Risk-Off),0.0,0.0,303.3
2023-10-27,-0.9901,-0.6629,-1.481,-0.8848,-1.0152,수축(Risk-Off),0.0,0.0,303.35
2023-10-30,-0.8882,-0.1624,-1.26,-0.9003,-0.8015,수축(Risk-Off),0.0,0.0,303.85
2023-10-31,-0.964,-0.107,-1.4018,-0.4854,-0.7874,수축(Risk-Off),0.0,0.0,303.05
2023-11-01,-0.6777,0.0754,-1.4476,-0.4953,-0.6545,수축(Risk-Off),0.0,0.0,304.25
2023-11-02,-0.3961,0.1088,-1.0269,-0.4001,-0.4282,수축(Risk-Off),0.0,0.0,310.7
2023-11-03,-0.3825,0.2423,-0.6384,-0.3795,-0.2898,수축(Risk-Off),0.0,0.0,312.45
2023-11-06,-0.0674,0.2723,-0.2719,-0.3555,-0.0768,중립(Neutral),0.5,0.0,319.65
2023-11-07,-0.0073,0.3417,-0.2626,-0.3369,-0.0333,중립(Neutral),0.5,0.0,323.65
2023-11-08,-0.1788,0.5753,-0.212,-0.2889,-0.0151,중립(Neutral),0.5,0.0,321.35
2023-11-09,-0.1632,0.2243,-0.2305,-0.2946,-0.1028,중립(Neutral),0.5,0.0,318.8
2023-11-10,-0.1517,0.4033,-0.2125,-0.2483,-0.0426,중립(Neutral),0.5,0.0,317.4
2023-11-13,-0.1132,0.6264,-0.3603,-0.2598,-0.012,중립(Neutral),0.5,0.0,320.0
2023-11-14,0.0953,0.7793,-0.1534,-0.2806,0.1478,중립(Neutral),0.5,0.0,321.8
2023-11-15,0.4232,0.6611,0.0415,-0.1489,0.3014,확장(Risk-On),1.0,0.0,327.7
2023-11-16,0.4285,0.5291,-0.0063,-0.0987,0.2659,확장(Risk-On),1.0,0.0,328.15
2023-11-17,0.4343,0.65,-0.0231,-0.0288,0.3044,확장(Risk-On),1.0,0.0,328.5
2023-11-19,0.3346,0.6687,-0.0153,-0.0535,0.2724,확장(Risk-On),1.0,0.0,325.95
2023-11-20,0.7298,0.8216,0.1465,-0.0459,0.4906,확장(Risk-On),1.0,0.0,331.55
2023-11-21,0.558,0.7026,0.0233,-0.0499,0.3693,확장(Risk-On),1.0,0.0,328.55
2023-11-22,0.6791,0.6842,0.0518,-0.0343,0.4165,확장(Risk-On),1.0,0.0,331.9
2023-11-23,0.6057,0.6103,0.0833,-0.0621,0.3761,확장(Risk-On),1.0,0.0,332.0
2023-11-24,0.5618,0.5551,0.1209,-0.056,0.3572,확장(Risk-On),1.0,0.0,331.35
2023-11-26,0.4436,0.479,0.0729,-0.0456,0.2864,확장(Risk-On),1.0,0.0,329.0
2023-11-27,0.387,0.3766,0.009,-0.0805,0.2198,확장(Risk-On),1.0,0.0,329.8
2023-11-28,0.4549,0.3571,0.0839,-0.0615,0.2602,확장(Risk-On),1.0,0.0,331.6
2023-11-29,0.4203,0.3005,0.0284,-0.0436,0.2228,확장(Risk-On),1.0,0.0,330.45
2023-11-30,0.269,0.2364,0.0109,-0.005,0.1552,중립(Neutral),0.5,0.0,331.55
2023-12-01,0.1342,0.1954,-0.2018,-0.0234,0.0419,중립(Neutral),0.5,0.5,329.4
2023-12-03,0.2773,0.3071,-0.1219,-0.0064,0.1424,중립(Neutral),0.5,0.5,331.65
2023-12-04,0.1593,0.1367,-0.0142,0.0242,0.09,중립(Neutral),0.5,0.5,329.0
2023-12-05,0.1309,0.1526,-0.0694,-0.0021,0.0663,중립(Neutral),0.5,0.5,328.7
2023-12-06,0.1228,0.147,0.0379,0.0742,0.1004,중립(Neutral),0.5,0.5,326.8
2023-12-07,0.1875,0.1635,0.0646,0.075,0.1339,중립(Neutral),0.5,0.5,329.65
2023-12-08,0.2241,0.3229,0.2114,0.088,0.2252,확장(Risk-On),1.0,0.5,331.4
2023-12-10,0.2286,0.395,0.3349,0.1197,0.2804,확장(Risk-On),1.0,0.5,332.5
2023-12-11,0.2769,0.3376,0.326,0.1148,0.2801,확장(Risk-On),1.0,0.5,333.45
2023-12-12,0.272,0.4198,0.3287,0.1954,0.3116,확장(Risk-On),1.0,0.5,333.6
2023-12-13,0.5168,0.3834,0.1547,0.146,0.3373,확장(Risk-On),1.0,0.5,336.35
2023-12-14,0.4222,0.2497,0.4352,0.26,0.358,확장(Risk-On),1.0,0.5,337.65
2023-12-15,0.6725,0.3093,0.5355,0.1761,0.473,확장(Risk-On),1.0,0.5,340.9
2023-12-17,0.5162,0.1212,0.6176,0.2297,0.3999,확장(Risk-On),1.0,0.5,339.2
2023-12-18,0.4467,0.0415,0.4869,0.239,0.3243,확장(Risk-On),1.0,0.5,337.6
2023-12-19,0.6708,0.1595,0.4806,0.202,0.4251,확장(Risk-On),1.0,0.5,342.45
2023-12-20,0.9056,0.0122,0.6051,0.202,0.5016,확장(Risk-On),1.0,0.5,343.7
2023-12-21,1.0639,0.0612,0.5831,0.1451,0.5552,확장(Risk-On),1.0,0.5,347.3
2023-12-22,0.9179,0.1581,0.48,0.1593,0.5047,확장(Risk-On),1.0,0.5,345.05
2023-12-25,1.044,0.1113,0.7648,0.1791,0.6113,확장(Risk-On),1.0,0.5,347.2
2023-12-26,1.0112,0.1538,0.776,0.1812,0.6136,확장(Risk-On),1.0,0.5,347.3
2023-12-27,1.073,0.2611,0.7814,0.2273,0.6703,확장(Risk-On),1.0,0.5,350.85
2023-12-28,1.4313,0.1785,0.9883,0.2831,0.8351,확장(Risk-On),1.0,0.5,357.45
2024-01-02,1.4293,0.3204,1.0617,0.2102,0.8773,확장(Risk-On),1.0,1.0,353.85
2024-01-03,0.868,-0.0789,0.8533,0.2098,0.5289,확장(Risk-On),1.0,1.0,345.4
2024-01-04,0.8846,-0.1148,0.7909,0.2237,0.5122,확장(Risk-On),1.0,1.0,344.8
2024-01-05,0.9263,0.1346,0.8623,0.2174,0.6061,확장(Risk-On),1.0,1.0,344.85
2024-01-07,1.0611,0.1434,1.1612,0.2856,0.7404,확장(Risk-On),1.0,1.0,345.85
2024-01-08,1.1008,0.3255,1.2601,0.2847,0.8244,확장(Risk-On),1.0,1.0,347.55
2024-01-09,0.7002,0.2682,1.0924,0.0376,0.5909,확장(Risk-On),1.0,1.0,341.2
2024-01-10,0.6178,0.1861,0.9538,0.0204,0.5042,확장(Risk-On),1.0,1.0,337.8
2024-01-11,0.5047,0.1691,0.9748,0.1121,0.4794,확장(Risk-On),1.0,1.0,336.45
2024-01-12,0.4978,0.1039,0.9447,0.1842,0.464,확장(Risk-On),1.0,1.0,335.25
2024-01-14,0.5974,0.1125,0.7506,0.2729,0.4658,확장(Risk-On),1.0,1.0,335.35
2024-01-15,0.3948,0.1354,0.5173,0.3223,0.3497,확장(Risk-On),1.0,1.0,333.4
2024-01-16,0.2991,-0.0137,0.3858,0.249,0.2351,확장(Risk-On),1.0,1.0,332.4
2024-01-17,-0.3054,-0.4826,-0.0726,0.1094,-0.2293,수축(Risk-Off),0.0,1.0,323.1
2024-01-18,-0.0303,-0.2954,0.0208,0.1153,-0.062,중립(Neutral),0.5,1.0,328.2
2024-01-19,-0.0182,0.0387,-0.0024,-0.0653,-0.0071,중립(Neutral),0.5,1.0,328.9
2024-01-21,0.0167,0.1361,0.1131,0.0012,0.0683,중립(Neutral),0.5,1.0,332.85
2024-01-22,-0.1469,-0.0231,0.0789,0.1196,-0.0195,중립(Neutral),0.5,1.0,330.7
2024-01-23,-0.1752,0.1509,0.0344,-0.1346,-0.0352,중립(Neutral),0.5,1.0,331.25
2024-01-24,-0.3616,-0.0279,0.1776,-0.2691,-0.1295,중립(Neutral),0.5,1.0,329.8
2024-01-25,-0.4587,-0.0174,0.0123,0.0454,-0.155,중립(Neutral),0.5,1.0,327.55
2024-01-26,-0.2065,0.2437,-0.1778,0.1718,-0.03,중립(Neutral),0.5,1.0,331.15
2024-01-28,-0.0286,0.2917,-0.1287,0.0457,0.0376,중립(Neutral),0.5,1.0,331.6
2024-01-29,0.1532,0.1937,-0.1817,0.0583,0.0654,중립(Neutral),0.5,1.0,336.0
2024-01-30,-0.1719,0.1844,-0.1671,0.1836,-0.0283,중립(Neutral),0.5,1.0,330.6
2024-01-31,-0.2091,-0.2014,-0.359,0.2495,-0.1759,중립(Neutral),0.5,1.0,330.55
2024-02-01,0.1698,0.0037,-0.1637,0.3498,0.0719,중립(Neutral),0.5,0.5,340.2
2024-02-02,0.6508,0.0208,0.0123,0.4315,0.3008,확장(Risk-On),1.0,0.5,348.8
2024-02-04,0.5927,-0.0603,-0.0077,0.4478,0.2576,확장(Risk-On),1.0,0.5,347.35
2024-02-05,0.433,0.0619,-0.1163,0.1221,0.1563,중립(Neutral),0.5,0.5,342.2
2024-02-06,0.4907,0.2868,-0.0354,0.0016,0.2348,확장(Risk-On),1.0,0.5,344.65
2024-02-07,0.6511,0.4109,0.0389,0.1417,0.3616,확장(Risk-On),1.0,0.5,349.05
2024-02-08,0.6743,0.5948,-0.067,0.1103,0.3845,확장(Risk-On),1.0,0.5,348.15
2024-02-12,0.9418,0.3264,0.2688,0.3312,0.5281,확장(Risk-On),1.0,0.5,352.1
2024-02-13,0.6731,-0.1448,0.205,0.3321,0.3004,확장(Risk-On),1.0,0.5,346.3
2024-02-14,0.7538,0.3877,0.1779,-0.1852,0.3774,확장(Risk-On),1.0,0.5,351.05
2024-02-15,0.7443,0.3071,0.1999,0.0864,0.4002,확장(Risk-On),1.0,0.5,349.5
2024-02-16,0.6243,0.4466,0.1943,0.1043,0.3944,확장(Risk-On),1.0,0.5,347.9
2024-02-18,0.791,0.4921,0.248,0.1189,0.4797,확장(Risk-On),1.0,0.5,351.0
2024-02-19,0.9827,0.3342,0.1063,0.1077,0.4702,확장(Risk-On),1.0,0.5,355.2
2024-02-20,0.7737,0.1332,0.0304,0.1496,0.3341,확장(Risk-On),1.0,0.5,351.25
2024-02-21,0.8302,0.2146,0.0542,0.1876,0.3859,확장(Risk-On),1.0,0.5,354.0
2024-02-22,0.7864,0.3761,0.0639,0.0597,0.3942,확장(Risk-On),1.0,0.5,355.75
2024-02-23,0.8101,0.6372,0.1972,0.0499,0.4996,확장(Risk-On),1.0,0.5,353.8
2024-02-26,0.4766,0.5651,-0.3111,0.1143,0.2474,확장(Risk-On),1.0,0.5,350.0
2024-02-27,0.2187,0.6452,-0.3029,0.3653,0.2169,확장(Risk-On),1.0,0.5,348.0
2024-02-28,0.2886,0.6221,-0.286,0.4834,0.2576,확장(Risk-On),1.0,0.5,349.55
2024-02-29,0.4029,0.5895,-0.3261,0.3747,0.2631,확장(Risk-On),1.0,0.5,350.5
2024-03-03,0.482,0.606,-0.5114,0.3727,0.2483,확장(Risk-On),1.0,1.0,354.6
2024-03-04,0.4355,0.4898,-0.5595,0.4781,0.2067,확장(Risk-On),1.0,1.0,354.4
2024-03-05,0.2853,0.2389,-0.6901,0.4971,0.0616,중립(Neutral),0.5,1.0,350.85
2024-03-06,0.3142,0.3424,-0.6613,0.5989,0.1201,중립(Neutral),0.5,1.0,352.75
2024-03-07,0.3873,0.6187,-0.5736,0.6419,0.2431,확장(Risk-On),1.0,1.0,356.25
2024-03-08,0.5067,0.3027,-0.6643,0.7163,0.1944,중립(Neutral),0.5,1.0,356.9
2024-03-10,0.3162,0.2467,-0.8453,0.8081,0.0822,중립(Neutral),0.5,1.0,354.2
2024-03-11,0.3778,0.2097,-0.7802,0.8759,0.121,중립(Neutral),0.5,1.0,354.9
2024-03-12,0.4766,0.4179,-0.4314,0.9224,0.3018,확장(Risk-On),1.0,1.0,357.75
2024-03-13,0.3945,0.5915,-0.3254,0.9667,0.3496,확장(Risk-On),1.0,1.0,358.75
2024-03-14,0.3852,0.6484,-0.3257,0.8446,0.3422,확장(Risk-On),1.0,1.0,361.45
2024-03-15,0.6215,0.6636,-0.3397,0.8096,0.4199,확장(Risk-On),1.0,1.0,364.1
2024-03-17,0.5926,0.5193,-0.3794,0.9446,0.384,확장(Risk-On),1.0,1.0,361.95
2024-03-18,0.5033,0.3944,-0.5793,0.7837,0.2475,확장(Risk-On),1.0,1.0,360.25
2024-03-19,0.6365,0.6943,-0.491,0.7751,0.3899,확장(Risk-On),1.0,1.0,362.0
2024-03-20,0.9605,0.9747,-0.44,0.6329,0.5648,확장(Risk-On),1.0,1.0,371.6
2024-03-21,1.1345,0.998,-0.2367,0.8985,0.7222,확장(Risk-On),1.0,1.0,374.85
2024-03-22,1.3052,1.0368,-0.2863,0.9298,0.7839,확장(Risk-On),1.0,1.0,376.3
2024-03-24,1.284,0.9713,-0.2951,0.7072,0.7245,확장(Risk-On),1.0,1.0,375.7
2024-03-25,1.2627,0.942,-0.3012,0.6804,0.7042,확장(Risk-On),1.0,1.0,375.6
2024-03-26,1.1866,0.9291,-0.1983,0.6481,0.6952,확장(Risk-On),1.0,1.0,374.05
2024-03-27,1.2484,1.1741,-0.0546,0.5749,0.8031,확장(Risk-On),1.0,1.0,375.6
2024-03-28,1.3671,1.1944,-0.176,0.5981,0.8228,확장(Risk-On),1.0,1.0,377.7
2024-03-29,1.4519,1.1764,-0.2067,0.3884,0.8088,확장(Risk-On),1.0,1.0,377.7
