date,price,weight,strategy_ret,bench_ret,strategy,benchmark
2014-06-11,246.2,0.0,0.0,0.0,1.0,1.0
2014-06-12,245.4,0.0,0.0,-0.003249,1.0,0.996751
2014-06-13,241.7,0.0,0.0,-0.015077,1.0,0.981722
2014-06-16,242.625,0.0,0.0,0.003827,1.0,0.985479
2014-06-17,243.65,0.0,0.0,0.004225,1.0,0.989643
2014-06-18,242.15,0.0,0.0,-0.006156,1.0,0.98355
2014-06-19,242.75,0.0,0.0,0.002478,1.0,0.985987
2014-06-20,238.9,0.0,0.0,-0.01586,1.0,0.970349
2014-06-23,240.3,0.0,0.0,0.00586,1.0,0.976036
2014-06-24,243.3,0.0,0.0,0.012484,1.0,0.988221
2014-06-25,241.4,0.0,0.0,-0.007809,1.0,0.980504
2014-06-26,243.4,0.0,0.0,0.008285,1.0,0.988627
2014-06-27,242.8,0.0,0.0,-0.002465,1.0,0.98619
2014-06-30,243.15,0.0,0.0,0.001442,1.0,0.987612
2014-07-01,243.2,0.5,-0.000397,0.000206,0.999603,0.987815
2014-07-02,245.15,0.5,0.004009,0.008018,1.00361,0.995735
2014-07-03,245.025,0.5,-0.000255,-0.00051,1.003354,0.995227
2014-07-04,244.4,0.5,-0.001275,-0.002551,1.002075,0.992689
2014-07-07,242.95,0.5,-0.002966,-0.005933,0.999102,0.986799
2014-07-08,242.7,0.5,-0.000515,-0.001029,0.998588,0.985784
2014-07-09,241.6,0.5,-0.002266,-0.004532,0.996325,0.981316
2014-07-10,242.05,0.5,0.000931,0.001863,0.997253,0.983144
2014-07-11,239.9,0.5,-0.004441,-0.008882,0.992824,0.974411
2014-07-14,240.75,0.5,0.001772,0.003543,0.994583,0.977864
2014-07-15,243.65,0.5,0.006023,0.012046,1.000573,0.989643
2014-07-16,244.05,0.5,0.000821,0.001642,1.001394,0.991267
2014-07-17,244.75,0.5,0.001434,0.002868,1.00283,0.99411
2014-07-18,244.4,0.5,-0.000715,-0.00143,1.002113,0.992689
2014-07-21,244.45,0.5,0.000102,0.000205,1.002216,0.992892
2014-07-22,246.25,0.5,0.003682,0.007363,1.005906,1.000203
2014-07-23,245.85,0.5,-0.000812,-0.001624,1.005089,0.998578
2014-07-24,246.3,0.5,0.000915,0.00183,1.006009,1.000406
2014-07-25,246.875,0.5,0.001167,0.002335,1.007183,1.002742
2014-07-28,249.15,0.5,0.004608,0.009215,1.011824,1.011982
2014-07-29,251.825,0.5,0.005368,0.010737,1.017255,1.022847
2014-07-30,256.375,0.5,0.009034,0.018068,1.026445,1.041328
2014-07-31,253.9,0.5,-0.004827,-0.009654,1.021491,1.031275
2014-08-01,252.65,1.0,-0.005423,-0.004923,1.015951,1.026198
2014-08-04,252.15,1.0,-0.001979,-0.001979,1.01394,1.024167
2014-08-05,250.7,1.0,-0.005751,-0.005751,1.00811,1.018278
2014-08-06,250.05,1.0,-0.002593,-0.002593,1.005496,1.015638
2014-08-07,248.5,1.0,-0.006199,-0.006199,0.999263,1.009342
2014-08-08,245.275,1.0,-0.012978,-0.012978,0.986295,0.996243
2014-08-11,247.05,1.0,0.007237,0.007237,0.993432,1.003452
2014-08-12,246.75,1.0,-0.001214,-0.001214,0.992226,1.002234
2014-08-13,248.6,1.0,0.007497,0.007497,0.999665,1.009748
2014-08-14,249.25,1.0,0.002615,0.002615,1.002279,1.012388
2014-08-18,247.3,1.0,-0.007823,-0.007823,0.994438,1.004468
2014-08-19,249.95,1.0,0.010716,0.010716,1.005094,1.015232
2014-08-20,249.375,1.0,-0.0023,-0.0023,1.002782,1.012896
2014-08-21,244.85,1.0,-0.018145,-0.018145,0.984586,0.994517
2014-08-22,246.85,1.0,0.008168,0.008168,0.992628,1.00264
2014-08-25,247.45,1.0,0.002431,0.002431,0.995041,1.005077
2014-08-26,248.55,1.0,0.004445,0.004445,0.999464,1.009545
2014-08-27,248.75,1.0,0.000805,0.000805,1.000268,1.010357
2014-08-28,249.05,1.0,0.001206,0.001206,1.001475,1.011576
2014-08-29,247.8,1.0,-0.005019,-0.005019,0.996448,1.006499
2014-09-01,247.6,0.5,-0.000904,-0.000807,0.995548,1.005686
2014-09-02,245.2,0.5,-0.004847,-0.009693,0.990723,0.995938
2014-09-03,244.65,0.5,-0.001122,-0.002243,0.989612,0.993704
2014-09-04,245.2,0.5,0.001124,0.002248,0.990724,0.995938
2014-09-05,244.15,0.5,-0.002141,-0.004282,0.988603,0.991673
2014-09-11,243.25,0.5,-0.001843,-0.003686,0.986781,0.988018
2014-09-12,244.3,0.5,0.002158,0.004317,0.988911,0.992283
2014-09-15,243.55,0.5,-0.001535,-0.00307,0.987393,0.989236
2014-09-16,244.05,0.5,0.001026,0.002053,0.988406,0.991267
2014-09-17,246.8,0.5,0.005634,0.011268,0.993975,1.002437
2014-09-18,245.55,0.5,-0.002532,-0.005065,0.991458,0.99736
2014-09-19,246.175,0.5,0.001273,0.002545,0.99272,0.999898
2014-09-22,242.9,0.5,-0.006652,-0.013304,0.986116,0.986596
2014-09-23,241.9,0.5,-0.002058,-0.004117,0.984086,0.982535
2014-09-24,241.9,0.5,0.0,0.0,0.984086,0.982535
2014-09-25,241.7,0.5,-0.000413,-0.000827,0.98368,0.981722
2014-09-26,240.95,0.5,-0.001552,-0.003103,0.982153,0.978676
2014-09-29,240.05,0.5,-0.001868,-0.003735,0.980319,0.97502
2014-09-30,238.65,0.5,-0.002916,-0.005832,0.97746,0.969334
2014-10-01,235.9,0.0,-0.0005,-0.011523,0.976972,0.958164
2014-10-02,232.45,0.0,0.0,-0.014625,0.976972,0.944151
2014-10-06,232.525,0.0,0.0,0.000323,0.976972,0.944456
2014-10-07,232.25,0.0,0.0,-0.001183,0.976972,0.943339
2014-10-08,231.9,0.0,0.0,-0.001507,0.976972,0.941917
2014-10-10,227.6,0.0,0.0,-0.018542,0.976972,0.924452
2014-10-13,226.475,0.0,0.0,-0.004943,0.976972,0.919882
2014-10-14,227.55,0.0,0.0,0.004747,0.976972,0.924249
2014-10-15,226.8,0.0,0.0,-0.003296,0.976972,0.921202
2014-10-16,225.325,0.0,0.0,-0.006504,0.976972,0.915211
2014-10-17,222.4,0.0,0.0,-0.012981,0.976972,0.903331
2014-10-20,225.7,0.0,0.0,0.014838,0.976972,0.916734
2014-10-21,224.0,0.0,0.0,-0.007532,0.976972,0.909829
2014-10-22,226.0,0.0,0.0,0.008929,0.976972,0.917953
2014-10-23,225.95,0.0,0.0,-0.000221,0.976972,0.91775
2014-10-24,225.0,0.0,0.0,-0.004204,0.976972,0.913891
2014-10-27,226.3,0.0,0.0,0.005778,0.976972,0.919171
2014-10-28,225.95,0.0,0.0,-0.001547,0.976972,0.91775
2014-10-29,230.7,0.0,0.0,0.021022,0.976972,0.937043
2014-10-30,230.5,0.0,0.0,-0.000867,0.976972,0.936231
2014-10-31,231.7,0.0,0.0,0.005206,0.976972,0.941105
2014-11-03,230.75,0.0,0.0,-0.0041,0.976972,0.937246
2014-11-04,228.7,0.0,0.0,-0.008884,0.976972,0.92892
2014-11-05,228.1,0.0,0.0,-0.002624,0.976972,0.926483
2014-11-06,229.5,0.0,0.0,0.006138,0.976972,0.932169
2014-11-07,229.65,0.0,0.0,0.000654,0.976972,0.932778
2014-11-10,232.3,0.0,0.0,0.011539,0.976972,0.943542
2014-11-11,232.1,0.0,0.0,-0.000861,0.976972,0.942729
2014-11-12,232.95,0.0,0.0,0.003662,0.976972,0.946182
2014-11-13,232.15,0.0,0.0,-0.003434,0.976972,0.942933
2014-11-14,230.2,0.0,0.0,-0.0084,0.976972,0.935012
2014-11-17,230.95,0.0,0.0,0.003258,0.976972,0.938058
2014-11-18,232.7,0.0,0.0,0.007577,0.976972,0.945167
2014-11-19,232.15,0.0,0.0,-0.002364,0.976972,0.942933
2014-11-20,231.45,0.0,0.0,-0.003015,0.976972,0.940089
2014-11-21,231.95,0.0,0.0,0.00216,0.976972,0.94212
2014-11-24,234.6,0.0,0.0,0.011425,0.976972,0.952884
2014-11-25,234.35,0.0,0.0,-0.001066,0.976972,0.951868
2014-11-26,233.85,0.0,0.0,-0.002134,0.976972,0.949838
2014-11-27,235.825,0.0,0.0,0.008446,0.976972,0.957859
2014-11-28,235.45,0.0,0.0,-0.00159,0.976972,0.956336
2014-12-01,232.8,0.0,0.0,-0.011255,0.976972,0.945573
2014-12-02,233.0,0.0,0.0,0.000859,0.976972,0.946385
2014-12-03,233.3,0.0,0.0,0.001288,0.976972,0.947604
2014-12-04,236.25,0.0,0.0,0.012645,0.976972,0.959586
2014-12-05,236.05,0.0,0.0,-0.000847,0.976972,0.958773
2014-12-08,235.45,0.0,0.0,-0.002542,0.976972,0.956336
2014-12-09,234.6,0.0,0.0,-0.00361,0.976972,0.952884
2014-12-10,230.45,0.0,0.0,-0.01769,0.976972,0.936028
2014-12-11,227.3,0.0,0.0,-0.013669,0.976972,0.923233
2014-12-12,227.5,0.0,0.0,0.00088,0.976972,0.924045
2014-12-15,228.45,0.0,0.0,0.004176,0.976972,0.927904
2014-12-16,226.1,0.0,0.0,-0.010287,0.976972,0.918359
2014-12-17,225.875,0.0,0.0,-0.000995,0.976972,0.917445
2014-12-18,225.0,0.0,0.0,-0.003874,0.976972,0.913891
2014-12-19,228.95,0.0,0.0,0.017556,0.976972,0.929935
2014-12-22,230.575,0.0,0.0,0.007098,0.976972,0.936535
2014-12-23,230.575,0.0,0.0,0.0,0.976972,0.936535
2014-12-24,231.025,0.0,0.0,0.001952,0.976972,0.938363
2014-12-26,231.025,0.0,0.0,0.0,0.976972,0.938363
2014-12-29,230.15,0.0,0.0,-0.003787,0.976972,0.934809
2014-12-30,226.9,0.0,0.0,-0.014121,0.976972,0.921608
2014-12-31,227.875,0.0,0.0,0.004297,0.976972,0.925569
2015-01-02,227.775,0.0,0.0,-0.000439,0.976972,0.925162
2015-01-05,227.525,0.0,0.0,-0.001098,0.976972,0.924147
2015-01-06,222.675,0.0,0.0,-0.021316,0.976972,0.904448
2015-01-07,223.325,0.0,0.0,0.002919,0.976972,0.907088
2015-01-08,226.35,0.0,0.0,0.013545,0.976972,0.919374
2015-01-09,229.625,0.0,0.0,0.014469,0.976972,0.932677
2015-01-12,228.725,0.0,0.0,-0.003919,0.976972,0.929021
2015-01-13,230.1,0.0,0.0,0.006012,0.976972,0.934606
2015-01-14,228.85,0.0,0.0,-0.005432,0.976972,0.929529
2015-01-15,229.95,0.0,0.0,0.004807,0.976972,0.933997
2015-01-16,225.95,0.0,0.0,-0.017395,0.976972,0.91775
2015-01-19,225.725,0.0,0.0,-0.000996,0.976972,0.916836
2015-01-20,230.65,0.0,0.0,0.021819,0.976972,0.93684
2015-01-21,231.65,0.0,0.0,0.004336,0.976972,0.940902
2015-01-22,225.725,0.0,0.0,-0.025577,0.976972,0.916836
2015-01-23,233.75,0.0,0.0,0.035552,0.976972,0.949431
2015-01-26,233.6,0.0,0.0,-0.000642,0.976972,0.948822
2015-01-27,235.35,0.0,0.0,0.007491,0.976972,0.95593
2015-01-28,235.4,0.0,0.0,0.000212,0.976972,0.956133
2015-01-29,234.55,0.0,0.0,-0.003611,0.976972,0.952681
2015-01-30,233.8,0.0,0.0,-0.003198,0.976972,0.949634
2015-02-02,233.9,0.5,-0.000286,0.000428,0.976692,0.950041
2015-02-03,225.725,0.5,-0.017475,-0.034951,0.959624,0.916836
2015-02-04,235.05,0.5,0.020656,0.041311,0.979446,0.954712
2015-02-05,232.5,0.5,-0.005424,-0.010849,0.974133,0.944354
2015-02-06,233.15,0.5,0.001398,0.002796,0.975495,0.946994
2015-02-09,232.7,0.5,-0.000965,-0.00193,0.974553,0.945167
2015-02-10,231.25,0.5,-0.003116,-0.006231,0.971517,0.939277
2015-02-11,231.75,0.5,0.001081,0.002162,0.972567,0.941308
2015-02-12,230.525,0.5,-0.002643,-0.005286,0.969997,0.936332
2015-02-13,232.7,0.5,0.004717,0.009435,0.974573,0.945167
2015-02-16,233.15,0.5,0.000967,0.001934,0.975515,0.946994
2015-02-17,233.6,0.5,0.000965,0.00193,0.976456,0.948822
2015-02-23,234.325,0.5,0.001552,0.003104,0.977972,0.951767
2015-02-24,234.7,0.5,0.0008,0.0016,0.978754,0.95329
2015-02-25,235.6,0.5,0.001917,0.003835,0.980631,0.956946
2015-02-26,235.45,0.5,-0.000318,-0.000637,0.980319,0.956336
2015-02-27,235.025,0.5,-0.000903,-0.001805,0.979434,0.95461
2015-03-02,236.05,0.5,0.002181,0.004361,0.98157,0.958773
2015-03-03,237.25,0.5,0.002542,0.005084,0.984065,0.963647
2015-03-04,236.9,0.5,-0.000738,-0.001475,0.983339,0.962226
2015-03-05,237.1,0.5,0.000422,0.000844,0.983754,0.963038
2015-03-06,238.45,0.5,0.002847,0.005694,0.986554,0.968522
2015-03-09,235.65,0.5,-0.005871,-0.011743,0.980762,0.957149
2015-03-10,234.5,0.5,-0.00244,-0.00488,0.978369,0.952478
2015-03-11,234.4,0.5,-0.000213,-0.000426,0.97816,0.952071
2015-03-12,234.65,0.5,0.000533,0.001067,0.978682,0.953087
2015-03-13,235.5,0.5,0.001811,0.003622,0.980455,0.956539
2015-03-16,236.0,0.5,0.001062,0.002123,0.981496,0.95857
2015-03-17,241.35,0.5,0.011335,0.022669,0.992621,0.980301
2015-03-18,241.9,0.5,0.001139,0.002279,0.993752,0.982535
2015-03-19,242.5,0.5,0.00124,0.00248,0.994984,0.984972
2015-03-20,242.05,0.5,-0.000928,-0.001856,0.994061,0.983144
2015-03-23,242.15,0.5,0.000207,0.000413,0.994266,0.98355
2015-03-24,242.35,0.5,0.000413,0.000826,0.994677,0.984362
2015-03-25,242.45,0.5,0.000206,0.000413,0.994882,0.984768
2015-03-26,239.65,0.5,-0.005774,-0.011549,0.989137,0.973396
2015-03-27,239.45,0.5,-0.000417,-0.000835,0.988724,0.972583
2015-03-30,239.55,0.5,0.000209,0.000418,0.988931,0.972989
2015-03-31,239.7,0.5,0.000313,0.000626,0.98924,0.973599
2015-04-01,237.8,1.0,-0.008427,-0.007927,0.980905,0.965881
2015-04-02,238.15,1.0,0.001472,0.001472,0.982348,0.967303
2015-04-03,240.0,1.0,0.007768,0.007768,0.989979,0.974817
2015-04-06,239.85,1.0,-0.000625,-0.000625,0.989361,0.974208
2015-04-07,239.45,1.0,-0.001668,-0.001668,0.987711,0.972583
2015-04-08,241.4,1.0,0.008144,0.008144,0.995754,0.980504
2015-04-09,241.0,1.0,-0.001657,-0.001657,0.994104,0.978879
2015-04-10,244.5,1.0,0.014523,0.014523,1.008541,0.993095
2015-04-13,246.25,1.0,0.007157,0.007157,1.01576,1.000203
2015-04-14,247.95,1.0,0.006904,0.006904,1.022772,1.007108
2015-04-15,248.8,1.0,0.003428,0.003428,1.026279,1.010561
2015-04-16,251.15,1.0,0.009445,0.009445,1.035972,1.020106
2015-04-17,251.0,1.0,-0.000597,-0.000597,1.035353,1.019496
2015-04-20,251.0,1.0,0.0,0.0,1.035353,1.019496
2015-04-21,250.85,1.0,-0.000598,-0.000598,1.034735,1.018887
2015-04-22,252.0,1.0,0.004584,0.004584,1.039478,1.023558
2015-04-23,255.8,1.0,0.015079,0.015079,1.055153,1.038993
2015-04-24,253.9,1.0,-0.007428,-0.007428,1.047316,1.031275
2015-04-27,253.4,1.0,-0.001969,-0.001969,1.045253,1.029245
2015-04-28,252.1,1.0,-0.00513,-0.00513,1.039891,1.023964
2015-04-29,250.95,1.0,-0.004562,-0.004562,1.035147,1.019293
2015-04-30,250.05,1.0,-0.003586,-0.003586,1.031435,1.015638
2015-05-04,251.0,1.0,0.003799,0.003799,1.035353,1.019496
2015-05-06,246.2,1.0,-0.019124,-0.019124,1.015554,1.0
2015-05-07,245.0,1.0,-0.004874,-0.004874,1.010604,0.995126
2015-05-08,243.75,1.0,-0.005102,-0.005102,1.005448,0.990049
2015-05-11,244.2,1.0,0.001846,0.001846,1.007304,0.991877
2015-05-12,244.25,1.0,0.000205,0.000205,1.00751,0.99208
2015-05-13,245.8,1.0,0.006346,0.006346,1.013904,0.998375
2015-05-14,245.9,1.0,0.000407,0.000407,1.014316,0.998781
2015-05-15,243.15,1.0,-0.011183,-0.011183,1.002973,0.987612
2015-05-18,243.85,1.0,0.002879,0.002879,1.00586,0.990455
2015-05-19,245.2,1.0,0.005536,0.005536,1.011429,0.995938
2015-05-20,247.7,1.0,0.010196,0.010196,1.021741,1.006093
2015-05-21,244.6,1.0,-0.012515,-0.012515,1.008954,0.993501
2015-05-22,247.7,1.0,0.012674,0.012674,1.021741,1.006093
2015-05-26,247.1,1.0,-0.002422,-0.002422,1.019266,1.003656
2015-05-27,241.55,1.0,-0.022461,-0.022461,0.996373,0.981113
2015-05-28,241.85,1.0,0.001242,0.001242,0.99761,0.982331
2015-05-29,243.05,1.0,0.004962,0.004962,1.00256,0.987206
2015-06-01,240.8,0.5,-0.005129,-0.009257,0.997419,0.978067
2015-06-02,238.6,0.5,-0.004568,-0.009136,0.992862,0.969131
2015-06-03,236.25,0.5,-0.004925,-0.009849,0.987973,0.959586
2015-06-04,236.75,0.5,0.001058,0.002116,0.989018,0.961617
2015-06-05,236.75,0.5,0.0,0.0,0.989018,0.961617
2015-06-08,236.15,0.5,-0.001267,-0.002534,0.987765,0.95918
2015-06-09,235.8,0.5,-0.000741,-0.001482,0.987033,0.957758
2015-06-10,234.1,0.5,-0.003605,-0.007209,0.983475,0.950853
2015-06-11,235.05,0.5,0.002029,0.004058,0.985471,0.954712
2015-06-12,232.6,0.5,-0.005212,-0.010423,0.980335,0.94476
2015-06-15,232.5,0.5,-0.000215,-0.00043,0.980124,0.944354
2015-06-16,229.65,0.5,-0.006129,-0.012258,0.974117,0.932778
2015-06-17,230.55,0.5,0.00196,0.003919,0.976025,0.936434
2015-06-18,230.8,0.5,0.000542,0.001084,0.976555,0.937449
2015-06-19,231.9,0.5,0.002383,0.004766,0.978882,0.941917
2015-06-22,233.0,0.5,0.002372,0.004743,0.981203,0.946385
2015-06-23,236.5,0.5,0.007511,0.015021,0.988573,0.960601
2015-06-24,236.3,0.5,-0.000423,-0.000846,0.988155,0.959789
2015-06-25,236.0,0.5,-0.000635,-0.00127,0.987528,0.95857
2015-06-26,236.15,0.5,0.000318,0.000636,0.987842,0.95918
2015-06-29,232.75,0.5,-0.007199,-0.014398,0.98073,0.94537
2015-06-30,233.6,0.5,0.001826,0.003652,0.982521,0.948822
2015-07-01,236.85,0.0,-0.0005,0.013913,0.98203,0.962023
2015-07-02,237.05,0.0,0.0,0.000844,0.98203,0.962835
2015-07-03,236.25,0.0,0.0,-0.003375,0.98203,0.959586
2015-07-06,229.9,0.0,0.0,-0.026878,0.98203,0.933794
2015-07-07,230.3,0.0,0.0,0.00174,0.98203,0.935418
2015-07-08,226.75,0.0,0.0,-0.015415,0.98203,0.920999
2015-07-09,228.8,0.0,0.0,0.009041,0.98203,0.929326
2015-07-10,228.8,0.0,0.0,0.0,0.98203,0.929326
2015-07-13,230.65,0.0,0.0,0.008086,0.98203,0.93684
2015-07-14,230.35,0.0,0.0,-0.001301,0.98203,0.935621
2015-07-15,231.05,0.0,0.0,0.003039,0.98203,0.938465
2015-07-16,232.7,0.0,0.0,0.007141,0.98203,0.945167
2015-07-17,231.15,0.0,0.0,-0.006661,0.98203,0.938871
2015-07-20,230.55,0.0,0.0,-0.002596,0.98203,0.936434
2015-07-21,231.15,0.0,0.0,0.002602,0.98203,0.938871
2015-07-22,228.575,0.0,0.0,-0.01114,0.98203,0.928412
2015-07-23,228.75,0.0,0.0,0.000766,0.98203,0.929123
2015-07-24,226.0,0.0,0.0,-0.012022,0.98203,0.917953
2015-07-27,226.45,0.0,0.0,0.001991,0.98203,0.919781
2015-07-28,226.7,0.0,0.0,0.001104,0.98203,0.920796
2015-07-29,227.75,0.0,0.0,0.004632,0.98203,0.925061
2015-07-30,225.7,0.0,0.0,-0.009001,0.98203,0.916734
2015-07-31,224.7,0.0,0.0,-0.004431,0.98203,0.912673
2015-08-03,223.5,0.0,0.0,-0.00534,0.98203,0.907799
2015-08-04,224.5,0.0,0.0,0.004474,0.98203,0.91186
2015-08-05,224.8,0.0,0.0,0.001336,0.98203,0.913079
2015-08-06,221.6,0.0,0.0,-0.014235,0.98203,0.900081
2015-08-07,221.15,0.0,0.0,-0.002031,0.98203,0.898253
2015-08-10,220.7,0.0,0.0,-0.002035,0.98203,0.896426
2015-08-11,219.8,0.0,0.0,-0.004078,0.98203,0.89277
2015-08-12,217.7,0.0,0.0,-0.009554,0.98203,0.88424
2015-08-13,219.6,0.0,0.0,0.008728,0.98203,0.891958
2015-08-17,217.4,0.0,0.0,-0.010018,0.98203,0.883022
2015-08-18,216.65,0.0,0.0,-0.00345,0.98203,0.879976
2015-08-19,214.85,0.0,0.0,-0.008308,0.98203,0.872665
2015-08-20,212.65,0.0,0.0,-0.01024,0.98203,0.863729
2015-08-21,209.35,0.0,0.0,-0.015518,0.98203,0.850325
2015-08-24,202.25,0.0,0.0,-0.033914,0.98203,0.821487
2015-08-25,204.4,0.0,0.0,0.01063,0.98203,0.830219
2015-08-26,208.0,0.0,0.0,0.017613,0.98203,0.844842
2015-08-27,209.2,0.0,0.0,0.005769,0.98203,0.849716
2015-08-28,212.65,0.0,0.0,0.016491,0.98203,0.863729
2015-08-31,212.3,0.0,0.0,-0.001646,0.98203,0.862307
2015-09-01,210.05,0.0,0.0,-0.010598,0.98203,0.853168
2015-09-02,210.7,0.0,0.0,0.003095,0.98203,0.855808
2015-09-03,210.75,0.0,0.0,0.000237,0.98203,0.856011
2015-09-04,208.6,0.0,0.0,-0.010202,0.98203,0.847279
2015-09-07,208.6,0.0,0.0,0.0,0.98203,0.847279
2015-09-08,209.1,0.0,0.0,0.002397,0.98203,0.84931
2015-09-09,216.1,0.0,0.0,0.033477,0.98203,0.877742
2015-09-10,215.9,0.0,0.0,-0.000925,0.98203,0.876929
2015-09-11,215.0,0.0,0.0,-0.004169,0.98203,0.873274
2015-09-14,213.35,0.0,0.0,-0.007674,0.98203,0.866572
2015-09-15,213.95,0.0,0.0,0.002812,0.98203,0.869009
2015-09-16,219.6,0.0,0.0,0.026408,0.98203,0.891958
2015-09-17,220.6,0.0,0.0,0.004554,0.98203,0.896019
2015-09-18,221.9,0.0,0.0,0.005893,0.98203,0.9013
2015-09-21,217.325,0.0,0.0,-0.020617,0.98203,0.882717
2015-09-22,219.3,0.0,0.0,0.009088,0.98203,0.890739
2015-09-23,216.1,0.0,0.0,-0.014592,0.98203,0.877742
2015-09-24,215.175,0.0,0.0,-0.00428,0.98203,0.873985
2015-09-25,215.6,0.0,0.0,0.001975,0.98203,0.875711
2015-09-30,217.3,0.0,0.0,0.007885,0.98203,0.882616
2015-10-01,219.75,0.0,0.0,0.011275,0.98203,0.892567
2015-10-02,217.95,0.0,0.0,-0.008191,0.98203,0.885256
2015-10-05,219.0,0.0,0.0,0.004818,0.98203,0.889521
2015-10-06,220.9,0.0,0.0,0.008676,0.98203,0.897238
2015-10-07,224.55,0.0,0.0,0.016523,0.98203,0.912063
2015-10-08,226.55,0.0,0.0,0.008907,0.98203,0.920187
2015-10-12,227.9,0.0,0.0,0.005959,0.98203,0.92567
2015-10-13,227.25,0.0,0.0,-0.002852,0.98203,0.92303
2015-10-14,226.85,0.0,0.0,-0.00176,0.98203,0.921405
2015-10-15,229.85,0.0,0.0,0.013225,0.98203,0.933591
2015-10-16,229.05,0.0,0.0,-0.003481,0.98203,0.930341
2015-10-19,228.8,0.0,0.0,-0.001091,0.98203,0.929326
2015-10-20,229.65,0.0,0.0,0.003715,0.98203,0.932778
2015-10-21,230.45,0.0,0.0,0.003484,0.98203,0.936028
2015-10-22,229.25,0.0,0.0,-0.005207,0.98203,0.931154
2015-10-23,230.9,0.0,0.0,0.007197,0.98203,0.937855
2015-10-26,231.55,0.0,0.0,0.002815,0.98203,0.940496
2015-10-27,231.85,0.0,0.0,0.001296,0.98203,0.941714
2015-10-28,231.85,0.0,0.0,0.0,0.98203,0.941714
2015-10-29,230.575,0.0,0.0,-0.005499,0.98203,0.936535
2015-10-30,230.575,0.0,0.0,0.0,0.98203,0.936535
2015-11-02,231.4,1.0,0.002578,0.003578,0.984561,0.939886
2015-11-03,234.1,1.0,0.011668,0.011668,0.996049,0.950853
2015-11-04,233.65,1.0,-0.001922,-0.001922,0.994135,0.949025
2015-11-05,233.5,1.0,-0.000642,-0.000642,0.993497,0.948416
2015-11-06,231.8,1.0,-0.007281,-0.007281,0.986263,0.941511
2015-11-09,231.025,1.0,-0.003343,-0.003343,0.982966,0.938363
2015-11-10,227.325,1.0,-0.016016,-0.016016,0.967223,0.923335
2015-11-11,226.775,1.0,-0.002419,-0.002419,0.964883,0.921101
2015-11-12,226.325,1.0,-0.001984,-0.001984,0.962968,0.919273
2015-11-13,224.125,1.0,-0.009721,-0.009721,0.953608,0.910337
2015-11-16,221.275,1.0,-0.012716,-0.012716,0.941482,0.898761
2015-11-17,223.125,1.0,0.008361,0.008361,0.949353,0.906275
2015-11-18,222.325,1.0,-0.003585,-0.003585,0.945949,0.903026
2015-11-19,225.125,1.0,0.012594,0.012594,0.957863,0.914399
2015-11-20,225.625,1.0,0.002221,0.002221,0.95999,0.91643
2015-11-23,227.75,1.0,0.009418,0.009418,0.969031,0.925061
2015-11-24,228.35,1.0,0.002634,0.002634,0.971584,0.927498
2015-11-25,228.1,1.0,-0.001095,-0.001095,0.970521,0.926483
2015-11-26,231.05,1.0,0.012933,0.012933,0.983072,0.938465
2015-11-27,230.45,1.0,-0.002597,-0.002597,0.980519,0.936028
2015-11-30,225.6,1.0,-0.021046,-0.021046,0.959884,0.916328
2015-12-01,229.25,0.5,0.00759,0.016179,0.967169,0.931154
2015-12-02,227.55,0.5,-0.003708,-0.007415,0.963583,0.924249
2015-12-03,225.35,0.5,-0.004834,-0.009668,0.958925,0.915313
2015-12-04,222.45,0.5,-0.006434,-0.012869,0.952754,0.903534
2015-12-07,222.25,0.5,-0.00045,-0.000899,0.952326,0.902721
2015-12-08,220.65,0.5,-0.0036,-0.007199,0.948898,0.896223
2015-12-09,220.7,0.5,0.000113,0.000227,0.949006,0.896426
2015-12-10,221.55,0.5,0.001926,0.003851,0.950833,0.899878
2015-12-11,221.2,0.5,-0.00079,-0.00158,0.950082,0.898457
2015-12-14,219.5,0.5,-0.003843,-0.007685,0.946431,0.891552
2015-12-15,220.05,0.5,0.001253,0.002506,0.947617,0.893786
2015-12-16,225.1,0.5,0.011475,0.022949,0.958491,0.914297
2015-12-17,224.2,0.5,-0.001999,-0.003998,0.956575,0.910642
2015-12-18,224.6,0.5,0.000892,0.001784,0.957428,0.912266
2015-12-21,224.7,0.5,0.000223,0.000445,0.957641,0.912673
2015-12-22,225.5,0.5,0.00178,0.00356,0.959346,0.915922
2015-12-23,227.95,0.5,0.005432,0.010865,0.964557,0.925873
2015-12-24,225.6,0.5,-0.005155,-0.010309,0.959585,0.916328
2015-12-28,223.0,0.5,-0.005762,-0.011525,0.954056,0.905768
2015-12-29,225.6,0.5,0.00583,0.011659,0.959618,0.916328
2015-12-30,223.65,0.5,-0.004322,-0.008644,0.95547,0.908408
2016-01-04,218.2,0.5,-0.012184,-0.024368,0.943829,0.886271
2016-01-05,219.6,0.5,0.003208,0.006416,0.946856,0.891958
2016-01-06,218.65,0.5,-0.002163,-0.004326,0.944808,0.888099
2016-01-07,215.7,0.5,-0.006746,-0.013492,0.938435,0.876117
2016-01-08,217.0,0.5,0.003013,0.006027,0.941263,0.881397
2016-01-11,214.95,0.5,-0.004724,-0.009447,0.936817,0.873071
2016-01-12,213.6,0.5,-0.00314,-0.006281,0.933875,0.867587
2016-01-13,217.7,0.5,0.009597,0.019195,0.942838,0.88424
2016-01-14,216.3,0.5,-0.003215,-0.006431,0.939806,0.878554
2016-01-15,212.25,0.5,-0.009362,-0.018724,0.931007,0.862104
2016-01-18,212.4,0.5,0.000353,0.000707,0.931336,0.862713
2016-01-19,213.45,0.5,0.002472,0.004944,0.933638,0.866978
2016-01-20,207.25,0.5,-0.014523,-0.029047,0.920079,0.841795
2016-01-21,208.2,0.5,0.002292,0.004584,0.922188,0.845654
2016-01-22,212.5,0.5,0.010327,0.020653,0.931711,0.863119
2016-01-25,214.4,0.5,0.004471,0.008941,0.935876,0.870837
2016-01-26,211.0,0.5,-0.007929,-0.015858,0.928455,0.857027
2016-01-27,214.25,0.5,0.007701,0.015403,0.935606,0.870227
2016-01-28,214.2,0.5,-0.000117,-0.000233,0.935497,0.870024
2016-01-29,215.5,0.5,0.003035,0.006069,0.938335,0.875305
2016-02-01,216.7,0.0,-0.0005,0.005568,0.937866,0.880179
2016-02-02,215.1,0.0,0.0,-0.007383,0.937866,0.87368
2016-02-03,212.1,0.0,0.0,-0.013947,0.937866,0.861495
2016-02-04,216.8,0.0,0.0,0.022159,0.937866,0.880585
2016-02-05,217.2,0.0,0.0,0.001845,0.937866,0.88221
2016-02-11,210.2,0.0,0.0,-0.032228,0.937866,0.853777
2016-02-12,208.9,0.0,0.0,-0.006185,0.937866,0.848497
2016-02-15,211.95,0.0,0.0,0.0146,0.937866,0.860885
2016-02-16,215.25,0.0,0.0,0.01557,0.937866,0.874289
2016-02-17,215.7,0.0,0.0,0.002091,0.937866,0.876117
2016-02-18,217.8,0.0,0.0,0.009736,0.937866,0.884647
2016-02-19,218.05,0.0,0.0,0.001148,0.937866,0.885662
2016-02-22,218.95,0.0,0.0,0.004127,0.937866,0.889318
2016-02-23,219.2,0.0,0.0,0.001142,0.937866,0.890333
2016-02-24,218.45,0.0,0.0,-0.003422,0.937866,0.887287
2016-02-25,218.65,0.0,0.0,0.000916,0.937866,0.888099
2016-02-26,219.0,0.0,0.0,0.001601,0.937866,0.889521
2016-02-29,218.4,0.0,0.0,-0.00274,0.937866,0.887084
2016-03-02,222.75,0.0,0.0,0.019918,0.937866,0.904752
2016-03-03,223.2,0.0,0.0,0.00202,0.937866,0.90658
2016-03-04,223.4,0.0,0.0,0.000896,0.937866,0.907392
2016-03-07,223.8,0.0,0.0,0.001791,0.937866,0.909017
2016-03-08,221.8,0.0,0.0,-0.008937,0.937866,0.900894
2016-03-09,222.9,0.0,0.0,0.004959,0.937866,0.905361
2016-03-10,226.1,0.0,0.0,0.014356,0.937866,0.918359
2016-03-11,225.7,0.0,0.0,-0.001769,0.937866,0.916734
2016-03-14,225.45,0.0,0.0,-0.001108,0.937866,0.915719
2016-03-15,225.35,0.0,0.0,-0.000444,0.937866,0.915313
2016-03-16,225.7,0.0,0.0,0.001553,0.937866,0.916734
2016-03-17,227.3,0.0,0.0,0.007089,0.937866,0.923233
2016-03-18,227.45,0.0,0.0,0.00066,0.937866,0.923842
2016-03-21,226.95,0.0,0.0,-0.002198,0.937866,0.921812
2016-03-22,228.5,0.0,0.0,0.00683,0.937866,0.928107
2016-03-23,227.9,0.0,0.0,-0.002626,0.937866,0.92567
2016-03-24,227.45,0.0,0.0,-0.001975,0.937866,0.923842
2016-03-25,227.15,0.0,0.0,-0.001319,0.937866,0.922624
2016-03-28,227.325,0.0,0.0,0.00077,0.937866,0.923335
2016-03-29,228.75,0.0,0.0,0.006269,0.937866,0.929123
2016-03-30,229.95,0.0,0.0,0.005246,0.937866,0.933997
2016-03-31,228.6,0.0,0.0,-0.005871,0.937866,0.928513
2016-04-01,224.85,1.0,-0.017404,-0.016404,0.921543,0.913282
2016-04-04,225.6,1.0,0.003336,0.003336,0.924617,0.916328
2016-04-05,223.4,1.0,-0.009752,-0.009752,0.915601,0.907392
2016-04-06,225.0,1.0,0.007162,0.007162,0.922158,0.913891
2016-04-07,225.1,1.0,0.000444,0.000444,0.922568,0.914297
2016-04-08,224.3,1.0,-0.003554,-0.003554,0.919289,0.911048
2016-04-11,224.75,1.0,0.002006,0.002006,0.921134,0.912876
2016-04-12,226.3,1.0,0.006897,0.006897,0.927486,0.919171
2016-04-14,231.4,1.0,0.022536,0.022536,0.948389,0.939886
2016-04-15,231.55,1.0,0.000648,0.000648,0.949003,0.940496
2016-04-18,230.45,1.0,-0.004751,-0.004751,0.944495,0.936028
2016-04-19,231.0,1.0,0.002387,0.002387,0.946749,0.938262
2016-04-20,230.05,1.0,-0.004113,-0.004113,0.942856,0.934403
2016-04-21,232.0,1.0,0.008476,0.008476,0.950848,0.942323
2016-04-22,230.8,1.0,-0.005172,-0.005172,0.945929,0.937449
2016-04-25,230.6,1.0,-0.000867,-0.000867,0.94511,0.936637
2016-04-26,231.3,1.0,0.003036,0.003036,0.947979,0.93948
2016-04-27,231.25,1.0,-0.000216,-0.000216,0.947774,0.939277
2016-04-28,228.55,1.0,-0.011676,-0.011676,0.936708,0.92831
2016-04-29,227.45,1.0,-0.004813,-0.004813,0.9322,0.923842
2016-05-02,226.35,1.0,-0.004836,-0.004836,0.927691,0.919374
2016-05-03,226.55,1.0,0.000884,0.000884,0.928511,0.920187
2016-05-04,225.45,1.0,-0.004855,-0.004855,0.924003,0.915719
2016-05-09,224.65,1.0,-0.003548,-0.003548,0.920724,0.91247
2016-05-10,225.9,1.0,0.005564,0.005564,0.925847,0.917547
2016-05-11,224.9,1.0,-0.004427,-0.004427,0.921748,0.913485
2016-05-12,225.0,1.0,0.000445,0.000445,0.922158,0.913891
2016-05-13,222.5,1.0,-0.011111,-0.011111,0.911912,0.903737
2016-05-16,223.3,1.0,0.003596,0.003596,0.915191,0.906986
2016-05-17,223.25,1.0,-0.000224,-0.000224,0.914986,0.906783
2016-05-18,221.4,1.0,-0.008287,-0.008287,0.907404,0.899269
2016-05-19,221.1,1.0,-0.001355,-0.001355,0.906174,0.89805
2016-05-20,221.25,1.0,0.000678,0.000678,0.906789,0.89866
2016-05-23,221.85,1.0,0.002712,0.002712,0.909248,0.901097
2016-05-24,220.2,1.0,-0.007437,-0.007437,0.902486,0.894395
2016-05-25,223.4,1.0,0.014532,0.014532,0.915601,0.907392
2016-05-26,223.3,1.0,-0.000448,-0.000448,0.915191,0.906986
2016-05-27,224.25,1.0,0.004254,0.004254,0.919084,0.910845
2016-05-30,223.85,1.0,-0.001784,-0.001784,0.917445,0.90922
2016-05-31,225.45,1.0,0.007148,0.007148,0.924003,0.915719
2016-06-01,225.8,0.5,0.000276,0.001552,0.924258,0.917141
2016-06-02,226.3,0.5,0.001107,0.002214,0.925281,0.919171
2016-06-03,226.7,0.5,0.000884,0.001768,0.926099,0.920796
2016-06-07,230.0,0.5,0.007278,0.014557,0.932839,0.9342
2016-06-08,231.95,0.5,0.004239,0.008478,0.936794,0.94212
2016-06-09,232.45,0.5,0.001078,0.002156,0.937803,0.944151
2016-06-10,231.35,0.5,-0.002366,-0.004732,0.935584,0.939683
2016-06-13,225.8,0.5,-0.011995,-0.02399,0.924362,0.917141
2016-06-14,225.1,0.5,-0.00155,-0.0031,0.92293,0.914297
2016-06-15,225.2,0.5,0.000222,0.000444,0.923135,0.914703
2016-06-16,223.1,0.5,-0.004663,-0.009325,0.91883,0.906174
2016-06-17,223.8,0.5,0.001569,0.003138,0.920272,0.909017
2016-06-20,226.75,0.5,0.006591,0.013181,0.926337,0.920999
2016-06-21,226.8,0.5,0.00011,0.000221,0.926439,0.921202
2016-06-22,228.45,0.5,0.003638,0.007275,0.929809,0.927904
2016-06-23,228.25,0.5,-0.000438,-0.000875,0.929402,0.927092
2016-06-24,220.0,0.5,-0.018072,-0.036145,0.912606,0.893582
2016-06-27,220.85,0.5,0.001932,0.003864,0.914369,0.897035
2016-06-28,221.65,0.5,0.001811,0.003622,0.916025,0.900284
2016-06-29,223.95,0.5,0.005188,0.010377,0.920778,0.909626
2016-06-30,225.3,0.5,0.003014,0.006028,0.923553,0.91511
2016-07-01,228.0,0.0,-0.0005,0.011984,0.923091,0.926076
2016-07-04,229.1,0.0,0.0,0.004825,0.923091,0.930544
2016-07-05,228.45,0.0,0.0,-0.002837,0.923091,0.927904
2016-07-06,223.2,0.0,0.0,-0.022981,0.923091,0.90658
2016-07-07,226.05,0.0,0.0,0.012769,0.923091,0.918156
2016-07-08,225.2,0.0,0.0,-0.00376,0.923091,0.914703
2016-07-11,228.35,0.0,0.0,0.013988,0.923091,0.927498
2016-07-12,228.6,0.0,0.0,0.001095,0.923091,0.928513
2016-07-13,230.4,0.0,0.0,0.007874,0.923091,0.935825
2016-07-14,231.05,0.0,0.0,0.002821,0.923091,0.938465
2016-07-15,232.3,0.0,0.0,0.00541,0.923091,0.943542
2016-07-18,232.7,0.0,0.0,0.001722,0.923091,0.945167
2016-07-19,232.05,0.0,0.0,-0.002793,0.923091,0.942526
2016-07-20,231.95,0.0,0.0,-0.000431,0.923091,0.94212
2016-07-21,231.95,0.0,0.0,0.0,0.923091,0.94212
2016-07-22,231.8,0.0,0.0,-0.000647,0.923091,0.941511
2016-07-25,231.9,0.0,0.0,0.000431,0.923091,0.941917
2016-07-26,234.35,0.0,0.0,0.010565,0.923091,0.951868
2016-07-27,234.4,0.0,0.0,0.000213,0.923091,0.952071
2016-07-28,233.05,0.0,0.0,-0.005759,0.923091,0.946588
2016-07-29,233.45,0.0,0.0,0.001716,0.923091,0.948213
2016-08-01,235.35,1.0,0.007139,0.008139,0.929681,0.95593
2016-08-02,233.25,1.0,-0.008923,-0.008923,0.921385,0.9474
2016-08-03,230.05,1.0,-0.013719,-0.013719,0.908745,0.934403
2016-08-04,230.65,1.0,0.002608,0.002608,0.911115,0.93684
2016-08-05,233.75,1.0,0.01344,0.01344,0.92336,0.949431
2016-08-08,235.25,1.0,0.006417,0.006417,0.929286,0.955524
2016-08-09,237.05,1.0,0.007651,0.007651,0.936396,0.962835
2016-08-10,236.25,1.0,-0.003375,-0.003375,0.933236,0.959586
2016-08-11,237.1,1.0,0.003598,0.003598,0.936594,0.963038
2016-08-12,237.3,1.0,0.000844,0.000844,0.937384,0.963851
2016-08-16,237.6,1.0,0.001264,0.001264,0.938569,0.965069
2016-08-17,236.85,1.0,-0.003157,-0.003157,0.935606,0.962023
2016-08-18,236.85,1.0,0.0,0.0,0.935606,0.962023
2016-08-19,236.85,1.0,0.0,0.0,0.935606,0.962023
2016-08-22,236.85,1.0,0.0,0.0,0.935606,0.962023
2016-08-23,236.85,1.0,0.0,0.0,0.935606,0.962023
2016-08-24,236.85,1.0,0.0,0.0,0.935606,0.962023
2016-08-25,236.85,1.0,0.0,0.0,0.935606,0.962023
2016-08-26,236.85,1.0,0.0,0.0,0.935606,0.962023
2016-08-29,236.85,1.0,0.0,0.0,0.935606,0.962023
2016-08-30,236.85,1.0,0.0,0.0,0.935606,0.962023
2016-08-31,236.85,1.0,0.0,0.0,0.935606,0.962023
2016-09-01,236.85,1.0,0.0,0.0,0.935606,0.962023
2016-09-02,236.85,1.0,0.0,0.0,0.935606,0.962023
2016-09-05,236.85,1.0,0.0,0.0,0.935606,0.962023
2016-09-06,241.875,1.0,0.021216,0.021216,0.955456,0.982433
2016-09-07,243.075,1.0,0.004961,0.004961,0.960196,0.987307
2016-09-08,241.175,1.0,-0.007817,-0.007817,0.952691,0.97959
2016-09-09,238.075,1.0,-0.012854,-0.012854,0.940445,0.966998
2016-09-12,232.975,1.0,-0.021422,-0.021422,0.920299,0.946284
2016-09-13,233.125,1.0,0.000644,0.000644,0.920892,0.946893
2016-09-19,234.025,1.0,0.003861,0.003861,0.924447,0.950548
2016-09-20,234.675,1.0,0.002777,0.002777,0.927014,0.953188
2016-09-21,235.775,1.0,0.004687,0.004687,0.93136,0.957656
2016-09-22,240.225,1.0,0.018874,0.018874,0.948938,0.975731
2016-09-23,239.175,1.0,-0.004371,-0.004371,0.94479,0.971466
2016-09-26,238.525,1.0,-0.002718,-0.002718,0.942223,0.968826
2016-09-27,239.575,1.0,0.004402,0.004402,0.94637,0.973091
2016-09-28,239.575,1.0,0.0,0.0,0.94637,0.973091
2016-09-29,241.675,1.0,0.008766,0.008766,0.954666,0.981621
2016-09-30,239.175,1.0,-0.010344,-0.010344,0.94479,0.971466
2016-10-04,239.925,1.0,0.003136,0.003136,0.947753,0.974513
2016-10-05,240.075,1.0,0.000625,0.000625,0.948346,0.975122
2016-10-06,240.975,1.0,0.003749,0.003749,0.951901,0.978777
2016-10-07,240.825,1.0,-0.000622,-0.000622,0.951308,0.978168
2016-10-10,240.325,1.0,-0.002076,-0.002076,0.949333,0.976137
2016-10-11,237.475,1.0,-0.011859,-0.011859,0.938075,0.964561
2016-10-12,236.375,1.0,-0.004632,-0.004632,0.93373,0.960093
2016-10-13,235.625,1.0,-0.003173,-0.003173,0.930767,0.957047
2016-10-14,236.175,1.0,0.002334,0.002334,0.93294,0.959281
2016-10-17,237.175,1.0,0.004234,0.004234,0.93689,0.963343
2016-10-18,238.4,1.0,0.005165,0.005165,0.941729,0.968318
2016-10-19,239.425,1.0,0.004299,0.004299,0.945778,0.972482
2016-10-20,239.175,1.0,-0.001044,-0.001044,0.94479,0.971466
2016-10-21,237.825,1.0,-0.005644,-0.005644,0.939458,0.965983
2016-10-24,239.825,1.0,0.00841,0.00841,0.947358,0.974106
2016-10-25,239.425,1.0,-0.001668,-0.001668,0.945778,0.972482
2016-10-26,235.525,1.0,-0.016289,-0.016289,0.930372,0.956641
2016-10-27,236.825,1.0,0.00552,0.00552,0.935507,0.961921
2016-10-28,236.925,1.0,0.000422,0.000422,0.935902,0.962327
2016-10-31,236.8,1.0,-0.000528,-0.000528,0.935409,0.96182
2016-11-01,236.8,0.5,-0.0005,0.0,0.934941,0.96182
2016-11-02,233.45,0.5,-0.007073,-0.014147,0.928328,0.948213
2016-11-03,234.0,0.5,0.001178,0.002356,0.929421,0.950447
2016-11-04,233.35,0.5,-0.001389,-0.002778,0.92813,0.947807
2016-11-07,235.45,0.5,0.0045,0.008999,0.932307,0.956336
2016-11-08,236.3,0.5,0.001805,0.00361,0.933989,0.959789
2016-11-09,230.2,0.5,-0.012907,-0.025815,0.921934,0.935012
2016-11-10,235.6,0.5,0.011729,0.023458,0.932747,0.956946
2016-11-11,233.0,0.5,-0.005518,-0.011036,0.927601,0.946385
2016-11-14,231.05,0.5,-0.004185,-0.008369,0.923719,0.938465
2016-11-15,229.85,0.5,-0.002597,-0.005194,0.92132,0.933591
2016-11-16,230.75,0.5,0.001958,0.003916,0.923124,0.937246
2016-11-17,230.55,0.5,-0.000433,-0.000867,0.922724,0.936434
2016-11-18,230.7,0.5,0.000325,0.000651,0.923024,0.937043
2016-11-21,230.1,0.5,-0.0013,-0.002601,0.921824,0.934606
2016-11-22,232.85,0.5,0.005976,0.011951,0.927332,0.945776
2016-11-23,233.85,0.5,0.002147,0.004295,0.929324,0.949838
2016-11-24,232.75,0.5,-0.002352,-0.004704,0.927138,0.94537
2016-11-25,232.5,0.5,-0.000537,-0.001074,0.92664,0.944354
2016-11-28,233.45,0.5,0.002043,0.004086,0.928533,0.948213
2016-11-29,233.075,0.5,-0.000803,-0.001606,0.927787,0.94669
2016-11-30,234.45,0.5,0.00295,0.005899,0.930524,0.952275
2016-12-01,234.6,0.5,0.00032,0.00064,0.930822,0.952884
2016-12-02,232.95,0.5,-0.003517,-0.007033,0.927548,0.946182
2016-12-05,233.0,0.5,0.000107,0.000215,0.927648,0.946385
2016-12-06,235.7,0.5,0.005794,0.011588,0.933023,0.957352
2016-12-07,236.5,0.5,0.001697,0.003394,0.934606,0.960601
2016-12-08,240.65,0.5,0.008774,0.017548,0.942806,0.977457
2016-12-09,241.35,0.5,0.001454,0.002909,0.944177,0.980301
2016-12-12,240.45,0.5,-0.001865,-0.003729,0.942417,0.976645
2016-12-13,241.15,0.5,0.001456,0.002911,0.943789,0.979488
2016-12-14,241.65,0.5,0.001037,0.002073,0.944767,0.981519
2016-12-15,241.5,0.5,-0.00031,-0.000621,0.944474,0.98091
2016-12-16,241.65,0.5,0.000311,0.000621,0.944767,0.981519
2016-12-19,242.15,0.5,0.001035,0.002069,0.945745,0.98355
2016-12-20,242.5,0.5,0.000723,0.001445,0.946428,0.984972
2016-12-21,242.35,0.5,-0.000309,-0.000619,0.946135,0.984362
2016-12-22,242.25,0.5,-0.000206,-0.000413,0.94594,0.983956
2016-12-23,241.75,0.5,-0.001032,-0.002064,0.944964,0.981925
2016-12-26,242.05,0.5,0.00062,0.001241,0.94555,0.983144
2016-12-27,242.65,0.5,0.001239,0.002479,0.946722,0.985581
2016-12-28,243.55,0.5,0.001855,0.003709,0.948478,0.989236
2016-12-29,243.2,0.5,-0.000719,-0.001437,0.947797,0.987815
2017-01-03,246.35,1.0,0.012452,0.012952,0.959599,1.000609
2017-01-04,246.55,1.0,0.000812,0.000812,0.960378,1.001422
2017-01-05,245.8,1.0,-0.003042,-0.003042,0.957456,0.998375
2017-01-06,246.8,1.0,0.004068,0.004068,0.961352,1.002437
2017-01-09,247.2,1.0,0.001621,0.001621,0.96291,1.004062
2017-01-10,247.15,1.0,-0.000202,-0.000202,0.962715,1.003859
2017-01-11,252.2,1.0,0.020433,0.020433,0.982386,1.02437
2017-01-12,252.25,1.0,0.000198,0.000198,0.982581,1.024574
2017-01-13,251.8,1.0,-0.001784,-0.001784,0.980828,1.022746
2017-01-16,250.55,1.0,-0.004964,-0.004964,0.975959,1.017669
2017-01-17,251.55,1.0,0.003991,0.003991,0.979854,1.02173
2017-01-18,251.1,1.0,-0.001789,-0.001789,0.978101,1.019903
2017-01-19,251.3,1.0,0.000796,0.000796,0.97888,1.020715
2017-01-20,250.7,1.0,-0.002388,-0.002388,0.976543,1.018278
2017-01-23,250.3,1.0,-0.001596,-0.001596,0.974985,1.016653
2017-01-24,251.15,1.0,0.003396,0.003396,0.978296,1.020106
2017-01-25,251.4,1.0,0.000995,0.000995,0.97927,1.021121
2017-01-26,254.15,1.0,0.010939,0.010939,0.989982,1.032291
2017-01-31,252.35,1.0,-0.007082,-0.007082,0.98297,1.02498
2017-02-01,253.35,1.0,0.003963,0.003963,0.986866,1.029041
2017-02-02,252.35,1.0,-0.003947,-0.003947,0.98297,1.02498
2017-02-03,252.95,1.0,0.002378,0.002378,0.985308,1.027417
2017-02-06,253.2,1.0,0.000988,0.000988,0.986281,1.028432
2017-02-07,252.5,1.0,-0.002765,-0.002765,0.983555,1.025589
2017-02-08,251.4,1.0,-0.004356,-0.004356,0.97927,1.021121
2017-02-09,251.65,1.0,0.000994,0.000994,0.980244,1.022136
2017-02-10,251.9,1.0,0.000993,0.000993,0.981218,1.023152
2017-02-13,252.0,1.0,0.000397,0.000397,0.981607,1.023558
2017-02-14,251.15,1.0,-0.003373,-0.003373,0.978296,1.020106
2017-02-15,252.05,1.0,0.003584,0.003584,0.981802,1.023761
2017-02-16,251.9,1.0,-0.000595,-0.000595,0.981218,1.023152
2017-02-17,252.15,1.0,0.000992,0.000992,0.982191,1.024167
2017-02-20,252.9,1.0,0.002974,0.002974,0.985113,1.027214
2017-02-21,255.4,1.0,0.009885,0.009885,0.994851,1.037368
2017-02-22,255.8,1.0,0.001566,0.001566,0.996409,1.038993
2017-02-23,256.15,1.0,0.001368,0.001368,0.997772,1.040414
2017-02-24,253.7,1.0,-0.009565,-0.009565,0.988229,1.030463
2017-02-27,252.65,1.0,-0.004139,-0.004139,0.984139,1.026198
2017-02-28,252.9,1.0,0.00099,0.00099,0.985113,1.027214
2017-03-02,255.85,1.0,0.011665,0.011665,0.996604,1.039196
2017-03-03,252.8,1.0,-0.011921,-0.011921,0.984723,1.026807
2017-03-06,253.4,1.0,0.002373,0.002373,0.98706,1.029245
2017-03-07,254.8,1.0,0.005525,0.005525,0.992514,1.034931
2017-03-08,255.35,1.0,0.002159,0.002159,0.994656,1.037165
2017-03-09,254.3,1.0,-0.004112,-0.004112,0.990566,1.0329
2017-03-10,255.2,1.0,0.003539,0.003539,0.994072,1.036556
2017-03-13,258.4,1.0,0.012539,0.012539,1.006537,1.049553
2017-03-14,260.65,1.0,0.008707,0.008707,1.015301,1.058692
2017-03-15,261.25,1.0,0.002302,0.002302,1.017638,1.061129
2017-03-16,262.95,1.0,0.006507,0.006507,1.02426,1.068034
2017-03-17,264.1,1.0,0.004373,0.004373,1.02874,1.072705
2017-03-20,264.15,1.0,0.000189,0.000189,1.028935,1.072908
2017-03-21,266.7,1.0,0.009654,0.009654,1.038867,1.083266
2017-03-22,265.2,1.0,-0.005624,-0.005624,1.033025,1.077173
2017-03-23,265.85,1.0,0.002451,0.002451,1.035556,1.079813
2017-03-24,265.5,1.0,-0.001317,-0.001317,1.034193,1.078392
2017-03-27,263.4,1.0,-0.00791,-0.00791,1.026013,1.069862
2017-03-28,264.2,1.0,0.003037,0.003037,1.029129,1.073111
2017-03-29,264.85,1.0,0.00246,0.00246,1.031661,1.075751
2017-03-30,264.8,1.0,-0.000189,-0.000189,1.031466,1.075548
2017-03-31,264.35,1.0,-0.001699,-0.001699,1.029714,1.073721
2017-04-03,264.65,1.0,0.001135,0.001135,1.030882,1.074939
2017-04-04,264.1,1.0,-0.002078,-0.002078,1.02874,1.072705
2017-04-05,263.6,1.0,-0.001893,-0.001893,1.026792,1.070674
2017-04-06,262.65,1.0,-0.003604,-0.003604,1.023092,1.066816
2017-04-07,262.0,1.0,-0.002475,-0.002475,1.02056,1.064175
2017-04-10,260.4,1.0,-0.006107,-0.006107,1.014327,1.057677
2017-04-11,258.65,1.0,-0.00672,-0.00672,1.007511,1.050569
2017-04-12,259.7,1.0,0.00406,0.00406,1.011601,1.054833
2017-04-13,261.9,1.0,0.008471,0.008471,1.02017,1.063769
2017-04-14,260.45,1.0,-0.005536,-0.005536,1.014522,1.05788
2017-04-17,261.4,1.0,0.003648,0.003648,1.018223,1.061738
2017-04-18,261.1,1.0,-0.001148,-0.001148,1.017054,1.06052
2017-04-19,259.6,1.0,-0.005745,-0.005745,1.011211,1.054427
2017-04-20,261.0,1.0,0.005393,0.005393,1.016664,1.060114
2017-04-21,263.45,1.0,0.009387,0.009387,1.026208,1.070065
2017-04-24,264.6,1.0,0.004365,0.004365,1.030687,1.074736
2017-04-25,267.95,1.0,0.012661,0.012661,1.043737,1.088343
2017-04-26,269.325,1.0,0.005132,0.005132,1.049093,1.093928
2017-04-27,270.1,1.0,0.002878,0.002878,1.052111,1.097076
2017-04-28,270.55,1.0,0.001666,0.001666,1.053864,1.098903
2017-05-02,273.175,1.0,0.009702,0.009702,1.064089,1.109565
2017-05-04,275.5,1.0,0.008511,0.008511,1.073146,1.119009
2017-05-08,283.45,1.0,0.028857,0.028857,1.104113,1.1513
2017-05-10,279.2,1.0,-0.014994,-0.014994,1.087558,1.134037
2017-05-11,282.85,1.0,0.013073,0.013073,1.101776,1.148863
2017-05-12,281.4,1.0,-0.005126,-0.005126,1.096128,1.142973
2017-05-15,282.4,1.0,0.003554,0.003554,1.100023,1.147035
2017-05-16,282.0,1.0,-0.001416,-0.001416,1.098465,1.14541
2017-05-17,282.25,1.0,0.000887,0.000887,1.099439,1.146426
2017-05-18,281.4,1.0,-0.003012,-0.003012,1.096128,1.142973
2017-05-19,281.0,1.0,-0.001421,-0.001421,1.09457,1.141348
2017-05-22,283.35,1.0,0.008363,0.008363,1.103724,1.150894
2017-05-23,283.8,1.0,0.001588,0.001588,1.105477,1.152721
2017-05-24,284.65,1.0,0.002995,0.002995,1.108787,1.156174
2017-05-25,288.25,1.0,0.012647,0.012647,1.12281,1.170796
2017-05-26,289.425,1.0,0.004076,0.004076,1.127387,1.175569
2017-05-29,289.55,1.0,0.000432,0.000432,1.127874,1.176076
2017-05-30,287.1,1.0,-0.008461,-0.008461,1.118331,1.166125
2017-05-31,287.825,1.0,0.002525,0.002525,1.121155,1.16907
2017-06-01,286.9,1.0,-0.003214,-0.003214,1.117552,1.165313
2017-06-02,289.875,1.0,0.010369,0.010369,1.12914,1.177396
2017-06-05,290.35,1.0,0.001639,0.001639,1.130991,1.179326
2017-06-07,288.15,1.0,-0.007577,-0.007577,1.122421,1.17039
2017-06-08,290.1,1.0,0.006767,0.006767,1.130017,1.17831
2017-06-09,292.0,1.0,0.006549,0.006549,1.137418,1.186028
2017-06-12,288.75,1.0,-0.01113,-0.01113,1.124758,1.172827
2017-06-13,290.375,1.0,0.005628,0.005628,1.131088,1.179427
2017-06-14,290.325,1.0,-0.000172,-0.000172,1.130893,1.179224
2017-06-15,289.1,1.0,-0.004219,-0.004219,1.126121,1.174249
2017-06-16,289.425,1.0,0.001124,0.001124,1.127387,1.175569
2017-06-19,291.25,1.0,0.006306,0.006306,1.134496,1.182981
2017-06-20,292.225,1.0,0.003348,0.003348,1.138294,1.186942
2017-06-21,289.875,1.0,-0.008042,-0.008042,1.12914,1.177396
2017-06-22,292.0,1.0,0.007331,0.007331,1.137418,1.186028
2017-06-23,292.7,1.0,0.002397,0.002397,1.140144,1.188871
2017-06-26,294.225,1.0,0.00521,0.00521,1.146085,1.195065
2017-06-27,294.475,1.0,0.00085,0.00085,1.147058,1.19608
2017-06-28,293.7,1.0,-0.002632,-0.002632,1.14404,1.192933
2017-06-29,295.8,1.0,0.00715,0.00715,1.15222,1.201462
2017-06-30,293.975,1.0,-0.00617,-0.00617,1.145111,1.19405
2017-07-03,295.4,1.0,0.004847,0.004847,1.150662,1.199838
2017-07-04,293.1,1.0,-0.007786,-0.007786,1.141702,1.190496
2017-07-05,293.875,1.0,0.002644,0.002644,1.144721,1.193643
2017-07-06,294.55,1.0,0.002297,0.002297,1.147351,1.196385
2017-07-07,293.7,1.0,-0.002886,-0.002886,1.14404,1.192933
2017-07-10,294.25,1.0,0.001873,0.001873,1.146182,1.195167
2017-07-11,296.15,1.0,0.006457,0.006457,1.153583,1.202884
2017-07-12,296.05,1.0,-0.000338,-0.000338,1.153194,1.202478
2017-07-13,300.0,1.0,0.013342,0.013342,1.16858,1.218522
2017-07-14,300.15,1.0,0.0005,0.0005,1.169164,1.219131
2017-07-17,300.95,1.0,0.002665,0.002665,1.17228,1.22238
2017-07-18,301.5,1.0,0.001828,0.001828,1.174423,1.224614
2017-07-19,302.15,1.0,0.002156,0.002156,1.176955,1.227254
2017-07-20,303.05,1.0,0.002979,0.002979,1.18046,1.23091
2017-07-21,304.55,1.0,0.00495,0.00495,1.186303,1.237002
2017-07-24,304.7,1.0,0.000493,0.000493,1.186888,1.237612
2017-07-25,303.1,1.0,-0.005251,-0.005251,1.180655,1.231113
2017-07-26,302.4,1.0,-0.002309,-0.002309,1.177928,1.22827
2017-07-27,303.3,1.0,0.002976,0.002976,1.181434,1.231925
2017-07-28,296.0,1.0,-0.024069,-0.024069,1.152999,1.202275
2017-07-31,297.0,1.0,0.003378,0.003378,1.156894,1.206336
2017-08-01,300.0,1.0,0.010101,0.010101,1.16858,1.218522
2017-08-02,300.6,1.0,0.002,0.002,1.170917,1.220959
2017-08-03,295.1,1.0,-0.018297,-0.018297,1.149493,1.198619
2017-08-04,296.3,1.0,0.004066,0.004066,1.154167,1.203493
2017-08-07,296.35,1.0,0.000169,0.000169,1.154362,1.203696
2017-08-08,296.3,1.0,-0.000169,-0.000169,1.154167,1.203493
2017-08-09,292.1,1.0,-0.014175,-0.014175,1.137807,1.186434
2017-08-10,290.7,1.0,-0.004793,-0.004793,1.132354,1.180747
2017-08-11,284.95,1.0,-0.01978,-0.01978,1.109956,1.157392
2017-08-14,288.05,1.0,0.010879,0.010879,1.122031,1.169984
2017-08-16,289.7,1.0,0.005728,0.005728,1.128459,1.176686
2017-08-17,291.3,1.0,0.005523,0.005523,1.134691,1.183184
2017-08-18,288.1,1.0,-0.010985,-0.010985,1.122226,1.170187
2017-08-19,290.75,1.0,0.009198,0.009198,1.132549,1.18095
2017-08-21,290.55,1.0,-0.000688,-0.000688,1.13177,1.180138
2017-08-22,291.0,1.0,0.001549,0.001549,1.133522,1.181966
2017-08-23,294.1,1.0,0.010653,0.010653,1.145598,1.194557
2017-08-24,291.85,1.0,-0.00765,-0.00765,1.136833,1.185418
2017-08-25,294.05,1.0,0.007538,0.007538,1.145403,1.194354
2017-08-26,293.85,1.0,-0.00068,-0.00068,1.144624,1.193542
2017-08-28,291.65,1.0,-0.007487,-0.007487,1.136054,1.184606
2017-08-29,292.05,1.0,0.001372,0.001372,1.137612,1.186231
2017-08-30,291.65,1.0,-0.00137,-0.00137,1.136054,1.184606
2017-08-31,292.2,1.0,0.001886,0.001886,1.138197,1.18684
2017-09-01,290.75,1.0,-0.004962,-0.004962,1.132549,1.18095
2017-09-02,290.55,1.0,-0.000688,-0.000688,1.13177,1.180138
2017-09-04,286.95,1.0,-0.01239,-0.01239,1.117747,1.165516
2017-09-05,287.6,1.0,0.002265,0.002265,1.120279,1.168156
2017-09-06,285.75,1.0,-0.006433,-0.006433,1.113072,1.160642
2017-09-07,286.75,1.0,0.0035,0.0035,1.116968,1.164703
2017-09-08,289.65,1.0,0.010113,0.010113,1.128264,1.176483
2017-09-09,289.5,1.0,-0.000518,-0.000518,1.12768,1.175873
2017-09-11,292.7,1.0,0.011054,0.011054,1.140144,1.188871
2017-09-12,294.0,1.0,0.004441,0.004441,1.145208,1.194151
2017-09-13,292.8,1.0,-0.004082,-0.004082,1.140534,1.189277
2017-09-14,292.1,1.0,-0.002391,-0.002391,1.137807,1.186434
2017-09-15,294.2,1.0,0.007189,0.007189,1.145987,1.194963
2017-09-16,296.05,1.0,0.006288,0.006288,1.153194,1.202478
2017-09-18,301.25,1.0,0.017565,0.017565,1.173449,1.223599
2017-09-19,300.7,1.0,-0.001826,-0.001826,1.171307,1.221365
2017-09-20,300.35,1.0,-0.001164,-0.001164,1.169943,1.219943
2017-09-21,300.6,1.0,0.000832,0.000832,1.170917,1.220959
2017-09-22,298.45,1.0,-0.007152,-0.007152,1.162542,1.212226
2017-09-25,298.35,1.0,-0.000335,-0.000335,1.162153,1.21182
2017-09-26,296.35,1.0,-0.006704,-0.006704,1.154362,1.203696
2017-09-27,295.95,1.0,-0.00135,-0.00135,1.152804,1.202071
2017-09-28,296.15,1.0,0.000676,0.000676,1.153583,1.202884
2017-09-29,298.6,1.0,0.008273,0.008273,1.163126,1.212835
2017-10-10,304.7,1.0,0.020429,0.020429,1.186888,1.237612
2017-10-11,307.8,1.0,0.010174,0.010174,1.198963,1.250203
2017-10-12,309.125,1.0,0.004305,0.004305,1.204124,1.255585
2017-10-13,310.325,1.0,0.003882,0.003882,1.208798,1.260459
2017-10-16,310.05,1.0,-0.000886,-0.000886,1.207727,1.259342
2017-10-17,310.35,1.0,0.000968,0.000968,1.208896,1.260561
2017-10-18,310.4,1.0,0.000161,0.000161,1.209091,1.260764
2017-10-19,308.65,1.0,-0.005638,-0.005638,1.202274,1.253656
2017-10-20,310.8,1.0,0.006966,0.006966,1.210649,1.262388
2017-10-23,311.6,1.0,0.002574,0.002574,1.213765,1.265638
2017-10-24,311.1,1.0,-0.001605,-0.001605,1.211817,1.263607
2017-10-25,311.3,1.0,0.000643,0.000643,1.212596,1.264419
2017-10-26,308.65,1.0,-0.008513,-0.008513,1.202274,1.253656
2017-10-27,311.4,1.0,0.00891,0.00891,1.212986,1.264825
2017-10-30,312.0,1.0,0.001927,0.001927,1.215323,1.267262
2017-10-31,315.6,1.0,0.011538,0.011538,1.229346,1.281885
2017-11-01,321.1,1.0,0.017427,0.017427,1.25077,1.304224
2017-11-02,319.6,1.0,-0.004671,-0.004671,1.244927,1.298132
2017-11-03,320.75,1.0,0.003598,0.003598,1.249407,1.302803
2017-11-06,318.7,1.0,-0.006391,-0.006391,1.241421,1.294476
2017-11-07,318.3,1.0,-0.001255,-0.001255,1.239863,1.292851
2017-11-08,319.8,1.0,0.004713,0.004713,1.245706,1.298944
2017-11-09,318.2,1.0,-0.005003,-0.005003,1.239474,1.292445
2017-11-10,317.45,1.0,-0.002357,-0.002357,1.236552,1.289399
2017-11-13,316.1,1.0,-0.004253,-0.004253,1.231294,1.283916
2017-11-14,315.85,1.0,-0.000791,-0.000791,1.23032,1.2829
2017-11-15,313.7,1.0,-0.006807,-0.006807,1.221945,1.274167
2017-11-16,315.85,1.0,0.006854,0.006854,1.23032,1.2829
2017-11-17,315.45,1.0,-0.001266,-0.001266,1.228762,1.281275
2017-11-20,314.0,1.0,-0.004597,-0.004597,1.223114,1.275386
2017-11-21,315.4,1.0,0.004459,0.004459,1.228567,1.281072
2017-11-22,317.1,1.0,0.00539,0.00539,1.235189,1.287977
2017-11-23,316.0,1.0,-0.003469,-0.003469,1.230904,1.283509
2017-11-24,316.8,1.0,0.002532,0.002532,1.23402,1.286759
2017-11-27,310.45,1.0,-0.020044,-0.020044,1.209285,1.260967
2017-11-28,312.25,1.0,0.005798,0.005798,1.216297,1.268278
2017-11-29,312.15,1.0,-0.00032,-0.00032,1.215907,1.267872
2017-11-30,306.8,1.0,-0.017139,-0.017139,1.195068,1.246141
2017-12-01,306.3,1.0,-0.00163,-0.00163,1.19312,1.24411
2017-12-04,309.55,1.0,0.010611,0.010611,1.20578,1.257311
2017-12-05,311.15,1.0,0.005169,0.005169,1.212012,1.26381
2017-12-06,306.2,1.0,-0.015909,-0.015909,1.19273,1.243704
2017-12-07,305.25,1.0,-0.003103,-0.003103,1.18903,1.239846
2017-12-08,305.9,1.0,0.002129,0.002129,1.191562,1.242486
2017-12-11,306.05,1.0,0.00049,0.00049,1.192146,1.243095
2017-12-12,305.0,1.0,-0.003431,-0.003431,1.188056,1.23883
2017-12-13,307.4,1.0,0.007869,0.007869,1.197405,1.248578
2017-12-14,308.5,1.0,0.003578,0.003578,1.20169,1.253046
2017-12-15,307.1,1.0,-0.004538,-0.004538,1.196236,1.24736
2017-12-18,308.35,1.0,0.00407,0.00407,1.201105,1.252437
2017-12-19,308.05,1.0,-0.000973,-0.000973,1.199937,1.251219
2017-12-20,307.75,1.0,-0.000974,-0.000974,1.198768,1.25
2017-12-21,301.05,1.0,-0.021771,-0.021771,1.17267,1.222786
2017-12-22,302.7,1.0,0.005481,0.005481,1.179097,1.229488
2017-12-26,301.65,1.0,-0.003469,-0.003469,1.175007,1.225223
2017-12-27,305.4,1.0,0.012432,0.012432,1.189614,1.240455
2017-12-28,309.5,1.0,0.013425,0.013425,1.205585,1.257108
2018-01-02,310.7,1.0,0.003877,0.003877,1.210259,1.261982
2018-01-03,311.9,1.0,0.003862,0.003862,1.214933,1.266856
2018-01-04,309.2,1.0,-0.008657,-0.008657,1.204416,1.25589
2018-01-05,312.925,1.0,0.012047,0.012047,1.218926,1.271019
2018-01-08,315.45,1.0,0.008069,0.008069,1.228762,1.281275
2018-01-09,314.65,1.0,-0.002536,-0.002536,1.225645,1.278026
2018-01-10,312.05,1.0,-0.008263,-0.008263,1.215518,1.267465
2018-01-11,310.7,1.0,-0.004326,-0.004326,1.210259,1.261982
2018-01-12,310.85,1.0,0.000483,0.000483,1.210843,1.262591
2018-01-15,311.5,1.0,0.002091,0.002091,1.213375,1.265232
2018-01-16,314.7,1.0,0.010273,0.010273,1.22584,1.278229
2018-01-17,313.75,1.0,-0.003019,-0.003019,1.22214,1.27437
2018-01-18,313.6,1.0,-0.000478,-0.000478,1.221555,1.273761
2018-01-19,313.85,1.0,0.000797,0.000797,1.222529,1.274777
2018-01-22,310.6,1.0,-0.010355,-0.010355,1.20987,1.261576
2018-01-23,315.2,1.0,0.01481,0.01481,1.227788,1.28026
2018-01-24,315.85,1.0,0.002062,0.002062,1.23032,1.2829
2018-01-25,318.55,1.0,0.008548,0.008548,1.240837,1.293867
2018-01-26,320.1,1.0,0.004866,0.004866,1.246875,1.300162
2018-01-29,322.7,1.0,0.008122,0.008122,1.257002,1.310723
2018-01-30,318.25,1.0,-0.01379,-0.01379,1.239668,1.292648
2018-01-31,318.6,1.0,0.0011,0.0011,1.241032,1.29407
2018-02-01,317.6,1.0,-0.003139,-0.003139,1.237137,1.290008
2018-02-02,311.5,1.0,-0.019207,-0.019207,1.213375,1.265232
2018-02-05,307.45,1.0,-0.013002,-0.013002,1.1976,1.248781
2018-02-06,301.85,1.0,-0.018214,-0.018214,1.175786,1.226036
2018-02-07,293.7,1.0,-0.027,-0.027,1.14404,1.192933
2018-02-08,296.7,1.0,0.010215,0.010215,1.155725,1.205118
2018-02-09,289.05,1.0,-0.025784,-0.025784,1.125927,1.174045
2018-02-12,292.3,1.0,0.011244,0.011244,1.138586,1.187246
2018-02-13,295.6,1.0,0.01129,0.01129,1.151441,1.20065
2018-02-14,298.5,1.0,0.009811,0.009811,1.162737,1.212429
2018-02-19,300.45,1.0,0.006533,0.006533,1.170333,1.220349
2018-02-20,296.2,1.0,-0.014145,-0.014145,1.153778,1.203087
2018-02-21,298.25,1.0,0.006921,0.006921,1.161763,1.211413
2018-02-22,296.05,1.0,-0.007376,-0.007376,1.153194,1.202478
2018-02-23,300.85,1.0,0.016213,0.016213,1.171891,1.221974
2018-02-26,301.3,1.0,0.001496,0.001496,1.173644,1.223802
2018-02-27,299.95,1.0,-0.004481,-0.004481,1.168385,1.218318
2018-02-28,296.65,1.0,-0.011002,-0.011002,1.155531,1.204915
2018-03-02,292.65,0.5,-0.007242,-0.013484,1.147162,1.188668
2018-03-05,288.1,0.5,-0.007774,-0.015548,1.138245,1.170187
2018-03-06,294.15,0.5,0.0105,0.021,1.150196,1.19476
2018-03-07,294.7,0.5,0.000935,0.00187,1.151271,1.196994
2018-03-08,297.6,0.5,0.00492,0.009841,1.156936,1.208773
2018-03-09,301.05,0.5,0.005796,0.011593,1.163642,1.222786
2018-03-12,304.0,0.5,0.0049,0.009799,1.169343,1.234768
2018-03-13,305.7,0.5,0.002796,0.005592,1.172613,1.241673
2018-03-14,305.6,0.5,-0.000164,-0.000327,1.172421,1.241267
2018-03-15,306.9,0.5,0.002127,0.004254,1.174915,1.246548
2018-03-16,305.85,0.5,-0.001711,-0.003421,1.172905,1.242283
2018-03-19,303.9,0.5,-0.003188,-0.006376,1.169166,1.234362
2018-03-20,305.35,0.5,0.002386,0.004771,1.171955,1.240252
2018-03-21,305.65,0.5,0.000491,0.000982,1.172531,1.24147
2018-03-22,306.15,0.5,0.000818,0.001636,1.17349,1.243501
2018-03-23,296.25,0.5,-0.016169,-0.032337,1.154516,1.20329
2018-03-26,298.55,0.5,0.003882,0.007764,1.158998,1.212632
2018-03-27,299.2,0.5,0.001089,0.002177,1.160259,1.215272
2018-03-28,294.575,0.5,-0.007729,-0.015458,1.151292,1.196487
2018-03-29,298.5,0.5,0.006662,0.013324,1.158962,1.212429
2018-03-30,298.6,0.5,0.000168,0.000335,1.159156,1.212835
2018-04-02,297.5,0.5,-0.001842,-0.003684,1.157021,1.208367
2018-04-03,297.0,0.5,-0.00084,-0.001681,1.156049,1.206336
2018-04-04,291.6,0.5,-0.009091,-0.018182,1.145539,1.184403
2018-04-05,297.0,0.5,0.009259,0.018519,1.156146,1.206336
2018-04-06,294.9,0.5,-0.003535,-0.007071,1.152059,1.197807
2018-04-09,297.125,0.5,0.003772,0.007545,1.156405,1.206844
2018-04-10,297.5,0.5,0.000631,0.001262,1.157134,1.208367
2018-04-11,296.5,0.5,-0.001681,-0.003361,1.15519,1.204305
2018-04-12,295.8,0.5,-0.00118,-0.002361,1.153826,1.201462
2018-04-13,298.5,0.5,0.004564,0.009128,1.159092,1.212429
2018-04-16,298.35,0.5,-0.000251,-0.000503,1.158801,1.21182
2018-04-17,298.45,0.5,0.000168,0.000335,1.158995,1.212226
2018-04-18,301.65,0.5,0.005361,0.010722,1.165208,1.225223
2018-04-19,301.65,0.5,0.0,0.0,1.165208,1.225223
2018-04-20,300.95,0.5,-0.00116,-0.002321,1.163856,1.22238
2018-04-23,301.15,0.5,0.000332,0.000665,1.164243,1.223193
2018-04-24,299.4,0.5,-0.002906,-0.005811,1.16086,1.216084
2018-04-25,297.0,0.5,-0.004008,-0.008016,1.156208,1.206336
2018-04-26,301.5,0.5,0.007576,0.015152,1.164967,1.224614
2018-04-27,304.2,0.5,0.004478,0.008955,1.170183,1.235581
2018-04-30,305.7,0.5,0.002465,0.004931,1.173068,1.241673
2018-05-02,303.8,0.5,-0.003108,-0.006215,1.169423,1.233956
2018-05-03,302.05,0.5,-0.00288,-0.00576,1.166054,1.226848
2018-05-04,300.5,0.5,-0.002566,-0.005132,1.163063,1.220552
2018-05-08,298.1,0.5,-0.003993,-0.007987,1.158418,1.210804
2018-05-09,298.425,0.5,0.000545,0.00109,1.15905,1.212124
2018-05-10,299.9,0.5,0.002471,0.004943,1.161914,1.218115
2018-05-11,301.7,0.5,0.003001,0.006002,1.165401,1.225426
2018-05-14,300.9,0.5,-0.001326,-0.002652,1.163856,1.222177
2018-05-15,297.8,0.5,-0.005151,-0.010302,1.15786,1.209586
2018-05-16,297.8,0.5,0.0,0.0,1.15786,1.209586
2018-05-17,297.45,0.5,-0.000588,-0.001175,1.15718,1.208164
2018-05-18,298.8,0.5,0.002269,0.004539,1.159806,1.213647
2018-05-21,299.15,0.5,0.000586,0.001171,1.160485,1.215069
2018-05-23,301.2,0.5,0.003426,0.006853,1.164462,1.223396
2018-05-24,300.6,0.5,-0.000996,-0.001992,1.163302,1.220959
2018-05-25,301.35,0.5,0.001248,0.002495,1.164753,1.224005
2018-05-28,302.275,0.5,0.001535,0.00307,1.166541,1.227762
2018-05-29,299.725,0.5,-0.004218,-0.008436,1.16162,1.217405
2018-05-30,292.575,0.5,-0.011928,-0.023855,1.147765,1.188363
2018-05-31,292.95,0.5,0.000641,0.001282,1.1485,1.189886
2018-06-01,295.45,0.0,-0.0005,0.008534,1.147926,1.200041
2018-06-04,297.2,0.0,0.0,0.005923,1.147926,1.207149
2018-06-05,297.8,0.0,0.0,0.002019,1.147926,1.209586
2018-06-06,296.925,0.0,0.0,-0.002938,1.147926,1.206032
2018-06-07,300.9,0.0,0.0,0.013387,1.147926,1.222177
2018-06-08,297.35,0.0,0.0,-0.011798,1.147926,1.207758
2018-06-11,300.2,0.0,0.0,0.009585,1.147926,1.219334
2018-06-12,300.0,0.0,0.0,-0.000666,1.147926,1.218522
2018-06-14,293.75,0.0,0.0,-0.020833,1.147926,1.193136
2018-06-15,292.55,0.0,0.0,-0.004085,1.147926,1.188262
2018-06-18,289.2,0.0,0.0,-0.011451,1.147926,1.174655
2018-06-19,284.7,0.0,0.0,-0.01556,1.147926,1.156377
2018-06-20,287.55,0.0,0.0,0.010011,1.147926,1.167953
2018-06-21,284.1,0.0,0.0,-0.011998,1.147926,1.15394
2018-06-22,287.0,0.0,0.0,0.010208,1.147926,1.165719
2018-06-25,286.6,0.0,0.0,-0.001394,1.147926,1.164094
2018-06-26,285.75,0.0,0.0,-0.002966,1.147926,1.160642
2018-06-27,284.9,0.0,0.0,-0.002975,1.147926,1.157189
2018-06-28,282.45,0.0,0.0,-0.0086,1.147926,1.147238
2018-06-29,283.35,0.0,0.0,0.003186,1.147926,1.150894
2018-07-02,276.25,0.0,0.0,-0.025057,1.147926,1.122055
2018-07-03,277.1,0.0,0.0,0.003077,1.147926,1.125508
2018-07-04,275.9,0.0,0.0,-0.004331,1.147926,1.120634
2018-07-05,275.35,0.0,0.0,-0.001993,1.147926,1.1184
2018-07-06,276.95,0.0,0.0,0.005811,1.147926,1.124898
2018-07-09,279.6,0.0,0.0,0.009569,1.147926,1.135662
2018-07-10,280.3,0.0,0.0,0.002504,1.147926,1.138505
2018-07-11,278.65,0.0,0.0,-0.005887,1.147926,1.131803
2018-07-12,279.35,0.0,0.0,0.002512,1.147926,1.134647
2018-07-13,282.45,0.0,0.0,0.011097,1.147926,1.147238
2018-07-16,281.675,0.0,0.0,-0.002744,1.147926,1.14409
2018-07-17,281.525,0.0,0.0,-0.000533,1.147926,1.143481
2018-07-18,281.575,0.0,0.0,0.000178,1.147926,1.143684
2018-07-19,280.275,0.0,0.0,-0.004617,1.147926,1.138404
2018-07-20,279.775,0.0,0.0,-0.001784,1.147926,1.136373
2018-07-23,279.075,0.0,0.0,-0.002502,1.147926,1.13353
2018-07-24,279.425,0.0,0.0,0.001254,1.147926,1.134951
2018-07-25,279.575,0.0,0.0,0.000537,1.147926,1.135561
2018-07-26,280.625,0.0,0.0,0.003756,1.147926,1.139825
2018-07-27,281.375,0.0,0.0,0.002673,1.147926,1.142872
2018-07-30,281.15,0.0,0.0,-0.0008,1.147926,1.141958
2018-07-31,281.3,0.0,0.0,0.000534,1.147926,1.142567
2018-08-01,282.7,0.0,0.0,0.004977,1.147926,1.148253
2018-08-02,276.85,0.0,0.0,-0.020693,1.147926,1.124492
2018-08-03,279.35,0.0,0.0,0.00903,1.147926,1.134647
2018-08-06,279.15,0.0,0.0,-0.000716,1.147926,1.133834
2018-08-07,281.25,0.0,0.0,0.007523,1.147926,1.142364
2018-08-08,281.05,0.0,0.0,-0.000711,1.147926,1.141552
2018-08-09,280.9,0.0,0.0,-0.000534,1.147926,1.140942
2018-08-10,277.4,0.0,0.0,-0.01246,1.147926,1.126726
2018-08-13,273.9,0.0,0.0,-0.012617,1.147926,1.11251
2018-08-14,275.05,0.0,0.0,0.004199,1.147926,1.117181
2018-08-16,271.7,0.0,0.0,-0.01218,1.147926,1.103574
2018-08-17,272.05,0.0,0.0,0.001288,1.147926,1.104996
2018-08-20,272.4,0.0,0.0,0.001287,1.147926,1.106418
2018-08-21,275.85,0.0,0.0,0.012665,1.147926,1.120431
2018-08-22,276.7,0.0,0.0,0.003081,1.147926,1.123883
2018-08-23,277.5,0.0,0.0,0.002891,1.147926,1.127132
2018-08-24,278.95,0.0,0.0,0.005225,1.147926,1.133022
2018-08-27,278.8,0.0,0.0,-0.000538,1.147926,1.132413
2018-08-28,278.8,0.0,0.0,0.0,1.147926,1.132413
2018-08-29,278.8,0.0,0.0,0.0,1.147926,1.132413
2018-08-30,278.8,0.0,0.0,0.0,1.147926,1.132413
2018-08-31,278.8,0.0,0.0,0.0,1.147926,1.132413
2018-09-03,278.8,0.0,0.0,0.0,1.147926,1.132413
2018-09-04,278.8,0.0,0.0,0.0,1.147926,1.132413
2018-09-05,278.8,0.0,0.0,0.0,1.147926,1.132413
2018-09-06,278.8,0.0,0.0,0.0,1.147926,1.132413
2018-09-07,278.8,0.0,0.0,0.0,1.147926,1.132413
2018-09-10,278.8,0.0,0.0,0.0,1.147926,1.132413
2018-09-11,278.8,0.0,0.0,0.0,1.147926,1.132413
2018-09-12,278.8,0.0,0.0,0.0,1.147926,1.132413
2018-09-13,278.8,0.0,0.0,0.0,1.147926,1.132413
2018-09-14,281.0,0.0,0.0,0.007891,1.147926,1.141348
2018-09-17,278.45,0.0,0.0,-0.009075,1.147926,1.130991
2018-09-18,279.9,0.0,0.0,0.005207,1.147926,1.136881
2018-09-19,280.25,0.0,0.0,0.00125,1.147926,1.138302
2018-09-20,282.85,0.0,0.0,0.009277,1.147926,1.148863
2018-09-21,284.35,0.0,0.0,0.005303,1.147926,1.154955
2018-09-27,286.35,0.0,0.0,0.007034,1.147926,1.163079
2018-09-28,284.7,0.0,0.0,-0.005762,1.147926,1.156377
2018-10-01,284.675,1.0,-0.001088,-8.8e-05,1.146677,1.156275
2018-10-02,284.675,1.0,0.0,0.0,1.146677,1.156275
2018-10-04,275.75,1.0,-0.031352,-0.031352,1.110727,1.120024
2018-10-05,275.1,1.0,-0.002357,-0.002357,1.108109,1.117384
2018-10-08,274.1,1.0,-0.003635,-0.003635,1.104081,1.113323
2018-10-10,272.0,1.0,-0.007661,-0.007661,1.095622,1.104793
2018-10-11,258.75,1.0,-0.048713,-0.048713,1.042251,1.050975
2018-10-12,263.5,1.0,0.018357,0.018357,1.061384,1.070268
2018-10-15,263.5,1.0,0.0,0.0,1.061384,1.070268
2018-10-16,263.5,1.0,0.0,0.0,1.061384,1.070268
2018-10-17,264.425,1.0,0.00351,0.00351,1.06511,1.074025
2018-10-18,261.875,1.0,-0.009644,-0.009644,1.054838,1.063668
2018-10-19,262.4,1.0,0.002005,0.002005,1.056953,1.0658
2018-10-22,263.1,1.0,0.002668,0.002668,1.059773,1.068643
2018-10-23,256.4,1.0,-0.025466,-0.025466,1.032785,1.04143
2018-10-24,255.45,1.0,-0.003705,-0.003705,1.028958,1.037571
2018-10-25,250.9,1.0,-0.017812,-0.017812,1.010631,1.01909
2018-10-26,246.65,1.0,-0.016939,-0.016939,0.993512,1.001828
2018-10-29,243.75,1.0,-0.011758,-0.011758,0.981831,0.990049
2018-10-30,245.95,1.0,0.009026,0.009026,0.990692,0.998985
2018-10-31,247.3,1.0,0.005489,0.005489,0.99613,1.004468
2018-11-01,246.8,0.0,-0.001,-0.002022,0.995134,1.002437
2018-11-02,255.95,0.0,0.0,0.037075,0.995134,1.039602
2018-11-05,253.5,0.0,0.0,-0.009572,0.995134,1.029651
2018-11-06,255.15,0.0,0.0,0.006509,0.995134,1.036353
2018-11-07,253.95,0.0,0.0,-0.004703,0.995134,1.031478
2018-11-08,256.25,0.0,0.0,0.009057,0.995134,1.04082
2018-11-09,254.9,0.0,0.0,-0.005268,0.995134,1.035337
2018-11-12,255.3,0.0,0.0,0.001569,0.995134,1.036962
2018-11-13,253.0,0.0,0.0,-0.009009,0.995134,1.02762
2018-11-14,252.5,0.0,0.0,-0.001976,0.995134,1.025589
2018-11-15,255.3,0.0,0.0,0.011089,0.995134,1.036962
2018-11-16,254.9,0.0,0.0,-0.001567,0.995134,1.035337
2018-11-19,255.7,0.0,0.0,0.003138,0.995134,1.038587
2018-11-20,252.8,0.0,0.0,-0.011341,0.995134,1.026807
2018-11-21,251.75,0.0,0.0,-0.004153,0.995134,1.022543
2018-11-22,251.6,0.0,0.0,-0.000596,0.995134,1.021933
2018-11-23,249.8,0.0,0.0,-0.007154,0.995134,1.014622
2018-11-26,253.5,0.0,0.0,0.014812,0.995134,1.029651
2018-11-27,255.65,0.0,0.0,0.008481,0.995134,1.038383
2018-11-28,257.2,0.0,0.0,0.006063,0.995134,1.044679
2018-11-29,257.5,0.0,0.0,0.001166,0.995134,1.045898
2018-11-30,254.85,0.0,0.0,-0.010291,0.995134,1.035134
2018-12-03,259.6,0.0,0.0,0.018638,0.995134,1.054427
2018-12-04,256.95,0.0,0.0,-0.010208,0.995134,1.043664
2018-12-05,255.1,0.0,0.0,-0.0072,0.995134,1.036149
2018-12-06,250.6,0.0,0.0,-0.01764,0.995134,1.017872
2018-12-07,251.8,0.0,0.0,0.004789,0.995134,1.022746
2018-12-10,248.75,0.0,0.0,-0.012113,0.995134,1.010357
2018-12-11,248.3,0.0,0.0,-0.001809,0.995134,1.00853
2018-12-12,252.0,0.0,0.0,0.014901,0.995134,1.023558
2018-12-13,253.9,0.0,0.0,0.00754,0.995134,1.031275
2018-12-14,248.8,0.0,0.0,-0.020087,0.995134,1.010561
2018-12-17,249.75,0.0,0.0,0.003818,0.995134,1.014419
2018-12-18,248.8,0.0,0.0,-0.003804,0.995134,1.010561
2018-12-19,250.55,0.0,0.0,0.007034,0.995134,1.017669
2018-12-20,247.8,0.0,0.0,-0.010976,0.995134,1.006499
2018-12-21,247.7,0.0,0.0,-0.000404,0.995134,1.006093
2018-12-24,247.65,0.0,0.0,-0.000202,0.995134,1.00589
2018-12-26,243.4,0.0,0.0,-0.017161,0.995134,0.988627
2018-12-27,247.55,0.0,0.0,0.01705,0.995134,1.005483
2018-12-28,248.2,0.0,0.0,0.002626,0.995134,1.008123
2019-01-02,244.95,0.0,0.0,-0.013094,0.995134,0.994923
2019-01-03,242.7,0.0,0.0,-0.009186,0.995134,0.985784
2019-01-04,244.85,0.0,0.0,0.008859,0.995134,0.994517
2019-01-07,248.9,0.0,0.0,0.016541,0.995134,1.010967
2019-01-08,246.85,0.0,0.0,-0.008236,0.995134,1.00264
2019-01-09,252.15,0.0,0.0,0.021471,0.995134,1.024167
2019-01-10,251.9,0.0,0.0,-0.000991,0.995134,1.023152
2019-01-11,254.0,0.0,0.0,0.008337,0.995134,1.031682
2019-01-14,251.5,0.0,0.0,-0.009843,0.995134,1.021527
2019-01-15,257.05,0.0,0.0,0.022068,0.995134,1.04407
2019-01-16,258.2,0.0,0.0,0.004474,0.995134,1.048741
2019-01-17,258.45,0.0,0.0,0.000968,0.995134,1.049756
2019-01-18,260.9,0.0,0.0,0.00948,0.995134,1.059708
2019-01-21,260.9,0.0,0.0,0.0,0.995134,1.059708
2019-01-22,259.2,0.0,0.0,-0.006516,0.995134,1.052803
2019-01-23,260.9,0.0,0.0,0.006559,0.995134,1.059708
2019-01-24,263.25,0.0,0.0,0.009007,0.995134,1.069253
2019-01-25,268.55,0.0,0.0,0.020133,0.995134,1.09078
2019-01-28,268.25,0.0,0.0,-0.001117,0.995134,1.089561
2019-01-29,269.6,0.0,0.0,0.005033,0.995134,1.095045
2019-01-30,273.7,0.0,0.0,0.015208,0.995134,1.111698
2019-01-31,273.05,0.0,0.0,-0.002375,0.995134,1.109058
2019-02-01,272.4,1.0,-0.003381,-0.002381,0.99177,1.106418
2019-02-07,272.1,1.0,-0.001101,-0.001101,0.990678,1.105199
2019-02-08,268.2,1.0,-0.014333,-0.014333,0.976478,1.089358
2019-02-11,268.6,1.0,0.001491,0.001491,0.977935,1.090983
2019-02-12,270.4,1.0,0.006701,0.006701,0.984488,1.098294
2019-02-13,271.8,1.0,0.005178,0.005178,0.989585,1.103981
2019-02-14,274.45,1.0,0.00975,0.00975,0.999234,1.114744
2019-02-15,270.25,1.0,-0.015303,-0.015303,0.983942,1.097685
2019-02-18,272.85,1.0,0.009621,0.009621,0.993408,1.108245
2019-02-19,271.75,1.0,-0.004032,-0.004032,0.989403,1.103777
2019-02-20,274.5,1.0,0.01012,0.01012,0.999416,1.114947
2019-02-21,274.75,1.0,0.000911,0.000911,1.000326,1.115963
2019-02-22,275.0,1.0,0.00091,0.00091,1.001236,1.116978
2019-02-25,275.65,1.0,0.002364,0.002364,1.003603,1.119618
2019-02-26,273.85,1.0,-0.00653,-0.00653,0.997049,1.112307
2019-02-27,274.55,1.0,0.002556,0.002556,0.999598,1.11515
2019-02-28,270.0,1.0,-0.016573,-0.016573,0.983032,1.096669
2019-03-04,268.85,1.0,-0.004259,-0.004259,0.978845,1.091998
2019-03-05,266.8,1.0,-0.007625,-0.007625,0.971381,1.083672
2019-03-06,266.6,1.0,-0.00075,-0.00075,0.970653,1.082859
2019-03-07,265.0,1.0,-0.006002,-0.006002,0.964827,1.076361
2019-03-08,261.15,1.0,-0.014528,-0.014528,0.95081,1.060723
2019-03-11,261.35,1.0,0.000766,0.000766,0.951538,1.061535
2019-03-12,264.1,1.0,0.010522,0.010522,0.961551,1.072705
2019-03-13,261.8,1.0,-0.008709,-0.008709,0.953177,1.063363
2019-03-14,263.0,1.0,0.004584,0.004584,0.957546,1.068237
2019-03-15,266.05,1.0,0.011597,0.011597,0.96865,1.080626
2019-03-18,266.05,1.0,0.0,0.0,0.96865,1.080626
2019-03-19,265.8,1.0,-0.00094,-0.00094,0.96774,1.07961
2019-03-20,266.2,1.0,0.001505,0.001505,0.969196,1.081235
2019-03-21,268.1,1.0,0.007137,0.007137,0.976114,1.088952
2019-03-22,268.7,1.0,0.002238,0.002238,0.978299,1.091389
2019-03-25,263.1,1.0,-0.020841,-0.020841,0.95791,1.068643
2019-03-26,263.25,1.0,0.00057,0.00057,0.958456,1.069253
2019-03-27,263.3,1.0,0.00019,0.00019,0.958638,1.069456
2019-03-28,261.7,1.0,-0.006077,-0.006077,0.952813,1.062957
2019-03-29,262.65,1.0,0.00363,0.00363,0.956271,1.066816
2019-04-01,266.75,0.5,0.007305,0.01561,0.963257,1.083469
2019-04-02,267.8,0.5,0.001968,0.003936,0.965153,1.087734
2019-04-03,272.15,0.5,0.008122,0.016243,0.972992,1.105402
2019-04-04,272.925,0.5,0.001424,0.002848,0.974377,1.10855
2019-04-05,272.925,0.5,0.0,0.0,0.974377,1.10855
2019-04-08,272.925,0.5,0.0,0.0,0.974377,1.10855
2019-04-09,272.675,0.5,-0.000458,-0.000916,0.973931,1.107535
2019-04-10,273.225,0.5,0.001009,0.002017,0.974913,1.109768
2019-04-11,273.225,0.5,0.0,0.0,0.974913,1.109768
2019-04-12,273.875,0.5,0.001189,0.002379,0.976073,1.112409
2019-04-15,275.975,0.5,0.003834,0.007668,0.979815,1.120938
2019-04-16,276.225,0.5,0.000453,0.000906,0.980259,1.121954
2019-04-17,276.925,0.5,0.001267,0.002534,0.981501,1.124797
2019-04-18,273.025,0.5,-0.007042,-0.014083,0.974589,1.108956
2019-04-19,271.85,0.5,-0.002152,-0.004304,0.972492,1.104184
2019-04-22,270.875,0.5,-0.001793,-0.003587,0.970748,1.100223
2019-04-23,270.875,0.5,0.0,0.0,0.970748,1.100223
2019-04-24,270.875,0.5,0.0,0.0,0.970748,1.100223
2019-04-25,270.875,0.5,0.0,0.0,0.970748,1.100223
2019-04-26,267.05,0.5,-0.00706,-0.014121,0.963894,1.084687
2019-04-29,272.95,0.5,0.011047,0.022093,0.974542,1.108652
2019-04-30,270.9,0.5,-0.003755,-0.007511,0.970882,1.100325
2019-05-02,272.15,0.5,0.002307,0.004614,0.973122,1.105402
2019-05-03,269.25,0.5,-0.005328,-0.010656,0.967938,1.093623
2019-05-07,267.1,0.5,-0.003993,-0.007985,0.964073,1.08489
2019-05-08,265.45,0.5,-0.003089,-0.006177,0.961095,1.078188
2019-05-09,260.675,0.5,-0.008994,-0.017988,0.952451,1.058794
2019-05-10,257.925,0.5,-0.005275,-0.01055,0.947427,1.047624
2019-05-13,255.325,0.5,-0.00504,-0.01008,0.942652,1.037063
2019-05-14,255.325,0.5,0.0,0.0,0.942652,1.037063
2019-05-15,255.325,0.5,0.0,0.0,0.942652,1.037063
2019-05-16,252.975,0.5,-0.004602,-0.009204,0.938314,1.027518
2019-05-17,251.925,0.5,-0.002075,-0.004151,0.936366,1.023253
2019-05-20,251.925,0.5,0.0,0.0,0.936366,1.023253
2019-05-21,251.925,0.5,0.0,0.0,0.936366,1.023253
2019-05-22,251.925,0.5,0.0,0.0,0.936366,1.023253
2019-05-23,251.925,0.5,0.0,0.0,0.936366,1.023253
2019-05-24,248.875,0.5,-0.006053,-0.012107,0.930698,1.010865
2019-05-27,249.8,0.5,0.001858,0.003717,0.932428,1.014622
2019-05-28,250.25,0.5,0.000901,0.001801,0.933268,1.01645
2019-05-29,246.4,0.5,-0.007692,-0.015385,0.926089,1.000812
2019-05-30,246.1,0.5,-0.000609,-0.001218,0.925525,0.999594
2019-05-31,246.1,0.5,0.0,0.0,0.925525,0.999594
2019-06-03,246.1,0.0,-0.0005,0.0,0.925062,0.999594
2019-06-04,246.1,0.0,0.0,0.0,0.925062,0.999594
2019-06-05,246.1,0.0,0.0,0.0,0.925062,0.999594
2019-06-07,246.1,0.0,0.0,0.0,0.925062,0.999594
2019-06-10,246.1,0.0,0.0,0.0,0.925062,0.999594
2019-06-11,246.1,0.0,0.0,0.0,0.925062,0.999594
2019-06-12,246.1,0.0,0.0,0.0,0.925062,0.999594
2019-06-13,255.275,0.0,0.0,0.037282,0.925062,1.03686
2019-06-14,255.575,0.0,0.0,0.001175,0.925062,1.038079
2019-06-17,255.575,0.0,0.0,0.0,0.925062,1.038079
2019-06-18,256.275,0.0,0.0,0.002739,0.925062,1.040922
2019-06-19,260.175,0.0,0.0,0.015218,0.925062,1.056763
2019-06-20,260.575,0.0,0.0,0.001537,0.925062,1.058387
2019-06-21,260.525,0.0,0.0,-0.000192,0.925062,1.058184
2019-06-24,260.525,0.0,0.0,0.0,0.925062,1.058184
2019-06-25,260.525,0.0,0.0,0.0,0.925062,1.058184
2019-06-26,260.575,0.0,0.0,0.000192,0.925062,1.058387
2019-06-27,264.075,0.0,0.0,0.013432,0.925062,1.072604
2019-06-28,263.4,0.0,0.0,-0.002556,0.925062,1.069862
2019-07-01,263.1,0.5,-0.001069,-0.001139,0.924073,1.068643
2019-07-02,262.0,0.5,-0.00209,-0.004181,0.922141,1.064175
2019-07-03,258.0,0.5,-0.007634,-0.015267,0.915102,1.047929
2019-07-04,260.45,0.5,0.004748,0.009496,0.919447,1.05788
2019-07-05,259.95,0.5,-0.00096,-0.00192,0.918564,1.055849
2019-07-08,254.2,0.5,-0.01106,-0.02212,0.908405,1.032494
2019-07-09,253.2,0.5,-0.001967,-0.003934,0.906618,1.028432
2019-07-10,254.6,0.5,0.002765,0.005529,0.909125,1.034119
2019-07-11,257.85,0.5,0.006383,0.012765,0.914927,1.047319
2019-07-12,258.35,0.5,0.00097,0.001939,0.915814,1.04935
2019-07-15,258.5,0.5,0.00029,0.000581,0.91608,1.049959
2019-07-16,259.7,0.5,0.002321,0.004642,0.918207,1.054833
2019-07-17,256.85,0.5,-0.005487,-0.010974,0.913168,1.043258
2019-07-18,255.925,0.5,-0.001801,-0.003601,0.911524,1.0395
2019-07-19,260.225,0.5,0.008401,0.016802,0.919182,1.056966
2019-07-22,260.15,0.5,-0.000144,-0.000288,0.919049,1.056661
2019-07-23,261.6,0.5,0.002787,0.005574,0.92161,1.062551
2019-07-24,258.85,0.5,-0.005256,-0.010512,0.916766,1.051381
2019-07-25,258.65,0.5,-0.000386,-0.000773,0.916412,1.050569
2019-07-26,257.7,0.5,-0.001836,-0.003673,0.914729,1.04671
2019-07-29,252.825,0.5,-0.009459,-0.018917,0.906077,1.026909
2019-07-30,252.825,0.5,0.0,0.0,0.906077,1.026909
2019-07-31,252.825,0.5,0.0,0.0,0.906077,1.026909
2019-08-01,252.825,0.0,-0.0005,0.0,0.905624,1.026909
2019-08-02,252.825,0.0,0.0,0.0,0.905624,1.026909
2019-08-05,241.95,0.0,0.0,-0.043014,0.905624,0.982738
2019-08-06,238.65,0.0,0.0,-0.013639,0.905624,0.969334
2019-08-07,238.0,0.0,0.0,-0.002724,0.905624,0.966694
2019-08-08,238.6,0.0,0.0,0.002521,0.905624,0.969131
2019-08-09,240.25,0.0,0.0,0.006915,0.905624,0.975833
2019-08-12,240.45,0.0,0.0,0.000832,0.905624,0.976645
2019-08-13,237.05,0.0,0.0,-0.01414,0.905624,0.962835
2019-08-14,240.2,0.0,0.0,0.013288,0.905624,0.97563
2019-08-16,239.05,0.0,0.0,-0.004788,0.905624,0.970959
2019-08-19,240.75,0.0,0.0,0.007111,0.905624,0.977864
2019-08-20,243.0,0.0,0.0,0.009346,0.905624,0.987002
2019-08-21,243.4,0.0,0.0,0.001646,0.905624,0.988627
2019-08-22,241.35,0.0,0.0,-0.008422,0.905624,0.980301
2019-08-23,241.4,0.0,0.0,0.000207,0.905624,0.980504
2019-08-26,237.6,0.0,0.0,-0.015742,0.905624,0.965069
2019-08-27,239.1,0.0,0.0,0.006313,0.905624,0.971162
2019-08-28,240.85,0.0,0.0,0.007319,0.905624,0.97827
2019-08-29,239.05,0.0,0.0,-0.007474,0.905624,0.970959
2019-08-30,243.9,0.0,0.0,0.020289,0.905624,0.990658
2019-09-02,244.15,0.0,0.0,0.001025,0.905624,0.991673
2019-09-03,243.0,0.0,0.0,-0.00471,0.905624,0.987002
2019-09-04,246.8,0.0,0.0,0.015638,0.905624,1.002437
2019-09-05,249.65,0.0,0.0,0.011548,0.905624,1.014013
2019-09-06,250.95,0.0,0.0,0.005207,0.905624,1.019293
2019-09-09,252.8,0.0,0.0,0.007372,0.905624,1.026807
2019-09-10,253.8,0.0,0.0,0.003956,0.905624,1.030869
2019-09-11,255.85,0.0,0.0,0.008077,0.905624,1.039196
2019-09-16,255.85,0.0,0.0,0.0,0.905624,1.039196
2019-09-17,255.85,0.0,0.0,0.0,0.905624,1.039196
2019-09-18,255.85,0.0,0.0,0.0,0.905624,1.039196
2019-09-19,255.85,0.0,0.0,0.0,0.905624,1.039196
2019-09-20,261.175,0.0,0.0,0.020813,0.905624,1.060825
2019-09-23,261.8,0.0,0.0,0.002393,0.905624,1.063363
2019-09-24,263.2,0.0,0.0,0.005348,0.905624,1.06905
2019-09-25,259.45,0.0,0.0,-0.014248,0.905624,1.053818
2019-09-26,260.625,0.0,0.0,0.004529,0.905624,1.058591
2019-09-27,257.025,0.0,0.0,-0.013813,0.905624,1.043968
2019-09-30,257.025,0.0,0.0,0.0,0.905624,1.043968
2019-10-01,260.425,0.5,0.006114,0.013228,0.911161,1.057778
2019-10-02,253.7,0.5,-0.012912,-0.025823,0.899397,1.030463
2019-10-04,252.35,0.5,-0.002661,-0.005321,0.897004,1.02498
2019-10-07,253.6,0.5,0.002477,0.004953,0.899225,1.030057
2019-10-08,257.15,0.5,0.006999,0.013998,0.905519,1.044476
2019-10-10,255.25,0.5,-0.003694,-0.007389,0.902174,1.036759
2019-10-11,257.1,0.5,0.003624,0.007248,0.905443,1.044273
2019-10-14,259.7,0.5,0.005056,0.010113,0.910021,1.054833
2019-10-15,260.2,0.5,0.000963,0.001925,0.910898,1.056864
2019-10-16,261.85,0.5,0.003171,0.006341,0.913786,1.063566
2019-10-17,260.7,0.5,-0.002196,-0.004392,0.911779,1.058895
2019-10-18,258.3,0.5,-0.004603,-0.009206,0.907582,1.049147
2019-10-21,259.45,0.5,0.002226,0.004452,0.909602,1.053818
2019-10-22,263.0,0.5,0.006841,0.013683,0.915825,1.068237
2019-10-23,261.65,0.5,-0.002567,-0.005133,0.913475,1.062754
2019-10-24,260.975,0.5,-0.00129,-0.00258,0.912297,1.060012
2019-10-25,262.175,0.5,0.002299,0.004598,0.914394,1.064886
2019-10-28,263.35,0.5,0.002241,0.004482,0.916443,1.069659
2019-10-29,262.9,0.5,-0.000854,-0.001709,0.91566,1.067831
2019-10-30,260.6,0.5,-0.004374,-0.008749,0.911655,1.058489
2019-10-31,261.4,0.5,0.001535,0.00307,0.913054,1.061738
2019-11-01,263.7,1.0,0.008299,0.008799,0.920631,1.07108
2019-11-04,268.1,1.0,0.016686,0.016686,0.935993,1.088952
2019-11-05,269.4,1.0,0.004849,0.004849,0.940531,1.094232
2019-11-06,269.85,1.0,0.00167,0.00167,0.942102,1.09606
2019-11-07,269.55,1.0,-0.001112,-0.001112,0.941055,1.094842
2019-11-08,268.35,1.0,-0.004452,-0.004452,0.936865,1.089968
2019-11-11,265.95,1.0,-0.008944,-0.008944,0.928487,1.080219
2019-11-12,268.9,1.0,0.011092,0.011092,0.938786,1.092201
2019-11-13,266.8,1.0,-0.00781,-0.00781,0.931454,1.083672
2019-11-14,268.9,1.0,0.007871,0.007871,0.938786,1.092201
2019-11-15,272.95,1.0,0.015061,0.015061,0.952925,1.108652
2019-11-18,272.4,1.0,-0.002015,-0.002015,0.951005,1.106418
2019-11-19,271.2,1.0,-0.004405,-0.004405,0.946815,1.101543
2019-11-20,267.5,1.0,-0.013643,-0.013643,0.933898,1.086515
2019-11-21,263.2,1.0,-0.016075,-0.016075,0.918886,1.06905
2019-11-22,264.8,1.0,0.006079,0.006079,0.924472,1.075548
2019-11-25,267.7,1.0,0.010952,0.010952,0.934596,1.087327
2019-11-26,268.1,1.0,0.001494,0.001494,0.935993,1.088952
2019-11-27,267.95,1.0,-0.000559,-0.000559,0.935469,1.088343
2019-11-28,266.85,1.0,-0.004105,-0.004105,0.931629,1.083875
2019-11-29,262.35,1.0,-0.016863,-0.016863,0.915918,1.065597
2019-12-02,262.75,0.5,0.000262,0.001525,0.916158,1.067222
2019-12-03,261.15,0.5,-0.003045,-0.006089,0.913369,1.060723
2019-12-04,259.7,0.5,-0.002776,-0.005552,0.910833,1.054833
2019-12-05,259.0,0.5,-0.001348,-0.002695,0.909606,1.05199
2019-12-06,261.7,0.5,0.005212,0.010425,0.914347,1.062957
2019-12-09,262.8,0.5,0.002102,0.004203,0.916269,1.067425
2019-12-10,264.35,0.5,0.002949,0.005898,0.918971,1.073721
2019-12-11,265.65,0.5,0.002459,0.004918,0.92123,1.079001
2019-12-12,270.4,0.5,0.00894,0.017881,0.929466,1.098294
2019-12-13,275.55,0.5,0.009523,0.019046,0.938318,1.119212
2019-12-16,274.8,0.5,-0.001361,-0.002722,0.937041,1.116166
2019-12-17,279.25,0.5,0.008097,0.016194,0.944628,1.13424
2019-12-18,278.85,0.5,-0.000716,-0.001432,0.943951,1.132616
2019-12-19,279.25,0.5,0.000717,0.001434,0.944628,1.13424
2019-12-20,279.75,0.5,0.000895,0.001791,0.945474,1.136271
2019-12-23,279.55,0.5,-0.000357,-0.000715,0.945136,1.135459
2019-12-24,277.25,0.5,-0.004114,-0.008228,0.941248,1.126117
2019-12-26,279.05,0.5,0.003246,0.006492,0.944303,1.133428
2019-12-27,284.2,0.5,0.009228,0.018455,0.953017,1.154346
2019-12-30,282.75,0.5,-0.002551,-0.005102,0.950586,1.148457
2020-01-02,278.45,1.0,-0.015708,-0.015208,0.935654,1.130991
2020-01-03,279.05,1.0,0.002155,0.002155,0.937671,1.133428
2020-01-06,276.55,1.0,-0.008959,-0.008959,0.92927,1.123274
2020-01-07,279.75,1.0,0.011571,0.011571,0.940023,1.136271
2020-01-08,277.7,1.0,-0.007328,-0.007328,0.933134,1.127945
2020-01-09,282.55,1.0,0.017465,0.017465,0.949431,1.147644
2020-01-10,285.1,1.0,0.009025,0.009025,0.958,1.158002
2020-01-13,288.2,1.0,0.010873,0.010873,0.968417,1.170593
2020-01-14,289.55,1.0,0.004684,0.004684,0.972953,1.176076
2020-01-15,287.75,1.0,-0.006217,-0.006217,0.966904,1.168765
2020-01-16,290.7,1.0,0.010252,0.010252,0.976817,1.180747
2020-01-17,291.2,1.0,0.00172,0.00172,0.978497,1.182778
2020-01-20,293.9,1.0,0.009272,0.009272,0.98757,1.193745
2020-01-21,289.55,1.0,-0.014801,-0.014801,0.972953,1.176076
2020-01-22,294.3,1.0,0.016405,0.016405,0.988914,1.19537
2020-01-23,290.3,1.0,-0.013592,-0.013592,0.975473,1.179123
2020-01-28,280.55,1.0,-0.033586,-0.033586,0.942711,1.139521
2020-01-29,281.7,1.0,0.004099,0.004099,0.946575,1.144192
2020-01-30,275.55,1.0,-0.021832,-0.021832,0.92591,1.119212
2020-01-31,272.45,1.0,-0.01125,-0.01125,0.915493,1.106621
2020-02-03,272.75,0.0,-0.001,0.001101,0.914578,1.107839
2020-02-04,278.95,0.0,0.0,0.022731,0.914578,1.133022
2020-02-05,279.85,0.0,0.0,0.003226,0.914578,1.136677
2020-02-06,288.95,0.0,0.0,0.032517,0.914578,1.173639
2020-02-07,285.85,0.0,0.0,-0.010728,0.914578,1.161048
2020-02-10,284.0,0.0,0.0,-0.006472,0.914578,1.153534
2020-02-11,287.35,0.0,0.0,0.011796,0.914578,1.167141
2020-02-12,289.4,0.0,0.0,0.007134,0.914578,1.175467
2020-02-13,288.0,0.0,0.0,-0.004838,0.914578,1.169781
2020-02-14,290.8,0.0,0.0,0.009722,0.914578,1.181154
2020-02-17,290.325,0.0,0.0,-0.001633,0.914578,1.179224
2020-02-18,290.325,0.0,0.0,0.0,0.914578,1.179224
2020-02-19,290.325,0.0,0.0,0.0,0.914578,1.179224
2020-02-20,290.325,0.0,0.0,0.0,0.914578,1.179224
2020-02-21,290.325,0.0,0.0,0.0,0.914578,1.179224
2020-02-24,268.7,0.0,0.0,-0.074485,0.914578,1.091389
2020-02-25,272.25,0.0,0.0,0.013212,0.914578,1.105808
2020-02-26,267.55,0.0,0.0,-0.017264,0.914578,1.086718
2020-02-27,265.3,0.0,0.0,-0.00841,0.914578,1.077579
2020-02-28,256.1,0.0,0.0,-0.034678,0.914578,1.040211
2020-03-02,258.45,0.0,0.0,0.009176,0.914578,1.049756
2020-03-03,259.85,0.0,0.0,0.005417,0.914578,1.055443
2020-03-04,265.8,0.0,0.0,0.022898,0.914578,1.07961
2020-03-05,268.8,0.0,0.0,0.011287,0.914578,1.091795
2020-03-06,262.35,0.0,0.0,-0.023996,0.914578,1.065597
2020-03-09,249.9,0.0,0.0,-0.047456,0.914578,1.015028
2020-03-10,252.55,0.0,0.0,0.010604,0.914578,1.025792
2020-03-11,244.45,0.0,0.0,-0.032073,0.914578,0.992892
2020-03-12,231.9,0.0,0.0,-0.05134,0.914578,0.941917
2020-03-13,229.85,0.0,0.0,-0.00884,0.914578,0.933591
2020-03-16,217.65,0.0,0.0,-0.053078,0.914578,0.884037
2020-03-17,212.5,0.0,0.0,-0.023662,0.914578,0.863119
2020-03-18,199.7,0.0,0.0,-0.060235,0.914578,0.811129
2020-03-19,185.6,0.0,0.0,-0.070606,0.914578,0.753859
2020-03-20,202.8,0.0,0.0,0.092672,0.914578,0.823721
2020-03-23,187.5,0.0,0.0,-0.075444,0.914578,0.761576
2020-03-24,208.05,0.0,0.0,0.1096,0.914578,0.845045
2020-03-25,220.6,0.0,0.0,0.060322,0.914578,0.896019
2020-03-26,215.7,0.0,0.0,-0.022212,0.914578,0.876117
2020-03-27,221.65,0.0,0.0,0.027585,0.914578,0.900284
2020-03-30,218.4,0.0,0.0,-0.014663,0.914578,0.887084
2020-03-31,224.1,0.0,0.0,0.026099,0.914578,0.910236
2020-04-01,213.25,0.0,0.0,-0.048416,0.914578,0.866166
2020-04-02,219.75,0.0,0.0,0.030481,0.914578,0.892567
2020-04-03,219.5,0.0,0.0,-0.001138,0.914578,0.891552
2020-04-04,218.15,0.0,0.0,-0.00615,0.914578,0.886068
2020-04-07,229.55,0.0,0.0,0.052258,0.914578,0.932372
2020-04-08,229.6,0.0,0.0,0.000218,0.914578,0.932575
2020-04-09,233.15,0.0,0.0,0.015462,0.914578,0.946994
2020-04-10,235.2,0.0,0.0,0.008793,0.914578,0.955321
2020-04-13,230.1,0.0,0.0,-0.021684,0.914578,0.934606
2020-04-14,234.9,0.0,0.0,0.02086,0.914578,0.954102
2020-04-16,235.3,0.0,0.0,0.001703,0.914578,0.955727
2020-04-17,242.85,0.0,0.0,0.032087,0.914578,0.986393
2020-04-20,239.3,0.0,0.0,-0.014618,0.914578,0.971974
2020-04-21,236.5,0.0,0.0,-0.011701,0.914578,0.960601
2020-04-22,234.325,0.0,0.0,-0.009197,0.914578,0.951767
2020-04-23,239.5,0.0,0.0,0.022085,0.914578,0.972786
2020-04-24,237.05,0.0,0.0,-0.01023,0.914578,0.962835
2020-04-27,242.075,0.0,0.0,0.021198,0.914578,0.983245
2020-04-28,244.1,0.0,0.0,0.008365,0.914578,0.99147
2020-04-29,246.2,0.0,0.0,0.008603,0.914578,1.0
2020-05-04,237.7,0.0,0.0,-0.034525,0.914578,0.965475
2020-05-06,243.3,0.0,0.0,0.023559,0.914578,0.988221
2020-05-07,241.65,0.0,0.0,-0.006782,0.914578,0.981519
2020-05-08,244.5,0.0,0.0,0.011794,0.914578,0.993095
2020-05-11,242.35,0.0,0.0,-0.008793,0.914578,0.984362
2020-05-12,240.9,0.0,0.0,-0.005983,0.914578,0.978473
2020-05-13,243.75,0.0,0.0,0.011831,0.914578,0.990049
2020-05-14,240.45,0.0,0.0,-0.013538,0.914578,0.976645
2020-05-15,241.7,0.0,0.0,0.005199,0.914578,0.981722
2020-05-18,244.05,0.0,0.0,0.009723,0.914578,0.991267
2020-05-19,250.05,0.0,0.0,0.024585,0.914578,1.015638
2020-05-20,250.25,0.0,0.0,0.0008,0.914578,1.01645
2020-05-21,251.65,0.0,0.0,0.005594,0.914578,1.022136
2020-05-22,246.9,0.0,0.0,-0.018875,0.914578,1.002843
2020-05-25,251.1,0.0,0.0,0.017011,0.914578,1.019903
2020-05-26,254.75,0.0,0.0,0.014536,0.914578,1.034728
2020-05-27,255.55,0.0,0.0,0.00314,0.914578,1.037977
2020-05-28,256.35,0.0,0.0,0.003131,0.914578,1.041227
2020-05-29,255.35,0.0,0.0,-0.003901,0.914578,1.037165
2020-06-01,261.3,1.0,0.022301,0.023301,0.934974,1.061332
2020-06-02,264.0,1.0,0.010333,0.010333,0.944635,1.072299
2020-06-03,274.2,1.0,0.038636,0.038636,0.981132,1.113729
2020-06-04,274.75,1.0,0.002006,0.002006,0.9831,1.115963
2020-06-05,279.65,1.0,0.017834,0.017834,1.000633,1.135865
2020-06-08,278.85,1.0,-0.002861,-0.002861,0.997771,1.132616
2020-06-09,279.2,1.0,0.001255,0.001255,0.999023,1.134037
2020-06-10,279.95,1.0,0.002686,0.002686,1.001707,1.137084
2020-06-11,275.1,1.0,-0.017325,-0.017325,0.984352,1.117384
2020-06-12,267.15,1.0,-0.028899,-0.028899,0.955906,1.085093
2020-06-15,255.1,1.0,-0.045106,-0.045106,0.912789,1.036149
2020-06-16,270.0,1.0,0.058408,0.058408,0.966104,1.096669
2020-06-17,270.6,1.0,0.002222,0.002222,0.968251,1.099106
2020-06-18,270.5,1.0,-0.00037,-0.00037,0.967893,1.0987
2020-06-19,271.05,1.0,0.002033,0.002033,0.969861,1.100934
2020-06-22,268.9,1.0,-0.007932,-0.007932,0.962168,1.092201
2020-06-23,269.8,1.0,0.003347,0.003347,0.965388,1.095857
2020-06-24,274.55,1.0,0.017606,0.017606,0.982384,1.11515
2020-06-25,266.65,1.0,-0.028774,-0.028774,0.954117,1.083063
2020-06-26,270.75,1.0,0.015376,0.015376,0.968787,1.099716
2020-06-29,266.45,1.0,-0.015882,-0.015882,0.953401,1.08225
2020-06-30,268.7,1.0,0.008444,0.008444,0.961452,1.091389
2020-07-01,268.7,0.5,-0.0005,0.0,0.960972,1.091389
2020-07-02,271.5,0.5,0.00521,0.010421,0.965978,1.102762
2020-07-03,274.8,0.5,0.006077,0.012155,0.971849,1.116166
2020-07-06,279.2,0.5,0.008006,0.016012,0.979629,1.134037
2020-07-07,275.8,0.5,-0.006089,-0.012178,0.973665,1.120227
2020-07-08,275.05,0.5,-0.00136,-0.002719,0.972341,1.117181
2020-07-09,276.3,0.5,0.002272,0.004545,0.97455,1.122258
2020-07-10,273.1,0.5,-0.005791,-0.011582,0.968907,1.109261
2020-07-13,278.75,0.5,0.010344,0.020688,0.978929,1.13221
2020-07-14,278.45,0.5,-0.000538,-0.001076,0.978403,1.130991
2020-07-15,281.25,0.5,0.005028,0.010056,0.983322,1.142364
2020-07-16,277.85,0.5,-0.006044,-0.012089,0.977378,1.128554
2020-07-17,280.5,0.5,0.004769,0.009538,0.982039,1.139318
2020-07-20,279.7,0.5,-0.001426,-0.002852,0.980639,1.136068
2020-07-21,283.9,0.5,0.007508,0.015016,0.988001,1.153128
2020-07-22,283.1,0.5,-0.001409,-0.002818,0.986609,1.149878
2020-07-23,280.65,0.5,-0.004327,-0.008654,0.98234,1.139927
2020-07-24,279.35,0.5,-0.002316,-0.004632,0.980065,1.134647
2020-07-27,282.55,0.5,0.005728,0.011455,0.985678,1.147644
2020-07-28,288.1,0.5,0.009821,0.019643,0.995359,1.170187
2020-07-29,290.0,0.5,0.003297,0.006595,0.998641,1.177904
2020-07-30,290.65,0.5,0.001121,0.002241,0.99976,1.180544
2020-07-31,288.35,0.5,-0.003957,-0.007913,0.995805,1.171202
2020-08-03,287.85,1.0,-0.002234,-0.001734,0.99358,1.169171
2020-08-04,291.45,1.0,0.012507,0.012507,1.006006,1.183794
2020-08-05,295.35,1.0,0.013381,0.013381,1.019468,1.199634
2020-08-06,300.2,1.0,0.016421,0.016421,1.036209,1.219334
2020-08-07,300.7,1.0,0.001666,0.001666,1.037935,1.221365
2020-08-10,305.75,1.0,0.016794,0.016794,1.055366,1.241877
2020-08-11,309.7,1.0,0.012919,0.012919,1.069,1.25792
2020-08-12,311.4,1.0,0.005489,0.005489,1.074868,1.264825
2020-08-13,311.9,1.0,0.001606,0.001606,1.076594,1.266856
2020-08-14,307.45,1.0,-0.014267,-0.014267,1.061234,1.248781
2020-08-18,301.8,1.0,-0.018377,-0.018377,1.041732,1.225833
2020-08-19,302.25,1.0,0.001491,0.001491,1.043285,1.22766
2020-08-20,290.35,1.0,-0.039371,-0.039371,1.002209,1.179326
2020-08-21,295.55,1.0,0.017909,0.017909,1.020158,1.200447
2020-08-24,298.45,1.0,0.009812,0.009812,1.030168,1.212226
2020-08-25,302.5,1.0,0.01357,0.01357,1.044148,1.228676
2020-08-26,302.6,1.0,0.000331,0.000331,1.044493,1.229082
2020-08-27,299.7,1.0,-0.009584,-0.009584,1.034483,1.217303
2020-08-28,301.65,1.0,0.006507,0.006507,1.041214,1.225223
2020-08-31,295.6,1.0,-0.020056,-0.020056,1.020331,1.20065
2020-09-01,298.85,1.0,0.010995,0.010995,1.031549,1.213851
2020-09-02,300.35,1.0,0.005019,0.005019,1.036727,1.219943
2020-09-03,304.7,1.0,0.014483,0.014483,1.051742,1.237612
2020-09-04,299.95,1.0,-0.015589,-0.015589,1.035346,1.218318
2020-09-07,302.15,1.0,0.007335,0.007335,1.04294,1.227254
2020-09-08,306.0,1.0,0.012742,0.012742,1.056229,1.242892
2020-09-09,302.45,1.0,-0.011601,-0.011601,1.043975,1.228473
2020-09-10,305.35,1.0,0.009588,0.009588,1.053985,1.240252
2020-09-11,305.55,1.0,0.000655,0.000655,1.054676,1.241064
2020-09-14,309.55,1.0,0.013091,0.013091,1.068483,1.257311
2020-09-15,312.0,1.0,0.007915,0.007915,1.076939,1.267262
2020-09-16,311.15,1.0,-0.002724,-0.002724,1.074005,1.26381
2020-09-17,306.3,1.0,-0.015587,-0.015587,1.057264,1.24411
2020-09-18,307.35,1.0,0.003428,0.003428,1.060889,1.248375
2020-09-21,304.8,1.0,-0.008297,-0.008297,1.052087,1.238018
2020-09-22,297.0,1.0,-0.025591,-0.025591,1.025163,1.206336
2020-09-23,298.3,1.0,0.004377,0.004377,1.029651,1.211617
2020-09-24,291.15,1.0,-0.023969,-0.023969,1.004971,1.182575
2020-09-25,292.6,1.0,0.00498,0.00498,1.009976,1.188465
2020-09-28,296.95,1.0,0.014867,0.014867,1.024991,1.206133
2020-09-29,299.5,1.0,0.008587,0.008587,1.033793,1.216491
2020-10-05,303.3,1.0,0.012688,0.012688,1.046909,1.231925
2020-10-06,304.05,1.0,0.002473,0.002473,1.049498,1.234972
2020-10-07,307.15,1.0,0.010196,0.010196,1.060198,1.247563
2020-10-08,307.65,1.0,0.001628,0.001628,1.061924,1.249594
2020-10-12,308.65,1.0,0.00325,0.00325,1.065376,1.253656
2020-10-13,308.8,1.0,0.000486,0.000486,1.065894,1.254265
2020-10-14,305.55,1.0,-0.010525,-0.010525,1.054676,1.241064
2020-10-15,303.05,1.0,-0.008182,-0.008182,1.046046,1.23091
2020-10-16,301.55,1.0,-0.00495,-0.00495,1.040869,1.224817
2020-10-19,301.9,1.0,0.001161,0.001161,1.042077,1.226239
2020-10-20,304.45,1.0,0.008447,0.008447,1.050879,1.236596
2020-10-21,305.5,1.0,0.003449,0.003449,1.054503,1.240861
2020-10-22,303.25,1.0,-0.007365,-0.007365,1.046737,1.231722
2020-10-23,304.6,1.0,0.004452,0.004452,1.051397,1.237206
2020-10-26,304.55,1.0,-0.000164,-0.000164,1.051224,1.237002
2020-10-27,302.85,1.0,-0.005582,-0.005582,1.045356,1.230097
2020-10-28,299.65,1.0,-0.010566,-0.010566,1.03431,1.2171
2020-10-29,296.8,1.0,-0.009511,-0.009511,1.024473,1.205524
2020-10-30,296.25,1.0,-0.001853,-0.001853,1.022575,1.20329
2020-11-02,293.2,0.5,-0.005648,-0.010295,1.016799,1.190902
2020-11-03,299.6,0.5,0.010914,0.021828,1.027897,1.216897
2020-11-04,301.25,0.5,0.002754,0.005507,1.030727,1.223599
2020-11-05,308.3,0.5,0.011701,0.023402,1.042788,1.252234
2020-11-06,311.75,0.5,0.005595,0.01119,1.048623,1.266247
2020-11-09,316.85,0.5,0.00818,0.016359,1.0572,1.286962
2020-11-10,315.6,0.5,-0.001973,-0.003945,1.055115,1.281885
2020-11-11,318.75,0.5,0.00499,0.009981,1.06038,1.294679
2020-11-12,319.95,0.5,0.001882,0.003765,1.062376,1.299553
2020-11-13,318.7,0.5,-0.001953,-0.003907,1.060301,1.294476
2020-11-16,327.55,0.5,0.013885,0.027769,1.075023,1.330422
2020-11-17,331.0,0.5,0.005266,0.010533,1.080684,1.344435
2020-11-18,329.4,0.5,-0.002417,-0.004834,1.078072,1.337937
2020-11-19,328.55,0.5,-0.00129,-0.00258,1.076681,1.334484
2020-11-20,329.2,0.5,0.000989,0.001978,1.077746,1.337124
2020-11-23,336.05,0.5,0.010404,0.020808,1.088959,1.364947
2020-11-24,341.25,0.5,0.007737,0.015474,1.097384,1.386068
2020-11-25,341.3,0.5,7.3e-05,0.000147,1.097465,1.386271
2020-11-26,337.85,0.5,-0.005054,-0.010108,1.091918,1.372258
2020-11-27,341.45,0.5,0.005328,0.010656,1.097736,1.386881
2020-11-30,336.9,0.5,-0.006663,-0.013326,1.090422,1.3684
2020-12-01,336.9,1.0,-0.0005,0.0,1.089876,1.3684
2020-12-02,336.9,1.0,0.0,0.0,1.089876,1.3684
2020-12-03,336.9,1.0,0.0,0.0,1.089876,1.3684
2020-12-04,358.6,1.0,0.064411,0.064411,1.160076,1.456539
2020-12-07,358.6,1.0,0.0,0.0,1.160076,1.456539
2020-12-08,356.75,1.0,-0.005159,-0.005159,1.154091,1.449025
2020-12-09,355.95,1.0,-0.002242,-0.002242,1.151503,1.445776
2020-12-10,356.0,1.0,0.00014,0.00014,1.151665,1.445979
2020-12-11,361.05,1.0,0.014185,0.014185,1.168002,1.466491
2020-12-14,361.35,1.0,0.000831,0.000831,1.168973,1.467709
2020-12-15,358.25,1.0,-0.008579,-0.008579,1.158944,1.455118
2020-12-16,360.6,1.0,0.00656,0.00656,1.166546,1.464663
2020-12-17,359.3,1.0,-0.003605,-0.003605,1.162341,1.459383
2020-12-18,360.45,1.0,0.003201,0.003201,1.166061,1.464054
2020-12-21,357.65,1.0,-0.007768,-0.007768,1.157003,1.452681
2020-12-22,357.8,1.0,0.000419,0.000419,1.157488,1.45329
2020-12-23,353.8,1.0,-0.011179,-0.011179,1.144548,1.437043
2020-12-24,363.45,1.0,0.027275,0.027275,1.175766,1.476239
2020-12-28,370.4,1.0,0.019122,0.019122,1.198249,1.504468
2020-12-29,374.7,1.0,0.011609,0.011609,1.21216,1.521933
2020-12-30,375.25,1.0,0.001468,0.001468,1.213939,1.524167
2021-01-04,393.85,1.0,0.049567,0.049567,1.274111,1.599716
2021-01-05,393.9,1.0,0.000127,0.000127,1.274272,1.599919
2021-01-06,399.95,1.0,0.015359,0.015359,1.293844,1.624492
2021-01-07,404.05,1.0,0.010251,0.010251,1.307108,1.641145
2021-01-08,413.15,1.0,0.022522,0.022522,1.336546,1.678107
2021-01-11,436.7,1.0,0.057001,0.057001,1.412731,1.773761
2021-01-12,422.8,1.0,-0.03183,-0.03183,1.367764,1.717303
2021-01-13,422.6,1.0,-0.000473,-0.000473,1.367117,1.716491
2021-01-14,423.7,1.0,0.002603,0.002603,1.370676,1.720959
2021-01-15,421.15,1.0,-0.006018,-0.006018,1.362426,1.710601
2021-01-18,413.1,1.0,-0.019114,-0.019114,1.336385,1.677904
2021-01-19,409.55,1.0,-0.008594,-0.008594,1.3249,1.663485
2021-01-20,417.15,1.0,0.018557,0.018557,1.349486,1.694354
2021-01-21,419.9,1.0,0.006592,0.006592,1.358383,1.705524
2021-01-22,422.75,1.0,0.006787,0.006787,1.367602,1.7171
2021-01-25,426.45,1.0,0.008752,0.008752,1.379572,1.732128
2021-01-26,426.7,1.0,0.000586,0.000586,1.380381,1.733144
2021-01-27,423.3,1.0,-0.007968,-0.007968,1.369382,1.719334
2021-01-28,407.95,1.0,-0.036263,-0.036263,1.319724,1.656986
2021-01-29,407.2,1.0,-0.001838,-0.001838,1.317298,1.65394
2021-02-01,402.35,1.0,-0.011911,-0.011911,1.301608,1.63424
2021-02-02,416.2,1.0,0.034423,0.034423,1.346413,1.690496
2021-02-03,420.05,1.0,0.00925,0.00925,1.358868,1.706133
2021-02-04,411.7,1.0,-0.019879,-0.019879,1.331856,1.672218
2021-02-05,413.1,1.0,0.003401,0.003401,1.336385,1.677904
2021-02-08,412.3,1.0,-0.001937,-0.001937,1.333797,1.674655
2021-02-09,418.5,1.0,0.015038,0.015038,1.353854,1.699838
2021-02-10,411.8,1.0,-0.01601,-0.01601,1.332179,1.672624
2021-02-15,420.15,1.0,0.020277,0.020277,1.359191,1.706539
2021-02-16,423.6,1.0,0.008211,0.008211,1.370352,1.720552
2021-02-17,415.95,1.0,-0.018059,-0.018059,1.345604,1.68948
2021-02-18,416.85,1.0,0.002164,0.002164,1.348516,1.693136
2021-02-19,411.95,1.0,-0.011755,-0.011755,1.332664,1.673233
2021-02-22,417.7,1.0,0.013958,0.013958,1.351266,1.696588
2021-02-23,404.9,1.0,-0.030644,-0.030644,1.309857,1.644598
2021-02-24,408.4,1.0,0.008644,0.008644,1.32118,1.658814
2021-02-25,409.95,1.0,0.003795,0.003795,1.326194,1.66511
2021-02-26,404.4,1.0,-0.013538,-0.013538,1.30824,1.642567
2021-03-02,415.75,1.0,0.028066,0.028066,1.344957,1.688668
2021-03-03,410.0,1.0,-0.01383,-0.01383,1.326356,1.665313
2021-03-04,411.4,1.0,0.003415,0.003415,1.330885,1.670999
2021-03-05,401.0,1.0,-0.02528,-0.02528,1.297241,1.628757
2021-03-08,408.8,1.0,0.019451,0.019451,1.322474,1.660439
2021-03-09,397.25,1.0,-0.028253,-0.028253,1.28511,1.613526
2021-03-10,401.75,1.0,0.011328,0.011328,1.299667,1.631803
2021-03-11,401.85,1.0,0.000249,0.000249,1.299991,1.63221
2021-03-12,410.55,1.0,0.02165,0.02165,1.328135,1.667547
2021-03-15,408.6,1.0,-0.00475,-0.00475,1.321827,1.659626
2021-03-16,409.8,1.0,0.002937,0.002937,1.325709,1.6645
2021-03-17,407.9,1.0,-0.004636,-0.004636,1.319562,1.656783
2021-03-18,413.6,1.0,0.013974,0.013974,1.338002,1.679935
2021-03-19,405.6,1.0,-0.019342,-0.019342,1.312122,1.647441
2021-03-22,404.65,1.0,-0.002342,-0.002342,1.309049,1.643582
2021-03-23,407.55,1.0,0.007167,0.007167,1.31843,1.655361
2021-03-24,400.3,1.0,-0.017789,-0.017789,1.294976,1.625914
2021-03-25,402.2,1.0,0.004746,0.004746,1.301123,1.633631
2021-03-26,404.15,1.0,0.004848,0.004848,1.307431,1.641552
2021-03-29,406.45,1.0,0.005691,0.005691,1.314872,1.650894
2021-03-30,410.85,1.0,0.010825,0.010825,1.329106,1.668765
2021-03-31,409.9,1.0,-0.002312,-0.002312,1.326032,1.664907
2021-04-01,414.15,0.5,0.004684,0.010368,1.332244,1.682169
2021-04-02,418.65,0.5,0.005433,0.010866,1.339482,1.700447
2021-04-05,419.15,0.5,0.000597,0.001194,1.340282,1.702478
2021-04-06,419.95,0.5,0.000954,0.001909,1.341561,1.705727
2021-04-07,420.6,0.5,0.000774,0.001548,1.342599,1.708367
2021-04-08,419.85,0.5,-0.000892,-0.001783,1.341402,1.705321
2021-04-09,418.3,0.5,-0.001846,-0.003692,1.338926,1.699025
2021-04-12,418.45,0.5,0.000179,0.000359,1.339166,1.699634
2021-04-13,423.25,0.5,0.005735,0.011471,1.346847,1.719131
2021-04-14,425.95,0.5,0.00319,0.006379,1.351142,1.730097
2021-04-15,426.55,0.5,0.000704,0.001409,1.352094,1.732535
2021-04-16,425.9,0.5,-0.000762,-0.001524,1.351064,1.729894
2021-04-19,426.45,0.5,0.000646,0.001291,1.351936,1.732128
2021-04-20,428.55,0.5,0.002462,0.004924,1.355265,1.740658
2021-04-21,420.8,0.5,-0.009042,-0.018084,1.34301,1.70918
2021-04-22,422.15,0.5,0.001604,0.003208,1.345165,1.714663
2021-04-23,421.85,0.5,-0.000355,-0.000711,1.344687,1.713444
2021-04-26,426.0,0.5,0.004919,0.009838,1.351301,1.730301
2021-04-27,426.6,0.5,0.000704,0.001408,1.352253,1.732738
2021-04-28,421.5,0.5,-0.005977,-0.011955,1.34417,1.712023
2021-04-29,420.6,0.5,-0.001068,-0.002135,1.342735,1.708367
2021-04-30,416.9,0.5,-0.004398,-0.008797,1.336829,1.693339
2021-05-03,414.8,1.0,-0.005537,-0.005037,1.329426,1.684809
2021-05-04,418.2,1.0,0.008197,0.008197,1.340323,1.698619
2021-05-06,420.3,1.0,0.005022,0.005022,1.347054,1.707149
2021-05-07,424.05,1.0,0.008922,0.008922,1.359072,1.72238
2021-05-10,431.0,1.0,0.01639,0.01639,1.381347,1.750609
2021-05-11,422.95,1.0,-0.018677,-0.018677,1.355547,1.717912
2021-05-12,415.75,1.0,-0.017023,-0.017023,1.332471,1.688668
2021-05-13,410.35,1.0,-0.012989,-0.012989,1.315164,1.666734
2021-05-14,415.05,1.0,0.011454,0.011454,1.330228,1.685825
2021-05-17,413.3,1.0,-0.004216,-0.004216,1.324619,1.678716
2021-05-18,417.9,1.0,0.01113,0.01113,1.339362,1.6974
2021-05-20,416.55,1.0,-0.00323,-0.00323,1.335035,1.691917
2021-05-21,417.05,1.0,0.0012,0.0012,1.336638,1.693948
2021-05-24,415.15,1.0,-0.004556,-0.004556,1.330548,1.686231
2021-05-25,419.9,1.0,0.011442,0.011442,1.345772,1.705524
2021-05-26,418.6,1.0,-0.003096,-0.003096,1.341605,1.700244
2021-05-27,417.75,1.0,-0.002031,-0.002031,1.338881,1.696791
2021-05-28,421.15,1.0,0.008139,0.008139,1.349778,1.710601
2021-05-31,422.7,1.0,0.00368,0.00368,1.354746,1.716897
2021-06-01,425.5,1.0,0.006624,0.006624,1.36372,1.72827
2021-06-02,424.95,1.0,-0.001293,-0.001293,1.361957,1.726036
2021-06-03,428.9,1.0,0.009295,0.009295,1.374617,1.74208
2021-06-04,427.2,1.0,-0.003964,-0.003964,1.369168,1.735175
2021-06-07,428.55,1.0,0.00316,0.00316,1.373495,1.740658
2021-06-08,427.9,1.0,-0.001517,-0.001517,1.371412,1.738018
2021-06-09,422.95,1.0,-0.011568,-0.011568,1.355547,1.717912
2021-06-10,424.2,1.0,0.002955,0.002955,1.359553,1.722989
2021-06-11,427.6,1.0,0.008015,0.008015,1.37045,1.736799
2021-06-14,427.85,1.0,0.000585,0.000585,1.371251,1.737815
2021-06-15,428.95,1.0,0.002571,0.002571,1.374777,1.742283
2021-06-16,431.65,1.0,0.006294,0.006294,1.38343,1.753249
2021-06-17,428.6,1.0,-0.007066,-0.007066,1.373655,1.740861
2021-06-18,429.95,1.0,0.00315,0.00315,1.377982,1.746344
2021-06-21,425.75,1.0,-0.009769,-0.009769,1.364521,1.729285
2021-06-22,428.9,1.0,0.007399,0.007399,1.374617,1.74208
2021-06-23,431.35,1.0,0.005712,0.005712,1.382469,1.752031
2021-06-24,433.2,1.0,0.004289,0.004289,1.388398,1.759545
2021-06-25,435.15,1.0,0.004501,0.004501,1.394648,1.767465
2021-06-28,434.5,1.0,-0.001494,-0.001494,1.392564,1.764825
2021-06-29,432.55,1.0,-0.004488,-0.004488,1.386315,1.756905
2021-06-30,434.35,1.0,0.004161,0.004161,1.392084,1.764216
2021-07-01,431.1,1.0,-0.007482,-0.007482,1.381668,1.751015
2021-07-02,430.95,1.0,-0.000348,-0.000348,1.381187,1.750406
2021-07-05,433.45,1.0,0.005801,0.005801,1.389199,1.760561
2021-07-06,434.8,1.0,0.003115,0.003115,1.393526,1.766044
2021-07-07,432.0,1.0,-0.00644,-0.00644,1.384552,1.754671
2021-07-08,427.0,1.0,-0.011574,-0.011574,1.368527,1.734362
2021-07-09,421.65,1.0,-0.012529,-0.012529,1.35138,1.712632
2021-07-12,426.85,1.0,0.012333,0.012333,1.368046,1.733753
2021-07-13,430.15,1.0,0.007731,0.007731,1.378623,1.747157
2021-07-14,428.9,1.0,-0.002906,-0.002906,1.374617,1.74208
2021-07-15,432.0,1.0,0.007228,0.007228,1.384552,1.754671
2021-07-16,429.6,1.0,-0.005556,-0.005556,1.37686,1.744923
2021-07-19,424.55,1.0,-0.011755,-0.011755,1.360675,1.724411
2021-07-20,423.75,1.0,-0.001884,-0.001884,1.358111,1.721162
2021-07-21,420.95,1.0,-0.006608,-0.006608,1.349137,1.709789
2021-07-22,426.65,1.0,0.013541,0.013541,1.367405,1.732941
2021-07-23,427.2,1.0,0.001289,0.001289,1.369168,1.735175
2021-07-26,423.3,1.0,-0.009129,-0.009129,1.356669,1.719334
2021-07-27,423.7,1.0,0.000945,0.000945,1.357951,1.720959
2021-07-28,424.4,1.0,0.001652,0.001652,1.360194,1.723802
2021-07-29,424.9,1.0,0.001178,0.001178,1.361797,1.725833
2021-07-30,419.45,1.0,-0.012827,-0.012827,1.344329,1.703696
2021-08-02,422.05,0.5,0.002599,0.006199,1.347824,1.714257
2021-08-03,425.75,0.5,0.004383,0.008767,1.353732,1.729285
2021-08-04,432.05,0.5,0.007399,0.014797,1.363748,1.754874
2021-08-05,431.2,0.5,-0.000984,-0.001967,1.362406,1.751422
2021-08-06,429.25,0.5,-0.002261,-0.004522,1.359326,1.743501
2021-08-09,427.3,0.5,-0.002271,-0.004543,1.356238,1.735581
2021-08-10,424.35,0.5,-0.003452,-0.006904,1.351556,1.723599
2021-08-11,420.5,0.5,-0.004536,-0.009073,1.345425,1.707961
2021-08-12,418.9,0.5,-0.001902,-0.003805,1.342866,1.701462
2021-08-13,411.6,0.5,-0.008713,-0.017427,1.331165,1.671812
2021-08-17,407.1,0.5,-0.005466,-0.010933,1.323888,1.653534
2021-08-18,408.55,0.5,0.001781,0.003562,1.326246,1.659423
2021-08-19,401.0,0.5,-0.00924,-0.01848,1.313991,1.628757
2021-08-20,396.5,0.5,-0.005611,-0.011222,1.306618,1.610479
2021-08-23,400.5,0.5,0.005044,0.010088,1.313209,1.626726
2021-08-24,407.9,0.5,0.009238,0.018477,1.325341,1.656783
2021-08-25,409.15,0.5,0.001532,0.003064,1.327372,1.66186
2021-08-26,406.1,0.5,-0.003727,-0.007454,1.322425,1.649472
2021-08-27,406.0,0.5,-0.000123,-0.000246,1.322262,1.649066
2021-08-30,407.3,0.5,0.001601,0.003202,1.324379,1.654346
2021-08-31,415.0,0.5,0.009452,0.018905,1.336897,1.685621
2021-09-01,415.6,0.5,0.000723,0.001446,1.337864,1.688058
2021-09-02,411.75,0.5,-0.004632,-0.009264,1.331667,1.672421
2021-09-03,414.65,0.5,0.003522,0.007043,1.336357,1.6842
2021-09-06,415.7,0.5,0.001266,0.002532,1.338049,1.688465
2021-09-07,413.75,0.5,-0.002345,-0.004691,1.33491,1.680544
2021-09-08,410.05,0.5,-0.004471,-0.008943,1.328941,1.665516
2021-09-09,402.55,0.5,-0.009145,-0.01829,1.316788,1.635053
2021-09-10,404.0,0.5,0.001801,0.003602,1.319159,1.640942
2021-09-13,405.2,0.5,0.001485,0.00297,1.321119,1.645816
2021-09-14,408.0,0.5,0.003455,0.00691,1.325683,1.657189
2021-09-15,408.8,0.5,0.00098,0.001961,1.326983,1.660439
2021-09-16,405.1,0.5,-0.004525,-0.009051,1.320978,1.64541
2021-09-17,406.3,0.5,0.001481,0.002962,1.322934,1.650284
2021-09-23,405.2,0.5,-0.001354,-0.002707,1.321143,1.645816
2021-09-24,404.95,0.5,-0.000308,-0.000617,1.320736,1.644801
2021-09-27,406.25,0.5,0.001605,0.00321,1.322856,1.650081
2021-09-28,400.7,0.5,-0.006831,-0.013662,1.31382,1.627539
2021-09-29,394.95,0.5,-0.007175,-0.01435,1.304393,1.604184
2021-09-30,396.85,0.5,0.002405,0.004811,1.307531,1.611901
2021-10-01,389.15,0.0,-0.0005,-0.019403,1.306877,1.580626
2021-10-05,383.9,0.0,0.0,-0.013491,1.306877,1.559301
2021-10-06,378.1,0.0,0.0,-0.015108,1.306877,1.535743
2021-10-07,383.9,0.0,0.0,0.01534,1.306877,1.559301
2021-10-08,383.6,0.0,0.0,-0.000781,1.306877,1.558083
2021-10-12,376.05,0.0,0.0,-0.019682,1.306877,1.527417
2021-10-13,380.1,0.0,0.0,0.01077,1.306877,1.543867
2021-10-14,384.75,0.0,0.0,0.012234,1.306877,1.562754
2021-10-15,389.55,0.0,0.0,0.012476,1.306877,1.58225
2021-10-18,388.4,0.0,0.0,-0.002952,1.306877,1.577579
2021-10-19,391.35,0.0,0.0,0.007595,1.306877,1.589561
2021-10-20,389.7,0.0,0.0,-0.004216,1.306877,1.582859
2021-10-21,389.05,0.0,0.0,-0.001668,1.306877,1.580219
2021-10-22,389.6,0.0,0.0,0.001414,1.306877,1.582453
2021-10-25,391.15,0.0,0.0,0.003978,1.306877,1.588749
2021-10-26,394.85,0.0,0.0,0.009459,1.306877,1.603777
2021-10-27,391.2,0.0,0.0,-0.009244,1.306877,1.588952
2021-10-28,390.15,0.0,0.0,-0.002684,1.306877,1.584687
2021-10-29,384.1,0.0,0.0,-0.015507,1.306877,1.560114
2021-11-01,386.9,0.0,0.0,0.00729,1.306877,1.571487
2021-11-02,392.35,0.0,0.0,0.014086,1.306877,1.593623
2021-11-03,388.6,0.0,0.0,-0.009558,1.306877,1.578392
2021-11-04,390.85,0.0,0.0,0.00579,1.306877,1.58753
2021-11-05,385.0,0.0,0.0,-0.014967,1.306877,1.563769
2021-11-08,381.7,0.0,0.0,-0.008571,1.306877,1.550366
2021-11-09,385.15,0.0,0.0,0.009039,1.306877,1.564379
2021-11-10,385.5,0.0,0.0,0.000909,1.306877,1.5658
2021-11-11,379.75,0.0,0.0,-0.014916,1.306877,1.542445
2021-11-12,385.55,0.0,0.0,0.015273,1.306877,1.566003
2021-11-15,390.55,0.0,0.0,0.012968,1.306877,1.586312
2021-11-16,391.0,0.0,0.0,0.001152,1.306877,1.58814
2021-11-17,387.2,0.0,0.0,-0.009719,1.306877,1.572705
2021-11-18,384.3,0.0,0.0,-0.00749,1.306877,1.560926
2021-11-19,384.0,0.0,0.0,-0.000781,1.306877,1.559708
2021-11-22,391.15,0.0,0.0,0.01862,1.306877,1.588749
2021-11-23,392.75,0.0,0.0,0.004091,1.306877,1.595248
2021-11-24,391.85,0.0,0.0,-0.002292,1.306877,1.591592
2021-11-25,388.75,0.0,0.0,-0.007911,1.306877,1.579001
2021-11-26,384.9,0.0,0.0,-0.009904,1.306877,1.563363
2021-11-29,378.6,0.0,0.0,-0.016368,1.306877,1.537774
2021-11-30,379.15,0.0,0.0,0.001453,1.306877,1.540008
2021-12-01,372.75,0.0,0.0,-0.01688,1.306877,1.514013
2021-12-02,379.0,0.0,0.0,0.016767,1.306877,1.539399
2021-12-03,382.45,0.0,0.0,0.009103,1.306877,1.553412
2021-12-06,384.5,0.0,0.0,0.00536,1.306877,1.561738
2021-12-07,387.25,0.0,0.0,0.007152,1.306877,1.572908
2021-12-08,398.0,0.0,0.0,0.02776,1.306877,1.616572
2021-12-09,395.15,0.0,0.0,-0.007161,1.306877,1.604996
2021-12-10,392.15,0.0,0.0,-0.007592,1.306877,1.592811
2021-12-13,398.15,0.0,0.0,0.0153,1.306877,1.617181
2021-12-14,390.85,0.0,0.0,-0.018335,1.306877,1.58753
2021-12-15,389.5,0.0,0.0,-0.003454,1.306877,1.582047
2021-12-16,392.4,0.0,0.0,0.007445,1.306877,1.593826
2021-12-17,393.1,0.0,0.0,0.001784,1.306877,1.596669
2021-12-20,390.1,0.0,0.0,-0.007632,1.306877,1.584484
2021-12-21,386.65,0.0,0.0,-0.008844,1.306877,1.570471
2021-12-22,390.8,0.0,0.0,0.010733,1.306877,1.587327
2021-12-23,391.65,0.0,0.0,0.002175,1.306877,1.59078
2021-12-24,396.3,0.0,0.0,0.011873,1.306877,1.609667
2021-12-27,394.0,0.0,0.0,-0.005804,1.306877,1.600325
2021-12-28,394.4,0.0,0.0,0.001015,1.306877,1.60195
2021-12-29,398.15,0.0,0.0,0.009508,1.306877,1.617181
2021-12-30,395.1,0.0,0.0,-0.00766,1.306877,1.604793
2022-01-03,394.75,0.5,-0.000943,-0.000886,1.305645,1.603371
2022-01-04,395.0,0.5,0.000317,0.000633,1.306058,1.604387
2022-01-05,389.65,0.5,-0.006772,-0.013544,1.297213,1.582656
2022-01-06,387.0,0.5,-0.0034,-0.006801,1.292802,1.571893
2022-01-07,389.7,0.5,0.003488,0.006977,1.297312,1.582859
2022-01-10,384.0,0.5,-0.007313,-0.014627,1.287824,1.559708
2022-01-11,388.45,0.5,0.005794,0.011589,1.295286,1.577782
2022-01-12,392.1,0.5,0.004698,0.009396,1.301372,1.592608
2022-01-13,394.55,0.5,0.003124,0.006248,1.305437,1.602559
2022-01-14,388.25,0.5,-0.007984,-0.015968,1.295015,1.57697
2022-01-17,384.1,0.5,-0.005344,-0.010689,1.288094,1.560114
2022-01-18,384.45,0.5,0.000456,0.000911,1.288681,1.561535
2022-01-19,379.3,0.5,-0.006698,-0.013396,1.280049,1.540617
2022-01-20,377.05,0.5,-0.002966,-0.005932,1.276253,1.531478
2022-01-21,375.35,0.5,-0.002254,-0.004509,1.273376,1.524574
2022-01-24,370.6,0.5,-0.006327,-0.012655,1.265318,1.50528
2022-01-25,363.4,0.5,-0.009714,-0.019428,1.253027,1.476036
2022-01-26,362.2,0.5,-0.001651,-0.003302,1.250958,1.471162
2022-01-27,355.25,0.5,-0.009594,-0.019188,1.238956,1.442933
2022-01-28,350.0,0.5,-0.007389,-0.014778,1.229802,1.421608
2022-02-03,363.65,0.0,-0.0005,0.039,1.229187,1.477051
2022-02-04,364.55,0.0,0.0,0.002475,1.229187,1.480707
2022-02-07,360.55,0.0,0.0,-0.010972,1.229187,1.46446
2022-02-08,365.5,0.0,0.0,0.013729,1.229187,1.484565
2022-02-09,366.25,0.0,0.0,0.002052,1.229187,1.487612
2022-02-10,370.15,0.0,0.0,0.010648,1.229187,1.503452
2022-02-11,366.75,0.0,0.0,-0.009185,1.229187,1.489643
2022-02-14,362.75,0.0,0.0,-0.010907,1.229187,1.473396
2022-02-15,362.6,0.0,0.0,-0.000414,1.229187,1.472786
2022-02-16,364.95,0.0,0.0,0.006481,1.229187,1.482331
2022-02-17,370.1,0.0,0.0,0.014112,1.229187,1.503249
2022-02-18,364.75,0.0,0.0,-0.014456,1.229187,1.481519
2022-02-21,363.7,0.0,0.0,-0.002879,1.229187,1.477254
2022-02-22,364.0,0.0,0.0,0.000825,1.229187,1.478473
2022-02-23,364.25,0.0,0.0,0.000687,1.229187,1.479488
2022-02-24,357.05,0.0,0.0,-0.019767,1.229187,1.450244
2022-02-25,359.35,0.0,0.0,0.006442,1.229187,1.459586
2022-02-28,356.9,0.0,0.0,-0.006818,1.229187,1.449634
2022-03-02,359.35,0.0,0.0,0.006865,1.229187,1.459586
2022-03-03,364.3,0.0,0.0,0.013775,1.229187,1.479691
2022-03-04,359.9,0.0,0.0,-0.012078,1.229187,1.46182
2022-03-07,352.35,0.0,0.0,-0.020978,1.229187,1.431154
2022-03-08,349.95,0.0,0.0,-0.006811,1.229187,1.421405
2022-03-10,355.85,0.0,0.0,0.01686,1.229187,1.44537
2022-03-11,353.1,0.0,0.0,-0.007728,1.229187,1.4342
2022-03-14,354.3,0.0,0.0,0.003398,1.229187,1.439074
2022-03-15,351.5,0.0,0.0,-0.007903,1.229187,1.427701
2022-03-16,351.2,0.0,0.0,-0.000853,1.229187,1.426483
2022-03-17,362.55,0.0,0.0,0.032318,1.229187,1.472583
2022-03-18,359.9,0.0,0.0,-0.007309,1.229187,1.46182
2022-03-21,360.7,0.0,0.0,0.002223,1.229187,1.465069
2022-03-22,359.25,0.0,0.0,-0.00402,1.229187,1.45918
2022-03-23,363.75,0.0,0.0,0.012526,1.229187,1.477457
2022-03-24,360.8,0.0,0.0,-0.00811,1.229187,1.465475
2022-03-25,360.15,0.0,0.0,-0.001802,1.229187,1.462835
2022-03-28,361.6,0.0,0.0,0.004026,1.229187,1.468725
2022-03-29,362.6,0.0,0.0,0.002765,1.229187,1.472786
2022-03-30,364.15,0.0,0.0,0.004275,1.229187,1.479082
2022-03-31,364.95,0.0,0.0,0.002197,1.229187,1.482331
2022-04-01,362.55,0.0,0.0,-0.006576,1.229187,1.472583
2022-04-04,364.6,0.0,0.0,0.005654,1.229187,1.48091
2022-04-05,364.3,0.0,0.0,-0.000823,1.229187,1.479691
2022-04-06,360.25,0.0,0.0,-0.011117,1.229187,1.463241
2022-04-07,355.2,0.0,0.0,-0.014018,1.229187,1.442729
2022-04-08,355.5,0.0,0.0,0.000845,1.229187,1.443948
2022-04-11,355.35,0.0,0.0,-0.000422,1.229187,1.443339
2022-04-12,351.75,0.0,0.0,-0.010131,1.229187,1.428716
2022-04-13,358.2,0.0,0.0,0.018337,1.229187,1.454915
2022-04-14,356.55,0.0,0.0,-0.004606,1.229187,1.448213
2022-04-15,352.35,0.0,0.0,-0.01178,1.229187,1.431154
2022-04-18,352.85,0.0,0.0,0.001419,1.229187,1.433184
2022-04-19,356.35,0.0,0.0,0.009919,1.229187,1.4474
2022-04-20,356.3,0.0,0.0,-0.00014,1.229187,1.447197
2022-04-21,357.9,0.0,0.0,0.004491,1.229187,1.453696
2022-04-22,353.7,0.0,0.0,-0.011735,1.229187,1.436637
2022-04-25,347.95,0.0,0.0,-0.016257,1.229187,1.413282
2022-04-26,349.45,0.0,0.0,0.004311,1.229187,1.419374
2022-04-27,345.15,0.0,0.0,-0.012305,1.229187,1.401909
2022-04-28,348.8,0.0,0.0,0.010575,1.229187,1.416734
2022-04-29,354.25,0.0,0.0,0.015625,1.229187,1.438871
2022-05-02,352.45,0.0,0.0,-0.005081,1.229187,1.43156
2022-05-03,351.8,0.0,0.0,-0.001844,1.229187,1.42892
2022-05-04,352.7,0.0,0.0,0.002558,1.229187,1.432575
2022-05-06,347.5,0.0,0.0,-0.014743,1.229187,1.411454
2022-05-09,344.55,0.0,0.0,-0.008489,1.229187,1.399472
2022-05-10,342.3,0.0,0.0,-0.00653,1.229187,1.390333
2022-05-11,342.25,0.0,0.0,-0.000146,1.229187,1.39013
2022-05-12,336.7,0.0,0.0,-0.016216,1.229187,1.367587
2022-05-13,344.95,0.0,0.0,0.024503,1.229187,1.401097
2022-05-16,343.15,0.0,0.0,-0.005218,1.229187,1.393786
2022-05-17,346.75,0.0,0.0,0.010491,1.229187,1.408408
2022-05-18,347.45,0.0,0.0,0.002019,1.229187,1.411251
2022-05-19,341.9,0.0,0.0,-0.015974,1.229187,1.388708
2022-05-20,348.7,0.0,0.0,0.019889,1.229187,1.416328
2022-05-23,349.6,0.0,0.0,0.002581,1.229187,1.419984
2022-05-24,343.25,0.0,0.0,-0.018164,1.229187,1.394192
2022-05-25,344.75,0.0,0.0,0.00437,1.229187,1.400284
2022-05-26,343.6,0.0,0.0,-0.003336,1.229187,1.395613
2022-05-27,347.7,0.0,0.0,0.011932,1.229187,1.412266
2022-05-30,351.75,0.0,0.0,0.011648,1.229187,1.428716
2022-05-31,353.3,0.0,0.0,0.004407,1.229187,1.435012
2022-06-02,349.25,0.0,0.0,-0.011463,1.229187,1.418562
2022-06-03,351.3,0.0,0.0,0.00587,1.229187,1.426889
2022-06-07,344.2,0.0,0.0,-0.020211,1.229187,1.39805
2022-06-08,345.2,0.0,0.0,0.002905,1.229187,1.402112
2022-06-09,344.05,0.0,0.0,-0.003331,1.229187,1.397441
2022-06-10,340.1,0.0,0.0,-0.011481,1.229187,1.381397
2022-06-13,328.8,0.0,0.0,-0.033226,1.229187,1.3355
2022-06-14,326.75,0.0,0.0,-0.006235,1.229187,1.327173
2022-06-15,320.5,0.0,0.0,-0.019128,1.229187,1.301787
2022-06-16,320.75,0.0,0.0,0.00078,1.229187,1.302803
2022-06-17,318.6,0.0,0.0,-0.006703,1.229187,1.29407
2022-06-20,312.9,0.0,0.0,-0.017891,1.229187,1.270918
2022-06-21,315.65,0.0,0.0,0.008789,1.229187,1.282088
2022-06-22,306.8,0.0,0.0,-0.028037,1.229187,1.246141
2022-06-23,304.7,0.0,0.0,-0.006845,1.229187,1.237612
2022-06-24,311.25,0.0,0.0,0.021497,1.229187,1.264216
2022-06-27,315.0,0.0,0.0,0.012048,1.229187,1.279448
2022-06-28,317.85,0.0,0.0,0.009048,1.229187,1.291024
2022-06-29,312.35,0.0,0.0,-0.017304,1.229187,1.268684
2022-06-30,306.35,0.0,0.0,-0.019209,1.229187,1.244314
2022-07-01,303.9,0.0,0.0,-0.007997,1.229187,1.234362
2022-07-04,303.6,0.0,0.0,-0.000987,1.229187,1.233144
2022-07-05,308.6,0.0,0.0,0.016469,1.229187,1.253452
2022-07-06,302.0,0.0,0.0,-0.021387,1.229187,1.226645
2022-07-07,307.85,0.0,0.0,0.019371,1.229187,1.250406
2022-07-08,309.3,0.0,0.0,0.00471,1.229187,1.256296
2022-07-11,308.0,0.0,0.0,-0.004203,1.229187,1.251015
2022-07-12,304.55,0.0,0.0,-0.011201,1.229187,1.237002
2022-07-13,306.45,0.0,0.0,0.006239,1.229187,1.24472
2022-07-14,305.35,0.0,0.0,-0.003589,1.229187,1.240252
2022-07-15,307.15,0.0,0.0,0.005895,1.229187,1.247563
2022-07-18,314.3,0.0,0.0,0.023279,1.229187,1.276604
2022-07-19,312.65,0.0,0.0,-0.00525,1.229187,1.269903
2022-07-20,315.3,0.0,0.0,0.008476,1.229187,1.280666
2022-07-21,318.0,0.0,0.0,0.008563,1.229187,1.291633
2022-07-22,316.95,0.0,0.0,-0.003302,1.229187,1.287368
2022-07-25,317.9,0.0,0.0,0.002997,1.229187,1.291227
2022-07-26,319.25,0.0,0.0,0.004247,1.229187,1.29671
2022-07-27,319.05,0.0,0.0,-0.000626,1.229187,1.295898
2022-07-28,321.3,0.0,0.0,0.007052,1.229187,1.305037
2022-07-29,322.35,0.0,0.0,0.003268,1.229187,1.309301
2022-08-01,322.65,0.0,0.0,0.000931,1.229187,1.31052
2022-08-02,320.35,0.0,0.0,-0.007128,1.229187,1.301178
2022-08-03,323.0,0.0,0.0,0.008272,1.229187,1.311942
2022-08-04,324.7,0.0,0.0,0.005263,1.229187,1.318846
2022-08-05,326.45,0.0,0.0,0.00539,1.229187,1.325955
2022-08-08,326.1,0.0,0.0,-0.001072,1.229187,1.324533
2022-08-09,327.15,0.0,0.0,0.00322,1.229187,1.328798
2022-08-10,323.3,0.0,0.0,-0.011768,1.229187,1.31316
2022-08-11,328.75,0.0,0.0,0.016857,1.229187,1.335297
2022-08-12,329.6,0.0,0.0,0.002586,1.229187,1.338749
2022-08-16,330.95,0.0,0.0,0.004096,1.229187,1.344232
2022-08-17,328.7,0.0,0.0,-0.006799,1.229187,1.335093
2022-08-18,327.25,0.0,0.0,-0.004411,1.229187,1.329204
2022-08-19,325.7,0.0,0.0,-0.004736,1.229187,1.322908
2022-08-22,321.1,0.0,0.0,-0.014123,1.229187,1.304224
2022-08-23,317.05,0.0,0.0,-0.012613,1.229187,1.287774
2022-08-24,318.5,0.0,0.0,0.004573,1.229187,1.293664
2022-08-25,322.75,0.0,0.0,0.013344,1.229187,1.310926
2022-08-26,323.4,0.0,0.0,0.002014,1.229187,1.313566
2022-08-29,314.6,0.0,0.0,-0.027211,1.229187,1.277823
2022-08-30,318.35,0.0,0.0,0.01192,1.229187,1.293054
2022-08-31,319.9,0.0,0.0,0.004869,1.229187,1.29935
2022-09-01,313.4,0.0,0.0,-0.020319,1.229187,1.272949
2022-09-02,312.75,0.0,0.0,-0.002074,1.229187,1.270309
2022-09-05,310.75,0.0,0.0,-0.006395,1.229187,1.262185
2022-09-06,311.5,0.0,0.0,0.002414,1.229187,1.265232
2022-09-07,306.05,0.0,0.0,-0.017496,1.229187,1.243095
2022-09-08,307.35,0.0,0.0,0.004248,1.229187,1.248375
2022-09-13,318.2,0.0,0.0,0.035302,1.229187,1.292445
2022-09-14,310.7,0.0,0.0,-0.02357,1.229187,1.261982
2022-09-15,309.4,0.0,0.0,-0.004184,1.229187,1.256702
2022-09-16,305.9,0.0,0.0,-0.011312,1.229187,1.242486
2022-09-19,304.9,0.0,0.0,-0.003269,1.229187,1.238424
2022-09-20,305.55,0.0,0.0,0.002132,1.229187,1.241064
2022-09-21,302.4,0.0,0.0,-0.010309,1.229187,1.22827
2022-09-22,299.05,0.0,0.0,-0.011078,1.229187,1.214663
2022-09-23,295.85,0.0,0.0,-0.010701,1.229187,1.201665
2022-09-26,288.3,0.0,0.0,-0.02552,1.229187,1.170999
2022-09-27,288.6,0.0,0.0,0.001041,1.229187,1.172218
2022-09-28,281.0,0.0,0.0,-0.026334,1.229187,1.141348
2022-09-29,282.75,0.0,0.0,0.006228,1.229187,1.148457
2022-09-30,280.45,0.0,0.0,-0.008134,1.229187,1.139115
2022-10-04,288.0,0.0,0.0,0.026921,1.229187,1.169781
2022-10-05,288.4,0.0,0.0,0.001389,1.229187,1.171405
2022-10-06,290.15,0.0,0.0,0.006068,1.229187,1.178513
2022-10-07,288.85,0.0,0.0,-0.00448,1.229187,1.173233
2022-10-11,282.9,0.0,0.0,-0.020599,1.229187,1.149066
2022-10-12,285.85,0.0,0.0,0.010428,1.229187,1.161048
2022-10-13,280.8,0.0,0.0,-0.017667,1.229187,1.140536
2022-10-14,288.9,0.0,0.0,0.028846,1.229187,1.173436
2022-10-17,287.35,0.0,0.0,-0.005365,1.229187,1.167141
2022-10-18,292.5,0.0,0.0,0.017922,1.229187,1.188058
2022-10-19,289.3,0.0,0.0,-0.01094,1.229187,1.175061
2022-10-20,286.6,0.0,0.0,-0.009333,1.229187,1.164094
2022-10-21,287.55,0.0,0.0,0.003315,1.229187,1.167953
2022-10-24,290.9,0.0,0.0,0.01165,1.229187,1.18156
2022-10-25,290.45,0.0,0.0,-0.001547,1.229187,1.179732
2022-10-26,292.7,0.0,0.0,0.007747,1.229187,1.188871
2022-10-27,297.65,0.0,0.0,0.016912,1.229187,1.208976
2022-10-28,293.8,0.0,0.0,-0.012935,1.229187,1.193339
2022-10-31,296.1,0.0,0.0,0.007828,1.229187,1.202681
2022-11-01,300.2,0.0,0.0,0.013847,1.229187,1.219334
2022-11-02,302.05,0.0,0.0,0.006163,1.229187,1.226848
2022-11-03,297.3,0.0,0.0,-0.015726,1.229187,1.207555
2022-11-04,298.8,0.0,0.0,0.005045,1.229187,1.213647
2022-11-07,304.6,0.0,0.0,0.019411,1.229187,1.237206
2022-11-08,308.5,0.0,0.0,0.012804,1.229187,1.253046
2022-11-09,313.05,0.0,0.0,0.014749,1.229187,1.271527
2022-11-10,313.15,0.0,0.0,0.000319,1.229187,1.271933
2022-11-11,320.85,0.0,0.0,0.024589,1.229187,1.303209
2022-11-14,322.9,0.0,0.0,0.006389,1.229187,1.311535
2022-11-15,319.8,0.0,0.0,-0.0096,1.229187,1.298944
2022-11-16,317.25,0.0,0.0,-0.007974,1.229187,1.288587
2022-11-17,317.25,0.0,0.0,0.0,1.229187,1.288587
2022-11-18,317.95,0.0,0.0,0.002206,1.229187,1.29143
2022-11-21,313.05,0.0,0.0,-0.015411,1.229187,1.271527
2022-11-22,311.35,0.0,0.0,-0.00543,1.229187,1.264622
2022-11-23,312.75,0.0,0.0,0.004497,1.229187,1.270309
2022-11-24,314.5,0.0,0.0,0.005596,1.229187,1.277417
2022-11-25,315.45,0.0,0.0,0.003021,1.229187,1.281275
2022-11-28,310.75,0.0,0.0,-0.014899,1.229187,1.262185
2022-11-29,313.7,0.0,0.0,0.009493,1.229187,1.274167
2022-11-30,315.95,0.0,0.0,0.007172,1.229187,1.283306
2022-12-01,321.1,1.0,0.0153,0.0163,1.247993,1.304224
2022-12-02,316.35,1.0,-0.014793,-0.014793,1.229532,1.284931
2022-12-05,312.5,1.0,-0.01217,-0.01217,1.214568,1.269293
2022-12-06,307.35,1.0,-0.01648,-0.01648,1.194552,1.248375
2022-12-07,306.55,1.0,-0.002603,-0.002603,1.191443,1.245126
2022-12-08,305.05,1.0,-0.004893,-0.004893,1.185613,1.239033
2022-12-09,306.85,1.0,0.005901,0.005901,1.192609,1.246344
2022-12-12,307.45,1.0,0.001955,0.001955,1.194941,1.248781
2022-12-13,307.25,1.0,-0.000651,-0.000651,1.194164,1.247969
2022-12-14,310.5,1.0,0.010578,0.010578,1.206795,1.26117
2022-12-15,308.9,1.0,-0.005153,-0.005153,1.200577,1.254671
2022-12-16,302.1,1.0,-0.022014,-0.022014,1.174148,1.227051
2022-12-19,303.4,1.0,0.004303,0.004303,1.1792,1.232331
2022-12-20,301.95,1.0,-0.004779,-0.004779,1.173565,1.226442
2022-12-21,300.85,1.0,-0.003643,-0.003643,1.169289,1.221974
2022-12-22,304.4,1.0,0.0118,0.0118,1.183087,1.236393
2022-12-23,298.8,1.0,-0.018397,-0.018397,1.161322,1.213647
2022-12-26,298.7,1.0,-0.000335,-0.000335,1.160933,1.213241
2022-12-27,300.35,1.0,0.005524,0.005524,1.167346,1.219943
2022-12-28,297.8,1.0,-0.00849,-0.00849,1.157435,1.209586
2022-12-29,295.65,1.0,-0.00722,-0.00722,1.149079,1.200853
2023-01-02,290.6,0.0,-0.001,-0.017081,1.14793,1.180341
2023-01-03,290.3,0.0,0.0,-0.001032,1.14793,1.179123
2023-01-04,292.7,0.0,0.0,0.008267,1.14793,1.188871
2023-01-05,297.8,0.0,0.0,0.017424,1.14793,1.209586
2023-01-06,302.6,0.0,0.0,0.016118,1.14793,1.229082
2023-01-09,310.85,0.0,0.0,0.027264,1.14793,1.262591
2023-01-10,310.65,0.0,0.0,-0.000643,1.14793,1.261779
2023-01-11,311.35,0.0,0.0,0.002253,1.14793,1.264622
2023-01-12,310.9,0.0,0.0,-0.001445,1.14793,1.262794
2023-01-13,314.65,0.0,0.0,0.012062,1.14793,1.278026
2023-01-16,316.9,0.0,0.0,0.007151,1.14793,1.287165
2023-01-17,314.9,0.0,0.0,-0.006311,1.14793,1.279041
2023-01-18,313.05,0.0,0.0,-0.005875,1.14793,1.271527
2023-01-19,312.75,0.0,0.0,-0.000958,1.14793,1.270309
2023-01-20,316.2,0.0,0.0,0.011031,1.14793,1.284322
2023-01-25,321.8,0.0,0.0,0.01771,1.14793,1.307067
2023-01-26,322.55,0.0,0.0,0.002331,1.14793,1.310114
2023-01-27,328.1,0.0,0.0,0.017207,1.14793,1.332656
2023-01-30,325.5,0.0,0.0,-0.007924,1.14793,1.322096
2023-01-31,323.15,0.0,0.0,-0.00722,1.14793,1.312551
2023-02-01,320.75,1.0,-0.008427,-0.007427,1.138256,1.302803
2023-02-02,325.25,1.0,0.01403,0.01403,1.154226,1.32108
2023-02-03,323.8,1.0,-0.004458,-0.004458,1.14908,1.315191
2023-02-06,322.65,1.0,-0.003552,-0.003552,1.144999,1.31052
2023-02-07,320.1,1.0,-0.007903,-0.007903,1.13595,1.300162
2023-02-08,323.95,1.0,0.012027,0.012027,1.149612,1.3158
2023-02-09,323.65,1.0,-0.000926,-0.000926,1.148548,1.314582
2023-02-10,323.1,1.0,-0.001699,-0.001699,1.146596,1.312348
2023-02-13,322.0,1.0,-0.003405,-0.003405,1.142692,1.30788
2023-02-14,323.95,1.0,0.006056,0.006056,1.149612,1.3158
2023-02-15,316.75,1.0,-0.022226,-0.022226,1.124061,1.286556
2023-02-16,323.45,1.0,0.021152,0.021152,1.147838,1.313769
2023-02-17,322.4,1.0,-0.003246,-0.003246,1.144112,1.309504
2023-02-20,319.35,1.0,-0.00946,-0.00946,1.133288,1.297116
2023-02-21,320.65,1.0,0.004071,0.004071,1.137901,1.302396
2023-02-22,316.9,1.0,-0.011695,-0.011695,1.124594,1.287165
2023-02-23,316.85,1.0,-0.000158,-0.000158,1.124416,1.286962
2023-02-24,320.1,1.0,0.010257,0.010257,1.13595,1.300162
2023-02-27,311.2,1.0,-0.027804,-0.027804,1.104366,1.264013
2023-02-28,315.05,1.0,0.012371,0.012371,1.118028,1.279651
2023-03-02,316.0,0.5,0.001008,0.003015,1.119155,1.283509
2023-03-03,316.7,0.5,0.001108,0.002215,1.120395,1.286353
2023-03-06,318.15,0.5,0.002289,0.004578,1.12296,1.292242
2023-03-07,319.3,0.5,0.001807,0.003615,1.124989,1.296913
2023-03-08,315.2,0.5,-0.00642,-0.012841,1.117766,1.28026
2023-03-09,314.15,0.5,-0.001666,-0.003331,1.115905,1.275995
2023-03-10,308.0,0.5,-0.009788,-0.019577,1.104982,1.251015
2023-03-13,308.2,0.5,0.000325,0.000649,1.10534,1.251828
2023-03-14,305.75,0.5,-0.003975,-0.007949,1.100947,1.241877
2023-03-15,308.5,0.5,0.004497,0.008994,1.105898,1.253046
2023-03-16,307.1,0.5,-0.002269,-0.004538,1.103389,1.24736
2023-03-17,308.8,0.5,0.002768,0.005536,1.106443,1.254265
2023-03-20,311.4,0.5,0.00421,0.00842,1.111101,1.264825
2023-03-21,309.65,0.5,-0.00281,-0.00562,1.107979,1.257717
2023-03-22,311.1,0.5,0.002341,0.004683,1.110573,1.263607
2023-03-23,311.55,0.5,0.000723,0.001446,1.111376,1.265435
2023-03-24,312.65,0.5,0.001765,0.003531,1.113338,1.269903
2023-03-27,311.75,0.5,-0.001439,-0.002879,1.111736,1.266247
2023-03-28,314.95,0.5,0.005132,0.010265,1.117441,1.279245
2023-03-29,315.4,0.5,0.000714,0.001429,1.11824,1.281072
2023-03-30,317.4,0.5,0.003171,0.006341,1.121785,1.289196
2023-03-31,321.2,0.5,0.005986,0.011972,1.1285,1.30463
2023-04-03,319.6,0.5,-0.002491,-0.004981,1.12569,1.298132
2023-04-04,321.2,0.5,0.002503,0.005006,1.128507,1.30463
2023-04-05,323.25,0.5,0.003191,0.006382,1.132109,1.312957
2023-04-06,317.25,0.5,-0.009281,-0.018561,1.121602,1.288587
2023-04-07,322.35,0.5,0.008038,0.016076,1.130617,1.309301
2023-04-10,325.45,0.5,0.004808,0.009617,1.136054,1.321893
2023-04-11,329.65,0.5,0.006453,0.012905,1.143384,1.338952
2023-04-12,330.95,0.5,0.001972,0.003944,1.145639,1.344232
2023-04-13,331.8,0.5,0.001284,0.002568,1.14711,1.347685
2023-04-14,332.7,0.5,0.001356,0.002712,1.148666,1.35134
2023-04-17,332.9,0.5,0.000301,0.000601,1.149011,1.352153
2023-04-18,332.65,0.5,-0.000375,-0.000751,1.148579,1.351137
2023-04-19,332.6,0.5,-7.5e-05,-0.00015,1.148493,1.350934
2023-04-20,331.65,0.5,-0.001428,-0.002856,1.146853,1.347076
2023-04-21,329.45,0.5,-0.003317,-0.006633,1.143049,1.33814
2023-04-24,327.45,0.5,-0.003035,-0.006071,1.139579,1.330016
2023-04-25,323.25,0.5,-0.006413,-0.012826,1.132271,1.312957
2023-04-26,322.75,0.5,-0.000773,-0.001547,1.131395,1.310926
2023-04-27,323.35,0.5,0.00093,0.001859,1.132447,1.313363
2023-04-28,323.9,0.5,0.00085,0.001701,1.13341,1.315597
2023-05-02,327.5,0.5,0.005557,0.011115,1.139709,1.330219
2023-05-03,324.3,0.5,-0.004885,-0.009771,1.134141,1.317222
2023-05-04,323.3,0.5,-0.001542,-0.003084,1.132392,1.31316
2023-05-08,327.5,0.5,0.006496,0.012991,1.139748,1.330219
2023-05-09,326.1,0.5,-0.002137,-0.004275,1.137312,1.324533
2023-05-10,324.0,0.5,-0.00322,-0.00644,1.13365,1.316003
2023-05-11,322.9,0.5,-0.001698,-0.003395,1.131725,1.311535
2023-05-12,321.8,0.5,-0.001703,-0.003407,1.129798,1.307067
2023-05-15,322.65,0.5,0.001321,0.002641,1.13129,1.31052
2023-05-16,323.05,0.5,0.00062,0.00124,1.131991,1.312145
2023-05-17,324.0,0.5,0.00147,0.002941,1.133655,1.316003
2023-05-18,327.3,0.5,0.005093,0.010185,1.139429,1.329407
2023-05-19,332.25,0.5,0.007562,0.015124,1.148045,1.349513
2023-05-22,334.5,0.5,0.003386,0.006772,1.151932,1.358652
2023-05-23,335.5,0.5,0.001495,0.00299,1.153654,1.362713
2023-05-24,334.35,0.5,-0.001714,-0.003428,1.151677,1.358042
2023-05-25,333.5,0.5,-0.001271,-0.002542,1.150213,1.35459
2023-05-26,335.0,0.5,0.002249,0.004498,1.152799,1.360682
2023-05-30,339.45,0.5,0.006642,0.013284,1.160456,1.378757
2023-05-31,336.5,0.5,-0.004345,-0.008691,1.155414,1.366775
2023-06-01,335.5,1.0,-0.003472,-0.002972,1.151402,1.362713
2023-06-02,340.2,1.0,0.014009,0.014009,1.167532,1.381803
2023-06-05,341.3,1.0,0.003233,0.003233,1.171307,1.386271
2023-06-07,340.4,1.0,-0.002637,-0.002637,1.168219,1.382616
2023-06-08,340.25,1.0,-0.000441,-0.000441,1.167704,1.382006
2023-06-09,345.3,1.0,0.014842,0.014842,1.185035,1.402518
2023-06-12,342.45,1.0,-0.008254,-0.008254,1.175254,1.390942
2023-06-13,344.2,1.0,0.00511,0.00511,1.18126,1.39805
2023-06-14,342.2,1.0,-0.005811,-0.005811,1.174396,1.389927
2023-06-15,340.95,1.0,-0.003653,-0.003653,1.170106,1.38485
2023-06-16,343.1,1.0,0.006306,0.006306,1.177485,1.393582
2023-06-19,340.9,1.0,-0.006412,-0.006412,1.169935,1.384647
2023-06-20,339.95,1.0,-0.002787,-0.002787,1.166674,1.380788
2023-06-21,336.95,1.0,-0.008825,-0.008825,1.156379,1.368603
2023-06-22,338.05,1.0,0.003265,0.003265,1.160154,1.373071
2023-06-23,336.05,1.0,-0.005916,-0.005916,1.15329,1.364947
2023-06-26,337.2,1.0,0.003422,0.003422,1.157237,1.369618
2023-06-27,337.35,1.0,0.000445,0.000445,1.157751,1.370227
2023-06-28,335.35,1.0,-0.005929,-0.005929,1.150888,1.362104
2023-06-29,335.0,1.0,-0.001044,-0.001044,1.149686,1.360682
2023-06-30,336.3,1.0,0.003881,0.003881,1.154148,1.365963
2023-07-03,341.55,1.0,0.015611,0.015611,1.172165,1.387287
2023-07-04,339.65,1.0,-0.005563,-0.005563,1.165645,1.379569
2023-07-05,336.4,1.0,-0.009569,-0.009569,1.154491,1.366369
2023-07-06,333.9,1.0,-0.007432,-0.007432,1.145911,1.356214
2023-07-07,328.65,1.0,-0.015723,-0.015723,1.127894,1.33489
2023-07-10,328.65,1.0,0.0,0.0,1.127894,1.33489
2023-07-11,334.65,1.0,0.018257,0.018257,1.148485,1.359261
2023-07-12,336.6,1.0,0.005827,0.005827,1.155177,1.367181
2023-07-13,339.45,1.0,0.008467,0.008467,1.164958,1.378757
2023-07-14,344.0,1.0,0.013404,0.013404,1.180573,1.397238
2023-07-17,343.7,1.0,-0.000872,-0.000872,1.179544,1.396019
2023-07-18,341.4,1.0,-0.006692,-0.006692,1.171651,1.386677
2023-07-19,340.2,1.0,-0.003515,-0.003515,1.167532,1.381803
2023-07-20,339.1,1.0,-0.003233,-0.003233,1.163757,1.377335
2023-07-21,339.95,1.0,0.002507,0.002507,1.166674,1.380788
2023-07-24,341.8,1.0,0.005442,0.005442,1.173023,1.388302
2023-07-25,342.2,1.0,0.00117,0.00117,1.174396,1.389927
2023-07-26,338.25,1.0,-0.011543,-0.011543,1.16084,1.373883
2023-07-27,342.15,1.0,0.01153,0.01153,1.174224,1.389724
2023-07-28,341.05,1.0,-0.003215,-0.003215,1.170449,1.385256
2023-07-31,343.05,1.0,0.005864,0.005864,1.177313,1.393379
2023-08-01,348.15,1.0,0.014867,0.014867,1.194816,1.414094
2023-08-02,340.6,1.0,-0.021686,-0.021686,1.168905,1.383428
2023-08-03,338.5,1.0,-0.006166,-0.006166,1.161698,1.374898
2023-08-04,338.1,1.0,-0.001182,-0.001182,1.160325,1.373274
2023-08-07,336.75,1.0,-0.003993,-0.003993,1.155692,1.36779
2023-08-08,334.95,1.0,-0.005345,-0.005345,1.149515,1.360479
2023-08-09,338.3,1.0,0.010001,0.010001,1.161012,1.374086
2023-08-10,336.25,1.0,-0.00606,-0.00606,1.153976,1.36576
2023-08-11,336.25,1.0,0.0,0.0,1.153976,1.36576
2023-08-14,333.05,1.0,-0.009517,-0.009517,1.142994,1.352762
2023-08-16,328.15,1.0,-0.014713,-0.014713,1.126178,1.332859
2023-08-17,326.8,1.0,-0.004114,-0.004114,1.121545,1.327376
2023-08-18,324.3,1.0,-0.00765,-0.00765,1.112965,1.317222
2023-08-21,324.75,1.0,0.001388,0.001388,1.114509,1.31905
2023-08-22,325.8,1.0,0.003233,0.003233,1.118113,1.323314
2023-08-23,325.45,1.0,-0.001074,-0.001074,1.116912,1.321893
2023-08-24,329.7,1.0,0.013059,0.013059,1.131497,1.339155
2023-08-25,326.0,1.0,-0.011222,-0.011222,1.118799,1.324127
2023-08-28,328.45,1.0,0.007515,0.007515,1.127207,1.334078
2023-08-29,329.25,1.0,0.002436,0.002436,1.129953,1.337327
2023-08-30,330.55,1.0,0.003948,0.003948,1.134414,1.342608
2023-08-31,330.75,1.0,0.000605,0.000605,1.135101,1.34342
2023-09-01,333.65,0.5,0.003884,0.008768,1.13951,1.355199
2023-09-04,336.55,0.5,0.004346,0.008692,1.144462,1.366978
2023-09-05,336.3,0.5,-0.000371,-0.000743,1.144037,1.365963
2023-09-06,333.65,0.5,-0.00394,-0.00788,1.139529,1.355199
2023-09-07,332.15,0.5,-0.002248,-0.004496,1.136968,1.349106
2023-09-08,332.4,0.5,0.000376,0.000753,1.137396,1.350122
2023-09-11,333.9,0.5,0.002256,0.004513,1.139962,1.356214
2023-09-12,331.6,0.5,-0.003444,-0.006888,1.136036,1.346872
2023-09-13,331.75,0.5,0.000226,0.000452,1.136293,1.347482
2023-09-14,336.8,0.5,0.007611,0.015222,1.144941,1.367994
2023-09-15,341.05,0.5,0.006309,0.012619,1.152165,1.385256
2023-09-18,337.1,0.5,-0.005791,-0.011582,1.145493,1.369212
2023-09-19,334.9,0.5,-0.003263,-0.006526,1.141755,1.360276
2023-09-20,334.75,0.5,-0.000224,-0.000448,1.141499,1.359667
2023-09-21,328.35,0.5,-0.009559,-0.019119,1.130587,1.333672
2023-09-22,327.0,0.5,-0.002056,-0.004111,1.128263,1.328188
2023-09-25,327.25,0.5,0.000382,0.000765,1.128694,1.329204
2023-09-26,322.5,0.5,-0.007257,-0.014515,1.120503,1.309911
2023-09-27,323.15,0.5,0.001008,0.002016,1.121632,1.312551
2023-10-04,314.25,0.0,-0.0005,-0.027541,1.121071,1.276401
2023-10-05,313.9,0.0,0.0,-0.001114,1.121071,1.27498
2023-10-06,314.65,0.0,0.0,0.002389,1.121071,1.278026
2023-10-10,315.6,0.0,0.0,0.003019,1.121071,1.281885
2023-10-11,321.15,0.0,0.0,0.017586,1.121071,1.304427
2023-10-12,324.6,0.0,0.0,0.010743,1.121071,1.31844
2023-10-13,322.0,0.0,0.0,-0.00801,1.121071,1.30788
2023-10-16,319.0,0.0,0.0,-0.009317,1.121071,1.295695
2023-10-17,322.95,0.0,0.0,0.012382,1.121071,1.311738
2023-10-18,324.35,0.0,0.0,0.004335,1.121071,1.317425
2023-10-19,317.85,0.0,0.0,-0.02004,1.121071,1.291024
2023-10-20,313.0,0.0,0.0,-0.015259,1.121071,1.271324
2023-10-23,311.15,0.0,0.0,-0.005911,1.121071,1.26381
2023-10-24,313.7,0.0,0.0,0.008195,1.121071,1.274167
2023-10-25,312.0,0.0,0.0,-0.005419,1.121071,1.267262
2023-10-26,303.3,0.0,0.0,-0.027885,1.121071,1.231925
2023-10-27,303.35,0.0,0.0,0.000165,1.121071,1.232128
2023-10-30,303.85,0.0,0.0,0.001648,1.121071,1.234159
2023-10-31,303.05,0.0,0.0,-0.002633,1.121071,1.23091
2023-11-01,304.25,0.0,0.0,0.00396,1.121071,1.235784
2023-11-02,310.7,0.0,0.0,0.0212,1.121071,1.261982
2023-11-03,312.45,0.0,0.0,0.005632,1.121071,1.26909
2023-11-06,319.65,0.0,0.0,0.023044,1.121071,1.298335
2023-11-07,323.65,0.0,0.0,0.012514,1.121071,1.314582
2023-11-08,321.35,0.0,0.0,-0.007106,1.121071,1.30524
2023-11-09,318.8,0.0,0.0,-0.007935,1.121071,1.294882
2023-11-10,317.4,0.0,0.0,-0.004391,1.121071,1.289196
2023-11-13,320.0,0.0,0.0,0.008192,1.121071,1.299756
2023-11-14,321.8,0.0,0.0,0.005625,1.121071,1.307067
2023-11-15,327.7,0.0,0.0,0.018334,1.121071,1.331032
2023-11-16,328.15,0.0,0.0,0.001373,1.121071,1.332859
2023-11-17,328.5,0.0,0.0,0.001067,1.121071,1.334281
2023-11-19,325.95,0.0,0.0,-0.007763,1.121071,1.323924
2023-11-20,331.55,0.0,0.0,0.017181,1.121071,1.346669
2023-11-21,328.55,0.0,0.0,-0.009048,1.121071,1.334484
2023-11-22,331.9,0.0,0.0,0.010196,1.121071,1.348091
2023-11-23,332.0,0.0,0.0,0.000301,1.121071,1.348497
2023-11-24,331.35,0.0,0.0,-0.001958,1.121071,1.345857
2023-11-26,329.0,0.0,0.0,-0.007092,1.121071,1.336312
2023-11-27,329.8,0.0,0.0,0.002432,1.121071,1.339561
2023-11-28,331.6,0.0,0.0,0.005458,1.121071,1.346872
2023-11-29,330.45,0.0,0.0,-0.003468,1.121071,1.342201
2023-11-30,331.55,0.0,0.0,0.003329,1.121071,1.346669
2023-12-01,329.4,0.5,-0.003742,-0.006485,1.116876,1.337937
2023-12-03,331.65,0.5,0.003415,0.006831,1.12069,1.347076
2023-12-04,329.0,0.5,-0.003995,-0.00799,1.116213,1.336312
2023-12-05,328.7,0.5,-0.000456,-0.000912,1.115704,1.335093
2023-12-06,326.8,0.5,-0.00289,-0.00578,1.112479,1.327376
2023-12-07,329.65,0.5,0.00436,0.008721,1.11733,1.338952
2023-12-08,331.4,0.5,0.002654,0.005309,1.120296,1.34606
2023-12-10,332.5,0.5,0.00166,0.003319,1.122155,1.350528
2023-12-11,333.45,0.5,0.001429,0.002857,1.123759,1.354387
2023-12-12,333.6,0.5,0.000225,0.00045,1.124011,1.354996
2023-12-13,336.35,0.5,0.004122,0.008243,1.128644,1.366166
2023-12-14,337.65,0.5,0.001933,0.003865,1.130825,1.371446
2023-12-15,340.9,0.5,0.004813,0.009625,1.136268,1.384647
2023-12-17,339.2,0.5,-0.002493,-0.004987,1.133434,1.377742
2023-12-18,337.6,0.5,-0.002358,-0.004717,1.130761,1.371243
2023-12-19,342.45,0.5,0.007183,0.014366,1.138884,1.390942
2023-12-20,343.7,0.5,0.001825,0.00365,1.140962,1.396019
2023-12-21,347.3,0.5,0.005237,0.010474,1.146937,1.410642
2023-12-22,345.05,0.5,-0.003239,-0.006479,1.143222,1.401503
2023-12-25,347.2,0.5,0.003115,0.006231,1.146784,1.410236
2023-12-26,347.3,0.5,0.000144,0.000288,1.146949,1.410642
2023-12-27,350.85,0.5,0.005111,0.010222,1.152811,1.425061
2023-12-28,357.45,0.5,0.009406,0.018811,1.163654,1.451868
2024-01-02,353.85,1.0,-0.010571,-0.010071,1.151353,1.437246
2024-01-03,345.4,1.0,-0.02388,-0.02388,1.123858,1.402924
2024-01-04,344.8,1.0,-0.001737,-0.001737,1.121906,1.400487
2024-01-05,344.85,1.0,0.000145,0.000145,1.122068,1.40069
2024-01-07,345.85,1.0,0.0029,0.0029,1.125322,1.404752
2024-01-08,347.55,1.0,0.004915,0.004915,1.130854,1.411657
2024-01-09,341.2,1.0,-0.018271,-0.018271,1.110192,1.385865
2024-01-10,337.8,1.0,-0.009965,-0.009965,1.099129,1.372055
2024-01-11,336.45,1.0,-0.003996,-0.003996,1.094737,1.366572
2024-01-12,335.25,1.0,-0.003567,-0.003567,1.090832,1.361698
2024-01-14,335.35,1.0,0.000298,0.000298,1.091158,1.362104
2024-01-15,333.4,1.0,-0.005815,-0.005815,1.084813,1.354184
2024-01-16,332.4,1.0,-0.002999,-0.002999,1.081559,1.350122
2024-01-17,323.1,1.0,-0.027978,-0.027978,1.051299,1.312348
2024-01-18,328.2,1.0,0.015785,0.015785,1.067893,1.333063
2024-01-19,328.9,1.0,0.002133,0.002133,1.070171,1.335906
2024-01-21,332.85,1.0,0.01201,0.01201,1.083023,1.35195
2024-01-22,330.7,1.0,-0.006459,-0.006459,1.076027,1.343217
2024-01-23,331.25,1.0,0.001663,0.001663,1.077817,1.345451
2024-01-24,329.8,1.0,-0.004377,-0.004377,1.073099,1.339561
2024-01-25,327.55,1.0,-0.006822,-0.006822,1.065778,1.330422
2024-01-26,331.15,1.0,0.010991,0.010991,1.077492,1.345045
2024-01-28,331.6,1.0,0.001359,0.001359,1.078956,1.346872
2024-01-29,336.0,1.0,0.013269,0.013269,1.093272,1.364744
2024-01-30,330.6,1.0,-0.016071,-0.016071,1.075702,1.342811
2024-01-31,330.55,1.0,-0.000151,-0.000151,1.075539,1.342608
2024-02-01,340.2,0.5,0.014097,0.029194,1.090701,1.381803
2024-02-02,348.8,0.5,0.01264,0.025279,1.104487,1.416734
2024-02-04,347.35,0.5,-0.002079,-0.004157,1.102191,1.410845
2024-02-05,342.2,0.5,-0.007413,-0.014827,1.094021,1.389927
2024-02-06,344.65,0.5,0.00358,0.00716,1.097937,1.399878
2024-02-07,349.05,0.5,0.006383,0.012767,1.104945,1.41775
2024-02-08,348.15,0.5,-0.001289,-0.002578,1.103521,1.414094
2024-02-12,352.1,0.5,0.005673,0.011346,1.109781,1.430138
2024-02-13,346.3,0.5,-0.008236,-0.016473,1.10064,1.40658
2024-02-14,351.05,0.5,0.006858,0.013716,1.108189,1.425873
2024-02-15,349.5,0.5,-0.002208,-0.004415,1.105742,1.419578
2024-02-16,347.9,0.5,-0.002289,-0.004578,1.103211,1.413079
2024-02-18,351.0,0.5,0.004455,0.008911,1.108126,1.42567
2024-02-19,355.2,0.5,0.005983,0.011966,1.114756,1.442729
2024-02-20,351.25,0.5,-0.00556,-0.01112,1.108558,1.426686
2024-02-21,354.0,0.5,0.003915,0.007829,1.112898,1.437855
2024-02-22,355.75,0.5,0.002472,0.004944,1.115648,1.444963
2024-02-23,353.8,0.5,-0.002741,-0.005481,1.112591,1.437043
2024-02-26,350.0,0.5,-0.00537,-0.010741,1.106616,1.421608
2024-02-27,348.0,0.5,-0.002857,-0.005714,1.103454,1.413485
2024-02-28,349.55,0.5,0.002227,0.004454,1.105911,1.419781
2024-02-29,350.5,0.5,0.001359,0.002718,1.107414,1.423639
2024-03-03,354.6,1.0,0.011198,0.011698,1.119815,1.440292
2024-03-04,354.4,1.0,-0.000564,-0.000564,1.119183,1.43948
2024-03-05,350.85,1.0,-0.010017,-0.010017,1.107972,1.425061
2024-03-06,352.75,1.0,0.005415,0.005415,1.113972,1.432778
2024-03-07,356.25,1.0,0.009922,0.009922,1.125025,1.446994
2024-03-08,356.9,1.0,0.001825,0.001825,1.127078,1.449634
2024-03-10,354.2,1.0,-0.007565,-0.007565,1.118551,1.438668
2024-03-11,354.9,1.0,0.001976,0.001976,1.120762,1.441511
2024-03-12,357.75,1.0,0.00803,0.00803,1.129762,1.453087
2024-03-13,358.75,1.0,0.002795,0.002795,1.13292,1.457149
2024-03-14,361.45,1.0,0.007526,0.007526,1.141447,1.468115
2024-03-15,364.1,1.0,0.007332,0.007332,1.149815,1.478879
2024-03-17,361.95,1.0,-0.005905,-0.005905,1.143026,1.470146
2024-03-18,360.25,1.0,-0.004697,-0.004697,1.137657,1.463241
2024-03-19,362.0,1.0,0.004858,0.004858,1.143184,1.470349
2024-03-20,371.6,1.0,0.026519,0.026519,1.1735,1.509342
2024-03-21,374.85,1.0,0.008746,0.008746,1.183763,1.522543
2024-03-22,376.3,1.0,0.003868,0.003868,1.188342,1.528432
2024-03-24,375.7,1.0,-0.001594,-0.001594,1.186448,1.525995
2024-03-25,375.6,1.0,-0.000266,-0.000266,1.186132,1.525589
2024-03-26,374.05,1.0,-0.004127,-0.004127,1.181237,1.519293
2024-03-27,375.6,1.0,0.004144,0.004144,1.186132,1.525589
2024-03-28,377.7,1.0,0.005591,0.005591,1.192764,1.534119
2024-03-29,377.7,1.0,0.0,0.0,1.192764,1.534119
