date,TREND,RISK,FLOW,COST,FLOW_SCORE,레짐,목표비중,실제비중,종가
1990-01-02,0.4351,-0.5033,-0.4903,-0.4733,-0.1671,중립(Neutral),0.5,0.0,851.65
1990-01-03,0.3201,-0.1292,-0.3473,-0.6286,-0.1014,중립(Neutral),0.5,0.0,850.85
1990-01-04,0.2442,-0.0227,-0.2716,-0.5544,-0.0713,중립(Neutral),0.5,0.0,849.0
1990-01-05,0.1268,-0.3021,-0.2209,-0.4887,-0.1597,중립(Neutral),0.5,0.0,843.75
1990-01-08,0.2126,-0.2406,0.1407,-0.3795,-0.0075,중립(Neutral),0.5,0.0,846.7
1990-01-09,0.0614,-0.2141,-0.024,-0.6075,-0.1292,중립(Neutral),0.5,0.0,841.35
1990-01-10,0.0488,0.981,0.293,-0.6957,0.2312,확장(Risk-On),1.0,0.0,840.45
1990-01-11,0.1307,0.4036,-0.0889,-0.6388,0.0286,중립(Neutral),0.5,0.0,841.0
1990-01-12,-0.4282,0.0406,-0.2907,-0.8572,-0.341,수축(Risk-Off),0.0,0.0,830.1
1990-01-15,-0.1163,0.0968,-0.3454,-1.2617,-0.2921,수축(Risk-Off),0.0,0.0,828.35
1990-01-16,-0.1462,0.2635,-0.5127,-1.362,-0.3178,수축(Risk-Off),0.0,0.0,831.25
1990-01-17,-0.2764,0.0009,-0.5952,-1.5938,-0.4844,수축(Risk-Off),0.0,0.0,827.9
1990-01-18,-0.034,0.7357,-0.5803,-1.9698,-0.2685,수축(Risk-Off),0.0,0.0,830.0
1990-01-19,-0.0183,0.8721,-0.5739,-1.8544,-0.21,수축(Risk-Off),0.0,0.0,831.35
1990-01-22,-0.5011,0.5641,-0.8009,-1.9064,-0.5205,수축(Risk-Off),0.0,0.0,820.55
1990-01-23,-0.5685,0.5265,-0.6736,-1.6314,-0.4805,수축(Risk-Off),0.0,0.0,819.4
1990-01-24,-0.4815,0.886,-0.3571,-1.5234,-0.2648,수축(Risk-Off),0.0,0.0,822.25
1990-01-25,-0.698,0.8205,-0.4192,-1.4897,-0.3674,수축(Risk-Off),0.0,0.0,815.9
1990-01-26,-0.7181,0.7516,-0.5944,-1.8083,-0.4832,수축(Risk-Off),0.0,0.0,815.95
1990-01-29,-0.7407,0.8187,-0.4823,-1.7511,-0.4378,수축(Risk-Off),0.0,0.0,815.85
1990-01-30,-0.8418,1.0638,-0.2715,-1.7727,-0.3625,수축(Risk-Off),0.0,0.0,814.35
1990-01-31,-0.8131,0.8065,-0.1675,-1.3186,-0.3226,수축(Risk-Off),0.0,0.0,819.65
1990-02-01,-0.8373,0.8305,-0.0932,-1.205,-0.2895,수축(Risk-Off),0.0,0.0,819.25
1990-02-02,-0.6429,1.3929,-0.1103,-1.3226,-0.1027,중립(Neutral),0.5,0.0,821.65
1990-02-05,-0.5167,1.4754,-0.1669,-1.4315,-0.0684,중립(Neutral),0.5,0.0,822.55
1990-02-06,-0.6297,1.414,-0.1612,-1.6446,-0.1539,중립(Neutral),0.5,0.0,819.4
1990-02-07,-0.2988,1.4845,-0.0207,-1.564,0.0268,중립(Neutral),0.5,0.0,824.95
1990-02-08,-0.315,1.2276,-0.0603,-1.3327,-0.0183,중립(Neutral),0.5,0.0,824.45
1990-02-09,-0.3463,0.7798,0.0463,-0.5829,-0.0021,중립(Neutral),0.5,0.0,823.55
1990-02-12,-0.2919,0.868,-0.1202,-0.5964,-0.0047,중립(Neutral),0.5,0.0,819.9
1990-02-13,-0.198,0.8308,-0.053,-0.3974,0.0655,중립(Neutral),0.5,0.0,821.8
1990-02-14,-0.206,0.6697,0.0799,-0.4762,0.0439,중립(Neutral),0.5,0.0,822.45
1990-02-15,-0.0587,1.0538,0.3173,-0.4519,0.2545,확장(Risk-On),1.0,0.0,825.3
1990-02-16,-0.2143,0.9658,0.2255,-0.4691,0.1524,중립(Neutral),0.5,0.0,822.35
1990-02-20,-0.3988,1.1907,0.1165,-0.992,0.0384,중립(Neutral),0.5,0.0,817.9
1990-02-21,-0.1296,1.1416,0.3056,-1.0496,0.159,중립(Neutral),0.5,0.0,818.45
1990-02-22,-0.1786,0.6102,0.18,-0.5752,0.0488,중립(Neutral),0.5,0.0,815.9
1990-02-23,-0.3118,0.5683,0.0838,-0.5905,-0.0347,중립(Neutral),0.5,0.0,814.65
1990-02-26,-0.0355,0.5298,-0.001,-0.2252,0.086,중립(Neutral),0.5,0.0,819.0
1990-02-27,0.0143,0.4573,0.0408,-0.1933,0.1005,중립(Neutral),0.5,0.0,820.5
1990-02-28,0.0665,0.6325,0.0642,-0.284,0.1549,중립(Neutral),0.5,0.0,822.1
1990-03-01,0.1439,0.7949,-0.2346,-0.6854,0.0876,중립(Neutral),0.5,0.5,822.95
1990-03-02,0.0645,0.8434,-0.1776,-0.6371,0.0934,중립(Neutral),0.5,0.5,825.05
1990-03-05,-0.0315,0.9607,-0.2034,-0.7711,0.0627,중립(Neutral),0.5,0.5,823.65
1990-03-06,0.0945,0.948,0.0777,-0.528,0.2103,확장(Risk-On),1.0,0.5,828.35
1990-03-07,0.0116,0.9557,0.0372,-0.4687,0.182,중립(Neutral),0.5,0.5,826.1
1990-03-08,0.2337,1.0342,0.2136,-0.4683,0.3235,확장(Risk-On),1.0,0.5,829.7
1990-03-09,0.0148,0.9804,-0.0683,-0.77,0.1177,중립(Neutral),0.5,0.5,827.2
1990-03-12,0.0476,0.9404,-0.2729,-0.9838,0.036,중립(Neutral),0.5,0.5,827.8
1990-03-13,-0.072,1.2049,-0.3158,-1.028,0.0429,중립(Neutral),0.5,0.5,824.7
1990-03-14,0.0228,1.0461,-0.1257,-0.8214,0.1149,중립(Neutral),0.5,0.5,826.5
1990-03-15,0.0558,1.4632,-0.0117,-0.8526,0.2545,확장(Risk-On),1.0,0.5,827.35
1990-03-16,0.2157,1.3486,0.0768,-0.4065,0.3709,확장(Risk-On),1.0,0.5,830.4
1990-03-19,0.2457,1.4341,0.0413,-0.4752,0.3836,확장(Risk-On),1.0,0.5,832.75
1990-03-20,0.3116,1.1366,0.0072,-0.1575,0.3714,확장(Risk-On),1.0,0.5,830.75
1990-03-21,0.2867,0.8871,-0.1884,-0.1787,0.2482,확장(Risk-On),1.0,0.5,827.35
1990-03-22,0.1437,0.5197,-0.4439,-0.1718,0.0435,중립(Neutral),0.5,0.5,824.25
1990-03-23,0.2357,0.4549,-0.4427,-0.1609,0.0614,중립(Neutral),0.5,0.5,825.95
1990-03-26,0.2737,0.4737,-0.2354,-0.2517,0.1176,중립(Neutral),0.5,0.5,826.9
1990-03-27,0.3276,0.5594,-0.1533,-0.4159,0.1538,중립(Neutral),0.5,0.5,830.7
1990-03-28,0.2883,0.2895,-0.2273,-0.2508,0.0788,중립(Neutral),0.5,0.5,831.05
1990-03-29,0.1416,0.4142,-0.2203,-0.3993,0.0381,중립(Neutral),0.5,0.5,829.05
1990-03-30,-0.0031,0.3327,-0.369,-0.6679,-0.1104,중립(Neutral),0.5,0.5,826.6
1990-04-02,-0.1109,0.2353,-0.243,-0.4461,-0.1077,중립(Neutral),0.5,0.5,827.05
1990-04-03,0.1507,0.3165,-0.3759,-0.4271,-0.0262,중립(Neutral),0.5,0.5,832.5
1990-04-04,-0.0888,-0.0069,-0.2808,-0.3385,-0.1538,중립(Neutral),0.5,0.5,828.35
1990-04-05,0.0538,0.1482,-0.0755,-0.3966,-0.0225,중립(Neutral),0.5,0.5,829.4
1990-04-06,-0.0796,0.1205,-0.1523,-0.3863,-0.0938,중립(Neutral),0.5,0.5,828.85
1990-04-09,0.0656,0.266,0.0776,-0.4037,0.0483,중립(Neutral),0.5,0.5,829.55
1990-04-10,0.059,0.3708,0.0859,-0.4003,0.0748,중립(Neutral),0.5,0.5,829.45
1990-04-11,0.1857,0.5229,0.1596,-0.4525,0.1678,중립(Neutral),0.5,0.5,830.35
1990-04-12,0.3932,0.4538,0.3127,-0.449,0.2619,확장(Risk-On),1.0,0.5,833.25
1990-04-16,0.1967,0.2114,0.1661,-0.7106,0.0566,중립(Neutral),0.5,0.5,832.0
1990-04-17,0.2181,0.6424,0.4791,-1.0092,0.2053,확장(Risk-On),1.0,0.5,832.35
1990-04-18,0.0176,0.5731,0.4526,-1.1765,0.0861,중립(Neutral),0.5,0.5,828.05
1990-04-19,-0.0922,0.5707,0.444,-1.2021,0.0411,중립(Neutral),0.5,0.5,824.75
1990-04-20,0.0012,0.4187,0.3833,-1.4249,-0.0128,중립(Neutral),0.5,0.5,821.55
1990-04-23,-0.2007,0.1316,0.31,-1.532,-0.1897,중립(Neutral),0.5,0.5,817.8
1990-04-24,-0.2822,0.4804,0.1657,-1.5677,-0.1724,중립(Neutral),0.5,0.5,817.6
1990-04-25,-0.2134,0.503,0.3856,-1.6248,-0.0962,중립(Neutral),0.5,0.5,819.4
1990-04-26,-0.1757,0.5039,0.2282,-1.5764,-0.1149,중립(Neutral),0.5,0.5,820.45
1990-04-27,-0.4362,0.3226,0.1654,-1.414,-0.2428,수축(Risk-Off),0.0,0.5,814.0
1990-04-30,-0.1655,0.7172,0.2748,-1.4896,-0.0334,중립(Neutral),0.5,0.5,817.25
1990-05-01,-0.186,0.6239,0.273,-1.615,-0.0831,중립(Neutral),0.5,0.5,818.8
1990-05-02,-0.1611,0.8013,0.3841,-1.7998,-0.03,중립(Neutral),0.5,0.5,822.1
1990-05-03,-0.0661,0.691,0.2207,-1.6779,-0.0469,중립(Neutral),0.5,0.5,822.3
1990-05-04,0.0308,0.6719,0.4861,-1.0505,0.1427,중립(Neutral),0.5,0.5,825.05
1990-05-07,0.2382,0.9749,0.5557,-1.1301,0.2965,확장(Risk-On),1.0,0.5,827.65
1990-05-08,0.2622,0.8983,0.7695,-1.0606,0.3497,확장(Risk-On),1.0,0.5,830.25
1990-05-09,0.255,0.6711,0.8156,-1.2392,0.2751,확장(Risk-On),1.0,0.5,830.1
1990-05-10,0.1943,0.7154,0.7836,-0.9155,0.3054,확장(Risk-On),1.0,0.5,830.2
1990-05-11,0.5769,0.4904,1.0367,-0.4989,0.5089,확장(Risk-On),1.0,0.5,839.4
1990-05-14,0.6871,0.6498,1.2296,-0.4946,0.6361,확장(Risk-On),1.0,0.5,842.05
1990-05-15,0.6933,0.6396,1.4245,-0.5978,0.669,확장(Risk-On),1.0,0.5,841.65
1990-05-16,0.575,0.9528,1.3015,-0.6257,0.671,확장(Risk-On),1.0,0.5,840.5
1990-05-17,0.7479,1.1549,1.3285,-0.5957,0.7932,확장(Risk-On),1.0,0.5,841.1
1990-05-18,0.8827,1.3072,1.2673,-0.628,0.8584,확장(Risk-On),1.0,0.5,840.75
1990-05-21,1.162,1.476,1.2677,-0.6119,1.0008,확장(Risk-On),1.0,0.5,844.15
1990-05-22,1.3871,1.1383,1.2345,-0.5598,0.9947,확장(Risk-On),1.0,0.5,845.95
1990-05-23,1.4077,0.9461,1.3895,-0.5723,0.9907,확장(Risk-On),1.0,0.5,845.9
1990-05-24,1.2325,0.7392,1.4068,-0.5875,0.8797,확장(Risk-On),1.0,0.5,845.0
1990-05-25,0.9577,0.8789,1.3429,-0.6313,0.796,확장(Risk-On),1.0,0.5,840.5
1990-05-29,1.3762,0.5619,1.5375,-0.5934,0.9175,확장(Risk-On),1.0,0.5,847.75
1990-05-30,1.3205,0.5146,1.4145,-0.5358,0.8641,확장(Risk-On),1.0,0.5,848.15
1990-05-31,1.1654,0.6131,1.3628,-0.5658,0.817,확장(Risk-On),1.0,0.5,846.9
1990-06-01,1.2244,0.3301,1.4253,-0.4143,0.8052,확장(Risk-On),1.0,1.0,848.7
1990-06-04,1.3636,0.2514,1.6587,-0.4175,0.8921,확장(Risk-On),1.0,1.0,853.9
1990-06-05,1.2568,0.2647,1.6914,-0.4561,0.8605,확장(Risk-On),1.0,1.0,852.9
1990-06-06,1.0622,0.3838,1.8538,-0.4918,0.8574,확장(Risk-On),1.0,1.0,851.1
1990-06-07,0.9314,0.4371,1.729,-0.485,0.7948,확장(Risk-On),1.0,1.0,849.05
1990-06-08,0.7041,0.2308,1.4574,-0.5269,0.5894,확장(Risk-On),1.0,1.0,844.55
1990-06-11,0.9177,0.5418,1.4204,-0.5273,0.7327,확장(Risk-On),1.0,1.0,847.9
1990-06-12,0.8305,0.5693,1.6503,-0.5312,0.7659,확장(Risk-On),1.0,1.0,851.6
1990-06-13,0.7306,0.4505,1.6391,-0.4557,0.7098,확장(Risk-On),1.0,1.0,850.4
1990-06-14,0.6032,0.2868,1.8529,-0.3909,0.6874,확장(Risk-On),1.0,1.0,848.5
1990-06-15,0.5758,0.5479,1.8994,-0.335,0.7631,확장(Risk-On),1.0,1.0,847.95
1990-06-18,0.2999,0.2723,1.6558,-0.3745,0.5308,확장(Risk-On),1.0,1.0,841.9
1990-06-19,0.4376,0.4804,1.6104,-0.4082,0.6146,확장(Risk-On),1.0,1.0,843.6
1990-06-20,0.4219,0.5373,1.5712,-0.4215,0.6115,확장(Risk-On),1.0,1.0,844.4
1990-06-21,0.4337,0.5584,1.6306,-0.3801,0.642,확장(Risk-On),1.0,1.0,846.9
1990-06-22,0.1157,0.001,1.4564,-0.3541,0.3517,확장(Risk-On),1.0,1.0,840.15
1990-06-25,-0.0369,0.1734,1.2775,-0.4256,0.286,확장(Risk-On),1.0,1.0,837.6
1990-06-26,0.016,0.2671,1.5289,-0.3866,0.3966,확장(Risk-On),1.0,1.0,835.95
1990-06-27,0.0702,0.1357,1.6774,-0.3451,0.4261,확장(Risk-On),1.0,1.0,839.45
1990-06-28,0.2278,0.3146,1.8449,-0.306,0.5737,확장(Risk-On),1.0,1.0,842.15
1990-06-29,0.2553,0.2607,1.6336,-0.2632,0.5235,확장(Risk-On),1.0,1.0,842.35
1990-07-02,0.2115,0.3696,1.9451,-0.2669,0.6127,확장(Risk-On),1.0,1.0,844.4
1990-07-03,0.1269,0.3261,1.769,-0.2071,0.5371,확장(Risk-On),1.0,1.0,844.0
1990-07-05,-0.0786,0.0375,1.7621,-0.1729,0.3965,확장(Risk-On),1.0,1.0,839.8
1990-07-06,0.0652,0.1835,1.7308,-0.3369,0.4509,확장(Risk-On),1.0,1.0,842.25
1990-07-09,0.1343,0.2096,1.8648,-0.4438,0.499,확장(Risk-On),1.0,1.0,843.1
1990-07-10,0.1138,0.0414,2.0338,-0.3757,0.5023,확장(Risk-On),1.0,1.0,840.5
1990-07-11,0.2347,0.1515,2.1768,-0.3532,0.6112,확장(Risk-On),1.0,1.0,845.4
1990-07-12,0.2662,0.0914,2.1602,-0.3054,0.6103,확장(Risk-On),1.0,1.0,849.45
1990-07-13,0.3597,0.0595,2.1526,-0.2826,0.6365,확장(Risk-On),1.0,1.0,850.9
1990-07-16,0.4925,0.028,2.1118,-0.0376,0.7017,확장(Risk-On),1.0,1.0,852.3
1990-07-17,0.396,0.1357,2.3655,0.0,0.7639,확장(Risk-On),1.0,1.0,850.4
1990-07-18,0.4683,-0.2143,2.5145,0.0,0.739,확장(Risk-On),1.0,1.0,847.15
1990-07-19,0.5192,-0.1751,2.457,-0.0075,0.7511,확장(Risk-On),1.0,1.0,848.45
1990-07-20,0.3891,-0.1112,2.1218,0.0413,0.645,확장(Risk-On),1.0,1.0,844.8
1990-07-23,0.0761,-0.5659,1.824,-0.0341,0.336,확장(Risk-On),1.0,1.0,837.8
1990-07-24,0.2015,-0.3765,2.0522,-0.0938,0.4754,확장(Risk-On),1.0,1.0,837.65
1990-07-25,0.2972,-0.3819,1.8127,0.0,0.4617,확장(Risk-On),1.0,1.0,839.65
1990-07-26,0.2625,-0.5079,1.7463,0.03,0.406,확장(Risk-On),1.0,1.0,838.25
1990-07-27,0.1223,-0.7638,1.7085,0.1151,0.2962,확장(Risk-On),1.0,1.0,835.5
1990-07-30,0.16,-0.8229,1.879,0.1828,0.3474,확장(Risk-On),1.0,1.0,838.25
1990-07-31,0.1326,-0.6073,1.8055,0.124,0.3646,확장(Risk-On),1.0,1.0,838.6
1990-08-01,-0.0095,-0.8471,1.5154,0.0557,0.1721,중립(Neutral),0.5,1.0,837.45
1990-08-02,-0.1487,-0.6163,1.1229,0.0269,0.0786,중립(Neutral),0.5,1.0,833.9
1990-08-03,-0.4191,-1.3251,0.9275,-0.0431,-0.2526,수축(Risk-Off),0.0,1.0,826.65
1990-08-06,-0.9094,-1.41,0.6338,-0.4134,-0.5743,수축(Risk-Off),0.0,1.0,814.4
1990-08-07,-0.8814,-1.119,0.3578,-0.4973,-0.5734,수축(Risk-Off),0.0,1.0,817.2
1990-08-08,-0.7429,-0.8431,0.2824,-0.565,-0.4849,수축(Risk-Off),0.0,1.0,819.55
1990-08-09,-0.7502,-0.7385,0.3529,-0.279,-0.4008,수축(Risk-Off),0.0,1.0,821.4
1990-08-10,-1.0929,-0.8554,0.0348,-0.3984,-0.6474,수축(Risk-Off),0.0,1.0,817.3
1990-08-13,-1.0651,-0.8445,0.1407,-0.5036,-0.6243,수축(Risk-Off),0.0,1.0,819.8
1990-08-14,-1.0478,-0.8308,0.2396,-0.4473,-0.5816,수축(Risk-Off),0.0,1.0,820.75
1990-08-15,-0.9657,-0.7486,0.3939,-0.3059,-0.4726,수축(Risk-Off),0.0,1.0,821.65
1990-08-16,-1.2277,-0.9009,0.027,-0.6395,-0.7441,수축(Risk-Off),0.0,1.0,811.75
1990-08-17,-1.3211,-1.0414,-0.2659,-0.7256,-0.898,수축(Risk-Off),0.0,1.0,808.65
1990-08-20,-1.2589,-0.5818,-0.1342,-0.6623,-0.719,수축(Risk-Off),0.0,1.0,809.7
1990-08-21,-1.3738,-0.8559,-0.0893,-0.6415,-0.8133,수축(Risk-Off),0.0,1.0,803.5
1990-08-22,-1.6687,-1.1489,-0.2493,-0.824,-1.0572,수축(Risk-Off),0.0,1.0,797.2
1990-08-23,-1.9811,-1.4117,-0.1556,-1.0749,-1.2465,수축(Risk-Off),0.0,1.0,786.25
1990-08-24,-1.6218,-1.0382,-0.0219,-1.2997,-1.0276,수축(Risk-Off),0.0,1.0,793.0
1990-08-27,-1.2349,-0.6435,0.4586,-1.1616,-0.6527,수축(Risk-Off),0.0,1.0,802.8
1990-08-28,-1.3203,-0.6851,0.4247,-1.1144,-0.6944,수축(Risk-Off),0.0,1.0,802.65
1990-08-29,-1.2721,-0.6977,0.4764,-0.9789,-0.6474,수축(Risk-Off),0.0,1.0,803.85
1990-08-30,-1.4403,-0.8759,0.2016,-0.7825,-0.7901,수축(Risk-Off),0.0,1.0,798.55
1990-08-31,-1.286,-0.4174,0.1641,-0.7655,-0.6282,수축(Risk-Off),0.0,1.0,802.55
1990-09-04,-1.0841,0.0395,0.2839,-0.4125,-0.3605,수축(Risk-Off),0.0,0.0,804.25
1990-09-05,-0.835,-0.1562,0.3427,-0.2571,-0.2842,수축(Risk-Off),0.0,0.0,804.85
1990-09-06,-1.0006,-0.5642,0.1498,-0.1991,-0.4837,수축(Risk-Off),0.0,0.0,800.75
1990-09-07,-0.8977,-0.5539,0.1292,-0.3422,-0.4717,수축(Risk-Off),0.0,0.0,803.65
1990-09-10,-1.0352,-0.4545,0.051,-0.4003,-0.5232,수축(Risk-Off),0.0,0.0,801.45
1990-09-11,-0.9692,-0.4918,0.0445,-0.3803,-0.5081,수축(Risk-Off),0.0,0.0,801.75
1990-09-12,-0.9984,-0.5068,0.1498,-0.4336,-0.5037,수축(Risk-Off),0.0,0.0,802.05
1990-09-13,-1.1244,-0.6974,0.074,-0.4655,-0.6192,수축(Risk-Off),0.0,0.0,798.25
1990-09-14,-1.2258,-0.6241,0.112,-0.3629,-0.6115,수축(Risk-Off),0.0,0.0,795.8
1990-09-17,-0.9377,-0.5155,0.1018,-0.3811,-0.4888,수축(Risk-Off),0.0,0.0,797.45
1990-09-18,-0.9035,-0.4267,0.2425,-0.3043,-0.4079,수축(Risk-Off),0.0,0.0,797.95
1990-09-19,-1.0171,-0.3795,0.181,-0.1931,-0.4346,수축(Risk-Off),0.0,0.0,795.05
1990-09-20,-1.0749,-0.2984,-0.0171,-0.1568,-0.4786,수축(Risk-Off),0.0,0.0,790.75
1990-09-21,-0.8823,-0.0565,-0.1777,-0.2153,-0.3997,수축(Risk-Off),0.0,0.0,790.95
1990-09-24,-0.8976,-0.2333,-0.3695,-0.3244,-0.5135,수축(Risk-Off),0.0,0.0,783.65
1990-09-25,-0.8563,-0.2623,-0.3435,-0.4532,-0.5192,수축(Risk-Off),0.0,0.0,787.65
1990-09-26,-1.1752,-0.3576,-0.6061,-0.3774,-0.7089,수축(Risk-Off),0.0,0.0,784.65
1990-09-27,-1.3687,-0.5886,-0.6863,-0.3075,-0.8439,수축(Risk-Off),0.0,0.0,779.05
1990-09-28,-1.2637,-0.4918,-0.5245,-0.1149,-0.7136,수축(Risk-Off),0.0,0.0,783.1
1990-10-01,-0.7963,-0.4644,-0.0409,-0.027,-0.4091,수축(Risk-Off),0.0,0.0,794.6
1990-10-02,-0.8634,-0.517,-0.1809,0.0,-0.4767,수축(Risk-Off),0.0,0.0,794.7
1990-10-03,-0.9876,-0.6272,-0.3156,-0.0068,-0.5824,수축(Risk-Off),0.0,0.0,790.05
1990-10-04,-0.9876,-0.5959,-0.2135,0.0338,-0.5429,수축(Risk-Off),0.0,0.0,791.65
1990-10-05,-0.9592,-0.7007,-0.1772,0.1091,-0.5388,수축(Risk-Off),0.0,0.0,791.2
1990-10-08,-0.8998,-0.5911,-0.1708,0.1537,-0.4824,수축(Risk-Off),0.0,0.0,793.75
1990-10-09,-1.1948,-0.7462,-0.1053,0.0526,-0.6232,수축(Risk-Off),0.0,0.0,782.1
1990-10-10,-1.3326,-0.7495,-0.1421,0.0159,-0.6869,수축(Risk-Off),0.0,0.0,778.55
1990-10-11,-1.3517,-0.8629,-0.2651,-0.0976,-0.7697,수축(Risk-Off),0.0,0.0,773.7
1990-10-12,-1.2375,-0.7653,-0.0715,0.1298,-0.6229,수축(Risk-Off),0.0,0.0,778.05
1990-10-15,-1.0481,-0.6769,0.1796,0.1526,-0.4683,수축(Risk-Off),0.0,0.0,782.35
1990-10-16,-1.1926,-0.7065,0.4156,0.198,-0.4604,수축(Risk-Off),0.0,0.0,777.6
1990-10-17,-1.2528,-0.8383,0.3728,0.2149,-0.5226,수축(Risk-Off),0.0,0.0,776.95
1990-10-18,-0.9401,-0.6205,0.4707,0.2377,-0.3308,수축(Risk-Off),0.0,0.0,784.5
1990-10-19,-0.6586,-0.4523,0.5811,0.3082,-0.1521,중립(Neutral),0.5,0.0,789.4
1990-10-22,-0.5848,-0.2543,0.5201,0.3146,-0.091,중립(Neutral),0.5,0.0,791.85
1990-10-23,-0.5343,-0.2951,0.3222,0.2807,-0.1381,중립(Neutral),0.5,0.0,790.15
1990-10-24,-0.5138,-0.3643,0.2623,0.1356,-0.185,중립(Neutral),0.5,0.0,791.8
1990-10-25,-0.5459,-0.3888,0.3152,0.1896,-0.181,중립(Neutral),0.5,0.0,787.75
1990-10-26,-0.6263,-0.5584,0.4678,0.1565,-0.2184,수축(Risk-Off),0.0,0.0,782.6
1990-10-29,-0.7871,-0.5886,0.4596,0.1761,-0.2814,수축(Risk-Off),0.0,0.0,780.35
1990-10-30,-0.9316,-0.6919,0.5298,0.1316,-0.3469,수축(Risk-Off),0.0,0.0,782.55
1990-10-31,-0.8697,-0.7965,0.4604,0.04,-0.3824,수축(Risk-Off),0.0,0.0,783.15
1990-11-01,-0.6826,-0.9465,0.4901,0.075,-0.3418,수축(Risk-Off),0.0,0.0,784.8
1990-11-02,-0.4255,-0.754,0.6472,0.1179,-0.158,중립(Neutral),0.5,0.0,789.55
1990-11-05,-0.3936,-0.7431,0.944,0.189,-0.0592,중립(Neutral),0.5,0.0,791.75
1990-11-06,-0.5763,-0.5842,0.7191,0.193,-0.1391,중립(Neutral),0.5,0.0,788.15
1990-11-07,-0.5324,-0.6376,0.6587,0.1831,-0.1536,중립(Neutral),0.5,0.0,783.6
1990-11-08,-0.3809,-0.3734,0.4441,0.1713,-0.09,중립(Neutral),0.5,0.0,786.15
1990-11-09,-0.1669,-0.3066,0.8108,0.1752,0.0939,중립(Neutral),0.5,0.0,791.9
1990-11-12,-0.0868,-0.2637,0.8705,0.2212,0.1545,중립(Neutral),0.5,0.0,796.85
1990-11-13,-0.2145,-0.2621,0.8037,0.2453,0.0971,중립(Neutral),0.5,0.0,795.5
1990-11-14,0.0284,-0.0632,0.9536,0.3143,0.2797,확장(Risk-On),1.0,0.0,798.05
1990-11-15,-0.0464,-0.1963,0.9675,0.2704,0.2171,확장(Risk-On),1.0,0.0,794.4
1990-11-16,-0.139,-0.1642,1.1241,0.2922,0.2352,확장(Risk-On),1.0,0.0,795.65
1990-11-19,-0.1071,-0.2471,1.1115,0.2508,0.2162,확장(Risk-On),1.0,0.0,797.5
1990-11-20,-0.241,-0.2225,0.6334,0.1492,0.0407,중립(Neutral),0.5,0.0,793.15
1990-11-21,-0.0757,-0.3388,0.612,0.1929,0.0707,중립(Neutral),0.5,0.0,794.2
1990-11-23,-0.261,-0.1686,0.4943,0.2159,0.0225,중립(Neutral),0.5,0.0,791.85
1990-11-26,-0.2007,-0.0943,0.6613,0.2303,0.106,중립(Neutral),0.5,0.0,794.55
1990-11-27,-0.0501,-0.023,0.724,0.1976,0.1873,중립(Neutral),0.5,0.0,796.0
1990-11-28,-0.0478,-0.1999,0.6845,0.1811,0.1316,중립(Neutral),0.5,0.0,795.6
1990-11-29,-0.138,-0.2947,0.3187,0.1721,-0.0165,중립(Neutral),0.5,0.0,793.1
1990-11-30,0.0526,0.035,0.5346,0.2204,0.1939,중립(Neutral),0.5,0.0,800.4
1990-12-03,0.0269,-0.0365,0.4878,0.1843,0.1499,중립(Neutral),0.5,0.5,800.75
1990-12-04,0.0672,-0.0219,0.5611,0.177,0.1849,중립(Neutral),0.5,0.5,804.55
1990-12-05,0.1914,0.0314,0.7086,0.2899,0.2955,확장(Risk-On),1.0,0.5,808.15
1990-12-06,0.1803,0.0408,0.7448,0.3067,0.3055,확장(Risk-On),1.0,0.5,806.85
1990-12-07,0.209,-0.0592,0.829,0.428,0.3298,확장(Risk-On),1.0,0.5,804.6
1990-12-10,0.1916,-0.5759,0.7446,0.5053,0.185,중립(Neutral),0.5,0.5,806.0
1990-12-11,0.044,-0.8572,0.7397,0.5155,0.0633,중립(Neutral),0.5,0.5,804.9
1990-12-12,0.1091,-0.7151,0.7316,0.5284,0.1216,중립(Neutral),0.5,0.5,807.85
1990-12-13,0.1086,-0.8704,0.8092,0.523,0.1011,중립(Neutral),0.5,0.5,806.25
1990-12-14,-0.0154,-0.8859,0.8182,0.417,0.0402,중립(Neutral),0.5,0.5,803.4
1990-12-17,0.0305,-1.2292,0.8158,0.4199,-0.0297,중립(Neutral),0.5,0.5,802.9
1990-12-18,0.1708,-1.0299,1.1113,0.408,0.1414,중립(Neutral),0.5,0.5,806.85
1990-12-19,0.1337,-1.1228,0.893,0.3481,0.0416,중립(Neutral),0.5,0.5,805.65
1990-12-20,0.2375,-0.8696,0.9698,0.3013,0.1534,중립(Neutral),0.5,0.5,806.6
1990-12-21,0.3724,-0.5447,1.0204,0.2323,0.2841,확장(Risk-On),1.0,0.5,808.5
1990-12-24,0.2321,-0.3805,0.764,0.1426,0.1985,중립(Neutral),0.5,0.5,804.95
1990-12-26,0.3177,-0.483,0.3262,0.3057,0.1179,중립(Neutral),0.5,0.5,807.5
1990-12-27,0.2322,-0.558,0.2974,0.3712,0.0718,중립(Neutral),0.5,0.5,804.55
1990-12-28,0.1915,-0.4317,0.4352,0.3482,0.1201,중립(Neutral),0.5,0.5,805.4
1990-12-31,0.0729,-0.7589,0.2393,0.3816,-0.0471,중립(Neutral),0.5,0.5,804.4
1991-01-02,-0.2108,-0.8795,0.2714,0.4053,-0.165,중립(Neutral),0.5,0.5,800.6
1991-01-03,-0.2347,-1.1684,0.2935,0.4067,-0.2399,수축(Risk-Off),0.0,0.5,797.9
1991-01-04,-0.4226,-1.0908,0.2005,0.3436,-0.3189,수축(Risk-Off),0.0,0.5,797.0
1991-01-07,-0.6903,-1.1475,-0.1474,0.2319,-0.5306,수축(Risk-Off),0.0,0.5,791.3
1991-01-08,-0.7173,-1.2791,0.0676,-0.0555,-0.5623,수축(Risk-Off),0.0,0.5,790.95
1991-01-09,-0.7068,-1.4903,-0.1015,-0.4145,-0.7075,수축(Risk-Off),0.0,0.5,786.4
1991-01-10,-0.4839,-1.2991,-0.3324,-0.2557,-0.6156,수축(Risk-Off),0.0,0.5,789.75
1991-01-11,-0.3837,-1.4928,-0.514,-0.3258,-0.6849,수축(Risk-Off),0.0,0.5,789.95
1991-01-14,-0.6065,-1.6667,-0.6856,-0.2592,-0.8393,수축(Risk-Off),0.0,0.5,788.1
1991-01-15,-0.6349,-1.6977,-0.7559,-0.117,-0.8532,수축(Risk-Off),0.0,0.5,788.1
1991-01-16,-0.3466,-1.2768,-0.8522,-0.1711,-0.6792,수축(Risk-Off),0.0,0.5,791.9
1991-01-17,0.2535,-0.7052,0.0517,0.2249,-0.0409,중립(Neutral),0.5,0.5,805.75
1991-01-18,0.2192,-0.4686,0.2198,0.2207,0.0476,중립(Neutral),0.5,0.5,807.65
1991-01-21,0.1548,-0.3693,0.1237,0.2276,0.0269,중립(Neutral),0.5,0.5,806.7
1991-01-22,-0.0338,-0.3985,0.1986,0.1627,-0.0374,중립(Neutral),0.5,0.5,803.6
1991-01-23,0.0476,-0.164,0.3115,0.2676,0.0937,중립(Neutral),0.5,0.5,805.15
1991-01-24,0.3163,-0.0176,0.5775,0.3289,0.3,확장(Risk-On),1.0,0.5,810.55
1991-01-25,0.3567,0.1202,0.6147,0.4811,0.3807,확장(Risk-On),1.0,0.5,811.65
1991-01-28,0.4456,0.0335,0.6175,0.5412,0.3999,확장(Risk-On),1.0,0.5,810.5
1991-01-29,0.421,0.0961,0.6404,0.5689,0.4168,확장(Risk-On),1.0,0.5,810.45
1991-01-30,0.6347,0.3472,0.5896,0.4059,0.5172,확장(Risk-On),1.0,0.5,816.0
1991-01-31,0.7876,0.5001,0.5483,0.4026,0.5981,확장(Risk-On),1.0,0.5,818.4
1991-02-01,0.7773,0.3945,0.7325,0.5855,0.6417,확장(Risk-On),1.0,1.0,817.15
1991-02-04,0.9797,0.4398,0.9308,0.5921,0.7744,확장(Risk-On),1.0,1.0,822.7
1991-02-05,1.1882,0.5405,1.1459,0.5993,0.9274,확장(Risk-On),1.0,1.0,826.55
1991-02-06,1.5069,0.6239,1.2676,0.7086,1.1066,확장(Risk-On),1.0,1.0,833.6
1991-02-07,1.6005,0.4127,1.0545,0.7237,1.0355,확장(Risk-On),1.0,1.0,831.65
1991-02-08,1.6304,0.5291,1.114,0.7668,1.0964,확장(Risk-On),1.0,1.0,834.45
1991-02-11,1.7328,0.8928,1.1777,0.7696,1.2395,확장(Risk-On),1.0,1.0,843.65
1991-02-12,1.6081,0.907,1.1419,0.8337,1.2001,확장(Risk-On),1.0,1.0,840.05
1991-02-13,1.6722,1.0039,1.0866,0.8976,1.2426,확장(Risk-On),1.0,1.0,844.0
1991-02-14,1.4949,0.5344,0.9572,0.9103,1.0326,확장(Risk-On),1.0,1.0,839.1
1991-02-15,1.4531,0.7858,1.061,0.8217,1.0936,확장(Risk-On),1.0,1.0,843.2
1991-02-19,1.4238,0.7555,0.9489,0.8188,1.0473,확장(Risk-On),1.0,1.0,843.9
1991-02-20,1.2922,0.4709,0.9666,0.704,0.9173,확장(Risk-On),1.0,1.0,840.25
1991-02-21,1.3899,0.6023,1.06,0.7028,1.0075,확장(Risk-On),1.0,1.0,839.65
1991-02-22,1.3578,0.5218,1.0026,0.6683,0.9566,확장(Risk-On),1.0,1.0,840.6
1991-02-25,1.3144,0.2468,0.9735,0.7212,0.8733,확장(Risk-On),1.0,1.0,841.8
1991-02-26,1.0852,0.6081,1.1166,0.6247,0.9047,확장(Risk-On),1.0,1.0,837.55
1991-02-27,1.2991,0.5265,1.0316,0.6097,0.9357,확장(Risk-On),1.0,1.0,842.85
1991-02-28,1.2003,0.472,0.8868,0.5274,0.8389,확장(Risk-On),1.0,1.0,840.55
1991-03-01,1.2879,0.5497,0.7939,0.2276,0.8208,확장(Risk-On),1.0,1.0,845.0
1991-03-04,1.0738,0.5596,0.6122,0.0097,0.6703,확장(Risk-On),1.0,1.0,843.4
1991-03-05,1.3539,0.7035,0.6548,0.0398,0.8194,확장(Risk-On),1.0,1.0,851.1
1991-03-06,1.1623,0.8185,0.4863,-0.0823,0.7207,확장(Risk-On),1.0,1.0,850.35
1991-03-07,1.0257,0.7789,0.5114,0.0802,0.6936,확장(Risk-On),1.0,1.0,849.4
1991-03-08,0.8911,0.9455,0.4269,-0.0237,0.6514,확장(Risk-On),1.0,1.0,849.1
1991-03-11,0.9037,0.8286,0.3007,0.0719,0.6094,확장(Risk-On),1.0,1.0,847.25
1991-03-12,0.7257,1.0117,0.4035,0.0246,0.6115,확장(Risk-On),1.0,1.0,844.6
1991-03-13,0.7284,1.3753,0.5683,0.188,0.769,확장(Risk-On),1.0,1.0,849.45
1991-03-14,0.67,1.4782,0.6102,0.2595,0.7955,확장(Risk-On),1.0,1.0,847.35
1991-03-15,0.5511,1.5404,0.3883,0.108,0.6913,확장(Risk-On),1.0,1.0,845.95
1991-03-18,0.7055,1.3453,0.4837,-0.0944,0.69,확장(Risk-On),1.0,1.0,846.4
1991-03-19,0.4246,1.2499,0.3316,-0.3127,0.4971,확장(Risk-On),1.0,1.0,840.4
1991-03-20,0.4347,1.2992,0.407,-0.1603,0.5546,확장(Risk-On),1.0,1.0,841.8
1991-03-21,0.4487,1.0124,0.5922,-0.0485,0.5509,확장(Risk-On),1.0,1.0,840.05
1991-03-22,0.5,1.1031,0.5617,-0.0285,0.5869,확장(Risk-On),1.0,1.0,841.6
1991-03-25,0.5021,1.2251,0.5934,-0.0543,0.6222,확장(Risk-On),1.0,1.0,843.25
1991-03-26,0.7439,1.1873,0.6226,0.1034,0.7283,확장(Risk-On),1.0,1.0,850.1
1991-03-27,0.7662,1.2034,0.5665,0.2332,0.7456,확장(Risk-On),1.0,1.0,848.95
1991-03-28,0.6363,1.2217,0.3579,0.4486,0.6849,확장(Risk-On),1.0,1.0,846.65
1991-04-01,0.4734,1.1128,0.4197,0.5955,0.6382,확장(Risk-On),1.0,1.0,844.0
1991-04-02,0.8573,1.1369,0.9898,0.6766,0.9332,확장(Risk-On),1.0,1.0,852.45
1991-04-03,0.6868,1.0833,0.9899,0.7072,0.8648,확장(Risk-On),1.0,1.0,851.05
1991-04-04,0.7738,1.0061,0.9782,0.6921,0.8707,확장(Risk-On),1.0,1.0,852.4
1991-04-05,0.6775,1.0205,0.8993,0.6851,0.8199,확장(Risk-On),1.0,1.0,847.8
1991-04-08,0.8133,1.0571,0.8872,0.7007,0.8758,확장(Risk-On),1.0,1.0,851.5
1991-04-09,0.6879,0.5126,1.0842,0.6266,0.734,확장(Risk-On),1.0,1.0,846.0
1991-04-10,0.6927,0.5013,1.0427,0.3811,0.6856,확장(Risk-On),1.0,1.0,846.2
1991-04-11,0.7782,0.7996,1.1498,0.3243,0.8084,확장(Risk-On),1.0,1.0,851.5
1991-04-12,0.9771,0.56,0.6386,0.5722,0.7275,확장(Risk-On),1.0,1.0,852.8
1991-04-15,1.0035,0.8864,0.6632,0.6325,0.8335,확장(Risk-On),1.0,1.0,852.8
1991-04-16,1.2032,1.0804,0.9046,0.6384,1.0131,확장(Risk-On),1.0,1.0,859.55
1991-04-17,1.3022,1.1736,0.8316,0.6161,1.0495,확장(Risk-On),1.0,1.0,862.55
1991-04-18,1.2155,1.1519,0.764,0.5466,0.9864,확장(Risk-On),1.0,1.0,861.15
1991-04-19,1.1155,1.1922,0.4056,0.5421,0.8712,확장(Risk-On),1.0,1.0,856.75
1991-04-22,1.0009,0.9732,0.3046,0.4936,0.7438,확장(Risk-On),1.0,1.0,853.7
1991-04-23,0.9224,0.8967,0.4956,0.4706,0.7415,확장(Risk-On),1.0,1.0,853.15
1991-04-24,0.7589,0.9391,0.4325,0.4522,0.6763,확장(Risk-On),1.0,1.0,854.15
1991-04-25,0.6788,0.7786,0.2038,0.4397,0.5491,확장(Risk-On),1.0,1.0,850.6
1991-04-26,0.7161,0.7296,0.0427,0.3962,0.5031,확장(Risk-On),1.0,1.0,850.5
1991-04-29,0.5302,0.6858,-0.0338,0.4256,0.4124,확장(Risk-On),1.0,1.0,845.85
1991-04-30,0.5256,0.6114,0.0717,0.5325,0.4346,확장(Risk-On),1.0,1.0,846.3
1991-05-01,0.5349,0.7311,-0.036,0.5617,0.4452,확장(Risk-On),1.0,1.0,852.0
1991-05-02,0.5689,0.6854,-0.3526,0.5073,0.3584,확장(Risk-On),1.0,1.0,851.8
1991-05-03,0.4794,0.7683,-0.1938,0.3511,0.3641,확장(Risk-On),1.0,1.0,852.2
1991-05-06,0.4779,0.669,-0.1729,0.2349,0.3265,확장(Risk-On),1.0,1.0,851.25
1991-05-07,0.1862,0.7726,-0.4979,0.3062,0.1798,중립(Neutral),0.5,1.0,847.4
1991-05-08,0.4461,0.7798,-0.3501,0.3292,0.3129,확장(Risk-On),1.0,1.0,850.45
1991-05-09,0.529,0.694,-0.3771,0.2833,0.3069,확장(Risk-On),1.0,1.0,855.0
1991-05-10,-0.0458,0.7488,-0.3346,-0.1112,0.0708,중립(Neutral),0.5,1.0,846.4
1991-05-13,0.039,0.5183,-0.474,-0.0377,0.019,중립(Neutral),0.5,1.0,848.15
1991-05-14,-0.1943,0.3707,-0.4957,-0.293,-0.1432,중립(Neutral),0.5,1.0,843.0
1991-05-15,-0.3886,0.2366,-0.4338,-0.2895,-0.2287,수축(Risk-Off),0.0,1.0,840.05
1991-05-16,-0.3721,0.4996,-0.3521,-0.0956,-0.1077,중립(Neutral),0.5,1.0,843.25
1991-05-17,-0.3173,0.4847,-0.5273,0.1949,-0.0925,중립(Neutral),0.5,1.0,844.7
1991-05-20,-0.231,0.5008,-0.4517,0.1949,-0.0393,중립(Neutral),0.5,1.0,843.8
1991-05-21,-0.028,0.6856,-0.2597,0.272,0.1374,중립(Neutral),0.5,1.0,847.4
1991-05-22,-0.0041,0.5978,-0.2413,0.208,0.1189,중립(Neutral),0.5,1.0,847.9
1991-05-23,-0.0754,0.6421,0.1042,0.0883,0.1735,중립(Neutral),0.5,1.0,846.25
1991-05-24,0.1035,0.6813,0.0571,0.0767,0.2324,확장(Risk-On),1.0,1.0,848.8
1991-05-28,0.2077,0.7295,0.0159,0.1456,0.2809,확장(Risk-On),1.0,1.0,853.2
1991-05-29,0.4048,0.6401,-0.1813,0.0662,0.2663,확장(Risk-On),1.0,1.0,854.55
1991-05-30,0.4593,0.5615,-0.1158,0.0595,0.2811,확장(Risk-On),1.0,1.0,857.9
1991-05-31,0.4125,0.6813,-0.0321,-0.2382,0.2709,확장(Risk-On),1.0,1.0,860.1
1991-06-03,0.2753,0.4852,0.0109,-0.3706,0.1648,중립(Neutral),0.5,1.0,858.75
1991-06-04,0.2977,0.7582,0.0214,-0.3532,0.2461,확장(Risk-On),1.0,1.0,859.0
1991-06-05,0.2353,0.6922,-0.0927,-0.3927,0.1733,중립(Neutral),0.5,1.0,856.3
1991-06-06,0.2907,0.6355,-0.236,-0.4626,0.1322,중립(Neutral),0.5,1.0,854.75
1991-06-07,0.0608,0.5966,-0.4701,-0.7025,-0.0525,중립(Neutral),0.5,1.0,850.6
1991-06-10,-0.0874,0.4653,-0.6636,-0.4642,-0.1498,중립(Neutral),0.5,1.0,849.05
1991-06-11,0.1783,0.491,-0.4762,-0.5798,-0.0209,중립(Neutral),0.5,1.0,852.5
1991-06-12,-0.0181,0.4277,-0.4093,-0.5923,-0.0906,중립(Neutral),0.5,1.0,847.5
1991-06-13,0.1554,0.6287,-0.4561,-0.5088,0.0212,중립(Neutral),0.5,1.0,848.6
1991-06-14,0.4087,0.785,-0.2964,-0.2774,0.2236,확장(Risk-On),1.0,1.0,852.7
1991-06-17,0.3488,0.799,-0.4353,-0.499,0.1381,중립(Neutral),0.5,1.0,851.3
1991-06-18,0.2234,0.6997,-0.5767,-0.539,0.0281,중립(Neutral),0.5,1.0,849.45
1991-06-19,0.0955,0.2233,-0.7153,-0.647,-0.1866,중립(Neutral),0.5,1.0,845.5
1991-06-20,0.0689,0.3968,-0.6088,-0.5393,-0.1098,중립(Neutral),0.5,1.0,846.2
1991-06-21,0.1319,0.5628,-0.3847,-0.6635,-0.0088,중립(Neutral),0.5,1.0,848.15
1991-06-24,-0.1842,0.082,-0.4346,-0.7535,-0.2656,수축(Risk-Off),0.0,1.0,841.1
1991-06-25,-0.2319,0.2251,-0.4091,-0.7708,-0.2428,수축(Risk-Off),0.0,1.0,841.45
1991-06-26,-0.2674,0.1582,-0.6875,-0.6517,-0.3236,수축(Risk-Off),0.0,1.0,842.95
1991-06-27,-0.2158,0.1958,-0.6384,-0.6747,-0.2874,수축(Risk-Off),0.0,1.0,844.95
1991-06-28,-0.4696,-0.1999,-0.9453,-0.1779,-0.4773,수축(Risk-Off),0.0,1.0,839.85
1991-07-01,-0.2776,0.2202,-0.6589,-0.1244,-0.2255,수축(Risk-Off),0.0,0.0,848.1
1991-07-02,-0.2035,0.3269,-0.6772,-0.1436,-0.1804,중립(Neutral),0.5,0.0,848.25
1991-07-03,-0.4251,-0.0355,-0.7947,0.0633,-0.3468,수축(Risk-Off),0.0,0.0,843.6
1991-07-05,-0.3091,0.2158,-0.6955,-0.1867,-0.2561,수축(Risk-Off),0.0,0.0,843.8
1991-07-08,-0.1469,-0.1402,-0.7997,0.0095,-0.285,수축(Risk-Off),0.0,0.0,847.85
1991-07-09,-0.0865,0.0901,-0.8524,-0.2601,-0.2599,수축(Risk-Off),0.0,0.0,846.2
1991-07-10,-0.0828,0.1909,-0.9452,-0.225,-0.2513,수축(Risk-Off),0.0,0.0,846.15
1991-07-11,-0.1664,0.4257,-1.0347,-0.1244,-0.2291,수축(Risk-Off),0.0,0.0,847.9
1991-07-12,0.0131,0.1483,-0.7447,-0.0492,-0.1519,중립(Neutral),0.5,0.0,850.2
1991-07-15,0.0792,0.1207,-0.7481,-0.0856,-0.142,중립(Neutral),0.5,0.0,852.1
1991-07-16,-0.0819,0.1311,-0.5622,-0.1383,-0.1572,중립(Neutral),0.5,0.0,852.0
1991-07-17,-0.1426,0.1812,-0.3722,-0.1088,-0.1139,중립(Neutral),0.5,0.0,850.95
1991-07-18,0.0833,0.7182,-0.424,-0.1301,0.0832,중립(Neutral),0.5,0.0,854.35
1991-07-19,0.2673,0.725,-0.3476,-0.1268,0.1689,중립(Neutral),0.5,0.0,854.2
1991-07-22,0.2335,0.4468,-0.3449,-0.0951,0.0929,중립(Neutral),0.5,0.0,852.75
1991-07-23,0.0341,0.673,-0.3862,-0.1529,0.0607,중립(Neutral),0.5,0.0,849.2
1991-07-24,0.1547,0.6152,-0.1622,-0.1873,0.1393,중립(Neutral),0.5,0.0,848.35
1991-07-25,0.2577,0.7689,-0.353,-0.1729,0.1682,중립(Neutral),0.5,0.0,849.45
1991-07-26,0.2171,0.7557,-0.4087,-0.2088,0.1314,중립(Neutral),0.5,0.0,849.55
1991-07-29,0.3376,0.9613,-0.3033,-0.2312,0.248,확장(Risk-On),1.0,0.0,852.05
1991-07-30,0.6086,0.8825,-0.1293,-0.1999,0.3713,확장(Risk-On),1.0,0.0,855.7
1991-07-31,0.3807,0.8026,-0.0987,-0.2191,0.2763,확장(Risk-On),1.0,0.0,856.0
1991-08-01,0.4575,1.005,-0.0736,-0.2387,0.3572,확장(Risk-On),1.0,1.0,856.55
1991-08-02,0.6252,0.7487,0.2446,-0.07,0.4566,확장(Risk-On),1.0,1.0,856.05
1991-08-05,0.5463,0.7118,0.2485,-0.056,0.4229,확장(Risk-On),1.0,1.0,854.3
1991-08-06,0.7443,0.7318,0.4854,0.0487,0.5721,확장(Risk-On),1.0,1.0,859.3
1991-08-07,0.7416,0.7083,0.4767,0.0296,0.5602,확장(Risk-On),1.0,1.0,859.55
1991-08-08,0.6387,0.4901,0.4522,0.015,0.4613,확장(Risk-On),1.0,1.0,857.75
1991-08-09,0.5948,0.6913,0.362,0.06,0.4805,확장(Risk-On),1.0,1.0,855.45
1991-08-12,0.5767,0.6439,0.2676,0.1148,0.4469,확장(Risk-On),1.0,1.0,856.9
1991-08-13,0.6374,0.721,0.3898,0.1957,0.5301,확장(Risk-On),1.0,1.0,857.7
1991-08-14,0.8126,0.5734,0.4043,0.2714,0.5695,확장(Risk-On),1.0,1.0,858.8
1991-08-15,0.813,0.4216,0.2555,0.3122,0.5006,확장(Risk-On),1.0,1.0,858.55
1991-08-16,0.4821,0.1266,0.0253,0.3372,0.2573,확장(Risk-On),1.0,1.0,854.45
1991-08-19,0.1501,-0.6958,-0.3522,0.3893,-0.1511,중립(Neutral),0.5,1.0,846.45
1991-08-20,0.2547,-0.3951,-0.1703,0.5312,0.0275,중립(Neutral),0.5,1.0,848.1
1991-08-21,0.8546,0.2308,0.2828,0.5236,0.506,확장(Risk-On),1.0,1.0,859.85
1991-08-22,0.8566,0.3108,0.406,0.5133,0.556,확장(Risk-On),1.0,1.0,859.95
1991-08-23,0.8359,0.4626,0.42,0.4209,0.5763,확장(Risk-On),1.0,1.0,862.25
1991-08-26,0.7749,0.3668,0.3613,0.3314,0.5029,확장(Risk-On),1.0,1.0,862.1
1991-08-27,0.6974,0.1503,0.5116,0.4401,0.4756,확장(Risk-On),1.0,1.0,862.15
1991-08-28,0.698,0.1093,0.5613,0.4367,0.4775,확장(Risk-On),1.0,1.0,864.4
1991-08-29,0.6499,0.145,0.7188,0.5287,0.5227,확장(Risk-On),1.0,1.0,864.6
1991-08-30,0.5838,0.2303,0.9077,0.3934,0.5478,확장(Risk-On),1.0,1.0,863.15
1991-09-03,0.4727,-0.1264,1.1332,0.4062,0.4781,확장(Risk-On),1.0,1.0,860.3
1991-09-04,0.5109,-0.2327,1.5717,0.4821,0.5859,확장(Risk-On),1.0,1.0,858.8
1991-09-05,0.3412,-0.2921,1.4148,0.5139,0.4772,확장(Risk-On),1.0,1.0,857.35
1991-09-06,0.4002,-0.2568,1.4988,0.6994,0.5555,확장(Risk-On),1.0,1.0,857.05
1991-09-09,0.4261,-0.4811,1.5125,0.6872,0.5101,확장(Risk-On),1.0,1.0,856.25
1991-09-10,0.2785,-0.6187,1.2711,0.6274,0.3547,확장(Risk-On),1.0,1.0,852.7
1991-09-11,0.3205,-0.6009,1.5091,0.6082,0.4305,확장(Risk-On),1.0,1.0,852.3
1991-09-12,0.432,-0.3289,1.7597,0.6666,0.6089,확장(Risk-On),1.0,1.0,855.3
1991-09-13,0.1565,-0.5815,1.6702,0.6669,0.427,확장(Risk-On),1.0,1.0,851.05
1991-09-16,0.2946,-0.4958,1.6943,0.6527,0.5007,확장(Risk-On),1.0,1.0,853.8
1991-09-17,0.4036,-0.2341,1.4993,0.6191,0.5504,확장(Risk-On),1.0,1.0,853.1
1991-09-18,0.743,-0.2464,1.4177,0.6195,0.6458,확장(Risk-On),1.0,1.0,854.05
1991-09-19,0.7256,-0.4441,1.5185,0.6291,0.6169,확장(Risk-On),1.0,1.0,854.8
1991-09-20,0.4847,-0.4873,1.4987,0.6375,0.5181,확장(Risk-On),1.0,1.0,855.2
1991-09-23,0.504,-0.4276,1.4543,0.6664,0.533,확장(Risk-On),1.0,1.0,854.1
1991-09-24,0.5277,-0.1869,1.5786,0.6131,0.6246,확장(Risk-On),1.0,1.0,855.2
1991-09-25,0.5363,-0.2255,1.4334,0.5992,0.5796,확장(Risk-On),1.0,1.0,854.15
1991-09-26,0.5004,-0.2051,1.547,0.59,0.5991,확장(Risk-On),1.0,1.0,854.7
1991-09-27,0.3882,-0.3756,1.8212,0.7121,0.6041,확장(Risk-On),1.0,1.0,853.65
1991-09-30,0.3303,-0.4706,1.6473,0.8693,0.5402,확장(Risk-On),1.0,1.0,855.2
1991-10-01,0.48,-0.1975,1.5471,0.8692,0.6358,확장(Risk-On),1.0,1.0,856.55
1991-10-02,0.5053,-0.3328,1.4955,0.7343,0.5777,확장(Risk-On),1.0,1.0,854.35
1991-10-03,0.3482,-0.5609,1.3974,0.6886,0.4343,확장(Risk-On),1.0,1.0,850.6
1991-10-04,0.1364,-0.4706,1.2235,0.7725,0.3518,확장(Risk-On),1.0,1.0,847.3
1991-10-07,0.2415,-0.8555,1.0276,0.7564,0.241,확장(Risk-On),1.0,1.0,846.9
1991-10-08,0.2954,-0.7196,0.9389,0.8068,0.2792,확장(Risk-On),1.0,1.0,846.95
1991-10-09,0.2093,-0.7784,0.8342,0.7367,0.1977,중립(Neutral),0.5,1.0,843.2
1991-10-10,0.344,-0.6452,0.9514,0.7076,0.3031,확장(Risk-On),1.0,1.0,847.2
1991-10-11,0.2316,-0.6425,0.8505,0.7693,0.2485,확장(Risk-On),1.0,1.0,847.7
1991-10-14,0.6431,-0.3852,0.9508,0.7027,0.4719,확장(Risk-On),1.0,1.0,853.45
1991-10-15,0.7587,-0.2619,0.9941,0.7418,0.5598,확장(Risk-On),1.0,1.0,857.1
1991-10-16,0.7916,0.0034,1.1443,0.7297,0.6734,확장(Risk-On),1.0,1.0,859.5
1991-10-17,0.693,-0.04,0.931,0.6134,0.5573,확장(Risk-On),1.0,1.0,858.65
1991-10-18,0.7156,-0.0085,1.0466,0.6085,0.6013,확장(Risk-On),1.0,1.0,859.45
1991-10-21,0.6592,-0.1074,0.8598,0.4631,0.4883,확장(Risk-On),1.0,1.0,857.2
1991-10-22,0.5484,-0.1626,0.6862,0.3026,0.3682,확장(Risk-On),1.0,1.0,854.3
1991-10-23,0.5629,-0.1773,0.5617,0.355,0.3464,확장(Risk-On),1.0,1.0,854.75
1991-10-24,0.4509,-0.1659,0.521,0.4838,0.3191,확장(Risk-On),1.0,1.0,851.2
1991-10-25,0.3694,-0.1418,0.5537,0.1934,0.2613,확장(Risk-On),1.0,1.0,850.2
1991-10-28,0.5607,0.0215,0.3245,0.3013,0.328,확장(Risk-On),1.0,1.0,855.5
1991-10-29,0.6185,-0.0844,0.4799,0.6355,0.4107,확장(Risk-On),1.0,1.0,857.8
1991-10-30,0.6193,-0.0259,0.4387,0.7692,0.4353,확장(Risk-On),1.0,1.0,858.65
1991-10-31,0.6263,0.0246,0.4665,0.728,0.4512,확장(Risk-On),1.0,1.0,858.2
1991-11-01,0.6602,-0.1152,0.7059,0.7276,0.4879,확장(Risk-On),1.0,1.0,856.7
1991-11-04,0.7029,-0.0008,0.9262,0.675,0.5786,확장(Risk-On),1.0,1.0,856.75
1991-11-05,0.6395,-0.0429,0.7995,0.5191,0.4909,확장(Risk-On),1.0,1.0,854.6
1991-11-06,0.7086,0.0268,0.7581,0.663,0.5437,확장(Risk-On),1.0,1.0,855.95
1991-11-07,0.9387,0.0834,0.9656,0.774,0.7069,확장(Risk-On),1.0,1.0,859.2
1991-11-08,0.7421,0.1129,0.8112,0.7287,0.6001,확장(Risk-On),1.0,1.0,858.35
1991-11-11,0.7781,0.2166,1.0619,0.7616,0.7062,확장(Risk-On),1.0,1.0,859.15
1991-11-12,0.791,0.5096,1.584,0.8221,0.9236,확장(Risk-On),1.0,1.0,862.2
1991-11-13,0.7764,0.496,1.3568,0.7405,0.846,확장(Risk-On),1.0,1.0,863.2
1991-11-14,0.9045,0.3981,1.0573,0.7574,0.794,확장(Risk-On),1.0,1.0,862.85
1991-11-15,0.1395,-0.9682,0.3194,0.7699,0.0021,중립(Neutral),0.5,1.0,848.4
1991-11-18,0.246,-0.612,0.5532,0.7456,0.1832,중립(Neutral),0.5,1.0,850.95
1991-11-19,-0.1106,-0.9815,0.3772,0.7793,-0.0729,중립(Neutral),0.5,1.0,845.85
1991-11-20,-0.1402,-1.0021,0.2428,0.8321,-0.114,중립(Neutral),0.5,1.0,843.3
1991-11-21,-0.0727,-0.7699,0.0737,0.8215,-0.0763,중립(Neutral),0.5,1.0,846.15
1991-11-22,-0.2483,-1.011,-0.1196,0.8216,-0.2463,수축(Risk-Off),0.0,1.0,840.4
1991-11-25,-0.1762,-1.1274,-0.0593,0.8488,-0.231,수축(Risk-Off),0.0,1.0,841.45
1991-11-26,-0.1843,-0.8052,0.077,0.9462,-0.1046,중립(Neutral),0.5,1.0,844.4
1991-11-27,-0.3949,-0.8401,-0.3195,0.9515,-0.2854,수축(Risk-Off),0.0,1.0,842.0
1991-11-29,-0.4588,-0.9446,-0.358,0.9845,-0.3386,수축(Risk-Off),0.0,1.0,840.6
1991-12-02,-0.1453,-0.819,-0.0585,1.1069,-0.1042,중립(Neutral),0.5,0.0,847.1
1991-12-03,-0.1846,-0.7411,-0.0358,1.1395,-0.0879,중립(Neutral),0.5,0.0,845.45
1991-12-04,-0.1599,-0.7578,-0.0718,1.1609,-0.0892,중립(Neutral),0.5,0.0,845.45
1991-12-05,-0.1933,-0.824,-0.2538,1.1055,-0.1713,중립(Neutral),0.5,0.0,843.05
1991-12-06,-0.1688,-0.6131,-0.3807,1.0669,-0.1475,중립(Neutral),0.5,0.0,844.35
1991-12-09,-0.2174,-0.7267,-0.3178,1.1054,-0.1714,중립(Neutral),0.5,0.0,843.75
1991-12-10,-0.2245,-0.7891,-0.4266,1.0756,-0.2212,수축(Risk-Off),0.0,0.0,843.5
1991-12-11,-0.301,-0.9122,-0.2782,1.0953,-0.2387,수축(Risk-Off),0.0,0.0,842.85
1991-12-12,-0.1312,-0.6966,0.2337,1.1191,0.0062,중립(Neutral),0.5,0.0,846.6
1991-12-13,-0.0474,-0.4542,0.308,1.069,0.1072,중립(Neutral),0.5,0.0,849.85
1991-12-16,-0.0456,-0.0143,0.3236,1.0912,0.2251,확장(Risk-On),1.0,0.0,850.1
1991-12-17,0.194,-0.2696,0.3198,1.0973,0.245,확장(Risk-On),1.0,0.0,848.1
1991-12-18,0.1581,-0.1162,0.3817,1.0294,0.2761,확장(Risk-On),1.0,0.0,849.0
1991-12-19,0.2162,-0.2138,0.455,1.1006,0.301,확장(Risk-On),1.0,0.0,848.05
1991-12-20,0.466,-0.2602,0.557,1.167,0.4123,확장(Risk-On),1.0,0.0,851.8
1991-12-23,0.7546,0.1556,0.7531,1.2125,0.6731,확장(Risk-On),1.0,0.0,862.5
1991-12-24,0.9747,0.3472,0.7619,1.3009,0.8136,확장(Risk-On),1.0,0.0,864.35
1991-12-26,1.1208,0.2928,1.0753,1.3145,0.9315,확장(Risk-On),1.0,0.0,869.45
1991-12-27,1.1537,0.2719,1.2092,1.3515,0.9768,확장(Risk-On),1.0,0.0,871.35
1991-12-30,1.4832,0.099,1.4235,1.3816,1.107,확장(Risk-On),1.0,0.0,879.85
1991-12-31,1.5905,-0.0501,1.5649,1.3886,1.1436,확장(Risk-On),1.0,0.0,881.65
1992-01-02,1.5699,0.094,1.6835,1.2276,1.178,확장(Risk-On),1.0,1.0,883.8
1992-01-03,1.6749,0.1346,1.7139,1.1825,1.2257,확장(Risk-On),1.0,1.0,883.7
1992-01-06,1.718,0.0785,2.0007,1.2491,1.3085,확장(Risk-On),1.0,1.0,883.25
1992-01-07,1.7966,-0.1811,1.8868,1.3377,1.2559,확장(Risk-On),1.0,1.0,882.9
1992-01-08,1.7397,0.0317,1.8209,1.3532,1.275,확장(Risk-On),1.0,1.0,882.65
1992-01-09,1.8173,-0.0419,1.2775,1.3016,1.1402,확장(Risk-On),1.0,1.0,882.4
1992-01-10,1.6824,0.0855,0.99,1.2041,1.0383,확장(Risk-On),1.0,1.0,879.7
1992-01-13,1.6766,0.0982,1.0357,1.1415,1.0415,확장(Risk-On),1.0,1.0,879.25
1992-01-14,1.7007,0.2593,1.1357,0.97,1.0895,확장(Risk-On),1.0,1.0,885.1
1992-01-15,1.5086,0.2191,0.946,0.9318,0.9591,확장(Risk-On),1.0,1.0,885.05
1992-01-16,1.3874,0.2141,0.9961,0.7977,0.9078,확장(Risk-On),1.0,1.0,883.0
1992-01-17,1.4445,0.3448,1.2162,0.911,1.0325,확장(Risk-On),1.0,1.0,882.75
1992-01-20,1.3572,0.2564,1.051,0.953,0.9448,확장(Risk-On),1.0,1.0,880.85
1992-01-21,1.2854,0.026,1.1945,0.8269,0.8791,확장(Risk-On),1.0,1.0,877.9
1992-01-22,1.3794,0.2068,1.2598,0.586,0.9373,확장(Risk-On),1.0,1.0,882.7
1992-01-23,0.9956,0.2214,1.1139,0.1097,0.6988,확장(Risk-On),1.0,1.0,878.55
1992-01-24,1.0335,0.3326,1.0287,-0.0353,0.6967,확장(Risk-On),1.0,1.0,879.2
1992-01-27,0.9362,0.2773,0.7743,-0.1191,0.5727,확장(Risk-On),1.0,1.0,879.05
1992-01-28,0.7973,0.1832,0.7563,0.0271,0.518,확장(Risk-On),1.0,1.0,878.9
1992-01-29,0.4054,0.3388,0.6213,-0.3523,0.329,확장(Risk-On),1.0,1.0,874.35
1992-01-30,0.4095,0.374,0.5131,-0.2913,0.3214,확장(Risk-On),1.0,1.0,875.5
1992-01-31,0.2093,0.301,0.4366,-0.1714,0.232,확장(Risk-On),1.0,1.0,872.05
1992-02-03,0.2437,0.2449,0.481,-0.3914,0.2081,확장(Risk-On),1.0,1.0,873.05
1992-02-04,0.3664,0.3165,0.4304,-0.3497,0.2625,확장(Risk-On),1.0,1.0,877.25
1992-02-05,0.404,0.2053,0.5582,-0.0357,0.3269,확장(Risk-On),1.0,1.0,877.1
1992-02-06,0.407,0.152,0.6254,0.0015,0.3371,확장(Risk-On),1.0,1.0,877.9
1992-02-07,0.2367,0.1154,0.6141,0.171,0.2909,확장(Risk-On),1.0,1.0,875.6
1992-02-10,0.3854,0.0468,0.5654,0.2865,0.3309,확장(Risk-On),1.0,1.0,877.35
1992-02-11,0.3867,0.1896,0.4239,0.4323,0.3536,확장(Risk-On),1.0,1.0,878.0
1992-02-12,0.4677,0.5822,0.8798,0.2951,0.5735,확장(Risk-On),1.0,1.0,881.7
1992-02-13,0.2536,0.5828,0.697,0.2231,0.4422,확장(Risk-On),1.0,1.0,877.75
1992-02-14,0.2175,0.5714,0.8985,0.1654,0.4684,확장(Risk-On),1.0,1.0,875.7
1992-02-18,0.2682,0.3746,0.838,-0.1242,0.3784,확장(Risk-On),1.0,1.0,871.75
1992-02-19,0.3097,0.6177,0.9137,-0.1472,0.4691,확장(Risk-On),1.0,1.0,872.35
1992-02-20,0.6673,0.712,1.1607,-0.0923,0.6879,확장(Risk-On),1.0,1.0,877.3
1992-02-21,0.5027,0.6235,1.0668,0.0722,0.6094,확장(Risk-On),1.0,1.0,875.6
1992-02-24,0.5598,0.544,0.9637,0.0688,0.5832,확장(Risk-On),1.0,1.0,874.85
1992-02-25,0.5411,0.7407,1.2176,0.1521,0.7018,확장(Risk-On),1.0,1.0,873.75
1992-02-26,0.7575,0.8152,1.311,0.29,0.8402,확장(Risk-On),1.0,1.0,878.75
1992-02-27,0.7016,0.8203,1.0021,0.3655,0.756,확장(Risk-On),1.0,1.0,878.5
1992-02-28,0.7306,0.7434,0.924,0.4301,0.7371,확장(Risk-On),1.0,1.0,875.8
1992-03-02,0.6982,0.8703,1.0081,0.2633,0.7535,확장(Risk-On),1.0,1.0,876.45
1992-03-03,0.6737,0.8994,0.9801,0.2571,0.7442,확장(Risk-On),1.0,1.0,875.85
1992-03-04,0.5375,0.6372,0.7823,0.0865,0.556,확장(Risk-On),1.0,1.0,872.85
1992-03-05,0.3476,0.618,0.7267,-0.2542,0.4197,확장(Risk-On),1.0,1.0,870.85
1992-03-06,0.2377,0.362,0.7216,-0.1779,0.3274,확장(Risk-On),1.0,1.0,867.35
1992-03-09,0.2873,0.3287,0.7334,-0.0423,0.3598,확장(Risk-On),1.0,1.0,868.9
1992-03-10,0.3949,0.5058,0.4455,-0.0233,0.3725,확장(Risk-On),1.0,1.0,870.6
1992-03-11,0.2602,0.1476,0.3075,-0.1753,0.1786,중립(Neutral),0.5,1.0,868.1
1992-03-12,0.2544,0.1999,0.3143,-0.3623,0.1633,중립(Neutral),0.5,1.0,867.9
1992-03-13,0.1724,0.5857,0.3786,-0.3429,0.25,확장(Risk-On),1.0,1.0,869.25
1992-03-16,0.3078,0.5162,0.5326,-0.3334,0.3199,확장(Risk-On),1.0,1.0,870.25
1992-03-17,0.4624,1.0201,0.7149,-0.0441,0.589,확장(Risk-On),1.0,1.0,872.95
1992-03-18,0.6019,0.9724,0.6877,-0.1465,0.6037,확장(Risk-On),1.0,1.0,872.95
1992-03-19,0.644,0.8485,0.3373,-0.1061,0.5059,확장(Risk-On),1.0,1.0,873.2
1992-03-20,0.5044,0.8203,0.3024,-0.2078,0.426,확장(Risk-On),1.0,1.0,873.0
1992-03-23,0.4674,0.803,0.0527,-0.1489,0.3552,확장(Risk-On),1.0,1.0,873.3
1992-03-24,0.2482,0.6828,-0.1096,0.0585,0.239,확장(Risk-On),1.0,1.0,871.8
1992-03-25,0.2786,0.6222,-0.3637,-0.1212,0.144,중립(Neutral),0.5,1.0,871.5
1992-03-26,-0.0004,0.6143,-0.4483,-0.2614,0.0021,중립(Neutral),0.5,1.0,870.9
1992-03-27,-0.2713,0.4939,-0.676,-0.3332,-0.1904,중립(Neutral),0.5,1.0,866.15
1992-03-30,-0.4514,0.4774,-0.6976,-0.0696,-0.2235,수축(Risk-Off),0.0,1.0,865.45
1992-03-31,-0.4415,0.526,-0.8831,0.0574,-0.2352,수축(Risk-Off),0.0,1.0,866.3
1992-04-01,-0.4066,0.533,-0.8513,0.2376,-0.1863,중립(Neutral),0.5,0.0,867.45
1992-04-02,-0.5735,0.3862,-0.8243,0.1303,-0.2907,수축(Risk-Off),0.0,0.0,861.7
1992-04-03,-0.4449,0.5688,-0.3112,0.1866,-0.0633,중립(Neutral),0.5,0.0,863.4
1992-04-06,-0.0503,0.6331,0.0669,0.1755,0.1837,중립(Neutral),0.5,0.0,867.9
1992-04-07,-0.4787,-0.0613,-0.1822,0.1742,-0.2023,수축(Risk-Off),0.0,0.0,859.85
1992-04-08,-0.7091,-0.3874,-0.2936,0.2254,-0.3846,수축(Risk-Off),0.0,0.0,857.35
1992-04-09,-0.1894,0.0765,0.0584,0.2733,0.0084,중립(Neutral),0.5,0.0,865.3
1992-04-10,-0.0693,0.1525,0.1205,0.3314,0.0937,중립(Neutral),0.5,0.0,867.6
1992-04-13,-0.2559,0.15,-0.0188,0.3924,0.0021,중립(Neutral),0.5,0.0,867.2
1992-04-14,0.0925,0.3845,0.4649,0.4027,0.3051,확장(Risk-On),1.0,0.0,875.75
1992-04-15,0.2316,0.6936,0.3835,0.3442,0.4019,확장(Risk-On),1.0,0.0,879.55
1992-04-16,0.1918,0.6727,0.1385,0.3107,0.3165,확장(Risk-On),1.0,0.0,877.8
1992-04-20,0.0731,0.444,0.0184,0.083,0.1536,중립(Neutral),0.5,0.0,873.1
1992-04-21,-0.0418,0.269,-0.0085,0.083,0.063,중립(Neutral),0.5,0.0,872.3
1992-04-22,0.0703,0.435,0.0695,0.0816,0.163,중립(Neutral),0.5,0.0,872.2
1992-04-23,0.1086,0.4784,0.1509,0.0737,0.2064,확장(Risk-On),1.0,0.0,873.05
1992-04-24,0.0607,0.3582,0.2307,0.1227,0.1869,중립(Neutral),0.5,0.0,870.9
1992-04-27,0.2005,0.3011,0.461,0.1327,0.2806,확장(Risk-On),1.0,0.0,871.45
1992-04-28,0.2461,0.2983,0.3732,0.1436,0.2755,확장(Risk-On),1.0,0.0,871.55
1992-04-29,0.3583,0.4552,0.3571,-0.0969,0.314,확장(Risk-On),1.0,0.0,874.75
1992-04-30,0.4722,0.7075,0.3005,-0.1079,0.4011,확장(Risk-On),1.0,0.0,876.9
1992-05-01,0.503,0.3514,0.2157,-0.0386,0.312,확장(Risk-On),1.0,1.0,874.7
1992-05-04,0.6008,0.4066,0.2613,-0.1545,0.3541,확장(Risk-On),1.0,1.0,878.6
1992-05-05,0.4861,0.6255,0.3309,-0.0469,0.4022,확장(Risk-On),1.0,1.0,878.85
1992-05-06,0.6308,0.6535,0.518,0.0916,0.5274,확장(Risk-On),1.0,1.0,878.7
1992-05-07,0.7634,0.4002,0.6347,-0.1616,0.5017,확장(Risk-On),1.0,1.0,878.05
1992-05-08,0.5746,0.3865,0.634,0.1155,0.4736,확장(Risk-On),1.0,1.0,878.8
1992-05-11,0.6203,0.5531,0.6548,0.0594,0.528,확장(Risk-On),1.0,1.0,880.4
1992-05-12,0.5265,0.2962,1.037,0.2091,0.5489,확장(Risk-On),1.0,1.0,878.7
1992-05-13,0.3244,0.3249,1.0129,0.2394,0.4839,확장(Risk-On),1.0,1.0,878.25
1992-05-14,0.0919,0.1217,0.7916,0.2647,0.3002,확장(Risk-On),1.0,1.0,874.9
1992-05-15,0.1252,0.1771,0.6753,0.3413,0.3081,확장(Risk-On),1.0,1.0,873.3
1992-05-18,0.196,0.359,0.8314,0.3022,0.4115,확장(Risk-On),1.0,1.0,875.55
1992-05-19,0.418,0.6834,0.9553,0.3589,0.6098,확장(Risk-On),1.0,1.0,879.45
1992-05-20,0.4334,0.6497,0.8031,0.2919,0.5587,확장(Risk-On),1.0,1.0,878.35
1992-05-21,0.2551,0.5857,0.8685,0.1447,0.4745,확장(Risk-On),1.0,1.0,874.8
1992-05-22,0.2874,0.704,0.8908,0.1285,0.5186,확장(Risk-On),1.0,1.0,876.25
1992-05-26,0.1488,0.4769,0.8158,-0.0574,0.3667,확장(Risk-On),1.0,1.0,873.95
1992-05-27,0.1542,0.6118,0.8254,0.0072,0.4144,확장(Risk-On),1.0,1.0,874.8
1992-05-28,0.3703,0.7005,1.2034,0.1035,0.6211,확장(Risk-On),1.0,1.0,879.0
1992-05-29,0.1967,0.5423,1.4015,0.1047,0.5705,확장(Risk-On),1.0,1.0,877.0
1992-06-01,0.2411,0.6993,1.3554,0.05,0.6056,확장(Risk-On),1.0,1.0,878.9
1992-06-02,0.2483,0.6444,1.1669,0.1002,0.5547,확장(Risk-On),1.0,1.0,876.55
1992-06-03,0.1789,0.6302,1.2121,0.093,0.5371,확장(Risk-On),1.0,1.0,876.3
1992-06-04,0.2224,0.7629,1.3482,0.1276,0.6248,확장(Risk-On),1.0,1.0,875.6
1992-06-05,0.2528,0.4126,1.4159,0.1465,0.5676,확장(Risk-On),1.0,1.0,876.4
1992-06-08,0.1858,0.1114,1.3035,0.1263,0.4377,확장(Risk-On),1.0,1.0,875.7
1992-06-09,0.0493,-0.1467,1.0379,0.1068,0.256,확장(Risk-On),1.0,1.0,871.7
1992-06-10,-0.0898,-0.2369,0.7196,0.0232,0.0927,중립(Neutral),0.5,1.0,869.7
1992-06-11,-0.0119,-0.2107,0.565,-0.0618,0.0751,중립(Neutral),0.5,1.0,871.5
1992-06-12,0.0138,0.1017,0.6825,-0.0851,0.1881,중립(Neutral),0.5,1.0,871.9
1992-06-15,0.1188,0.0282,0.7676,-0.0901,0.227,확장(Risk-On),1.0,1.0,872.9
1992-06-16,0.0608,-0.1571,0.6918,-0.0781,0.1433,중립(Neutral),0.5,1.0,870.2
1992-06-17,-0.3108,-0.7972,0.6132,-0.0803,-0.1668,중립(Neutral),0.5,1.0,863.3
1992-06-18,-0.4455,-0.8342,0.5981,-0.1122,-0.2318,수축(Risk-Off),0.0,1.0,862.6
1992-06-19,-0.2462,-0.4072,0.7963,-0.2007,-0.019,중립(Neutral),0.5,1.0,865.45
1992-06-22,-0.1515,-0.4085,0.7397,-0.1085,0.0135,중립(Neutral),0.5,1.0,865.35
1992-06-23,-0.168,0.1523,0.7272,-0.0959,0.1467,중립(Neutral),0.5,1.0,865.9
1992-06-24,-0.1249,0.034,0.9145,-0.0714,0.1827,중립(Neutral),0.5,1.0,865.75
1992-06-25,-0.1044,-0.0005,1.0326,-0.0684,0.2112,확장(Risk-On),1.0,1.0,864.4
1992-06-26,-0.2152,0.0405,1.0753,-0.0443,0.197,중립(Neutral),0.5,1.0,865.4
1992-06-29,0.0729,0.449,1.103,0.0122,0.4154,확장(Risk-On),1.0,1.0,870.85
1992-06-30,0.0417,0.3859,0.8836,0.0692,0.3424,확장(Risk-On),1.0,1.0,870.8
1992-07-01,0.3628,0.5276,1.1102,0.1626,0.5608,확장(Risk-On),1.0,1.0,874.3
1992-07-02,0.2733,0.2404,1.0404,0.3933,0.4748,확장(Risk-On),1.0,1.0,873.45
1992-07-06,0.4722,0.1094,1.003,0.5141,0.5205,확장(Risk-On),1.0,1.0,875.5
1992-07-07,0.1782,-0.1043,0.8987,0.4985,0.3357,확장(Risk-On),1.0,1.0,869.25
1992-07-08,0.3,-0.0671,0.6127,0.4233,0.3049,확장(Risk-On),1.0,1.0,871.85
1992-07-09,0.549,0.069,0.2819,0.3821,0.3372,확장(Risk-On),1.0,1.0,876.4
1992-07-10,0.5061,0.0809,0.5847,0.4237,0.4071,확장(Risk-On),1.0,1.0,876.4
1992-07-13,0.3337,0.02,0.6158,0.493,0.3497,확장(Risk-On),1.0,1.0,875.95
1992-07-14,0.3853,0.1504,0.5866,0.5594,0.403,확장(Risk-On),1.0,1.0,879.0
1992-07-15,0.4699,0.588,0.6816,0.6111,0.5735,확장(Risk-On),1.0,1.0,878.5
1992-07-16,0.7165,0.6474,0.6549,0.5438,0.6579,확장(Risk-On),1.0,1.0,879.0
1992-07-17,0.6945,0.333,0.4654,0.6359,0.5381,확장(Risk-On),1.0,1.0,876.35
1992-07-20,0.5732,0.3978,0.1202,0.6934,0.4341,확장(Risk-On),1.0,1.0,875.25
1992-07-21,0.5236,0.1219,0.0532,0.702,0.3324,확장(Risk-On),1.0,1.0,874.45
1992-07-22,0.3328,-0.1612,-0.1303,0.7929,0.1625,중립(Neutral),0.5,1.0,871.65
1992-07-23,0.4477,-0.247,-0.1268,0.8055,0.1841,중립(Neutral),0.5,1.0,873.3
1992-07-24,0.408,-0.2828,-0.3089,0.7164,0.1023,중립(Neutral),0.5,1.0,872.55
1992-07-27,0.3622,-0.4772,-0.1296,0.7687,0.0904,중립(Neutral),0.5,1.0,872.3
1992-07-28,0.4796,-0.3201,-0.1421,0.8144,0.1744,중립(Neutral),0.5,1.0,878.7
1992-07-29,0.7188,-0.3129,0.1067,0.8307,0.3246,확장(Risk-On),1.0,1.0,884.2
1992-07-30,0.7068,-0.0762,0.0795,0.7187,0.356,확장(Risk-On),1.0,1.0,884.9
1992-07-31,0.6435,-0.0072,0.0079,0.7522,0.3382,확장(Risk-On),1.0,1.0,885.2
1992-08-03,0.6841,0.0287,0.4349,0.8489,0.4827,확장(Risk-On),1.0,1.0,886.1
1992-08-04,0.5952,0.0672,0.3853,0.9065,0.4574,확장(Risk-On),1.0,1.0,885.15
1992-08-05,0.7214,0.0254,0.3512,0.9748,0.4929,확장(Risk-On),1.0,1.0,883.65
1992-08-06,0.5395,-0.1455,0.2797,0.9182,0.3601,확장(Risk-On),1.0,1.0,882.05
1992-08-07,0.2248,-0.2467,0.3565,0.9816,0.2534,확장(Risk-On),1.0,1.0,879.05
1992-08-10,0.3575,-0.2617,0.4522,1.0703,0.3333,확장(Risk-On),1.0,1.0,881.25
1992-08-11,0.3207,-0.5013,0.3719,1.109,0.2462,확장(Risk-On),1.0,1.0,880.1
1992-08-12,0.2993,-0.558,0.5667,1.0732,0.2679,확장(Risk-On),1.0,1.0,879.55
1992-08-13,0.3365,-0.6221,0.8079,0.8624,0.2936,확장(Risk-On),1.0,1.0,878.25
1992-08-14,0.4512,-0.506,1.0057,0.975,0.4291,확장(Risk-On),1.0,1.0,881.6
1992-08-17,0.3984,-0.4448,0.9703,0.8744,0.402,확장(Risk-On),1.0,1.0,882.2
1992-08-18,0.4481,-0.4688,1.0244,1.1074,0.4618,확장(Risk-On),1.0,1.0,882.15
1992-08-19,0.3733,-0.5179,1.0373,1.1483,0.4327,확장(Risk-On),1.0,1.0,879.65
1992-08-20,0.4519,-0.603,0.9177,1.1605,0.4109,확장(Risk-On),1.0,1.0,879.85
1992-08-21,0.2222,-0.6074,0.7739,1.1312,0.2891,확장(Risk-On),1.0,1.0,875.9
1992-08-24,0.0382,-0.7417,0.7194,0.8603,0.1369,중립(Neutral),0.5,1.0,872.7
1992-08-25,-0.0367,-0.5898,0.8162,0.5408,0.1249,중립(Neutral),0.5,1.0,872.5
1992-08-26,-0.0598,-0.3257,0.9354,0.674,0.2326,확장(Risk-On),1.0,1.0,874.65
1992-08-27,-0.1879,-0.1678,0.8592,0.9324,0.247,확장(Risk-On),1.0,1.0,875.35
1992-08-28,-0.1273,-0.0853,0.8249,1.0388,0.2962,확장(Risk-On),1.0,1.0,875.9
1992-08-31,-0.1439,-0.1311,0.8097,1.1239,0.2879,확장(Risk-On),1.0,1.0,875.45
1992-09-01,-0.0686,-0.0906,1.0643,1.1704,0.395,확장(Risk-On),1.0,1.0,877.1
1992-09-02,0.0778,0.116,1.248,1.1337,0.5383,확장(Risk-On),1.0,1.0,879.4
1992-09-03,0.1886,0.1247,0.973,1.1207,0.5085,확장(Risk-On),1.0,1.0,879.85
1992-09-04,0.2016,-0.0115,1.0056,1.1532,0.492,확장(Risk-On),1.0,1.0,877.95
1992-09-08,0.185,-0.2037,0.9378,1.2573,0.4369,확장(Risk-On),1.0,1.0,875.9
1992-09-09,0.2389,0.0613,0.8697,1.2072,0.4974,확장(Risk-On),1.0,1.0,877.95
1992-09-10,0.4345,0.357,1.1753,1.1375,0.7058,확장(Risk-On),1.0,1.0,881.0
1992-09-11,0.42,0.5935,0.9475,1.0626,0.6916,확장(Risk-On),1.0,1.0,880.65
1992-09-14,0.8031,0.3686,0.7215,1.153,0.7266,확장(Risk-On),1.0,1.0,886.35
1992-09-15,0.4998,0.1903,0.5799,1.0515,0.5252,확장(Risk-On),1.0,1.0,881.1
1992-09-16,0.4935,-0.1793,0.3389,1.0429,0.3691,확장(Risk-On),1.0,1.0,881.15
1992-09-17,0.473,0.0207,0.3066,1.054,0.4055,확장(Risk-On),1.0,1.0,881.45
1992-09-18,0.716,0.2801,0.1285,0.9942,0.5018,확장(Risk-On),1.0,1.0,884.9
1992-09-21,0.6472,0.3824,0.1279,0.9964,0.5036,확장(Risk-On),1.0,1.0,883.75
1992-09-22,0.4952,0.371,-0.1483,0.852,0.3568,확장(Risk-On),1.0,1.0,878.8
1992-09-23,0.6198,0.3651,-0.1122,0.7708,0.3958,확장(Risk-On),1.0,1.0,878.85
1992-09-24,0.6716,0.2315,-0.1974,0.8335,0.3686,확장(Risk-On),1.0,1.0,880.1
1992-09-25,0.2612,-0.2105,-0.238,0.9734,0.1253,중립(Neutral),0.5,1.0,875.65
1992-09-28,0.386,-0.3584,-0.0172,0.9182,0.179,중립(Neutral),0.5,1.0,878.1
1992-09-29,0.38,-0.2623,0.0095,0.9277,0.209,확장(Risk-On),1.0,1.0,878.75
1992-09-30,0.501,0.0276,0.1921,0.8941,0.3644,확장(Risk-On),1.0,1.0,879.55
1992-10-01,0.3057,-0.6615,0.0176,0.9652,0.0908,중립(Neutral),0.5,1.0,876.85
1992-10-02,-0.1123,-1.0855,-0.1766,0.9621,-0.2105,수축(Risk-Off),0.0,1.0,871.1
1992-10-05,-0.0837,-1.496,-0.3826,1.0355,-0.3436,수축(Risk-Off),0.0,1.0,869.35
1992-10-06,-0.154,-1.3836,-0.4325,0.9031,-0.3725,수축(Risk-Off),0.0,1.0,868.45
1992-10-07,-0.3632,-1.5595,-0.5031,0.5864,-0.5548,수축(Risk-Off),0.0,1.0,864.95
1992-10-08,-0.2435,-1.1837,-0.465,0.7196,-0.3895,수축(Risk-Off),0.0,1.0,869.05
1992-10-09,-0.5868,-1.4375,-0.6952,0.5979,-0.6489,수축(Risk-Off),0.0,1.0,864.3
1992-10-12,-0.4445,-1.1085,-0.3526,0.5611,-0.4367,수축(Risk-Off),0.0,1.0,868.1
1992-10-13,-0.4603,-0.6833,-0.0323,0.6528,-0.2421,수축(Risk-Off),0.0,1.0,870.5
1992-10-14,-0.3554,-0.6623,0.0249,0.7285,-0.1745,중립(Neutral),0.5,1.0,870.05
1992-10-15,-0.2494,-0.3687,0.2606,0.6815,-0.0121,중립(Neutral),0.5,1.0,871.05
1992-10-16,-0.1568,-0.308,0.0615,0.6318,-0.0217,중립(Neutral),0.5,1.0,872.25
1992-10-19,-0.0026,-0.2632,0.2243,0.4874,0.0625,중립(Neutral),0.5,1.0,876.95
1992-10-20,0.0933,0.0024,-0.0121,0.1513,0.0529,중립(Neutral),0.5,1.0,876.85
1992-10-21,0.2097,-0.0727,-0.1942,0.4555,0.075,중립(Neutral),0.5,1.0,876.7
1992-10-22,0.1606,-0.0923,-0.303,0.4059,0.0183,중립(Neutral),0.5,1.0,876.25
1992-10-23,0.0441,-0.1255,-0.457,0.0331,-0.1252,중립(Neutral),0.5,1.0,875.05
1992-10-26,0.2746,-0.0019,-0.3493,-0.0449,0.0016,중립(Neutral),0.5,1.0,879.15
1992-10-27,0.1215,-0.0692,-0.4135,0.0442,-0.0715,중립(Neutral),0.5,1.0,879.2
1992-10-28,0.2218,0.0368,-0.3994,0.0187,-0.0102,중립(Neutral),0.5,1.0,881.45
1992-10-29,0.1944,0.3156,-0.49,-0.1126,0.0075,중립(Neutral),0.5,1.0,881.45
1992-10-30,0.1436,0.3499,-0.4917,-0.2371,-0.0207,중립(Neutral),0.5,1.0,879.0
1992-11-02,0.5279,0.6857,-0.4804,-0.3955,0.1767,중립(Neutral),0.5,0.5,883.25
1992-11-03,0.46,0.5119,-0.3759,-0.2641,0.1554,중립(Neutral),0.5,0.5,881.05
1992-11-04,0.3231,0.7878,-0.5127,-0.0433,0.1754,중립(Neutral),0.5,0.5,877.4
1992-11-05,0.5653,0.8101,-0.718,-0.1714,0.1952,중립(Neutral),0.5,0.5,879.5
1992-11-06,0.3334,1.0527,-0.9182,-0.2154,0.118,중립(Neutral),0.5,0.5,878.3
1992-11-09,0.526,1.0468,-0.9029,-0.1945,0.1909,중립(Neutral),0.5,0.5,879.2
1992-11-10,0.4532,0.7947,-0.839,-0.0136,0.1455,중립(Neutral),0.5,0.5,879.6
1992-11-11,0.7223,1.0058,-0.8307,0.163,0.321,확장(Risk-On),1.0,0.5,883.75
1992-11-12,0.6825,0.8037,-0.7112,0.3575,0.3156,확장(Risk-On),1.0,0.5,884.05
1992-11-13,0.6961,0.783,-0.6991,0.2761,0.306,확장(Risk-On),1.0,0.5,884.25
1992-11-16,0.5743,0.7906,-0.7693,0.1951,0.2356,확장(Risk-On),1.0,0.5,881.95
1992-11-17,0.4013,0.6411,-0.8431,0.5454,0.1717,중립(Neutral),0.5,0.5,880.7
1992-11-18,0.624,0.6838,-0.8135,0.5566,0.2695,확장(Risk-On),1.0,0.5,884.25
1992-11-19,0.7066,0.6843,-0.9273,0.4846,0.2593,확장(Risk-On),1.0,0.5,884.65
1992-11-20,0.9004,0.9612,-0.8866,0.5117,0.4106,확장(Risk-On),1.0,0.5,887.8
1992-11-23,0.884,0.9941,-0.969,0.476,0.387,확장(Risk-On),1.0,0.5,886.45
1992-11-24,0.8874,1.1862,-0.7853,0.4968,0.4853,확장(Risk-On),1.0,0.5,889.3
1992-11-25,0.891,1.2487,-0.8293,0.4639,0.4863,확장(Risk-On),1.0,0.5,890.6
1992-11-27,0.8888,1.2335,-0.9543,0.1989,0.4107,확장(Risk-On),1.0,0.5,891.6
1992-11-30,0.9238,1.2077,-0.8767,0.2809,0.4482,확장(Risk-On),1.0,0.5,892.15
1992-12-01,0.9967,1.4149,-0.8261,0.4316,0.5608,확장(Risk-On),1.0,1.0,892.3
1992-12-02,0.7747,1.6164,-0.7745,0.396,0.541,확장(Risk-On),1.0,1.0,891.1
1992-12-03,0.8544,1.548,-0.6998,0.428,0.5753,확장(Risk-On),1.0,1.0,891.45
1992-12-04,1.1184,1.4375,-0.7686,0.472,0.6295,확장(Risk-On),1.0,1.0,893.9
1992-12-07,1.2251,1.2835,-0.4581,0.5002,0.7102,확장(Risk-On),1.0,1.0,896.5
1992-12-08,1.3641,1.2412,-0.0988,0.5762,0.8495,확장(Risk-On),1.0,1.0,898.95
1992-12-09,1.1949,1.1107,0.0235,0.5464,0.7837,확장(Risk-On),1.0,1.0,896.95
1992-12-10,1.1177,1.014,0.2249,0.5683,0.7862,확장(Risk-On),1.0,1.0,895.75
1992-12-11,0.8767,1.1479,0.0664,0.4983,0.6851,확장(Risk-On),1.0,1.0,895.05
1992-12-14,0.9292,1.0576,0.292,0.4357,0.728,확장(Risk-On),1.0,1.0,894.45
1992-12-15,0.944,1.1433,0.2157,0.4451,0.7369,확장(Risk-On),1.0,1.0,894.65
1992-12-16,0.9045,1.0973,0.1985,0.4562,0.709,확장(Risk-On),1.0,1.0,892.85
1992-12-17,1.0115,1.1701,0.2302,0.462,0.7734,확장(Risk-On),1.0,1.0,897.2
1992-12-18,1.1447,1.346,0.366,0.4768,0.9002,확장(Risk-On),1.0,1.0,901.95
1992-12-21,1.2248,1.4028,0.6178,0.3925,0.9927,확장(Risk-On),1.0,1.0,902.15
1992-12-22,1.1413,1.3178,0.3739,0.4318,0.8872,확장(Risk-On),1.0,1.0,902.55
1992-12-23,1.026,1.2822,0.1318,0.3916,0.7713,확장(Risk-On),1.0,1.0,901.55
1992-12-24,0.9842,1.2372,0.0099,0.3523,0.7091,확장(Risk-On),1.0,1.0,901.25
1992-12-28,0.808,1.2542,0.0543,0.3566,0.6634,확장(Risk-On),1.0,1.0,899.8
1992-12-29,0.7643,1.3586,0.2632,0.3824,0.7303,확장(Risk-On),1.0,1.0,899.0
1992-12-30,0.8028,1.327,0.2725,0.3995,0.7408,확장(Risk-On),1.0,1.0,900.0
1992-12-31,0.7413,1.2463,0.2715,0.411,0.7006,확장(Risk-On),1.0,1.0,898.25
1993-01-04,0.7721,0.8186,0.2029,0.5094,0.602,확장(Risk-On),1.0,1.0,896.1
1993-01-05,0.7558,0.7537,0.4798,0.4469,0.6399,확장(Risk-On),1.0,1.0,895.2
1993-01-06,0.7989,0.8526,0.4939,0.4155,0.6786,확장(Risk-On),1.0,1.0,895.85
1993-01-07,0.4309,0.3993,0.4373,0.2252,0.3937,확장(Risk-On),1.0,1.0,890.8
1993-01-08,0.1768,0.6473,0.1869,0.3352,0.3207,확장(Risk-On),1.0,1.0,890.3
1993-01-11,0.4246,0.9141,0.3203,0.3547,0.5104,확장(Risk-On),1.0,1.0,891.6
1993-01-12,0.4401,0.8629,0.1055,0.3055,0.4419,확장(Risk-On),1.0,1.0,892.05
1993-01-13,0.5397,0.979,0.3025,0.2145,0.5414,확장(Risk-On),1.0,1.0,893.95
1993-01-14,0.7963,0.928,0.4252,0.2763,0.6585,확장(Risk-On),1.0,1.0,896.9
1993-01-15,0.8091,0.853,0.5475,0.3224,0.6816,확장(Risk-On),1.0,1.0,897.05
1993-01-18,0.8552,0.8881,0.5393,0.268,0.6964,확장(Risk-On),1.0,1.0,897.9
1993-01-19,0.5292,0.6515,0.5158,0.2775,0.5187,확장(Risk-On),1.0,1.0,896.15
1993-01-20,0.1996,0.5381,0.5254,0.3565,0.3892,확장(Risk-On),1.0,1.0,893.75
1993-01-21,0.4059,0.6438,0.4141,0.3846,0.4642,확장(Risk-On),1.0,1.0,896.9
1993-01-22,0.4254,0.7217,0.4182,0.4493,0.5013,확장(Risk-On),1.0,1.0,897.25
1993-01-25,0.7617,0.654,0.751,0.4387,0.6837,확장(Risk-On),1.0,1.0,900.95
1993-01-26,0.6425,0.7801,0.6164,0.4129,0.6359,확장(Risk-On),1.0,1.0,900.4
1993-01-27,0.6207,0.5595,0.6317,0.4573,0.5836,확장(Risk-On),1.0,1.0,898.7
1993-01-28,0.6587,0.4459,0.6274,0.3975,0.5585,확장(Risk-On),1.0,1.0,899.4
1993-01-29,0.5488,0.3594,0.37,0.3836,0.432,확장(Risk-On),1.0,1.0,898.85
1993-02-01,0.9548,0.6344,0.5238,0.3892,0.6821,확장(Risk-On),1.0,1.0,903.1
1993-02-02,0.9785,0.7141,0.4799,0.3371,0.6916,확장(Risk-On),1.0,1.0,903.65
1993-02-03,1.3654,0.7486,0.6782,0.4517,0.9023,확장(Risk-On),1.0,1.0,908.5
1993-02-04,1.5043,0.8879,0.6775,0.4667,0.9879,확장(Risk-On),1.0,1.0,910.15
1993-02-05,1.6183,0.5288,0.6104,0.5792,0.9381,확장(Risk-On),1.0,1.0,909.95
1993-02-08,1.6013,0.2835,0.5526,0.4507,0.8371,확장(Risk-On),1.0,1.0,909.05
1993-02-09,1.3968,0.2392,0.538,0.4145,0.7454,확장(Risk-On),1.0,1.0,906.7
1993-02-10,1.4589,0.2403,0.3074,0.326,0.6964,확장(Risk-On),1.0,1.0,907.7
1993-02-11,1.4305,0.3253,0.5601,0.4546,0.7902,확장(Risk-On),1.0,1.0,908.65
1993-02-12,1.0617,0.3014,0.6115,0.6159,0.6922,확장(Risk-On),1.0,1.0,905.3
1993-02-16,0.2376,-0.694,0.1628,0.6872,0.0534,중립(Neutral),0.5,1.0,894.4
1993-02-17,0.2605,-0.7493,0.2406,0.6922,0.0678,중립(Neutral),0.5,1.0,894.3
1993-02-18,0.268,-0.8624,0.1884,0.7434,0.0368,중립(Neutral),0.5,1.0,892.95
1993-02-19,0.4359,-0.7531,0.3422,0.7331,0.1598,중립(Neutral),0.5,1.0,895.7
1993-02-22,0.3741,-0.7842,0.4995,0.7628,0.1742,중립(Neutral),0.5,1.0,897.1
1993-02-23,0.2852,-0.9936,0.253,0.8043,0.0353,중립(Neutral),0.5,1.0,896.6
1993-02-24,0.5194,-0.8274,0.4118,0.7005,0.183,중립(Neutral),0.5,1.0,902.4
1993-02-25,0.499,-0.5276,0.3699,0.6779,0.2369,확장(Risk-On),1.0,1.0,902.7
1993-02-26,0.6138,-0.3529,0.3801,0.5677,0.3068,확장(Risk-On),1.0,1.0,904.3
1993-03-01,0.5362,-0.4708,0.3656,0.5605,0.2454,확장(Risk-On),1.0,1.0,903.05
1993-03-02,0.8346,-0.1118,0.4721,0.5816,0.4694,확장(Risk-On),1.0,1.0,908.9
1993-03-03,0.8402,-0.2675,0.5721,0.6448,0.467,확장(Risk-On),1.0,1.0,910.75
1993-03-04,0.681,-0.4191,0.3706,0.7371,0.3368,확장(Risk-On),1.0,1.0,907.85
1993-03-05,0.4693,-0.4686,0.0723,0.6175,0.1578,중립(Neutral),0.5,1.0,906.6
1993-03-08,0.8287,-0.7011,0.5141,0.7014,0.3485,확장(Risk-On),1.0,1.0,916.6
1993-03-09,0.7331,-0.1963,0.5069,0.6412,0.4304,확장(Risk-On),1.0,1.0,915.2
1993-03-10,0.7928,-0.079,0.5988,0.6001,0.4975,확장(Risk-On),1.0,1.0,917.0
1993-03-11,0.7766,-0.1952,0.4983,0.5914,0.4363,확장(Risk-On),1.0,1.0,915.0
1993-03-12,0.4999,-0.4558,0.3303,0.4534,0.2116,확장(Risk-On),1.0,1.0,909.85
1993-03-15,0.6022,-0.1775,0.4258,0.4811,0.345,확장(Risk-On),1.0,1.0,912.45
1993-03-16,0.6484,0.0367,0.4647,0.6168,0.4448,확장(Risk-On),1.0,1.0,911.35
1993-03-17,0.8032,-0.0602,0.2636,0.5731,0.4179,확장(Risk-On),1.0,1.0,908.75
1993-03-18,0.9842,0.0137,0.2175,0.5641,0.4869,확장(Risk-On),1.0,1.0,912.4
1993-03-19,0.8798,0.1603,0.2189,0.5117,0.4795,확장(Risk-On),1.0,1.0,910.55
1993-03-22,0.5856,-0.0201,0.1974,0.5209,0.3274,확장(Risk-On),1.0,1.0,907.05
1993-03-23,0.6677,0.1283,0.3074,0.567,0.4277,확장(Risk-On),1.0,1.0,909.7
1993-03-24,0.6881,0.2326,0.3395,0.4365,0.4493,확장(Risk-On),1.0,1.0,909.25
1993-03-25,0.6893,0.3128,0.3351,0.4355,0.4686,확장(Risk-On),1.0,1.0,912.05
1993-03-26,0.5389,0.2696,0.373,0.2135,0.3813,확장(Risk-On),1.0,1.0,908.95
1993-03-29,0.6299,0.2423,0.4665,0.1869,0.4257,확장(Risk-On),1.0,1.0,911.65
1993-03-30,0.7664,0.3009,0.2231,0.4553,0.4675,확장(Risk-On),1.0,1.0,912.9
1993-03-31,0.5937,0.3049,0.2078,0.2277,0.3701,확장(Risk-On),1.0,1.0,912.65
1993-04-01,0.3967,0.1683,0.2494,0.1986,0.2731,확장(Risk-On),1.0,1.0,909.4
1993-04-02,0.2475,-0.1289,0.0649,0.1245,0.0893,중립(Neutral),0.5,1.0,902.6
1993-04-05,0.3194,0.1543,0.2262,0.2191,0.2398,확장(Risk-On),1.0,1.0,902.95
1993-04-06,-0.0104,-0.1098,0.0706,0.5155,0.0639,중립(Neutral),0.5,1.0,902.0
1993-04-07,0.107,-0.0278,0.1779,0.6166,0.1675,중립(Neutral),0.5,1.0,902.8
1993-04-08,0.069,0.0855,0.2014,0.7106,0.2025,확장(Risk-On),1.0,1.0,902.65
1993-04-12,0.3662,0.4093,0.3542,0.9309,0.4587,확장(Risk-On),1.0,1.0,908.4
1993-04-13,0.3509,0.4547,0.4096,0.8559,0.4673,확장(Risk-On),1.0,1.0,909.75
1993-04-14,0.3131,0.4478,0.2391,0.8448,0.408,확장(Risk-On),1.0,1.0,909.15
1993-04-15,0.4066,0.5722,0.4383,0.9345,0.5351,확장(Risk-On),1.0,1.0,909.25
1993-04-16,0.3353,0.398,0.3633,0.9263,0.4466,확장(Risk-On),1.0,1.0,909.6
1993-04-19,0.2887,0.254,0.2482,0.9029,0.3621,확장(Risk-On),1.0,1.0,907.0
1993-04-20,0.3484,0.2048,0.0654,0.9255,0.3283,확장(Risk-On),1.0,1.0,905.85
1993-04-21,0.1768,0.0692,0.1707,0.9005,0.2569,확장(Risk-On),1.0,1.0,903.9
1993-04-22,-0.0453,-0.1289,0.1797,0.9778,0.1435,중립(Neutral),0.5,1.0,898.6
1993-04-23,-0.2203,-0.2212,0.0663,0.9869,0.0322,중립(Neutral),0.5,1.0,897.05
1993-04-26,-0.3309,-0.5081,0.0795,0.9344,-0.0828,중립(Neutral),0.5,1.0,892.95
1993-04-27,-0.1847,-0.2097,0.188,0.8797,0.0619,중립(Neutral),0.5,1.0,897.75
1993-04-28,-0.2376,-0.0971,0.0159,0.8739,0.0276,중립(Neutral),0.5,1.0,897.0
1993-04-29,-0.1561,-0.061,-0.0974,0.9849,0.0535,중립(Neutral),0.5,1.0,899.35
1993-04-30,-0.1673,0.1873,-0.1717,0.9554,0.0886,중립(Neutral),0.5,1.0,898.7
1993-05-03,0.1304,0.1115,-0.0545,0.9571,0.2035,확장(Risk-On),1.0,0.5,902.4
1993-05-04,0.1286,0.2471,0.0605,0.9406,0.263,확장(Risk-On),1.0,0.5,903.95
1993-05-05,0.1449,0.1544,0.0513,0.879,0.234,확장(Risk-On),1.0,0.5,904.45
1993-05-06,0.097,-0.1724,0.0849,0.9429,0.1535,중립(Neutral),0.5,0.5,903.9
1993-05-07,0.0463,-0.1132,-0.0102,0.981,0.1325,중립(Neutral),0.5,0.5,902.05
1993-05-10,0.1314,-0.2778,-0.2283,0.9796,0.0664,중립(Neutral),0.5,0.5,903.3
1993-05-11,0.0758,-0.0695,0.0224,0.9221,0.1531,중립(Neutral),0.5,0.5,904.65
1993-05-12,0.0128,-0.0479,-0.2228,0.9298,0.0763,중립(Neutral),0.5,0.5,904.05
1993-05-13,-0.1688,-0.2659,-0.4351,0.8359,-0.1089,중립(Neutral),0.5,0.5,899.0
1993-05-14,-0.0224,-0.1828,-0.4306,0.8475,-0.0341,중립(Neutral),0.5,0.5,899.55
1993-05-17,0.0053,0.0243,-0.6833,0.6225,-0.0695,중립(Neutral),0.5,0.5,900.15
1993-05-18,0.1099,0.1628,-0.7434,0.5349,-0.0264,중립(Neutral),0.5,0.5,900.1
1993-05-19,0.4483,0.0803,-0.4493,0.7344,0.1748,중립(Neutral),0.5,0.5,908.35
1993-05-20,0.5974,0.1846,-0.3143,0.7312,0.2864,확장(Risk-On),1.0,0.5,910.85
1993-05-21,0.4894,0.1089,-0.5804,0.6278,0.1476,중립(Neutral),0.5,0.5,905.75
1993-05-24,0.5213,0.5033,-0.3854,0.7308,0.3216,확장(Risk-On),1.0,0.5,908.15
1993-05-25,0.6815,0.3141,-0.5638,0.8423,0.3024,확장(Risk-On),1.0,0.5,909.05
1993-05-26,0.7377,0.5359,-0.4067,0.9162,0.4279,확장(Risk-On),1.0,0.5,914.0
1993-05-27,0.6832,0.4949,-0.4827,0.754,0.3553,확장(Risk-On),1.0,0.5,911.55
1993-05-28,0.492,0.3552,-0.1819,0.6787,0.3173,확장(Risk-On),1.0,0.5,910.15
1993-06-01,0.6981,0.1832,-0.1938,0.8411,0.3679,확장(Risk-On),1.0,1.0,913.8
1993-06-02,0.6264,0.0757,-0.1234,0.8619,0.3366,확장(Risk-On),1.0,1.0,913.45
1993-06-03,0.5653,-0.0206,-0.2712,0.9799,0.2719,확장(Risk-On),1.0,1.0,912.45
1993-06-04,0.3525,0.3054,-0.4687,0.6735,0.1835,중립(Neutral),0.5,1.0,910.65
1993-06-07,0.2675,-0.1083,-0.2718,0.8828,0.131,중립(Neutral),0.5,1.0,907.7
1993-06-08,0.1824,-0.249,-0.2788,0.6586,0.0307,중립(Neutral),0.5,1.0,905.75
1993-06-09,0.2107,-0.0441,-0.298,0.8145,0.1104,중립(Neutral),0.5,1.0,906.45
1993-06-10,0.2491,0.1972,-0.1307,0.8316,0.2285,확장(Risk-On),1.0,1.0,906.5
1993-06-11,0.3415,0.4098,-0.11,0.9915,0.3432,확장(Risk-On),1.0,1.0,908.4
1993-06-14,0.5173,0.4511,-0.0956,0.9523,0.4128,확장(Risk-On),1.0,1.0,907.85
1993-06-15,0.5048,0.521,-0.1541,1.0006,0.4185,확장(Risk-On),1.0,1.0,906.85
1993-06-16,0.4832,0.5733,-0.3596,1.0335,0.3776,확장(Risk-On),1.0,1.0,908.25
1993-06-17,0.5535,0.6059,-0.2611,1.0857,0.4428,확장(Risk-On),1.0,1.0,909.05
1993-06-18,0.2046,0.3384,-0.5684,1.0186,0.1669,중립(Neutral),0.5,1.0,905.5
1993-06-21,0.1619,0.3212,-0.6268,1.0882,0.1435,중립(Neutral),0.5,1.0,906.75
1993-06-22,0.2963,0.3887,-0.7205,1.1187,0.1886,중립(Neutral),0.5,1.0,906.3
1993-06-23,-0.0121,0.2514,-0.827,1.0206,0.0049,중립(Neutral),0.5,1.0,902.5
1993-06-24,0.2195,0.1114,-0.8253,1.0689,0.0587,중립(Neutral),0.5,1.0,907.65
1993-06-25,0.0787,0.3778,-0.7076,1.1259,0.114,중립(Neutral),0.5,1.0,908.2
1993-06-28,0.2941,0.4984,-0.2792,1.335,0.358,확장(Risk-On),1.0,1.0,912.0
1993-06-29,0.2813,0.4918,-0.4593,1.3032,0.3021,확장(Risk-On),1.0,1.0,910.8
1993-06-30,0.2106,0.552,-0.4448,1.2688,0.2908,확장(Risk-On),1.0,1.0,910.35
1993-07-01,0.2237,0.455,-0.6535,1.2915,0.2224,확장(Risk-On),1.0,1.0,908.65
1993-07-02,0.1385,0.4238,-0.7986,1.3731,0.1608,중립(Neutral),0.5,1.0,905.6
1993-07-06,-0.0353,-0.0266,-1.0087,1.242,-0.0849,중립(Neutral),0.5,1.0,901.25
1993-07-07,0.0739,0.1773,-1.3191,1.1657,-0.0847,중립(Neutral),0.5,1.0,902.8
1993-07-08,0.3723,0.2599,-1.2367,1.2135,0.0681,중립(Neutral),0.5,1.0,907.8
1993-07-09,0.3941,0.5329,-1.1434,1.2223,0.1686,중립(Neutral),0.5,1.0,908.55
1993-07-12,0.2917,0.4697,-1.2363,1.2759,0.1018,중립(Neutral),0.5,1.0,908.75
1993-07-13,0.1976,0.3906,-1.0697,1.2248,0.0831,중립(Neutral),0.5,1.0,908.2
1993-07-14,0.288,0.4436,-0.9635,1.2138,0.1529,중립(Neutral),0.5,1.0,909.6
1993-07-15,0.309,0.4762,-1.1019,1.1346,0.1219,중립(Neutral),0.5,1.0,909.1
1993-07-16,0.1352,0.361,-1.0754,1.1677,0.0439,중립(Neutral),0.5,1.0,906.3
1993-07-19,0.1551,0.4236,-0.941,1.1381,0.0957,중립(Neutral),0.5,1.0,906.1
1993-07-20,0.3572,0.5762,-0.8723,1.0333,0.206,확장(Risk-On),1.0,1.0,907.35
1993-07-21,0.3275,0.4435,-0.6486,0.8403,0.1894,중립(Neutral),0.5,1.0,906.95
1993-07-22,0.3427,0.4472,-0.7524,0.7218,0.1519,중립(Neutral),0.5,1.0,905.1
1993-07-23,0.5692,0.6149,-0.5915,0.6338,0.3001,확장(Risk-On),1.0,1.0,906.8
1993-07-26,0.524,0.5121,-0.6233,0.6251,0.2494,확장(Risk-On),1.0,1.0,908.4
1993-07-27,0.31,0.4278,-0.6416,0.4361,0.1205,중립(Neutral),0.5,1.0,907.05
1993-07-28,0.2276,0.4386,-0.7386,0.4583,0.0734,중립(Neutral),0.5,1.0,907.35
1993-07-29,0.347,0.3999,-0.941,0.8281,0.1104,중립(Neutral),0.5,1.0,909.7
1993-07-30,0.2343,0.2986,-1.0733,0.8001,0.0083,중립(Neutral),0.5,1.0,907.35
1993-08-02,0.3148,0.4363,-0.8962,0.6314,0.0899,중립(Neutral),0.5,0.5,908.95
1993-08-03,0.3559,0.7117,-0.7798,0.7757,0.2239,확장(Risk-On),1.0,0.5,908.3
1993-08-04,0.5008,0.6082,-0.5666,0.6548,0.2839,확장(Risk-On),1.0,0.5,908.55
1993-08-05,0.4613,0.3897,-0.1872,0.6152,0.3044,확장(Risk-On),1.0,0.5,908.0
1993-08-06,0.3346,0.1187,-0.0268,0.5312,0.2198,확장(Risk-On),1.0,0.5,908.1
1993-08-09,0.4151,0.1218,0.1532,0.4864,0.287,확장(Risk-On),1.0,0.5,909.95
1993-08-10,0.4018,0.1545,0.0333,0.5127,0.2645,확장(Risk-On),1.0,0.5,910.15
1993-08-11,0.4288,0.0816,0.1303,0.3915,0.2618,확장(Risk-On),1.0,0.5,909.95
1993-08-12,0.3914,-0.0797,0.2974,0.1898,0.2199,확장(Risk-On),1.0,0.5,909.0
1993-08-13,0.4634,-0.1302,-0.0285,0.4694,0.1929,중립(Neutral),0.5,0.5,909.45
1993-08-16,0.6865,-0.0471,0.0265,0.6291,0.3295,확장(Risk-On),1.0,0.5,911.7
1993-08-17,0.8647,0.1038,0.3256,0.6227,0.5034,확장(Risk-On),1.0,0.5,913.45
1993-08-18,0.7975,0.2149,0.3175,0.533,0.4922,확장(Risk-On),1.0,0.5,915.65
1993-08-19,0.8214,0.0818,0.2169,0.5993,0.4521,확장(Risk-On),1.0,0.5,915.95
1993-08-20,1.0549,-0.0559,-0.055,0.5458,0.4234,확장(Risk-On),1.0,0.5,915.7
1993-08-23,0.8926,-0.1346,0.0235,0.4934,0.3586,확장(Risk-On),1.0,0.5,914.8
1993-08-24,1.0796,-0.0399,0.0989,0.6524,0.4905,확장(Risk-On),1.0,0.5,919.65
1993-08-25,1.0987,-0.1171,-0.1599,0.7128,0.4222,확장(Risk-On),1.0,0.5,920.45
1993-08-26,1.1409,-0.1712,0.0323,0.8452,0.4914,확장(Risk-On),1.0,0.5,920.55
1993-08-27,1.0714,0.0542,0.1238,0.8368,0.545,확장(Risk-On),1.0,0.5,920.25
1993-08-30,1.1451,-0.0536,0.3235,0.9313,0.608,확장(Risk-On),1.0,0.5,921.35
1993-08-31,1.1781,0.0596,0.2968,1.0971,0.666,확장(Risk-On),1.0,0.5,922.6
1993-09-01,1.1997,0.171,0.354,1.1665,0.7261,확장(Risk-On),1.0,1.0,922.15
1993-09-02,1.1249,0.0707,0.3652,1.0706,0.6633,확장(Risk-On),1.0,1.0,920.5
1993-09-03,1.2634,0.2129,0.4516,1.097,0.7729,확장(Risk-On),1.0,1.0,920.95
1993-09-07,1.056,-0.2907,0.4954,1.1205,0.5889,확장(Risk-On),1.0,1.0,918.0
1993-09-08,0.7947,-0.3801,0.3149,1.1153,0.4291,확장(Risk-On),1.0,1.0,916.0
1993-09-09,0.8662,-0.03,0.5277,0.8912,0.5613,확장(Risk-On),1.0,1.0,917.1
1993-09-10,1.0311,0.237,0.7634,0.8951,0.7453,확장(Risk-On),1.0,1.0,921.35
1993-09-13,1.1308,0.0923,0.7784,0.9453,0.7553,확장(Risk-On),1.0,1.0,921.35
1993-09-14,1.0291,-0.008,1.0179,0.8144,0.7348,확장(Risk-On),1.0,1.0,919.45
1993-09-15,1.0059,0.0734,1.0838,0.9261,0.7803,확장(Risk-On),1.0,1.0,920.8
1993-09-16,0.769,-0.1342,1.0396,0.9157,0.6329,확장(Risk-On),1.0,1.0,919.1
1993-09-17,0.6978,-0.0643,1.1713,0.8677,0.6511,확장(Risk-On),1.0,1.0,917.65
1993-09-20,0.4825,-0.4256,0.8786,0.833,0.4071,확장(Risk-On),1.0,1.0,914.15
1993-09-21,0.3375,-0.8403,0.2922,0.8156,0.1034,중립(Neutral),0.5,1.0,911.9
1993-09-22,0.7327,-0.1274,0.4246,0.9168,0.4682,확장(Risk-On),1.0,1.0,916.15
1993-09-23,0.5828,0.0109,0.4688,0.8898,0.4574,확장(Risk-On),1.0,1.0,917.5
1993-09-24,0.5394,0.1744,0.5051,0.8381,0.4844,확장(Risk-On),1.0,1.0,917.85
1993-09-27,0.6821,0.1735,0.8969,0.9098,0.6428,확장(Risk-On),1.0,1.0,921.4
1993-09-28,0.6913,0.3079,1.0256,0.8101,0.6968,확장(Risk-On),1.0,1.0,920.9
1993-09-29,0.6096,0.3272,1.2363,0.7424,0.7156,확장(Risk-On),1.0,1.0,919.4
1993-09-30,0.5485,0.1845,1.0786,0.6721,0.6086,확장(Risk-On),1.0,1.0,917.85
1993-10-01,0.9099,0.3891,1.0562,0.7555,0.7931,확장(Risk-On),1.0,1.0,920.9
1993-10-04,1.0936,0.1107,1.1564,0.7323,0.8094,확장(Risk-On),1.0,1.0,920.95
1993-10-05,1.0168,0.2686,1.1745,0.5452,0.7984,확장(Risk-On),1.0,1.0,920.15
1993-10-06,0.9956,0.3507,1.0745,0.6123,0.7966,확장(Risk-On),1.0,1.0,920.45
1993-10-07,0.9425,0.1655,0.866,0.681,0.6899,확장(Risk-On),1.0,1.0,918.3
1993-10-08,0.9621,0.2631,1.0616,0.7533,0.7809,확장(Risk-On),1.0,1.0,919.85
1993-10-11,0.8264,0.3641,1.1706,0.7293,0.7823,확장(Risk-On),1.0,1.0,920.25
1993-10-12,0.8144,0.4451,1.016,0.6937,0.7544,확장(Risk-On),1.0,1.0,920.45
1993-10-13,0.9175,0.5488,0.9766,0.7246,0.8112,확장(Risk-On),1.0,1.0,920.75
1993-10-14,1.2559,0.6592,0.9892,0.8331,0.9766,확장(Risk-On),1.0,1.0,926.45
1993-10-15,1.4467,0.664,1.1468,0.9651,1.1038,확장(Risk-On),1.0,1.0,928.85
1993-10-18,1.4158,0.7084,0.9908,0.8504,1.0479,확장(Risk-On),1.0,1.0,928.0
1993-10-19,1.3042,0.8073,0.8319,0.8021,0.9866,확장(Risk-On),1.0,1.0,924.85
1993-10-20,1.4935,0.5597,0.8357,0.8678,1.0018,확장(Risk-On),1.0,1.0,925.6
1993-10-21,1.2276,0.6433,0.6992,0.6674,0.8654,확장(Risk-On),1.0,1.0,924.5
1993-10-22,0.9137,0.5242,0.6992,0.609,0.717,확장(Risk-On),1.0,1.0,921.95
1993-10-25,1.0186,0.5558,0.9153,0.1964,0.7537,확장(Risk-On),1.0,1.0,923.05
1993-10-26,0.8576,0.417,0.7169,0.3142,0.6308,확장(Risk-On),1.0,1.0,923.05
1993-10-27,0.9063,0.4962,0.6858,0.4289,0.6771,확장(Risk-On),1.0,1.0,924.2
1993-10-28,1.1947,0.5484,0.7011,0.5693,0.8159,확장(Risk-On),1.0,1.0,926.55
1993-10-29,1.174,0.5833,0.5309,0.2871,0.7325,확장(Risk-On),1.0,1.0,926.55
1993-11-01,1.1924,0.7525,0.6109,-0.0451,0.7514,확장(Risk-On),1.0,1.0,927.95
1993-11-02,1.1604,0.8024,0.7099,-0.1494,0.7618,확장(Risk-On),1.0,1.0,927.0
1993-11-03,0.6617,0.2894,0.3958,-0.0992,0.388,확장(Risk-On),1.0,1.0,920.5
1993-11-04,0.4215,0.0576,0.1048,-0.1698,0.1626,중립(Neutral),0.5,1.0,916.9
1993-11-05,0.5233,-0.006,0.0761,-0.519,0.1228,중립(Neutral),0.5,1.0,918.1
1993-11-08,0.5134,0.1307,0.1187,-0.344,0.1904,중립(Neutral),0.5,1.0,918.9
1993-11-09,0.4928,0.1817,-0.1552,-0.2649,0.1394,중립(Neutral),0.5,1.0,919.3
1993-11-10,0.7199,0.1717,-0.067,-0.2822,0.2358,확장(Risk-On),1.0,1.0,923.0
1993-11-11,0.6027,0.0907,-0.212,-0.5299,0.1012,중립(Neutral),0.5,1.0,921.4
1993-11-12,0.5921,0.1973,0.0443,-0.2763,0.2262,확장(Risk-On),1.0,1.0,924.8
1993-11-15,0.3697,0.0308,0.0006,-0.1445,0.1156,중립(Neutral),0.5,1.0,922.8
1993-11-16,0.4865,-0.0286,0.0568,-0.0332,0.1723,중립(Neutral),0.5,1.0,925.6
1993-11-17,0.4274,-0.2193,-0.2002,-0.0293,0.0403,중립(Neutral),0.5,1.0,922.9
1993-11-18,0.3168,-0.0196,-0.1716,-0.1303,0.0435,중립(Neutral),0.5,1.0,921.9
1993-11-19,0.2683,0.0152,-0.5216,-0.2753,-0.074,중립(Neutral),0.5,1.0,920.05
1993-11-22,0.1088,-0.1258,-0.5359,-0.3491,-0.1797,중립(Neutral),0.5,1.0,918.0
1993-11-23,0.1804,0.1439,-0.3998,-0.1447,-0.0225,중립(Neutral),0.5,1.0,920.25
1993-11-24,0.2381,0.3,-0.289,-0.1865,0.0581,중립(Neutral),0.5,1.0,921.4
1993-11-26,0.2167,0.2091,-0.3607,-0.0408,0.0318,중립(Neutral),0.5,1.0,921.65
1993-11-29,0.0154,0.1346,-0.3656,-0.0043,-0.053,중립(Neutral),0.5,1.0,919.9
1993-11-30,0.0302,0.3592,-0.5863,0.0615,-0.037,중립(Neutral),0.5,1.0,920.35
1993-12-01,0.0539,0.4404,-0.9946,0.1968,-0.0902,중립(Neutral),0.5,0.5,921.4
1993-12-02,0.1297,0.6612,-0.7743,0.1667,0.0421,중립(Neutral),0.5,0.5,922.0
1993-12-03,0.4198,0.8652,-0.8114,0.2245,0.1941,중립(Neutral),0.5,0.5,923.85
1993-12-06,0.6955,0.799,-0.8021,0.3382,0.2934,확장(Risk-On),1.0,0.5,925.65
1993-12-07,0.6817,0.8157,-0.9568,0.3308,0.2529,확장(Risk-On),1.0,0.5,925.15
1993-12-08,0.6023,0.7071,-1.05,0.3769,0.1816,중립(Neutral),0.5,0.5,924.4
1993-12-09,0.4192,0.6222,-1.104,0.3609,0.0804,중립(Neutral),0.5,0.5,922.9
1993-12-10,0.2714,0.7031,-1.0301,0.3011,0.0584,중립(Neutral),0.5,0.5,922.4
1993-12-13,0.5195,1.0694,-1.0414,0.1674,0.2139,확장(Risk-On),1.0,0.5,925.0
1993-12-14,0.1568,1.1289,-1.0103,0.0377,0.0902,중립(Neutral),0.5,0.5,921.15
1993-12-15,0.2382,1.2765,-0.6015,-0.103,0.2367,확장(Risk-On),1.0,0.5,921.5
1993-12-16,0.1788,1.3913,-1.0043,-0.1318,0.1395,중립(Neutral),0.5,0.5,922.25
1993-12-17,0.4796,1.2423,-0.9193,0.1316,0.2684,확장(Risk-On),1.0,0.5,924.45
1993-12-20,0.5836,1.4082,-1.0428,0.1443,0.3172,확장(Risk-On),1.0,0.5,924.9
1993-12-21,0.5463,1.7239,-1.2971,0.129,0.3173,확장(Risk-On),1.0,0.5,924.3
1993-12-22,0.7146,1.6624,-1.0432,0.1853,0.4327,확장(Risk-On),1.0,0.5,926.2
1993-12-23,0.6368,1.4839,-0.9388,0.2533,0.3971,확장(Risk-On),1.0,0.5,926.05
1993-12-27,0.7306,1.5806,-0.8635,0.2275,0.4691,확장(Risk-On),1.0,0.5,929.15
1993-12-28,0.8573,1.5294,-0.931,0.2077,0.4808,확장(Risk-On),1.0,0.5,929.4
1993-12-29,0.8798,1.3819,-1.1233,0.1719,0.3984,확장(Risk-On),1.0,0.5,929.15
1993-12-30,0.6587,1.2991,-1.2843,0.1301,0.2537,확장(Risk-On),1.0,0.5,927.25
1993-12-31,0.4437,0.9637,-1.2867,0.067,0.0846,중립(Neutral),0.5,0.5,924.45
1994-01-03,0.3818,0.8943,-1.4805,-0.3574,-0.0665,중립(Neutral),0.5,0.5,923.45
1994-01-04,0.4173,0.9631,-1.3922,-0.2382,0.003,중립(Neutral),0.5,0.5,925.0
1994-01-05,0.5003,1.2064,-1.1395,-0.3264,0.1429,중립(Neutral),0.5,0.5,925.55
1994-01-06,0.4778,1.0494,-1.094,-0.1327,0.1362,중립(Neutral),0.5,0.5,925.35
1994-01-07,0.7543,0.9834,-0.8818,0.3094,0.3358,확장(Risk-On),1.0,0.5,928.75
1994-01-10,1.0237,0.885,-0.8005,0.404,0.44,확장(Risk-On),1.0,0.5,933.5
1994-01-11,0.883,0.7018,-0.7419,0.439,0.3649,확장(Risk-On),1.0,0.5,932.85
1994-01-12,0.8336,0.6077,-0.5265,0.4604,0.3811,확장(Risk-On),1.0,0.5,931.7
1994-01-13,0.7496,0.5583,-0.5493,0.3653,0.3194,확장(Risk-On),1.0,0.5,931.1
1994-01-14,0.836,0.8088,-0.3858,0.2984,0.4431,확장(Risk-On),1.0,0.5,932.15
1994-01-17,0.725,0.6083,-0.3998,0.1943,0.335,확장(Risk-On),1.0,0.5,931.05
1994-01-18,0.7474,0.4895,-0.3635,0.2703,0.3336,확장(Risk-On),1.0,0.5,931.9
1994-01-19,0.7364,0.4026,-0.2888,0.3053,0.3319,확장(Risk-On),1.0,0.5,931.65
1994-01-20,0.8043,0.4994,-0.1222,0.3318,0.4256,확장(Risk-On),1.0,0.5,932.8
1994-01-21,0.6922,0.4625,-0.0826,0.3431,0.3887,확장(Risk-On),1.0,0.5,931.1
1994-01-24,0.6191,0.3247,-0.24,0.3296,0.2873,확장(Risk-On),1.0,0.5,930.15
1994-01-25,0.4179,0.2748,-0.4243,0.3018,0.1542,중립(Neutral),0.5,0.5,929.1
1994-01-26,0.4669,0.3921,-0.382,0.2879,0.2091,확장(Risk-On),1.0,0.5,931.4
1994-01-27,0.7684,0.8356,0.3114,0.3359,0.6061,확장(Risk-On),1.0,0.5,935.05
1994-01-28,0.8698,1.0947,0.6902,0.3624,0.805,확장(Risk-On),1.0,0.5,936.2
1994-01-31,1.1899,1.0432,0.6935,0.3467,0.9026,확장(Risk-On),1.0,0.5,939.2
1994-02-01,1.234,1.0112,0.5705,0.2261,0.8612,확장(Risk-On),1.0,1.0,937.4
1994-02-02,1.4246,0.953,0.7561,0.2034,0.9564,확장(Risk-On),1.0,1.0,939.8
1994-02-03,1.2694,0.8472,0.4285,0.1796,0.7902,확장(Risk-On),1.0,1.0,937.7
1994-02-04,0.334,-0.2204,-0.1057,-0.2992,-0.0095,중립(Neutral),0.5,1.0,926.45
1994-02-07,0.3929,0.0864,-0.0932,-0.4844,0.0632,중립(Neutral),0.5,1.0,929.55
1994-02-08,0.2032,0.2476,-0.134,-0.6443,0.0029,중립(Neutral),0.5,1.0,929.4
1994-02-09,0.4344,0.3193,-0.1891,-0.6268,0.0906,중립(Neutral),0.5,1.0,930.8
1994-02-10,0.1829,0.1792,-0.1282,-0.5043,0.0011,중립(Neutral),0.5,1.0,926.95
1994-02-11,0.2814,-0.0015,0.0558,-0.3174,0.0644,중립(Neutral),0.5,1.0,927.5
1994-02-14,0.2503,0.1028,0.4661,-0.4214,0.1666,중립(Neutral),0.5,1.0,928.8
1994-02-15,0.4541,0.2584,0.6128,-0.4662,0.3068,확장(Risk-On),1.0,1.0,931.1
1994-02-16,0.4265,0.333,0.4968,-0.5077,0.2806,확장(Risk-On),1.0,1.0,930.65
1994-02-17,0.2519,0.1477,0.422,-0.9081,0.0944,중립(Neutral),0.5,1.0,927.9
1994-02-18,0.1194,0.0406,0.5463,-1.0711,0.0278,중립(Neutral),0.5,1.0,925.65
1994-02-22,0.3459,0.3757,0.5003,-0.9865,0.1921,중립(Neutral),0.5,1.0,929.75
1994-02-23,0.2971,0.2823,0.4507,-1.2728,0.0963,중립(Neutral),0.5,1.0,928.55
1994-02-24,-0.1387,-0.1572,0.401,-1.5125,-0.2145,수축(Risk-Off),0.0,1.0,921.0
1994-02-25,-0.0462,-0.0055,0.3933,-1.5592,-0.1531,중립(Neutral),0.5,1.0,923.75
1994-02-28,-0.1367,-0.131,0.321,-1.4092,-0.2117,수축(Risk-Off),0.0,1.0,923.65
1994-03-01,-0.2912,-0.127,0.0973,-1.7375,-0.37,수축(Risk-Off),0.0,0.0,921.4
1994-03-02,-0.4272,-0.1438,0.2599,-1.5904,-0.3591,수축(Risk-Off),0.0,0.0,922.1
1994-03-03,-0.4872,-0.1651,0.4568,-1.65,-0.3451,수축(Risk-Off),0.0,0.0,920.3
1994-03-04,-0.5083,-0.0129,0.3355,-1.5963,-0.3367,수축(Risk-Off),0.0,0.0,922.0
1994-03-07,-0.2908,0.62,0.5118,-1.2165,-0.0013,중립(Neutral),0.5,0.0,924.6
1994-03-08,-0.0204,0.1323,0.5163,-1.3048,-0.0407,중립(Neutral),0.5,0.0,922.85
1994-03-09,-0.0076,0.4683,0.654,-1.1793,0.101,중립(Neutral),0.5,0.0,924.7
1994-03-10,-0.1558,0.109,0.4663,-1.4763,-0.1322,중립(Neutral),0.5,0.0,921.4
1994-03-11,-0.0991,0.4513,0.5255,-1.3948,0.0003,중립(Neutral),0.5,0.0,923.65
1994-03-14,0.074,0.2344,0.4059,-1.5678,-0.0492,중립(Neutral),0.5,0.0,924.35
1994-03-15,0.045,0.4464,0.4867,-1.4633,0.0295,중립(Neutral),0.5,0.0,923.9
1994-03-16,0.177,0.4107,0.6002,-1.3846,0.107,중립(Neutral),0.5,0.0,926.9
1994-03-17,0.1052,0.7747,0.4768,-1.5065,0.1237,중립(Neutral),0.5,0.0,927.8
1994-03-18,0.0452,0.7931,0.2156,-1.4856,0.0451,중립(Neutral),0.5,0.0,926.45
1994-03-21,0.0667,0.7107,0.2185,-1.4286,0.0413,중립(Neutral),0.5,0.0,925.65
1994-03-22,0.18,0.6355,0.2367,-1.1678,0.1059,중립(Neutral),0.5,0.0,926.75
1994-03-23,0.0587,0.8449,0.245,-1.0189,0.1402,중립(Neutral),0.5,0.0,926.95
1994-03-24,-0.1981,0.7844,0.2782,-1.2212,0.0132,중립(Neutral),0.5,0.0,921.35
1994-03-25,-0.2911,0.5933,0.3955,-1.3295,-0.0541,중립(Neutral),0.5,0.0,916.2
1994-03-28,-0.2755,0.4655,0.5701,-1.4412,-0.0537,중립(Neutral),0.5,0.0,917.6
1994-03-29,-0.6302,0.1841,0.5243,-1.5206,-0.2716,수축(Risk-Off),0.0,0.0,907.9
1994-03-30,-0.7808,-0.0914,0.3727,-1.7088,-0.4593,수축(Risk-Off),0.0,0.0,902.4
1994-03-31,-0.7269,-0.3213,0.2462,-1.6226,-0.5166,수축(Risk-Off),0.0,0.0,903.0
1994-04-04,-1.0317,-0.5786,-0.292,-2.5332,-0.9587,수축(Risk-Off),0.0,0.0,895.5
1994-04-05,-0.6635,0.1566,-0.2127,-1.8287,-0.5205,수축(Risk-Off),0.0,0.0,904.9
1994-04-06,-0.7146,0.1285,-0.1496,-1.6899,-0.5089,수축(Risk-Off),0.0,0.0,903.5
1994-04-07,-0.6683,0.3612,-0.1673,-1.4513,-0.4031,수축(Risk-Off),0.0,0.0,906.75
1994-04-08,-0.777,0.2307,-0.0775,-1.6727,-0.4846,수축(Risk-Off),0.0,0.0,903.5
1994-04-11,-0.6859,0.3444,0.1274,-1.5381,-0.3528,수축(Risk-Off),0.0,0.0,906.7
1994-04-12,-0.7824,0.1899,0.1507,-1.3403,-0.3897,수축(Risk-Off),0.0,0.0,904.25
1994-04-13,-0.8239,0.1544,0.0651,-1.5884,-0.4718,수축(Risk-Off),0.0,0.0,902.35
1994-04-14,-0.898,0.1764,0.0046,-1.6396,-0.515,수축(Risk-Off),0.0,0.0,902.2
1994-04-15,-0.9013,0.2581,-0.11,-1.4427,-0.4948,수축(Risk-Off),0.0,0.0,902.0
1994-04-18,-0.9775,0.1982,-0.2439,-1.7102,-0.6101,수축(Risk-Off),0.0,0.0,898.65
1994-04-19,-0.9205,0.161,-0.0088,-1.7322,-0.544,수축(Risk-Off),0.0,0.0,899.35
1994-04-20,-0.9483,0.0468,-0.0221,-1.5247,-0.5544,수축(Risk-Off),0.0,0.0,898.95
1994-04-21,-0.6828,0.3373,0.0989,-0.893,-0.2639,수축(Risk-Off),0.0,0.0,905.6
1994-04-22,-0.6117,0.3349,-0.144,-0.9286,-0.3056,수축(Risk-Off),0.0,0.0,904.25
1994-04-25,-0.3456,0.5082,-0.1356,-0.6994,-0.1327,중립(Neutral),0.5,0.0,908.4
1994-04-26,-0.4151,0.5836,-0.0539,-0.5045,-0.0886,중립(Neutral),0.5,0.0,908.0
1994-04-28,-0.2968,0.6823,-0.0018,-0.785,-0.0515,중립(Neutral),0.5,0.0,905.3
1994-04-29,-0.2976,0.8053,0.1314,-0.5828,0.0426,중립(Neutral),0.5,0.0,906.6
1994-05-02,-0.1927,1.0726,0.5619,-0.5806,0.2541,확장(Risk-On),1.0,0.5,909.1
1994-05-03,-0.0838,0.7564,0.3652,-0.7811,0.1339,중립(Neutral),0.5,0.5,908.2
1994-05-04,-0.3113,0.6151,0.3225,-0.8378,-0.0002,중립(Neutral),0.5,0.5,907.3
1994-05-05,-0.1656,0.5447,0.3314,-0.8834,0.0286,중립(Neutral),0.5,0.5,906.8
1994-05-06,-0.4382,0.5502,0.0651,-1.1977,-0.1792,중립(Neutral),0.5,0.5,902.85
1994-05-09,-0.516,0.4003,-0.046,-1.3814,-0.2992,수축(Risk-Off),0.0,0.5,898.25
1994-05-10,-0.4486,0.4265,-0.1978,-1.0634,-0.2594,수축(Risk-Off),0.0,0.5,902.0
1994-05-11,-0.5339,0.3772,-0.4657,-1.1083,-0.3752,수축(Risk-Off),0.0,0.5,897.4
1994-05-12,-0.4188,0.3624,-0.3592,-1.0584,-0.3045,수축(Risk-Off),0.0,0.5,899.35
1994-05-13,-0.4417,0.4293,-0.3922,-0.9309,-0.285,수축(Risk-Off),0.0,0.5,900.4
1994-05-16,-0.4786,0.4394,-0.4795,-0.6331,-0.2725,수축(Risk-Off),0.0,0.5,900.5
1994-05-17,-0.1087,0.4715,-0.2976,-0.5097,-0.0711,중립(Neutral),0.5,0.5,906.9
1994-05-18,0.0315,0.6894,-0.0918,-0.4519,0.0927,중립(Neutral),0.5,0.5,910.35
1994-05-19,0.1552,0.6577,-0.0261,-0.4195,0.1493,중립(Neutral),0.5,0.5,912.6
1994-05-20,-0.1354,0.5604,-0.1665,-0.4459,-0.0158,중립(Neutral),0.5,0.5,911.05
1994-05-23,-0.112,0.5068,-0.2931,-0.8333,-0.1108,중립(Neutral),0.5,0.5,910.15
1994-05-24,-0.0395,0.5666,-0.2204,-0.83,-0.0518,중립(Neutral),0.5,0.5,911.6
1994-05-25,-0.0559,0.6027,-0.2993,-0.79,-0.0622,중립(Neutral),0.5,0.5,912.4
1994-05-26,-0.0055,0.6283,-0.189,-0.5309,0.0283,중립(Neutral),0.5,0.5,913.55
1994-05-27,0.0557,0.5557,-0.045,-0.5501,0.0647,중립(Neutral),0.5,0.5,912.75
1994-05-31,0.0176,0.5079,-0.248,-0.5719,-0.0147,중립(Neutral),0.5,0.5,912.45
1994-06-01,0.0659,0.5342,-0.0855,-0.5043,0.0596,중립(Neutral),0.5,0.5,913.95
1994-06-02,0.0726,0.5047,-0.1419,-0.4489,0.0488,중립(Neutral),0.5,0.5,913.85
1994-06-03,0.1605,0.5934,0.101,-0.395,0.1705,중립(Neutral),0.5,0.5,916.4
1994-06-06,0.1612,0.4208,-0.006,-0.3519,0.1073,중립(Neutral),0.5,0.5,915.6
1994-06-07,0.1591,0.4642,0.1292,-0.3918,0.1453,중립(Neutral),0.5,0.5,914.3
1994-06-08,0.2741,0.3751,0.1711,-0.3827,0.1751,중립(Neutral),0.5,0.5,913.5
1994-06-09,0.2049,0.4199,-0.004,-0.3733,0.1197,중립(Neutral),0.5,0.5,914.35
1994-06-10,0.3213,0.5113,-0.0026,-0.4581,0.1709,중립(Neutral),0.5,0.5,915.1
1994-06-13,0.3077,0.5836,0.3028,-0.497,0.2547,확장(Risk-On),1.0,0.5,915.8
1994-06-14,0.3869,0.6379,0.4041,-0.4537,0.3279,확장(Risk-On),1.0,0.5,918.7
1994-06-15,0.2731,0.6825,0.3164,-0.5101,0.2688,확장(Risk-On),1.0,0.5,916.5
1994-06-16,0.2005,0.6337,0.2541,-0.4975,0.2175,확장(Risk-On),1.0,0.5,917.7
1994-06-17,0.0202,0.4262,0.3247,-0.67,0.0943,중립(Neutral),0.5,0.5,914.35
1994-06-20,-0.2095,0.2119,0.4736,-0.5969,0.0085,중립(Neutral),0.5,0.5,911.3
1994-06-21,-0.3572,0.098,0.2003,-0.5259,-0.1293,중립(Neutral),0.5,0.5,907.05
1994-06-22,-0.2256,0.211,0.4908,-0.4216,0.0332,중립(Neutral),0.5,0.5,908.95
1994-06-23,-0.3563,0.1485,0.5507,-0.4362,-0.0153,중립(Neutral),0.5,0.5,905.2
1994-06-24,-0.7379,-0.3006,0.4791,-0.5557,-0.297,수축(Risk-Off),0.0,0.5,896.65
1994-06-27,-0.3005,-0.144,1.1248,-0.4994,0.0651,중립(Neutral),0.5,0.5,903.8
1994-06-28,-0.2963,0.001,1.0981,-0.6962,0.0666,중립(Neutral),0.5,0.5,901.6
1994-06-29,-0.2083,0.0082,1.0718,-0.7644,0.0824,중립(Neutral),0.5,0.5,903.35
1994-06-30,-0.4278,-0.0503,1.0496,-1.0677,-0.0601,중립(Neutral),0.5,0.5,899.6
1994-07-01,-0.2891,-0.0026,0.8895,-1.2092,-0.0608,중립(Neutral),0.5,0.5,901.05
1994-07-05,-0.4732,-0.0196,0.9091,-1.1932,-0.1222,중립(Neutral),0.5,0.5,901.6
1994-07-06,-0.4507,-0.025,0.7606,-1.1093,-0.1402,중립(Neutral),0.5,0.5,901.35
1994-07-07,-0.3369,0.2343,0.7283,-1.0488,-0.0346,중립(Neutral),0.5,0.5,903.95
1994-07-08,-0.256,0.4326,0.8319,-1.3151,0.0293,중립(Neutral),0.5,0.5,904.45
1994-07-11,-0.4471,0.2435,0.9151,-1.3239,-0.0654,중립(Neutral),0.5,0.5,901.75
1994-07-12,-0.3352,0.2568,1.0836,-1.1903,0.0392,중립(Neutral),0.5,0.5,903.3
1994-07-13,-0.2892,0.3867,1.0695,-1.2915,0.0691,중립(Neutral),0.5,0.5,904.1
1994-07-14,-0.1594,0.5248,0.841,-0.7568,0.1722,중립(Neutral),0.5,0.5,908.45
1994-07-15,-0.0558,0.6202,0.7934,-0.7961,0.2145,확장(Risk-On),1.0,0.5,909.35
1994-07-18,0.0095,0.6544,0.6695,-0.6084,0.243,확장(Risk-On),1.0,0.5,910.05
1994-07-19,0.0423,0.7407,0.4817,-0.595,0.2312,확장(Risk-On),1.0,0.5,909.4
1994-07-20,-0.0288,0.7968,0.4124,-0.6817,0.1899,중립(Neutral),0.5,0.5,906.45
1994-07-21,0.0619,0.7864,0.3597,-0.8003,0.1882,중립(Neutral),0.5,0.5,907.85
1994-07-22,0.0398,0.9011,0.2179,-0.8233,0.1702,중립(Neutral),0.5,0.5,908.05
1994-07-25,0.0982,1.0759,0.287,-0.6577,0.2764,확장(Risk-On),1.0,0.5,908.85
1994-07-26,0.3347,0.8859,0.2253,-0.7105,0.2883,확장(Risk-On),1.0,0.5,908.5
1994-07-27,0.0909,0.7406,0.1002,-0.6162,0.1496,중립(Neutral),0.5,0.5,907.7
1994-07-28,0.2948,0.6513,0.1335,-0.5504,0.2168,확장(Risk-On),1.0,0.5,909.65
1994-07-29,0.4102,0.8746,0.4271,-0.4006,0.4089,확장(Risk-On),1.0,0.5,913.45
1994-08-01,0.5819,0.8618,0.5037,-0.4334,0.4801,확장(Risk-On),1.0,1.0,915.65
1994-08-02,0.5599,0.8168,0.9203,-0.444,0.5636,확장(Risk-On),1.0,1.0,915.5
1994-08-03,0.586,0.8003,1.0084,-0.4697,0.5868,확장(Risk-On),1.0,1.0,916.0
1994-08-04,0.4398,0.5273,0.9489,-0.4805,0.4509,확장(Risk-On),1.0,1.0,912.9
1994-08-05,0.3942,0.5231,1.1571,-0.5736,0.472,확장(Risk-On),1.0,1.0,911.95
1994-08-08,0.4945,0.5605,1.014,-0.5686,0.4814,확장(Risk-On),1.0,1.0,912.5
1994-08-09,0.5358,0.5387,1.0406,-0.5296,0.5029,확장(Risk-On),1.0,1.0,913.05
1994-08-10,0.6828,0.6333,1.1631,-0.4844,0.6154,확장(Risk-On),1.0,1.0,915.65
1994-08-11,0.4902,0.4716,0.7895,-0.6646,0.3872,확장(Risk-On),1.0,1.0,912.95
1994-08-12,0.5549,0.6589,0.888,-0.4481,0.5137,확장(Risk-On),1.0,1.0,917.2
1994-08-15,0.4942,0.4714,0.8303,-0.5099,0.4219,확장(Risk-On),1.0,1.0,916.6
1994-08-16,0.5428,0.6222,1.0261,-0.3461,0.5501,확장(Risk-On),1.0,1.0,919.9
1994-08-17,0.4843,0.4766,1.1958,-0.3749,0.5314,확장(Risk-On),1.0,1.0,919.4
1994-08-18,0.4008,0.406,1.1173,-0.368,0.4659,확장(Risk-On),1.0,1.0,917.75
1994-08-19,0.404,0.1961,1.1024,-0.3595,0.4121,확장(Risk-On),1.0,1.0,918.2
1994-08-22,0.3663,0.2764,1.0566,-0.3532,0.4085,확장(Risk-On),1.0,1.0,917.35
1994-08-23,0.4491,0.5096,1.0973,-0.3205,0.5108,확장(Risk-On),1.0,1.0,919.75
1994-08-24,0.6663,0.5718,1.2491,-0.2987,0.6436,확장(Risk-On),1.0,1.0,924.3
1994-08-25,0.5881,0.5136,1.0141,-0.3164,0.5403,확장(Risk-On),1.0,1.0,922.95
1994-08-26,0.8658,0.4835,1.065,-0.3809,0.633,확장(Risk-On),1.0,1.0,929.85
1994-08-29,0.7708,0.5832,0.833,-0.3168,0.5763,확장(Risk-On),1.0,1.0,929.55
1994-08-30,0.7427,0.7771,0.9003,-0.2686,0.639,확장(Risk-On),1.0,1.0,930.7
1994-08-31,0.6659,0.5666,0.8368,-0.184,0.5563,확장(Risk-On),1.0,1.0,928.65
1994-09-01,0.6139,0.6867,0.9021,-0.1944,0.5829,확장(Risk-On),1.0,1.0,928.35
1994-09-02,0.5844,0.77,0.9474,-0.2561,0.5955,확장(Risk-On),1.0,1.0,926.1
1994-09-06,0.5897,0.6999,0.8982,-0.2738,0.5648,확장(Risk-On),1.0,1.0,925.95
1994-09-07,0.5496,0.66,0.6794,-0.2358,0.4918,확장(Risk-On),1.0,1.0,925.2
1994-09-08,0.6509,0.617,0.603,-0.2115,0.5011,확장(Risk-On),1.0,1.0,927.45
1994-09-09,0.3044,0.3574,0.6722,-0.4087,0.3026,확장(Risk-On),1.0,1.0,922.5
1994-09-12,0.2587,0.038,0.6989,-0.5585,0.191,중립(Neutral),0.5,1.0,920.1
1994-09-13,0.195,0.206,0.9185,-0.3957,0.29,확장(Risk-On),1.0,1.0,921.7
1994-09-14,0.3504,0.3053,0.9369,-0.4906,0.3596,확장(Risk-On),1.0,1.0,923.25
1994-09-15,0.5019,0.656,1.2652,-0.4355,0.5906,확장(Risk-On),1.0,1.0,928.1
1994-09-16,0.3763,0.6011,1.0842,-0.5388,0.4723,확장(Risk-On),1.0,1.0,925.0
1994-09-19,0.4643,0.6871,1.0536,-0.4311,0.533,확장(Risk-On),1.0,1.0,925.0
1994-09-20,0.0851,0.3095,0.9745,-0.4433,0.2843,확장(Risk-On),1.0,1.0,916.4
1994-09-21,0.0382,0.135,0.5183,-0.4818,0.1044,중립(Neutral),0.5,1.0,916.1
1994-09-22,-0.012,0.1944,0.5502,-0.4843,0.1093,중립(Neutral),0.5,1.0,915.2
1994-09-23,-0.0313,0.0911,0.3766,-0.4962,0.0315,중립(Neutral),0.5,1.0,914.4
1994-09-26,-0.0346,0.1229,0.5117,-0.6263,0.0526,중립(Neutral),0.5,1.0,915.6
1994-09-27,-0.1811,0.1905,0.4986,-0.7393,-0.002,중립(Neutral),0.5,1.0,916.4
1994-09-28,-0.0656,0.3428,0.6603,-0.6872,0.1247,중립(Neutral),0.5,1.0,918.9
1994-09-29,-0.1605,0.2783,0.4114,-0.8845,-0.0164,중립(Neutral),0.5,1.0,916.45
1994-09-30,-0.1694,0.1396,0.4616,-0.8733,-0.04,중립(Neutral),0.5,1.0,915.7
1994-10-03,-0.152,-0.2139,0.2956,-0.9096,-0.1692,중립(Neutral),0.5,0.5,915.7
1994-10-04,-0.4985,-0.5227,0.2046,-0.8659,-0.3839,수축(Risk-Off),0.0,0.5,907.5
1994-10-05,-0.5787,-0.318,0.0187,-0.974,-0.4235,수축(Risk-Off),0.0,0.5,906.7
1994-10-06,-0.5857,-0.3909,0.0195,-0.8766,-0.4293,수축(Risk-Off),0.0,0.5,906.35
1994-10-07,-0.475,0.088,0.1027,-0.507,-0.1946,중립(Neutral),0.5,0.5,909.1
1994-10-10,-0.203,0.2651,0.2788,-0.4732,-0.006,중립(Neutral),0.5,0.5,913.1
1994-10-11,0.1591,0.5818,0.4481,-0.5121,0.2364,확장(Risk-On),1.0,0.5,919.85
1994-10-12,0.0726,0.3922,0.6584,-0.643,0.1916,중립(Neutral),0.5,0.5,920.1
1994-10-13,0.1153,0.1414,0.7711,-0.6683,0.1682,중립(Neutral),0.5,0.5,921.6
1994-10-14,0.0753,0.5328,0.8777,-0.2749,0.3377,확장(Risk-On),1.0,0.5,923.7
1994-10-17,0.1149,0.2556,1.0028,-0.3761,0.2984,확장(Risk-On),1.0,0.5,922.5
1994-10-18,0.103,0.4272,0.9984,-0.2171,0.3599,확장(Risk-On),1.0,0.5,920.95
1994-10-19,0.4063,0.3879,1.1204,-0.2483,0.482,확장(Risk-On),1.0,0.5,923.35
1994-10-20,0.2418,0.1611,1.0286,-0.5588,0.2982,확장(Risk-On),1.0,0.5,919.85
1994-10-21,0.1672,0.2214,0.9613,-0.5005,0.2791,확장(Risk-On),1.0,0.5,918.2
1994-10-24,0.0068,0.1162,0.8554,-0.6659,0.1454,중립(Neutral),0.5,0.5,914.6
1994-10-25,0.0,0.2004,0.8607,-0.6541,0.1672,중립(Neutral),0.5,0.5,914.85
1994-10-26,-0.014,0.231,0.7236,-0.5707,0.1481,중립(Neutral),0.5,0.5,915.8
1994-10-27,0.0548,0.3662,0.7761,-0.3685,0.2495,확장(Risk-On),1.0,0.5,919.65
1994-10-28,0.5145,0.6893,0.9254,-0.3212,0.5356,확장(Risk-On),1.0,0.5,928.65
1994-10-31,0.3901,0.6698,1.0862,-0.1984,0.5458,확장(Risk-On),1.0,0.5,924.9
1994-11-01,0.2313,0.7607,0.9845,-0.4423,0.4509,확장(Risk-On),1.0,1.0,921.6
1994-11-02,0.3543,0.558,0.9443,-0.4764,0.4281,확장(Risk-On),1.0,1.0,919.3
1994-11-03,0.4659,0.5559,0.6601,-0.5538,0.384,확장(Risk-On),1.0,1.0,921.25
1994-11-04,0.1661,0.1712,0.6717,-1.0141,0.1167,중립(Neutral),0.5,1.0,914.85
1994-11-07,0.1972,0.0829,0.5668,-1.1297,0.062,중립(Neutral),0.5,1.0,916.95
1994-11-08,0.1538,0.151,0.6338,-1.1555,0.0767,중립(Neutral),0.5,1.0,919.4
1994-11-09,0.0033,0.2264,0.4494,-0.9045,0.0344,중립(Neutral),0.5,1.0,918.25
1994-11-10,-0.1006,0.3996,0.3512,-0.988,0.0043,중립(Neutral),0.5,1.0,917.65
1994-11-11,-0.209,0.1095,0.3827,-1.3405,-0.1512,중립(Neutral),0.5,1.0,915.25
1994-11-14,-0.111,0.176,0.4184,-0.9606,-0.0343,중립(Neutral),0.5,1.0,919.55
1994-11-15,-0.1259,0.0921,0.1627,-0.8608,-0.1095,중립(Neutral),0.5,1.0,918.1
1994-11-16,-0.0084,0.4078,0.1462,-0.9372,-0.005,중립(Neutral),0.5,1.0,919.3
1994-11-17,-0.187,0.4548,0.1856,-0.8082,-0.0266,중립(Neutral),0.5,1.0,916.8
1994-11-18,-0.1532,0.3742,0.1974,-0.8793,-0.0426,중립(Neutral),0.5,1.0,915.65
1994-11-21,-0.3898,0.347,0.1134,-0.8642,-0.151,중립(Neutral),0.5,1.0,910.05
1994-11-22,-0.741,-0.0682,0.1169,-0.8226,-0.3705,수축(Risk-Off),0.0,1.0,899.6
1994-11-23,-0.5935,-0.43,0.0578,-0.4584,-0.3695,수축(Risk-Off),0.0,1.0,903.0
1994-11-25,-0.5781,-0.1824,0.086,-0.4203,-0.2895,수축(Risk-Off),0.0,1.0,906.1
1994-11-28,-0.6065,-0.1143,0.1201,-0.5654,-0.2956,수축(Risk-Off),0.0,1.0,907.4
1994-11-29,-0.7682,0.0783,0.145,-0.7394,-0.324,수축(Risk-Off),0.0,1.0,908.7
1994-11-30,-0.7636,0.0394,0.1849,-0.4418,-0.2775,수축(Risk-Off),0.0,1.0,906.4
1994-12-01,-0.8675,-0.0851,0.2951,-0.4381,-0.3169,수축(Risk-Off),0.0,0.0,901.45
1994-12-02,-0.5949,-0.1034,0.4681,-0.387,-0.1751,중립(Neutral),0.5,0.0,906.35
1994-12-05,-0.6268,0.0778,0.5183,-0.3548,-0.1236,중립(Neutral),0.5,0.0,906.5
1994-12-06,-0.4935,0.0735,0.4039,-0.274,-0.0945,중립(Neutral),0.5,0.0,906.3
1994-12-07,-0.6459,-0.0352,0.3421,-0.2832,-0.1918,중립(Neutral),0.5,0.0,904.55
1994-12-08,-0.8332,-0.395,0.0478,-0.2809,-0.4206,수축(Risk-Off),0.0,0.0,898.4
1994-12-09,-0.7217,-0.0989,-0.0196,-0.2141,-0.3143,수축(Risk-Off),0.0,0.0,900.35
1994-12-12,-0.6471,0.0497,-0.02,-0.3624,-0.2734,수축(Risk-Off),0.0,0.0,902.6
1994-12-13,-0.5946,0.2552,0.0504,-0.3594,-0.1856,중립(Neutral),0.5,0.0,903.5
1994-12-14,-0.6133,0.6252,0.3014,-0.248,-0.0202,중립(Neutral),0.5,0.0,907.45
1994-12-15,-0.5194,0.5267,0.2832,-0.2813,-0.0215,중립(Neutral),0.5,0.0,908.0
1994-12-16,-0.4293,0.6423,0.4939,-0.2058,0.1029,중립(Neutral),0.5,0.0,911.15
1994-12-19,-0.2662,0.6094,0.4658,-0.2202,0.1426,중립(Neutral),0.5,0.0,911.3
1994-12-20,-0.2971,0.5985,0.2833,-0.1336,0.0964,중립(Neutral),0.5,0.0,909.8
1994-12-21,-0.0134,0.8763,0.5698,-0.1303,0.3373,확장(Risk-On),1.0,0.0,914.25
1994-12-22,0.1474,0.92,0.3417,-0.2362,0.3316,확장(Risk-On),1.0,0.0,912.6
1994-12-23,0.0759,0.9411,0.4565,-0.265,0.3362,확장(Risk-On),1.0,0.0,912.9
1994-12-27,0.1079,0.8233,0.431,-0.1359,0.331,확장(Risk-On),1.0,0.0,915.35
1994-12-28,0.0021,0.6067,0.3511,-0.0785,0.2284,확장(Risk-On),1.0,0.0,913.65
1994-12-29,0.0231,0.6859,0.5909,-0.0572,0.3187,확장(Risk-On),1.0,0.0,913.95
1994-12-30,-0.0585,0.6254,0.5035,-0.1154,0.2444,확장(Risk-On),1.0,0.0,910.7
1995-01-03,0.0467,0.4442,0.5779,-0.392,0.2131,확장(Risk-On),1.0,1.0,910.8
1995-01-04,0.1262,0.5092,0.6157,-0.4102,0.2639,확장(Risk-On),1.0,1.0,913.1
1995-01-05,0.0878,0.5215,0.4094,-0.4522,0.1956,중립(Neutral),0.5,1.0,912.6
1995-01-06,0.0852,0.7378,0.4235,-0.452,0.2523,확장(Risk-On),1.0,1.0,912.35
1995-01-09,0.2118,0.5453,0.3355,-0.5025,0.219,확장(Risk-On),1.0,1.0,913.1
1995-01-10,0.1025,0.6227,0.1287,-0.2692,0.1833,중립(Neutral),0.5,1.0,913.55
1995-01-11,0.0517,0.5824,0.0173,-0.2177,0.1354,중립(Neutral),0.5,1.0,913.8
1995-01-12,0.0101,0.3165,-0.0537,-0.2569,0.0307,중립(Neutral),0.5,1.0,913.6
1995-01-13,0.0899,0.5629,0.0305,-0.1378,0.1591,중립(Neutral),0.5,1.0,918.4
1995-01-16,0.2089,0.5388,0.201,-0.093,0.2441,확장(Risk-On),1.0,1.0,921.1
1995-01-17,0.1614,0.4547,0.1094,-0.1359,0.1771,중립(Neutral),0.5,1.0,921.35
1995-01-18,0.1029,0.5125,-0.0272,-0.2948,0.1131,중립(Neutral),0.5,1.0,920.5
1995-01-19,0.0803,0.3328,-0.1857,-0.3119,0.0181,중립(Neutral),0.5,1.0,917.95
1995-01-20,-0.0475,0.3276,-0.2021,-0.382,-0.0425,중립(Neutral),0.5,1.0,916.65
1995-01-23,0.0568,0.1012,-0.1595,-0.396,-0.0541,중립(Neutral),0.5,1.0,917.45
1995-01-24,0.0357,0.2263,-0.2845,-0.5281,-0.0813,중립(Neutral),0.5,1.0,917.7
1995-01-25,0.025,0.4227,-0.3788,-0.2054,-0.0111,중립(Neutral),0.5,1.0,919.25
1995-01-26,0.0491,0.4364,-0.252,-0.1844,0.0356,중립(Neutral),0.5,1.0,920.5
1995-01-27,-0.0582,0.3986,-0.0378,-0.056,0.0615,중립(Neutral),0.5,1.0,920.9
1995-01-30,-0.014,0.1401,0.1679,-0.0838,0.0595,중립(Neutral),0.5,1.0,919.3
1995-01-31,0.1632,0.3743,0.2515,-0.0176,0.2109,확장(Risk-On),1.0,1.0,921.55
1995-02-01,0.2681,0.3409,0.0313,-0.1088,0.1706,중립(Neutral),0.5,1.0,921.25
1995-02-02,0.2892,0.524,0.0394,-0.1194,0.2241,확장(Risk-On),1.0,1.0,924.0
1995-02-03,0.6903,0.5564,0.2574,-0.0553,0.4367,확장(Risk-On),1.0,1.0,930.4
1995-02-06,0.7352,0.5583,0.4666,-0.1073,0.4974,확장(Risk-On),1.0,1.0,932.1
1995-02-07,0.7256,0.4724,0.5233,-0.0132,0.5009,확장(Risk-On),1.0,1.0,932.35
1995-02-08,0.7077,0.3801,0.4413,-0.0303,0.4485,확장(Risk-On),1.0,1.0,931.7
1995-02-09,0.7172,0.4985,0.6582,-0.0401,0.5342,확장(Risk-On),1.0,1.0,932.0
1995-02-10,0.7905,0.3676,0.7717,-0.0943,0.5474,확장(Risk-On),1.0,1.0,933.0
1995-02-13,0.5933,0.3317,0.7593,-0.1494,0.458,확장(Risk-On),1.0,1.0,932.7
1995-02-14,0.5837,0.3676,0.8599,-0.0268,0.5071,확장(Risk-On),1.0,1.0,933.05
1995-02-15,0.7529,0.4313,1.066,-0.0267,0.6338,확장(Risk-On),1.0,1.0,936.15
1995-02-16,0.8963,0.6987,1.6496,0.01,0.9023,확장(Risk-On),1.0,1.0,935.65
1995-02-17,0.9032,0.728,1.4522,-0.0358,0.8558,확장(Risk-On),1.0,1.0,933.8
1995-02-21,1.2772,0.5092,1.4486,-0.0765,0.925,확장(Risk-On),1.0,1.0,933.75
1995-02-22,1.3608,0.4913,1.4893,0.0359,0.9768,확장(Risk-On),1.0,1.0,936.45
1995-02-23,1.386,0.6535,1.6203,0.0611,1.0627,확장(Risk-On),1.0,1.0,938.05
1995-02-24,1.3882,0.816,1.8714,0.1048,1.1735,확장(Risk-On),1.0,1.0,938.05
1995-02-27,1.1239,0.4068,1.5773,0.1664,0.9144,확장(Risk-On),1.0,1.0,934.3
1995-02-28,1.4172,0.5452,1.6833,0.3086,1.0994,확장(Risk-On),1.0,1.0,937.9
1995-03-01,1.2405,0.5694,1.6653,0.3264,1.0418,확장(Risk-On),1.0,1.0,935.5
1995-03-02,1.2022,0.4419,1.7271,0.257,1.0016,확장(Risk-On),1.0,1.0,935.8
1995-03-03,1.1466,0.759,2.2597,0.1854,1.1838,확장(Risk-On),1.0,1.0,935.2
1995-03-06,0.9763,0.6286,2.2714,0.1193,1.0846,확장(Risk-On),1.0,1.0,935.55
1995-03-07,0.6271,-0.0055,1.9752,0.2459,0.7488,확장(Risk-On),1.0,1.0,931.6
1995-03-08,0.8188,0.1062,2.0415,0.2637,0.8631,확장(Risk-On),1.0,1.0,932.8
1995-03-09,0.8237,0.0919,1.96,0.349,0.8536,확장(Risk-On),1.0,1.0,932.75
1995-03-10,1.1433,0.3329,1.8275,0.4204,1.0033,확장(Risk-On),1.0,1.0,940.55
1995-03-13,1.0206,0.2911,1.6497,0.4316,0.9071,확장(Risk-On),1.0,1.0,939.4
1995-03-14,1.1601,0.2963,1.6725,0.512,0.975,확장(Risk-On),1.0,1.0,942.75
1995-03-15,1.067,0.2401,1.8819,0.5083,0.9802,확장(Risk-On),1.0,1.0,941.45
1995-03-16,1.1203,0.3469,1.7432,0.5532,0.9976,확장(Risk-On),1.0,1.0,944.9
1995-03-17,1.1543,0.4482,1.9515,0.4763,1.0754,확장(Risk-On),1.0,1.0,945.1
1995-03-20,1.3258,0.5681,1.9351,0.5128,1.1667,확장(Risk-On),1.0,1.0,945.5
1995-03-21,1.2434,0.595,1.9181,0.4697,1.1339,확장(Risk-On),1.0,1.0,944.7
1995-03-22,1.2745,0.5929,2.0561,0.4797,1.1803,확장(Risk-On),1.0,1.0,944.7
1995-03-23,1.2715,0.512,1.9312,0.4993,1.1307,확장(Risk-On),1.0,1.0,944.7
1995-03-24,1.5649,0.6059,2.1324,0.6322,1.3271,확장(Risk-On),1.0,1.0,950.75
1995-03-27,1.7199,0.6712,2.2551,0.6679,1.4337,확장(Risk-On),1.0,1.0,952.9
1995-03-28,1.828,0.7365,2.1363,0.5101,1.4345,확장(Risk-On),1.0,1.0,952.75
1995-03-29,1.784,0.4306,1.9741,0.5077,1.3017,확장(Risk-On),1.0,1.0,951.8
1995-03-30,1.7731,0.4357,1.7007,0.45,1.2222,확장(Risk-On),1.0,1.0,951.75
1995-03-31,1.6332,0.2013,1.5455,0.4437,1.0749,확장(Risk-On),1.0,1.0,949.75
1995-04-03,1.5904,0.1707,1.5344,0.4627,1.0523,확장(Risk-On),1.0,1.0,949.95
1995-04-04,1.7949,0.6788,1.5989,0.4498,1.2651,확장(Risk-On),1.0,1.0,953.15
1995-04-05,1.9642,0.5921,1.6181,0.4618,1.3093,확장(Risk-On),1.0,1.0,954.25
1995-04-06,1.9792,0.5556,1.7433,0.502,1.3427,확장(Risk-On),1.0,1.0,954.95
1995-04-07,1.9827,0.423,1.6323,0.5418,1.289,확장(Risk-On),1.0,1.0,954.0
1995-04-10,1.7984,0.3902,1.7074,0.6312,1.2485,확장(Risk-On),1.0,1.0,955.05
1995-04-11,1.721,0.3278,1.6853,0.6494,1.203,확장(Risk-On),1.0,1.0,953.35
1995-04-12,1.6707,0.5624,1.8335,0.703,1.2892,확장(Risk-On),1.0,1.0,955.3
1995-04-13,1.8164,0.661,2.0915,0.77,1.4394,확장(Risk-On),1.0,1.0,957.5
1995-04-17,1.3691,0.2276,1.8051,0.7816,1.1046,확장(Risk-On),1.0,1.0,953.75
1995-04-18,1.3739,0.064,1.7426,0.7396,1.0434,확장(Risk-On),1.0,1.0,953.1
1995-04-19,1.3142,0.0073,1.6872,0.7421,0.9949,확장(Risk-On),1.0,1.0,952.0
1995-04-20,1.3436,0.2512,1.5942,0.8548,1.0598,확장(Risk-On),1.0,1.0,952.65
1995-04-21,1.5064,0.3929,1.5585,0.9305,1.1547,확장(Risk-On),1.0,1.0,955.65
1995-04-24,1.5607,0.533,1.6121,0.9552,1.2258,확장(Risk-On),1.0,1.0,960.35
1995-04-25,1.3576,0.3104,1.653,1.0038,1.1166,확장(Risk-On),1.0,1.0,958.75
1995-04-26,1.3812,0.4865,1.7635,1.0073,1.197,확장(Risk-On),1.0,1.0,959.55
1995-04-27,1.5241,0.5582,1.7027,0.9461,1.2406,확장(Risk-On),1.0,1.0,960.65
1995-04-28,1.6715,0.7803,1.6726,0.9842,1.3459,확장(Risk-On),1.0,1.0,962.1
1995-05-01,1.6513,0.608,1.5415,1.0205,1.2684,확장(Risk-On),1.0,1.0,960.65
1995-05-02,1.712,0.5413,1.5104,1.1278,1.2813,확장(Risk-On),1.0,1.0,962.0
1995-05-03,1.8094,0.6455,1.6648,1.0818,1.3731,확장(Risk-On),1.0,1.0,967.95
1995-05-04,1.7322,0.2686,1.6201,1.1289,1.2478,확장(Risk-On),1.0,1.0,968.35
1995-05-05,1.6364,0.2302,1.4716,1.259,1.187,확장(Risk-On),1.0,1.0,966.7
1995-05-08,1.8633,0.2658,1.6722,1.3032,1.3321,확장(Risk-On),1.0,1.0,970.65
1995-05-09,1.7605,0.1113,1.8233,1.3781,1.3065,확장(Risk-On),1.0,1.0,969.8
1995-05-10,1.8675,0.0153,1.6913,1.326,1.2792,확장(Risk-On),1.0,1.0,970.75
1995-05-11,1.8291,0.0684,1.4487,1.2678,1.2096,확장(Risk-On),1.0,1.0,972.0
1995-05-12,1.7748,0.376,1.5328,1.0964,1.2628,확장(Risk-On),1.0,1.0,972.6
1995-05-15,1.844,0.3625,1.5454,1.1251,1.2911,확장(Risk-On),1.0,1.0,975.25
1995-05-16,1.9601,0.4096,1.589,1.2445,1.3723,확장(Risk-On),1.0,1.0,974.85
1995-05-17,1.9184,0.3733,1.4745,1.3634,1.3379,확장(Risk-On),1.0,1.0,973.15
1995-05-18,1.2698,-0.1102,0.9868,1.2286,0.8479,확장(Risk-On),1.0,1.0,964.45
1995-05-19,1.3105,-0.033,1.0469,1.2663,0.9021,확장(Risk-On),1.0,1.0,965.7
1995-05-22,1.4299,0.452,1.2376,1.1431,1.0943,확장(Risk-On),1.0,1.0,970.65
1995-05-23,1.5096,0.5348,1.1872,1.2226,1.1422,확장(Risk-On),1.0,1.0,975.35
1995-05-24,1.5426,0.5403,1.1969,1.1796,1.1512,확장(Risk-On),1.0,1.0,974.8
1995-05-25,1.5923,0.3153,1.3299,1.3121,1.1654,확장(Risk-On),1.0,1.0,975.25
1995-05-26,1.1302,-0.008,1.0971,1.3356,0.8682,확장(Risk-On),1.0,1.0,969.2
1995-05-30,1.0907,-0.1359,1.0938,1.3806,0.8283,확장(Risk-On),1.0,1.0,968.85
1995-05-31,1.5142,-0.1247,1.2974,1.4581,1.0419,확장(Risk-On),1.0,1.0,978.7
1995-06-01,1.5171,-0.0245,1.1531,1.4993,1.0381,확장(Risk-On),1.0,1.0,979.1
1995-06-02,1.2899,-0.108,1.1761,1.5,0.9435,확장(Risk-On),1.0,1.0,977.5
1995-06-05,1.5945,-0.3099,1.3092,1.5,1.0329,확장(Risk-On),1.0,1.0,982.0
1995-06-06,1.5504,-0.1339,1.3093,1.5,1.0615,확장(Risk-On),1.0,1.0,980.7
1995-06-07,1.3443,0.0998,1.24,1.386,1.0134,확장(Risk-On),1.0,1.0,978.6
1995-06-08,1.1516,0.1516,1.1045,1.3609,0.9212,확장(Risk-On),1.0,1.0,977.0
1995-06-09,1.016,0.2408,0.9583,1.1306,0.825,확장(Risk-On),1.0,1.0,974.05
1995-06-12,1.0825,0.2739,0.986,1.1876,0.872,확장(Risk-On),1.0,1.0,977.55
1995-06-13,1.2837,0.4465,1.0435,1.233,1.0067,확장(Risk-On),1.0,1.0,981.55
1995-06-14,1.1822,0.4153,1.0128,1.1578,0.9445,확장(Risk-On),1.0,1.0,981.35
1995-06-15,1.3196,0.4886,0.89,1.1666,0.9815,확장(Risk-On),1.0,1.0,983.55
1995-06-16,1.394,0.7547,0.9894,1.1569,1.0975,확장(Risk-On),1.0,1.0,984.65
1995-06-19,1.9225,0.6023,0.8894,1.2458,1.2327,확장(Risk-On),1.0,1.0,990.4
1995-06-20,1.9392,0.4751,0.8412,1.2139,1.1899,확장(Risk-On),1.0,1.0,990.05
1995-06-21,1.7467,0.3009,0.9055,1.3149,1.1102,확장(Risk-On),1.0,1.0,989.7
1995-06-22,1.8028,0.2675,0.9846,1.3124,1.1409,확장(Risk-On),1.0,1.0,996.1
1995-06-23,1.752,0.3975,1.2292,1.3375,1.2205,확장(Risk-On),1.0,1.0,995.65
1995-06-26,1.4045,0.2221,1.1122,1.2904,1.0187,확장(Risk-On),1.0,1.0,988.95
1995-06-27,1.4992,0.1875,1.118,1.2847,1.0438,확장(Risk-On),1.0,1.0,987.9
1995-06-28,1.6073,0.3682,1.1131,1.2813,1.1251,확장(Risk-On),1.0,1.0,990.15
1995-06-29,1.3627,0.4364,1.2098,0.8549,1.0167,확장(Risk-On),1.0,1.0,989.2
1995-06-30,1.2731,0.5669,1.2361,0.87,1.0268,확장(Risk-On),1.0,1.0,987.9
1995-07-03,1.3666,0.6175,1.249,0.7714,1.0606,확장(Risk-On),1.0,1.0,990.3
1995-07-05,1.3679,0.4028,1.1428,0.8576,0.9938,확장(Risk-On),1.0,1.0,992.75
1995-07-06,1.6019,0.5576,1.3063,1.1029,1.1921,확장(Risk-On),1.0,1.0,998.6
1995-07-07,1.749,0.5171,1.1845,1.1114,1.2042,확장(Risk-On),1.0,1.0,1000.8
1995-07-10,1.7946,0.411,1.0838,1.1428,1.1732,확장(Risk-On),1.0,1.0,1001.95
1995-07-11,1.7082,0.2618,0.9593,1.1323,1.073,확장(Risk-On),1.0,1.0,998.5
1995-07-12,1.8495,0.2556,1.0566,1.1518,1.1482,확장(Risk-On),1.0,1.0,1004.85
1995-07-13,1.7344,0.2163,1.1699,1.1484,1.1258,확장(Risk-On),1.0,1.0,1004.75
1995-07-14,1.7051,0.3728,1.0829,1.0442,1.1173,확장(Risk-On),1.0,1.0,1003.5
1995-07-17,1.8026,0.3522,1.1005,0.9136,1.1311,확장(Risk-On),1.0,1.0,1006.2
1995-07-18,1.5674,0.2413,0.8583,0.6005,0.9136,확장(Risk-On),1.0,1.0,1001.65
1995-07-19,1.1311,-0.0252,0.7568,0.3317,0.6285,확장(Risk-On),1.0,1.0,994.65
1995-07-20,1.2267,0.2202,0.7749,0.2935,0.7221,확장(Risk-On),1.0,1.0,997.0
1995-07-21,1.165,0.3679,0.6291,0.0096,0.6585,확장(Risk-On),1.0,1.0,996.1
1995-07-24,1.1442,0.2648,0.7562,0.196,0.6851,확장(Risk-On),1.0,1.0,1001.15
1995-07-25,1.2587,0.3015,0.7749,0.1902,0.7381,확장(Risk-On),1.0,1.0,1004.05
1995-07-26,1.4084,0.3368,0.8349,0.1705,0.8115,확장(Risk-On),1.0,1.0,1004.8
1995-07-27,1.5461,0.2497,1.0604,0.2254,0.9025,확장(Risk-On),1.0,1.0,1008.3
1995-07-28,1.3651,0.195,0.8485,0.3867,0.7966,확장(Risk-On),1.0,1.0,1005.05
1995-07-31,1.3734,0.0753,0.948,0.4428,0.8029,확장(Risk-On),1.0,1.0,1003.9
1995-08-01,1.3215,0.2071,0.9448,0.3454,0.8023,확장(Risk-On),1.0,1.0,1002.15
1995-08-02,1.1209,0.1553,0.587,0.4403,0.6439,확장(Risk-On),1.0,1.0,1000.1
1995-08-03,1.1056,0.147,0.4174,-0.0456,0.5212,확장(Risk-On),1.0,1.0,1001.2
1995-08-04,0.9933,0.2749,0.494,0.0057,0.5407,확장(Risk-On),1.0,1.0,1001.35
1995-08-07,0.9416,0.3325,0.607,0.0194,0.5674,확장(Risk-On),1.0,1.0,1002.0
1995-08-08,0.9256,0.3368,0.5877,0.1524,0.5779,확장(Risk-On),1.0,1.0,1002.6
1995-08-09,0.9951,0.4453,0.6348,0.0656,0.6281,확장(Risk-On),1.0,1.0,1002.65
1995-08-10,0.6867,0.4367,0.4189,0.0051,0.455,확장(Risk-On),1.0,1.0,999.25
1995-08-11,0.6349,0.4496,0.3502,-0.1788,0.3953,확장(Risk-On),1.0,1.0,997.95
1995-08-14,0.8558,0.5232,0.6581,-0.0,0.5948,확장(Risk-On),1.0,1.0,1002.45
1995-08-15,0.7289,0.7993,0.2088,0.0847,0.5199,확장(Risk-On),1.0,1.0,1000.8
1995-08-16,0.8905,0.8373,0.2465,0.347,0.6347,확장(Risk-On),1.0,1.0,1001.35
1995-08-17,1.1574,0.7951,0.1388,0.2415,0.6748,확장(Risk-On),1.0,1.0,1001.35
1995-08-18,1.1015,0.8388,0.1889,0.3994,0.7024,확장(Risk-On),1.0,1.0,1002.35
1995-08-21,0.9433,0.4358,-0.0825,0.4472,0.4856,확장(Risk-On),1.0,1.0,999.6
1995-08-22,0.7968,0.8189,-0.0186,0.3697,0.5344,확장(Risk-On),1.0,1.0,1000.65
1995-08-23,0.6455,0.7745,-0.0819,0.4232,0.4626,확장(Risk-On),1.0,1.0,998.55
1995-08-24,0.7265,0.6857,-0.0653,0.5506,0.492,확장(Risk-On),1.0,1.0,999.85
1995-08-25,0.8722,0.8691,0.0432,0.6283,0.6276,확장(Risk-On),1.0,1.0,1002.8
1995-08-28,0.8332,0.9063,0.0627,0.6039,0.6244,확장(Risk-On),1.0,1.0,1000.15
1995-08-29,0.8034,0.8564,-0.0912,0.5541,0.5556,확장(Risk-On),1.0,1.0,1001.3
1995-08-30,0.8727,1.0399,0.0047,0.5532,0.6496,확장(Risk-On),1.0,1.0,1001.9
1995-08-31,1.0367,1.161,0.1236,0.5274,0.7631,확장(Risk-On),1.0,1.0,1003.6
1995-09-01,1.0274,1.1375,0.3658,0.5611,0.8196,확장(Risk-On),1.0,1.0,1005.7
1995-09-05,1.2819,1.0003,0.5902,0.604,0.9369,확장(Risk-On),1.0,1.0,1010.1
1995-09-06,1.4079,0.9905,0.4139,0.6375,0.9395,확장(Risk-On),1.0,1.0,1011.9
1995-09-07,1.4141,0.9965,0.2169,0.6879,0.9015,확장(Risk-On),1.0,1.0,1011.75
1995-09-08,1.5549,1.2711,0.2573,0.6977,1.031,확장(Risk-On),1.0,1.0,1014.15
1995-09-11,1.5827,1.1002,0.4631,0.7267,1.0538,확장(Risk-On),1.0,1.0,1014.65
1995-09-12,1.703,1.1313,0.2184,0.7728,1.0494,확장(Risk-On),1.0,1.0,1017.4
1995-09-13,1.7656,1.053,0.2129,0.6745,1.0356,확장(Risk-On),1.0,1.0,1020.2
1995-09-14,2.0328,1.1152,0.1466,0.7051,1.1327,확장(Risk-On),1.0,1.0,1024.9
1995-09-15,2.0158,0.9775,0.0716,0.7509,1.0804,확장(Risk-On),1.0,1.0,1025.1
1995-09-18,1.937,0.7479,-0.1239,0.7128,0.9409,확장(Risk-On),1.0,1.0,1023.75
1995-09-19,2.0241,0.8867,-0.0912,0.763,1.0218,확장(Risk-On),1.0,1.0,1025.9
1995-09-20,2.3401,0.9572,0.3987,0.8182,1.2807,확장(Risk-On),1.0,1.0,1028.15
1995-09-21,1.833,0.9607,0.5439,0.6698,1.1182,확장(Risk-On),1.0,1.0,1022.65
1995-09-22,1.9137,0.9621,0.74,0.6394,1.1912,확장(Risk-On),1.0,1.0,1023.25
1995-09-25,1.937,0.5257,0.5612,0.6823,1.052,확장(Risk-On),1.0,1.0,1022.0
1995-09-26,1.8838,0.7229,0.3611,0.6383,1.026,확장(Risk-On),1.0,1.0,1021.95
1995-09-27,1.9004,0.7133,0.3116,0.649,1.0187,확장(Risk-On),1.0,1.0,1021.45
1995-09-28,2.1219,0.7536,0.3889,0.6676,1.1284,확장(Risk-On),1.0,1.0,1025.2
1995-09-29,2.1496,0.5454,0.2851,0.757,1.0735,확장(Risk-On),1.0,1.0,1024.2
1995-10-02,1.8814,0.1101,0.3565,0.7457,0.887,확장(Risk-On),1.0,1.0,1021.05
1995-10-03,1.8266,0.0119,0.2788,0.7173,0.8196,확장(Risk-On),1.0,1.0,1022.3
1995-10-04,1.5301,-0.1187,0.4188,0.754,0.7237,확장(Risk-On),1.0,1.0,1020.9
1995-10-05,1.5463,-0.3564,0.574,0.787,0.7136,확장(Risk-On),1.0,1.0,1022.6
1995-10-06,1.5293,0.005,0.4084,0.7682,0.7538,확장(Risk-On),1.0,1.0,1022.6
1995-10-09,1.2018,-0.2644,0.2559,0.7865,0.5365,확장(Risk-On),1.0,1.0,1017.75
1995-10-10,1.048,-0.4235,0.2382,0.7717,0.4362,확장(Risk-On),1.0,1.0,1017.25
1995-10-11,1.1217,-0.2584,0.3889,0.7612,0.5394,확장(Risk-On),1.0,1.0,1019.35
1995-10-12,1.3792,-0.178,0.6577,0.844,0.7293,확장(Risk-On),1.0,1.0,1023.5
1995-10-13,1.2106,-0.0667,0.5081,0.9172,0.6716,확장(Risk-On),1.0,1.0,1024.2
1995-10-16,1.1188,-0.2894,0.5394,0.933,0.594,확장(Risk-On),1.0,1.0,1021.1
1995-10-17,1.5791,-0.069,0.5266,0.9758,0.8135,확장(Risk-On),1.0,1.0,1025.9
1995-10-18,1.5699,-0.0974,0.4465,0.9667,0.7817,확장(Risk-On),1.0,1.0,1026.95
1995-10-19,1.6564,0.0221,0.6334,0.9959,0.893,확장(Risk-On),1.0,1.0,1029.95
1995-10-20,1.4765,-0.0028,0.2461,0.9026,0.713,확장(Risk-On),1.0,1.0,1025.65
1995-10-23,1.285,-0.0542,0.3867,0.7957,0.6522,확장(Risk-On),1.0,1.0,1023.8
1995-10-24,1.3151,0.016,0.3461,0.7626,0.6652,확장(Risk-On),1.0,1.0,1025.25
1995-10-25,0.9469,-0.2766,0.2066,0.6301,0.4084,확장(Risk-On),1.0,1.0,1019.95
1995-10-26,0.7251,-0.5416,0.1728,0.602,0.2519,확장(Risk-On),1.0,1.0,1014.6
1995-10-27,0.8925,-0.3429,0.3434,0.5572,0.3961,확장(Risk-On),1.0,1.0,1019.5
1995-10-30,1.0871,-0.0345,0.3998,0.6194,0.5647,확장(Risk-On),1.0,1.0,1022.7
1995-10-31,1.0976,0.0779,0.3647,0.6658,0.5947,확장(Risk-On),1.0,1.0,1019.85
1995-11-01,1.229,0.2314,0.5058,0.719,0.7223,확장(Risk-On),1.0,1.0,1024.25
1995-11-02,1.4266,0.3778,0.544,0.718,0.8375,확장(Risk-On),1.0,1.0,1028.35
1995-11-03,1.4114,0.3951,0.7194,0.6546,0.8708,확장(Risk-On),1.0,1.0,1028.5
1995-11-06,1.3477,0.2884,0.7739,0.6534,0.8353,확장(Risk-On),1.0,1.0,1027.3
1995-11-07,1.3469,0.1664,0.44,0.6861,0.7259,확장(Risk-On),1.0,1.0,1024.2
1995-11-08,1.627,0.3833,0.9726,0.7391,1.0193,확장(Risk-On),1.0,1.0,1030.1
1995-11-09,1.6319,0.3492,0.8837,0.7199,0.9874,확장(Risk-On),1.0,1.0,1030.7
1995-11-10,1.4348,0.1651,0.8209,0.6207,0.8418,확장(Risk-On),1.0,1.0,1030.45
1995-11-13,1.4323,0.182,0.7673,0.5305,0.8182,확장(Risk-On),1.0,1.0,1029.9
1995-11-14,1.3388,0.1062,0.8436,0.4954,0.7804,확장(Risk-On),1.0,1.0,1026.45
1995-11-15,1.4938,0.2673,0.9723,0.4627,0.9021,확장(Risk-On),1.0,1.0,1032.3
1995-11-16,1.6937,0.2982,0.9656,0.437,0.9743,확장(Risk-On),1.0,1.0,1035.9
1995-11-17,1.6923,0.3545,0.8688,0.4713,0.9688,확장(Risk-On),1.0,1.0,1037.15
1995-11-20,1.6251,0.498,0.7673,0.3728,0.941,확장(Risk-On),1.0,1.0,1034.4
1995-11-21,1.8527,0.7487,0.9436,0.2439,1.1081,확장(Risk-On),1.0,1.0,1037.75
1995-11-22,1.7194,0.7501,1.1756,0.2199,1.1162,확장(Risk-On),1.0,1.0,1036.4
1995-11-24,1.8782,0.8968,1.1206,0.2714,1.2024,확장(Risk-On),1.0,1.0,1037.55
1995-11-27,2.0988,0.6271,0.8537,0.4372,1.1704,확장(Risk-On),1.0,1.0,1037.8
1995-11-28,2.1496,0.8662,0.675,0.4779,1.2093,확장(Risk-On),1.0,1.0,1043.9
1995-11-29,2.0977,0.7458,0.4927,0.6931,1.1478,확장(Risk-On),1.0,1.0,1044.05
1995-11-30,2.1078,0.5872,0.4807,0.752,1.1175,확장(Risk-On),1.0,1.0,1043.25
1995-12-01,2.0309,0.6057,0.712,0.5477,1.1224,확장(Risk-On),1.0,1.0,1044.3
1995-12-04,2.0955,0.548,0.8035,0.6429,1.1678,확장(Risk-On),1.0,1.0,1050.8
1995-12-05,2.2038,0.4552,0.8205,0.6362,1.1857,확장(Risk-On),1.0,1.0,1054.75
1995-12-06,2.2781,0.3003,0.8727,0.6629,1.19,확장(Risk-On),1.0,1.0,1055.8
1995-12-07,2.1913,0.1222,0.8038,0.5118,1.0752,확장(Risk-On),1.0,1.0,1052.65
1995-12-08,2.1232,0.5968,0.7825,0.5536,1.171,확장(Risk-On),1.0,1.0,1054.3
1995-12-11,2.1266,0.6133,0.8524,0.5572,1.1943,확장(Risk-On),1.0,1.0,1055.8
1995-12-12,2.0469,0.6907,0.8747,0.4514,1.1755,확장(Risk-On),1.0,1.0,1054.8
1995-12-13,2.1004,0.8269,0.9709,0.4787,1.2564,확장(Risk-On),1.0,1.0,1057.35
1995-12-14,1.9985,0.5506,0.7669,0.5343,1.109,확장(Risk-On),1.0,1.0,1053.55
1995-12-15,1.8611,0.3394,0.5268,0.6222,0.9613,확장(Risk-On),1.0,1.0,1052.55
1995-12-18,1.1187,-0.3778,-0.0642,0.3977,0.3407,확장(Risk-On),1.0,1.0,1041.4
1995-12-19,1.2837,-0.1216,0.179,0.6871,0.5667,확장(Risk-On),1.0,1.0,1047.65
1995-12-20,1.1821,-0.0776,0.1189,0.6134,0.5161,확장(Risk-On),1.0,1.0,1042.85
1995-12-21,1.2232,0.2703,0.1956,0.5976,0.6342,확장(Risk-On),1.0,1.0,1045.75
1995-12-22,1.3442,0.0646,0.0439,0.619,0.5904,확장(Risk-On),1.0,1.0,1047.6
1995-12-26,1.4085,0.217,0.1088,0.4715,0.6451,확장(Risk-On),1.0,1.0,1049.35
1995-12-27,1.4077,0.0456,0.1765,0.5072,0.6243,확장(Risk-On),1.0,1.0,1049.0
1995-12-28,1.1743,-0.04,0.1173,0.5435,0.5119,확장(Risk-On),1.0,1.0,1047.55
1995-12-29,1.1995,-0.0779,0.1014,0.6691,0.5261,확장(Risk-On),1.0,1.0,1048.25
1996-01-02,1.4806,0.0386,-0.0689,0.6317,0.6054,확장(Risk-On),1.0,1.0,1054.9
1996-01-03,1.5151,0.0099,-0.1292,0.6626,0.5999,확장(Risk-On),1.0,1.0,1056.75
1996-01-04,1.0991,-0.186,-0.244,0.6645,0.3769,확장(Risk-On),1.0,1.0,1049.6
1996-01-05,0.9788,-0.0128,-0.1653,0.7262,0.407,확장(Risk-On),1.0,1.0,1049.1
1996-01-08,1.0695,0.0829,-0.1764,0.7782,0.4677,확장(Risk-On),1.0,1.0,1052.2
1996-01-09,0.6013,-0.6425,-0.5534,0.9443,0.0531,중립(Neutral),0.5,1.0,1038.3
1996-01-10,0.2835,-0.7169,-0.8381,0.6511,-0.1919,중립(Neutral),0.5,1.0,1030.55
1996-01-11,0.3797,-0.4149,-0.7015,0.869,-0.0159,중립(Neutral),0.5,1.0,1035.45
1996-01-12,0.335,-0.4222,-0.6728,0.8601,-0.0275,중립(Neutral),0.5,1.0,1034.75
1996-01-15,0.2303,-0.5555,-0.6643,0.8405,-0.0983,중립(Neutral),0.5,1.0,1033.0
1996-01-16,0.5777,-0.3929,-0.9768,0.9622,0.0041,중립(Neutral),0.5,1.0,1040.7
1996-01-17,0.4739,-0.2626,-1.061,0.9722,-0.0192,중립(Neutral),0.5,1.0,1038.1
1996-01-18,0.7212,-0.2897,-0.9063,1.0674,0.1135,중립(Neutral),0.5,1.0,1040.3
1996-01-19,0.6967,-0.1268,-1.0018,1.0177,0.1143,중립(Neutral),0.5,1.0,1043.95
1996-01-22,0.8109,-0.1995,-1.0215,0.9497,0.121,중립(Neutral),0.5,1.0,1043.5
1996-01-23,0.8645,-0.0987,-0.8685,0.8523,0.1886,중립(Neutral),0.5,1.0,1045.95
1996-01-24,1.0012,0.0705,-0.9812,0.9816,0.27,확장(Risk-On),1.0,1.0,1051.75
1996-01-25,0.9338,0.0835,-1.242,0.7694,0.1526,중립(Neutral),0.5,1.0,1048.8
1996-01-26,1.1445,0.3225,-1.1538,0.8457,0.3196,확장(Risk-On),1.0,1.0,1053.95
1996-01-29,1.1958,0.3789,-1.1312,0.6184,0.3232,확장(Risk-On),1.0,1.0,1056.0
1996-01-30,1.3157,0.3095,-1.0336,0.8755,0.4108,확장(Risk-On),1.0,1.0,1061.75
1996-01-31,1.3721,0.2867,-0.9297,0.9498,0.462,확장(Risk-On),1.0,1.0,1067.75
1996-02-01,1.3444,0.4327,-1.0354,1.0347,0.4751,확장(Risk-On),1.0,1.0,1069.45
1996-02-02,1.3904,0.3262,-0.9553,0.9909,0.478,확장(Risk-On),1.0,1.0,1068.15
1996-02-05,1.5286,0.2977,-0.7507,0.9652,0.5666,확장(Risk-On),1.0,1.0,1071.7
1996-02-06,1.6649,0.2821,-0.7441,0.9492,0.6096,확장(Risk-On),1.0,1.0,1078.0
1996-02-07,2.0361,0.4682,-0.502,0.9918,0.853,확장(Risk-On),1.0,1.0,1081.55
1996-02-08,2.2899,0.4506,-0.4068,0.9909,0.9611,확장(Risk-On),1.0,1.0,1088.15
1996-02-09,2.2485,0.3063,-0.328,0.9638,0.9261,확장(Risk-On),1.0,1.0,1089.05
1996-02-12,2.4034,0.2661,-0.224,1.0536,1.0097,확장(Risk-On),1.0,1.0,1094.05
1996-02-13,2.3689,0.1112,-0.277,1.1088,0.954,확장(Risk-On),1.0,1.0,1091.6
1996-02-14,2.0506,-0.0021,-0.4222,0.962,0.7559,확장(Risk-On),1.0,1.0,1085.7
1996-02-15,1.8848,-0.0955,-0.4288,0.51,0.6051,확장(Risk-On),1.0,1.0,1081.2
1996-02-16,1.7863,-0.0488,-0.4974,0.2856,0.5315,확장(Risk-On),1.0,1.0,1080.2
1996-02-20,1.4539,-0.0823,-0.6306,-0.2131,0.2986,확장(Risk-On),1.0,1.0,1073.3
1996-02-21,1.6877,0.4074,-0.4412,-0.1644,0.5576,확장(Risk-On),1.0,1.0,1081.5
1996-02-22,1.8221,0.351,-0.0636,-0.1224,0.6912,확장(Risk-On),1.0,1.0,1089.75
1996-02-23,1.7583,0.3338,-0.0346,-0.1457,0.6684,확장(Risk-On),1.0,1.0,1089.05
1996-02-26,1.4082,-0.0721,-0.126,-0.3495,0.3909,확장(Risk-On),1.0,1.0,1078.65
1996-02-27,1.3039,0.0119,-0.0201,-0.4353,0.389,확장(Risk-On),1.0,1.0,1077.4
1996-02-28,1.0968,0.0508,-0.3113,-0.7238,0.2102,확장(Risk-On),1.0,1.0,1073.3
1996-02-29,0.8693,-0.0349,-0.5046,-0.7951,0.0501,중립(Neutral),0.5,1.0,1068.05
1996-03-01,1.0131,-0.0603,-0.4406,-0.4297,0.1649,중립(Neutral),0.5,0.5,1077.05
1996-03-04,1.0864,-0.0464,-0.184,-0.2411,0.2865,확장(Risk-On),1.0,0.5,1080.5
1996-03-05,1.2179,0.1529,0.0176,-0.3326,0.419,확장(Risk-On),1.0,0.5,1087.25
1996-03-06,0.9528,0.1355,-0.0639,-0.6294,0.257,확장(Risk-On),1.0,0.5,1081.0
1996-03-07,0.8995,0.1549,-0.0695,-0.6593,0.2373,확장(Risk-On),1.0,0.5,1083.95
1996-03-08,0.258,-0.4589,-0.42,-1.2414,-0.3156,수축(Risk-Off),0.0,0.5,1061.85
1996-03-11,0.3065,-0.2579,-0.3538,-1.0711,-0.2063,수축(Risk-Off),0.0,0.5,1068.65
1996-03-12,0.1973,-0.1977,-0.5154,-1.2475,-0.2964,수축(Risk-Off),0.0,0.5,1064.6
1996-03-13,0.1958,-0.0157,-0.395,-1.2278,-0.2183,수축(Risk-Off),0.0,0.5,1067.45
1996-03-14,0.301,0.2555,-0.2226,-1.1675,-0.0615,중립(Neutral),0.5,0.5,1071.2
1996-03-15,0.3926,0.4298,-0.2975,-1.2666,-0.0195,중립(Neutral),0.5,0.5,1070.7
1996-03-18,0.7334,0.3567,-0.0108,-1.0988,0.1783,중립(Neutral),0.5,0.5,1083.2
1996-03-19,0.7738,0.2525,-0.11,-0.6968,0.202,확장(Risk-On),1.0,0.5,1081.0
1996-03-20,0.7877,-0.0146,-0.0992,-0.5442,0.1656,중립(Neutral),0.5,0.5,1079.85
1996-03-21,0.6648,0.0967,-0.3243,-0.6213,0.0826,중립(Neutral),0.5,0.5,1078.35
1996-03-22,0.5742,0.27,-0.3384,-0.6041,0.0933,중립(Neutral),0.5,0.5,1080.05
1996-03-25,0.5603,0.2544,-0.2248,-0.4396,0.1376,중립(Neutral),0.5,0.5,1079.6
1996-03-26,0.7444,0.3218,-0.2836,-0.3791,0.2132,확장(Risk-On),1.0,0.5,1082.5
1996-03-27,0.5873,0.2599,-0.3807,-0.5069,0.0993,중립(Neutral),0.5,0.5,1075.0
1996-03-28,0.7317,0.3071,-0.0537,-0.662,0.2202,확장(Risk-On),1.0,0.5,1078.45
1996-03-29,0.7176,0.1293,0.1394,-0.6795,0.2164,확장(Risk-On),1.0,0.5,1074.95
1996-04-01,0.6844,0.2905,0.0887,-0.7372,0.2238,확장(Risk-On),1.0,1.0,1081.1
1996-04-02,0.6537,0.429,0.1921,-0.5538,0.301,확장(Risk-On),1.0,1.0,1082.3
1996-04-03,0.665,0.6118,0.3605,-0.4988,0.401,확장(Risk-On),1.0,1.0,1082.8
1996-04-04,0.7801,0.6748,0.5834,-0.6446,0.4909,확장(Risk-On),1.0,1.0,1083.3
1996-04-08,0.7739,0.5167,0.1095,-0.7648,0.3127,확장(Risk-On),1.0,1.0,1070.7
1996-04-09,0.6902,0.662,0.0669,-0.5841,0.3362,확장(Risk-On),1.0,1.0,1068.7
1996-04-10,0.4116,0.1121,-0.0328,-0.7007,0.0588,중립(Neutral),0.5,1.0,1056.95
1996-04-11,0.3904,0.1951,0.094,-0.7568,0.0954,중립(Neutral),0.5,1.0,1057.3
1996-04-12,0.5257,0.4416,0.078,-0.2634,0.2744,확장(Risk-On),1.0,1.0,1064.3
1996-04-15,0.5965,0.5628,0.282,-0.2653,0.3802,확장(Risk-On),1.0,1.0,1069.5
1996-04-16,0.5006,0.6631,0.5232,-0.3046,0.4261,확장(Risk-On),1.0,1.0,1071.0
1996-04-17,0.4536,0.5621,0.5449,-0.4641,0.3659,확장(Risk-On),1.0,1.0,1068.55
1996-04-18,0.4595,0.612,0.7183,-0.6015,0.4032,확장(Risk-On),1.0,1.0,1069.65
1996-04-19,0.4908,0.7174,0.9602,-0.4709,0.5205,확장(Risk-On),1.0,1.0,1070.75
1996-04-22,0.5729,0.7472,0.9663,-0.507,0.5529,확장(Risk-On),1.0,1.0,1075.75
1996-04-23,0.6015,0.7897,1.0073,-0.5487,0.5775,확장(Risk-On),1.0,1.0,1078.7
1996-04-24,0.5095,0.8034,0.8768,-0.5102,0.5218,확장(Risk-On),1.0,1.0,1075.4
1996-04-25,0.6407,0.8511,0.7101,-0.3819,0.5573,확장(Risk-On),1.0,1.0,1078.75
1996-04-26,0.621,0.8738,1.0849,-0.4239,0.6434,확장(Risk-On),1.0,1.0,1080.15
1996-04-29,0.5884,0.6997,1.277,-0.5004,0.625,확장(Risk-On),1.0,1.0,1078.85
1996-04-30,0.4423,0.5299,0.8201,-0.7003,0.3873,확장(Risk-On),1.0,1.0,1078.55
1996-05-01,0.455,0.4612,0.5851,-0.6648,0.3211,확장(Risk-On),1.0,1.0,1080.15
1996-05-02,0.2111,0.0555,0.468,-0.8465,0.0778,중립(Neutral),0.5,1.0,1069.55
1996-05-03,0.1134,0.2879,0.4685,-0.6639,0.1292,중립(Neutral),0.5,1.0,1067.2
1996-05-06,0.0577,0.4048,0.3167,-0.5498,0.1181,중립(Neutral),0.5,1.0,1066.6
1996-05-07,0.0963,0.3028,0.0695,-0.6482,0.0296,중립(Neutral),0.5,1.0,1062.75
1996-05-08,0.2605,0.7081,0.3622,-0.4877,0.2856,확장(Risk-On),1.0,1.0,1071.2
1996-05-09,0.395,0.5247,0.5107,-0.4824,0.3247,확장(Risk-On),1.0,1.0,1071.05
1996-05-10,0.514,0.5712,0.5581,-0.524,0.3836,확장(Risk-On),1.0,1.0,1078.6
1996-05-13,0.637,0.6278,0.546,-0.5069,0.4404,확장(Risk-On),1.0,1.0,1087.45
1996-05-14,0.707,0.5919,0.4353,-0.4335,0.4393,확장(Risk-On),1.0,1.0,1091.0
1996-05-15,0.7631,0.4711,0.2383,-0.3739,0.3884,확장(Risk-On),1.0,1.0,1091.05
1996-05-16,0.8019,0.4152,-0.0021,-0.4531,0.316,확장(Risk-On),1.0,1.0,1090.75
1996-05-17,0.9191,0.3986,-0.0011,-0.4356,0.3557,확장(Risk-On),1.0,1.0,1095.2
1996-05-20,0.962,0.406,0.1464,-0.4591,0.406,확장(Risk-On),1.0,1.0,1099.95
1996-05-21,0.8299,0.3338,0.0663,-0.5336,0.3105,확장(Risk-On),1.0,1.0,1099.5
1996-05-22,0.9165,0.416,0.3316,-0.4381,0.442,확장(Risk-On),1.0,1.0,1104.6
1996-05-23,1.0052,0.3544,0.4444,-0.5998,0.4615,확장(Risk-On),1.0,1.0,1102.15
1996-05-24,1.0432,0.4533,0.3499,-0.5493,0.4835,확장(Risk-On),1.0,1.0,1104.3
1996-05-28,0.8442,0.2646,-0.118,-0.5238,0.2535,확장(Risk-On),1.0,1.0,1097.5
1996-05-29,0.7896,0.1935,-0.1719,-0.6311,0.1871,중립(Neutral),0.5,1.0,1092.8
1996-05-30,0.8415,0.4099,0.2527,-0.599,0.3703,확장(Risk-On),1.0,1.0,1097.1
1996-05-31,0.6151,0.5294,0.2595,-0.5572,0.3289,확장(Risk-On),1.0,1.0,1090.65
1996-06-03,0.894,0.3603,0.8233,-0.6788,0.507,확장(Risk-On),1.0,1.0,1093.15
1996-06-04,1.1097,0.5188,0.6891,-0.6766,0.5889,확장(Risk-On),1.0,1.0,1096.9
1996-06-05,1.2555,0.5785,0.9852,-0.6481,0.7331,확장(Risk-On),1.0,1.0,1102.45
1996-06-06,1.3492,0.245,0.7862,-0.5926,0.6411,확장(Risk-On),1.0,1.0,1096.95
1996-06-07,1.1683,0.5281,0.7192,-0.7294,0.6113,확장(Risk-On),1.0,1.0,1097.5
1996-06-10,1.115,0.256,0.6431,-1.0471,0.458,확장(Risk-On),1.0,1.0,1095.0
1996-06-11,1.0394,0.1576,0.4621,-1.1143,0.3516,확장(Risk-On),1.0,1.0,1095.15
1996-06-12,0.8014,0.1293,0.4487,-1.2798,0.233,확장(Risk-On),1.0,1.0,1093.35
1996-06-13,0.7165,0.2056,0.4988,-1.2885,0.2336,확장(Risk-On),1.0,1.0,1092.4
1996-06-14,0.4499,-0.0605,0.6654,-1.0268,0.1547,중립(Neutral),0.5,1.0,1088.3
1996-06-17,0.5047,0.0145,0.7409,-1.0129,0.2136,확장(Risk-On),1.0,1.0,1089.25
1996-06-18,0.3261,0.1023,0.7301,-1.1546,0.149,중립(Neutral),0.5,1.0,1085.25
1996-06-19,0.272,0.1058,0.8642,-1.2279,0.1535,중립(Neutral),0.5,1.0,1086.45
1996-06-20,0.2159,0.1468,1.0105,-1.3112,0.1682,중립(Neutral),0.5,1.0,1084.6
1996-06-21,0.3629,0.3461,0.7148,-1.1923,0.2134,확장(Risk-On),1.0,1.0,1091.2
1996-06-24,0.4327,0.3716,0.8325,-1.1862,0.2745,확장(Risk-On),1.0,1.0,1092.9
1996-06-25,0.4333,0.4732,0.7805,-1.0441,0.3085,확장(Risk-On),1.0,1.0,1091.9
1996-06-26,0.3449,0.4906,0.6368,-0.8426,0.2762,확장(Risk-On),1.0,1.0,1086.4
1996-06-27,0.5855,0.5332,0.7378,-0.6534,0.4247,확장(Risk-On),1.0,1.0,1090.8
1996-06-28,0.5581,0.5445,0.9423,-0.4905,0.4935,확장(Risk-On),1.0,1.0,1094.55
1996-07-01,0.7516,0.473,0.99,-0.5734,0.5428,확장(Risk-On),1.0,1.0,1098.55
1996-07-02,0.6668,0.49,1.2687,-0.6346,0.5779,확장(Risk-On),1.0,1.0,1096.55
1996-07-03,0.5024,0.504,1.3266,-0.6261,0.5396,확장(Risk-On),1.0,1.0,1093.85
1996-07-04,0.4308,0.6917,1.5343,-0.7046,0.6016,확장(Risk-On),1.0,1.0,1093.75
1996-07-05,0.1586,0.2545,1.2854,-0.9085,0.3042,확장(Risk-On),1.0,1.0,1078.85
1996-07-08,-0.0063,0.2693,1.1108,-0.941,0.2017,확장(Risk-On),1.0,1.0,1074.05
1996-07-09,0.2343,0.3976,0.9616,-0.891,0.2881,확장(Risk-On),1.0,1.0,1076.9
1996-07-10,0.3121,0.3884,0.9106,-0.7744,0.3178,확장(Risk-On),1.0,1.0,1079.45
1996-07-11,-0.1366,-0.1463,0.6552,-0.7288,-0.0299,중립(Neutral),0.5,1.0,1066.1
1996-07-12,-0.1565,0.0251,0.4374,-0.7229,-0.0476,중립(Neutral),0.5,1.0,1065.8
1996-07-15,-0.5271,-0.628,0.0883,-0.6889,-0.4228,수축(Risk-Off),0.0,1.0,1048.0
1996-07-16,-0.486,-0.6801,0.4465,-0.676,-0.3299,수축(Risk-Off),0.0,1.0,1049.85
1996-07-17,-0.2853,-0.5202,0.4383,-0.647,-0.2174,수축(Risk-Off),0.0,1.0,1055.55
1996-07-18,-0.0801,-0.3642,0.6556,-0.5973,-0.0448,중립(Neutral),0.5,1.0,1065.2
1996-07-19,-0.241,-0.3682,0.7015,-0.6705,-0.1016,중립(Neutral),0.5,1.0,1059.75
1996-07-22,-0.4643,-0.8003,0.4863,-0.6933,-0.345,수축(Risk-Off),0.0,1.0,1055.3
1996-07-23,-0.6935,-1.0949,0.2729,-0.6426,-0.5446,수축(Risk-Off),0.0,1.0,1045.9
1996-07-24,-0.6298,-1.0631,0.3694,-0.6717,-0.4946,수축(Risk-Off),0.0,1.0,1048.45
1996-07-25,-0.4527,-0.8323,0.7053,-0.6866,-0.2932,수축(Risk-Off),0.0,1.0,1052.95
1996-07-26,-0.4025,-0.599,0.8132,-0.8732,-0.2183,수축(Risk-Off),0.0,1.0,1057.1
1996-07-29,-0.6375,-0.9878,0.6656,-1.0324,-0.4585,수축(Risk-Off),0.0,1.0,1048.75
1996-07-30,-0.536,-0.9729,1.0243,-0.82,-0.2978,수축(Risk-Off),0.0,1.0,1055.45
1996-07-31,-0.3187,-0.8117,0.9348,-0.7268,-0.1898,중립(Neutral),0.5,1.0,1060.15
1996-08-01,-0.0141,-0.7562,0.9591,-0.6023,-0.0446,중립(Neutral),0.5,0.5,1070.8
1996-08-02,0.2914,-0.2432,0.8384,-0.4756,0.1794,중립(Neutral),0.5,0.5,1084.1
1996-08-05,0.3969,-0.4199,0.5439,-0.4297,0.1054,중립(Neutral),0.5,0.5,1079.45
1996-08-06,0.4745,-0.4372,0.5123,-0.3992,0.125,중립(Neutral),0.5,0.5,1082.0
1996-08-07,0.4912,-0.3065,0.5266,-0.2507,0.1894,중립(Neutral),0.5,0.5,1083.95
1996-08-08,0.3887,-0.1128,0.6524,-0.2598,0.232,확장(Risk-On),1.0,0.5,1083.95
1996-08-09,0.4088,-0.2206,0.676,-0.2634,0.2174,확장(Risk-On),1.0,0.5,1080.2
1996-08-12,0.5071,0.0428,0.6666,-0.2212,0.3217,확장(Risk-On),1.0,0.5,1085.5
1996-08-13,0.5889,-0.0919,0.5619,-0.2639,0.284,확장(Risk-On),1.0,0.5,1079.55
1996-08-14,0.6055,-0.0813,0.66,-0.2186,0.3238,확장(Risk-On),1.0,0.5,1081.35
1996-08-15,0.5167,-0.0867,0.6631,-0.1941,0.2958,확장(Risk-On),1.0,0.5,1081.35
1996-08-16,0.4609,-0.0444,0.718,-0.1608,0.3056,확장(Risk-On),1.0,0.5,1085.85
1996-08-19,0.5424,0.1154,0.6767,-0.255,0.3496,확장(Risk-On),1.0,0.5,1085.95
1996-08-20,0.5566,0.3191,0.8238,-0.3007,0.4354,확장(Risk-On),1.0,0.5,1085.7
1996-08-21,0.6389,0.307,0.8539,-0.2826,0.4715,확장(Risk-On),1.0,0.5,1083.75
1996-08-22,0.7356,0.3286,0.6109,-0.239,0.4565,확장(Risk-On),1.0,0.5,1089.6
1996-08-23,0.6579,0.1517,0.5943,-0.2878,0.3736,확장(Risk-On),1.0,0.5,1086.55
1996-08-26,0.5269,0.1391,0.4694,-0.1037,0.321,확장(Risk-On),1.0,0.5,1081.95
1996-08-27,0.6551,0.1961,0.4113,-0.1524,0.3583,확장(Risk-On),1.0,0.5,1084.45
1996-08-28,0.5912,0.1069,0.2266,-0.1435,0.2688,확장(Risk-On),1.0,0.5,1083.45
1996-08-29,0.2897,-0.0556,0.2448,-0.5169,0.0712,중립(Neutral),0.5,0.5,1074.9
1996-08-30,-0.0155,-0.4441,0.2089,-0.9892,-0.2126,수축(Risk-Off),0.0,0.5,1069.1
1996-09-02,-0.2329,-0.372,0.3215,-0.9022,-0.2295,수축(Risk-Off),0.0,0.0,1068.65
1996-09-03,-0.0271,-0.6009,0.2892,-0.8002,-0.2074,수축(Risk-Off),0.0,0.0,1073.6
1996-09-04,-0.0472,-0.6574,0.3909,-0.8598,-0.2121,수축(Risk-Off),0.0,0.0,1074.35
1996-09-05,-0.2373,-0.9266,0.2458,-0.9741,-0.3994,수축(Risk-Off),0.0,0.0,1066.75
1996-09-06,-0.035,-0.3636,0.345,-0.9843,-0.1646,중립(Neutral),0.5,0.0,1076.0
1996-09-09,0.1582,-0.226,0.4465,-0.871,-0.0202,중립(Neutral),0.5,0.0,1082.8
1996-09-10,0.1021,-0.1208,0.3825,-0.8711,-0.0295,중립(Neutral),0.5,0.0,1082.85
1996-09-11,0.2491,-0.1372,0.2848,-0.8777,-0.0076,중립(Neutral),0.5,0.0,1084.75
1996-09-12,0.326,-0.1416,0.3911,-0.6136,0.0845,중립(Neutral),0.5,0.0,1089.85
1996-09-13,0.576,-0.1089,0.6066,-0.3153,0.2787,확장(Risk-On),1.0,0.0,1100.6
1996-09-16,0.5752,-0.1048,0.5595,-0.3164,0.2675,확장(Risk-On),1.0,0.0,1102.5
1996-09-17,0.5671,-0.112,0.4435,-0.4948,0.2071,확장(Risk-On),1.0,0.0,1101.7
1996-09-18,0.4717,-0.1115,0.5713,-0.5193,0.2021,확장(Risk-On),1.0,0.0,1098.95
1996-09-19,0.5431,-0.1217,0.4385,-0.5658,0.1844,중립(Neutral),0.5,0.0,1101.6
1996-09-20,0.5288,0.0113,0.3737,-0.352,0.2285,확장(Risk-On),1.0,0.0,1103.65
1996-09-23,0.6029,-0.0775,0.4239,0.0158,0.3,확장(Risk-On),1.0,0.0,1104.15
1996-09-24,0.6237,-0.1617,0.4378,0.0886,0.3006,확장(Risk-On),1.0,0.0,1103.8
1996-09-25,0.5575,-0.1433,0.4048,0.0849,0.2732,확장(Risk-On),1.0,0.0,1102.8
1996-09-26,0.5576,-0.0799,0.4572,0.1567,0.313,확장(Risk-On),1.0,0.0,1103.7
1996-09-27,0.7039,-0.1209,0.8498,0.1962,0.458,확장(Risk-On),1.0,0.0,1103.15
1996-09-30,0.7961,-0.185,0.963,0.0369,0.4787,확장(Risk-On),1.0,0.0,1103.15
1996-10-01,0.8892,-0.1161,1.0079,0.0587,0.543,확장(Risk-On),1.0,1.0,1106.85
1996-10-02,1.0512,-0.0355,0.9132,0.0887,0.6007,확장(Risk-On),1.0,1.0,1111.1
1996-10-03,1.0944,0.2214,1.1017,0.1221,0.7321,확장(Risk-On),1.0,1.0,1109.45
1996-10-04,1.3731,0.3177,1.2576,0.2479,0.9116,확장(Risk-On),1.0,1.0,1118.95
1996-10-07,1.383,0.4394,1.6345,0.1723,1.0284,확장(Risk-On),1.0,1.0,1119.95
1996-10-08,1.2907,0.37,1.2183,0.1345,0.869,확장(Risk-On),1.0,1.0,1116.5
1996-10-09,1.1886,0.2177,1.0805,0.1122,0.7574,확장(Risk-On),1.0,1.0,1112.25
1996-10-10,1.262,0.215,0.8102,0.1076,0.7142,확장(Risk-On),1.0,1.0,1110.15
1996-10-11,1.3708,0.3633,1.149,0.1419,0.8792,확장(Risk-On),1.0,1.0,1117.65
1996-10-14,1.2078,0.3893,1.0731,0.1242,0.807,확장(Risk-On),1.0,1.0,1119.25
1996-10-15,1.1355,0.4311,1.1751,0.1549,0.8222,확장(Risk-On),1.0,1.0,1118.4
1996-10-16,1.2617,0.4185,1.2118,0.1994,0.8791,확장(Risk-On),1.0,1.0,1120.35
1996-10-17,1.4121,0.413,1.1671,0.2511,0.9269,확장(Risk-On),1.0,1.0,1122.75
1996-10-18,1.6167,0.4487,1.237,0.3881,1.0455,확장(Risk-On),1.0,1.0,1127.6
1996-10-21,1.597,0.4131,1.322,0.4165,1.0552,확장(Risk-On),1.0,1.0,1126.15
1996-10-22,1.3594,0.2859,0.966,0.3665,0.8437,확장(Risk-On),1.0,1.0,1120.85
1996-10-23,1.3771,0.2794,1.0412,0.3904,0.8707,확장(Risk-On),1.0,1.0,1122.8
1996-10-24,1.28,0.1526,0.6841,0.3615,0.7114,확장(Risk-On),1.0,1.0,1115.5
1996-10-25,1.3225,0.0749,0.9032,0.4269,0.7714,확장(Risk-On),1.0,1.0,1117.1
1996-10-28,1.0993,-0.0327,0.9343,0.3336,0.6602,확장(Risk-On),1.0,1.0,1112.1
1996-10-29,1.1693,-0.1195,1.1751,0.415,0.7354,확장(Risk-On),1.0,1.0,1118.0
1996-10-30,0.8629,-0.2488,1.4413,0.3697,0.6556,확장(Risk-On),1.0,1.0,1114.55
1996-10-31,1.0509,-0.1552,1.495,0.3858,0.7606,확장(Risk-On),1.0,1.0,1121.4
1996-11-01,0.9286,-0.2375,1.6217,0.4315,0.7358,확장(Risk-On),1.0,1.0,1118.25
1996-11-04,0.898,-0.2462,1.4941,0.402,0.6866,확장(Risk-On),1.0,1.0,1123.0
1996-11-05,1.0283,-0.1539,1.4658,0.4378,0.7536,확장(Risk-On),1.0,1.0,1127.15
1996-11-06,1.4616,0.1025,1.5511,0.4504,0.9925,확장(Risk-On),1.0,1.0,1141.15
1996-11-07,1.5427,0.0262,1.8392,0.4559,1.0747,확장(Risk-On),1.0,1.0,1142.7
1996-11-08,1.7066,0.2173,1.8516,0.4936,1.1886,확장(Risk-On),1.0,1.0,1146.0
1996-11-11,1.5491,0.518,1.797,0.4605,1.19,확장(Risk-On),1.0,1.0,1145.85
1996-11-12,1.4507,0.2669,1.7546,0.5273,1.0922,확장(Risk-On),1.0,1.0,1143.75
1996-11-13,1.5038,0.3579,1.716,0.6223,1.1381,확장(Risk-On),1.0,1.0,1145.9
1996-11-14,1.6124,0.4858,1.9012,0.6539,1.2592,확장(Risk-On),1.0,1.0,1151.0
1996-11-15,1.6415,0.3244,1.8459,0.7325,1.2269,확장(Risk-On),1.0,1.0,1152.6
1996-11-18,1.5811,0.2302,1.7916,0.7485,1.1711,확장(Risk-On),1.0,1.0,1152.1
1996-11-19,1.7143,0.2751,1.7881,0.7576,1.2295,확장(Risk-On),1.0,1.0,1158.05
1996-11-20,1.7977,0.1126,1.8745,0.761,1.2401,확장(Risk-On),1.0,1.0,1157.9
1996-11-21,1.8614,0.2411,1.9693,0.6909,1.3078,확장(Risk-On),1.0,1.0,1157.2
1996-11-22,2.1791,0.4343,1.9231,0.91,1.4885,확장(Risk-On),1.0,1.0,1162.95
1996-11-25,2.3847,0.3895,1.6623,0.9543,1.4908,확장(Risk-On),1.0,1.0,1171.7
1996-11-26,2.4306,0.1825,1.7041,0.9657,1.4672,확장(Risk-On),1.0,1.0,1169.1
1996-11-27,2.3169,0.145,1.5967,1.0113,1.398,확장(Risk-On),1.0,1.0,1167.7
1996-11-29,2.53,0.0598,1.5564,1.0641,1.4492,확장(Risk-On),1.0,1.0,1170.0
1996-12-02,2.4469,-0.0499,1.6306,0.9796,1.3985,확장(Risk-On),1.0,1.0,1169.75
1996-12-03,1.9189,-0.3997,1.4051,0.939,1.0638,확장(Risk-On),1.0,1.0,1157.25
1996-12-04,1.9724,-0.2566,1.5194,0.8964,1.1405,확장(Risk-On),1.0,1.0,1159.4
1996-12-05,1.7411,-0.2882,1.5483,0.7894,1.0428,확장(Risk-On),1.0,1.0,1157.1
1996-12-06,1.2764,-0.404,1.5919,0.7332,0.8537,확장(Risk-On),1.0,1.0,1152.25
1996-12-09,1.5986,-0.3099,1.5588,0.8336,0.9968,확장(Risk-On),1.0,1.0,1163.25
1996-12-10,1.4146,-0.5702,1.5192,0.8088,0.8537,확장(Risk-On),1.0,1.0,1159.75
1996-12-11,1.1292,-0.7149,1.6519,0.1858,0.6573,확장(Risk-On),1.0,1.0,1151.3
1996-12-12,0.6508,-0.9778,1.3831,0.0942,0.3432,확장(Risk-On),1.0,1.0,1139.25
1996-12-13,0.6761,-1.2898,1.3924,0.1257,0.2811,확장(Risk-On),1.0,1.0,1141.15
1996-12-16,0.3481,-1.4258,1.1124,-0.0445,0.0368,중립(Neutral),0.5,1.0,1132.5
1996-12-17,0.4833,-1.0359,1.2353,-0.1287,0.1997,중립(Neutral),0.5,1.0,1138.0
1996-12-18,0.5879,-0.654,1.2943,-0.2579,0.3272,확장(Risk-On),1.0,1.0,1142.9
1996-12-19,0.8388,-0.39,1.3401,-0.0678,0.521,확장(Risk-On),1.0,1.0,1158.25
1996-12-20,0.9333,-0.3674,1.4551,0.0044,0.5992,확장(Risk-On),1.0,1.0,1162.0
1996-12-23,0.8613,-0.6076,1.3717,0.2881,0.5357,확장(Risk-On),1.0,1.0,1158.85
1996-12-24,0.8859,-0.3646,1.3439,0.2677,0.5951,확장(Risk-On),1.0,1.0,1163.8
1996-12-26,0.8899,-0.1722,1.3246,0.2004,0.6296,확장(Risk-On),1.0,1.0,1169.35
1996-12-27,0.9575,-0.3027,1.3091,0.2907,0.6303,확장(Risk-On),1.0,1.0,1169.35
1996-12-30,0.8352,-0.3777,1.2841,0.0382,0.5247,확장(Risk-On),1.0,1.0,1163.85
1996-12-31,0.3958,-0.5191,1.2302,-0.3656,0.2615,확장(Risk-On),1.0,1.0,1149.25
1997-01-02,0.423,-0.4368,1.1663,-0.6537,0.2324,확장(Risk-On),1.0,1.0,1149.45
1997-01-03,0.8825,-0.0859,1.3193,-0.5403,0.5362,확장(Risk-On),1.0,1.0,1161.95
1997-01-06,0.6223,-0.228,1.3545,-0.3605,0.4454,확장(Risk-On),1.0,1.0,1155.45
1997-01-07,0.8351,-0.0243,1.4529,-0.4766,0.578,확장(Risk-On),1.0,1.0,1164.4
1997-01-08,0.8342,-0.296,1.3735,-0.5496,0.4789,확장(Risk-On),1.0,1.0,1160.25
1997-01-09,0.7804,-0.4263,1.3991,-0.3047,0.4706,확장(Risk-On),1.0,1.0,1163.65
1997-01-10,1.0062,0.0916,1.4096,-0.3212,0.6793,확장(Risk-On),1.0,1.0,1171.35
1997-01-13,0.9948,0.0941,1.3186,-0.1862,0.6734,확장(Risk-On),1.0,1.0,1169.05
1997-01-14,1.2909,0.2599,1.2718,-0.0768,0.8232,확장(Risk-On),1.0,1.0,1177.95
1997-01-15,1.2452,0.2859,1.3162,-0.008,0.8351,확장(Risk-On),1.0,1.0,1176.4
1997-01-16,1.4019,0.1922,1.3396,0.0067,0.8746,확장(Risk-On),1.0,1.0,1180.0
1997-01-17,1.4276,0.2568,1.182,0.1278,0.8785,확장(Risk-On),1.0,1.0,1185.5
1997-01-20,1.334,0.1929,1.15,-0.1369,0.7821,확장(Risk-On),1.0,1.0,1184.9
1997-01-21,1.3067,0.3975,1.1055,-0.1828,0.8057,확장(Risk-On),1.0,1.0,1191.7
1997-01-22,1.3903,0.643,0.9652,-0.3935,0.8296,확장(Risk-On),1.0,1.0,1196.35
1997-01-23,1.1168,0.3017,0.8426,-0.4694,0.6066,확장(Risk-On),1.0,1.0,1185.0
1997-01-24,0.8451,0.2074,0.8841,-0.6136,0.4766,확장(Risk-On),1.0,1.0,1174.5
1997-01-27,0.753,0.1763,0.7153,-0.8258,0.3626,확장(Risk-On),1.0,1.0,1173.7
1997-01-28,0.8485,0.0944,0.6277,-0.7159,0.3701,확장(Risk-On),1.0,1.0,1176.25
1997-01-29,1.0005,0.3277,0.524,-0.4286,0.4988,확장(Risk-On),1.0,1.0,1183.05
1997-01-30,1.3532,0.4832,0.5793,-0.1226,0.7208,확장(Risk-On),1.0,1.0,1192.7
1997-01-31,1.2879,0.2572,0.5503,0.1075,0.6688,확장(Risk-On),1.0,1.0,1192.25
1997-02-03,1.2364,0.1871,0.5609,0.153,0.6427,확장(Risk-On),1.0,1.0,1194.5
1997-02-04,1.3592,0.2041,0.2651,0.1965,0.6225,확장(Risk-On),1.0,1.0,1198.45
1997-02-05,0.8935,-0.0965,0.2391,0.1367,0.3689,확장(Risk-On),1.0,1.0,1185.25
1997-02-06,0.9019,0.1248,0.1976,0.1495,0.4187,확장(Risk-On),1.0,1.0,1187.4
1997-02-07,1.0915,0.2982,0.1113,0.2055,0.5152,확장(Risk-On),1.0,1.0,1199.1
1997-02-10,0.8661,-0.0268,0.3877,0.2312,0.428,확장(Risk-On),1.0,1.0,1192.8
1997-02-11,1.0277,0.0837,0.3057,0.2418,0.4933,확장(Risk-On),1.0,1.0,1199.6
1997-02-12,1.186,0.2156,0.2385,0.3243,0.5773,확장(Risk-On),1.0,1.0,1212.0
1997-02-13,1.2919,0.2423,0.1614,0.4632,0.6226,확장(Risk-On),1.0,1.0,1218.9
1997-02-14,1.1644,0.0923,0.1889,0.4851,0.5506,확장(Risk-On),1.0,1.0,1216.95
1997-02-18,1.2139,0.089,0.0522,0.4924,0.534,확장(Risk-On),1.0,1.0,1223.1
1997-02-19,1.1712,-0.1381,0.0,0.526,0.4543,확장(Risk-On),1.0,1.0,1219.05
1997-02-20,0.8635,-0.3857,-0.0969,0.5639,0.2662,확장(Risk-On),1.0,1.0,1209.1
1997-02-21,0.84,-0.1706,-0.1855,0.56,0.289,확장(Risk-On),1.0,1.0,1209.2
1997-02-24,1.1236,0.0973,0.0896,0.5046,0.5157,확장(Risk-On),1.0,1.0,1217.3
1997-02-25,1.2017,0.1709,0.0701,0.5257,0.5597,확장(Risk-On),1.0,1.0,1218.9
1997-02-26,0.9311,0.2198,-0.0432,0.3823,0.4274,확장(Risk-On),1.0,1.0,1208.5
1997-02-27,0.6761,0.0653,-0.384,0.3143,0.2041,확장(Risk-On),1.0,1.0,1197.25
1997-02-28,0.6122,0.0531,-0.3039,0.2901,0.1951,중립(Neutral),0.5,1.0,1195.15
1997-03-03,0.5828,0.0688,-0.2662,0.1259,0.1735,중립(Neutral),0.5,0.5,1200.0
1997-03-04,0.5923,0.0694,-0.2456,-0.0905,0.1497,중립(Neutral),0.5,0.5,1196.8
1997-03-05,0.8373,0.2916,0.0014,-0.1276,0.3472,확장(Risk-On),1.0,0.5,1209.0
1997-03-06,0.7402,0.2709,-0.0921,-0.3326,0.2539,확장(Risk-On),1.0,0.5,1205.35
1997-03-07,0.9978,0.3771,0.028,-0.1433,0.429,확장(Risk-On),1.0,0.5,1211.95
1997-03-10,1.1465,0.3051,0.04,-0.2232,0.4541,확장(Risk-On),1.0,0.5,1219.75
1997-03-11,0.9203,0.4643,0.1387,-0.2518,0.4351,확장(Risk-On),1.0,0.5,1216.05
1997-03-12,0.8112,0.3689,0.0205,-0.2915,0.3375,확장(Risk-On),1.0,0.5,1208.4
1997-03-13,0.5329,0.3187,-0.0465,-0.6531,0.1566,중립(Neutral),0.5,0.5,1194.95
1997-03-14,0.5763,0.228,-0.0877,-0.7321,0.127,중립(Neutral),0.5,0.5,1200.0
1997-03-17,0.5281,-0.0001,-0.0259,-0.9671,0.0333,중립(Neutral),0.5,0.5,1201.4
1997-03-18,0.4247,-0.0432,-0.1347,-1.0683,-0.0561,중립(Neutral),0.5,0.5,1192.0
1997-03-19,0.2789,-0.0501,-0.3359,-1.1052,-0.1647,중립(Neutral),0.5,0.5,1189.25
1997-03-20,0.246,0.1243,-0.3524,-0.9738,-0.117,중립(Neutral),0.5,0.5,1187.3
1997-03-21,0.3078,0.2719,-0.3288,-0.9516,-0.0493,중립(Neutral),0.5,0.5,1188.75
1997-03-24,0.4515,0.1383,-0.1382,-0.8794,0.0261,중립(Neutral),0.5,0.5,1198.25
1997-03-25,0.2818,0.322,-0.173,-1.0346,-0.0193,중립(Neutral),0.5,0.5,1192.2
1997-03-26,0.2767,0.6128,-0.1488,-0.7154,0.1055,중립(Neutral),0.5,0.5,1195.2
1997-03-27,-0.0784,0.2238,-0.2756,-1.1113,-0.2071,수축(Risk-Off),0.0,0.5,1172.5
1997-03-31,-0.2312,-0.2703,-0.5287,-1.1317,-0.4505,수축(Risk-Off),0.0,0.5,1155.0
1997-04-01,-0.0745,-0.0611,-0.4968,-0.9107,-0.3021,수축(Risk-Off),0.0,0.0,1162.0
1997-04-02,-0.2481,-0.3914,-0.7407,-0.8505,-0.4974,수축(Risk-Off),0.0,0.0,1148.3
1997-04-03,-0.379,-0.2686,-0.6516,-0.7763,-0.4792,수축(Risk-Off),0.0,0.0,1150.85
1997-04-04,-0.1262,0.0655,-0.6857,-1.0866,-0.3622,수축(Risk-Off),0.0,0.0,1159.6
1997-04-07,-0.1555,-0.0009,-0.7421,-0.9507,-0.3827,수축(Risk-Off),0.0,0.0,1164.3
1997-04-08,-0.1418,0.0935,-0.6634,-1.0046,-0.3428,수축(Risk-Off),0.0,0.0,1169.05
1997-04-09,-0.2521,0.123,-0.9127,-1.05,-0.4431,수축(Risk-Off),0.0,0.0,1162.6
1997-04-10,-0.2652,0.0678,-0.9645,-0.7661,-0.4319,수축(Risk-Off),0.0,0.0,1160.35
1997-04-11,-0.5111,-0.1707,-1.1302,-1.0477,-0.6613,수축(Risk-Off),0.0,0.0,1135.6
1997-04-14,-0.459,0.0772,-0.9722,-0.9667,-0.5294,수축(Risk-Off),0.0,0.0,1144.3
1997-04-15,-0.2627,0.214,-0.7967,-0.6332,-0.3326,수축(Risk-Off),0.0,0.0,1156.7
1997-04-16,-0.0782,0.4187,-0.7218,-0.6481,-0.2003,수축(Risk-Off),0.0,0.0,1165.3
1997-04-17,-0.1236,0.0978,-0.7455,-0.5262,-0.2841,수축(Risk-Off),0.0,0.0,1163.1
1997-04-18,-0.0316,-0.0088,-0.4249,-0.4415,-0.1857,중립(Neutral),0.5,0.0,1167.25
1997-04-21,-0.1829,-0.1808,-0.3978,-0.7761,-0.3251,수축(Risk-Off),0.0,0.0,1161.2
1997-04-22,-0.0254,-0.1425,-0.1098,-0.5599,-0.156,중립(Neutral),0.5,0.0,1177.75
1997-04-23,0.0738,-0.3227,-0.1368,-0.6646,-0.1887,중립(Neutral),0.5,0.0,1177.2
1997-04-24,0.0404,-0.1753,-0.2042,-0.5477,-0.1629,중립(Neutral),0.5,0.0,1173.35
1997-04-25,0.1144,-0.2754,-0.5842,-0.5985,-0.2647,수축(Risk-Off),0.0,0.0,1165.9
1997-04-28,0.225,-0.0532,-0.5195,-0.6225,-0.1578,중립(Neutral),0.5,0.0,1172.2
1997-04-29,0.682,0.06,-0.2805,-0.4222,0.1202,중립(Neutral),0.5,0.0,1196.8
1997-04-30,0.6292,0.0089,-0.3744,-0.3978,0.0692,중립(Neutral),0.5,0.0,1199.8
1997-05-01,0.7493,0.0554,-0.1841,-0.3548,0.1769,중립(Neutral),0.5,0.5,1199.05
1997-05-02,0.897,0.2895,-0.1011,-0.3406,0.3099,확장(Risk-On),1.0,0.5,1213.55
1997-05-05,1.0768,-0.0808,-0.0823,-0.4071,0.2751,확장(Risk-On),1.0,0.5,1233.6
1997-05-06,1.0618,-0.1698,-0.0055,-0.3978,0.2681,확장(Risk-On),1.0,0.5,1231.85
1997-05-07,0.7322,-0.2853,-0.1661,-0.506,0.0675,중립(Neutral),0.5,0.5,1214.65
1997-05-08,0.7997,-0.311,-0.054,-0.4431,0.1222,중립(Neutral),0.5,0.5,1219.55
1997-05-09,0.9439,-0.0597,-0.0064,-0.3828,0.2564,확장(Risk-On),1.0,0.5,1226.65
1997-05-12,1.2523,-0.0403,0.2635,-0.3915,0.4354,확장(Risk-On),1.0,0.5,1238.35
1997-05-13,1.0775,-0.1914,0.339,-0.4845,0.3414,확장(Risk-On),1.0,0.5,1234.85
1997-05-14,0.9753,-0.3089,0.5207,-0.4318,0.3295,확장(Risk-On),1.0,0.5,1236.95
1997-05-15,0.9953,-0.0359,0.7912,-0.4213,0.474,확장(Risk-On),1.0,0.5,1241.75
1997-05-16,0.7829,-0.3117,0.9184,-0.453,0.3577,확장(Risk-On),1.0,0.5,1229.05
1997-05-19,0.8336,-0.228,0.8202,-0.4583,0.3711,확장(Risk-On),1.0,0.5,1233.05
1997-05-20,1.0295,0.0616,1.0219,-0.4438,0.5646,확장(Risk-On),1.0,0.5,1241.55
1997-05-21,0.907,0.0518,1.1307,-0.6306,0.5185,확장(Risk-On),1.0,0.5,1239.9
1997-05-22,0.8593,0.1842,1.1198,-0.6371,0.5312,확장(Risk-On),1.0,0.5,1237.25
1997-05-23,0.9749,0.3534,1.3649,-0.6267,0.6768,확장(Risk-On),1.0,0.5,1244.75
1997-05-27,1.1424,0.1989,1.2532,-0.6065,0.6719,확장(Risk-On),1.0,0.5,1248.35
1997-05-28,1.1285,0.0839,1.3002,-0.5103,0.6644,확장(Risk-On),1.0,0.5,1247.55
1997-05-29,0.8798,0.0404,0.955,-0.4299,0.4923,확장(Risk-On),1.0,0.5,1242.5
1997-05-30,0.8958,-0.0747,0.983,-0.3887,0.4823,확장(Risk-On),1.0,0.5,1247.6
1997-06-02,0.8659,-0.4964,0.862,-0.3738,0.3384,확장(Risk-On),1.0,1.0,1243.2
1997-06-03,0.6589,-0.2585,0.9507,-0.1785,0.3769,확장(Risk-On),1.0,1.0,1240.15
1997-06-04,0.5122,-0.2149,1.0478,-0.1429,0.3661,확장(Risk-On),1.0,1.0,1239.1
1997-06-05,0.5549,-0.1859,1.1167,-0.2201,0.3939,확장(Risk-On),1.0,1.0,1243.0
1997-06-06,0.8916,-0.0874,1.3414,-0.068,0.6154,확장(Risk-On),1.0,1.0,1259.5
1997-06-09,0.9216,-0.1632,1.403,-0.0827,0.6201,확장(Risk-On),1.0,1.0,1262.85
1997-06-10,0.9507,-0.09,1.3229,-0.0518,0.6332,확장(Risk-On),1.0,1.0,1265.7
1997-06-11,0.955,0.0245,1.4901,-0.1554,0.6896,확장(Risk-On),1.0,1.0,1267.55
1997-06-12,1.1757,0.0835,1.6771,-0.0757,0.8403,확장(Risk-On),1.0,1.0,1283.25
1997-06-13,1.2662,-0.1197,1.8135,-0.0301,0.8621,확장(Risk-On),1.0,1.0,1291.6
1997-06-16,1.2849,-0.098,1.7243,-0.005,0.8555,확장(Risk-On),1.0,1.0,1292.3
1997-06-17,1.3662,-0.1662,1.5655,-0.015,0.8258,확장(Risk-On),1.0,1.0,1290.9
1997-06-18,1.295,-0.4198,1.6387,-0.0454,0.7512,확장(Risk-On),1.0,1.0,1287.45
1997-06-19,1.3379,-0.3722,1.7475,-0.0405,0.806,확장(Risk-On),1.0,1.0,1295.65
1997-06-20,1.3594,-0.4625,1.8931,0.1177,0.8511,확장(Risk-On),1.0,1.0,1293.0
1997-06-23,0.9866,-0.7634,1.679,0.202,0.6045,확장(Risk-On),1.0,1.0,1269.9
1997-06-24,1.2306,-0.4314,1.8849,0.1809,0.8212,확장(Risk-On),1.0,1.0,1293.15
1997-06-25,1.1599,-0.5627,1.8911,0.1642,0.7627,확장(Risk-On),1.0,1.0,1284.4
1997-06-26,1.1672,-0.5044,1.9925,0.1464,0.8025,확장(Risk-On),1.0,1.0,1282.4
1997-06-27,1.3276,-0.4116,1.8687,0.1776,0.8555,확장(Risk-On),1.0,1.0,1285.05
1997-06-30,1.1587,-0.3893,1.9844,0.0573,0.8129,확장(Risk-On),1.0,1.0,1278.4
1997-07-01,1.4332,-0.3685,2.1004,0.2381,0.9703,확장(Risk-On),1.0,1.0,1289.4
1997-07-02,1.637,-0.1794,2.1554,0.2649,1.1067,확장(Risk-On),1.0,1.0,1303.65
1997-07-03,1.7694,0.1277,2.3318,0.2689,1.2745,확장(Risk-On),1.0,1.0,1315.9
1997-07-07,1.5576,-0.1402,2.3357,0.3612,1.1482,확장(Risk-On),1.0,1.0,1306.5
1997-07-08,1.7,-0.1146,2.3373,0.3358,1.2011,확장(Risk-On),1.0,1.0,1315.95
1997-07-09,1.5735,-0.4292,2.3321,0.3592,1.0803,확장(Risk-On),1.0,1.0,1306.15
1997-07-10,1.7255,-0.4235,2.3372,0.3184,1.1301,확장(Risk-On),1.0,1.0,1309.65
1997-07-11,1.5944,-0.1883,2.2911,0.3667,1.1388,확장(Risk-On),1.0,1.0,1312.55
1997-07-14,1.4858,-0.1925,2.2379,0.3757,1.0878,확장(Risk-On),1.0,1.0,1315.0
1997-07-15,1.5367,-0.0565,2.0156,0.4317,1.0924,확장(Risk-On),1.0,1.0,1319.9
1997-07-16,1.7497,-0.126,2.0237,0.5326,1.1667,확장(Risk-On),1.0,1.0,1330.45
1997-07-17,1.7076,-0.3971,2.0638,0.507,1.0904,확장(Risk-On),1.0,1.0,1326.1
1997-07-18,1.2817,-0.753,1.9336,0.4395,0.8096,확장(Risk-On),1.0,1.0,1305.15
1997-07-21,1.2402,-0.7877,2.1176,0.3908,0.8252,확장(Risk-On),1.0,1.0,1305.9
1997-07-22,1.6922,-0.5802,2.125,0.392,1.0372,확장(Risk-On),1.0,1.0,1330.4
1997-07-23,1.6098,-0.4673,2.0959,0.375,1.0269,확장(Risk-On),1.0,1.0,1329.4
1997-07-24,1.7619,-0.3324,2.0939,0.3682,1.1123,확장(Risk-On),1.0,1.0,1334.0
1997-07-25,1.7247,-0.2978,1.882,0.3499,1.0522,확장(Risk-On),1.0,1.0,1333.05
1997-07-28,1.5738,-0.497,1.5213,0.3942,0.866,확장(Risk-On),1.0,1.0,1331.8
1997-07-29,1.6875,-0.6737,1.6155,0.3742,0.8822,확장(Risk-On),1.0,1.0,1335.15
1997-07-30,1.7559,-0.6761,1.4488,0.4116,0.8695,확장(Risk-On),1.0,1.0,1345.3
1997-07-31,1.6439,-0.8856,1.6898,0.4781,0.8481,확장(Risk-On),1.0,1.0,1346.1
1997-08-01,1.3543,-0.7287,1.6092,0.2351,0.7294,확장(Risk-On),1.0,1.0,1341.15
1997-08-04,1.4044,-0.5248,1.4779,0.1428,0.7512,확장(Risk-On),1.0,1.0,1343.55
1997-08-05,1.6108,-0.3776,1.3442,0.0787,0.8172,확장(Risk-On),1.0,1.0,1344.65
1997-08-06,1.6063,-0.1757,1.2479,0.1053,0.846,확장(Risk-On),1.0,1.0,1351.75
1997-08-07,1.5378,-0.158,1.171,0.0948,0.8057,확장(Risk-On),1.0,1.0,1344.4
1997-08-08,1.0815,-0.6164,0.9854,-0.2479,0.4336,확장(Risk-On),1.0,1.0,1324.55
1997-08-11,1.1889,-0.5534,0.8923,-0.1816,0.4736,확장(Risk-On),1.0,1.0,1330.7
1997-08-12,0.8961,-0.8217,0.6887,-0.2226,0.247,확장(Risk-On),1.0,1.0,1315.8
1997-08-13,0.8109,-0.9782,0.5363,-0.2584,0.1346,중립(Neutral),0.5,1.0,1313.95
1997-08-14,0.8199,-0.7397,0.5369,0.136,0.2567,확장(Risk-On),1.0,1.0,1316.2
1997-08-15,0.3717,-0.9528,0.5207,0.2879,0.0652,중립(Neutral),0.5,1.0,1286.95
1997-08-18,0.7305,-0.8227,0.644,0.3753,0.2673,확장(Risk-On),1.0,1.0,1306.9
1997-08-19,0.893,-0.732,0.6918,0.2555,0.3408,확장(Risk-On),1.0,1.0,1319.15
1997-08-20,0.9083,-0.4833,0.7534,0.2004,0.4155,확장(Risk-On),1.0,1.0,1332.7
1997-08-21,0.6301,-0.8486,0.6735,-0.0022,0.1765,중립(Neutral),0.5,1.0,1314.8
1997-08-22,0.5807,-0.8726,0.6725,-0.105,0.1375,중립(Neutral),0.5,1.0,1314.3
1997-08-25,0.5722,-0.6798,0.6658,-0.2923,0.1529,중립(Neutral),0.5,1.0,1311.5
1997-08-26,0.3951,-0.79,0.5599,-0.3746,0.0246,중립(Neutral),0.5,1.0,1295.15
1997-08-27,0.4403,-0.7435,0.5749,-0.4562,0.0435,중립(Neutral),0.5,1.0,1302.15
1997-08-28,0.1998,-0.9077,0.5704,-0.2627,-0.0538,중립(Neutral),0.5,1.0,1287.95
1997-08-29,0.2494,-0.8077,0.4375,0.131,0.0144,중립(Neutral),0.5,1.0,1291.25
1997-09-01,0.3233,-0.8915,0.2566,0.1459,-0.0237,중립(Neutral),0.5,0.5,1293.0
1997-09-02,0.5998,-0.9096,0.3024,0.2864,0.1011,중립(Neutral),0.5,0.5,1321.65
1997-09-03,0.4535,-1.0233,0.2432,0.2115,-0.0046,중립(Neutral),0.5,0.5,1316.15
1997-09-04,0.4614,-1.052,0.2584,0.3149,0.0103,중립(Neutral),0.5,0.5,1321.15
1997-09-05,0.4814,-0.6869,0.173,0.4652,0.1098,중립(Neutral),0.5,0.5,1319.9
1997-09-08,0.6121,-0.6669,0.2318,0.4901,0.179,중립(Neutral),0.5,0.5,1321.5
1997-09-09,0.502,-0.5306,0.3226,0.4614,0.1929,중립(Neutral),0.5,0.5,1322.15
1997-09-10,0.3302,-0.5975,0.1806,0.4861,0.0843,중립(Neutral),0.5,0.5,1303.4
1997-09-11,0.2629,-0.9069,0.0565,0.2809,-0.0784,중립(Neutral),0.5,0.5,1296.75
1997-09-12,0.4361,-0.6956,0.1063,0.6599,0.1043,중립(Neutral),0.5,0.5,1312.35
1997-09-15,0.6198,-0.7239,0.3253,0.5621,0.2016,확장(Risk-On),1.0,0.5,1310.0
1997-09-16,0.7486,-0.722,0.2905,0.7648,0.2688,확장(Risk-On),1.0,0.5,1334.5
1997-09-17,0.6817,-0.8804,0.3228,0.7546,0.2124,확장(Risk-On),1.0,0.5,1334.4
1997-09-18,0.7048,-0.6172,0.2625,0.7426,0.2694,확장(Risk-On),1.0,0.5,1336.35
1997-09-19,0.7687,-0.4423,0.2543,0.739,0.3329,확장(Risk-On),1.0,0.5,1339.1
1997-09-22,0.8726,-0.4321,0.2433,0.8213,0.3814,확장(Risk-On),1.0,0.5,1344.7
1997-09-23,0.8527,-0.3509,0.2302,0.75,0.3808,확장(Risk-On),1.0,0.5,1340.5
1997-09-24,0.8636,-0.5665,0.053,0.8092,0.2953,확장(Risk-On),1.0,0.5,1332.9
1997-09-25,0.7431,-0.5035,-0.4684,0.741,0.1283,중립(Neutral),0.5,0.5,1325.0
1997-09-26,0.8643,-0.4027,-0.4514,0.7813,0.2062,확장(Risk-On),1.0,0.5,1331.5
1997-09-29,0.9007,-0.2836,-0.5902,0.8332,0.2217,확장(Risk-On),1.0,0.5,1340.25
1997-09-30,0.7366,-0.4409,-0.7856,0.814,0.0733,중립(Neutral),0.5,0.5,1333.0
1997-10-01,0.6567,-0.3029,-0.706,0.795,0.0969,중립(Neutral),0.5,0.5,1341.9
1997-10-02,0.8049,-0.2823,-0.6104,0.8289,0.1829,중립(Neutral),0.5,0.5,1347.6
1997-10-03,0.8206,-0.2334,-0.5812,0.7986,0.2034,확장(Risk-On),1.0,0.5,1353.95
1997-10-06,0.9429,-0.2782,-0.5192,0.8212,0.2538,확장(Risk-On),1.0,0.5,1360.0
1997-10-07,1.0017,-0.1425,-0.3537,0.8724,0.3574,확장(Risk-On),1.0,0.5,1368.1
1997-10-08,0.8969,-0.0522,-0.4464,0.6844,0.2919,확장(Risk-On),1.0,0.5,1360.85
1997-10-09,0.9598,-0.1527,-0.1342,0.7044,0.3699,확장(Risk-On),1.0,0.5,1356.55
1997-10-10,0.9966,0.2336,0.0303,0.6828,0.5172,확장(Risk-On),1.0,0.5,1355.15
1997-10-13,0.8404,0.1887,-0.0102,0.6919,0.4426,확장(Risk-On),1.0,0.5,1354.85
1997-10-14,0.9182,0.0198,-0.1833,0.7437,0.392,확장(Risk-On),1.0,0.5,1356.0
1997-10-15,0.7789,0.0558,-0.2134,0.558,0.3169,확장(Risk-On),1.0,0.5,1352.0
1997-10-16,0.5976,-0.1373,-0.1777,0.5286,0.2097,확장(Risk-On),1.0,0.5,1338.3
1997-10-17,0.3322,-0.3637,-0.1302,0.2799,0.0348,중립(Neutral),0.5,0.5,1327.15
1997-10-20,0.5006,-0.2067,0.271,0.2402,0.2273,확장(Risk-On),1.0,0.5,1340.75
1997-10-21,0.6472,0.0477,0.2832,0.3086,0.3555,확장(Risk-On),1.0,0.5,1357.95
1997-10-22,0.6274,0.0082,0.2577,0.2613,0.3252,확장(Risk-On),1.0,0.5,1352.8
1997-10-23,0.4251,-0.5183,-0.0228,0.5932,0.1025,중립(Neutral),0.5,0.5,1334.0
1997-10-24,0.3275,-0.7859,0.3358,0.6392,0.098,중립(Neutral),0.5,0.5,1322.5
1997-10-27,-0.4811,-1.8627,-0.0259,0.6635,-0.541,수축(Risk-Off),0.0,0.5,1252.5
1997-10-28,-0.0405,-1.618,0.3183,0.5649,-0.2544,수축(Risk-Off),0.0,0.5,1303.0
1997-10-29,-0.0024,-1.9289,0.3045,0.6672,-0.3069,수축(Risk-Off),0.0,0.5,1302.75
1997-10-30,-0.2343,-2.227,0.2661,0.6887,-0.4689,수축(Risk-Off),0.0,0.5,1281.6
1997-10-31,-0.1037,-2.1171,0.521,0.7229,-0.3269,수축(Risk-Off),0.0,0.5,1302.5
1997-11-03,0.0301,-1.7669,0.5651,0.6708,-0.1893,중립(Neutral),0.5,0.0,1324.2
1997-11-04,-0.0132,-1.7903,0.6525,0.5645,-0.2044,수축(Risk-Off),0.0,0.0,1320.5
1997-11-05,0.0441,-1.7244,0.5781,0.6303,-0.1766,중립(Neutral),0.5,0.0,1325.5
1997-11-06,0.0232,-1.6984,0.6555,0.7068,-0.1466,중립(Neutral),0.5,0.0,1320.7
1997-11-07,-0.0134,-1.9588,0.6464,0.7148,-0.2256,수축(Risk-Off),0.0,0.0,1309.8
1997-11-10,-0.0533,-1.9775,0.4619,0.7015,-0.2923,수축(Risk-Off),0.0,0.0,1304.7
1997-11-11,-0.0569,-2.0188,0.5642,0.7405,-0.2725,수축(Risk-Off),0.0,0.0,1305.1
1997-11-12,-0.142,-2.2017,0.3794,0.7635,-0.3908,수축(Risk-Off),0.0,0.0,1286.8
1997-11-13,-0.0907,-2.123,0.5166,0.7562,-0.3199,수축(Risk-Off),0.0,0.0,1297.7
1997-11-14,0.0578,-1.9053,0.4904,0.7004,-0.2284,수축(Risk-Off),0.0,0.0,1311.1
1997-11-17,0.2228,-1.7419,0.6604,0.7022,-0.0871,중립(Neutral),0.5,0.0,1328.4
1997-11-18,0.1381,-1.7555,0.5868,0.6752,-0.1426,중립(Neutral),0.5,0.0,1321.1
1997-11-19,0.0928,-1.632,0.5703,0.7051,-0.1272,중립(Neutral),0.5,0.0,1326.3
1997-11-20,0.2602,-1.0993,0.6181,0.6919,0.0746,중립(Neutral),0.5,0.0,1341.5
1997-11-21,0.4508,-1.084,0.7406,0.6233,0.1654,중립(Neutral),0.5,0.0,1348.1
1997-11-24,0.3059,-1.0456,0.6336,0.6266,0.098,중립(Neutral),0.5,0.0,1328.3
1997-11-25,0.7008,-1.0199,0.6973,0.6457,0.2615,확장(Risk-On),1.0,0.0,1330.2
1997-11-26,0.4999,-0.8953,0.6429,0.6371,0.2074,확장(Risk-On),1.0,0.0,1333.5
1997-11-27,0.5253,-0.7164,0.6087,0.5381,0.2377,확장(Risk-On),1.0,0.0,1337.1
1997-11-28,0.5173,-0.7417,0.5949,0.4724,0.2152,확장(Risk-On),1.0,0.0,1333.4
1997-12-01,0.6446,-0.6674,0.6345,0.5035,0.2929,확장(Risk-On),1.0,1.0,1358.1
1997-12-02,0.4768,-0.6477,0.5007,0.5218,0.2084,확장(Risk-On),1.0,1.0,1353.6
1997-12-03,0.5295,-0.4619,0.6551,0.5225,0.312,확장(Risk-On),1.0,1.0,1356.0
1997-12-04,0.5089,-0.4426,0.728,0.5244,0.3281,확장(Risk-On),1.0,1.0,1355.4
1997-12-05,0.6341,-0.0556,0.5514,0.4402,0.4119,확장(Risk-On),1.0,1.0,1365.1
1997-12-08,0.7164,-0.0394,0.4136,0.3012,0.3895,확장(Risk-On),1.0,1.0,1363.1
1997-12-09,0.7342,-0.0186,0.4634,0.3878,0.4263,확장(Risk-On),1.0,1.0,1357.4
1997-12-10,0.6014,-0.1334,0.3514,0.5543,0.3481,확장(Risk-On),1.0,1.0,1348.7
1997-12-11,0.5426,-0.5949,0.3551,0.6642,0.2296,확장(Risk-On),1.0,1.0,1332.9
1997-12-12,0.4123,-0.7992,0.3187,0.7029,0.1296,중립(Neutral),0.5,1.0,1334.0
1997-12-15,0.4125,-0.7589,0.3032,0.7142,0.1376,중립(Neutral),0.5,1.0,1341.8
1997-12-16,0.384,-0.6583,0.2684,0.6609,0.1361,중립(Neutral),0.5,1.0,1348.0
1997-12-17,0.3605,-0.6712,0.4305,0.6147,0.1582,중립(Neutral),0.5,1.0,1343.0
1997-12-18,0.2193,-0.9786,0.4519,0.5623,0.0294,중립(Neutral),0.5,1.0,1332.5
1997-12-19,0.0932,-1.2194,0.3624,0.6144,-0.0895,중립(Neutral),0.5,1.0,1325.1
1997-12-22,0.1374,-1.0574,0.2329,0.5705,-0.0725,중립(Neutral),0.5,1.0,1330.4
1997-12-23,0.1143,-1.2411,0.328,0.5668,-0.1032,중립(Neutral),0.5,1.0,1312.6
1997-12-24,0.063,-1.2236,0.2006,0.5483,-0.1515,중립(Neutral),0.5,1.0,1309.8
1997-12-26,0.0392,-1.1229,0.2039,0.5492,-0.1337,중립(Neutral),0.5,1.0,1313.5
1997-12-29,0.2233,-0.9096,0.3385,0.5127,0.0123,중립(Neutral),0.5,1.0,1333.4
1997-12-30,0.3203,-0.6363,0.2993,0.4812,0.1,중립(Neutral),0.5,1.0,1346.9
1997-12-31,0.1948,-0.6608,0.2002,0.5276,0.0322,중립(Neutral),0.5,1.0,1346.7
1998-01-02,0.2428,-0.88,0.1727,0.5941,-0.0027,중립(Neutral),0.5,0.5,1352.3
1998-01-05,0.2242,-1.0712,0.1085,0.6945,-0.058,중립(Neutral),0.5,0.5,1354.5
1998-01-06,0.0697,-1.3589,0.0709,0.7641,-0.183,중립(Neutral),0.5,0.5,1338.6
1998-01-07,0.0582,-1.2264,0.0916,0.7308,-0.1537,중립(Neutral),0.5,0.5,1341.6
1998-01-08,-0.029,-1.3377,0.0918,0.6984,-0.2169,수축(Risk-Off),0.0,0.5,1328.8
1998-01-09,-0.2669,-1.6883,0.082,0.7658,-0.3801,수축(Risk-Off),0.0,0.5,1297.1
1998-01-12,-0.1014,-1.4362,0.0476,0.7658,-0.2678,수축(Risk-Off),0.0,0.5,1313.1
1998-01-13,0.0821,-1.166,0.1735,0.7757,-0.1031,중립(Neutral),0.5,0.5,1327.1
1998-01-14,0.1107,-1.0223,0.1268,0.6937,-0.0811,중립(Neutral),0.5,0.5,1330.9
1998-01-15,0.0375,-1.0991,-0.0528,0.6351,-0.1796,중립(Neutral),0.5,0.5,1322.7
1998-01-16,0.1635,-0.7898,-0.0001,0.5228,-0.0618,중립(Neutral),0.5,0.5,1336.0
1998-01-19,0.1947,-0.623,0.1229,0.4982,0.0178,중립(Neutral),0.5,0.5,1339.4
1998-01-20,0.3107,-0.4338,-0.0481,0.646,0.0852,중립(Neutral),0.5,0.5,1352.8
1998-01-21,0.3294,-0.2293,0.3339,0.7148,0.2487,확장(Risk-On),1.0,0.5,1343.0
1998-01-22,0.291,-0.5034,0.1078,0.7482,0.1152,중립(Neutral),0.5,0.5,1333.9
1998-01-23,0.403,-0.2655,0.0182,0.5329,0.1591,중립(Neutral),0.5,0.5,1332.0
1998-01-26,0.6822,-0.2811,0.2061,0.6313,0.3147,확장(Risk-On),1.0,0.5,1331.2
1998-01-27,0.6013,-0.1888,-0.0921,0.672,0.241,확장(Risk-On),1.0,0.5,1341.3
1998-01-28,0.5828,-0.3983,-0.1964,0.6806,0.1574,중립(Neutral),0.5,0.5,1349.7
1998-01-29,0.662,-0.467,-0.1213,0.7829,0.202,확장(Risk-On),1.0,0.5,1354.7
1998-01-30,0.588,-0.5232,-0.1987,0.7892,0.1437,중립(Neutral),0.5,0.5,1355.4
1998-02-02,0.6368,-0.2952,-0.0657,0.583,0.2201,확장(Risk-On),1.0,0.5,1371.6
1998-02-03,0.7366,-0.079,0.235,0.5723,0.3827,확장(Risk-On),1.0,0.5,1378.3
1998-02-04,0.7997,-0.0847,0.3711,0.6274,0.4456,확장(Risk-On),1.0,0.5,1377.3
1998-02-05,0.7717,-0.0709,0.4107,0.2943,0.3992,확장(Risk-On),1.0,0.5,1377.1
1998-02-06,1.0233,0.3086,0.5725,0.0871,0.5915,확장(Risk-On),1.0,0.5,1386.2
1998-02-09,1.2236,0.1354,0.3771,0.0322,0.5612,확장(Risk-On),1.0,0.5,1382.6
1998-02-10,1.2256,0.0649,0.3475,0.2136,0.5641,확장(Risk-On),1.0,0.5,1391.8
1998-02-11,1.2278,-0.0832,0.2422,0.5109,0.5461,확장(Risk-On),1.0,0.5,1391.3
1998-02-12,1.2229,0.0357,0.4124,0.4772,0.6116,확장(Risk-On),1.0,0.5,1394.3
1998-02-13,1.1665,-0.1232,0.2418,0.7254,0.5467,확장(Risk-On),1.0,0.5,1389.9
1998-02-17,1.0752,-0.3327,0.1068,0.7622,0.4342,확장(Risk-On),1.0,0.5,1395.1
1998-02-18,1.1189,-0.0129,0.3729,0.7225,0.59,확장(Risk-On),1.0,0.5,1402.8
1998-02-19,1.0851,-0.0116,0.2948,0.6489,0.548,확장(Risk-On),1.0,0.5,1398.3
1998-02-20,1.2202,0.1404,0.2957,0.682,0.6384,확장(Risk-On),1.0,0.5,1405.1
1998-02-23,1.361,0.2287,0.3849,0.5995,0.7197,확장(Risk-On),1.0,0.5,1408.9
1998-02-24,1.2547,0.1461,0.4001,0.4279,0.6399,확장(Risk-On),1.0,0.5,1401.3
1998-02-25,1.3573,0.1539,0.3301,0.5535,0.6791,확장(Risk-On),1.0,0.5,1413.2
1998-02-26,1.3781,0.1997,0.3716,0.2226,0.6585,확장(Risk-On),1.0,0.5,1419.7
1998-02-27,1.3179,0.1799,0.258,0.2252,0.6045,확장(Risk-On),1.0,0.5,1418.1
1998-03-02,1.1802,0.1556,0.2315,0.0908,0.5235,확장(Risk-On),1.0,1.0,1417.7
1998-03-03,1.1689,0.1004,0.3755,-0.1639,0.5035,확장(Risk-On),1.0,1.0,1423.2
1998-03-04,1.0065,-0.0589,0.3412,-0.1408,0.4017,확장(Risk-On),1.0,1.0,1415.5
1998-03-05,0.9101,-0.1782,0.1867,-0.2173,0.288,확장(Risk-On),1.0,1.0,1406.3
1998-03-06,1.0996,0.1254,0.3097,-0.0907,0.48,확장(Risk-On),1.0,1.0,1424.8
1998-03-09,1.0178,0.1462,0.4074,0.1346,0.5148,확장(Risk-On),1.0,1.0,1421.6
1998-03-10,1.2386,0.2913,0.4586,0.1012,0.6362,확장(Risk-On),1.0,1.0,1432.6
1998-03-11,1.268,0.263,0.527,0.0635,0.6508,확장(Risk-On),1.0,1.0,1436.2
1998-03-12,1.4033,0.2499,0.5332,0.3142,0.734,확장(Risk-On),1.0,1.0,1440.1
1998-03-13,1.3308,0.1947,0.5243,0.1594,0.6694,확장(Risk-On),1.0,1.0,1437.0
1998-03-16,1.4727,0.323,0.6274,0.3491,0.8054,확장(Risk-On),1.0,1.0,1447.8
1998-03-17,1.5072,0.4831,0.8402,0.1594,0.8823,확장(Risk-On),1.0,1.0,1450.3
1998-03-18,1.5345,0.4589,0.9055,0.182,0.9055,확장(Risk-On),1.0,1.0,1453.8
1998-03-19,1.6976,0.6864,1.0916,0.201,1.0688,확장(Risk-On),1.0,1.0,1457.8
1998-03-20,1.908,0.5179,1.2217,0.2293,1.1371,확장(Risk-On),1.0,1.0,1467.3
1998-03-23,1.82,0.2992,1.0253,0.3274,1.0172,확장(Risk-On),1.0,1.0,1464.4
1998-03-24,2.0452,0.1996,0.9143,0.3341,1.0444,확장(Risk-On),1.0,1.0,1473.2
1998-03-25,2.1245,-0.2002,0.9213,0.203,0.9543,확장(Risk-On),1.0,1.0,1469.8
1998-03-26,1.9512,-0.1819,0.9003,0.1419,0.8838,확장(Risk-On),1.0,1.0,1466.9
1998-03-27,1.7257,-0.2298,0.798,0.1695,0.7715,확장(Risk-On),1.0,1.0,1463.6
1998-03-30,1.6323,-0.1775,0.6036,0.2815,0.7201,확장(Risk-On),1.0,1.0,1461.8
1998-03-31,1.7618,-0.0507,0.7517,0.4144,0.854,확장(Risk-On),1.0,1.0,1466.6
1998-04-01,1.82,0.0469,0.7608,0.4559,0.9073,확장(Risk-On),1.0,1.0,1474.3
1998-04-02,2.1179,0.5022,0.9121,0.4363,1.1603,확장(Risk-On),1.0,1.0,1487.1
1998-04-03,2.7905,0.4112,0.8304,0.5602,1.3711,확장(Risk-On),1.0,1.0,1490.8
1998-04-06,2.4677,0.4118,0.9097,0.5145,1.2713,확장(Risk-On),1.0,1.0,1483.1
1998-04-07,2.4166,0.1531,0.8358,0.5622,1.1774,확장(Risk-On),1.0,1.0,1475.1
1998-04-08,2.2694,0.1645,0.7857,0.506,1.1077,확장(Risk-On),1.0,1.0,1467.9
1998-04-09,2.3468,0.3647,1.1451,0.4831,1.2713,확장(Risk-On),1.0,1.0,1475.6
1998-04-13,2.2278,0.1961,0.9573,0.0798,1.08,확장(Risk-On),1.0,1.0,1473.3
1998-04-14,2.309,0.3214,1.1234,0.1983,1.1991,확장(Risk-On),1.0,1.0,1481.2
1998-04-15,2.3295,0.4598,1.2805,0.2264,1.2844,확장(Risk-On),1.0,1.0,1484.4
1998-04-16,1.9755,0.2367,0.9843,0.3442,1.0483,확장(Risk-On),1.0,1.0,1471.6
1998-04-17,2.1222,0.4601,1.1697,0.2966,1.1947,확장(Risk-On),1.0,1.0,1486.7
1998-04-20,2.0277,0.6888,1.1418,0.0797,1.1793,확장(Risk-On),1.0,1.0,1485.1
1998-04-21,2.1831,0.8092,1.1832,-0.091,1.2485,확장(Risk-On),1.0,1.0,1491.5
1998-04-22,2.1223,1.0272,1.2118,0.1468,1.3246,확장(Risk-On),1.0,1.0,1492.5
1998-04-23,1.9189,0.8945,0.9596,0.2588,1.1739,확장(Risk-On),1.0,1.0,1482.6
1998-04-24,1.51,0.6509,0.9006,0.2911,0.96,확장(Risk-On),1.0,1.0,1468.9
1998-04-27,1.0346,0.0463,0.5437,-0.1228,0.4912,확장(Risk-On),1.0,1.0,1449.6
1998-04-28,0.9858,0.2154,0.1854,-0.2699,0.4048,확장(Risk-On),1.0,1.0,1447.1
1998-04-29,1.0867,0.3718,0.1033,-0.3968,0.4396,확장(Risk-On),1.0,1.0,1452.9
1998-04-30,1.2347,0.3858,0.3106,-0.0556,0.5979,확장(Risk-On),1.0,1.0,1475.3
1998-05-01,1.2376,0.606,0.451,-0.2867,0.6544,확장(Risk-On),1.0,1.0,1485.7
1998-05-04,1.1517,0.5009,0.5506,-0.195,0.6367,확장(Risk-On),1.0,1.0,1484.0
1998-05-05,1.091,0.3812,0.4765,-0.2411,0.5601,확장(Risk-On),1.0,1.0,1476.0
1998-05-06,0.8644,0.1226,0.402,-0.0135,0.4317,확장(Risk-On),1.0,1.0,1462.9
1998-05-07,0.7849,-0.14,0.2366,-0.0135,0.2968,확장(Risk-On),1.0,1.0,1454.4
1998-05-08,0.9584,0.3754,0.4804,-0.1671,0.5243,확장(Risk-On),1.0,1.0,1471.6
1998-05-11,0.8979,0.44,0.4111,-0.1961,0.4976,확장(Risk-On),1.0,1.0,1468.4
1998-05-12,1.0311,0.3545,0.5167,-0.0118,0.5769,확장(Risk-On),1.0,1.0,1478.2
1998-05-13,1.0245,0.3091,0.2807,0.0055,0.5069,확장(Risk-On),1.0,1.0,1480.1
1998-05-14,0.9305,0.503,0.2528,-0.1372,0.4941,확장(Risk-On),1.0,1.0,1475.5
1998-05-15,0.8807,0.2248,0.0582,-0.1396,0.3581,확장(Risk-On),1.0,1.0,1468.5
1998-05-18,0.64,-0.0789,-0.1722,0.1014,0.1764,중립(Neutral),0.5,1.0,1464.4
1998-05-19,0.7931,0.0414,-0.138,0.1686,0.2787,확장(Risk-On),1.0,1.0,1471.5
1998-05-20,0.8615,0.0703,-0.0415,0.1991,0.3386,확장(Risk-On),1.0,1.0,1480.2
1998-05-21,0.7259,0.1639,-0.1115,0.1484,0.2894,확장(Risk-On),1.0,1.0,1474.3
1998-05-22,0.79,0.2915,-0.0641,0.1485,0.3556,확장(Risk-On),1.0,1.0,1470.1
1998-05-26,0.6433,-0.271,-0.3223,0.2719,0.1176,중립(Neutral),0.5,1.0,1450.1
1998-05-27,0.7048,-0.3876,-0.2048,0.3627,0.153,중립(Neutral),0.5,1.0,1452.6
1998-05-28,0.6909,-0.2023,-0.1811,0.3374,0.1965,중립(Neutral),0.5,1.0,1456.8
1998-05-29,0.3257,-0.4865,-0.2356,0.2935,-0.0225,중립(Neutral),0.5,1.0,1446.9
1998-06-01,0.3377,-0.5472,-0.1529,0.2436,-0.0203,중립(Neutral),0.5,0.5,1451.3
1998-06-02,0.4058,-0.4088,-0.2376,0.1397,0.0014,중립(Neutral),0.5,0.5,1451.8
1998-06-03,0.0629,-0.4857,-0.4176,0.1717,-0.1781,중립(Neutral),0.5,0.5,1434.4
1998-06-04,0.4501,-0.0978,-0.3447,0.1427,0.0683,중립(Neutral),0.5,0.5,1453.8
1998-06-05,0.733,-0.019,-0.3635,0.185,0.1887,중립(Neutral),0.5,0.5,1473.5
1998-06-08,0.5875,-0.0976,-0.5853,0.1438,0.0565,중립(Neutral),0.5,0.5,1473.1
1998-06-09,0.639,-0.1094,-0.5977,0.08,0.0589,중립(Neutral),0.5,0.5,1475.6
1998-06-10,0.4635,-0.3847,-0.7195,0.1521,-0.091,중립(Neutral),0.5,0.5,1469.2
1998-06-11,0.0952,-0.8689,-0.7701,0.2393,-0.3406,수축(Risk-Off),0.0,0.5,1448.0
1998-06-12,0.2885,-0.7436,-0.7707,0.2748,-0.2364,수축(Risk-Off),0.0,0.5,1456.6
1998-06-15,-0.0936,-1.1233,-0.8589,0.2996,-0.4834,수축(Risk-Off),0.0,0.5,1429.7
1998-06-16,0.1221,-0.9754,-0.5994,0.2379,-0.3153,수축(Risk-Off),0.0,0.5,1443.9
1998-06-17,0.3199,-0.6649,-0.2281,0.1952,-0.082,중립(Neutral),0.5,0.5,1466.5
1998-06-18,0.2174,-0.7072,-0.1909,0.1807,-0.1213,중립(Neutral),0.5,0.5,1462.5
1998-06-19,0.163,-0.726,-0.134,0.117,-0.1404,중립(Neutral),0.5,0.5,1456.7
1998-06-22,0.2376,-0.7472,-0.0595,-0.0245,-0.1222,중립(Neutral),0.5,0.5,1461.1
1998-06-23,0.3819,-0.3121,-0.0279,-0.0198,0.0457,중립(Neutral),0.5,0.5,1474.3
1998-06-24,0.6884,-0.1801,0.0357,0.01,0.2064,확장(Risk-On),1.0,0.5,1490.0
1998-06-25,0.6603,-0.3141,-0.0154,-0.0653,0.1389,중립(Neutral),0.5,0.5,1487.9
1998-06-26,0.6826,-0.0852,0.1421,-0.1579,0.2294,확장(Risk-On),1.0,0.5,1492.0
1998-06-29,0.7511,-0.0118,0.2444,-0.1751,0.2948,확장(Risk-On),1.0,0.5,1495.9
1998-06-30,0.5864,-0.1249,0.2857,-0.1112,0.2287,확장(Risk-On),1.0,0.5,1487.4
1998-07-01,0.722,0.1515,0.2924,-0.0535,0.3557,확장(Risk-On),1.0,1.0,1500.8
1998-07-02,0.8827,0.0629,0.0799,-0.0214,0.3414,확장(Risk-On),1.0,1.0,1502.4
1998-07-06,0.803,-0.1472,0.2707,0.0768,0.3234,확장(Risk-On),1.0,1.0,1513.8
1998-07-07,0.7333,-0.13,0.0451,0.0768,0.247,확장(Risk-On),1.0,1.0,1511.7
1998-07-08,0.8158,0.0761,0.0763,0.0384,0.3294,확장(Risk-On),1.0,1.0,1519.3
1998-07-09,0.8221,0.1487,0.15,0.0765,0.3739,확장(Risk-On),1.0,1.0,1511.9
1998-07-10,1.0042,0.1089,0.1221,0.235,0.4445,확장(Risk-On),1.0,1.0,1516.8
1998-07-13,0.9036,0.2723,0.1885,-0.0884,0.4182,확장(Risk-On),1.0,1.0,1518.1
1998-07-14,1.2768,0.2614,0.2373,0.0696,0.582,확장(Risk-On),1.0,1.0,1530.2
1998-07-15,1.0854,0.1289,0.2369,0.1473,0.4934,확장(Risk-On),1.0,1.0,1527.8
1998-07-16,1.0446,0.3021,0.4306,-0.0054,0.548,확장(Risk-On),1.0,1.0,1535.6
1998-07-17,1.0983,0.47,0.5152,-0.0946,0.6165,확장(Risk-On),1.0,1.0,1538.2
1998-07-20,1.1611,0.2244,0.6006,0.0304,0.6172,확장(Risk-On),1.0,1.0,1538.0
1998-07-21,0.8477,-0.3602,0.4052,0.0425,0.3143,확장(Risk-On),1.0,1.0,1517.2
1998-07-22,0.7989,-0.4173,0.4144,0.0303,0.2834,확장(Risk-On),1.0,1.0,1516.2
1998-07-23,0.4665,-0.8109,0.0538,0.1343,-0.0058,중립(Neutral),0.5,1.0,1491.9
1998-07-24,0.4879,-0.8772,0.0428,0.1206,-0.0197,중립(Neutral),0.5,1.0,1491.8
1998-07-27,0.5074,-0.8364,0.1149,0.1539,0.0203,중립(Neutral),0.5,1.0,1497.6
1998-07-28,0.156,-1.1147,-0.0379,0.0088,-0.2323,수축(Risk-Off),0.0,1.0,1479.9
1998-07-29,0.1112,-1.0538,-0.0492,-0.2443,-0.2735,수축(Risk-Off),0.0,1.0,1473.7
1998-07-30,0.2718,-0.7448,0.0959,-0.2201,-0.1001,중립(Neutral),0.5,1.0,1490.5
1998-07-31,-0.0032,-1.1972,-0.0945,-0.27,-0.3646,수축(Risk-Off),0.0,1.0,1467.4
1998-08-03,0.0083,-1.4437,-0.078,-0.0976,-0.3922,수축(Risk-Off),0.0,0.0,1462.0
1998-08-04,-0.4997,-2.0093,-0.4827,0.0292,-0.7935,수축(Risk-Off),0.0,0.0,1418.4
1998-08-05,-0.387,-1.885,-0.305,0.0949,-0.6687,수축(Risk-Off),0.0,0.0,1432.9
1998-08-06,-0.3286,-1.7135,-0.2633,0.0311,-0.6046,수축(Risk-Off),0.0,0.0,1436.9
1998-08-07,-0.3287,-1.6478,-0.1633,0.2232,-0.5343,수축(Risk-Off),0.0,0.0,1439.1
1998-08-10,-0.4495,-1.7388,-0.1811,0.2917,-0.5936,수축(Risk-Off),0.0,0.0,1432.9
1998-08-11,-0.6442,-2.1735,-0.2688,0.4931,-0.7621,수축(Risk-Off),0.0,0.0,1415.4
1998-08-12,-0.4467,-1.7277,-0.1556,0.4017,-0.5669,수축(Risk-Off),0.0,0.0,1434.9
1998-08-13,-0.5677,-1.9556,-0.2428,0.4081,-0.6871,수축(Risk-Off),0.0,0.0,1420.2
1998-08-14,-0.7631,-2.3617,-0.3472,0.4074,-0.8832,수축(Risk-Off),0.0,0.0,1406.7
1998-08-17,-0.5377,-2.0131,-0.2615,0.5334,-0.6768,수축(Risk-Off),0.0,0.0,1428.9
1998-08-18,-0.3118,-1.3902,-0.1035,0.616,-0.3902,수축(Risk-Off),0.0,0.0,1450.5
1998-08-19,-0.1998,-1.377,-0.0589,0.6063,-0.338,수축(Risk-Off),0.0,0.0,1447.1
1998-08-20,-0.2806,-1.4804,-0.0846,0.6827,-0.387,수축(Risk-Off),0.0,0.0,1438.9
1998-08-21,-0.1692,-1.7877,-0.1543,0.6903,-0.4412,수축(Risk-Off),0.0,0.0,1431.2
1998-08-24,-0.1566,-1.6651,-0.2319,0.6613,-0.4299,수축(Risk-Off),0.0,0.0,1437.6
1998-08-25,-0.1691,-1.5341,-0.1654,0.7189,-0.3762,수축(Risk-Off),0.0,0.0,1439.9
1998-08-26,-0.13,-1.6535,-0.0729,0.714,-0.37,수축(Risk-Off),0.0,0.0,1432.2
1998-08-27,-0.5728,-2.5293,-0.1741,0.7148,-0.7691,수축(Risk-Off),0.0,0.0,1380.4
1998-08-28,-0.7167,-2.5652,-0.0843,0.7797,-0.7963,수축(Risk-Off),0.0,0.0,1375.4
1998-08-31,-1.0558,-2.6719,-0.0696,0.7888,-0.9366,수축(Risk-Off),0.0,0.0,1298.4
1998-09-01,-0.6644,-2.1454,0.1039,0.809,-0.6216,수축(Risk-Off),0.0,0.0,1343.9
1998-09-02,-0.594,-2.1761,0.097,0.7856,-0.6098,수축(Risk-Off),0.0,0.0,1335.2
1998-09-03,-0.7122,-2.3308,-0.0038,0.8908,-0.6993,수축(Risk-Off),0.0,0.0,1329.9
1998-09-04,-0.8021,-2.4636,-0.1116,0.8915,-0.7908,수축(Risk-Off),0.0,0.0,1320.4
1998-09-08,-0.3548,-2.0497,0.2407,0.9035,-0.4409,수축(Risk-Off),0.0,0.0,1371.9
1998-09-09,-0.4827,-2.3421,-0.0357,1.1601,-0.5894,수축(Risk-Off),0.0,0.0,1347.4
1998-09-10,-0.7214,-2.4556,-0.2116,1.1566,-0.7458,수축(Risk-Off),0.0,0.0,1313.8
1998-09-11,-0.3843,-2.2386,0.0851,1.0019,-0.5226,수축(Risk-Off),0.0,0.0,1357.6
1998-09-14,-0.2619,-2.0965,0.1317,1.0193,-0.43,수축(Risk-Off),0.0,0.0,1375.0
1998-09-15,-0.285,-2.0521,0.2079,0.9313,-0.4211,수축(Risk-Off),0.0,0.0,1381.1
1998-09-16,-0.265,-2.0604,0.1716,0.9218,-0.4267,수축(Risk-Off),0.0,0.0,1392.8
1998-09-17,-0.4513,-2.2589,0.0977,0.9385,-0.5575,수축(Risk-Off),0.0,0.0,1364.1
1998-09-18,-0.4486,-2.1541,0.1397,0.9067,-0.5246,수축(Risk-Off),0.0,0.0,1365.6
1998-09-21,-0.4496,-2.1903,0.1486,0.9588,-0.524,수축(Risk-Off),0.0,0.0,1365.1
1998-09-22,-0.4174,-2.113,0.1571,0.8931,-0.5011,수축(Risk-Off),0.0,0.0,1374.1
1998-09-23,-0.1864,-1.8283,0.1433,0.995,-0.3373,수축(Risk-Off),0.0,0.0,1412.3
1998-09-24,-0.3226,-1.7627,0.0829,1.0474,-0.3758,수축(Risk-Off),0.0,0.0,1388.4
1998-09-25,-0.1553,-1.7258,0.0628,1.0799,-0.3081,수축(Risk-Off),0.0,0.0,1385.6
1998-09-28,-0.0958,-1.6162,0.02,1.1384,-0.2618,수축(Risk-Off),0.0,0.0,1397.8
1998-09-29,0.1312,-1.9011,0.1401,1.1313,-0.2246,수축(Risk-Off),0.0,0.0,1392.1
1998-09-30,-0.2122,-2.1119,-0.1971,1.1797,-0.4746,수축(Risk-Off),0.0,0.0,1360.6
1998-10-01,-0.3915,-2.0545,-0.2871,1.2403,-0.5364,수축(Risk-Off),0.0,0.0,1329.4
1998-10-02,-0.2572,-1.9254,-0.3336,1.2318,-0.47,수축(Risk-Off),0.0,0.0,1347.6
1998-10-05,-0.3525,-1.9869,-0.314,1.3547,-0.4954,수축(Risk-Off),0.0,0.0,1329.1
1998-10-06,-0.3374,-2.086,-0.2075,1.2966,-0.497,수축(Risk-Off),0.0,0.0,1328.9
1998-10-07,-0.5925,-2.1,-0.1077,1.1299,-0.5898,수축(Risk-Off),0.0,0.0,1313.6
1998-10-08,-0.5647,-2.0117,-0.0516,0.7777,-0.5968,수축(Risk-Off),0.0,0.0,1303.9
1998-10-09,-0.3527,-1.7995,0.0955,0.5503,-0.4669,수축(Risk-Off),0.0,0.0,1326.1
1998-10-12,-0.4209,-1.8322,0.1608,0.6328,-0.4702,수축(Risk-Off),0.0,0.0,1339.8
1998-10-13,-0.5019,-1.8772,0.1839,0.6715,-0.4983,수축(Risk-Off),0.0,0.0,1337.6
1998-10-14,-0.4612,-1.9062,0.2156,0.7537,-0.471,수축(Risk-Off),0.0,0.0,1345.4
1998-10-15,-0.1624,-1.3359,0.4272,0.68,-0.182,중립(Neutral),0.5,0.0,1398.6
1998-10-16,0.0379,-1.5182,0.329,0.7531,-0.1711,중립(Neutral),0.5,0.0,1400.8
1998-10-19,0.0091,-1.421,0.4586,0.7446,-0.1257,중립(Neutral),0.5,0.0,1404.1
1998-10-20,0.0803,-1.3906,0.4548,0.7107,-0.0992,중립(Neutral),0.5,0.0,1408.6
1998-10-21,0.0675,-1.4824,0.4839,0.6667,-0.126,중립(Neutral),0.5,0.0,1407.9
1998-10-22,-0.0023,-1.3075,0.5257,0.6487,-0.099,중립(Neutral),0.5,0.0,1421.3
1998-10-23,0.0112,-1.2836,0.5448,0.4679,-0.1106,중립(Neutral),0.5,0.0,1408.7
1998-10-26,0.0716,-1.2427,0.5468,0.5558,-0.0655,중립(Neutral),0.5,0.0,1415.1
1998-10-27,-0.0371,-1.2127,0.6776,0.6667,-0.0467,중립(Neutral),0.5,0.0,1409.1
1998-10-28,0.0075,-1.1038,0.6167,0.5532,-0.0362,중립(Neutral),0.5,0.0,1405.6
1998-10-29,0.2792,-0.848,0.6981,0.4906,0.1338,중립(Neutral),0.5,0.0,1431.1
1998-10-30,0.5144,-0.7099,0.792,0.246,0.2375,확장(Risk-On),1.0,0.0,1439.8
1998-11-02,0.5227,-0.4828,1.0054,-0.1763,0.2872,확장(Risk-On),1.0,1.0,1455.8
1998-11-03,0.5506,-0.5199,0.9667,-0.0641,0.2948,확장(Risk-On),1.0,1.0,1448.6
1998-11-04,0.6026,-0.377,0.7728,-0.1775,0.2832,확장(Risk-On),1.0,1.0,1459.2
1998-11-05,0.7466,-0.1712,0.8394,0.144,0.45,확장(Risk-On),1.0,1.0,1475.3
1998-11-06,0.8399,-0.1162,0.871,0.199,0.5125,확장(Risk-On),1.0,1.0,1482.6
1998-11-09,0.6739,-0.4389,0.6897,0.3386,0.3493,확장(Risk-On),1.0,1.0,1471.1
1998-11-10,0.6111,-0.5173,0.5315,0.3311,0.2671,확장(Risk-On),1.0,1.0,1463.6
1998-11-11,0.6124,-0.57,0.4617,0.0973,0.2018,확장(Risk-On),1.0,1.0,1460.8
1998-11-12,0.5254,-0.7697,0.3615,0.1927,0.1107,중립(Neutral),0.5,1.0,1458.4
1998-11-13,0.3882,-0.6354,0.5025,-0.0785,0.0909,중립(Neutral),0.5,1.0,1467.9
1998-11-16,0.4399,-0.642,0.6068,-0.1165,0.1277,중립(Neutral),0.5,1.0,1476.9
1998-11-17,0.4488,-0.5484,0.5855,-0.052,0.1585,중립(Neutral),0.5,1.0,1478.1
1998-11-18,0.4849,-0.448,0.5081,0.0163,0.1872,중립(Neutral),0.5,1.0,1484.6
1998-11-19,0.5568,-0.1888,0.5657,0.0139,0.2912,확장(Risk-On),1.0,1.0,1493.1
1998-11-20,0.5395,0.09,0.4158,0.1794,0.3422,확장(Risk-On),1.0,1.0,1502.1
1998-11-23,0.8718,0.46,0.7543,0.1144,0.6259,확장(Risk-On),1.0,1.0,1528.7
1998-11-24,0.9452,0.2861,0.5883,-0.0381,0.5437,확장(Risk-On),1.0,1.0,1521.4
1998-11-25,0.9795,0.3666,0.6523,-0.1253,0.5787,확장(Risk-On),1.0,1.0,1520.7
1998-11-27,1.0214,0.3153,0.7623,-0.0481,0.6197,확장(Risk-On),1.0,1.0,1528.8
1998-11-30,0.7503,-0.1661,0.7787,0.2645,0.4554,확장(Risk-On),1.0,1.0,1497.1
1998-12-01,0.8446,-0.1832,0.6246,0.4272,0.47,확장(Risk-On),1.0,1.0,1508.8
1998-12-02,0.9201,-0.1648,0.8554,0.5213,0.5729,확장(Risk-On),1.0,1.0,1506.9
1998-12-03,0.7385,-0.3177,1.1025,0.524,0.5333,확장(Risk-On),1.0,1.0,1487.6
1998-12-04,0.7763,-0.1032,1.0096,0.4735,0.5693,확장(Risk-On),1.0,1.0,1514.8
1998-12-07,0.8663,0.0378,0.8381,0.4138,0.5842,확장(Risk-On),1.0,1.0,1522.1
1998-12-08,0.9606,-0.1035,0.7835,0.4477,0.5734,확장(Risk-On),1.0,1.0,1516.1
1998-12-09,0.9218,-0.139,0.771,0.4902,0.5542,확장(Risk-On),1.0,1.0,1519.1
1998-12-10,0.7587,-0.1389,0.9226,0.5104,0.538,확장(Risk-On),1.0,1.0,1501.0
1998-12-11,0.7198,-0.15,1.0891,0.4672,0.5568,확장(Risk-On),1.0,1.0,1498.0
1998-12-14,0.424,-0.5204,0.9481,0.4892,0.3287,확장(Risk-On),1.0,1.0,1471.1
1998-12-15,0.6732,-0.3751,0.9156,0.4448,0.4375,확장(Risk-On),1.0,1.0,1497.7
1998-12-16,0.6868,-0.5333,0.8356,0.4706,0.3865,확장(Risk-On),1.0,1.0,1497.5
1998-12-17,0.7929,-0.2917,1.1544,0.4626,0.5626,확장(Risk-On),1.0,1.0,1514.9
1998-12-18,0.7546,-0.1206,1.2685,0.453,0.619,확장(Risk-On),1.0,1.0,1519.9
1998-12-21,0.758,0.0008,1.3317,0.398,0.6581,확장(Risk-On),1.0,1.0,1537.3
1998-12-22,0.7045,0.2142,1.2696,0.3686,0.6728,확장(Risk-On),1.0,1.0,1538.7
1998-12-23,0.9976,0.7082,1.7882,0.3147,1.0205,확장(Risk-On),1.0,1.0,1565.3
1998-12-24,1.0056,0.7623,1.9132,0.1792,1.0477,확장(Risk-On),1.0,1.0,1562.2
1998-12-28,0.9662,0.5077,1.9495,0.2871,0.9955,확장(Risk-On),1.0,1.0,1556.2
1998-12-29,1.2435,0.8579,2.005,0.3092,1.1973,확장(Risk-On),1.0,1.0,1577.3
1998-12-30,1.4089,0.7019,1.8929,0.2803,1.1838,확장(Risk-On),1.0,1.0,1564.8
1998-12-31,1.3138,0.6321,1.6924,0.1348,1.0612,확장(Risk-On),1.0,1.0,1566.9
1999-01-04,1.3336,0.5326,1.5513,0.1133,1.0047,확장(Risk-On),1.0,1.0,1563.6
1999-01-05,1.562,0.4197,1.5577,0.1219,1.0593,확장(Risk-On),1.0,1.0,1575.9
1999-01-06,1.7089,0.5103,1.447,0.3298,1.1369,확장(Risk-On),1.0,1.0,1602.9
1999-01-07,1.6536,0.5142,1.562,0.0556,1.1061,확장(Risk-On),1.0,1.0,1600.1
1999-01-08,1.704,0.7486,1.4808,-0.3003,1.1087,확장(Risk-On),1.0,1.0,1609.7
1999-01-11,1.6605,0.55,1.2441,-0.4495,0.9623,확장(Risk-On),1.0,1.0,1596.7
1999-01-12,1.4955,0.3504,1.1457,-0.1781,0.8707,확장(Risk-On),1.0,1.0,1573.8
1999-01-13,1.3651,0.228,1.1054,-0.0438,0.8046,확장(Risk-On),1.0,1.0,1561.7
1999-01-14,1.1218,-0.2858,1.0913,0.2841,0.6366,확장(Risk-On),1.0,1.0,1541.7
1999-01-15,1.2279,0.1457,1.0621,0.0097,0.7332,확장(Risk-On),1.0,1.0,1571.3
1999-01-19,1.1854,-0.0992,1.0978,-0.0021,0.6642,확장(Risk-On),1.0,1.0,1579.7
1999-01-20,1.2589,-0.0426,1.1059,-0.0117,0.7047,확장(Risk-On),1.0,1.0,1590.9
1999-01-21,0.7489,-0.3558,1.0033,0.2688,0.4643,확장(Risk-On),1.0,1.0,1555.7
1999-01-22,0.7464,-0.5679,1.0053,0.4809,0.4427,확장(Risk-On),1.0,1.0,1554.7
1999-01-25,0.7061,-0.4551,0.9158,0.491,0.436,확장(Risk-On),1.0,1.0,1566.2
1999-01-26,0.9311,-0.2402,0.9617,0.4436,0.5728,확장(Risk-On),1.0,1.0,1588.2
1999-01-27,0.815,-0.5332,0.6192,0.4773,0.3783,확장(Risk-On),1.0,1.0,1571.7
1999-01-28,0.7759,-0.2842,0.5838,0.4325,0.4113,확장(Risk-On),1.0,1.0,1588.4
1999-01-29,0.9558,-0.1766,0.6831,0.5033,0.5367,확장(Risk-On),1.0,1.0,1604.2
1999-02-01,0.8268,-0.2268,0.5426,0.3092,0.4147,확장(Risk-On),1.0,1.0,1597.0
1999-02-02,0.7797,-0.4331,0.6327,0.2312,0.3575,확장(Risk-On),1.0,1.0,1588.0
1999-02-03,0.8071,-0.2912,0.9365,0.0353,0.4491,확장(Risk-On),1.0,1.0,1601.2
1999-02-04,0.4586,-0.3048,0.9101,-0.1209,0.2937,확장(Risk-On),1.0,1.0,1582.0
1999-02-05,0.308,-0.3783,0.8185,-0.0211,0.2147,확장(Risk-On),1.0,1.0,1566.2
1999-02-08,0.3197,-0.2923,1.0017,0.0885,0.3025,확장(Risk-On),1.0,1.0,1569.9
1999-02-09,0.1385,-0.4264,0.8419,0.0228,0.1558,중립(Neutral),0.5,1.0,1541.7
1999-02-10,0.3122,-0.2813,0.6551,-0.1788,0.1759,중립(Neutral),0.5,1.0,1548.1
1999-02-11,0.6556,0.1626,0.7484,-0.4198,0.3942,확장(Risk-On),1.0,1.0,1585.2
1999-02-12,0.5057,-0.1602,0.7175,-0.6749,0.2151,확장(Risk-On),1.0,1.0,1561.0
1999-02-16,0.3968,-0.1861,0.5335,-0.7244,0.1171,중립(Neutral),0.5,1.0,1564.9
1999-02-17,0.2736,-0.3297,0.5756,-0.5974,0.0676,중립(Neutral),0.5,1.0,1552.0
1999-02-18,0.2916,-0.3614,0.5381,-0.7029,0.0408,중립(Neutral),0.5,1.0,1561.1
1999-02-19,0.265,-0.1274,0.3017,-0.8954,0.002,중립(Neutral),0.5,1.0,1566.2
1999-02-22,0.6346,0.2373,0.465,-0.8997,0.2627,확장(Risk-On),1.0,1.0,1597.2
1999-02-23,0.5743,0.1954,0.3927,-1.0838,0.1855,중립(Neutral),0.5,1.0,1598.2
1999-02-24,0.37,0.0504,0.273,-1.257,0.0218,중립(Neutral),0.5,1.0,1576.0
1999-02-25,0.2024,0.2165,0.3205,-1.6144,-0.0371,중립(Neutral),0.5,1.0,1564.2
1999-02-26,0.2026,0.1497,0.2007,-1.5428,-0.0729,중립(Neutral),0.5,1.0,1558.2
1999-03-01,0.1462,0.1965,-0.0151,-1.9458,-0.1953,중립(Neutral),0.5,0.5,1562.2
1999-03-02,0.0628,0.1743,-0.0885,-1.8135,-0.2286,수축(Risk-Off),0.0,0.5,1552.2
1999-03-03,0.0991,0.1341,-0.179,-1.7384,-0.2373,수축(Risk-Off),0.0,0.5,1556.7
1999-03-04,0.2688,0.3146,-0.1212,-1.7622,-0.1219,중립(Neutral),0.5,0.5,1572.4
1999-03-05,0.4918,0.7053,-0.0083,-1.3493,0.144,중립(Neutral),0.5,0.5,1601.2
1999-03-08,0.5323,0.7278,-0.1454,-1.2868,0.1389,중립(Neutral),0.5,0.5,1606.0
1999-03-09,0.5573,0.6996,-0.2177,-1.1446,0.1438,중립(Neutral),0.5,0.5,1602.5
1999-03-10,0.6267,0.7658,-0.2609,-1.3476,0.1434,중립(Neutral),0.5,0.5,1611.7
1999-03-11,0.8837,0.8939,-0.2356,-1.3297,0.2744,확장(Risk-On),1.0,0.5,1627.2
1999-03-12,0.788,0.5584,-0.1453,-1.149,0.2067,확장(Risk-On),1.0,0.5,1614.0
1999-03-15,0.7574,0.7006,0.1628,-0.8649,0.3512,확장(Risk-On),1.0,0.5,1629.4
1999-03-16,0.9299,0.627,0.1343,-0.8025,0.3954,확장(Risk-On),1.0,0.5,1629.1
1999-03-17,0.7846,0.6169,0.0522,-0.9908,0.2933,확장(Risk-On),1.0,0.5,1622.0
1999-03-18,1.0096,0.6782,0.1095,-0.8206,0.4272,확장(Risk-On),1.0,0.5,1641.4
1999-03-19,0.7309,0.531,-0.0753,-0.945,0.228,확장(Risk-On),1.0,0.5,1619.7
1999-03-22,0.7269,0.1932,-0.2793,-1.2379,0.0472,중립(Neutral),0.5,0.5,1621.4
1999-03-23,0.1942,-0.131,-0.3847,-1.2336,-0.246,수축(Risk-Off),0.0,0.5,1582.5
1999-03-24,0.2357,0.0296,-0.2938,-0.9617,-0.1278,중립(Neutral),0.5,0.5,1589.8
1999-03-25,0.4445,0.3795,-0.4066,-1.0649,-0.0109,중립(Neutral),0.5,0.5,1614.2
1999-03-26,0.4437,0.444,-0.3271,-1.0085,0.0333,중립(Neutral),0.5,0.5,1607.2
1999-03-29,0.6391,0.5929,-0.3866,-0.9505,0.1327,중립(Neutral),0.5,0.5,1625.9
1999-03-30,0.58,0.6475,-0.446,-0.6759,0.152,중립(Neutral),0.5,0.5,1625.9
1999-03-31,0.4779,0.4938,-0.4624,-0.5296,0.0957,중립(Neutral),0.5,0.5,1603.5
1999-04-01,0.5282,0.4945,-0.4656,-0.551,0.1094,중립(Neutral),0.5,0.5,1612.9
1999-04-05,0.5505,0.2313,-0.2155,-0.6516,0.0989,중립(Neutral),0.5,0.5,1643.6
1999-04-06,0.4343,0.1527,-0.0615,-0.5873,0.0867,중립(Neutral),0.5,0.5,1640.7
1999-04-07,0.5232,0.2677,-0.1047,-0.7454,0.1121,중립(Neutral),0.5,0.5,1648.7
1999-04-08,0.6088,0.3012,-0.1322,-0.6242,0.1617,중립(Neutral),0.5,0.5,1665.4
1999-04-09,0.5906,0.562,-0.1001,-0.5861,0.2343,확장(Risk-On),1.0,0.5,1668.7
1999-04-12,0.8366,0.4896,-0.0219,-0.5639,0.3252,확장(Risk-On),1.0,0.5,1682.6
1999-04-13,0.7043,0.4078,-0.1546,-0.583,0.2223,확장(Risk-On),1.0,0.5,1672.5
1999-04-14,0.5562,0.1081,-0.2352,-0.5258,0.084,중립(Neutral),0.5,0.5,1649.5
1999-04-15,0.4665,0.0676,-0.3939,-0.5616,-0.0025,중립(Neutral),0.5,0.5,1642.2
1999-04-16,0.3389,0.255,-0.2839,-0.697,0.0068,중립(Neutral),0.5,0.5,1633.2
1999-04-19,0.2573,0.0117,-0.5055,-0.7033,-0.1389,중립(Neutral),0.5,0.5,1612.0
1999-04-20,0.3334,0.2672,-0.4245,-0.7156,-0.03,중립(Neutral),0.5,0.5,1625.2
1999-04-21,0.8709,0.4244,-0.4702,-0.6152,0.2011,확장(Risk-On),1.0,0.5,1661.9
1999-04-22,0.9565,0.5316,-0.3449,-0.5776,0.2948,확장(Risk-On),1.0,0.5,1679.3
1999-04-23,0.7801,0.4519,-0.2141,-0.5778,0.2458,확장(Risk-On),1.0,0.5,1675.2
1999-04-26,0.8148,0.3077,-0.1434,-0.4471,0.2592,확장(Risk-On),1.0,0.5,1681.7
1999-04-27,0.8272,0.2219,0.075,-0.4207,0.3006,확장(Risk-On),1.0,0.5,1686.7
1999-04-28,0.6527,0.0952,-0.0908,-0.3452,0.1778,중립(Neutral),0.5,0.5,1669.2
1999-04-29,0.6274,-0.1992,-0.3934,-0.358,0.0178,중립(Neutral),0.5,0.5,1657.7
1999-04-30,0.4973,-0.1393,-0.3301,-0.6583,-0.042,중립(Neutral),0.5,0.5,1646.7
1999-05-03,0.7072,0.0434,-0.1681,-0.691,0.1127,중립(Neutral),0.5,0.5,1669.4
1999-05-04,0.3909,-0.0811,-0.1561,-1.0072,-0.0736,중립(Neutral),0.5,0.5,1653.2
1999-05-05,0.5358,0.0881,0.0159,-0.8961,0.0791,중립(Neutral),0.5,0.5,1662.2
1999-05-06,0.4645,-0.1323,-0.1156,-1.376,-0.1058,중립(Neutral),0.5,0.5,1652.5
1999-05-07,0.4823,-0.0237,0.0732,-1.4383,-0.0345,중립(Neutral),0.5,0.5,1661.4
1999-05-10,0.5228,-0.2076,0.396,-1.4379,0.0144,중립(Neutral),0.5,0.5,1657.2
1999-05-11,0.5271,0.011,0.3575,-1.4405,0.0606,중립(Neutral),0.5,0.5,1668.4
1999-05-12,0.5605,0.1838,0.3836,-1.3851,0.1303,중립(Neutral),0.5,0.5,1679.3
1999-05-13,0.7963,0.0988,0.3616,-0.9905,0.2452,확장(Risk-On),1.0,0.5,1685.2
1999-05-14,0.487,-0.1152,0.4489,-1.3202,0.0559,중립(Neutral),0.5,0.5,1649.5
1999-05-17,0.593,-0.0276,0.3969,-1.4778,0.0782,중립(Neutral),0.5,0.5,1651.2
1999-05-18,0.6957,-0.1384,0.4879,-1.6238,0.0873,중립(Neutral),0.5,0.5,1651.4
1999-05-19,0.6989,-0.021,0.6505,-1.4971,0.1774,중립(Neutral),0.5,0.5,1659.4
1999-05-20,0.3771,-0.0591,0.4636,-1.4726,0.0122,중립(Neutral),0.5,0.5,1652.7
1999-05-21,0.2368,-0.0587,0.4853,-1.4031,-0.0209,중립(Neutral),0.5,0.5,1645.0
1999-05-24,0.1114,-0.507,0.5061,-1.4943,-0.1854,중립(Neutral),0.5,0.5,1622.7
1999-05-25,-0.1278,-0.6653,0.4732,-1.5494,-0.3252,수축(Risk-Off),0.0,0.5,1594.7
1999-05-26,0.0569,-0.4168,0.5394,-1.5747,-0.1856,중립(Neutral),0.5,0.5,1614.7
1999-05-27,-0.0548,-0.4968,0.4822,-1.8171,-0.2954,수축(Risk-Off),0.0,0.5,1596.2
1999-05-28,0.0925,-0.1944,0.3692,-1.6102,-0.1655,중립(Neutral),0.5,0.5,1607.4
1999-06-01,-0.0308,-0.1285,0.5568,-1.9195,-0.1916,중립(Neutral),0.5,0.5,1605.8
1999-06-02,-0.0192,-0.1488,0.3749,-1.9063,-0.2362,수축(Risk-Off),0.0,0.5,1606.4
1999-06-03,0.0304,-0.0449,0.3939,-1.6555,-0.1505,중립(Neutral),0.5,0.5,1615.2
1999-06-04,0.2817,0.2516,0.4434,-1.5621,0.038,중립(Neutral),0.5,0.5,1639.9
1999-06-07,0.2757,0.2688,0.2299,-1.6478,-0.026,중립(Neutral),0.5,0.5,1642.4
1999-06-08,0.1413,0.2021,0.4339,-1.6112,-0.0332,중립(Neutral),0.5,0.5,1631.5
1999-06-09,0.074,0.2544,0.4465,-1.7028,-0.0543,중립(Neutral),0.5,0.5,1629.0
1999-06-10,-0.1087,0.0108,0.3922,-1.9805,-0.2343,수축(Risk-Off),0.0,0.5,1617.7
1999-06-11,-0.2264,0.1068,0.4989,-1.7499,-0.1903,중립(Neutral),0.5,0.5,1606.5
1999-06-14,-0.0466,0.0086,0.4142,-1.4824,-0.1329,중립(Neutral),0.5,0.5,1606.5
1999-06-15,-0.0487,0.1939,0.6141,-1.3225,-0.0134,중립(Neutral),0.5,0.5,1615.5
1999-06-16,0.2062,0.4798,0.5836,-1.4081,0.1268,중립(Neutral),0.5,0.5,1639.5
1999-06-17,0.2874,0.3069,0.6191,-0.9971,0.1825,중립(Neutral),0.5,0.5,1652.5
1999-06-18,0.4348,0.3822,0.6812,-1.2321,0.2332,확장(Risk-On),1.0,0.5,1653.5
1999-06-21,0.4891,0.5254,0.6069,-1.4056,0.2434,확장(Risk-On),1.0,0.5,1657.5
1999-06-22,0.4281,0.651,0.535,-1.4839,0.2238,확장(Risk-On),1.0,0.5,1645.5
1999-06-23,0.5123,0.6736,0.3799,-1.5022,0.2173,확장(Risk-On),1.0,0.5,1638.5
1999-06-24,0.2604,0.4682,0.4082,-1.4795,0.0883,중립(Neutral),0.5,0.5,1628.5
1999-06-25,0.3252,0.5002,0.5708,-1.4174,0.169,중립(Neutral),0.5,0.5,1625.5
1999-06-28,0.4721,0.3169,0.3985,-1.1704,0.1685,중립(Neutral),0.5,0.5,1640.5
1999-06-29,0.5691,0.4778,0.3398,-0.8076,0.2824,확장(Risk-On),1.0,0.5,1653.5
1999-06-30,0.7882,0.5358,0.3936,-0.6487,0.4109,확장(Risk-On),1.0,0.5,1678.5
1999-07-01,0.8063,0.7909,0.1875,-0.7529,0.4139,확장(Risk-On),1.0,1.0,1688.5
1999-07-02,0.8891,0.7732,0.3309,-0.8094,0.4658,확장(Risk-On),1.0,1.0,1702.5
1999-07-06,0.64,0.5391,0.4661,-0.7813,0.3581,확장(Risk-On),1.0,1.0,1699.5
1999-07-07,0.7253,0.6672,0.4369,-0.7909,0.4113,확장(Risk-On),1.0,1.0,1701.5
1999-07-08,0.6966,0.7204,0.5934,-0.7029,0.4668,확장(Risk-On),1.0,1.0,1702.5
1999-07-09,0.8625,1.0293,0.6492,-0.7595,0.6076,확장(Risk-On),1.0,1.0,1710.5
1999-07-12,0.9623,0.8733,0.8193,-0.7256,0.6511,확장(Risk-On),1.0,1.0,1705.5
1999-07-13,0.9715,0.7673,0.7836,-0.7102,0.6212,확장(Risk-On),1.0,1.0,1700.5
1999-07-14,1.067,0.518,0.8181,-0.7082,0.6013,확장(Risk-On),1.0,1.0,1705.5
1999-07-15,1.1584,0.5247,0.792,-0.7267,0.6256,확장(Risk-On),1.0,1.0,1715.5
1999-07-16,1.1337,0.6766,0.7618,-0.6962,0.652,확장(Risk-On),1.0,1.0,1724.5
1999-07-19,0.8846,0.4361,0.7094,-0.7004,0.4909,확장(Risk-On),1.0,1.0,1714.5
1999-07-20,0.4891,0.014,0.8042,-0.62,0.2827,확장(Risk-On),1.0,1.0,1684.5
1999-07-21,0.5552,0.0638,0.9359,-0.5841,0.3566,확장(Risk-On),1.0,1.0,1681.5
1999-07-22,0.3666,0.0863,1.0685,-0.6238,0.3234,확장(Risk-On),1.0,1.0,1664.5
1999-07-23,0.3931,-0.0458,1.1798,-0.628,0.3269,확장(Risk-On),1.0,1.0,1659.5
1999-07-26,0.4007,-0.2582,1.1967,-0.6126,0.283,확장(Risk-On),1.0,1.0,1651.5
1999-07-27,0.525,-0.0638,1.2723,-0.6043,0.3952,확장(Risk-On),1.0,1.0,1660.5
1999-07-28,0.5074,-0.0999,1.2125,-0.689,0.3524,확장(Risk-On),1.0,1.0,1664.5
1999-07-29,0.0869,-0.4,1.1889,-0.7787,0.1109,중립(Neutral),0.5,1.0,1646.5
1999-07-30,-0.1204,-0.5662,0.9645,-0.8727,-0.0735,중립(Neutral),0.5,1.0,1627.5
1999-08-02,-0.155,-0.6025,0.893,-0.7816,-0.0989,중립(Neutral),0.5,0.5,1633.5
1999-08-03,-0.1797,-0.638,0.8532,-0.7799,-0.1261,중립(Neutral),0.5,0.5,1625.5
1999-08-04,-0.4287,-0.8548,0.7901,-0.7466,-0.2782,수축(Risk-Off),0.0,0.5,1605.5
1999-08-05,-0.2657,-0.7568,0.9367,-0.6987,-0.1528,중립(Neutral),0.5,0.5,1618.5
1999-08-06,-0.4636,-0.8245,0.8706,-1.1089,-0.3171,수축(Risk-Off),0.0,0.5,1603.5
1999-08-09,-0.6274,-0.8058,0.6385,-1.582,-0.4987,수축(Risk-Off),0.0,0.5,1599.5
1999-08-10,-0.7894,-0.923,0.6058,-1.6268,-0.5996,수축(Risk-Off),0.0,0.5,1586.5
1999-08-11,-0.4814,-0.5955,0.4889,-1.4017,-0.4054,수축(Risk-Off),0.0,0.5,1600.5
1999-08-12,-0.4921,-0.5997,0.4926,-1.3033,-0.3945,수축(Risk-Off),0.0,0.5,1601.5
1999-08-13,-0.2286,-0.3094,0.6139,-1.0991,-0.1687,중립(Neutral),0.5,0.5,1629.5
1999-08-16,-0.258,-0.2048,0.7457,-1.0089,-0.1064,중립(Neutral),0.5,0.5,1635.5
1999-08-17,-0.0921,0.1482,0.7783,-0.8035,0.0789,중립(Neutral),0.5,0.5,1644.5
1999-08-18,-0.0304,-0.1981,0.7377,-0.7486,0.012,중립(Neutral),0.5,0.5,1630.5
1999-08-19,0.0763,-0.2194,1.0416,-0.5799,0.1453,중립(Neutral),0.5,0.5,1623.5
1999-08-20,0.4304,-0.0631,1.1061,-0.4844,0.3387,확장(Risk-On),1.0,0.5,1636.5
1999-08-23,0.7882,0.1635,1.2528,-0.4829,0.5575,확장(Risk-On),1.0,0.5,1662.5
1999-08-24,0.8636,-0.0584,1.1815,-0.4513,0.5153,확장(Risk-On),1.0,0.5,1666.5
1999-08-25,0.9222,0.0393,1.2229,-0.3106,0.5917,확장(Risk-On),1.0,0.5,1679.5
1999-08-26,0.7271,0.0583,1.0709,-0.3326,0.4869,확장(Risk-On),1.0,0.5,1663.5
1999-08-27,0.7039,-0.0644,0.8745,-0.4264,0.3849,확장(Risk-On),1.0,0.5,1648.5
1999-08-30,0.5127,-0.3265,0.737,-0.551,0.1994,중립(Neutral),0.5,0.5,1622.5
1999-08-31,0.3058,-0.2555,0.5686,-0.5825,0.0979,중립(Neutral),0.5,0.5,1616.5
1999-09-01,0.4529,-0.0016,0.6057,-0.5687,0.2242,확장(Risk-On),1.0,0.5,1630.5
1999-09-02,0.4632,-0.2094,0.5449,-0.7799,0.129,중립(Neutral),0.5,0.5,1616.5
1999-09-03,0.7422,0.1387,0.8043,-0.4406,0.4294,확장(Risk-On),1.0,0.5,1659.5
1999-09-07,0.7486,0.0013,0.6973,-0.4562,0.3682,확장(Risk-On),1.0,0.5,1649.5
1999-09-08,0.781,-0.281,0.6216,-0.4652,0.2887,확장(Risk-On),1.0,0.5,1642.5
1999-09-09,0.7469,-0.1198,0.5102,-0.4822,0.2867,확장(Risk-On),1.0,0.5,1641.5
1999-09-10,0.7977,-0.2403,0.4447,-0.4124,0.2684,확장(Risk-On),1.0,0.5,1650.5
1999-09-13,0.5085,-0.3503,0.4905,-0.3894,0.1546,중립(Neutral),0.5,0.5,1643.5
1999-09-14,0.3263,-0.4989,0.4662,-0.5605,0.022,중립(Neutral),0.5,0.5,1633.5
1999-09-15,0.0207,-0.6032,0.5673,-0.437,-0.0673,중립(Neutral),0.5,0.5,1613.5
1999-09-16,0.1371,-0.6328,0.6067,-0.3751,-0.0148,중립(Neutral),0.5,0.5,1615.5
1999-09-17,0.3837,-0.4616,0.5743,-0.4228,0.099,중립(Neutral),0.5,0.5,1633.5
1999-09-20,0.2935,-0.5306,0.6513,-0.4675,0.0628,중립(Neutral),0.5,0.5,1630.5
1999-09-21,-0.063,-0.7727,0.3095,-0.6515,-0.2356,수축(Risk-Off),0.0,0.5,1603.5
1999-09-22,-0.0292,-0.7925,0.1895,-0.8447,-0.2876,수축(Risk-Off),0.0,0.5,1603.5
1999-09-23,-0.3854,-1.2441,-0.0146,-0.6317,-0.5443,수축(Risk-Off),0.0,0.5,1572.5
1999-09-24,-0.392,-1.3226,-0.1439,-0.4749,-0.5751,수축(Risk-Off),0.0,0.5,1570.5
1999-09-27,-0.2842,-0.9621,-0.508,-0.5261,-0.5459,수축(Risk-Off),0.0,0.5,1578.5
1999-09-28,-0.2093,-0.9209,-0.7813,-0.5282,-0.578,수축(Risk-Off),0.0,0.5,1575.5
1999-09-29,-0.329,-1.0447,-0.5963,-0.576,-0.6118,수축(Risk-Off),0.0,0.5,1561.5
1999-09-30,-0.2023,-0.7992,-0.4117,-0.5002,-0.4486,수축(Risk-Off),0.0,0.5,1580.5
1999-10-01,-0.2124,-0.9203,-0.4457,-0.6587,-0.5146,수축(Risk-Off),0.0,0.0,1574.5
1999-10-04,-0.2041,-0.7354,-0.4461,-0.5608,-0.4509,수축(Risk-Off),0.0,0.0,1600.5
1999-10-05,-0.2061,-0.5356,-0.5812,-0.7413,-0.4625,수축(Risk-Off),0.0,0.0,1600.25
1999-10-06,-0.0478,-0.2182,-0.6074,-0.8111,-0.3448,수축(Risk-Off),0.0,0.0,1616.0
1999-10-07,-0.124,-0.4515,-0.656,-0.6737,-0.4213,수축(Risk-Off),0.0,0.0,1610.5
1999-10-08,0.0534,-0.1325,-0.6278,-0.804,-0.292,수축(Risk-Off),0.0,0.0,1628.5
1999-10-12,-0.1994,-0.191,-0.5881,-0.7991,-0.3844,수축(Risk-Off),0.0,0.0,1607.5
1999-10-13,-0.4887,-0.5011,-0.8336,-0.9962,-0.6541,수축(Risk-Off),0.0,0.0,1570.5
1999-10-14,-0.381,-0.4731,-0.5953,-1.2455,-0.5873,수축(Risk-Off),0.0,0.0,1571.5
1999-10-15,-0.5622,-0.9866,-0.6428,-0.9437,-0.7457,수축(Risk-Off),0.0,0.0,1538.5
1999-10-18,-0.5667,-0.8464,-0.6536,-0.9357,-0.7137,수축(Risk-Off),0.0,0.0,1547.5
1999-10-19,-0.4335,-0.5694,-0.6439,-0.9569,-0.5986,수축(Risk-Off),0.0,0.0,1555.5
1999-10-20,-0.1312,-0.2932,-0.6499,-1.0387,-0.4375,수축(Risk-Off),0.0,0.0,1574.5
1999-10-21,-0.1194,-0.1614,-0.5499,-1.1472,-0.3917,수축(Risk-Off),0.0,0.0,1577.5
1999-10-22,0.0872,0.1292,-0.5245,-1.3297,-0.2678,수축(Risk-Off),0.0,0.0,1589.5
1999-10-25,0.0056,-0.1615,-0.5162,-1.2381,-0.3532,수축(Risk-Off),0.0,0.0,1582.5
1999-10-26,-0.1006,-0.2675,-0.4749,-1.1033,-0.3863,수축(Risk-Off),0.0,0.0,1567.5
1999-10-27,0.1169,-0.1766,-0.478,-0.7776,-0.2393,수축(Risk-Off),0.0,0.0,1587.5
1999-10-28,0.493,0.1098,-0.4938,-0.7867,-0.0415,중립(Neutral),0.5,0.0,1632.5
1999-10-29,0.6151,-0.0881,-0.2722,-0.201,0.0951,중립(Neutral),0.5,0.0,1657.5
1999-11-01,0.5896,-0.1644,-0.1071,-0.3104,0.0919,중립(Neutral),0.5,0.5,1643.5
1999-11-02,0.3809,-0.2728,-0.1701,-0.1598,-0.0014,중립(Neutral),0.5,0.5,1633.5
1999-11-03,0.4861,-0.4056,-0.1277,-0.1901,0.0083,중립(Neutral),0.5,0.5,1641.5
1999-11-04,0.5021,-0.3369,-0.0941,-0.1369,0.0475,중립(Neutral),0.5,0.5,1650.5
1999-11-05,0.6808,-0.3415,-0.1314,-0.144,0.0985,중립(Neutral),0.5,0.5,1666.5
1999-11-08,0.5509,-0.3517,-0.1983,-0.1779,0.0286,중립(Neutral),0.5,0.5,1665.5
1999-11-09,0.4503,-0.3011,-0.221,-0.1875,-0.0011,중립(Neutral),0.5,0.5,1653.5
1999-11-10,0.5365,-0.021,-0.1899,-0.1659,0.1102,중립(Neutral),0.5,0.5,1662.5
1999-11-11,0.7257,0.0187,-0.2462,-0.0966,0.1826,중립(Neutral),0.5,0.5,1669.5
1999-11-12,0.7919,0.1603,-0.3586,-0.0421,0.2213,확장(Risk-On),1.0,0.5,1682.5
1999-11-15,0.9694,-0.0375,-0.376,-0.0478,0.2287,확장(Risk-On),1.0,0.5,1684.5
1999-11-16,1.159,0.2131,-0.3206,0.0483,0.386,확장(Risk-On),1.0,0.5,1712.5
1999-11-17,0.9894,0.1313,-0.283,-0.0098,0.3069,확장(Risk-On),1.0,0.5,1699.5
1999-11-18,0.9364,0.3188,-0.2424,-0.0413,0.3406,확장(Risk-On),1.0,0.5,1710.5
1999-11-19,0.894,0.2429,-0.2093,-0.0482,0.3141,확장(Risk-On),1.0,0.5,1708.5
1999-11-22,0.8687,0.259,-0.05,-0.0746,0.3451,확장(Risk-On),1.0,0.5,1708.5
1999-11-23,0.7966,0.1404,-0.3323,-0.0519,0.2231,확장(Risk-On),1.0,0.5,1693.5
1999-11-24,0.9873,0.2001,-0.485,-0.0228,0.2709,확장(Risk-On),1.0,0.5,1703.5
1999-11-26,0.7622,-0.1135,-0.6235,0.0167,0.085,중립(Neutral),0.5,0.5,1696.5
1999-11-29,0.553,-0.1896,-0.5804,-0.1941,-0.0281,중립(Neutral),0.5,0.5,1691.5
1999-11-30,0.4938,-0.2977,-0.5783,-0.1619,-0.0704,중립(Neutral),0.5,0.5,1672.5
1999-12-01,0.5236,-0.0004,-0.5438,-0.3102,0.0007,중립(Neutral),0.5,0.5,1684.5
1999-12-02,0.5954,0.0579,-0.5148,-0.6656,-0.0057,중립(Neutral),0.5,0.5,1694.5
1999-12-03,0.7933,0.3007,-0.2423,-0.5053,0.2165,확장(Risk-On),1.0,0.5,1720.5
1999-12-06,0.6616,0.1231,-0.0026,-0.3408,0.2106,확장(Risk-On),1.0,0.5,1707.5
1999-12-07,0.55,0.0287,-0.1033,-0.1282,0.1546,중립(Neutral),0.5,0.5,1697.5
1999-12-08,0.4932,0.0659,-0.0421,-0.0814,0.1664,중립(Neutral),0.5,0.5,1686.5
1999-12-09,0.4984,0.1017,-0.0776,-0.0428,0.1741,중립(Neutral),0.5,0.5,1692.5
1999-12-10,0.5335,-0.0319,-0.1135,0.0801,0.1624,중립(Neutral),0.5,0.5,1697.5
1999-12-13,0.5212,-0.0052,-0.1751,-0.0271,0.1333,중립(Neutral),0.5,0.5,1699.5
1999-12-14,0.4107,-0.1237,-0.1999,-0.3541,0.0097,중립(Neutral),0.5,0.5,1687.5
1999-12-15,0.2295,0.0485,-0.2405,-0.4368,-0.0332,중립(Neutral),0.5,0.5,1691.5
1999-12-16,0.3873,0.2435,0.1639,-0.5819,0.1501,중립(Neutral),0.5,0.5,1699.5
1999-12-17,0.4905,0.3849,0.0826,-0.6072,0.1975,중립(Neutral),0.5,0.5,1707.5
1999-12-20,0.3781,0.12,0.2002,-0.7414,0.1012,중립(Neutral),0.5,0.5,1697.5
1999-12-21,0.6481,0.3186,0.6216,-0.8077,0.3407,확장(Risk-On),1.0,0.5,1716.5
1999-12-22,0.7573,0.292,0.5092,-0.8446,0.3387,확장(Risk-On),1.0,0.5,1719.5
1999-12-23,0.902,0.5266,0.5587,-0.9855,0.4392,확장(Risk-On),1.0,0.5,1743.5
1999-12-27,0.9217,0.4001,0.7131,-0.8298,0.4764,확장(Risk-On),1.0,0.5,1740.5
1999-12-28,0.9056,0.389,0.8294,-1.088,0.4584,확장(Risk-On),1.0,0.5,1741.5
1999-12-29,1.0376,0.2055,0.743,-0.909,0.4639,확장(Risk-On),1.0,0.5,1744.5
1999-12-30,0.9147,0.0053,0.746,-0.7821,0.3906,확장(Risk-On),1.0,0.5,1743.5
1999-12-31,0.945,-0.1117,0.7754,-1.2098,0.3152,확장(Risk-On),1.0,0.5,1747.5
2000-01-03,0.6081,0.055,0.7679,-1.604,0.178,중립(Neutral),0.5,1.0,1729.5
2000-01-04,0.1901,-0.4089,0.6566,-1.4667,-0.0915,중립(Neutral),0.5,1.0,1674.5
2000-01-05,0.1753,-0.2034,0.9651,-1.7025,-0.0036,중립(Neutral),0.5,1.0,1676.5
2000-01-06,0.1384,-0.2501,0.7117,-1.4311,-0.0508,중립(Neutral),0.5,1.0,1666.5
2000-01-07,0.6192,0.442,0.9305,-1.4279,0.3456,확장(Risk-On),1.0,1.0,1723.5
2000-01-10,0.7913,0.4734,0.8409,-1.4799,0.3835,확장(Risk-On),1.0,1.0,1737.5
2000-01-11,0.6405,0.3494,0.7311,-1.2431,0.3078,확장(Risk-On),1.0,1.0,1716.5
2000-01-12,0.6808,0.2709,0.6249,-1.5151,0.235,확장(Risk-On),1.0,1.0,1704.5
2000-01-13,0.7596,0.328,0.5393,-0.9833,0.3352,확장(Risk-On),1.0,1.0,1721.5
2000-01-14,0.8337,0.5819,0.5091,-1.115,0.3973,확장(Risk-On),1.0,1.0,1741.5
2000-01-18,0.7121,0.5248,0.282,-1.114,0.2838,확장(Risk-On),1.0,1.0,1731.5
2000-01-19,0.6179,0.4771,0.3272,-1.0239,0.2637,확장(Risk-On),1.0,1.0,1735.5
2000-01-20,0.5262,0.3502,0.349,-1.1784,0.1822,중립(Neutral),0.5,1.0,1719.5
2000-01-21,0.4414,0.5103,0.184,-1.1444,0.1564,중립(Neutral),0.5,1.0,1715.5
2000-01-24,0.0106,0.0743,-0.1436,-0.8004,-0.1337,중립(Neutral),0.5,1.0,1674.5
2000-01-25,-0.0089,0.2616,-0.022,-0.7594,-0.0571,중립(Neutral),0.5,1.0,1681.5
2000-01-26,-0.0824,0.2376,-0.039,-0.7845,-0.0969,중립(Neutral),0.5,1.0,1678.5
2000-01-27,-0.1146,0.2988,-0.1577,-0.848,-0.1321,중립(Neutral),0.5,1.0,1672.5
2000-01-28,-0.3946,-0.1196,-0.4406,-0.6696,-0.3786,수축(Risk-Off),0.0,1.0,1628.5
2000-01-31,-0.1559,0.0579,-0.2919,-0.4711,-0.1837,중립(Neutral),0.5,1.0,1663.5
2000-02-01,-0.0247,0.3817,-0.199,-0.5595,-0.0469,중립(Neutral),0.5,0.5,1679.5
2000-02-02,0.184,0.3195,-0.1543,-0.3922,0.0469,중립(Neutral),0.5,0.5,1678.5
2000-02-03,0.3309,0.3399,-0.1239,-0.2748,0.1286,중립(Neutral),0.5,0.5,1699.5
2000-02-04,0.3781,0.2278,-0.724,-0.3768,-0.0482,중립(Neutral),0.5,0.5,1694.5
2000-02-07,0.0836,0.1471,-0.6111,-0.5892,-0.1751,중립(Neutral),0.5,0.5,1690.5
2000-02-08,0.1427,0.2646,-0.448,-0.4954,-0.0702,중립(Neutral),0.5,0.5,1708.5
2000-02-09,-0.0532,0.0775,-0.6393,-0.5759,-0.2455,수축(Risk-Off),0.0,0.5,1680.5
2000-02-10,0.0048,0.0063,-0.7816,-0.8434,-0.3187,수축(Risk-Off),0.0,0.5,1682.5
2000-02-11,-0.2752,-0.325,-0.8152,-0.5587,-0.4652,수축(Risk-Off),0.0,0.5,1659.5
2000-02-14,-0.2966,-0.4122,-0.8694,-0.3306,-0.4738,수축(Risk-Off),0.0,0.5,1661.5
2000-02-15,-0.2332,-0.0705,-0.5412,-0.3407,-0.2857,수축(Risk-Off),0.0,0.5,1672.5
2000-02-16,-0.3193,-0.1721,-0.5381,-0.3466,-0.3413,수축(Risk-Off),0.0,0.5,1655.5
2000-02-17,-0.3758,-0.1275,-0.5427,-0.3462,-0.351,수축(Risk-Off),0.0,0.5,1648.5
2000-02-18,-0.516,-0.5966,-0.7105,-0.3684,-0.5626,수축(Risk-Off),0.0,0.5,1615.5
2000-02-22,-0.4456,-0.5735,-0.5211,-0.199,-0.4595,수축(Risk-Off),0.0,0.5,1611.5
2000-02-23,-0.3441,-0.3286,-0.4702,-0.2775,-0.3618,수축(Risk-Off),0.0,0.5,1627.5
2000-02-24,-0.3907,-0.4875,-0.6193,-0.1701,-0.4389,수축(Risk-Off),0.0,0.5,1617.5
2000-02-25,-0.4653,-0.479,-0.8873,-0.2326,-0.5393,수축(Risk-Off),0.0,0.5,1600.5
2000-02-28,-0.261,-0.3703,-1.1469,-0.2746,-0.5118,수축(Risk-Off),0.0,0.5,1610.5
2000-02-29,-0.2266,-0.2151,-0.9575,-0.2279,-0.4066,수축(Risk-Off),0.0,0.5,1634.5
2000-03-01,-0.27,-0.0288,-0.7786,-0.2361,-0.3318,수축(Risk-Off),0.0,0.0,1647.5
2000-03-02,-0.2366,-0.033,-0.8211,-0.2695,-0.3368,수축(Risk-Off),0.0,0.0,1647.5
2000-03-03,-0.0964,0.2419,-0.7401,-0.2808,-0.2004,수축(Risk-Off),0.0,0.0,1673.5
2000-03-06,-0.1884,0.0265,-0.7471,-0.2725,-0.287,수축(Risk-Off),0.0,0.0,1657.5
2000-03-07,-0.4529,-0.4964,-0.8568,-0.2472,-0.5339,수축(Risk-Off),0.0,0.0,1614.5
2000-03-08,-0.4263,-0.3657,-0.7243,-0.2587,-0.4605,수축(Risk-Off),0.0,0.0,1629.5
2000-03-09,-0.0315,-0.2082,-0.6658,-0.297,-0.274,수축(Risk-Off),0.0,0.0,1666.5
2000-03-10,-0.0548,-0.0425,-0.5932,-0.3965,-0.2376,수축(Risk-Off),0.0,0.0,1661.5
2000-03-13,-0.1125,-0.2828,-0.6104,-0.3205,-0.3107,수축(Risk-Off),0.0,0.0,1645.5
2000-03-14,-0.2752,-0.6702,-0.7143,-0.2125,-0.4743,수축(Risk-Off),0.0,0.0,1623.5
2000-03-15,-0.1209,-0.389,-0.5816,-0.1268,-0.304,수축(Risk-Off),0.0,0.0,1657.5
2000-03-16,0.3504,-0.1991,-0.4911,-0.1544,-0.0731,중립(Neutral),0.5,0.0,1721.5
2000-03-17,0.4246,-0.2339,-0.4092,-0.0384,-0.0179,중립(Neutral),0.5,0.0,1732.5
2000-03-20,0.4499,-0.2949,-0.4554,-0.0804,-0.0422,중립(Neutral),0.5,0.0,1721.5
2000-03-21,0.5779,-0.1639,-0.3603,0.017,0.0738,중립(Neutral),0.5,0.0,1751.5
2000-03-22,0.6212,-0.2188,-0.3654,0.0313,0.0761,중립(Neutral),0.5,0.0,1761.5
2000-03-23,0.7257,-0.2235,-0.1768,0.0501,0.1614,중립(Neutral),0.5,0.0,1787.5
2000-03-24,0.8174,-0.2433,-0.1478,-0.0335,0.1833,중립(Neutral),0.5,0.0,1799.5
2000-03-27,0.7444,-0.4905,-0.2434,-0.0228,0.0736,중립(Neutral),0.5,0.0,1781.5
2000-03-28,0.6998,-0.4537,-0.2833,0.0148,0.0629,중립(Neutral),0.5,0.0,1773.5
2000-03-29,0.599,-0.5768,-0.3495,0.0836,-0.0094,중립(Neutral),0.5,0.0,1773.5
2000-03-30,0.4406,-0.8076,-0.2874,0.2016,-0.0893,중립(Neutral),0.5,0.0,1748.5
2000-03-31,0.6645,-0.8652,-0.3804,0.1659,-0.0539,중립(Neutral),0.5,0.0,1758.5
2000-04-03,0.6621,-0.7825,-0.3733,0.2134,-0.0252,중립(Neutral),0.5,0.5,1771.5
2000-04-04,0.6936,-0.9739,-0.4442,0.3244,-0.0631,중립(Neutral),0.5,0.5,1762.5
2000-04-05,0.6581,-1.2299,-0.3338,0.3236,-0.1121,중립(Neutral),0.5,0.5,1748.5
2000-04-06,0.6441,-1.1149,-0.3623,0.3088,-0.0976,중립(Neutral),0.5,0.5,1760.5
2000-04-07,0.6074,-0.9681,-0.2774,0.3231,-0.0503,중립(Neutral),0.5,0.5,1773.5
2000-04-10,0.5782,-1.1195,-0.3472,0.4057,-0.1035,중립(Neutral),0.5,0.5,1765.5
2000-04-11,0.5856,-1.115,-0.2609,0.3273,-0.0899,중립(Neutral),0.5,0.5,1762.5
2000-04-12,0.3279,-1.3563,-0.4078,0.1884,-0.298,수축(Risk-Off),0.0,0.5,1720.5
2000-04-13,0.0729,-1.5596,-0.4886,0.1737,-0.4605,수축(Risk-Off),0.0,0.5,1699.5
2000-04-14,-0.589,-1.983,-0.6621,0.1105,-0.8509,수축(Risk-Off),0.0,0.5,1611.5
2000-04-17,-0.3639,-1.2571,-0.3859,0.0593,-0.5292,수축(Risk-Off),0.0,0.5,1656.5
2000-04-18,-0.0698,-1.0079,-0.3895,0.0274,-0.3697,수축(Risk-Off),0.0,0.5,1696.5
2000-04-19,-0.2401,-1.1519,-0.4667,0.0748,-0.4774,수축(Risk-Off),0.0,0.5,1683.5
2000-04-20,-0.1486,-0.986,-0.3275,0.0225,-0.377,수축(Risk-Off),0.0,0.5,1690.5
2000-04-24,-0.3339,-0.9986,-0.1927,0.0009,-0.4146,수축(Risk-Off),0.0,0.5,1680.5
2000-04-25,0.0181,-0.6143,-0.1827,-0.0696,-0.2033,수축(Risk-Off),0.0,0.5,1732.5
2000-04-26,0.043,-0.8117,-0.2239,-0.0476,-0.251,수축(Risk-Off),0.0,0.5,1718.5
2000-04-27,-0.0698,-0.5857,-0.5474,-0.3943,-0.3669,수축(Risk-Off),0.0,0.5,1710.5
2000-04-28,-0.0711,-0.7068,0.138,-0.4768,-0.2386,수축(Risk-Off),0.0,0.5,1703.5
2000-05-01,-0.0104,-0.7019,0.0781,-0.6263,-0.2536,수축(Risk-Off),0.0,0.0,1720.5
2000-05-02,-0.1953,-0.7956,-0.2851,-0.9281,-0.4777,수축(Risk-Off),0.0,0.0,1694.5
2000-05-03,-0.3145,-0.9945,-0.3528,-1.0011,-0.5971,수축(Risk-Off),0.0,0.0,1666.5
2000-05-04,-0.2671,-0.9832,-0.0026,-1.0836,-0.5025,수축(Risk-Off),0.0,0.0,1666.5
2000-05-05,-0.2474,-0.7113,0.0826,-1.189,-0.4221,수축(Risk-Off),0.0,0.0,1683.5
2000-05-08,-0.2867,-0.6233,0.1023,-1.4905,-0.4542,수축(Risk-Off),0.0,0.0,1673.5
2000-05-09,-0.3202,-0.7159,-0.0867,-1.2069,-0.4938,수축(Risk-Off),0.0,0.0,1662.5
2000-05-10,-0.4192,-0.7973,-0.0591,-0.8135,-0.4828,수축(Risk-Off),0.0,0.0,1631.5
2000-05-11,-0.1301,-0.5909,-0.0195,-0.8636,-0.3277,수축(Risk-Off),0.0,0.0,1658.5
2000-05-12,-0.0191,-0.061,0.3345,-1.1541,-0.1114,중립(Neutral),0.5,0.0,1674.5
2000-05-15,0.4233,-0.1386,0.4484,-0.7849,0.1079,중립(Neutral),0.5,0.0,1701.5
2000-05-16,0.3707,-0.0975,0.1626,-0.7452,0.0342,중립(Neutral),0.5,0.0,1715.5
2000-05-17,0.2297,-0.1037,-0.03,-1.0353,-0.1083,중립(Neutral),0.5,0.0,1700.5
2000-05-18,0.1877,-0.0253,0.0268,-1.22,-0.117,중립(Neutral),0.5,0.0,1685.5
2000-05-19,0.029,-0.2192,-0.0129,-1.1009,-0.213,수축(Risk-Off),0.0,0.0,1658.5
2000-05-22,-0.063,-0.3645,0.0183,-0.8733,-0.2396,수축(Risk-Off),0.0,0.0,1647.5
2000-05-23,-0.1555,-0.4975,-0.0287,-0.7486,-0.2983,수축(Risk-Off),0.0,0.0,1625.5
2000-05-24,-0.1709,-0.2552,-0.0961,-0.7397,-0.2586,수축(Risk-Off),0.0,0.0,1645.5
2000-05-25,-0.2071,-0.3997,-0.0737,-0.3112,-0.2375,수축(Risk-Off),0.0,0.0,1632.5
2000-05-26,-0.2291,-0.4626,0.1628,-0.23,-0.1896,중립(Neutral),0.5,0.0,1631.5
2000-05-30,-0.0472,-0.0813,0.6004,-0.1018,0.098,중립(Neutral),0.5,0.0,1671.5
2000-05-31,-0.0479,-0.0357,0.4716,0.0027,0.0926,중립(Neutral),0.5,0.0,1665.5
2000-06-01,0.2152,0.0066,0.3793,0.1182,0.1895,중립(Neutral),0.5,0.5,1695.5
2000-06-02,0.3948,-0.0687,0.1999,0.1571,0.1945,중립(Neutral),0.5,0.5,1719.5
2000-06-05,0.2784,-0.1417,0.1959,0.2283,0.1452,중립(Neutral),0.5,0.5,1713.5
2000-06-06,0.2081,-0.0486,0.2094,0.237,0.1486,중립(Neutral),0.5,0.5,1706.5
2000-06-07,0.3038,0.0262,0.1979,0.2481,0.1996,중립(Neutral),0.5,0.5,1716.5
2000-06-08,0.4184,-0.207,-0.0468,0.2725,0.1239,중립(Neutral),0.5,0.5,1709.5
2000-06-09,0.3572,-0.2082,-0.1366,0.2627,0.0782,중립(Neutral),0.5,0.5,1705.5
2000-06-12,0.1661,-0.3176,-0.164,0.2802,-0.0202,중립(Neutral),0.5,0.5,1690.5
2000-06-13,0.1208,-0.2408,0.0341,0.279,0.0325,중립(Neutral),0.5,0.5,1716.5
2000-06-14,0.0609,-0.2988,-0.1687,0.3152,-0.0483,중립(Neutral),0.5,0.5,1719.5
2000-06-15,0.1177,-0.2507,-0.3748,0.2982,-0.0705,중립(Neutral),0.5,0.5,1719.5
2000-06-16,0.0278,-0.3218,-0.3623,0.3985,-0.1015,중립(Neutral),0.5,0.5,1709.5
2000-06-19,0.1876,-0.2105,-0.251,0.4703,0.0208,중립(Neutral),0.5,0.5,1726.5
2000-06-20,0.1262,-0.2131,-0.3328,0.3991,-0.0324,중립(Neutral),0.5,0.5,1720.5
2000-06-21,0.1744,-0.1788,-0.457,0.4079,-0.0367,중립(Neutral),0.5,0.5,1720.5
2000-06-22,0.0094,-0.215,-0.4936,0.3714,-0.1182,중립(Neutral),0.5,0.5,1697.5
2000-06-23,-0.0078,-0.2231,-0.505,0.2823,-0.1424,중립(Neutral),0.5,0.5,1685.5
2000-06-26,0.0899,-0.2736,-0.5104,0.3745,-0.1084,중립(Neutral),0.5,0.5,1701.5
2000-06-27,0.075,-0.162,-0.3493,0.3869,-0.0436,중립(Neutral),0.5,0.5,1692.5
2000-06-28,-0.0668,0.0049,-0.6186,0.4907,-0.1032,중립(Neutral),0.5,0.5,1692.5
2000-06-29,-0.1448,-0.1262,-0.4952,0.4688,-0.1357,중립(Neutral),0.5,0.5,1679.5
2000-06-30,-0.1633,-0.1661,-0.5231,0.529,-0.1501,중립(Neutral),0.5,0.5,1690.5
2000-07-03,-0.0972,-0.0423,-0.3836,0.582,-0.0532,중립(Neutral),0.5,0.5,1711.5
2000-07-05,-0.2657,-0.3332,-0.1736,0.6635,-0.1202,중립(Neutral),0.5,0.5,1684.5
2000-07-06,-0.1895,-0.1385,-0.0691,0.6485,-0.021,중립(Neutral),0.5,0.5,1695.5
2000-07-07,-0.0356,0.2615,0.2617,0.6969,0.2229,확장(Risk-On),1.0,0.5,1716.5
2000-07-10,0.064,-0.0144,0.1321,0.6225,0.1452,중립(Neutral),0.5,0.5,1712.5
2000-07-11,0.2143,-0.0999,0.0724,0.6158,0.1605,중립(Neutral),0.5,0.5,1716.5
2000-07-12,0.4105,0.0479,0.1751,0.5813,0.2866,확장(Risk-On),1.0,0.5,1727.5
2000-07-13,0.304,-0.087,0.0923,0.6422,0.204,확장(Risk-On),1.0,0.5,1730.5
2000-07-14,0.3177,0.1141,0.1591,0.3343,0.2296,확장(Risk-On),1.0,0.5,1745.5
2000-07-17,0.3964,0.1679,0.0703,0.2503,0.2359,확장(Risk-On),1.0,0.5,1743.5
2000-07-18,0.2756,-0.0898,-0.0786,0.272,0.0952,중립(Neutral),0.5,0.5,1733.5
2000-07-19,0.1959,-0.0862,-0.0639,0.4191,0.0939,중립(Neutral),0.5,0.5,1721.5
2000-07-20,0.3695,-0.0333,0.2318,0.4545,0.2471,확장(Risk-On),1.0,0.5,1738.5
2000-07-21,0.1397,-0.0583,0.1229,0.5159,0.1424,중립(Neutral),0.5,0.5,1711.5
2000-07-24,0.1386,-0.2355,0.0238,0.5636,0.0801,중립(Neutral),0.5,0.5,1702.5
2000-07-25,0.1432,-0.173,0.3004,0.5374,0.1626,중립(Neutral),0.5,0.5,1706.5
2000-07-26,0.0753,-0.3547,0.5959,0.6166,0.1792,중립(Neutral),0.5,0.5,1690.5
2000-07-27,0.0062,-0.4904,0.5658,0.7054,0.1268,중립(Neutral),0.5,0.5,1685.5
2000-07-28,-0.1508,-0.8359,0.2485,0.6619,-0.1004,중립(Neutral),0.5,0.5,1653.5
2000-07-31,-0.064,-0.7913,0.2845,0.592,-0.0603,중립(Neutral),0.5,0.5,1661.5
2000-08-01,-0.1263,-0.7204,0.2901,0.6573,-0.0532,중립(Neutral),0.5,0.5,1669.5
2000-08-02,-0.1403,-0.3774,0.3451,0.693,0.0468,중립(Neutral),0.5,0.5,1674.5
2000-08-03,0.0743,-0.4367,0.2902,0.7414,0.1006,중립(Neutral),0.5,0.5,1683.5
2000-08-04,0.1587,-0.5445,0.2603,0.735,0.0948,중립(Neutral),0.5,0.5,1693.5
2000-08-07,0.2806,-0.4449,0.1818,0.6832,0.1349,중립(Neutral),0.5,0.5,1707.5
2000-08-08,0.2624,-0.4579,0.1583,0.5803,0.104,중립(Neutral),0.5,0.5,1713.5
2000-08-09,0.0657,-0.5786,0.2767,0.6735,0.0486,중립(Neutral),0.5,0.5,1702.5
2000-08-10,-0.1396,-0.6685,0.3278,0.622,-0.0407,중립(Neutral),0.5,0.5,1694.5
2000-08-11,-0.1708,-0.4288,0.3643,0.5603,0.0081,중립(Neutral),0.5,0.5,1699.5
2000-08-14,0.0056,-0.1633,0.4598,0.6693,0.1765,중립(Neutral),0.5,0.5,1719.5
2000-08-15,0.0528,-0.0772,0.6303,0.6273,0.2508,확장(Risk-On),1.0,0.5,1716.5
2000-08-16,0.1838,-0.1566,0.4021,0.6025,0.2161,확장(Risk-On),1.0,0.5,1712.5
2000-08-17,0.4012,0.0022,0.4581,0.6164,0.348,확장(Risk-On),1.0,0.5,1724.5
2000-08-18,0.3396,0.1019,0.166,0.6281,0.28,확장(Risk-On),1.0,0.5,1722.5
2000-08-21,0.4958,0.1872,0.194,0.6505,0.3664,확장(Risk-On),1.0,0.5,1728.5
2000-08-22,0.5522,-0.0607,-0.0174,0.6459,0.2706,확장(Risk-On),1.0,0.5,1728.5
2000-08-23,0.5753,0.0368,0.1039,0.7128,0.3434,확장(Risk-On),1.0,0.5,1732.5
2000-08-24,0.7601,0.088,0.0657,0.6923,0.4083,확장(Risk-On),1.0,0.5,1737.5
2000-08-25,0.6555,0.2863,-0.0364,0.737,0.4024,확장(Risk-On),1.0,0.5,1734.5
2000-08-28,0.9308,0.4171,0.078,0.6519,0.5473,확장(Risk-On),1.0,0.5,1740.5
2000-08-29,0.7586,0.3648,0.0233,0.541,0.4437,확장(Risk-On),1.0,0.5,1739.5
2000-08-30,0.4855,0.0617,-0.2724,0.5194,0.1952,중립(Neutral),0.5,0.5,1725.5
2000-08-31,0.68,0.2409,-0.3543,0.5534,0.2927,확장(Risk-On),1.0,0.5,1743.5
2000-09-01,0.707,-0.0962,-0.0574,0.556,0.2924,확장(Risk-On),1.0,1.0,1745.5
2000-09-05,0.4127,-0.5543,-0.3235,0.5367,0.0055,중립(Neutral),0.5,1.0,1733.5
2000-09-06,0.1906,-0.6368,-0.2407,0.4928,-0.0788,중립(Neutral),0.5,1.0,1715.5
2000-09-07,0.4909,-0.3451,-0.1173,0.4423,0.1226,중립(Neutral),0.5,1.0,1728.5
2000-09-08,0.3297,-0.2253,-0.3782,0.5706,0.0501,중립(Neutral),0.5,1.0,1717.5
2000-09-11,0.3036,-0.3495,-0.6124,0.5204,-0.0561,중립(Neutral),0.5,1.0,1713.5
2000-09-12,0.0777,-0.4027,-0.6238,0.506,-0.1535,중립(Neutral),0.5,1.0,1703.5
2000-09-13,0.1598,-0.4756,-0.4393,0.5431,-0.0913,중립(Neutral),0.5,1.0,1707.5
2000-09-14,0.0777,-0.4254,-0.3766,0.3788,-0.1165,중립(Neutral),0.5,1.0,1702.5
2000-09-15,-0.1735,-0.5678,-0.4855,0.3039,-0.2785,수축(Risk-Off),0.0,1.0,1682.5
2000-09-18,-0.3734,-0.8213,-0.6408,0.2639,-0.4567,수축(Risk-Off),0.0,1.0,1666.5
2000-09-19,-0.1845,-0.6362,-0.5433,0.1578,-0.3358,수축(Risk-Off),0.0,1.0,1678.5
2000-09-20,-0.2868,-0.7269,-0.1713,-0.0453,-0.3317,수축(Risk-Off),0.0,1.0,1669.5
2000-09-21,-0.3795,-0.7152,-0.1996,0.0719,-0.3508,수축(Risk-Off),0.0,1.0,1668.5
2000-09-22,-0.4086,-0.9137,0.0632,0.1952,-0.3263,수축(Risk-Off),0.0,1.0,1668.5
2000-09-25,-0.5265,-1.0939,-0.2633,0.1658,-0.4987,수축(Risk-Off),0.0,1.0,1656.5
2000-09-26,-0.703,-1.2154,-0.2412,0.3143,-0.5631,수축(Risk-Off),0.0,1.0,1642.5
2000-09-27,-0.7189,-0.9796,-0.4765,0.4134,-0.5536,수축(Risk-Off),0.0,1.0,1646.5
2000-09-28,-0.3104,-0.6888,-0.2612,0.3558,-0.2928,수축(Risk-Off),0.0,1.0,1675.5
2000-09-29,-0.6045,-0.9213,-0.3611,0.2384,-0.4964,수축(Risk-Off),0.0,1.0,1653.5
2000-10-02,-0.4895,-1.0243,-0.3835,0.3379,-0.4726,수축(Risk-Off),0.0,0.0,1656.5
2000-10-03,-0.6441,-0.921,-0.5344,0.1596,-0.5653,수축(Risk-Off),0.0,0.0,1640.5
2000-10-04,-0.5611,-0.7957,-0.4848,0.1107,-0.4999,수축(Risk-Off),0.0,0.0,1649.5
2000-10-05,-0.3731,-0.802,-0.4776,0.3461,-0.3986,수축(Risk-Off),0.0,0.0,1656.5
2000-10-06,-0.8177,-1.4716,-0.6517,0.4192,-0.7541,수축(Risk-Off),0.0,0.0,1625.5
2000-10-09,-0.901,-1.7506,-0.5797,0.4276,-0.8338,수축(Risk-Off),0.0,0.0,1615.5
2000-10-10,-1.15,-1.9085,-0.7551,0.5887,-0.9801,수축(Risk-Off),0.0,0.0,1590.5
2000-10-11,-1.2576,-2.1741,-0.6763,0.6141,-1.0607,수축(Risk-Off),0.0,0.0,1578.5
2000-10-12,-1.562,-2.5696,-1.2788,0.9425,-1.3674,수축(Risk-Off),0.0,0.0,1544.5
2000-10-13,-1.0634,-1.9543,-0.896,0.9176,-0.9471,수축(Risk-Off),0.0,0.0,1584.5
2000-10-16,-0.922,-1.7328,-0.9107,0.9603,-0.8396,수축(Risk-Off),0.0,0.0,1591.5
2000-10-17,-1.1938,-2.0519,-1.0881,1.0862,-1.0399,수축(Risk-Off),0.0,0.0,1559.5
2000-10-18,-1.2291,-2.0939,-1.1094,1.1908,-1.0524,수축(Risk-Off),0.0,0.0,1552.5
2000-10-19,-0.6208,-1.4091,-0.7861,1.2952,-0.5718,수축(Risk-Off),0.0,0.0,1601.5
2000-10-20,-0.5773,-1.2479,-0.6287,1.4065,-0.4602,수축(Risk-Off),0.0,0.0,1610.5
2000-10-23,-0.4937,-1.3102,-0.6384,1.5,-0.4349,수축(Risk-Off),0.0,0.0,1616.5
2000-10-24,-0.5584,-1.1827,-0.7041,1.4103,-0.4556,수축(Risk-Off),0.0,0.0,1603.5
2000-10-25,-0.6501,-1.4302,-0.7638,1.2125,-0.5942,수축(Risk-Off),0.0,0.0,1573.5
2000-10-26,-0.7021,-1.7639,-0.8179,1.1752,-0.7149,수축(Risk-Off),0.0,0.0,1570.5
2000-10-27,-0.5939,-1.2971,-0.5881,1.2517,-0.4914,수축(Risk-Off),0.0,0.0,1600.5
2000-10-30,-0.418,-1.2086,-0.5811,1.1992,-0.4138,수축(Risk-Off),0.0,0.0,1612.5
2000-10-31,-0.2314,-0.8062,-0.4029,1.1028,-0.2178,수축(Risk-Off),0.0,0.0,1640.5
2000-11-01,-0.2629,-0.9066,-0.2865,1.2034,-0.2098,수축(Risk-Off),0.0,0.0,1631.5
2000-11-02,-0.3488,-0.8627,-0.3123,1.3395,-0.2149,수축(Risk-Off),0.0,0.0,1634.5
2000-11-03,-0.3704,-0.6963,-0.1706,1.0837,-0.1838,중립(Neutral),0.5,0.0,1635.5
2000-11-06,-0.1402,-0.665,-0.2549,0.8672,-0.149,중립(Neutral),0.5,0.0,1645.5
2000-11-07,-0.0895,-0.691,-0.3229,0.8328,-0.1599,중립(Neutral),0.5,0.0,1643.5
2000-11-08,-0.2412,-0.7487,-0.3844,0.816,-0.2453,수축(Risk-Off),0.0,0.0,1612.5
2000-11-09,-0.2942,-0.8025,-0.4812,0.7576,-0.3103,수축(Risk-Off),0.0,0.0,1603.5
2000-11-10,-0.3929,-1.1499,-0.442,0.7467,-0.4235,수축(Risk-Off),0.0,0.0,1572.5
2000-11-13,-0.6616,-1.3475,-0.542,0.8902,-0.5704,수축(Risk-Off),0.0,0.0,1558.5
2000-11-14,-0.4197,-0.9693,-0.4453,0.8372,-0.375,수축(Risk-Off),0.0,0.0,1593.5
2000-11-15,-0.2566,-0.8331,-0.587,0.9127,-0.3079,수축(Risk-Off),0.0,0.0,1596.5
2000-11-16,-0.3547,-1.015,-0.7237,0.852,-0.431,수축(Risk-Off),0.0,0.0,1578.5
2000-11-17,-0.6266,-1.0224,-0.6995,0.6399,-0.5538,수축(Risk-Off),0.0,0.0,1570.5
2000-11-20,-0.8502,-1.4156,-0.8517,0.5637,-0.7798,수축(Risk-Off),0.0,0.0,1547.5
2000-11-21,-0.8535,-1.3889,-0.8275,0.733,-0.7429,수축(Risk-Off),0.0,0.0,1555.5
2000-11-22,-1.0001,-1.4548,-0.8656,0.8455,-0.8033,수축(Risk-Off),0.0,0.0,1523.5
2000-11-24,-0.6861,-1.0965,-0.8673,0.864,-0.6015,수축(Risk-Off),0.0,0.0,1546.5
2000-11-27,-0.6873,-1.2054,-0.8115,0.8049,-0.624,수축(Risk-Off),0.0,0.0,1558.5
2000-11-28,-0.9201,-1.4582,-0.7017,0.9116,-0.7253,수축(Risk-Off),0.0,0.0,1538.5
2000-11-29,-1.0694,-1.4786,-0.4512,0.8606,-0.7276,수축(Risk-Off),0.0,0.0,1534.5
2000-11-30,-1.1264,-1.8691,-0.6348,0.9527,-0.8773,수축(Risk-Off),0.0,0.0,1520.5
2000-12-01,-1.1169,-1.5533,-0.3955,0.7575,-0.7645,수축(Risk-Off),0.0,0.0,1520.5
2000-12-04,-1.0201,-1.549,-0.2717,0.7974,-0.6926,수축(Risk-Off),0.0,0.0,1529.5
2000-12-05,-0.7325,-1.2012,-0.0656,0.8965,-0.4386,수축(Risk-Off),0.0,0.0,1574.5
2000-12-06,-0.8302,-1.2537,-0.2676,1.0788,-0.5091,수축(Risk-Off),0.0,0.0,1553.5
2000-12-07,-0.8409,-1.2831,-0.2307,1.1179,-0.5051,수축(Risk-Off),0.0,0.0,1536.5
2000-12-08,-0.7882,-0.876,-0.1396,1.1121,-0.3629,수축(Risk-Off),0.0,0.0,1537.5
2000-12-11,-0.3759,-0.8151,0.1144,0.9835,-0.1592,중립(Neutral),0.5,0.0,1583.5
2000-12-12,-0.3505,-1.1045,0.0567,1.0086,-0.2333,수축(Risk-Off),0.0,0.0,1578.5
2000-12-13,-0.5712,-1.1568,-0.001,1.1023,-0.324,수축(Risk-Off),0.0,0.0,1556.5
2000-12-14,-0.677,-1.3481,-0.0249,1.07,-0.4197,수축(Risk-Off),0.0,0.0,1536.5
2000-12-15,-0.8356,-1.5162,-0.2094,1.0931,-0.5599,수축(Risk-Off),0.0,0.0,1504.5
2000-12-18,-0.6563,-1.4911,-0.0074,1.0571,-0.4458,수축(Risk-Off),0.0,0.0,1524.5
2000-12-19,-0.7505,-1.483,-0.1732,1.0088,-0.5254,수축(Risk-Off),0.0,0.0,1496.5
2000-12-20,-0.9779,-1.8135,-0.0584,1.0584,-0.6515,수축(Risk-Off),0.0,0.0,1458.5
2000-12-21,-0.7535,-1.6425,-0.2251,1.1704,-0.5551,수축(Risk-Off),0.0,0.0,1467.5
2000-12-22,-0.4795,-1.5407,-0.0263,1.1462,-0.3877,수축(Risk-Off),0.0,0.0,1505.5
2000-12-26,-0.4908,-1.5982,0.062,1.1526,-0.3829,수축(Risk-Off),0.0,0.0,1515.5
2000-12-27,-0.5589,-1.5063,0.125,1.0541,-0.3828,수축(Risk-Off),0.0,0.0,1528.5
2000-12-28,-0.4478,-1.378,0.1449,1.0545,-0.3068,수축(Risk-Off),0.0,0.0,1531.5
2000-12-29,-0.5289,-1.3156,0.2369,0.9978,-0.3051,수축(Risk-Off),0.0,0.0,1513.5
2001-01-02,-0.6521,-1.6739,0.3705,1.1553,-0.3808,수축(Risk-Off),0.0,0.0,1478.5
2001-01-03,-0.3089,-1.0337,0.6525,0.8486,-0.0761,중립(Neutral),0.5,0.0,1537.5
2001-01-04,-0.4269,-1.2128,0.7415,0.9138,-0.1302,중립(Neutral),0.5,0.0,1527.5
2001-01-05,-0.7449,-1.4409,0.5759,0.9687,-0.3317,수축(Risk-Off),0.0,0.0,1483.5
2001-01-08,-0.643,-1.4534,0.9585,0.8833,-0.2163,수축(Risk-Off),0.0,0.0,1487.5
2001-01-09,-0.565,-1.4583,0.7184,0.8135,-0.2607,수축(Risk-Off),0.0,0.0,1487.5
2001-01-10,-0.4183,-1.2122,0.9483,0.7545,-0.0992,중립(Neutral),0.5,0.0,1506.5
2001-01-11,-0.4627,-0.9216,1.1334,0.7204,-0.0009,중립(Neutral),0.5,0.0,1513.5
2001-01-12,-0.5123,-0.7732,1.1815,0.6134,0.0148,중립(Neutral),0.5,0.0,1508.5
2001-01-16,-0.3151,-0.7971,0.9696,0.5963,0.0223,중립(Neutral),0.5,0.0,1514.5
2001-01-17,-0.1532,-0.7285,0.8512,0.6698,0.0775,중립(Neutral),0.5,0.0,1520.5
2001-01-18,-0.1842,-0.631,0.9996,0.6881,0.1309,중립(Neutral),0.5,0.0,1534.5
2001-01-19,-0.1942,-0.3342,0.9586,0.5984,0.1779,중립(Neutral),0.5,0.0,1526.5
2001-01-22,-0.0316,-0.3683,0.8736,0.3749,0.1715,중립(Neutral),0.5,0.0,1536.5
2001-01-23,0.0144,-0.3331,0.6882,0.1497,0.1163,중립(Neutral),0.5,0.0,1544.5
2001-01-24,-0.0511,-0.3316,0.5659,0.1594,0.0646,중립(Neutral),0.5,0.0,1548.5
2001-01-25,-0.1078,-0.5358,0.4195,0.3573,-0.0132,중립(Neutral),0.5,0.0,1543.5
2001-01-26,-0.2217,-0.5765,0.3831,0.4006,-0.0658,중립(Neutral),0.5,0.0,1541.5
2001-01-29,-0.2286,-0.535,0.4048,0.3002,-0.0675,중립(Neutral),0.5,0.0,1548.5
2001-01-30,-0.1101,-0.4692,0.3779,0.1838,-0.0338,중립(Neutral),0.5,0.0,1561.5
2001-01-31,-0.0379,-0.6892,0.3781,0.5899,-0.0026,중립(Neutral),0.5,0.0,1551.5
2001-02-01,-0.1597,-0.6546,0.3623,0.6578,-0.0303,중립(Neutral),0.5,0.5,1561.5
2001-02-02,-0.316,-0.5328,0.4607,0.3821,-0.0713,중립(Neutral),0.5,0.5,1532.5
2001-02-05,-0.1372,-0.4244,0.6434,0.3202,0.0548,중립(Neutral),0.5,0.5,1541.5
2001-02-06,-0.1781,-0.3998,0.5981,0.2827,0.0296,중립(Neutral),0.5,0.5,1534.5
2001-02-07,-0.1545,-0.4119,0.6462,0.5203,0.0825,중립(Neutral),0.5,0.5,1527.5
2001-02-08,-0.2672,-0.5303,0.4878,0.5556,-0.0208,중립(Neutral),0.5,0.5,1513.5
2001-02-09,-0.321,-0.7058,0.5229,0.566,-0.0732,중립(Neutral),0.5,0.5,1499.5
2001-02-12,-0.1834,-0.5866,0.6709,0.5399,0.0379,중립(Neutral),0.5,0.5,1512.5
2001-02-13,-0.326,-0.4907,0.6355,0.5226,0.0005,중립(Neutral),0.5,0.5,1504.5
2001-02-14,-0.3939,-0.4347,0.7932,0.4701,0.0223,중립(Neutral),0.5,0.5,1497.5
2001-02-15,-0.258,-0.3228,0.8583,0.2113,0.0753,중립(Neutral),0.5,0.5,1512.5
2001-02-16,-0.4993,-0.5392,0.8727,0.5418,-0.0101,중립(Neutral),0.5,0.5,1483.5
2001-02-20,-0.6457,-0.9897,0.8046,0.4545,-0.2041,수축(Risk-Off),0.0,0.5,1464.5
2001-02-21,-0.801,-1.1313,0.6073,0.4275,-0.3472,수축(Risk-Off),0.0,0.5,1434.5
2001-02-22,-0.8412,-1.1185,0.5847,0.4312,-0.3632,수축(Risk-Off),0.0,0.5,1435.5
2001-02-23,-0.9143,-1.1858,0.3902,0.4929,-0.445,수축(Risk-Off),0.0,0.5,1426.5
2001-02-26,-0.7106,-0.9017,0.3666,0.5475,-0.3003,수축(Risk-Off),0.0,0.5,1451.5
2001-02-27,-0.7689,-1.1114,0.1907,0.5794,-0.4124,수축(Risk-Off),0.0,0.5,1442.5
2001-02-28,-1.0085,-1.4188,0.1235,0.6421,-0.5805,수축(Risk-Off),0.0,0.5,1416.5
2001-03-01,-0.9487,-1.4891,0.1457,0.6692,-0.5675,수축(Risk-Off),0.0,0.0,1421.5
2001-03-02,-1.031,-1.2596,0.4164,0.5628,-0.4872,수축(Risk-Off),0.0,0.0,1413.5
2001-03-05,-0.8653,-1.1592,0.3797,0.5926,-0.4088,수축(Risk-Off),0.0,0.0,1421.5
2001-03-06,-0.9301,-1.0618,0.5496,0.6172,-0.361,수축(Risk-Off),0.0,0.0,1435.5
2001-03-07,-0.9103,-1.0437,0.2527,0.6644,-0.4167,수축(Risk-Off),0.0,0.0,1444.5
2001-03-08,-0.8644,-1.0671,0.1512,0.6723,-0.4307,수축(Risk-Off),0.0,0.0,1443.5
2001-03-09,-1.0321,-1.1166,-0.0969,0.6682,-0.5644,수축(Risk-Off),0.0,0.0,1409.5
2001-03-12,-1.4214,-1.5582,-0.3293,0.6679,-0.8692,수축(Risk-Off),0.0,0.0,1356.5
2001-03-13,-1.3508,-1.1855,-0.2191,0.6272,-0.7299,수축(Risk-Off),0.0,0.0,1375.5
2001-03-14,-1.4958,-1.4987,-0.2493,0.672,-0.8597,수축(Risk-Off),0.0,0.0,1346.5
2001-03-15,-1.424,-1.447,-0.1348,0.6741,-0.7927,수축(Risk-Off),0.0,0.0,1351.5
2001-03-16,-1.5872,-1.4566,-0.2243,0.7146,-0.8686,수축(Risk-Off),0.0,0.0,1327.5
2001-03-19,-1.3675,-1.3586,-0.2108,0.6677,-0.7708,수축(Risk-Off),0.0,0.0,1346.5
2001-03-20,-1.5388,-1.5001,-0.5051,0.6872,-0.9368,수축(Risk-Off),0.0,0.0,1318.5
2001-03-21,-1.4995,-1.6254,-0.7729,0.708,-1.0182,수축(Risk-Off),0.0,0.0,1297.5
2001-03-22,-1.5157,-1.8046,-0.8996,0.787,-1.0885,수축(Risk-Off),0.0,0.0,1284.5
2001-03-23,-1.3305,-1.4458,-0.7543,0.7415,-0.9045,수축(Risk-Off),0.0,0.0,1318.5
2001-03-26,-1.2167,-1.2994,-0.7634,0.6868,-0.8385,수축(Risk-Off),0.0,0.0,1331.5
2001-03-27,-1.1648,-0.7175,-0.7598,0.5995,-0.6871,수축(Risk-Off),0.0,0.0,1355.5
2001-03-28,-1.4733,-1.1694,-1.1275,0.6125,-0.998,수축(Risk-Off),0.0,0.0,1324.5
2001-03-29,-1.3183,-1.139,-1.1138,0.612,-0.9328,수축(Risk-Off),0.0,0.0,1327.5
2001-03-30,-1.2477,-0.9976,-1.0188,0.7345,-0.8306,수축(Risk-Off),0.0,0.0,1334.5
2001-04-02,-1.4951,-1.2376,-0.9787,0.6446,-0.9806,수축(Risk-Off),0.0,0.0,1315.5
2001-04-03,-1.7122,-1.7528,-0.939,0.6718,-1.1714,수축(Risk-Off),0.0,0.0,1273.5
2001-04-04,-1.6227,-1.9365,-1.0429,0.7286,-1.2035,수축(Risk-Off),0.0,0.0,1278.5
2001-04-05,-1.1742,-1.415,-1.0201,0.6057,-0.9289,수축(Risk-Off),0.0,0.0,1321.5
2001-04-06,-1.3315,-1.7031,-1.0199,0.7254,-1.038,수축(Risk-Off),0.0,0.0,1305.5
2001-04-09,-1.2101,-1.4329,-0.9255,0.6871,-0.9101,수축(Risk-Off),0.0,0.0,1315.5
2001-04-10,-0.8383,-1.1611,-0.8618,0.4252,-0.7353,수축(Risk-Off),0.0,0.0,1337.5
2001-04-11,-0.9015,-0.8987,-0.8959,0.1056,-0.7483,수축(Risk-Off),0.0,0.0,1338.5
2001-04-12,-0.6376,-0.6254,-0.927,-0.0917,-0.625,수축(Risk-Off),0.0,0.0,1359.5
2001-04-16,-0.7243,-0.6218,-1.0358,-0.3505,-0.7205,수축(Risk-Off),0.0,0.0,1347.5
2001-04-17,-0.7174,-0.6019,-1.0084,-0.1317,-0.6734,수축(Risk-Off),0.0,0.0,1360.5
2001-04-18,-0.2194,-0.3651,-0.7717,0.0188,-0.3582,수축(Risk-Off),0.0,0.0,1410.5
2001-04-19,-0.0645,-0.1603,-0.6784,-0.3973,-0.2919,수축(Risk-Off),0.0,0.0,1424.5
2001-04-20,-0.1117,-0.401,-0.6213,-0.2939,-0.3387,수축(Risk-Off),0.0,0.0,1415.5
2001-04-23,-0.3695,-0.8493,-0.7299,-0.0224,-0.5275,수축(Risk-Off),0.0,0.0,1391.5
2001-04-24,-0.444,-0.9616,-0.8461,0.2593,-0.5684,수축(Risk-Off),0.0,0.0,1381.5
2001-04-25,-0.4167,-0.6454,-0.7001,0.0814,-0.47,수축(Risk-Off),0.0,0.0,1397.5
2001-04-26,-0.2806,-0.493,-0.7554,0.2357,-0.375,수축(Risk-Off),0.0,0.0,1406.5
2001-04-27,-0.1906,-0.2029,-0.6887,-0.225,-0.3234,수축(Risk-Off),0.0,0.0,1424.5
2001-04-30,-0.2237,-0.2473,-0.8747,-0.1905,-0.3874,수축(Risk-Off),0.0,0.0,1418.5
2001-05-01,-0.0131,0.02,-0.6888,-0.1338,-0.1919,중립(Neutral),0.5,0.0,1438.5
2001-05-02,0.1526,0.016,-0.7321,-0.2045,-0.1563,중립(Neutral),0.5,0.0,1436.5
2001-05-03,-0.0041,-0.3891,-0.7485,0.128,-0.2666,수축(Risk-Off),0.0,0.0,1420.5
2001-05-04,-0.0435,-0.0424,-0.6602,-0.0495,-0.1983,중립(Neutral),0.5,0.0,1439.5
2001-05-07,-0.0529,-0.1911,-0.7376,-0.0043,-0.2513,수축(Risk-Off),0.0,0.0,1429.5
2001-05-08,-0.0576,-0.2542,-0.7108,0.2336,-0.2264,수축(Risk-Off),0.0,0.0,1427.5
2001-05-09,-0.1173,-0.3595,-0.8949,0.4265,-0.2907,수축(Risk-Off),0.0,0.0,1423.5
2001-05-10,-0.0941,-0.4157,-0.9914,0.2288,-0.3504,수축(Risk-Off),0.0,0.0,1427.5
2001-05-11,-0.2091,-0.1467,-0.9426,-0.3009,-0.3907,수축(Risk-Off),0.0,0.0,1417.5
2001-05-14,-0.1654,-0.2394,-0.9759,0.036,-0.3563,수축(Risk-Off),0.0,0.0,1418.5
2001-05-15,-0.1484,-0.134,-0.8506,-0.2414,-0.3343,수축(Risk-Off),0.0,0.0,1422.5
2001-05-16,0.0926,0.0579,-0.6179,-0.2772,-0.1492,중립(Neutral),0.5,0.0,1454.5
2001-05-17,-0.0653,0.1081,-0.6358,-0.1109,-0.1714,중립(Neutral),0.5,0.0,1457.5
2001-05-18,-0.0495,0.2418,-0.8658,-0.1017,-0.1886,중립(Neutral),0.5,0.0,1461.5
2001-05-21,0.1312,0.4101,-0.7221,-0.2117,-0.0638,중립(Neutral),0.5,0.0,1480.5
2001-05-22,0.2088,0.4249,-0.7973,-0.1553,-0.0433,중립(Neutral),0.5,0.0,1478.5
2001-05-23,0.0845,0.3514,-0.853,-0.0342,-0.101,중립(Neutral),0.5,0.0,1456.5
2001-05-24,-0.0306,0.5012,-0.9003,-0.4241,-0.1741,중립(Neutral),0.5,0.0,1459.5
2001-05-25,-0.1391,0.3325,-0.9959,-0.2562,-0.253,수축(Risk-Off),0.0,0.0,1444.5
2001-05-29,-0.2165,0.1235,-1.0505,-0.3221,-0.3558,수축(Risk-Off),0.0,0.0,1433.5
2001-05-30,-0.3847,0.0374,-0.8249,-0.2907,-0.3751,수축(Risk-Off),0.0,0.0,1415.5
2001-05-31,-0.3356,0.0772,-0.8166,-0.1939,-0.3314,수축(Risk-Off),0.0,0.0,1423.5
2001-06-01,-0.2504,0.1333,-0.6155,-0.1948,-0.2374,수축(Risk-Off),0.0,0.0,1430.5
2001-06-04,-0.3559,0.333,-0.3427,-0.1336,-0.147,중립(Neutral),0.5,0.0,1435.5
2001-06-05,-0.2155,0.4347,-0.3082,0.0323,-0.0389,중립(Neutral),0.5,0.0,1449.5
2001-06-06,-0.2079,0.4491,-0.381,-0.0825,-0.0681,중립(Neutral),0.5,0.0,1439.5
2001-06-07,-0.034,0.5555,-0.2945,0.0237,0.0569,중립(Neutral),0.5,0.0,1442.5
2001-06-08,-0.1997,0.5964,-0.3392,-0.0581,-0.0143,중립(Neutral),0.5,0.0,1431.5
2001-06-11,-0.1603,0.4053,-0.4313,-0.0466,-0.0696,중립(Neutral),0.5,0.0,1421.5
2001-06-12,-0.1884,0.4467,-0.4082,-0.0328,-0.0613,중립(Neutral),0.5,0.0,1420.5
2001-06-13,-0.2075,0.3197,-0.1606,-0.0298,-0.0373,중립(Neutral),0.5,0.0,1409.5
2001-06-14,-0.6,0.0847,-0.1325,0.0536,-0.2139,수축(Risk-Off),0.0,0.0,1379.5
2001-06-15,-0.5498,-0.0014,-0.2087,0.0618,-0.2357,수축(Risk-Off),0.0,0.0,1383.5
2001-06-18,-0.5612,-0.1477,-0.3714,0.0542,-0.3181,수축(Risk-Off),0.0,0.0,1376.5
2001-06-19,-0.588,-0.1677,-0.4844,-0.0709,-0.3795,수축(Risk-Off),0.0,0.0,1380.5
2001-06-20,-0.6184,0.0315,-0.3875,0.0963,-0.291,수축(Risk-Off),0.0,0.0,1386.5
2001-06-21,-0.4562,0.237,-0.2284,0.0207,-0.1544,중립(Neutral),0.5,0.0,1399.5
2001-06-22,-0.6249,0.1121,-0.2227,0.0166,-0.2439,수축(Risk-Off),0.0,0.0,1391.5
2001-06-25,-0.5822,0.039,-0.237,-0.0199,-0.2563,수축(Risk-Off),0.0,0.0,1379.5
2001-06-26,-0.6101,0.2657,-0.2007,-0.0338,-0.2024,수축(Risk-Off),0.0,0.0,1377.5
2001-06-27,-0.6098,0.352,-0.2188,0.0165,-0.1777,중립(Neutral),0.5,0.0,1375.5
2001-06-28,-0.4574,0.4061,-0.4221,-0.0318,-0.1689,중립(Neutral),0.5,0.0,1383.5
2001-06-29,-0.3237,0.6445,-0.3695,-0.009,-0.0459,중립(Neutral),0.5,0.0,1388.5
2001-07-02,-0.2343,0.6123,-0.3687,0.0429,-0.0147,중립(Neutral),0.5,0.5,1403.5
2001-07-03,-0.4326,0.3411,-0.3325,-0.1707,-0.1749,중립(Neutral),0.5,0.5,1401.5
2001-07-05,-0.685,0.0128,-0.6309,-0.2705,-0.4349,수축(Risk-Off),0.0,0.5,1378.5
2001-07-06,-1.0041,-0.2876,-0.6041,-0.0372,-0.5799,수축(Risk-Off),0.0,0.5,1350.5
2001-07-09,-0.8738,-0.3789,-0.4184,0.0179,-0.5024,수축(Risk-Off),0.0,0.5,1357.5
2001-07-10,-0.999,-0.5298,-0.4429,0.1095,-0.5764,수축(Risk-Off),0.0,0.5,1343.5
2001-07-11,-1.17,-0.7043,-0.6803,0.1268,-0.7366,수축(Risk-Off),0.0,0.5,1341.5
2001-07-12,-0.6757,-0.4224,-0.7028,0.144,-0.4962,수축(Risk-Off),0.0,0.5,1371.5
2001-07-13,-0.4222,-0.268,-0.7945,0.1458,-0.3915,수축(Risk-Off),0.0,0.5,1382.5
2001-07-16,-0.7767,-0.4139,-0.6861,0.2051,-0.5161,수축(Risk-Off),0.0,0.5,1367.5
2001-07-17,-0.6632,-0.3819,-0.5721,0.1477,-0.4485,수축(Risk-Off),0.0,0.5,1376.5
2001-07-18,-0.7397,-0.7538,-0.5918,0.1816,-0.5681,수축(Risk-Off),0.0,0.5,1368.5
2001-07-19,-0.5256,-0.7128,-0.5458,0.1016,-0.4834,수축(Risk-Off),0.0,0.5,1379.5
2001-07-20,-0.6741,-0.8438,-0.5659,0.1545,-0.5652,수축(Risk-Off),0.0,0.5,1371.5
2001-07-23,-0.9187,-1.0391,-0.6403,0.1701,-0.7159,수축(Risk-Off),0.0,0.5,1348.5
2001-07-24,-1.0512,-1.2801,-0.8302,0.2251,-0.8617,수축(Risk-Off),0.0,0.5,1334.5
2001-07-25,-0.9531,-1.0346,-0.613,0.1435,-0.724,수축(Risk-Off),0.0,0.5,1348.5
2001-07-26,-0.7913,-0.8289,-0.4146,0.171,-0.5622,수축(Risk-Off),0.0,0.5,1362.5
2001-07-27,-0.8992,-0.8624,-0.5786,0.1606,-0.6509,수축(Risk-Off),0.0,0.5,1366.5
2001-07-30,-0.9349,-0.9537,-0.4732,0.202,-0.6536,수축(Risk-Off),0.0,0.5,1366.5
2001-07-31,-0.8945,-0.8304,-0.4096,0.2609,-0.5839,수축(Risk-Off),0.0,0.5,1371.5
2001-08-01,-0.8554,-0.5808,-0.2011,0.272,-0.4541,수축(Risk-Off),0.0,0.0,1378.5
2001-08-02,-0.7879,-0.4747,-0.1316,0.2757,-0.386,수축(Risk-Off),0.0,0.0,1382.5
2001-08-03,-0.7491,-0.5253,-0.0729,0.2212,-0.3785,수축(Risk-Off),0.0,0.0,1376.5
2001-08-06,-0.7422,-0.7371,-0.1587,0.2312,-0.449,수축(Risk-Off),0.0,0.0,1359.5
2001-08-07,-0.7351,-0.6204,-0.2394,0.2249,-0.4385,수축(Risk-Off),0.0,0.0,1364.5
2001-08-08,-0.917,-0.9802,-0.5127,0.3586,-0.6404,수축(Risk-Off),0.0,0.0,1341.5
2001-08-09,-0.8724,-1.0057,-0.4931,0.3056,-0.6342,수축(Risk-Off),0.0,0.0,1344.5
2001-08-10,-1.0398,-0.9508,-0.0123,0.2919,-0.5609,수축(Risk-Off),0.0,0.0,1347.5
2001-08-13,-1.2315,-0.8751,-0.2036,0.2846,-0.658,수축(Risk-Off),0.0,0.0,1348.5
2001-08-14,-1.1584,-0.8845,-0.026,0.2118,-0.6013,수축(Risk-Off),0.0,0.0,1348.5
2001-08-15,-1.384,-0.799,0.1491,0.1249,-0.6281,수축(Risk-Off),0.0,0.0,1337.5
2001-08-16,-1.3503,-1.102,0.1216,0.1558,-0.6943,수축(Risk-Off),0.0,0.0,1341.5
2001-08-17,-1.6343,-1.3996,-0.0407,0.3217,-0.8838,수축(Risk-Off),0.0,0.0,1321.5
2001-08-20,-1.3695,-1.154,0.0545,0.2686,-0.7139,수축(Risk-Off),0.0,0.0,1332.5
2001-08-21,-1.4217,-1.2562,-0.0461,0.2829,-0.7808,수축(Risk-Off),0.0,0.0,1312.5
2001-08-22,-1.2035,-1.0188,-0.0807,0.2277,-0.662,수축(Risk-Off),0.0,0.0,1323.5
2001-08-23,-1.3414,-1.0445,-0.0714,0.2325,-0.7136,수축(Risk-Off),0.0,0.0,1319.5
2001-08-24,-1.0699,-0.6848,0.1041,0.2495,-0.4822,수축(Risk-Off),0.0,0.0,1344.5
2001-08-27,-1.0891,-0.7401,-0.0024,0.2287,-0.5325,수축(Risk-Off),0.0,0.0,1337.5
2001-08-28,-1.2709,-1.1045,-0.1713,0.335,-0.7135,수축(Risk-Off),0.0,0.0,1320.5
2001-08-29,-1.4718,-1.3503,-0.1362,0.3083,-0.8405,수축(Risk-Off),0.0,0.0,1308.5
2001-08-30,-1.7226,-1.7091,-0.2905,0.2619,-1.0635,수축(Risk-Off),0.0,0.0,1285.5
2001-08-31,-1.7212,-1.6677,-0.0057,0.1935,-0.9917,수축(Risk-Off),0.0,0.0,1291.5
2001-09-04,-1.6049,-1.4065,-0.159,0.0481,-0.9459,수축(Risk-Off),0.0,0.0,1287.5
2001-09-05,-1.5616,-1.3587,-0.1435,0.0481,-0.9149,수축(Risk-Off),0.0,0.0,1290.5
2001-09-06,-1.6836,-1.6777,-0.0922,0.0996,-1.0168,수축(Risk-Off),0.0,0.0,1260.5
2001-09-07,-1.8639,-2.1187,-0.2814,0.2191,-1.2195,수축(Risk-Off),0.0,0.0,1239.5
2001-09-10,-1.7107,-2.0951,-0.121,0.2187,-1.12,수축(Risk-Off),0.0,0.0,1252.5
2001-09-11,-1.6191,-2.1901,-0.0544,0.42,-1.0648,수축(Risk-Off),0.0,0.0,1251.5
2001-09-17,-1.8243,-2.7321,-0.5123,0.4682,-1.3794,수축(Risk-Off),0.0,0.0,1193.5
2001-09-18,-1.9674,-2.4318,-0.4284,0.3725,-1.3477,수축(Risk-Off),0.0,0.0,1188.5
2001-09-19,-2.0622,-2.6455,-0.5886,0.3697,-1.4748,수축(Risk-Off),0.0,0.0,1166.5
2001-09-20,-2.2901,-2.856,-0.5701,0.3668,-1.603,수축(Risk-Off),0.0,0.0,1133.5
2001-09-21,-2.3708,-2.8862,-0.8348,0.3292,-1.7107,수축(Risk-Off),0.0,0.0,1122.5
2001-09-24,-2.0657,-2.4627,-0.6965,0.3344,-1.4626,수축(Risk-Off),0.0,0.0,1157.5
2001-09-25,-1.9689,-2.2657,-0.6414,0.4812,-1.3437,수축(Risk-Off),0.0,0.0,1167.5
2001-09-26,-1.9489,-2.1864,-0.712,0.5695,-1.3213,수축(Risk-Off),0.0,0.0,1163.5
2001-09-27,-1.8296,-2.0044,-0.5346,0.6597,-1.1762,수축(Risk-Off),0.0,0.0,1172.5
2001-09-28,-1.5292,-1.872,-0.486,0.6446,-1.028,수축(Risk-Off),0.0,0.0,1193.5
2001-10-01,-1.5369,-1.9001,-0.4607,0.7698,-1.0126,수축(Risk-Off),0.0,0.0,1192.5
2001-10-02,-1.3436,-1.7806,-0.4059,0.7292,-0.9075,수축(Risk-Off),0.0,0.0,1205.5
2001-10-03,-1.0386,-1.7566,-0.3156,0.6927,-0.7777,수축(Risk-Off),0.0,0.0,1223.5
2001-10-04,-1.1535,-1.7337,-0.4265,0.7899,-0.8253,수축(Risk-Off),0.0,0.0,1224.5
2001-10-05,-1.0176,-1.7441,-0.4365,0.8018,-0.7811,수축(Risk-Off),0.0,0.0,1221.5
2001-10-08,-0.9358,-1.8329,-0.4451,0.7431,-0.7856,수축(Risk-Off),0.0,0.0,1214.5
2001-10-09,-1.1276,-1.8101,-0.438,0.6777,-0.8551,수축(Risk-Off),0.0,0.0,1208.5
2001-10-10,-0.9838,-1.4176,-0.3747,0.7558,-0.6791,수축(Risk-Off),0.0,0.0,1232.5
2001-10-11,-0.8032,-1.344,-0.406,0.6188,-0.6258,수축(Risk-Off),0.0,0.0,1249.5
2001-10-12,-0.8873,-1.6128,-0.4097,0.6215,-0.7229,수축(Risk-Off),0.0,0.0,1243.5
2001-10-15,-0.8705,-1.2306,-0.2107,0.7844,-0.5474,수축(Risk-Off),0.0,0.0,1242.5
2001-10-16,-0.5376,-1.1243,-0.1863,0.7739,-0.3997,수축(Risk-Off),0.0,0.0,1248.5
2001-10-17,-0.685,-1.3796,-0.4814,0.79,-0.5865,수축(Risk-Off),0.0,0.0,1225.5
2001-10-18,-0.5924,-1.2931,-0.5199,0.7182,-0.5528,수축(Risk-Off),0.0,0.0,1222.5
2001-10-19,-0.4159,-1.1949,-0.5703,0.6508,-0.4892,수축(Risk-Off),0.0,0.0,1222.5
2001-10-22,-0.2508,-1.173,-0.5258,0.6554,-0.4142,수축(Risk-Off),0.0,0.0,1243.5
2001-10-23,-0.4905,-1.2037,-0.5649,0.6558,-0.5154,수축(Risk-Off),0.0,0.0,1237.5
2001-10-24,-0.5791,-1.2464,-0.5947,0.6528,-0.565,수축(Risk-Off),0.0,0.0,1234.5
2001-10-25,-0.4008,-1.2373,-0.5577,0.7969,-0.4695,수축(Risk-Off),0.0,0.0,1252.5
2001-10-26,-0.4773,-1.2441,-0.6026,0.9733,-0.4827,수축(Risk-Off),0.0,0.0,1251.5
2001-10-29,-0.8241,-1.5174,-0.5145,0.9612,-0.6522,수축(Risk-Off),0.0,0.0,1222.5
2001-10-30,-0.9052,-1.7266,-0.5756,1.0625,-0.733,수축(Risk-Off),0.0,0.0,1208.5
2001-10-31,-0.932,-1.7275,-0.5389,1.1297,-0.7233,수축(Risk-Off),0.0,0.0,1210.5
2001-11-01,-0.7279,-1.6189,-0.3876,1.1476,-0.5843,수축(Risk-Off),0.0,0.0,1232.5
2001-11-02,-0.6676,-1.3176,-0.4281,1.0165,-0.5176,수축(Risk-Off),0.0,0.0,1239.5
2001-11-05,-0.5191,-1.2209,-0.4027,1.03,-0.4331,수축(Risk-Off),0.0,0.0,1253.5
2001-11-06,-0.355,-1.0953,-0.3677,1.0544,-0.3318,수축(Risk-Off),0.0,0.0,1270.5
2001-11-07,-0.3226,-1.2844,-0.4543,1.1063,-0.3816,수축(Risk-Off),0.0,0.0,1269.5
2001-11-08,-0.3878,-1.113,-0.4773,1.0576,-0.3747,수축(Risk-Off),0.0,0.0,1273.5
2001-11-09,-0.4384,-0.7788,-0.3235,1.0544,-0.2708,수축(Risk-Off),0.0,0.0,1273.5
2001-11-12,-0.4534,-1.0088,-0.4351,1.0642,-0.36,수축(Risk-Off),0.0,0.0,1266.5
2001-11-13,-0.2075,-0.688,-0.3985,0.9919,-0.1954,중립(Neutral),0.5,0.0,1291.5
2001-11-14,-0.167,-0.526,-0.4993,0.835,-0.1895,중립(Neutral),0.5,0.0,1293.5
2001-11-15,-0.1143,-0.2534,-0.4186,0.2149,-0.1758,중립(Neutral),0.5,0.0,1294.5
2001-11-16,-0.1087,-0.2452,-0.523,-0.0328,-0.235,수축(Risk-Off),0.0,0.0,1289.5
2001-11-19,0.0157,-0.2819,-0.4556,0.2156,-0.1465,중립(Neutral),0.5,0.0,1304.5
2001-11-20,-0.1568,-0.139,-0.3956,-0.0086,-0.1898,중립(Neutral),0.5,0.0,1293.5
2001-11-21,-0.2367,-0.0773,-0.4023,-0.303,-0.2482,수축(Risk-Off),0.0,0.0,1286.5
2001-11-23,-0.1191,0.003,-0.2939,-0.4454,-0.1812,중립(Neutral),0.5,0.0,1302.5
2001-11-26,-0.1166,0.082,-0.2257,-0.5459,-0.1586,중립(Neutral),0.5,0.0,1305.5
2001-11-27,0.0626,-0.0116,-0.1032,-0.5277,-0.086,중립(Neutral),0.5,0.0,1300.5
2001-11-28,-0.0542,-0.2119,-0.1499,-0.7187,-0.2172,수축(Risk-Off),0.0,0.0,1278.5
2001-11-29,0.072,-0.1118,0.0283,-0.3424,-0.047,중립(Neutral),0.5,0.0,1294.5
2001-11-30,-0.1253,0.0118,0.0821,-0.1328,-0.0403,중립(Neutral),0.5,0.0,1289.5
2001-12-03,-0.256,-0.2597,-0.1178,-0.1468,-0.206,수축(Risk-Off),0.0,0.5,1278.5
2001-12-04,-0.0436,-0.0936,-0.0009,-0.077,-0.0504,중립(Neutral),0.5,0.5,1297.5
2001-12-05,0.1404,0.2032,-0.0471,-0.6874,-0.0149,중립(Neutral),0.5,0.5,1318.5
2001-12-06,0.1529,0.2517,-0.0214,-0.7608,-0.003,중립(Neutral),0.5,0.5,1318.5
2001-12-07,0.0424,0.3172,0.4587,-1.0542,0.0507,중립(Neutral),0.5,0.5,1310.5
2001-12-10,-0.1114,0.3273,0.655,-0.976,0.0602,중립(Neutral),0.5,0.5,1289.5
2001-12-11,-0.0578,0.1498,0.6014,-0.7123,0.0607,중립(Neutral),0.5,0.5,1285.5
2001-12-12,-0.1891,0.2273,0.7459,-0.2971,0.1326,중립(Neutral),0.5,0.5,1287.0
2001-12-13,-0.3078,0.1656,0.8059,-0.1767,0.1086,중립(Neutral),0.5,0.5,1264.75
2001-12-14,-0.219,0.3915,1.0815,-0.0889,0.2783,확장(Risk-On),1.0,0.5,1274.25
2001-12-17,-0.0283,0.3536,0.9052,-0.3961,0.2454,확장(Risk-On),1.0,0.5,1285.75
2001-12-18,0.0722,0.3844,0.6858,-0.0402,0.2868,확장(Risk-On),1.0,0.5,1293.5
2001-12-19,0.2807,0.4913,0.9529,0.2548,0.4975,확장(Risk-On),1.0,0.5,1301.0
2001-12-20,0.145,0.349,0.8167,0.2501,0.3797,확장(Risk-On),1.0,0.5,1290.0
2001-12-21,0.0834,0.3857,0.6495,0.2008,0.3181,확장(Risk-On),1.0,0.5,1296.25
2001-12-24,0.0075,0.4455,0.4567,0.0966,0.2427,확장(Risk-On),1.0,0.5,1295.0
2001-12-26,0.096,0.5111,0.334,-0.1302,0.2254,확장(Risk-On),1.0,0.5,1300.75
2001-12-27,0.12,0.6124,0.3915,0.0442,0.2996,확장(Risk-On),1.0,0.5,1307.25
2001-12-28,0.2501,0.5933,0.4324,-0.2494,0.3066,확장(Risk-On),1.0,0.5,1307.0
2001-12-31,-0.0301,0.2091,0.4163,-0.1267,0.1268,중립(Neutral),0.5,0.5,1297.0
2002-01-02,-0.0217,0.5184,0.6178,-0.404,0.2158,확장(Risk-On),1.0,0.5,1301.75
2002-01-03,0.1842,0.5782,0.6149,-0.4113,0.3011,확장(Risk-On),1.0,0.5,1314.25
2002-01-04,0.1833,0.584,0.451,-0.1542,0.2998,확장(Risk-On),1.0,0.5,1323.0
2002-01-07,-0.0242,0.2812,0.2895,0.1366,0.1547,중립(Neutral),0.5,0.5,1314.5
2002-01-08,-0.0533,0.3033,0.2834,0.1383,0.1488,중립(Neutral),0.5,0.5,1311.0
2002-01-09,-0.2112,0.401,-0.0923,0.1319,0.023,중립(Neutral),0.5,0.5,1302.25
2002-01-10,-0.0792,0.3213,-0.1785,0.1716,0.0337,중립(Neutral),0.5,0.5,1306.75
2002-01-11,-0.1829,0.2822,-0.0607,0.2478,0.0285,중립(Neutral),0.5,0.5,1295.5
2002-01-14,-0.2885,0.219,-0.0784,0.2423,-0.0295,중립(Neutral),0.5,0.5,1288.0
2002-01-15,-0.0788,0.2188,0.0751,0.2365,0.0814,중립(Neutral),0.5,0.5,1296.75
2002-01-16,-0.3074,-0.0385,-0.4365,0.2222,-0.193,중립(Neutral),0.5,0.5,1273.75
2002-01-17,-0.2695,0.1169,-0.2693,0.1516,-0.1097,중립(Neutral),0.5,0.5,1282.0
2002-01-18,-0.3879,0.038,-0.2353,0.1923,-0.1563,중립(Neutral),0.5,0.5,1276.75
2002-01-22,-0.5171,-0.1397,-0.2761,0.2282,-0.2507,수축(Risk-Off),0.0,0.5,1269.25
2002-01-23,-0.5024,0.273,-0.0887,0.1767,-0.1033,중립(Neutral),0.5,0.5,1276.75
2002-01-24,-0.4627,0.4669,0.009,0.167,-0.018,중립(Neutral),0.5,0.5,1281.0
2002-01-25,-0.514,0.5099,-0.1104,0.0954,-0.0657,중립(Neutral),0.5,0.5,1281.0
2002-01-28,-0.4184,0.4125,-0.3187,0.1207,-0.1049,중립(Neutral),0.5,0.5,1283.25
2002-01-29,-0.7293,-0.0737,-0.5928,0.158,-0.3982,수축(Risk-Off),0.0,0.5,1248.25
2002-01-30,-0.4724,0.0101,-0.5546,0.1452,-0.2797,수축(Risk-Off),0.0,0.5,1263.25
2002-01-31,-0.3827,0.2004,-0.6493,0.1209,-0.228,수축(Risk-Off),0.0,0.5,1278.25
2002-02-01,-0.5903,0.1323,-0.7889,0.1637,-0.3462,수축(Risk-Off),0.0,0.0,1271.25
2002-02-04,-0.9658,-0.386,-1.0286,0.1811,-0.6645,수축(Risk-Off),0.0,0.0,1243.0
2002-02-05,-1.0294,-0.4856,-1.3131,0.144,-0.7884,수축(Risk-Off),0.0,0.0,1236.75
2002-02-06,-1.0959,-0.5198,-1.2368,0.1563,-0.7992,수축(Risk-Off),0.0,0.0,1231.0
2002-02-07,-1.1187,-0.5555,-1.3578,0.1373,-0.8493,수축(Risk-Off),0.0,0.0,1224.75
2002-02-08,-0.8985,-0.3639,-1.3399,0.1718,-0.7146,수축(Risk-Off),0.0,0.0,1244.25
2002-02-11,-0.6101,-0.1991,-1.1015,0.1626,-0.5143,수축(Risk-Off),0.0,0.0,1258.0
2002-02-12,-0.631,-0.2659,-1.1356,-0.0018,-0.5715,수축(Risk-Off),0.0,0.0,1255.25
2002-02-13,-0.5697,-0.0587,-1.1317,-0.0353,-0.5023,수축(Risk-Off),0.0,0.0,1266.5
2002-02-14,-0.4443,-0.2835,-1.159,0.1036,-0.5006,수축(Risk-Off),0.0,0.0,1264.5
2002-02-15,-0.6528,-0.4619,-1.0525,0.1268,-0.588,수축(Risk-Off),0.0,0.0,1252.5
2002-02-19,-0.8047,-0.7632,-1.0,0.1415,-0.7012,수축(Risk-Off),0.0,0.0,1231.5
2002-02-20,-0.5418,-0.628,-1.0423,0.1461,-0.5853,수축(Risk-Off),0.0,0.0,1248.75
2002-02-21,-0.7953,-0.8021,-1.1297,0.2469,-0.7243,수축(Risk-Off),0.0,0.0,1226.75
2002-02-22,-0.7597,-0.6245,-0.9654,0.2594,-0.6244,수축(Risk-Off),0.0,0.0,1239.5
2002-02-25,-0.5984,-0.3806,-1.0137,0.1865,-0.53,수축(Risk-Off),0.0,0.0,1257.25
2002-02-26,-0.6267,-0.1033,-1.2928,0.0978,-0.5537,수축(Risk-Off),0.0,0.0,1255.75
2002-02-27,-0.3114,-0.1419,-1.0703,0.1875,-0.3839,수축(Risk-Off),0.0,0.0,1259.25
2002-02-28,-0.4539,-0.3103,-1.2252,0.0808,-0.5306,수축(Risk-Off),0.0,0.0,1254.75
2002-03-01,-0.1493,-0.1971,-1.2119,0.0171,-0.402,수축(Risk-Off),0.0,0.0,1280.25
2002-03-04,0.1063,-0.0161,-1.0318,-0.2268,-0.2588,수축(Risk-Off),0.0,0.0,1299.5
2002-03-05,0.2253,-0.0455,-0.934,-0.317,-0.2136,수축(Risk-Off),0.0,0.0,1296.75
2002-03-06,0.3334,0.2097,-0.6191,-0.2828,-0.0281,중립(Neutral),0.5,0.0,1310.25
2002-03-07,0.3723,0.3015,-0.4521,-0.5714,0.007,중립(Neutral),0.5,0.0,1307.0
2002-03-08,0.4528,0.421,-0.5264,-0.9175,-0.0055,중립(Neutral),0.5,0.0,1311.5
2002-03-11,0.4988,0.267,-0.4308,-0.8768,0.0021,중립(Neutral),0.5,0.0,1314.0
2002-03-12,0.4741,0.1937,-0.5471,-0.7526,-0.0353,중립(Neutral),0.5,0.0,1314.5
2002-03-13,0.3687,0.0011,-0.6869,-0.5426,-0.1238,중립(Neutral),0.5,0.0,1302.25
2002-03-14,0.3002,0.2309,-0.4885,-0.9817,-0.1066,중립(Neutral),0.5,0.0,1300.5
2002-03-15,0.3821,0.4064,-0.5271,-1.0901,-0.06,중립(Neutral),0.5,0.0,1311.75
2002-03-18,0.3811,0.3463,-0.4927,-1.0105,-0.0548,중립(Neutral),0.5,0.0,1312.25
2002-03-19,0.4877,0.5675,-0.3546,-1.026,0.07,중립(Neutral),0.5,0.0,1319.25
2002-03-20,0.3246,0.3549,-0.2512,-1.2405,-0.0465,중립(Neutral),0.5,0.0,1297.25
2002-03-21,0.2542,0.4007,-0.2633,-1.2179,-0.0594,중립(Neutral),0.5,0.0,1297.75
2002-03-22,0.3605,0.4229,-0.6351,-1.357,-0.1304,중립(Neutral),0.5,0.0,1294.5
2002-03-25,0.2037,0.2184,-0.7621,-1.345,-0.2664,수축(Risk-Off),0.0,0.0,1280.5
2002-03-26,0.143,0.3321,-0.7115,-1.0686,-0.2051,수축(Risk-Off),0.0,0.0,1287.0
2002-03-27,0.0897,0.2829,-1.0372,-1.2758,-0.3486,수축(Risk-Off),0.0,0.0,1290.0
2002-03-28,0.145,0.3764,-1.0831,-1.3094,-0.3223,수축(Risk-Off),0.0,0.0,1294.25
2002-04-01,-0.07,0.1845,-0.9113,-1.0359,-0.3616,수축(Risk-Off),0.0,0.0,1289.5
2002-04-02,-0.3025,0.0382,-0.9895,-0.7921,-0.4625,수축(Risk-Off),0.0,0.0,1283.0
2002-04-03,-0.4394,-0.1667,-0.6776,-0.5874,-0.453,수축(Risk-Off),0.0,0.0,1275.25
2002-04-04,-0.5414,-0.0686,-0.6862,-0.3259,-0.4271,수축(Risk-Off),0.0,0.0,1270.75
2002-04-05,-0.4952,0.0024,-0.5358,-0.2688,-0.347,수축(Risk-Off),0.0,0.0,1270.5
2002-04-08,-0.4933,0.0466,-0.665,-0.2985,-0.372,수축(Risk-Off),0.0,0.0,1272.5
2002-04-09,-0.692,-0.0023,-0.6543,-0.2295,-0.4408,수축(Risk-Off),0.0,0.0,1265.5
2002-04-10,-0.5628,0.2808,-0.3381,-0.2487,-0.2486,수축(Risk-Off),0.0,0.0,1277.0
2002-04-11,-0.7369,-0.2098,-0.5099,-0.2206,-0.4709,수축(Risk-Off),0.0,0.0,1249.0
2002-04-12,-0.6248,-0.1145,-0.5842,-0.2192,-0.4262,수축(Risk-Off),0.0,0.0,1257.0
2002-04-15,-0.6793,-0.1781,-0.553,-0.2373,-0.4562,수축(Risk-Off),0.0,0.0,1249.25
2002-04-16,-0.4415,0.1231,-0.2929,-0.2779,-0.2387,수축(Risk-Off),0.0,0.0,1274.75
2002-04-17,-0.4992,0.0326,-0.4079,-0.3497,-0.321,수축(Risk-Off),0.0,0.0,1273.0
2002-04-18,-0.4562,-0.1606,-0.409,-0.4019,-0.3624,수축(Risk-Off),0.0,0.0,1268.0
2002-04-19,-0.3838,-0.0874,-0.0852,-0.4885,-0.2507,수축(Risk-Off),0.0,0.0,1271.75
2002-04-22,-0.6107,-0.3088,-0.1686,-0.472,-0.4039,수축(Risk-Off),0.0,0.0,1253.25
2002-04-23,-0.6345,-0.2245,-0.0295,-0.3991,-0.3455,수축(Risk-Off),0.0,0.0,1248.25
2002-04-24,-0.7796,-0.4643,-0.1548,-0.3795,-0.4846,수축(Risk-Off),0.0,0.0,1236.75
2002-04-25,-0.8423,-0.6319,-0.0805,-0.3909,-0.5316,수축(Risk-Off),0.0,0.0,1237.5
2002-04-26,-0.9418,-0.8133,-0.1686,-0.4249,-0.6389,수축(Risk-Off),0.0,0.0,1217.0
2002-04-29,-1.1164,-0.82,-0.0128,-0.3736,-0.655,수축(Risk-Off),0.0,0.0,1210.0
2002-04-30,-0.9824,-0.4368,0.3627,-0.35,-0.4149,수축(Risk-Off),0.0,0.0,1222.25
2002-05-01,-0.7884,-0.1007,0.5122,-0.3208,-0.2212,수축(Risk-Off),0.0,0.0,1233.5
2002-05-02,-0.6687,-0.1036,0.5539,-0.299,-0.1663,중립(Neutral),0.5,0.0,1229.5
2002-05-03,-0.7656,-0.291,0.4573,-0.134,-0.2465,수축(Risk-Off),0.0,0.0,1218.0
2002-05-06,-0.9871,-0.6823,0.1253,0.0402,-0.4787,수축(Risk-Off),0.0,0.0,1196.75
2002-05-07,-1.0834,-0.6893,0.0577,0.1732,-0.5111,수축(Risk-Off),0.0,0.0,1192.5
2002-05-08,-0.6106,-0.384,0.1528,-0.0526,-0.2794,수축(Risk-Off),0.0,0.0,1231.5
2002-05-09,-0.856,-0.4134,0.1437,0.0629,-0.3576,수축(Risk-Off),0.0,0.0,1219.0
2002-05-10,-0.9196,-0.5942,0.056,0.205,-0.4257,수축(Risk-Off),0.0,0.0,1199.0
2002-05-13,-0.7539,-0.212,0.1653,0.1321,-0.2557,수축(Risk-Off),0.0,0.0,1220.5
2002-05-14,-0.4329,0.0264,0.1251,0.0636,-0.1041,중립(Neutral),0.5,0.0,1243.5
2002-05-15,-0.5875,-0.0217,0.1322,0.1295,-0.1586,중립(Neutral),0.5,0.0,1239.5
2002-05-16,-0.5195,0.1765,0.2893,0.1195,-0.0475,중립(Neutral),0.5,0.0,1244.0
2002-05-17,-0.3588,0.2637,0.3048,0.0781,0.0282,중립(Neutral),0.5,0.0,1250.25
2002-05-20,-0.5489,0.0053,0.0925,-0.0188,-0.1705,중립(Neutral),0.5,0.0,1238.5
2002-05-21,-0.4498,-0.1764,0.2581,0.0,-0.137,중립(Neutral),0.5,0.0,1228.0
2002-05-22,-0.4554,-0.0417,0.2825,0.0126,-0.0973,중립(Neutral),0.5,0.0,1230.0
2002-05-23,-0.3294,0.2041,0.1759,-0.062,-0.0296,중립(Neutral),0.5,0.0,1242.0
2002-05-24,-0.5034,-0.0313,0.0427,0.1599,-0.1494,중립(Neutral),0.5,0.0,1227.5
2002-05-28,-0.4208,-0.3507,-0.3024,0.3738,-0.2545,수축(Risk-Off),0.0,0.0,1221.5
2002-05-29,-0.6906,-0.6397,-0.5618,0.3857,-0.4842,수축(Risk-Off),0.0,0.0,1212.75
2002-05-30,-0.8286,-0.8571,-0.6363,0.4093,-0.602,수축(Risk-Off),0.0,0.0,1210.75
2002-05-31,-0.7591,-0.8571,-0.6004,0.3132,-0.5831,수축(Risk-Off),0.0,0.0,1212.5
2002-06-03,-1.0177,-1.2025,-0.5647,0.4344,-0.7328,수축(Risk-Off),0.0,0.0,1183.75
2002-06-04,-0.8348,-1.3036,-0.4954,0.5224,-0.6635,수축(Risk-Off),0.0,0.0,1186.5
2002-06-05,-0.6773,-1.1219,-0.3285,0.5491,-0.5173,수축(Risk-Off),0.0,0.0,1195.5
2002-06-06,-1.123,-1.4582,-0.5521,0.5282,-0.8164,수축(Risk-Off),0.0,0.0,1174.5
2002-06-07,-1.0654,-1.3107,-0.5845,0.4053,-0.7859,수축(Risk-Off),0.0,0.0,1173.25
2002-06-10,-0.8755,-1.4155,-0.4064,0.4399,-0.6959,수축(Risk-Off),0.0,0.0,1177.0
2002-06-11,-1.1832,-1.6394,-0.4899,0.5292,-0.8671,수축(Risk-Off),0.0,0.0,1159.25
2002-06-12,-1.3299,-1.616,-0.4211,0.6273,-0.8807,수축(Risk-Off),0.0,0.0,1165.25
2002-06-13,-1.3942,-1.7582,-0.4073,0.7132,-0.9224,수축(Risk-Off),0.0,0.0,1155.75
2002-06-14,-1.4423,-1.9135,-0.2172,0.7075,-0.9313,수축(Risk-Off),0.0,0.0,1154.0
2002-06-17,-1.0794,-1.6613,0.1253,0.6535,-0.6638,수축(Risk-Off),0.0,0.0,1180.5
2002-06-18,-0.9197,-1.5621,0.1195,0.5904,-0.594,수축(Risk-Off),0.0,0.0,1189.25
2002-06-19,-1.0955,-1.7869,0.2565,0.7825,-0.6487,수축(Risk-Off),0.0,0.0,1164.25
2002-06-20,-1.1932,-2.0193,0.2352,0.6313,-0.7689,수축(Risk-Off),0.0,0.0,1151.75
2002-06-21,-1.449,-1.9496,0.1978,0.6976,-0.8404,수축(Risk-Off),0.0,0.0,1136.0
2002-06-24,-1.3243,-1.9272,0.2735,0.5343,-0.7968,수축(Risk-Off),0.0,0.0,1141.0
2002-06-25,-1.5353,-1.9249,0.2736,0.5518,-0.8674,수축(Risk-Off),0.0,0.0,1118.5
2002-06-26,-1.4676,-1.9817,0.2723,0.6394,-0.8451,수축(Risk-Off),0.0,0.0,1118.75
2002-06-27,-1.1756,-1.6856,0.4374,0.4546,-0.6553,수축(Risk-Off),0.0,0.0,1136.0
2002-06-28,-1.1758,-1.5691,0.5148,0.3783,-0.6184,수축(Risk-Off),0.0,0.0,1134.0
2002-07-01,-1.3215,-1.6306,0.4732,0.3792,-0.695,수축(Risk-Off),0.0,0.0,1113.5
2002-07-02,-1.3484,-1.7909,0.3478,0.4095,-0.7713,수축(Risk-Off),0.0,0.0,1091.5
2002-07-03,-1.3585,-1.9184,0.4048,0.409,-0.7925,수축(Risk-Off),0.0,0.0,1097.25
2002-07-05,-0.8897,-1.3698,0.5945,0.3403,-0.4542,수축(Risk-Off),0.0,0.0,1135.0
2002-07-08,-1.0418,-1.4999,0.5846,0.3808,-0.5363,수축(Risk-Off),0.0,0.0,1122.25
2002-07-09,-1.2051,-1.8796,0.2576,0.4431,-0.7608,수축(Risk-Off),0.0,0.0,1098.0
2002-07-10,-1.4233,-2.2257,0.1324,0.5862,-0.9336,수축(Risk-Off),0.0,0.0,1063.0
2002-07-11,-1.3425,-2.154,0.2134,0.628,-0.8608,수축(Risk-Off),0.0,0.0,1071.0
2002-07-12,-1.4224,-2.019,0.1222,0.6756,-0.8707,수축(Risk-Off),0.0,0.0,1061.25
2002-07-15,-1.3708,-2.2743,0.2465,0.6624,-0.8874,수축(Risk-Off),0.0,0.0,1064.5
2002-07-16,-1.6443,-2.4312,0.2896,0.5053,-1.0351,수축(Risk-Off),0.0,0.0,1047.25
2002-07-17,-1.7022,-2.2205,0.2961,0.5469,-0.9948,수축(Risk-Off),0.0,0.0,1049.0
2002-07-18,-1.7579,-2.1124,0.1928,0.6309,-1.0005,수축(Risk-Off),0.0,0.0,1019.5
2002-07-19,-1.9266,-2.3666,0.1671,0.6233,-1.1307,수축(Risk-Off),0.0,0.0,988.0
2002-07-22,-2.0106,-2.6488,-0.0325,0.6232,-1.2805,수축(Risk-Off),0.0,0.0,963.75
2002-07-23,-2.2319,-2.8332,-0.1606,0.648,-1.4324,수축(Risk-Off),0.0,0.0,940.75
2002-07-24,-1.57,-2.3623,0.0383,0.6882,-1.0273,수축(Risk-Off),0.0,0.0,988.0
2002-07-25,-1.603,-2.4157,0.1283,0.7345,-1.0227,수축(Risk-Off),0.0,0.0,980.75
2002-07-26,-1.5355,-2.1469,0.207,0.7186,-0.9146,수축(Risk-Off),0.0,0.0,997.75
2002-07-29,-1.2029,-1.6383,0.327,0.5779,-0.6621,수축(Risk-Off),0.0,0.0,1037.75
2002-07-30,-0.9943,-1.534,0.4769,0.6068,-0.5213,수축(Risk-Off),0.0,0.0,1049.5
2002-07-31,-0.8777,-1.6965,0.329,0.7294,-0.5397,수축(Risk-Off),0.0,0.0,1055.5
2002-08-01,-1.0513,-2.0459,0.279,0.7433,-0.6982,수축(Risk-Off),0.0,0.0,1028.0
2002-08-02,-1.1875,-2.4144,0.2474,0.7616,-0.8431,수축(Risk-Off),0.0,0.0,1009.0
2002-08-05,-1.6622,-2.6012,0.0061,0.8046,-1.1099,수축(Risk-Off),0.0,0.0,978.0
2002-08-06,-1.3561,-2.3224,-0.1448,0.6955,-0.9871,수축(Risk-Off),0.0,0.0,1005.0
2002-08-07,-1.0939,-1.9573,-0.205,0.7501,-0.8109,수축(Risk-Off),0.0,0.0,1020.0
2002-08-08,-0.7399,-1.8071,-0.1038,0.6729,-0.6357,수축(Risk-Off),0.0,0.0,1049.75
2002-08-09,-0.8217,-1.7727,-0.2295,0.7265,-0.6792,수축(Risk-Off),0.0,0.0,1051.75
2002-08-12,-0.7917,-1.8104,-0.0504,0.7637,-0.6277,수축(Risk-Off),0.0,0.0,1046.5
2002-08-13,-0.9492,-1.6703,-0.0642,0.8619,-0.6366,수축(Risk-Off),0.0,0.0,1029.25
2002-08-14,-0.6351,-1.481,0.1838,0.7814,-0.4294,수축(Risk-Off),0.0,0.0,1062.0
2002-08-15,-0.5551,-1.2891,0.2147,0.7292,-0.3535,수축(Risk-Off),0.0,0.0,1074.5
2002-08-16,-0.4323,-1.0619,0.2429,0.6771,-0.2545,수축(Risk-Off),0.0,0.0,1072.0
2002-08-19,-0.1487,-0.8844,0.3854,0.7101,-0.0703,중립(Neutral),0.5,0.0,1093.0
2002-08-20,-0.1354,-0.9173,0.3336,0.783,-0.0758,중립(Neutral),0.5,0.0,1083.75
2002-08-21,0.0934,-0.9063,0.4657,0.7886,0.0408,중립(Neutral),0.5,0.0,1096.25
2002-08-22,-0.0281,-0.7796,0.3516,0.8283,0.0074,중립(Neutral),0.5,0.0,1105.0
2002-08-23,-0.126,-1.1175,0.3619,0.9278,-0.0938,중립(Neutral),0.5,0.0,1085.0
2002-08-26,-0.1228,-1.2386,0.3883,0.946,-0.1137,중립(Neutral),0.5,0.0,1091.5
2002-08-27,-0.3476,-1.201,0.3643,0.8812,-0.1987,중립(Neutral),0.5,0.0,1080.5
2002-08-28,-0.5001,-1.5229,0.2471,0.8781,-0.3623,수축(Risk-Off),0.0,0.0,1060.5
2002-08-29,-0.4451,-1.3453,0.2816,0.9989,-0.2719,수축(Risk-Off),0.0,0.0,1060.0
2002-08-30,-0.362,-1.1577,0.271,0.9859,-0.2005,수축(Risk-Off),0.0,0.0,1060.0
2002-09-03,-0.4058,-1.6932,0.2127,1.0412,-0.356,수축(Risk-Off),0.0,0.0,1021.75
2002-09-04,-0.4188,-1.6299,0.1572,1.1016,-0.3495,수축(Risk-Off),0.0,0.0,1033.75
2002-09-05,-0.5262,-1.7859,0.0561,1.1137,-0.4496,수축(Risk-Off),0.0,0.0,1027.25
2002-09-06,-0.4578,-1.5017,0.0313,1.0354,-0.3725,수축(Risk-Off),0.0,0.0,1038.5
2002-09-09,-0.4388,-1.5336,-0.1292,1.044,-0.4127,수축(Risk-Off),0.0,0.0,1044.5
2002-09-10,-0.3027,-1.5025,-0.1189,1.0321,-0.3565,수축(Risk-Off),0.0,0.0,1055.0
2002-09-11,-0.2372,-1.4506,-0.1022,0.9919,-0.3224,수축(Risk-Off),0.0,0.0,1050.0
2002-09-12,-0.5224,-1.8294,-0.1639,1.0967,-0.5166,수축(Risk-Off),0.0,0.0,1033.0
2002-09-13,-0.6141,-1.6986,-0.1199,1.1367,-0.4991,수축(Risk-Off),0.0,0.0,1035.0
2002-09-16,-0.5496,-1.8295,-0.2391,1.1654,-0.5347,수축(Risk-Off),0.0,0.0,1036.75
2002-09-17,-0.7417,-1.8769,-0.273,1.1265,-0.6281,수축(Risk-Off),0.0,0.0,1016.25
2002-09-18,-0.7432,-1.8537,-0.403,1.1035,-0.6588,수축(Risk-Off),0.0,0.0,1007.5
2002-09-19,-0.9773,-2.2187,-0.626,1.1631,-0.8788,수축(Risk-Off),0.0,0.0,985.5
2002-09-20,-0.9566,-2.0725,-0.6928,1.1259,-0.8573,수축(Risk-Off),0.0,0.0,986.0
2002-09-23,-0.957,-2.0957,-0.7165,1.192,-0.8592,수축(Risk-Off),0.0,0.0,978.25
2002-09-24,-1.1424,-2.1373,-0.7357,1.194,-0.939,수축(Risk-Off),0.0,0.0,964.5
2002-09-25,-0.9424,-1.7427,-0.6237,1.1069,-0.7554,수축(Risk-Off),0.0,0.0,985.0
2002-09-26,-0.7228,-1.5381,-0.5704,1.0954,-0.6158,수축(Risk-Off),0.0,0.0,998.25
2002-09-27,-0.8875,-1.847,-0.7124,1.1336,-0.7804,수축(Risk-Off),0.0,0.0,969.0
2002-09-30,-0.9675,-2.0022,-0.7948,1.1636,-0.8633,수축(Risk-Off),0.0,0.0,958.75
2002-10-01,-0.6966,-1.36,-0.5221,1.1118,-0.5476,수축(Risk-Off),0.0,0.0,997.75
2002-10-02,-0.8283,-1.5218,-0.511,1.1497,-0.6257,수축(Risk-Off),0.0,0.0,974.25
2002-10-03,-0.9101,-1.5394,-0.5368,1.1471,-0.6655,수축(Risk-Off),0.0,0.0,964.25
2002-10-04,-0.9333,-1.7328,-0.6219,1.141,-0.7442,수축(Risk-Off),0.0,0.0,949.5
2002-10-07,-1.0225,-1.9797,-0.7697,1.1529,-0.8723,수축(Risk-Off),0.0,0.0,932.25
2002-10-08,-0.9506,-1.9076,-0.6851,1.1537,-0.8078,수축(Risk-Off),0.0,0.0,944.75
2002-10-09,-1.1171,-2.0376,-0.7052,1.154,-0.9036,수축(Risk-Off),0.0,0.0,921.5
2002-10-10,-0.9317,-1.514,-0.4508,1.0946,-0.6531,수축(Risk-Off),0.0,0.0,946.75
2002-10-11,-0.6033,-1.1976,-0.1817,0.9674,-0.4109,수축(Risk-Off),0.0,0.0,982.25
2002-10-14,-0.595,-1.0813,-0.0699,0.9976,-0.3464,수축(Risk-Off),0.0,0.0,985.25
2002-10-15,-0.2417,-0.6263,0.1275,0.677,-0.1077,중립(Neutral),0.5,0.0,1026.5
2002-10-16,-0.269,-0.8735,-0.1632,0.5973,-0.2637,수축(Risk-Off),0.0,0.0,1006.0
2002-10-17,-0.063,-0.5584,-0.1905,0.3781,-0.1526,중립(Neutral),0.5,0.0,1022.75
2002-10-18,0.1322,-0.592,-0.3126,0.3599,-0.1259,중립(Neutral),0.5,0.0,1027.0
2002-10-21,0.1568,-0.6408,-0.2506,0.1033,-0.1525,중립(Neutral),0.5,0.0,1042.5
2002-10-22,0.1486,-0.7295,-0.3963,0.0401,-0.2234,수축(Risk-Off),0.0,0.0,1035.25
2002-10-23,0.1885,-0.7141,-0.2961,0.3006,-0.1415,중립(Neutral),0.5,0.0,1042.0
2002-10-24,-0.1217,-0.8371,-0.2791,0.4359,-0.2562,수축(Risk-Off),0.0,0.0,1024.25
2002-10-25,-0.0822,-0.3648,-0.1511,0.4041,-0.0971,중립(Neutral),0.5,0.0,1042.5
2002-10-28,-0.0524,-0.2812,0.0437,0.3931,-0.0188,중립(Neutral),0.5,0.0,1035.5
2002-10-29,-0.0231,-0.7884,0.0643,0.873,-0.0582,중립(Neutral),0.5,0.0,1025.25
2002-10-30,-0.0805,-0.5827,0.1407,0.8164,-0.0162,중립(Neutral),0.5,0.0,1033.5
2002-10-31,0.0599,-0.7315,0.0385,0.8963,-0.0179,중립(Neutral),0.5,0.0,1029.25
2002-11-01,0.1472,-0.3923,0.1736,0.8013,0.117,중립(Neutral),0.5,0.5,1042.25
2002-11-04,0.2132,-0.2991,0.1134,0.557,0.1118,중립(Neutral),0.5,0.5,1051.25
2002-11-05,0.2644,-0.2581,0.2457,0.5083,0.1657,중립(Neutral),0.5,0.5,1057.75
2002-11-06,0.3067,-0.2542,-0.047,0.4188,0.0949,중립(Neutral),0.5,0.5,1069.5
2002-11-07,0.2354,-0.6777,0.0222,0.8076,0.0397,중립(Neutral),0.5,0.5,1046.25
2002-11-08,0.0614,-0.7408,0.0081,1.0409,-0.0055,중립(Neutral),0.5,0.5,1035.25
2002-11-11,-0.273,-0.9364,-0.2701,1.0411,-0.241,수축(Risk-Off),0.0,0.5,1021.5
2002-11-12,-0.2518,-0.8414,-0.2591,1.0678,-0.2031,수축(Risk-Off),0.0,0.5,1028.5
2002-11-13,-0.4194,-0.8744,-0.2484,1.0493,-0.2701,수축(Risk-Off),0.0,0.5,1029.5
2002-11-14,-0.2642,-0.6694,-0.1007,0.8576,-0.1563,중립(Neutral),0.5,0.5,1046.25
2002-11-15,-0.2674,-0.4161,-0.0727,0.8521,-0.088,중립(Neutral),0.5,0.5,1052.75
2002-11-18,-0.385,-0.5415,-0.0472,0.8626,-0.1525,중립(Neutral),0.5,0.5,1043.75
2002-11-19,-0.4653,-0.5314,-0.0018,0.8749,-0.1649,중립(Neutral),0.5,0.5,1041.75
2002-11-20,-0.2318,-0.1961,-0.0185,0.8028,-0.0144,중립(Neutral),0.5,0.5,1062.5
2002-11-21,-0.1331,0.0664,0.0896,0.739,0.1033,중립(Neutral),0.5,0.5,1079.25
2002-11-22,-0.069,-0.01,-0.0269,0.6442,0.0633,중립(Neutral),0.5,0.5,1072.5
2002-11-25,-0.1139,-0.0431,0.0359,0.5826,0.0457,중립(Neutral),0.5,0.5,1073.5
2002-11-26,-0.2663,-0.0308,-0.0964,0.5878,-0.0368,중립(Neutral),0.5,0.5,1055.25
2002-11-27,0.0032,-0.0088,0.0527,0.1802,0.0391,중립(Neutral),0.5,0.5,1081.75
2002-11-29,0.1045,-0.1843,0.3289,0.1903,0.1013,중립(Neutral),0.5,0.5,1079.75
2002-12-02,0.0146,-0.1336,0.321,0.2801,0.094,중립(Neutral),0.5,0.5,1079.0
2002-12-03,-0.1064,-0.2087,0.2281,0.2915,0.0113,중립(Neutral),0.5,0.5,1067.5
2002-12-04,-0.1752,-0.3518,0.2185,0.312,-0.0479,중립(Neutral),0.5,0.5,1062.75
2002-12-05,-0.3446,-0.3777,0.1889,0.316,-0.1204,중립(Neutral),0.5,0.5,1052.25
2002-12-06,-0.2384,-0.3514,0.234,0.3245,-0.0641,중립(Neutral),0.5,0.5,1057.5
2002-12-09,-0.3817,-0.4993,0.2365,0.477,-0.1278,중립(Neutral),0.5,0.5,1033.25
2002-12-10,-0.1866,-0.2827,0.465,0.4805,0.0523,중립(Neutral),0.5,0.5,1045.75
2002-12-11,-0.2072,-0.1853,0.4455,0.4871,0.0656,중립(Neutral),0.5,0.5,1046.0
2002-12-12,-0.2301,-0.145,0.4854,0.7321,0.1144,중립(Neutral),0.5,0.5,1045.75
2002-12-13,-0.3702,-0.3024,0.4399,0.7112,0.0115,중립(Neutral),0.5,0.5,1031.25
2002-12-16,-0.1891,0.0663,0.5073,0.5919,0.166,중립(Neutral),0.5,0.5,1054.25
2002-12-17,-0.164,0.0341,0.675,0.5603,0.2039,확장(Risk-On),1.0,0.5,1046.75
2002-12-18,-0.2452,-0.3718,0.3142,0.6929,0.0037,중립(Neutral),0.5,0.5,1036.25
2002-12-19,-0.3629,-0.6984,0.1099,0.7471,-0.1621,중립(Neutral),0.5,0.5,1029.5
2002-12-20,-0.3161,-0.289,0.4801,0.8276,0.0613,중립(Neutral),0.5,0.5,1041.5
2002-12-23,-0.3557,-0.1254,0.3006,0.7996,0.0392,중립(Neutral),0.5,0.5,1041.75
2002-12-24,-0.479,-0.2788,0.1403,0.7951,-0.083,중립(Neutral),0.5,0.5,1036.25
2002-12-26,-0.3093,-0.2313,0.3004,0.741,0.0202,중립(Neutral),0.5,0.5,1035.5
2002-12-27,-0.5778,-0.4989,0.2472,0.7808,-0.1481,중립(Neutral),0.5,0.5,1016.5
2002-12-30,-0.6292,-0.4488,0.6757,0.7844,-0.0459,중립(Neutral),0.5,0.5,1022.25
2002-12-31,-0.5518,-0.2645,0.741,0.774,0.0421,중립(Neutral),0.5,0.5,1023.75
2003-01-02,-0.2279,0.2143,0.5726,0.6303,0.2115,확장(Risk-On),1.0,0.5,1052.25
2003-01-03,-0.0978,0.4338,0.6099,0.6048,0.3174,확장(Risk-On),1.0,0.5,1054.75
2003-01-06,0.1214,0.4462,0.5385,0.5578,0.3723,확장(Risk-On),1.0,0.5,1071.25
2003-01-07,0.1535,0.1708,0.4422,0.5682,0.2922,확장(Risk-On),1.0,0.5,1068.5
2003-01-08,0.0458,0.1506,0.3052,0.5341,0.2101,확장(Risk-On),1.0,0.5,1054.75
2003-01-09,0.2709,0.0742,0.1424,0.4026,0.2094,확장(Risk-On),1.0,0.5,1069.5
2003-01-10,0.1031,0.0886,0.3119,0.2894,0.1796,중립(Neutral),0.5,0.5,1071.25
2003-01-13,0.1056,-0.1154,0.3238,0.3673,0.1442,중립(Neutral),0.5,0.5,1071.25
2003-01-14,-0.017,-0.0618,0.5185,0.4203,0.1713,중립(Neutral),0.5,0.5,1074.0
2003-01-15,0.0412,-0.3925,0.3422,0.5305,0.0814,중립(Neutral),0.5,0.5,1065.75
2003-01-16,-0.2058,-0.318,0.226,0.547,-0.013,중립(Neutral),0.5,0.5,1061.25
2003-01-17,-0.3282,-0.4024,0.2051,0.5106,-0.0876,중립(Neutral),0.5,0.5,1047.75
2003-01-21,-0.3905,-0.6573,0.1292,0.4056,-0.2079,수축(Risk-Off),0.0,0.5,1033.25
2003-01-22,-0.6373,-0.8523,0.0581,0.4245,-0.3579,수축(Risk-Off),0.0,0.5,1022.25
2003-01-23,-0.5037,-0.5455,0.1361,0.5107,-0.202,수축(Risk-Off),0.0,0.5,1027.75
2003-01-24,-0.7257,-0.992,-0.036,0.476,-0.4396,수축(Risk-Off),0.0,0.5,1005.0
2003-01-27,-0.8245,-1.0943,-0.1402,0.3413,-0.546,수축(Risk-Off),0.0,0.5,992.0
2003-01-28,-0.5912,-0.9123,-0.2746,0.152,-0.4809,수축(Risk-Off),0.0,0.5,999.25
2003-01-29,-0.5751,-0.9162,-0.0943,0.0399,-0.4479,수축(Risk-Off),0.0,0.5,1005.5
2003-01-30,-0.819,-1.2164,-0.4865,0.3108,-0.6657,수축(Risk-Off),0.0,0.5,984.75
2003-01-31,-0.8878,-1.217,-0.5005,0.3259,-0.6912,수축(Risk-Off),0.0,0.5,999.5
2003-02-03,-0.9112,-1.012,-0.47,0.3848,-0.6317,수축(Risk-Off),0.0,0.0,1003.25
2003-02-04,-1.1578,-1.1571,-0.5308,0.5187,-0.7494,수축(Risk-Off),0.0,0.0,994.0
2003-02-05,-1.243,-1.0881,-0.4648,0.449,-0.7559,수축(Risk-Off),0.0,0.0,989.25
2003-02-06,-1.1056,-1.2518,-0.259,0.3919,-0.7059,수축(Risk-Off),0.0,0.0,985.25
2003-02-07,-1.264,-1.3452,-0.4314,0.4241,-0.8229,수축(Risk-Off),0.0,0.0,975.25
2003-02-10,-1.1463,-1.4561,-0.4081,0.4698,-0.7968,수축(Risk-Off),0.0,0.0,980.75
2003-02-11,-1.2761,-1.5424,-0.4449,0.441,-0.8773,수축(Risk-Off),0.0,0.0,974.5
2003-02-12,-1.4004,-1.5819,-0.261,0.4583,-0.8821,수축(Risk-Off),0.0,0.0,961.5
2003-02-13,-1.4049,-1.5663,-0.241,0.5572,-0.86,수축(Risk-Off),0.0,0.0,963.75
2003-02-14,-1.2343,-1.4835,-0.063,0.4783,-0.7469,수축(Risk-Off),0.0,0.0,981.75
2003-02-18,-0.9545,-1.3062,0.1411,0.4343,-0.5602,수축(Risk-Off),0.0,0.0,996.25
2003-02-19,-0.9855,-1.3114,0.0492,0.4795,-0.5885,수축(Risk-Off),0.0,0.0,991.5
2003-02-20,-1.1327,-1.3104,0.1776,0.3944,-0.6205,수축(Risk-Off),0.0,0.0,983.5
2003-02-21,-1.1276,-1.2119,0.037,0.3604,-0.6343,수축(Risk-Off),0.0,0.0,992.0
2003-02-24,-1.1442,-1.2806,-0.0883,0.3616,-0.6885,수축(Risk-Off),0.0,0.0,977.25
2003-02-25,-0.9231,-1.3571,-0.0155,0.472,-0.5954,수축(Risk-Off),0.0,0.0,984.5
2003-02-26,-1.1998,-1.4943,-0.0273,0.5107,-0.7238,수축(Risk-Off),0.0,0.0,972.5
2003-02-27,-1.1187,-1.3017,0.1717,0.4873,-0.601,수축(Risk-Off),0.0,0.0,983.0
2003-02-28,-0.9496,-1.1975,0.1612,0.5864,-0.5035,수축(Risk-Off),0.0,0.0,985.75
2003-03-03,-1.1131,-1.2369,0.3154,0.5413,-0.5388,수축(Risk-Off),0.0,0.0,980.25
2003-03-04,-1.2231,-1.3192,0.1358,0.519,-0.6461,수축(Risk-Off),0.0,0.0,967.0
2003-03-05,-1.0897,-1.0582,0.3676,0.5281,-0.4748,수축(Risk-Off),0.0,0.0,974.25
2003-03-06,-1.1467,-1.1822,0.2241,0.4904,-0.5673,수축(Risk-Off),0.0,0.0,966.5
2003-03-07,-1.0526,-1.0777,0.3901,0.5133,-0.4633,수축(Risk-Off),0.0,0.0,973.25
2003-03-10,-1.1342,-1.3834,0.2569,0.496,-0.6042,수축(Risk-Off),0.0,0.0,952.5
2003-03-11,-1.2774,-1.4108,0.2497,0.4597,-0.6684,수축(Risk-Off),0.0,0.0,945.0
2003-03-12,-1.2185,-1.4956,0.2805,0.3834,-0.6728,수축(Risk-Off),0.0,0.0,950.5
2003-03-13,-0.7285,-1.0468,0.3611,0.218,-0.3937,수축(Risk-Off),0.0,0.0,978.25
2003-03-14,-0.658,-0.9762,0.2975,0.3344,-0.3498,수축(Risk-Off),0.0,0.0,979.0
2003-03-17,-0.5088,-0.7631,0.4445,0.2592,-0.2189,수축(Risk-Off),0.0,0.0,1007.0
2003-03-18,-0.4306,-0.6974,0.2685,0.1459,-0.236,수축(Risk-Off),0.0,0.0,1012.25
2003-03-19,-0.4141,-0.7279,0.4192,-0.0693,-0.2325,수축(Risk-Off),0.0,0.0,1018.75
2003-03-20,-0.3382,-0.5483,0.4634,-0.1648,-0.1643,중립(Neutral),0.5,0.0,1020.75
2003-03-21,-0.1076,-0.2931,0.5462,-0.3031,-0.0198,중립(Neutral),0.5,0.0,1039.25
2003-03-24,-0.4702,-0.3945,0.5108,-0.1152,-0.1528,중립(Neutral),0.5,0.0,1009.5
2003-03-25,-0.2553,-0.2292,0.4362,-0.1472,-0.0597,중립(Neutral),0.5,0.0,1018.25
2003-03-26,-0.3338,-0.2246,0.4275,-0.1931,-0.0951,중립(Neutral),0.5,0.0,1014.0
2003-03-27,-0.2145,-0.5681,0.4509,-0.1624,-0.1287,중립(Neutral),0.5,0.0,1013.5
2003-03-28,-0.3544,-0.6656,0.4215,-0.1795,-0.212,수축(Risk-Off),0.0,0.0,1009.0
2003-03-31,-0.5503,-0.9481,0.2595,0.0182,-0.362,수축(Risk-Off),0.0,0.0,993.0
2003-04-01,-0.5224,-0.7099,0.3541,0.0496,-0.2643,수축(Risk-Off),0.0,0.0,1002.75
2003-04-02,-0.1633,-0.523,0.5202,-0.3118,-0.1046,중립(Neutral),0.5,0.0,1023.25
2003-04-03,-0.3276,-0.7165,0.4415,-0.0356,-0.1888,중립(Neutral),0.5,0.0,1019.25
2003-04-04,-0.1968,-0.7975,0.3684,-0.1454,-0.1979,중립(Neutral),0.5,0.0,1024.5
2003-04-07,-0.2515,-0.5239,0.3103,-0.3473,-0.1935,중립(Neutral),0.5,0.0,1023.0
2003-04-08,-0.1597,-0.4029,0.2746,-0.0756,-0.0993,중립(Neutral),0.5,0.0,1024.25
2003-04-09,-0.2413,-0.4351,0.2075,0.133,-0.1214,중립(Neutral),0.5,0.0,1012.75
2003-04-10,-0.2244,-0.3413,0.4649,0.4006,0.0125,중립(Neutral),0.5,0.0,1017.75
2003-04-11,-0.4135,-0.1614,0.3415,0.216,-0.0673,중립(Neutral),0.5,0.0,1014.25
2003-04-14,-0.1737,0.0907,0.5129,0.2085,0.1214,중립(Neutral),0.5,0.0,1032.0
2003-04-15,-0.2214,0.1789,0.6578,0.4123,0.1935,중립(Neutral),0.5,0.0,1039.75
2003-04-16,-0.3746,0.2708,0.6705,0.4137,0.1663,중립(Neutral),0.5,0.0,1024.75
2003-04-17,-0.2359,0.334,0.7662,0.287,0.2355,확장(Risk-On),1.0,0.0,1037.25
2003-04-21,-0.2714,0.5423,0.8085,0.2289,0.277,확장(Risk-On),1.0,0.0,1039.0
2003-04-22,0.0656,0.6147,0.9814,0.2869,0.465,확장(Risk-On),1.0,0.0,1055.5
2003-04-23,0.1915,0.5276,0.9125,0.3316,0.4768,확장(Risk-On),1.0,0.0,1063.5
2003-04-24,0.2002,0.5914,1.148,0.4198,0.5679,확장(Risk-On),1.0,0.0,1055.75
2003-04-25,0.0834,0.402,1.0536,0.4208,0.4562,확장(Risk-On),1.0,0.0,1044.5
2003-04-28,0.2706,0.5348,1.0878,0.2707,0.5409,확장(Risk-On),1.0,0.0,1059.5
2003-04-29,0.4069,0.623,1.2376,0.1565,0.6311,확장(Risk-On),1.0,0.0,1062.0
2003-04-30,0.3154,0.4345,1.3043,0.3188,0.5929,확장(Risk-On),1.0,0.0,1062.0
2003-05-01,0.1974,0.4455,1.2629,0.3284,0.5455,확장(Risk-On),1.0,1.0,1061.0
2003-05-02,0.3647,0.8042,1.3911,0.2523,0.7143,확장(Risk-On),1.0,1.0,1073.5
2003-05-05,0.2923,0.5842,1.373,0.4351,0.6568,확장(Risk-On),1.0,1.0,1072.25
2003-05-06,0.4244,0.5327,1.506,0.5287,0.7375,확장(Risk-On),1.0,1.0,1080.75
2003-05-07,0.387,0.5146,1.4406,0.5806,0.7114,확장(Risk-On),1.0,1.0,1075.5
2003-05-08,0.3188,0.3479,1.3171,0.5888,0.6162,확장(Risk-On),1.0,1.0,1066.5
2003-05-09,0.4759,0.3698,1.2522,0.6941,0.6762,확장(Risk-On),1.0,1.0,1078.25
2003-05-12,0.7049,0.3275,1.3103,0.7751,0.7725,확장(Risk-On),1.0,1.0,1090.25
2003-05-13,0.5677,0.1529,1.1487,0.807,0.6451,확장(Risk-On),1.0,1.0,1088.75
2003-05-14,0.3991,0.1472,1.2073,0.8637,0.6078,확장(Risk-On),1.0,1.0,1086.25
2003-05-15,0.5981,0.2708,1.2628,0.7596,0.7067,확장(Risk-On),1.0,1.0,1092.25
2003-05-16,0.4395,0.2422,1.2458,0.972,0.6717,확장(Risk-On),1.0,1.0,1090.25
2003-05-19,0.2012,-0.0179,1.1807,0.995,0.5104,확장(Risk-On),1.0,1.0,1068.5
2003-05-20,0.1971,-0.2882,1.0243,1.007,0.404,확장(Risk-On),1.0,1.0,1065.25
2003-05-21,0.098,-0.1462,1.0385,0.9861,0.4053,확장(Risk-On),1.0,1.0,1068.0
2003-05-22,0.2039,-0.029,0.9624,1.0303,0.4593,확장(Risk-On),1.0,1.0,1076.75
2003-05-23,0.2988,0.1259,1.0616,0.9838,0.5491,확장(Risk-On),1.0,1.0,1078.25
2003-05-27,0.4679,0.229,1.289,0.8593,0.6722,확장(Risk-On),1.0,1.0,1095.5
2003-05-28,0.5119,0.2832,1.1053,0.8118,0.6481,확장(Risk-On),1.0,1.0,1098.0
2003-05-29,0.504,0.1993,1.1736,0.8656,0.6495,확장(Risk-On),1.0,1.0,1095.25
2003-05-30,0.7184,0.306,1.1043,0.8133,0.726,확장(Risk-On),1.0,1.0,1109.25
2003-06-02,0.7306,0.3837,1.3006,0.7447,0.7885,확장(Risk-On),1.0,1.0,1114.25
2003-06-03,0.8139,0.3098,1.2937,0.846,0.8126,확장(Risk-On),1.0,1.0,1118.25
2003-06-04,0.9178,0.341,1.3357,0.9318,0.8802,확장(Risk-On),1.0,1.0,1132.25
2003-06-05,1.1459,0.158,1.1794,0.9282,0.8746,확장(Risk-On),1.0,1.0,1136.75
2003-06-06,1.144,0.0062,1.2663,0.843,0.845,확장(Risk-On),1.0,1.0,1133.75
2003-06-09,0.9168,-0.4224,1.2575,0.8384,0.6554,확장(Risk-On),1.0,1.0,1123.0
2003-06-10,0.8939,-0.3046,1.4704,0.9199,0.7423,확장(Risk-On),1.0,1.0,1132.75
2003-06-11,1.0662,-0.2685,1.5196,0.9253,0.8247,확장(Risk-On),1.0,1.0,1143.25
2003-06-12,1.0472,-0.4116,1.4918,0.9079,0.7728,확장(Risk-On),1.0,1.0,1146.75
2003-06-13,0.8301,-0.8077,1.2638,0.9815,0.5518,확장(Risk-On),1.0,1.0,1135.75
2003-06-16,1.2198,-0.1265,1.5933,0.8096,0.915,확장(Risk-On),1.0,1.0,1156.5
2003-06-17,1.388,0.0662,1.3853,0.6593,0.9476,확장(Risk-On),1.0,1.0,1156.75
2003-06-18,1.2766,0.2227,1.4722,0.5887,0.9589,확장(Risk-On),1.0,1.0,1155.5
2003-06-19,1.1518,-0.0076,1.1774,0.8008,0.8157,확장(Risk-On),1.0,1.0,1141.0
2003-06-20,1.062,0.1242,1.2564,0.7515,0.8296,확장(Risk-On),1.0,1.0,1138.75
2003-06-23,0.9838,-0.0713,1.2965,0.8564,0.7791,확장(Risk-On),1.0,1.0,1128.25
2003-06-24,0.9857,-0.0971,1.2809,0.8631,0.7704,확장(Risk-On),1.0,1.0,1128.75
2003-06-25,0.7489,-0.2226,1.2078,0.7327,0.6183,확장(Risk-On),1.0,1.0,1119.25
2003-06-26,0.8814,0.276,1.1412,0.3448,0.7145,확장(Risk-On),1.0,1.0,1130.75
2003-06-27,0.7264,0.1403,1.0255,0.3168,0.5932,확장(Risk-On),1.0,1.0,1120.5
2003-06-30,0.5793,0.1451,1.1055,0.569,0.6007,확장(Risk-On),1.0,1.0,1120.5
2003-07-01,0.7515,0.25,1.0731,0.2865,0.6368,확장(Risk-On),1.0,1.0,1128.5
2003-07-02,0.8568,0.4242,1.2584,0.2331,0.7555,확장(Risk-On),1.0,1.0,1140.25
2003-07-03,0.6124,0.372,1.0768,0.0773,0.5881,확장(Risk-On),1.0,1.0,1129.75
2003-07-07,0.963,0.4104,0.9833,-0.2046,0.6548,확장(Risk-On),1.0,1.0,1149.75
2003-07-08,1.0944,0.3868,0.935,-0.4852,0.6407,확장(Risk-On),1.0,1.0,1154.75
2003-07-09,1.0282,0.4795,1.0178,-0.4315,0.6695,확장(Risk-On),1.0,1.0,1148.25
2003-07-10,0.7489,0.3042,0.8572,-0.3622,0.4981,확장(Risk-On),1.0,1.0,1136.0
2003-07-11,0.862,0.4429,0.8728,-0.3625,0.5763,확장(Risk-On),1.0,1.0,1144.5
2003-07-14,1.1425,0.2742,1.0001,-0.3815,0.6612,확장(Risk-On),1.0,1.0,1149.75
2003-07-15,0.8129,0.3356,0.8162,-0.6223,0.4791,확장(Risk-On),1.0,1.0,1148.25
2003-07-16,0.7376,0.2272,0.639,-0.5205,0.3966,확장(Risk-On),1.0,1.0,1142.25
2003-07-17,0.4813,0.1828,0.4844,-0.6318,0.2405,확장(Risk-On),1.0,1.0,1128.0
2003-07-18,0.5773,0.4236,0.6114,-0.6142,0.3687,확장(Risk-On),1.0,1.0,1137.75
2003-07-21,0.3475,0.4497,0.494,-1.1409,0.1864,중립(Neutral),0.5,1.0,1125.25
2003-07-22,0.5777,0.5492,0.4742,-1.1844,0.2804,확장(Risk-On),1.0,1.0,1134.0
2003-07-23,0.6981,0.6695,0.4285,-0.8815,0.3866,확장(Risk-On),1.0,1.0,1134.75
2003-07-24,0.6374,0.5399,0.2724,-0.7642,0.3115,확장(Risk-On),1.0,1.0,1127.5
2003-07-25,0.8378,0.6379,0.3839,-0.7875,0.4305,확장(Risk-On),1.0,1.0,1144.0
2003-07-28,0.8164,0.6588,0.2826,-1.0755,0.3598,확장(Risk-On),1.0,1.0,1141.25
2003-07-29,0.7168,0.6643,0.1418,-1.3064,0.2564,확장(Risk-On),1.0,1.0,1136.25
2003-07-30,0.498,0.6339,0.1525,-1.2576,0.1823,중립(Neutral),0.5,1.0,1133.75
2003-07-31,0.4522,0.7366,0.1942,-1.4862,0.168,중립(Neutral),0.5,1.0,1136.5
2003-08-01,0.3655,0.4486,0.1842,-1.4648,0.0664,중립(Neutral),0.5,0.5,1126.75
2003-08-04,0.4447,0.3076,0.11,-1.027,0.106,중립(Neutral),0.5,0.5,1127.5
2003-08-05,-0.0519,0.012,-0.0134,-1.2044,-0.1992,중립(Neutral),0.5,0.5,1106.75
2003-08-06,-0.0907,0.0924,0.0392,-0.8688,-0.1292,중립(Neutral),0.5,0.5,1112.25
2003-08-07,0.0456,0.2894,0.1078,-0.8721,-0.0156,중립(Neutral),0.5,0.5,1121.75
2003-08-08,0.148,0.3858,0.0025,-0.9124,0.012,중립(Neutral),0.5,0.5,1125.25
2003-08-11,0.1686,0.6401,0.1848,-0.951,0.1226,중립(Neutral),0.5,0.5,1128.5
2003-08-12,0.1994,1.005,0.3095,-0.6559,0.3001,확장(Risk-On),1.0,0.5,1137.25
2003-08-13,0.1228,0.9299,0.2888,-1.0258,0.1938,중립(Neutral),0.5,0.5,1132.0
2003-08-14,0.3597,1.045,0.0827,-1.082,0.2455,확장(Risk-On),1.0,0.5,1135.0
2003-08-15,0.5125,0.9379,0.0998,-0.9773,0.2922,확장(Risk-On),1.0,0.5,1137.75
2003-08-18,0.5667,1.0304,0.1454,-0.6431,0.3958,확장(Risk-On),1.0,0.5,1146.0
2003-08-19,0.7518,0.8779,-0.0722,-0.4674,0.3945,확장(Risk-On),1.0,0.5,1150.25
2003-08-20,0.6141,0.8323,-0.1252,-0.6891,0.2883,확장(Risk-On),1.0,0.5,1146.25
2003-08-21,0.6536,0.9441,-0.0987,-0.779,0.3233,확장(Risk-On),1.0,0.5,1149.25
2003-08-22,0.4929,0.5866,-0.4134,-0.6503,0.1183,중립(Neutral),0.5,0.5,1139.75
2003-08-25,0.4569,0.469,-0.3582,-0.6453,0.0908,중립(Neutral),0.5,0.5,1141.0
2003-08-26,0.491,0.5277,-0.4045,-0.3921,0.1438,중립(Neutral),0.5,0.5,1142.75
2003-08-27,0.495,0.5902,-0.6948,-0.5579,0.0634,중립(Neutral),0.5,0.5,1143.0
2003-08-28,0.5494,0.6649,-0.7488,-0.1843,0.1437,중립(Neutral),0.5,0.5,1148.5
2003-08-29,0.5918,0.8179,-0.6119,-0.2182,0.2259,확장(Risk-On),1.0,0.5,1155.0
2003-09-02,0.7865,1.2275,-0.7423,-0.3315,0.3468,확장(Risk-On),1.0,1.0,1169.25
2003-09-03,1.1002,0.9742,-0.8403,-0.4729,0.3476,확장(Risk-On),1.0,1.0,1174.25
2003-09-04,1.1219,0.8965,-0.839,-0.3031,0.3616,확장(Risk-On),1.0,1.0,1175.5
2003-09-05,0.9067,0.8537,-0.7082,0.0472,0.3608,확장(Risk-On),1.0,1.0,1169.5
2003-09-08,1.049,0.7719,-0.6776,-0.0175,0.3881,확장(Risk-On),1.0,1.0,1177.75
2003-09-09,0.9127,0.3836,-0.6872,-0.0098,0.2421,확장(Risk-On),1.0,1.0,1171.25
2003-09-10,0.7652,0.1424,-0.7827,0.0334,0.1127,중립(Neutral),0.5,1.0,1160.75
2003-09-11,0.7778,0.3689,-0.5293,-0.0082,0.2309,확장(Risk-On),1.0,1.0,1164.0
2003-09-12,0.7911,0.401,-0.3689,0.0025,0.2853,확장(Risk-On),1.0,1.0,1165.25
2003-09-15,0.7517,0.3583,-0.3369,-0.017,0.2659,확장(Risk-On),1.0,1.0,1161.25
2003-09-16,0.9301,0.6507,-0.3852,-0.0392,0.386,확장(Risk-On),1.0,1.0,1176.5
2003-09-17,0.8442,0.579,-0.3428,0.0516,0.3623,확장(Risk-On),1.0,1.0,1174.25
2003-09-18,1.2016,0.6114,-0.2865,0.035,0.507,확장(Risk-On),1.0,1.0,1186.0
2003-09-19,1.1427,0.7095,-0.1519,0.0577,0.548,확장(Risk-On),1.0,1.0,1181.75
2003-09-22,0.96,0.4505,-0.2446,0.0577,0.3961,확장(Risk-On),1.0,1.0,1170.0
2003-09-23,1.0251,0.4371,-0.2038,0.0307,0.4217,확장(Risk-On),1.0,1.0,1174.25
2003-09-24,0.7654,-0.0551,-0.4671,0.0535,0.1454,중립(Neutral),0.5,1.0,1156.0
2003-09-25,0.6491,-0.3177,-0.4003,0.0798,0.0597,중립(Neutral),0.5,1.0,1146.5
2003-09-26,0.5518,-0.3621,-0.3476,0.1429,0.0372,중립(Neutral),0.5,1.0,1143.25
2003-09-29,0.5843,-0.3355,-0.2816,0.1446,0.0719,중립(Neutral),0.5,1.0,1153.0
2003-09-30,0.5225,-0.6098,-0.3956,0.1921,-0.0397,중립(Neutral),0.5,1.0,1142.75
2003-10-01,0.6658,-0.1663,-0.1475,0.1789,0.1814,중립(Neutral),0.5,0.5,1165.25
2003-10-02,0.4971,-0.0623,-0.0198,0.1454,0.1753,중립(Neutral),0.5,0.5,1168.25
2003-10-03,0.5969,0.1968,0.2423,0.0434,0.3252,확장(Risk-On),1.0,0.5,1177.25
2003-10-06,0.6581,0.1351,0.3199,0.0873,0.3572,확장(Risk-On),1.0,0.5,1182.25
2003-10-07,0.7575,0.1903,0.3427,0.0404,0.4044,확장(Risk-On),1.0,0.5,1186.0
2003-10-08,0.6971,0.3241,0.4631,0.0561,0.4492,확장(Risk-On),1.0,0.5,1183.75
2003-10-09,0.8278,0.4292,0.7163,-0.0151,0.5738,확장(Risk-On),1.0,0.5,1187.25
2003-10-10,0.808,0.3578,0.6905,0.0,0.5449,확장(Risk-On),1.0,0.5,1189.25
2003-10-13,0.9327,0.5576,0.7784,0.0057,0.6613,확장(Risk-On),1.0,0.5,1193.25
2003-10-14,1.0843,0.5056,0.6974,-0.0632,0.6708,확장(Risk-On),1.0,0.5,1196.25
2003-10-15,0.8877,0.4902,0.6519,-0.2939,0.5521,확장(Risk-On),1.0,0.5,1193.25
2003-10-16,1.0141,0.5958,0.8663,-0.4311,0.6558,확장(Risk-On),1.0,0.5,1198.0
2003-10-17,0.6901,0.3293,0.5616,-0.2737,0.4232,확장(Risk-On),1.0,0.5,1186.5
2003-10-20,0.8788,0.61,0.6675,-0.1827,0.5995,확장(Risk-On),1.0,0.5,1194.0
2003-10-21,0.9775,0.6356,0.5769,-0.2509,0.6076,확장(Risk-On),1.0,0.5,1192.25
2003-10-22,0.6211,0.5332,0.5427,-0.219,0.4535,확장(Risk-On),1.0,0.5,1179.25
2003-10-23,0.7326,0.5303,0.612,-0.3271,0.4929,확장(Risk-On),1.0,0.5,1177.25
2003-10-24,0.8589,0.5366,0.4924,-0.231,0.5232,확장(Risk-On),1.0,0.5,1178.75
2003-10-27,0.8976,0.5272,0.4616,-0.3026,0.516,확장(Risk-On),1.0,0.5,1179.5
2003-10-28,1.0476,0.9355,0.7978,-0.3232,0.7515,확장(Risk-On),1.0,0.5,1193.5
2003-10-29,1.2944,0.9541,0.7255,-0.5333,0.793,확장(Risk-On),1.0,0.5,1195.0
2003-10-30,1.1562,0.9764,0.7015,-0.5677,0.739,확장(Risk-On),1.0,0.5,1197.25
2003-10-31,1.301,0.8538,0.6802,-0.2592,0.8,확장(Risk-On),1.0,0.5,1198.25
2003-11-03,1.2476,0.7906,0.707,-0.4823,0.7387,확장(Risk-On),1.0,1.0,1203.0
2003-11-04,1.1149,0.7185,0.6099,-0.2871,0.6793,확장(Risk-On),1.0,1.0,1201.0
2003-11-05,1.0405,0.5852,0.6535,-0.4198,0.6109,확장(Risk-On),1.0,1.0,1202.25
2003-11-06,1.1155,0.5919,0.7753,-0.4638,0.6627,확장(Risk-On),1.0,1.0,1207.25
2003-11-07,0.8993,0.5004,0.6628,-0.6171,0.513,확장(Risk-On),1.0,1.0,1199.25
2003-11-10,0.8414,0.245,0.5707,-0.6305,0.4038,확장(Risk-On),1.0,1.0,1195.0
2003-11-11,0.7193,0.2748,0.5798,-0.4798,0.3934,확장(Risk-On),1.0,1.0,1194.5
2003-11-12,0.8217,0.4493,0.7383,-0.3427,0.5331,확장(Risk-On),1.0,1.0,1205.75
2003-11-13,0.8419,0.3076,0.8048,-0.3024,0.5274,확장(Risk-On),1.0,1.0,1206.75
2003-11-14,0.6087,0.2705,0.9265,-0.251,0.4746,확장(Risk-On),1.0,1.0,1197.75
2003-11-17,0.6896,-0.1647,0.9147,-0.1814,0.4017,확장(Risk-On),1.0,1.0,1192.25
2003-11-18,0.3288,-0.3513,0.8798,-0.2306,0.2126,확장(Risk-On),1.0,1.0,1181.5
2003-11-19,0.5376,-0.1346,1.0873,-0.2941,0.3822,확장(Risk-On),1.0,1.0,1189.75
2003-11-20,0.496,-0.2985,0.9349,-0.2245,0.299,확장(Risk-On),1.0,1.0,1180.75
2003-11-21,0.5822,-0.2421,0.8939,-0.207,0.3357,확장(Risk-On),1.0,1.0,1185.0
2003-11-24,0.8096,0.1524,0.9136,-0.2958,0.5055,확장(Risk-On),1.0,1.0,1198.25
2003-11-25,0.8704,-0.0352,0.9132,-0.3449,0.4724,확장(Risk-On),1.0,1.0,1202.0
2003-11-26,0.7955,0.0504,0.9281,-0.3685,0.4678,확장(Risk-On),1.0,1.0,1205.5
2003-11-28,0.7569,0.2581,0.9395,-0.5132,0.4874,확장(Risk-On),1.0,1.0,1206.5
2003-12-01,0.8767,0.2725,0.7545,-0.4967,0.4891,확장(Risk-On),1.0,1.0,1217.75
2003-12-02,0.7954,0.3799,0.9165,-0.476,0.5311,확장(Risk-On),1.0,1.0,1215.75
2003-12-03,0.8263,0.4906,0.9855,-0.4235,0.5947,확장(Risk-On),1.0,1.0,1213.75
2003-12-04,0.8879,0.4678,0.9765,-0.3754,0.6155,확장(Risk-On),1.0,1.0,1218.25
2003-12-05,0.6778,0.2502,0.7604,-0.2269,0.4559,확장(Risk-On),1.0,1.0,1211.0
2003-12-08,0.9479,0.5191,0.8932,-0.3152,0.6375,확장(Risk-On),1.0,1.0,1217.75
2003-12-09,0.865,0.2304,0.7877,-0.3985,0.4975,확장(Risk-On),1.0,1.0,1209.25
2003-12-10,0.887,0.1379,0.786,-0.2999,0.4965,확장(Risk-On),1.0,1.0,1209.5
2003-12-11,0.9746,0.2314,0.7387,-0.1361,0.5632,확장(Risk-On),1.0,1.0,1221.0
2003-12-12,0.9098,0.3857,0.7762,-0.1337,0.5888,확장(Risk-On),1.0,1.0,1222.5
2003-12-15,0.952,0.455,0.8201,-0.2507,0.6143,확장(Risk-On),1.0,1.0,1217.5
2003-12-16,1.0489,0.719,0.835,-0.1725,0.7297,확장(Risk-On),1.0,1.0,1223.5
2003-12-17,1.361,0.9331,1.0602,-0.1268,0.9557,확장(Risk-On),1.0,1.0,1226.25
2003-12-18,1.5658,1.0402,1.2144,-0.0511,1.104,확장(Risk-On),1.0,1.0,1238.5
2003-12-19,1.5718,0.9867,1.1621,-0.0455,1.0805,확장(Risk-On),1.0,1.0,1235.5
2003-12-22,1.7025,0.7018,1.1,-0.0306,1.0417,확장(Risk-On),1.0,1.0,1242.75
2003-12-23,1.6697,0.9299,1.2281,-0.1115,1.1072,확장(Risk-On),1.0,1.0,1243.5
2003-12-24,1.7344,0.689,1.0374,-0.0395,1.0327,확장(Risk-On),1.0,1.0,1243.0
2003-12-26,1.6486,0.4558,0.9489,-0.0315,0.9235,확장(Risk-On),1.0,1.0,1243.5
2003-12-29,2.028,0.4775,0.7587,-0.1254,1.0,확장(Risk-On),1.0,1.0,1257.75
2003-12-30,1.8238,0.4521,0.6803,-0.0951,0.9072,확장(Risk-On),1.0,1.0,1257.75
2003-12-31,1.7294,0.2024,0.7676,0.0408,0.8539,확장(Risk-On),1.0,1.0,1260.5
2004-01-02,1.6623,0.3565,0.7293,-0.0146,0.851,확장(Risk-On),1.0,1.0,1259.0
2004-01-05,1.8444,0.4549,0.6895,-0.012,0.9299,확장(Risk-On),1.0,1.0,1270.0
2004-01-06,1.8382,0.6513,0.7636,0.0755,1.0084,확장(Risk-On),1.0,1.0,1272.0
2004-01-07,2.024,0.7846,0.7152,0.2187,1.1161,확장(Risk-On),1.0,1.0,1275.5
2004-01-08,2.0514,0.8297,0.8561,0.2022,1.1698,확장(Risk-On),1.0,1.0,1279.5
2004-01-09,1.8966,0.4629,0.795,0.2833,1.0208,확장(Risk-On),1.0,1.0,1270.0
2004-01-12,2.0702,0.2827,0.7666,0.3242,1.0355,확장(Risk-On),1.0,1.0,1278.25
2004-01-13,1.8508,0.0927,0.8499,0.3725,0.9393,확장(Risk-On),1.0,1.0,1271.25
2004-01-14,2.0296,0.4124,0.9213,0.4628,1.1132,확장(Risk-On),1.0,1.0,1281.25
2004-01-15,2.1735,0.5096,1.2562,0.5271,1.2812,확장(Risk-On),1.0,1.0,1283.25
2004-01-16,2.4218,0.8056,1.2863,0.4703,1.4412,확장(Risk-On),1.0,1.0,1288.0
2004-01-20,2.1558,0.9324,1.3366,0.5756,1.4081,확장(Risk-On),1.0,1.0,1287.5
2004-01-21,2.4737,1.1371,1.4872,0.4978,1.5965,확장(Risk-On),1.0,1.0,1296.0
2004-01-22,2.4079,0.951,1.414,0.6216,1.5273,확장(Risk-On),1.0,1.0,1294.0
2004-01-23,2.2867,0.9109,1.3415,0.4358,1.4288,확장(Risk-On),1.0,1.0,1290.25
2004-01-26,2.5207,1.0929,1.3452,0.3735,1.5478,확장(Risk-On),1.0,1.0,1304.25
2004-01-27,2.1317,0.7896,1.325,0.4065,1.3357,확장(Risk-On),1.0,1.0,1292.5
2004-01-28,1.6422,0.5193,1.0749,0.3401,1.0243,확장(Risk-On),1.0,1.0,1279.25
2004-01-29,1.682,0.5701,1.2012,0.3371,1.0821,확장(Risk-On),1.0,1.0,1280.25
2004-01-30,1.6242,0.5667,1.2494,0.5226,1.1009,확장(Risk-On),1.0,1.0,1280.0
2004-02-02,1.7203,0.3793,1.3104,0.5382,1.1053,확장(Risk-On),1.0,1.0,1284.5
2004-02-03,1.6497,0.253,1.4243,0.5409,1.0779,확장(Risk-On),1.0,1.0,1283.0
2004-02-04,1.4127,0.0088,1.3438,0.4971,0.9072,확장(Risk-On),1.0,1.0,1274.0
2004-02-05,1.3397,0.1049,1.4785,0.3766,0.9213,확장(Risk-On),1.0,1.0,1276.5
2004-02-06,1.5866,0.4865,1.4835,0.4908,1.1215,확장(Risk-On),1.0,1.0,1289.0
2004-02-09,1.6885,0.493,1.3601,0.5841,1.1419,확장(Risk-On),1.0,1.0,1290.0
2004-02-10,1.7162,0.8501,1.5843,0.412,1.2711,확장(Risk-On),1.0,1.0,1293.25
2004-02-11,1.9687,0.8982,1.6506,0.6175,1.4189,확장(Risk-On),1.0,1.0,1305.25
2004-02-12,1.7853,0.874,1.6637,0.5296,1.3387,확장(Risk-On),1.0,1.0,1301.0
2004-02-13,1.7535,0.6051,1.5075,0.6347,1.2371,확장(Risk-On),1.0,1.0,1295.75
2004-02-17,1.997,0.8145,1.6489,0.567,1.3998,확장(Risk-On),1.0,1.0,1306.5
2004-02-18,1.8725,0.5224,1.5967,0.572,1.271,확장(Risk-On),1.0,1.0,1301.25
2004-02-19,1.7597,0.4904,1.4084,0.6945,1.1948,확장(Risk-On),1.0,1.0,1297.25
2004-02-20,1.6917,0.4033,1.3685,0.6444,1.1317,확장(Risk-On),1.0,1.0,1293.75
2004-02-23,1.5803,0.266,1.3279,0.6071,1.0426,확장(Risk-On),1.0,1.0,1290.0
2004-02-24,1.3726,0.3208,1.2514,0.499,0.9483,확장(Risk-On),1.0,1.0,1288.5
2004-02-25,1.5705,0.5617,1.2859,0.5253,1.0904,확장(Risk-On),1.0,1.0,1293.0
2004-02-26,1.7245,0.6686,1.1745,0.4913,1.138,확장(Risk-On),1.0,1.0,1293.25
2004-02-27,1.7305,0.6249,1.181,0.4548,1.1254,확장(Risk-On),1.0,1.0,1294.5
2004-03-01,1.8413,0.7774,1.2128,0.4914,1.2157,확장(Risk-On),1.0,1.0,1305.5
2004-03-02,1.6928,0.8765,1.1009,0.4194,1.1498,확장(Risk-On),1.0,1.0,1299.0
2004-03-03,1.757,0.9313,0.935,0.392,1.1403,확장(Risk-On),1.0,1.0,1300.75
2004-03-04,1.9071,0.9411,1.1724,0.4656,1.2657,확장(Risk-On),1.0,1.0,1304.25
2004-03-05,1.9739,0.6814,1.1837,0.5213,1.2354,확장(Risk-On),1.0,1.0,1307.75
2004-03-08,1.4416,0.3249,0.9147,0.576,0.9009,확장(Risk-On),1.0,1.0,1294.0
2004-03-09,1.3627,0.047,0.8266,0.5918,0.7841,확장(Risk-On),1.0,1.0,1289.5
2004-03-10,0.8639,-0.4769,0.5665,0.6231,0.4182,확장(Risk-On),1.0,1.0,1270.25
2004-03-11,0.3235,-0.8875,0.3459,0.606,0.0687,중립(Neutral),0.5,1.0,1255.5
2004-03-12,0.6792,-0.371,0.4788,0.5407,0.3458,확장(Risk-On),1.0,1.0,1269.25
2004-03-15,0.4955,-0.8599,0.2327,0.513,0.0936,중립(Neutral),0.5,1.0,1256.25
2004-03-16,0.5671,-0.7588,0.2879,0.4972,0.1554,중립(Neutral),0.5,1.0,1261.5
2004-03-17,0.6604,-0.4092,0.2247,0.5288,0.2643,확장(Risk-On),1.0,1.0,1273.75
2004-03-18,0.6643,-0.4847,0.3118,0.3838,0.2469,확장(Risk-On),1.0,1.0,1274.25
2004-03-19,0.4671,-0.5589,0.0586,0.3637,0.093,중립(Neutral),0.5,1.0,1258.5
2004-03-22,0.1916,-0.9329,-0.0475,0.4694,-0.1076,중립(Neutral),0.5,1.0,1244.5
2004-03-23,0.1389,-1.0009,-0.2268,0.63,-0.1638,중립(Neutral),0.5,1.0,1242.5
2004-03-24,0.1701,-0.9903,-0.2463,0.5904,-0.1611,중립(Neutral),0.5,1.0,1242.75
2004-03-25,0.3501,-0.6428,-0.2361,0.6452,-0.0004,중립(Neutral),0.5,1.0,1257.25
2004-03-26,0.2786,-0.5968,-0.3313,0.5573,-0.0509,중립(Neutral),0.5,1.0,1257.25
2004-03-29,0.5174,-0.4377,-0.1358,0.5686,0.123,중립(Neutral),0.5,1.0,1273.0
2004-03-30,0.5048,-0.2864,-0.2141,0.5305,0.1312,중립(Neutral),0.5,1.0,1277.25
2004-03-31,0.541,-0.4206,-0.2104,0.5826,0.119,중립(Neutral),0.5,1.0,1276.25
2004-04-01,0.6136,-0.3395,-0.1699,0.5981,0.1771,중립(Neutral),0.5,0.5,1284.75
2004-04-02,0.6686,0.2109,-0.1011,-0.0878,0.2483,확장(Risk-On),1.0,0.5,1293.25
2004-04-05,0.705,0.4455,-0.0805,-0.2899,0.2945,확장(Risk-On),1.0,0.5,1299.5
2004-04-06,0.7896,0.4806,-0.0495,-0.3095,0.3377,확장(Risk-On),1.0,0.5,1296.0
2004-04-07,0.8134,0.5276,-0.1573,-0.2907,0.3337,확장(Risk-On),1.0,0.5,1293.5
2004-04-08,0.8959,0.6032,-0.321,-0.3564,0.3307,확장(Risk-On),1.0,0.5,1290.75
2004-04-12,0.9175,0.7665,-0.2511,-0.4344,0.3848,확장(Risk-On),1.0,0.5,1295.25
2004-04-13,0.719,0.3834,-0.3148,-0.8952,0.1345,중립(Neutral),0.5,0.5,1279.5
2004-04-14,0.6996,0.4468,-0.3495,-0.9472,0.1271,중립(Neutral),0.5,0.5,1281.0
2004-04-15,0.5432,0.5024,-0.4517,-0.9411,0.0616,중립(Neutral),0.5,0.5,1276.25
2004-04-16,0.6439,0.6252,-0.2619,-0.6903,0.2127,확장(Risk-On),1.0,0.5,1285.25
2004-04-19,0.745,0.6349,-0.3686,-0.8189,0.2045,확장(Risk-On),1.0,0.5,1285.0
2004-04-20,0.5467,0.426,-0.467,-0.9653,0.0363,중립(Neutral),0.5,0.5,1265.75
2004-04-21,0.7215,0.5382,-0.2001,-1.0075,0.1859,중립(Neutral),0.5,0.5,1273.75
2004-04-22,0.8287,0.5798,-0.2075,-0.8773,0.2515,확장(Risk-On),1.0,0.5,1288.0
2004-04-23,0.8092,0.7449,-0.2328,-0.8761,0.2798,확장(Risk-On),1.0,0.5,1290.75
2004-04-26,0.8311,0.5251,-0.2664,-0.7218,0.2473,확장(Risk-On),1.0,0.5,1289.25
2004-04-27,0.7056,0.4891,-0.33,-0.5927,0.1979,중립(Neutral),0.5,0.5,1289.25
2004-04-28,0.4564,0.3532,-0.2428,-0.8738,0.0563,중립(Neutral),0.5,0.5,1274.75
2004-04-29,0.2641,0.2423,-0.3514,-0.8891,-0.0682,중립(Neutral),0.5,0.5,1265.25
2004-04-30,0.049,0.0296,-0.4827,-0.3875,-0.1542,중립(Neutral),0.5,0.5,1257.25
2004-05-03,0.1792,0.1234,-0.3855,-0.3708,-0.0584,중립(Neutral),0.5,0.5,1267.25
2004-05-04,0.1139,0.1322,-0.4146,-0.5868,-0.1188,중립(Neutral),0.5,0.5,1266.75
2004-05-05,0.1714,0.3371,-0.4265,-0.7274,-0.0715,중립(Neutral),0.5,0.5,1273.25
2004-05-06,0.051,0.1775,-0.3897,-0.762,-0.1495,중립(Neutral),0.5,0.5,1264.25
2004-05-07,-0.1573,0.1149,-0.4975,-1.1018,-0.316,수축(Risk-Off),0.0,0.5,1246.75
2004-05-10,-0.3826,-0.2191,-0.629,-1.0837,-0.5085,수축(Risk-Off),0.0,0.5,1234.75
2004-05-11,-0.2758,0.0455,-0.6132,-0.8514,-0.3662,수축(Risk-Off),0.0,0.5,1243.5
2004-05-12,-0.0473,0.0536,-0.481,-0.7683,-0.2386,수축(Risk-Off),0.0,0.5,1250.0
2004-05-13,-0.1374,-0.0013,-0.4919,-0.8843,-0.3041,수축(Risk-Off),0.0,0.5,1245.0
2004-05-14,-0.1342,-0.0678,-0.5104,-0.7576,-0.3052,수축(Risk-Off),0.0,0.5,1246.0
2004-05-17,-0.3579,-0.2734,-0.4884,-0.4724,-0.3866,수축(Risk-Off),0.0,0.5,1236.75
2004-05-18,-0.2719,-0.0416,-0.4088,-0.4278,-0.2719,수축(Risk-Off),0.0,0.5,1241.5
2004-05-19,-0.1489,-0.0579,-0.5298,-0.5021,-0.2743,수축(Risk-Off),0.0,0.5,1238.0
2004-05-20,-0.1715,-0.1407,-0.4556,-0.4372,-0.2747,수축(Risk-Off),0.0,0.5,1241.75
2004-05-21,-0.2595,-0.0897,-0.4605,-0.3571,-0.2819,수축(Risk-Off),0.0,0.5,1243.75
2004-05-24,-0.2549,-0.0439,-0.5107,-0.3741,-0.284,수축(Risk-Off),0.0,0.5,1247.75
2004-05-25,-0.0358,0.3207,-0.2475,-0.5134,-0.0712,중립(Neutral),0.5,0.5,1263.75
2004-05-26,-0.0005,0.3563,-0.1678,-0.2119,0.0152,중립(Neutral),0.5,0.5,1267.25
2004-05-27,0.168,0.4571,-0.1879,0.0766,0.1376,중립(Neutral),0.5,0.5,1274.0
2004-05-28,0.2594,0.6535,-0.2263,-0.1609,0.1734,중립(Neutral),0.5,0.5,1271.5
2004-06-01,0.1927,0.6966,-0.0818,-0.2669,0.1811,중립(Neutral),0.5,0.5,1272.5
2004-06-02,0.2445,0.797,0.2249,-0.2675,0.3009,확장(Risk-On),1.0,0.5,1276.75
2004-06-03,0.1223,0.7587,0.2568,-0.1896,0.2682,확장(Risk-On),1.0,0.5,1266.25
2004-06-04,0.3018,0.8799,0.1883,-0.1975,0.343,확장(Risk-On),1.0,0.5,1274.5
2004-06-07,0.8027,1.3329,0.4452,-0.2036,0.6949,확장(Risk-On),1.0,0.5,1291.5
2004-06-08,1.007,1.347,0.4388,-0.215,0.7667,확장(Risk-On),1.0,0.5,1293.25
2004-06-09,0.7398,1.1818,0.3597,-0.2269,0.6103,확장(Risk-On),1.0,0.5,1282.75
2004-06-10,0.8301,1.2513,0.305,-0.1303,0.6601,확장(Risk-On),1.0,0.5,1287.75
2004-06-11,0.8987,1.281,0.441,-0.197,0.7155,확장(Risk-On),1.0,0.5,1287.75
2004-06-14,0.6609,1.388,0.5219,-0.531,0.6291,확장(Risk-On),1.0,0.5,1277.0
2004-06-15,0.892,1.363,0.6592,-0.0783,0.806,확장(Risk-On),1.0,0.5,1285.25
2004-06-16,0.8885,1.3988,0.6412,-0.0852,0.8082,확장(Risk-On),1.0,0.5,1284.5
2004-06-17,1.0053,1.2109,0.5093,-0.073,0.771,확장(Risk-On),1.0,0.5,1282.5
2004-06-18,1.0312,1.187,0.6151,-0.0007,0.8113,확장(Risk-On),1.0,0.5,1285.5
2004-06-21,0.9386,0.9592,0.3555,0.0191,0.66,확장(Risk-On),1.0,0.5,1280.75
2004-06-22,0.8909,0.9327,0.3634,-0.0713,0.6252,확장(Risk-On),1.0,0.5,1286.5
2004-06-23,0.9167,1.0875,0.4571,-0.0901,0.6934,확장(Risk-On),1.0,0.5,1295.5
2004-06-24,0.7628,0.7464,0.2708,-0.0536,0.5132,확장(Risk-On),1.0,0.5,1292.75
2004-06-25,0.5275,0.4908,0.2036,-0.2064,0.3273,확장(Risk-On),1.0,0.5,1286.75
2004-06-28,0.4848,0.3137,0.1785,-0.3119,0.246,확장(Risk-On),1.0,0.5,1283.25
2004-06-29,0.5249,0.5258,0.2889,-0.2976,0.3427,확장(Risk-On),1.0,0.5,1287.25
2004-06-30,0.583,0.6536,0.3653,-0.2404,0.4227,확장(Risk-On),1.0,0.5,1292.0
2004-07-01,0.2398,0.4826,0.2668,-0.2023,0.2409,확장(Risk-On),1.0,1.0,1277.75
2004-07-02,0.3295,0.3956,0.3216,-0.0821,0.2823,확장(Risk-On),1.0,1.0,1277.25
2004-07-06,-0.0285,-0.0324,0.3544,-0.068,0.0603,중립(Neutral),0.5,1.0,1266.5
2004-07-07,0.0438,0.0463,0.2204,-0.0818,0.0697,중립(Neutral),0.5,1.0,1269.5
2004-07-08,-0.0327,-0.0767,0.1155,-0.1327,-0.0216,중립(Neutral),0.5,1.0,1262.25
2004-07-09,0.0715,-0.0139,0.02,-0.0465,0.0196,중립(Neutral),0.5,1.0,1264.25
2004-07-12,0.0533,0.1903,0.0453,0.0152,0.0798,중립(Neutral),0.5,1.0,1265.0
2004-07-13,0.1973,0.2814,0.2455,-0.0611,0.1916,중립(Neutral),0.5,1.0,1265.75
2004-07-14,0.0345,0.3065,0.123,0.0507,0.127,중립(Neutral),0.5,1.0,1262.75
2004-07-15,-0.147,0.0884,-0.0314,0.0364,-0.0317,중립(Neutral),0.5,1.0,1255.0
2004-07-16,-0.0226,-0.0452,0.0275,0.0887,0.001,중립(Neutral),0.5,1.0,1254.25
2004-07-19,-0.1582,-0.1605,-0.0191,0.0943,-0.0861,중립(Neutral),0.5,1.0,1250.25
2004-07-20,0.0585,0.1019,0.104,-0.0281,0.0677,중립(Neutral),0.5,1.0,1263.5
2004-07-21,-0.3934,-0.3503,-0.1343,-0.0386,-0.2646,수축(Risk-Off),0.0,1.0,1242.0
2004-07-22,-0.3901,-0.1578,0.0052,0.0246,-0.171,중립(Neutral),0.5,1.0,1245.25
2004-07-23,-0.5109,-0.2326,-0.0341,-0.0326,-0.2504,수축(Risk-Off),0.0,1.0,1237.0
2004-07-26,-0.3688,-0.3243,-0.1108,-0.0785,-0.2496,수축(Risk-Off),0.0,1.0,1234.5
2004-07-27,-0.127,-0.1418,-0.0775,-0.1297,-0.1187,중립(Neutral),0.5,1.0,1244.0
2004-07-28,-0.0947,-0.2412,-0.1929,-0.1849,-0.1694,중립(Neutral),0.5,1.0,1247.0
2004-07-29,-0.1209,-0.0486,-0.0596,-0.1519,-0.0922,중립(Neutral),0.5,1.0,1251.75
2004-07-30,0.0231,-0.1161,0.0373,-0.1204,-0.0297,중립(Neutral),0.5,1.0,1252.5
2004-08-02,0.0504,-0.0327,0.2607,-0.1039,0.059,중립(Neutral),0.5,0.5,1257.0
2004-08-03,-0.0382,-0.1383,0.0878,-0.0799,-0.038,중립(Neutral),0.5,0.5,1248.75
2004-08-04,0.1621,-0.2592,-0.0195,-0.0833,-0.0254,중립(Neutral),0.5,0.5,1248.5
2004-08-05,-0.1525,-0.6858,-0.0776,-0.0648,-0.2539,수축(Risk-Off),0.0,0.5,1230.0
2004-08-06,-0.4145,-1.0145,-0.1703,0.1203,-0.4232,수축(Risk-Off),0.0,0.5,1215.0
2004-08-09,-0.4725,-0.8917,-0.1882,0.0562,-0.4269,수축(Risk-Off),0.0,0.5,1215.75
2004-08-10,-0.2226,-0.6679,-0.1265,0.0047,-0.2758,수축(Risk-Off),0.0,0.5,1227.75
2004-08-11,-0.2524,-0.8645,-0.0498,0.0087,-0.3156,수축(Risk-Off),0.0,0.5,1227.25
2004-08-12,-0.3529,-0.984,-0.1813,0.0478,-0.4077,수축(Risk-Off),0.0,0.5,1215.25
2004-08-13,-0.2666,-0.911,-0.1116,0.0376,-0.3433,수축(Risk-Off),0.0,0.5,1217.75
2004-08-16,-0.0505,-0.6905,-0.0922,0.0191,-0.2105,수축(Risk-Off),0.0,0.5,1229.0
2004-08-17,0.0609,-0.796,-0.2635,0.1047,-0.2279,수축(Risk-Off),0.0,0.5,1234.5
2004-08-18,0.1104,-0.348,-0.2222,0.0932,-0.0899,중립(Neutral),0.5,0.5,1246.0
2004-08-19,0.2157,-0.5403,-0.3256,0.0766,-0.1295,중립(Neutral),0.5,0.5,1242.75
2004-08-20,0.2279,-0.3043,-0.3568,-0.1079,-0.1017,중립(Neutral),0.5,0.5,1250.25
2004-08-23,0.2042,-0.1889,-0.4277,-0.1876,-0.1108,중립(Neutral),0.5,0.5,1247.75
2004-08-24,0.1995,-0.1966,-0.3491,-0.2235,-0.1001,중립(Neutral),0.5,0.5,1249.0
2004-08-25,0.2288,-0.2025,-0.5116,-0.2008,-0.1286,중립(Neutral),0.5,0.5,1255.25
2004-08-26,0.2333,-0.1834,-0.434,-0.1677,-0.0979,중립(Neutral),0.5,0.5,1256.0
2004-08-27,0.2284,-0.2665,-0.43,-0.1628,-0.1186,중립(Neutral),0.5,0.5,1259.75
2004-08-30,0.0556,-0.5476,-0.7551,-0.1203,-0.3243,수축(Risk-Off),0.0,0.5,1250.5
2004-08-31,0.1901,-0.4796,-0.6679,-0.1387,-0.2412,수축(Risk-Off),0.0,0.5,1255.5
2004-09-01,0.268,-0.374,-0.5338,-0.1256,-0.152,중립(Neutral),0.5,0.0,1258.25
2004-09-02,0.3954,0.0527,-0.4149,-0.1175,0.0302,중립(Neutral),0.5,0.0,1271.0
2004-09-03,0.4832,0.2704,-0.3587,-0.2196,0.1141,중립(Neutral),0.5,0.0,1266.0
2004-09-07,0.7657,0.14,-0.2337,-0.2102,0.2131,확장(Risk-On),1.0,0.0,1273.75
2004-09-08,0.5514,0.0784,-0.1809,-0.1356,0.147,중립(Neutral),0.5,0.0,1270.25
2004-09-09,0.606,0.2431,-0.1201,-0.1381,0.2221,확장(Risk-On),1.0,0.0,1269.0
2004-09-10,0.8107,0.1641,-0.0545,-0.0291,0.3068,확장(Risk-On),1.0,0.0,1274.75
2004-09-13,0.8602,0.2793,-0.0701,0.0291,0.3577,확장(Risk-On),1.0,0.0,1279.25
2004-09-14,0.8489,0.1075,-0.0555,0.0547,0.3183,확장(Risk-On),1.0,0.0,1281.0
2004-09-15,0.6376,-0.222,-0.3256,-0.0429,0.0798,중립(Neutral),0.5,0.0,1271.75
2004-09-16,0.6286,-0.0913,-0.1902,0.0958,0.164,중립(Neutral),0.5,0.0,1275.5
2004-09-17,0.6834,-0.0183,-0.0854,0.2668,0.2533,확장(Risk-On),1.0,0.0,1280.0
2004-09-20,0.4636,-0.2599,-0.1755,0.3918,0.1122,중립(Neutral),0.5,0.0,1273.25
2004-09-21,0.5299,-0.1479,-0.2383,0.3579,0.1426,중립(Neutral),0.5,0.0,1278.25
2004-09-22,0.2786,-0.4416,-0.4008,0.3932,-0.0541,중립(Neutral),0.5,0.0,1264.0
2004-09-23,0.1156,-0.3353,-0.317,0.3753,-0.0663,중립(Neutral),0.5,0.0,1258.25
2004-09-24,0.1483,-0.1584,-0.3211,0.3844,-0.0103,중립(Neutral),0.5,0.0,1262.5
2004-09-27,-0.037,-0.2056,-0.3583,0.4351,-0.0887,중립(Neutral),0.5,0.0,1256.25
2004-09-28,0.2203,-0.0001,-0.3965,0.5279,0.0571,중립(Neutral),0.5,0.0,1260.75
2004-09-29,0.2635,0.1671,-0.3088,0.4814,0.129,중립(Neutral),0.5,0.0,1266.25
2004-09-30,0.2286,0.144,-0.1484,0.4732,0.1499,중립(Neutral),0.5,0.0,1266.0
2004-10-01,0.4637,0.369,-0.0613,0.362,0.2935,확장(Risk-On),1.0,0.5,1284.25
2004-10-04,0.5249,0.2575,-0.0586,0.3981,0.2932,확장(Risk-On),1.0,0.5,1286.5
2004-10-05,0.5893,0.1411,-0.1268,0.4443,0.2765,확장(Risk-On),1.0,0.5,1287.5
2004-10-06,0.6004,0.3525,-0.0687,0.3173,0.3287,확장(Risk-On),1.0,0.5,1293.75
2004-10-07,0.4604,0.1242,-0.0985,0.252,0.2054,확장(Risk-On),1.0,0.5,1282.5
2004-10-08,0.2813,-0.0325,-0.1704,0.5209,0.1259,중립(Neutral),0.5,0.5,1273.0
2004-10-11,0.3174,0.0083,-0.1103,0.505,0.1614,중립(Neutral),0.5,0.5,1277.0
2004-10-12,0.2981,-0.2214,-0.2001,0.5179,0.0766,중립(Neutral),0.5,0.5,1273.5
2004-10-13,0.12,-0.1709,-0.036,0.6083,0.0815,중립(Neutral),0.5,0.5,1263.25
2004-10-14,0.0593,-0.4769,-0.2357,0.7041,-0.0518,중립(Neutral),0.5,0.5,1254.0
2004-10-15,0.042,-0.1265,-0.0253,0.6256,0.0706,중립(Neutral),0.5,0.5,1259.25
2004-10-18,0.1656,-0.0136,0.1017,0.6298,0.1745,중립(Neutral),0.5,0.5,1264.0
2004-10-19,0.0365,-0.4031,-0.0922,0.6796,-0.0091,중립(Neutral),0.5,0.5,1254.5
2004-10-20,-0.0037,-0.2807,-0.0454,0.7593,0.031,중립(Neutral),0.5,0.5,1252.75
2004-10-21,0.2538,-0.1885,-0.0905,0.7805,0.1361,중립(Neutral),0.5,0.5,1258.75
2004-10-22,0.0302,-0.3949,-0.0874,0.9893,0.0384,중립(Neutral),0.5,0.5,1247.0
2004-10-25,-0.0344,-0.6112,-0.0968,0.999,-0.0392,중립(Neutral),0.5,0.5,1246.25
2004-10-26,0.2763,-0.4946,0.1494,0.9725,0.1563,중립(Neutral),0.5,0.5,1262.5
2004-10-27,0.4363,-0.2806,0.234,0.8677,0.2712,확장(Risk-On),1.0,0.5,1275.75
2004-10-28,0.4524,-0.0886,0.465,0.9234,0.3909,확장(Risk-On),1.0,0.5,1278.5
2004-10-29,0.5822,-0.1104,0.5271,1.0277,0.4621,확장(Risk-On),1.0,0.5,1281.25
2004-11-01,0.4139,-0.0105,0.5825,0.8574,0.4165,확장(Risk-On),1.0,1.0,1281.75
2004-11-02,0.4694,-0.0696,0.5827,0.9239,0.4311,확장(Risk-On),1.0,1.0,1281.5
2004-11-03,0.7934,0.3518,0.6857,1.0007,0.6872,확장(Risk-On),1.0,1.0,1296.0
2004-11-04,1.0333,0.6876,0.8906,0.9223,0.8946,확장(Risk-On),1.0,1.0,1311.5
2004-11-05,1.2173,0.962,0.8798,0.7555,0.9998,확장(Risk-On),1.0,1.0,1318.75
2004-11-08,1.3373,0.8526,0.8968,0.6667,1.0054,확장(Risk-On),1.0,1.0,1317.5
2004-11-09,1.302,0.9345,0.805,0.5777,0.9772,확장(Risk-On),1.0,1.0,1315.25
2004-11-10,1.3796,1.0357,0.7355,0.3067,0.9717,확장(Risk-On),1.0,1.0,1315.75
2004-11-11,1.5632,1.2531,0.7992,0.0834,1.0727,확장(Risk-On),1.0,1.0,1324.75
2004-11-12,1.747,0.9743,0.9808,0.42,1.1632,확장(Risk-On),1.0,1.0,1333.75
2004-11-15,1.6817,0.908,1.0941,0.4499,1.1566,확장(Risk-On),1.0,1.0,1337.0
2004-11-16,1.463,0.9516,0.9087,0.4026,1.0375,확장(Risk-On),1.0,1.0,1328.5
2004-11-17,1.6356,0.8744,0.9976,0.5422,1.1218,확장(Risk-On),1.0,1.0,1335.25
2004-11-18,1.6776,0.9079,0.9713,0.5725,1.1429,확장(Risk-On),1.0,1.0,1336.0
2004-11-19,1.3104,0.8587,0.774,0.3202,0.9148,확장(Risk-On),1.0,1.0,1323.25
2004-11-22,1.5147,1.2384,0.9357,0.2979,1.1184,확장(Risk-On),1.0,1.0,1329.0
2004-11-23,1.549,1.3178,0.909,0.2876,1.142,확장(Risk-On),1.0,1.0,1330.25
2004-11-24,1.4082,1.2529,0.9266,0.5234,1.1163,확장(Risk-On),1.0,1.0,1333.0
2004-11-26,1.2885,1.1445,0.9171,0.2674,1.0065,확장(Risk-On),1.0,1.0,1331.75
2004-11-29,1.1761,1.0937,0.7764,0.171,0.9048,확장(Risk-On),1.0,1.0,1327.0
2004-11-30,1.0675,1.0813,0.5833,-0.0684,0.7795,확장(Risk-On),1.0,1.0,1325.0
2004-12-01,1.3167,1.0828,0.7105,-0.108,0.893,확장(Risk-On),1.0,1.0,1340.75
2004-12-02,1.1877,1.0778,0.7301,-0.1911,0.839,확장(Risk-On),1.0,1.0,1341.5
2004-12-03,0.9892,0.9182,0.6482,0.5466,0.8198,확장(Risk-On),1.0,1.0,1340.25
2004-12-06,0.9235,0.8462,0.799,0.6409,0.8306,확장(Risk-On),1.0,1.0,1340.25
2004-12-07,0.7115,0.6622,0.7179,0.6552,0.6923,확장(Risk-On),1.0,1.0,1328.75
2004-12-08,0.7867,0.6603,1.1617,0.7162,0.8383,확장(Risk-On),1.0,1.0,1335.0
2004-12-09,0.845,0.8286,1.1519,0.6646,0.8905,확장(Risk-On),1.0,1.0,1339.5
2004-12-10,0.7531,0.8118,1.1131,0.6855,0.8476,확장(Risk-On),1.0,1.0,1340.75
2004-12-13,0.9,1.0222,1.2359,0.7997,0.9995,확장(Risk-On),1.0,1.0,1351.25
2004-12-14,0.9218,0.9459,1.2027,0.7745,0.9759,확장(Risk-On),1.0,1.0,1355.25
2004-12-15,1.0273,1.1325,1.3834,0.7177,1.0962,확장(Risk-On),1.0,1.0,1356.0
2004-12-16,0.9517,1.1933,1.3785,0.5397,1.057,확장(Risk-On),1.0,1.0,1355.25
2004-12-17,0.7516,1.2697,1.1854,0.4361,0.9423,확장(Risk-On),1.0,1.0,1347.0
2004-12-20,0.968,1.3012,1.2868,0.4369,1.0513,확장(Risk-On),1.0,1.0,1347.5
2004-12-21,1.1107,1.3188,1.3571,0.4755,1.129,확장(Risk-On),1.0,1.0,1356.75
2004-12-22,1.1003,1.2849,1.3595,0.4584,1.115,확장(Risk-On),1.0,1.0,1359.75
2004-12-23,1.1174,1.3287,1.4083,0.4445,1.142,확장(Risk-On),1.0,1.0,1360.5
2004-12-27,1.0347,1.0907,1.4032,0.3532,1.0386,확장(Risk-On),1.0,1.0,1357.25
2004-12-28,1.2409,1.1592,1.4871,0.3867,1.1539,확장(Risk-On),1.0,1.0,1364.25
2004-12-29,1.1627,1.1638,1.5499,0.3621,1.1397,확장(Risk-On),1.0,1.0,1365.75
2004-12-30,0.9895,0.9488,1.6798,0.415,1.0657,확장(Risk-On),1.0,1.0,1363.5
2004-12-31,0.9446,0.9143,1.693,0.3386,1.0332,확장(Risk-On),1.0,1.0,1362.5
2005-01-03,0.7523,0.7042,1.6396,0.3309,0.8989,확장(Risk-On),1.0,1.0,1355.0
2005-01-04,0.4832,0.7929,1.2632,0.2789,0.725,확장(Risk-On),1.0,1.0,1339.75
2005-01-05,0.5132,0.7556,1.3429,0.0622,0.7136,확장(Risk-On),1.0,1.0,1332.0
2005-01-06,0.5314,0.9665,1.4465,0.1281,0.8084,확장(Risk-On),1.0,1.0,1337.0
2005-01-07,0.4413,0.8927,1.2657,0.0038,0.6946,확장(Risk-On),1.0,1.0,1335.0
2005-01-10,0.6026,0.9237,1.2606,0.0295,0.7614,확장(Risk-On),1.0,1.0,1340.5
2005-01-11,0.4117,0.9543,1.3411,0.1835,0.7455,확장(Risk-On),1.0,1.0,1332.75
2005-01-12,0.3644,1.12,1.3839,0.0842,0.7661,확장(Risk-On),1.0,1.0,1336.25
2005-01-13,0.1743,0.8817,1.1869,0.4792,0.65,확장(Risk-On),1.0,1.0,1326.75
2005-01-14,0.3995,1.0925,1.2947,0.3467,0.7886,확장(Risk-On),1.0,1.0,1332.5
2005-01-17,0.5396,1.108,1.2762,0.3282,0.8342,확장(Risk-On),1.0,1.0,1334.75
2005-01-18,0.7111,1.005,1.1698,0.2725,0.8335,확장(Risk-On),1.0,1.0,1344.5
2005-01-19,0.4177,0.5544,0.9102,0.3622,0.5667,확장(Risk-On),1.0,1.0,1332.25
2005-01-20,0.2501,0.293,0.7225,0.3941,0.4005,확장(Risk-On),1.0,1.0,1325.25
2005-01-21,0.009,0.1064,0.6777,0.2096,0.2306,확장(Risk-On),1.0,1.0,1317.25
2005-01-24,-0.124,0.1023,0.6383,0.2576,0.1804,중립(Neutral),0.5,1.0,1315.0
2005-01-25,-0.0754,0.3188,0.5498,0.2448,0.2275,확장(Risk-On),1.0,1.0,1318.5
2005-01-26,-0.1037,0.3011,0.4924,0.2159,0.1944,중립(Neutral),0.5,1.0,1322.0
2005-01-27,-0.1078,0.4621,0.3667,0.1716,0.1952,중립(Neutral),0.5,1.0,1323.5
2005-01-28,-0.1213,0.3651,0.2994,0.2026,0.154,중립(Neutral),0.5,1.0,1323.5
2005-01-31,-0.0409,0.6641,0.4387,0.2444,0.298,확장(Risk-On),1.0,1.0,1330.5
2005-02-01,0.1192,0.9189,0.5818,0.1812,0.4441,확장(Risk-On),1.0,1.0,1338.0
2005-02-02,0.3287,1.0331,0.617,0.2082,0.5588,확장(Risk-On),1.0,1.0,1342.0
2005-02-03,0.314,0.8499,0.5347,0.151,0.4787,확장(Risk-On),1.0,1.0,1338.25
2005-02-04,0.5479,0.9778,0.5889,0.2684,0.6237,확장(Risk-On),1.0,1.0,1350.75
2005-02-07,0.5547,0.7427,0.4393,0.3359,0.54,확장(Risk-On),1.0,1.0,1349.5
2005-02-08,0.4845,0.811,0.5806,0.3414,0.5687,확장(Risk-On),1.0,1.0,1351.0
2005-02-09,0.3247,0.4695,0.4563,0.4062,0.4061,확장(Risk-On),1.0,1.0,1341.75
2005-02-10,0.342,0.7618,0.4816,0.2729,0.4715,확장(Risk-On),1.0,1.0,1345.25
2005-02-11,0.7233,0.8218,0.633,0.2433,0.6534,확장(Risk-On),1.0,1.0,1355.75
2005-02-14,0.5987,0.7521,0.6181,0.2184,0.5849,확장(Risk-On),1.0,1.0,1355.0
2005-02-15,0.6584,0.8624,0.6129,0.1296,0.6187,확장(Risk-On),1.0,1.0,1359.5
2005-02-16,0.5894,1.0741,0.5236,0.0417,0.612,확장(Risk-On),1.0,1.0,1359.25
2005-02-17,0.4993,0.9459,0.4695,0.0618,0.5379,확장(Risk-On),1.0,1.0,1349.75
2005-02-18,0.5912,1.256,0.3974,-0.1762,0.5938,확장(Risk-On),1.0,1.0,1351.0
2005-02-22,0.2808,0.5007,0.3384,-0.1573,0.2845,확장(Risk-On),1.0,1.0,1333.5
2005-02-23,0.4695,0.5077,0.2267,-0.208,0.3167,확장(Risk-On),1.0,1.0,1341.5
2005-02-24,0.6333,0.7151,0.2729,-0.1998,0.4387,확장(Risk-On),1.0,1.0,1349.5
2005-02-25,0.9,0.9464,0.4047,-0.4134,0.5907,확장(Risk-On),1.0,1.0,1360.75
2005-02-28,0.6798,0.8006,0.3252,-0.7531,0.4064,확장(Risk-On),1.0,1.0,1352.75
2005-03-01,0.6912,0.8187,0.4616,-0.8203,0.439,확장(Risk-On),1.0,1.0,1358.75
2005-03-02,0.6525,0.7444,0.2678,-0.8151,0.3592,확장(Risk-On),1.0,1.0,1358.25
2005-03-03,0.6047,0.6267,0.2476,-0.8913,0.2965,확장(Risk-On),1.0,1.0,1358.75
2005-03-04,0.9358,0.7982,0.3756,-0.8215,0.4977,확장(Risk-On),1.0,1.0,1373.0
2005-03-07,0.7988,0.7376,0.2724,-0.9197,0.3941,확장(Risk-On),1.0,1.0,1374.0
2005-03-08,0.7365,0.7265,0.1682,-1.2108,0.2998,확장(Risk-On),1.0,1.0,1369.25
2005-03-09,0.471,0.7763,-0.0039,-1.8532,0.08,중립(Neutral),0.5,1.0,1355.75
2005-03-10,0.5623,0.6385,0.0524,-1.4657,0.1497,중립(Neutral),0.5,1.0,1358.5
2005-03-11,0.3324,0.5972,0.0973,-1.6113,0.0483,중립(Neutral),0.5,1.0,1349.75
2005-03-14,0.2994,0.7217,0.1044,-1.6367,0.0658,중립(Neutral),0.5,1.0,1356.25
2005-03-15,0.1347,0.4524,-0.0481,-1.6308,-0.0964,중립(Neutral),0.5,1.0,1347.0
2005-03-16,-0.1129,0.2123,-0.1675,-1.236,-0.2137,수축(Risk-Off),0.0,1.0,1336.25
2005-03-17,-0.088,0.2998,-0.1289,-0.9878,-0.1362,중립(Neutral),0.5,1.0,1338.25
2005-03-18,-0.1041,0.2599,-0.2474,-0.8174,-0.1559,중립(Neutral),0.5,1.0,1335.0
2005-03-21,-0.2429,0.0848,-0.2331,-0.8673,-0.2522,수축(Risk-Off),0.0,1.0,1330.5
2005-03-22,-0.4912,0.1876,-0.3714,-1.1275,-0.387,수축(Risk-Off),0.0,1.0,1318.5
2005-03-23,-0.3309,0.0948,-0.5103,-1.1213,-0.3879,수축(Risk-Off),0.0,1.0,1318.75
2005-03-24,-0.3631,0.1869,-0.5336,-1.0263,-0.3677,수축(Risk-Off),0.0,1.0,1319.75
2005-03-28,-0.5545,0.3049,-0.6141,-1.0831,-0.4338,수축(Risk-Off),0.0,1.0,1321.75
2005-03-29,-0.6184,0.0712,-0.3909,-0.9453,-0.4382,수축(Risk-Off),0.0,1.0,1314.25
2005-03-30,-0.3781,0.4335,-0.2222,-0.8516,-0.2073,수축(Risk-Off),0.0,1.0,1329.75
2005-03-31,-0.3138,0.3001,-0.3161,-0.5925,-0.2027,수축(Risk-Off),0.0,1.0,1328.25
2005-04-01,-0.3498,0.067,-0.3253,-0.567,-0.2721,수축(Risk-Off),0.0,0.0,1322.0
2005-04-04,-0.3981,0.0828,-0.4163,-0.5751,-0.309,수축(Risk-Off),0.0,0.0,1324.0
2005-04-05,-0.3618,0.3173,-0.3038,-0.4539,-0.1914,중립(Neutral),0.5,0.0,1329.5
2005-04-06,-0.2268,0.4528,-0.3746,-0.3643,-0.1145,중립(Neutral),0.5,0.0,1333.5
2005-04-07,0.0452,0.7894,-0.1644,-0.3969,0.1125,중립(Neutral),0.5,0.0,1339.5
2005-04-08,-0.1795,0.6573,-0.2829,-0.4406,-0.0353,중립(Neutral),0.5,0.0,1327.75
2005-04-11,-0.149,0.689,-0.2883,-0.4162,-0.0144,중립(Neutral),0.5,0.0,1328.0
2005-04-12,-0.0514,0.8477,-0.3283,-0.3034,0.0664,중립(Neutral),0.5,0.0,1334.25
2005-04-13,-0.2481,0.4322,-0.3224,-0.1961,-0.0888,중립(Neutral),0.5,0.0,1320.25
2005-04-14,-0.4298,0.1196,-0.3151,-0.1881,-0.2275,수축(Risk-Off),0.0,0.0,1304.75
2005-04-15,-0.7465,-0.504,-0.2958,-0.1555,-0.4845,수축(Risk-Off),0.0,0.0,1287.75
2005-04-18,-0.5661,-0.2411,-0.2178,-0.0697,-0.3233,수축(Risk-Off),0.0,0.0,1291.0
2005-04-19,-0.3038,0.0241,-0.2728,-0.0373,-0.1741,중립(Neutral),0.5,0.0,1300.0
2005-04-20,-0.44,-0.4073,-0.4582,-0.0565,-0.3789,수축(Risk-Off),0.0,0.0,1284.0
2005-04-21,-0.0601,0.1258,-0.2134,-0.136,-0.0633,중립(Neutral),0.5,0.0,1305.75
2005-04-22,-0.1686,-0.0189,-0.2596,0.0233,-0.1251,중립(Neutral),0.5,0.0,1301.5
2005-04-25,-0.0571,0.1315,-0.4205,0.0411,-0.0861,중립(Neutral),0.5,0.0,1308.25
2005-04-26,-0.1999,0.0677,-0.6486,0.0322,-0.2103,수축(Risk-Off),0.0,0.0,1298.0
2005-04-27,-0.0522,-0.035,-0.5538,0.1017,-0.1502,중립(Neutral),0.5,0.0,1301.5
2005-04-28,-0.4542,-0.4355,-0.653,0.1648,-0.4064,수축(Risk-Off),0.0,0.0,1287.25
2005-04-29,-0.2512,-0.0635,-0.7354,0.0808,-0.2755,수축(Risk-Off),0.0,0.0,1302.75
2005-05-02,-0.1301,0.0007,-0.4842,0.0842,-0.1538,중립(Neutral),0.5,0.0,1307.75
2005-05-03,-0.0929,0.0868,-0.4183,0.0863,-0.1024,중립(Neutral),0.5,0.0,1310.25
2005-05-04,-0.0339,0.2894,-0.2815,0.0447,-0.0032,중립(Neutral),0.5,0.0,1319.5
2005-05-05,-0.0757,0.0755,-0.3038,0.0714,-0.0729,중립(Neutral),0.5,0.0,1319.25
2005-05-06,-0.1829,0.0922,-0.3348,0.0345,-0.1195,중립(Neutral),0.5,0.0,1315.5
2005-05-09,0.0571,0.1591,-0.2945,0.0045,-0.0132,중립(Neutral),0.5,0.0,1322.5
2005-05-10,-0.1486,-0.2328,-0.4199,0.081,-0.203,수축(Risk-Off),0.0,0.0,1310.5
2005-05-11,-0.1625,-0.0494,-0.4205,0.1112,-0.1577,중립(Neutral),0.5,0.0,1316.75
2005-05-12,-0.2807,-0.2517,-0.4708,0.1333,-0.2589,수축(Risk-Off),0.0,0.0,1303.5
2005-05-13,-0.2228,-0.1676,-0.5335,0.2102,-0.2217,수축(Risk-Off),0.0,0.0,1301.0
2005-05-16,0.0518,-0.1164,-0.4594,0.3074,-0.0797,중립(Neutral),0.5,0.0,1311.25
2005-05-17,0.2015,0.015,-0.2665,0.3258,0.0565,중립(Neutral),0.5,0.0,1319.5
2005-05-18,0.2944,0.2903,-0.2244,0.3913,0.1782,중립(Neutral),0.5,0.0,1331.0
2005-05-19,0.4905,0.1568,-0.2567,0.3603,0.2008,확장(Risk-On),1.0,0.0,1335.5
2005-05-20,0.3768,0.219,-0.3518,0.2089,0.13,중립(Neutral),0.5,0.0,1334.5
2005-05-23,0.4913,0.1139,-0.2673,0.2568,0.1721,중립(Neutral),0.5,0.0,1340.5
2005-05-24,0.3414,0.0687,-0.3421,0.3209,0.0993,중립(Neutral),0.5,0.0,1338.0
2005-05-25,0.3127,0.1212,-0.318,0.1739,0.0863,중립(Neutral),0.5,0.0,1336.75
2005-05-26,0.4009,0.3719,-0.3903,0.1713,0.1614,중립(Neutral),0.5,0.0,1342.25
2005-05-27,0.5614,0.2484,-0.5012,0.1667,0.1583,중립(Neutral),0.5,0.0,1344.5
2005-05-30,0.445,0.2443,-0.4353,0.1611,0.1322,중립(Neutral),0.5,0.0,1346.0
2005-05-31,0.262,-0.1357,-0.5482,0.2019,-0.049,중립(Neutral),0.5,0.0,1337.25
2005-06-01,0.3305,-0.1607,-0.4549,0.2632,0.0013,중립(Neutral),0.5,0.5,1345.5
2005-06-02,0.2902,-0.0324,-0.6082,0.3831,-0.0011,중립(Neutral),0.5,0.5,1349.5
2005-06-03,0.2117,-0.039,-0.6146,0.3063,-0.0433,중립(Neutral),0.5,0.5,1342.75
2005-06-06,0.308,-0.1285,-0.6553,0.3338,-0.0381,중립(Neutral),0.5,0.5,1342.25
2005-06-07,0.2458,-0.0693,-0.514,0.3608,-0.0057,중립(Neutral),0.5,0.5,1343.25
2005-06-08,0.3605,-0.0521,-0.4719,0.3529,0.0481,중립(Neutral),0.5,0.5,1340.25
2005-06-09,0.3394,0.2608,-0.6001,0.3359,0.0843,중립(Neutral),0.5,0.5,1345.25
2005-06-10,0.4462,0.3718,-0.6874,0.2428,0.1137,중립(Neutral),0.5,0.5,1343.25
2005-06-13,0.5862,0.4509,-0.8402,0.2683,0.1481,중립(Neutral),0.5,0.5,1346.75
2005-06-14,0.5528,0.3636,-0.7125,0.2349,0.1415,중립(Neutral),0.5,0.5,1349.25
2005-06-15,0.5341,0.3504,-0.6427,0.1703,0.1394,중립(Neutral),0.5,0.5,1351.0
2005-06-16,0.5104,0.3658,-0.7655,0.2528,0.1166,중립(Neutral),0.5,0.5,1355.0
2005-06-17,0.5969,0.3367,-0.5877,0.1949,0.1754,중립(Neutral),0.5,0.5,1359.75
2005-06-20,0.6325,0.3066,-0.5892,0.0552,0.159,중립(Neutral),0.5,0.5,1359.25
2005-06-21,0.5972,0.3863,-0.5597,0.1628,0.1901,중립(Neutral),0.5,0.5,1360.25
2005-06-22,0.6376,0.2532,-0.6881,0.4024,0.1748,중립(Neutral),0.5,0.5,1360.25
2005-06-23,0.362,0.03,-0.9594,0.3791,-0.0488,중립(Neutral),0.5,0.5,1343.25
2005-06-24,0.2076,-0.0041,-0.9219,0.4374,-0.0932,중립(Neutral),0.5,0.5,1335.0
2005-06-27,0.1359,-0.0785,-0.858,0.4514,-0.1188,중립(Neutral),0.5,0.5,1335.5
2005-06-28,0.2946,0.2577,-0.7861,0.3476,0.0231,중립(Neutral),0.5,0.5,1346.0
2005-06-29,0.3393,0.1651,-0.8177,0.1027,-0.029,중립(Neutral),0.5,0.5,1342.25
2005-06-30,0.1334,-0.0487,-0.9701,0.1147,-0.1908,중립(Neutral),0.5,0.5,1334.75
2005-07-01,0.1538,0.2596,-0.7777,0.0142,-0.0736,중립(Neutral),0.5,0.5,1339.25
2005-07-04,0.1838,0.2935,-0.8162,-0.0431,-0.0728,중립(Neutral),0.5,0.5,1337.5
2005-07-05,0.3331,0.4241,-0.6647,-0.4398,-0.0095,중립(Neutral),0.5,0.5,1348.25
2005-07-06,0.2209,0.339,-0.6833,-0.2588,-0.0476,중립(Neutral),0.5,0.5,1337.5
2005-07-07,0.2952,0.3534,-0.5324,-0.1305,0.039,중립(Neutral),0.5,0.5,1342.0
2005-07-08,0.5171,0.8365,-0.3749,-0.2173,0.2638,확장(Risk-On),1.0,0.5,1355.75
2005-07-11,0.7201,0.8728,-0.2543,-0.12,0.3886,확장(Risk-On),1.0,0.5,1362.75
2005-07-12,0.8339,0.9865,-0.0214,-0.0843,0.5205,확장(Risk-On),1.0,0.5,1364.75
2005-07-13,0.9939,1.1082,0.1236,-0.114,0.6387,확장(Risk-On),1.0,0.5,1367.25
2005-07-14,1.0693,0.9482,0.0505,-0.2731,0.583,확장(Risk-On),1.0,0.5,1371.0
2005-07-15,0.9594,1.1438,0.0202,-0.2623,0.5875,확장(Risk-On),1.0,0.5,1370.5
2005-07-18,0.8992,0.9951,0.0349,-0.286,0.5293,확장(Risk-On),1.0,0.5,1365.75
2005-07-19,0.9182,1.0959,0.2477,-0.3158,0.6099,확장(Risk-On),1.0,0.5,1372.5
2005-07-20,0.9844,1.1521,0.1271,-0.5217,0.5861,확장(Risk-On),1.0,0.5,1375.75
2005-07-21,0.8684,1.3512,0.2624,-0.7899,0.5889,확장(Risk-On),1.0,0.5,1369.25
2005-07-22,1.3082,1.3642,0.2543,-0.8261,0.7386,확장(Risk-On),1.0,0.5,1376.25
2005-07-25,1.3754,1.2444,0.0595,-0.9361,0.6669,확장(Risk-On),1.0,0.5,1373.25
2005-07-26,1.5342,1.1134,-0.0397,-0.7739,0.6893,확장(Risk-On),1.0,0.5,1374.25
2005-07-27,1.4274,1.3062,-0.0808,-0.8572,0.6774,확장(Risk-On),1.0,0.5,1379.0
2005-07-28,1.5411,1.3241,0.0054,-0.6324,0.7769,확장(Risk-On),1.0,0.5,1386.25
2005-07-29,1.3642,0.9195,-0.1306,-0.6757,0.5733,확장(Risk-On),1.0,0.5,1376.0
2005-08-01,1.3182,0.7898,-0.1442,-0.8177,0.5001,확장(Risk-On),1.0,1.0,1376.75
2005-08-02,1.5295,1.1126,0.1025,-0.6644,0.7394,확장(Risk-On),1.0,1.0,1384.25
2005-08-03,1.4593,1.1392,0.1292,-0.5754,0.7415,확장(Risk-On),1.0,1.0,1387.0
2005-08-04,1.3333,1.0867,0.121,-0.7048,0.6629,확장(Risk-On),1.0,1.0,1377.25
2005-08-05,1.1216,0.9962,0.0378,-0.7035,0.5455,확장(Risk-On),1.0,1.0,1369.0
2005-08-08,0.8901,0.7425,0.0195,-0.7903,0.3835,확장(Risk-On),1.0,1.0,1366.5
2005-08-09,1.0307,0.8516,0.0026,-0.5869,0.4862,확장(Risk-On),1.0,1.0,1373.5
2005-08-10,1.0487,0.8026,-0.1007,-0.5656,0.4577,확장(Risk-On),1.0,1.0,1373.0
2005-08-11,1.0492,0.6955,-0.172,-0.3087,0.4518,확장(Risk-On),1.0,1.0,1377.75
2005-08-12,0.7416,0.417,-0.2511,-0.1,0.286,확장(Risk-On),1.0,1.0,1370.25
2005-08-15,0.8099,0.6906,-0.2467,-0.0674,0.3843,확장(Risk-On),1.0,1.0,1376.75
2005-08-16,0.4388,0.2743,-0.4911,0.0367,0.1049,중립(Neutral),0.5,1.0,1360.75
2005-08-17,0.3993,0.312,-0.3479,-0.1732,0.1048,중립(Neutral),0.5,1.0,1360.75
2005-08-18,0.2979,0.2516,-0.4513,0.2045,0.085,중립(Neutral),0.5,1.0,1360.25
2005-08-19,0.4376,0.1979,-0.4247,0.1513,0.1192,중립(Neutral),0.5,1.0,1363.0
2005-08-22,0.3296,0.2736,-0.3584,0.1445,0.1158,중립(Neutral),0.5,1.0,1363.25
2005-08-23,0.2955,0.3427,-0.2847,0.2218,0.1512,중립(Neutral),0.5,1.0,1360.75
2005-08-24,0.0202,-0.005,-0.3674,0.341,-0.0349,중립(Neutral),0.5,1.0,1349.25
2005-08-25,0.0052,0.1154,-0.2066,0.3156,0.0264,중립(Neutral),0.5,1.0,1352.75
2005-08-26,-0.1676,0.2352,-0.1403,0.3514,0.0178,중립(Neutral),0.5,1.0,1345.25
2005-08-29,0.0783,0.425,-0.1049,0.3569,0.161,중립(Neutral),0.5,1.0,1353.75
2005-08-30,-0.0995,0.252,-0.1522,0.4528,0.058,중립(Neutral),0.5,1.0,1347.75
2005-08-31,0.1126,0.5295,0.0309,0.4816,0.2518,확장(Risk-On),1.0,1.0,1360.75
2005-09-01,0.086,0.4313,0.0254,0.4662,0.2142,확장(Risk-On),1.0,1.0,1361.0
2005-09-02,0.174,0.2674,0.2065,0.493,0.2533,확장(Risk-On),1.0,1.0,1359.0
2005-09-05,0.2864,0.3259,0.3286,0.4996,0.3388,확장(Risk-On),1.0,1.0,1359.75
2005-09-06,0.5298,0.4264,0.377,0.5331,0.4662,확장(Risk-On),1.0,1.0,1373.5
2005-09-07,0.5134,0.5536,0.2846,0.4914,0.463,확장(Risk-On),1.0,1.0,1374.75
2005-09-08,0.4133,0.4581,0.294,0.484,0.4053,확장(Risk-On),1.0,1.0,1371.25
2005-09-09,0.5803,0.7315,0.2668,0.4924,0.5265,확장(Risk-On),1.0,1.0,1381.25
2005-09-12,0.6307,0.7514,0.191,0.4712,0.527,확장(Risk-On),1.0,1.0,1379.5
2005-09-13,0.3771,0.7206,0.1588,0.4752,0.4231,확장(Risk-On),1.0,1.0,1372.0
2005-09-14,0.4441,0.6847,0.0663,0.4334,0.4082,확장(Risk-On),1.0,1.0,1367.5
2005-09-15,0.4369,0.9278,0.1687,0.3162,0.4745,확장(Risk-On),1.0,1.0,1366.5
2005-09-16,0.5963,1.4053,0.193,0.1972,0.6379,확장(Risk-On),1.0,1.0,1375.25
2005-09-19,0.4794,1.1531,-0.0587,0.253,0.4793,확장(Risk-On),1.0,1.0,1371.0
2005-09-20,0.3137,0.8453,-0.2546,0.2123,0.2893,확장(Risk-On),1.0,1.0,1360.5
2005-09-21,0.151,0.5812,-0.3348,0.2809,0.1566,중립(Neutral),0.5,1.0,1349.0
2005-09-22,0.342,0.7021,-0.2426,0.3298,0.284,확장(Risk-On),1.0,1.0,1352.75
2005-09-23,0.2372,0.7392,-0.3412,0.2537,0.2206,확장(Risk-On),1.0,1.0,1353.5
2005-09-26,0.3945,0.7514,-0.4058,0.0166,0.227,확장(Risk-On),1.0,1.0,1354.5
2005-09-27,0.3922,0.702,-0.5481,-0.3574,0.1222,중립(Neutral),0.5,1.0,1354.75
2005-09-28,0.4471,0.6796,-0.5354,-0.4495,0.1251,중립(Neutral),0.5,1.0,1355.75
2005-09-29,0.5059,0.9214,-0.5416,-0.6334,0.177,중립(Neutral),0.5,1.0,1364.75
2005-09-30,0.5374,0.9583,-0.5284,-0.8671,0.1655,중립(Neutral),0.5,1.0,1367.25
2005-10-03,0.6132,0.8253,-0.7708,-1.0607,0.0691,중립(Neutral),0.5,0.5,1364.75
2005-10-04,0.2262,0.4244,-1.0688,-0.9635,-0.2265,수축(Risk-Off),0.0,0.5,1349.75
2005-10-05,-0.3398,-0.0382,-1.1108,-0.8073,-0.5273,수축(Risk-Off),0.0,0.5,1333.75
2005-10-06,-0.4408,-0.1332,-1.2687,-0.7193,-0.6127,수축(Risk-Off),0.0,0.5,1330.0
2005-10-07,-0.351,-0.1576,-1.2262,-0.751,-0.5815,수축(Risk-Off),0.0,0.5,1333.0
2005-10-10,-0.6771,-0.4385,-1.33,-0.6222,-0.7725,수축(Risk-Off),0.0,0.5,1323.0
2005-10-11,-0.6819,-0.369,-1.4013,-0.7738,-0.7973,수축(Risk-Off),0.0,0.5,1321.5
2005-10-12,-0.7848,-0.4232,-1.3917,-0.9125,-0.8653,수축(Risk-Off),0.0,0.5,1311.5
2005-10-13,-0.772,-0.5636,-1.4983,-1.0246,-0.9394,수축(Risk-Off),0.0,0.5,1311.0
2005-10-14,-0.598,-0.2867,-1.2405,-0.9176,-0.7287,수축(Risk-Off),0.0,0.5,1323.0
2005-10-17,-0.6315,-0.109,-1.2625,-1.007,-0.7149,수축(Risk-Off),0.0,0.5,1327.25
2005-10-18,-0.7829,-0.2573,-1.417,-0.9198,-0.8305,수축(Risk-Off),0.0,0.5,1314.5
2005-10-19,-0.3469,0.2927,-0.9983,-1.0263,-0.4517,수축(Risk-Off),0.0,0.5,1333.5
2005-10-20,-0.565,-0.2767,-1.1723,-1.127,-0.7291,수축(Risk-Off),0.0,0.5,1312.5
2005-10-21,-0.5744,-0.4055,-1.1673,-0.564,-0.6789,수축(Risk-Off),0.0,0.5,1316.75
2005-10-24,-0.3134,-0.0319,-0.9686,-0.6394,-0.4557,수축(Risk-Off),0.0,0.5,1335.5
2005-10-25,-0.4362,-0.0345,-1.0934,-0.8999,-0.5696,수축(Risk-Off),0.0,0.5,1332.0
2005-10-26,-0.433,0.0174,-1.1621,-1.235,-0.623,수축(Risk-Off),0.0,0.5,1329.0
2005-10-27,-0.6535,-0.3317,-1.1802,-1.0548,-0.7649,수축(Risk-Off),0.0,0.5,1315.5
2005-10-28,-0.4764,0.0123,-0.9726,-1.0342,-0.5619,수축(Risk-Off),0.0,0.5,1332.75
2005-10-31,-0.3716,-0.0777,-0.9027,-0.882,-0.5074,수축(Risk-Off),0.0,0.5,1342.75
2005-11-01,-0.3818,0.0637,-0.8679,-0.9717,-0.4804,수축(Risk-Off),0.0,0.0,1339.25
2005-11-02,-0.0418,0.5136,-0.7755,-1.1725,-0.256,수축(Risk-Off),0.0,0.0,1351.0
2005-11-03,0.2089,0.7611,-0.7676,-1.3401,-0.1295,중립(Neutral),0.5,0.0,1356.75
2005-11-04,0.1647,0.828,-0.7879,-1.4278,-0.1465,중립(Neutral),0.5,0.0,1355.0
2005-11-07,0.1529,0.8443,-0.9193,-1.4311,-0.1799,중립(Neutral),0.5,0.0,1355.75
2005-11-08,0.2502,0.9209,-0.7621,-1.1913,-0.0514,중립(Neutral),0.5,0.0,1355.75
2005-11-09,0.3015,1.0343,-0.9298,-1.22,-0.0513,중립(Neutral),0.5,0.0,1356.75
2005-11-10,0.5044,1.3029,-0.7747,-0.8663,0.1787,중립(Neutral),0.5,0.0,1366.75
2005-11-11,0.6455,1.2125,-0.8105,-0.8442,0.1998,중립(Neutral),0.5,0.0,1371.0
2005-11-14,0.533,1.1365,-0.9849,-1.0073,0.0734,중립(Neutral),0.5,0.0,1370.25
2005-11-15,0.4275,1.1428,-0.9444,-0.9245,0.0606,중립(Neutral),0.5,0.0,1365.5
2005-11-16,0.5764,0.9606,-1.0692,-0.7827,0.0572,중립(Neutral),0.5,0.0,1367.75
2005-11-17,0.5789,1.4008,-1.1516,-0.6955,0.1606,중립(Neutral),0.5,0.0,1378.25
2005-11-18,0.8122,1.4919,-1.0541,-0.9223,0.2554,확장(Risk-On),1.0,0.0,1383.25
2005-11-21,0.9398,1.3901,-1.0487,-0.6368,0.3188,확장(Risk-On),1.0,0.0,1390.0
2005-11-22,0.8484,1.5515,-1.0725,-0.629,0.3223,확장(Risk-On),1.0,0.0,1395.0
2005-11-23,1.0323,1.6031,-1.129,-0.6633,0.3804,확장(Risk-On),1.0,0.0,1401.5
2005-11-24,1.0281,1.7649,-1.1767,-0.6399,0.4109,확장(Risk-On),1.0,0.0,1400.5
2005-11-25,1.1997,1.5699,-1.2864,-0.4779,0.4191,확장(Risk-On),1.0,0.0,1403.0
2005-11-28,0.8209,1.4101,-1.3524,-0.4082,0.2405,확장(Risk-On),1.0,0.0,1394.0
2005-11-29,0.7179,1.3064,-1.5047,-0.442,0.1354,중립(Neutral),0.5,0.0,1392.25
2005-11-30,0.5929,1.075,-1.4265,-0.4663,0.0497,중립(Neutral),0.5,0.0,1384.0
2005-12-01,0.6823,1.2928,-1.4236,-0.5506,0.1235,중립(Neutral),0.5,0.5,1397.5
2005-12-02,0.5945,1.3219,-1.5051,-0.5305,0.0827,중립(Neutral),0.5,0.5,1399.0
2005-12-05,0.5649,1.1928,-1.363,-0.5494,0.0728,중립(Neutral),0.5,0.5,1396.5
2005-12-06,0.6326,1.2089,-1.3384,-0.5189,0.1112,중립(Neutral),0.5,0.5,1398.5
2005-12-07,0.4587,1.0296,-1.4539,-0.6756,-0.0469,중립(Neutral),0.5,0.5,1391.0
2005-12-08,0.4158,0.8149,-1.2438,-0.5708,-0.0473,중립(Neutral),0.5,0.5,1389.75
2005-12-09,0.4029,0.8812,-1.3177,-0.6996,-0.073,중립(Neutral),0.5,0.5,1392.25
2005-12-12,0.416,1.0439,-1.0071,-0.734,0.0447,중립(Neutral),0.5,0.5,1394.0
2005-12-13,0.5576,1.1836,-0.7825,-0.6312,0.2008,확장(Risk-On),1.0,0.5,1401.75
2005-12-14,0.6557,1.3712,-0.2141,-0.5071,0.4427,확장(Risk-On),1.0,0.5,1406.75
2005-12-15,0.5677,1.2074,-0.2781,-0.5493,0.3486,확장(Risk-On),1.0,0.5,1402.5
2005-12-16,0.4654,1.0796,-0.2183,-0.4217,0.315,확장(Risk-On),1.0,0.5,1399.0
2005-12-19,0.3716,0.8287,-0.2378,-0.4252,0.214,확장(Risk-On),1.0,0.5,1392.25
2005-12-20,0.304,0.8493,-0.2395,-0.4143,0.1967,중립(Neutral),0.5,0.5,1392.75
2005-12-21,0.308,1.0124,-0.1551,-0.4158,0.2598,확장(Risk-On),1.0,0.5,1394.75
2005-12-22,0.3769,1.0109,-0.2188,-0.3857,0.2721,확장(Risk-On),1.0,0.5,1400.25
2005-12-23,0.4209,0.8839,-0.3471,-0.2283,0.2472,확장(Risk-On),1.0,0.5,1401.25
2005-12-27,0.2155,0.6769,-0.3039,-0.1612,0.1445,중립(Neutral),0.5,0.5,1388.75
2005-12-28,0.2335,0.884,-0.2737,-0.1823,0.207,확장(Risk-On),1.0,0.5,1390.0
2005-12-29,0.2527,0.7448,-0.3728,-0.1602,0.1574,중립(Neutral),0.5,0.5,1384.75
2005-12-30,0.1075,0.624,-0.4134,-0.1989,0.0604,중립(Neutral),0.5,0.5,1379.5
2006-01-03,0.5582,0.9574,-0.0416,-0.1663,0.3994,확장(Risk-On),1.0,0.5,1399.5
2006-01-04,0.624,0.9906,0.0882,-0.1701,0.4626,확장(Risk-On),1.0,0.5,1405.25
2006-01-05,0.7318,0.9775,0.2803,-0.0446,0.5639,확장(Risk-On),1.0,0.5,1406.0
2006-01-06,0.9645,0.9977,0.0579,-0.126,0.5826,확장(Risk-On),1.0,0.5,1416.5
2006-01-09,1.0686,0.9393,-0.0175,-0.1038,0.5889,확장(Risk-On),1.0,0.5,1419.75
2006-01-10,1.1247,1.115,0.2531,-0.1635,0.7112,확장(Risk-On),1.0,0.5,1420.75
2006-01-11,1.106,1.0227,-0.0072,-0.1762,0.6146,확장(Risk-On),1.0,0.5,1424.5
2006-01-12,0.9792,1.0736,0.0798,-0.1946,0.6019,확장(Risk-On),1.0,0.5,1418.25
2006-01-13,1.0763,1.0304,0.1081,-0.0289,0.657,확장(Risk-On),1.0,0.5,1417.5
2006-01-16,1.0915,0.9869,-0.069,0.0159,0.6139,확장(Risk-On),1.0,0.5,1419.5
2006-01-17,1.188,0.7144,-0.1303,0.0474,0.5689,확장(Risk-On),1.0,0.5,1414.25
2006-01-18,1.0073,0.5013,-0.0026,-0.0064,0.4763,확장(Risk-On),1.0,0.5,1408.5
2006-01-19,0.9764,0.704,0.0827,-0.023,0.535,확장(Risk-On),1.0,0.5,1413.0
2006-01-20,0.3884,-0.1308,-0.2518,0.0742,0.0514,중립(Neutral),0.5,0.5,1389.5
2006-01-23,0.5047,-0.047,-0.2084,0.1149,0.13,중립(Neutral),0.5,0.5,1394.0
2006-01-24,0.5777,0.2951,-0.224,-0.1113,0.2033,확장(Risk-On),1.0,0.5,1395.25
2006-01-25,0.6342,0.3464,-0.4178,-0.3419,0.1528,중립(Neutral),0.5,0.5,1395.75
2006-01-26,0.6901,0.4691,-0.3567,-0.5671,0.1846,중립(Neutral),0.5,0.5,1402.5
2006-01-27,1.0191,0.6848,-0.2178,-0.5258,0.3946,확장(Risk-On),1.0,0.5,1414.0
2006-01-30,0.9754,0.6288,-0.2843,-0.5837,0.34,확장(Risk-On),1.0,0.5,1413.25
2006-01-31,0.799,0.4293,-0.2911,-0.7832,0.1967,중립(Neutral),0.5,0.5,1408.25
2006-02-01,0.6702,0.5763,-0.2299,-0.9216,0.1829,중립(Neutral),0.5,0.5,1412.0
2006-02-02,0.2724,0.2855,-0.5009,-1.0482,-0.1158,중립(Neutral),0.5,0.5,1396.75
2006-02-03,0.137,0.2148,-0.6042,-0.8978,-0.1841,중립(Neutral),0.5,0.5,1390.25
2006-02-06,0.1132,0.1936,-0.5661,-0.9371,-0.1941,중립(Neutral),0.5,0.5,1393.5
2006-02-07,-0.2,0.0692,-0.3335,-0.8748,-0.2673,수축(Risk-Off),0.0,0.5,1382.25
2006-02-08,-0.0294,0.4037,-0.1656,-0.9161,-0.0882,중립(Neutral),0.5,0.5,1393.0
2006-02-09,-0.0599,0.3135,-0.3366,-1.0401,-0.1827,중립(Neutral),0.5,0.5,1390.5
2006-02-10,0.0563,0.3459,-0.2273,-1.3199,-0.1486,중립(Neutral),0.5,0.5,1393.0
2006-02-13,-0.0209,0.2337,-0.1882,-1.3425,-0.1973,중립(Neutral),0.5,0.5,1390.5
2006-02-14,0.1009,0.6771,-0.1652,-1.6266,-0.0807,중립(Neutral),0.5,0.5,1403.0
2006-02-15,0.2244,0.6364,-0.209,-1.6864,-0.0676,중립(Neutral),0.5,0.5,1407.0
2006-02-16,0.3998,0.828,-0.1844,-1.5524,0.068,중립(Neutral),0.5,0.5,1416.5
2006-02-17,0.2759,1.0015,-0.1888,-1.3675,0.0946,중립(Neutral),0.5,0.5,1413.75
2006-02-20,0.4737,1.0065,-0.1324,-1.393,0.1754,중립(Neutral),0.5,0.5,1413.5
2006-02-21,0.3255,0.7716,-0.1266,-1.4046,0.0645,중립(Neutral),0.5,0.5,1410.0
2006-02-22,0.4298,0.8562,-0.0499,-0.9214,0.2138,확장(Risk-On),1.0,0.5,1417.0
2006-02-23,0.4665,0.734,0.0695,-0.9862,0.2162,확장(Risk-On),1.0,0.5,1415.0
2006-02-24,0.5005,0.776,-0.0491,-1.058,0.1982,중립(Neutral),0.5,0.5,1417.75
2006-02-27,0.4419,0.7966,-0.0072,-1.0124,0.2001,확장(Risk-On),1.0,0.5,1418.75
2006-02-28,0.166,0.6498,-0.1181,-0.8199,0.068,중립(Neutral),0.5,0.5,1407.25
2006-03-01,0.3689,0.8597,0.0828,-0.7777,0.2481,확장(Risk-On),1.0,0.5,1416.75
2006-03-02,0.3632,1.0833,0.0704,-0.9591,0.2717,확장(Risk-On),1.0,0.5,1416.25
2006-03-03,0.4416,0.9083,0.1101,-1.1854,0.2314,확장(Risk-On),1.0,0.5,1411.25
2006-03-06,0.4097,0.738,-0.0434,-1.3939,0.108,중립(Neutral),0.5,0.5,1404.25
2006-03-07,0.3594,0.7872,-0.2493,-1.3221,0.0619,중립(Neutral),0.5,0.5,1402.25
2006-03-08,0.5118,0.8694,-0.474,-1.3666,0.073,중립(Neutral),0.5,0.5,1404.25
2006-03-09,0.2829,0.7849,-0.4766,-1.3844,-0.0316,중립(Neutral),0.5,0.5,1396.75
2006-03-10,0.4619,1.0724,-0.4215,-1.2308,0.1398,중립(Neutral),0.5,0.5,1407.75
2006-03-13,0.455,1.313,-0.3074,-1.2619,0.2214,확장(Risk-On),1.0,0.5,1410.25
2006-03-14,0.7294,1.229,-0.0437,-0.7053,0.4458,확장(Risk-On),1.0,0.5,1423.25
2006-03-15,0.7192,1.1216,0.0173,-0.8569,0.4079,확장(Risk-On),1.0,0.5,1428.75
2006-03-16,0.7872,0.8142,0.0943,-0.4381,0.4369,확장(Risk-On),1.0,0.5,1431.25
2006-03-17,0.6615,0.9658,0.1796,-0.621,0.4247,확장(Risk-On),1.0,0.5,1432.0
2006-03-20,0.6443,0.9952,0.1168,-0.4491,0.4361,확장(Risk-On),1.0,0.5,1430.0
2006-03-21,0.4949,1.2349,0.1435,-0.6775,0.4162,확장(Risk-On),1.0,0.5,1422.0
2006-03-22,0.6436,1.2397,0.2737,-0.7699,0.4881,확장(Risk-On),1.0,0.5,1429.0
2006-03-23,0.5103,1.3086,0.2209,-0.7934,0.442,확장(Risk-On),1.0,0.5,1426.25
2006-03-24,0.6119,1.1564,0.2617,-0.4522,0.5008,확장(Risk-On),1.0,0.5,1427.25
2006-03-27,0.5272,1.1323,0.1893,-0.4978,0.4403,확장(Risk-On),1.0,0.5,1425.5
2006-03-28,0.4449,1.1694,-0.0671,-0.9758,0.2849,확장(Risk-On),1.0,0.5,1417.0
2006-03-29,0.7391,1.2684,-0.2787,-0.9288,0.3668,확장(Risk-On),1.0,0.5,1424.5
2006-03-30,0.5723,1.1804,-0.3816,-0.9134,0.263,확장(Risk-On),1.0,0.5,1422.0
2006-03-31,0.4237,1.1141,-0.4426,-0.7218,0.2079,확장(Risk-On),1.0,0.5,1417.75
2006-04-03,0.5382,1.1982,-0.375,-0.6833,0.2917,확장(Risk-On),1.0,1.0,1420.25
2006-04-04,0.825,1.2698,-0.1717,-0.7033,0.4578,확장(Risk-On),1.0,1.0,1429.25
2006-04-05,0.8549,1.1408,-0.2112,-0.5676,0.4465,확장(Risk-On),1.0,1.0,1433.5
2006-04-06,0.7636,1.2608,-0.1777,-0.7874,0.4199,확장(Risk-On),1.0,1.0,1432.0
2006-04-07,0.6014,1.0573,-0.3242,-1.0954,0.2295,확장(Risk-On),1.0,1.0,1418.5
2006-04-10,0.4327,1.0058,-0.4345,-0.9602,0.1502,중립(Neutral),0.5,1.0,1420.0
2006-04-11,0.2346,0.698,-0.3885,-0.9917,0.0107,중립(Neutral),0.5,1.0,1408.5
2006-04-12,0.1183,0.899,-0.4601,-1.0194,-0.0018,중립(Neutral),0.5,1.0,1410.0
2006-04-13,0.058,0.9795,-0.4158,-1.3498,-0.0413,중립(Neutral),0.5,1.0,1408.75
2006-04-17,0.1074,1.0524,-0.4168,-1.4311,-0.0182,중립(Neutral),0.5,1.0,1407.5
2006-04-18,0.443,1.3215,-0.294,-0.9864,0.264,확장(Risk-On),1.0,1.0,1428.0
2006-04-19,0.6849,1.2434,-0.2238,-1.1517,0.3219,확장(Risk-On),1.0,1.0,1429.75
2006-04-20,0.6159,1.0954,-0.1515,-1.0042,0.3009,확장(Risk-On),1.0,1.0,1431.5
2006-04-21,0.6227,1.0477,-0.2355,-1.1744,0.2448,확장(Risk-On),1.0,1.0,1431.5
2006-04-24,0.5594,0.9733,0.0265,-0.9988,0.2959,확장(Risk-On),1.0,1.0,1429.0
2006-04-25,0.4489,1.0591,-0.0528,-1.1437,0.2371,확장(Risk-On),1.0,1.0,1424.0
2006-04-26,0.4382,0.9301,-0.0416,-1.1383,0.2048,확장(Risk-On),1.0,1.0,1423.5
2006-04-27,0.5404,1.0908,0.326,-0.8921,0.4095,확장(Risk-On),1.0,1.0,1429.5
2006-04-28,0.6068,1.1668,0.4496,-0.816,0.4941,확장(Risk-On),1.0,1.0,1430.5
2006-05-01,0.5048,0.9487,0.402,-0.9378,0.3737,확장(Risk-On),1.0,1.0,1422.75
2006-05-02,0.7931,1.1193,0.3677,-0.9385,0.5086,확장(Risk-On),1.0,1.0,1432.5
2006-05-03,0.5882,1.0154,0.2528,-1.2865,0.3299,확장(Risk-On),1.0,1.0,1426.75
2006-05-04,0.5913,1.1674,0.3656,-1.2295,0.4058,확장(Risk-On),1.0,1.0,1431.5
2006-05-05,0.8756,1.315,0.2996,-0.8049,0.5894,확장(Risk-On),1.0,1.0,1443.5
2006-05-08,0.9066,1.2341,0.2381,-0.9114,0.5486,확장(Risk-On),1.0,1.0,1441.75
2006-05-09,0.9767,1.2854,0.1458,-1.0577,0.541,확장(Risk-On),1.0,1.0,1443.75
2006-05-10,1.0409,1.2726,0.0496,-0.8919,0.5611,확장(Risk-On),1.0,1.0,1442.25
2006-05-11,0.6833,0.894,-0.1785,-0.979,0.2712,확장(Risk-On),1.0,1.0,1426.25
2006-05-12,0.2501,0.5199,-0.1631,-1.2235,-0.0068,중립(Neutral),0.5,1.0,1408.75
2006-05-15,0.2673,0.6675,0.1348,-1.0367,0.1386,중립(Neutral),0.5,1.0,1411.75
2006-05-16,0.1734,0.4574,0.0915,-0.8598,0.069,중립(Neutral),0.5,1.0,1409.5
2006-05-17,-0.4822,-0.161,-0.2692,-0.8852,-0.4091,수축(Risk-Off),0.0,1.0,1383.5
2006-05-18,-0.5769,-0.417,-0.254,-0.507,-0.4457,수축(Risk-Off),0.0,1.0,1377.5
2006-05-19,-0.4571,-0.4446,0.0575,-0.5023,-0.3321,수축(Risk-Off),0.0,1.0,1385.25
2006-05-22,-0.6519,-0.6175,0.0263,-0.4395,-0.4419,수축(Risk-Off),0.0,1.0,1376.5
2006-05-23,-0.7681,-0.6103,-0.0842,-0.5058,-0.5183,수축(Risk-Off),0.0,1.0,1367.0
2006-05-24,-0.5893,-0.5166,0.1182,-0.4468,-0.3729,수축(Risk-Off),0.0,1.0,1375.5
2006-05-25,-0.3215,-0.0548,0.1874,-0.5743,-0.1655,중립(Neutral),0.5,1.0,1390.5
2006-05-26,-0.1937,0.1459,0.1747,-0.4538,-0.0557,중립(Neutral),0.5,1.0,1397.25
2006-05-29,-0.3126,0.2191,0.1866,-0.442,-0.0743,중립(Neutral),0.5,1.0,1394.5
2006-05-30,-0.545,-0.4849,0.2909,-0.5033,-0.3147,수축(Risk-Off),0.0,1.0,1374.5
2006-05-31,-0.4129,-0.0421,0.3247,-0.6489,-0.1712,중립(Neutral),0.5,1.0,1386.5
2006-06-01,-0.1173,0.3444,0.589,-0.6271,0.0982,중립(Neutral),0.5,0.5,1400.25
2006-06-02,-0.1141,0.1423,0.5994,-0.4648,0.0758,중립(Neutral),0.5,0.5,1402.75
2006-06-05,-0.5108,-0.2374,0.418,-0.4981,-0.2084,수축(Risk-Off),0.0,0.5,1384.0
2006-06-06,-0.5395,-0.3423,0.1088,-0.4787,-0.319,수축(Risk-Off),0.0,0.5,1380.25
2006-06-07,-0.755,-0.4936,-0.0177,-0.4787,-0.4639,수축(Risk-Off),0.0,0.5,1370.5
2006-06-08,-0.7656,-0.4548,-0.1839,-0.5279,-0.5068,수축(Risk-Off),0.0,0.5,1370.0
2006-06-09,-0.7641,-0.3531,-0.2517,-0.5954,-0.5079,수축(Risk-Off),0.0,0.5,1365.5
2006-06-12,-0.8132,-0.758,-0.3143,-0.6028,-0.6431,수축(Risk-Off),0.0,0.5,1351.0
2006-06-13,-1.0352,-1.1984,-0.0381,-0.6214,-0.7647,수축(Risk-Off),0.0,0.5,1336.5
2006-06-14,-0.8884,-0.6183,-0.0062,-0.6583,-0.5658,수축(Risk-Off),0.0,0.5,1345.25
2006-06-15,-0.2813,0.2521,0.315,-0.8369,-0.0822,중립(Neutral),0.5,0.5,1371.75
2006-06-16,-0.3006,0.1838,0.2041,-0.9698,-0.1537,중립(Neutral),0.5,0.5,1364.0
2006-06-19,-0.5253,0.1001,0.1704,-1.1048,-0.282,수축(Risk-Off),0.0,0.5,1352.5
2006-06-20,-0.4056,0.2514,0.1778,-1.1588,-0.2085,수축(Risk-Off),0.0,0.5,1356.5
2006-06-21,-0.2092,0.322,0.3356,-1.2726,-0.0997,중립(Neutral),0.5,0.5,1365.75
2006-06-22,-0.3645,0.1664,0.1819,-1.3391,-0.2414,수축(Risk-Off),0.0,0.5,1360.0
2006-06-23,-0.4228,0.1617,0.1051,-1.4887,-0.3046,수축(Risk-Off),0.0,0.5,1359.5
2006-06-26,-0.4477,0.1788,0.2036,-1.502,-0.2864,수축(Risk-Off),0.0,0.5,1364.25
2006-06-27,-0.5897,0.2073,-0.0139,-1.2202,-0.3411,수축(Risk-Off),0.0,0.5,1353.75
2006-06-28,-0.3298,0.263,-0.029,-1.1919,-0.2357,수축(Risk-Off),0.0,0.5,1361.75
2006-06-29,-0.091,0.5251,0.197,-1.0691,-0.0117,중립(Neutral),0.5,0.5,1386.5
2006-06-30,-0.2685,0.4047,0.3738,-1.228,-0.0835,중립(Neutral),0.5,0.5,1383.5
2006-07-03,-0.1954,0.5745,0.4872,-1.1808,0.0199,중립(Neutral),0.5,0.5,1392.25
2006-07-04,-0.0655,0.6896,0.5054,-1.245,0.0891,중립(Neutral),0.5,0.5,1391.75
2006-07-05,-0.0792,0.5633,0.3329,-1.4521,-0.0215,중립(Neutral),0.5,0.5,1383.75
2006-07-06,0.0081,0.6303,0.3577,-1.3317,0.0501,중립(Neutral),0.5,0.5,1386.75
2006-07-07,-0.0492,0.4864,0.3912,-1.134,0.0321,중립(Neutral),0.5,0.5,1379.0
2006-07-10,0.0149,0.6169,0.3299,-1.1216,0.0737,중립(Neutral),0.5,0.5,1381.0
2006-07-11,0.1802,0.8276,0.1452,-1.0565,0.1478,중립(Neutral),0.5,0.5,1386.25
2006-07-12,0.1017,0.4314,-0.0636,-0.6976,0.0229,중립(Neutral),0.5,0.5,1372.25
2006-07-13,-0.2241,-0.3607,-0.2591,-0.5015,-0.3086,수축(Risk-Off),0.0,0.5,1351.5
2006-07-14,-0.5634,-0.346,-0.3521,-0.504,-0.4473,수축(Risk-Off),0.0,0.5,1346.25
2006-07-17,-0.5539,-0.3396,-0.4972,-0.4871,-0.4761,수축(Risk-Off),0.0,0.5,1344.5
2006-07-18,-0.3936,-0.2664,-0.3359,-0.5602,-0.3724,수축(Risk-Off),0.0,0.5,1349.75
2006-07-19,-0.2038,-0.127,-0.2397,-0.4117,-0.2248,수축(Risk-Off),0.0,0.5,1366.5
2006-07-20,-0.3734,-0.2318,-0.3014,-0.3765,-0.3205,수축(Risk-Off),0.0,0.5,1358.25
2006-07-21,-0.4375,-0.3659,-0.2693,-0.409,-0.3733,수축(Risk-Off),0.0,0.5,1348.75
2006-07-24,-0.1264,-0.0503,-0.0895,-0.4105,-0.1407,중립(Neutral),0.5,0.5,1371.5
2006-07-25,-0.1166,0.0164,-0.2005,-0.4155,-0.1491,중립(Neutral),0.5,0.5,1375.5
2006-07-26,-0.0268,-0.0277,-0.1188,-0.3494,-0.0984,중립(Neutral),0.5,0.5,1377.25
2006-07-27,-0.0749,-0.2251,-0.0899,-0.363,-0.1594,중립(Neutral),0.5,0.5,1376.25
2006-07-28,-0.1257,-0.1596,-0.0882,-0.2596,-0.1449,중립(Neutral),0.5,0.5,1388.25
2006-07-31,-0.1238,-0.2554,-0.0931,-0.2599,-0.1694,중립(Neutral),0.5,0.5,1385.75
2006-08-01,-0.2446,-0.2964,-0.116,-0.2304,-0.2232,수축(Risk-Off),0.0,0.5,1380.75
2006-08-02,-0.2067,-0.1529,-0.0835,-0.2115,-0.1632,중립(Neutral),0.5,0.5,1388.25
2006-08-03,-0.0841,-0.1462,0.0621,-0.2229,-0.0839,중립(Neutral),0.5,0.5,1391.25
2006-08-04,-0.1291,-0.161,0.2086,-0.2142,-0.0654,중립(Neutral),0.5,0.5,1390.0
2006-08-07,-0.1173,-0.2252,0.0577,-0.2437,-0.1195,중립(Neutral),0.5,0.5,1386.25
2006-08-08,-0.1426,-0.2364,0.0704,-0.2085,-0.1227,중립(Neutral),0.5,0.5,1380.75
2006-08-09,-0.1845,-0.1253,0.2598,-0.254,-0.0691,중립(Neutral),0.5,0.5,1375.5
2006-08-10,-0.0417,0.2451,0.1981,-0.2081,0.065,중립(Neutral),0.5,0.5,1379.5
2006-08-11,0.0938,0.2939,0.071,-0.2556,0.0857,중립(Neutral),0.5,0.5,1376.25
2006-08-14,0.2436,0.434,0.0505,-0.2733,0.1654,중립(Neutral),0.5,0.5,1377.25
2006-08-15,0.4827,0.4882,0.3722,-0.2513,0.3463,확장(Risk-On),1.0,0.5,1391.75
2006-08-16,0.5423,0.4912,0.3356,-0.1437,0.3749,확장(Risk-On),1.0,0.5,1403.0
2006-08-17,0.5072,0.4585,0.3502,-0.094,0.3656,확장(Risk-On),1.0,0.5,1405.0
2006-08-18,0.658,0.5878,0.3647,-0.0107,0.4668,확장(Risk-On),1.0,0.5,1411.0
2006-08-21,0.6263,0.367,0.3557,0.0563,0.4083,확장(Risk-On),1.0,0.5,1406.25
2006-08-22,0.4186,0.4205,0.3031,0.0567,0.3359,확장(Risk-On),1.0,0.5,1406.0
2006-08-23,0.3038,0.2692,0.1797,0.041,0.2247,확장(Risk-On),1.0,0.5,1401.75
2006-08-24,0.253,0.2259,0.0005,0.0355,0.1505,중립(Neutral),0.5,0.5,1400.0
2006-08-25,0.3661,0.3071,-0.0703,0.078,0.199,중립(Neutral),0.5,0.5,1401.5
2006-08-28,0.3287,0.4545,0.1785,0.0816,0.2855,확장(Risk-On),1.0,0.5,1407.75
2006-08-29,0.2826,0.4806,0.2871,-0.0181,0.2881,확장(Risk-On),1.0,0.5,1409.0
2006-08-30,0.3175,0.4378,0.372,0.0424,0.3199,확장(Risk-On),1.0,0.5,1409.0
2006-08-31,0.368,0.4314,0.3442,-0.0302,0.3182,확장(Risk-On),1.0,0.5,1409.5
2006-09-01,0.4739,0.528,0.4413,0.006,0.4091,확장(Risk-On),1.0,1.0,1416.5
2006-09-04,0.5991,0.6743,0.6013,-0.0212,0.5254,확장(Risk-On),1.0,1.0,1420.25
2006-09-05,0.6001,0.749,0.3077,0.006,0.4751,확장(Risk-On),1.0,1.0,1418.5
2006-09-06,0.4903,0.3807,0.1051,-0.0286,0.2888,확장(Risk-On),1.0,1.0,1406.75
2006-09-07,0.5651,0.0976,0.0324,0.0357,0.2357,확장(Risk-On),1.0,1.0,1400.25
2006-09-08,0.6866,0.185,0.1597,-0.0293,0.3221,확장(Risk-On),1.0,1.0,1403.25
2006-09-11,0.6949,0.2992,0.395,-0.0357,0.4114,확장(Risk-On),1.0,1.0,1404.5
2006-09-12,0.7548,0.4002,0.532,0.1103,0.5138,확장(Risk-On),1.0,1.0,1417.75
2006-09-13,0.7351,0.4084,0.473,0.1589,0.5015,확장(Risk-On),1.0,1.0,1421.75
2006-09-14,0.7059,0.3399,0.7084,0.1802,0.5362,확장(Risk-On),1.0,1.0,1422.25
2006-09-15,0.7106,0.2373,0.7567,0.1521,0.52,확장(Risk-On),1.0,1.0,1425.0
2006-09-18,0.6204,0.2889,0.6623,0.1082,0.4712,확장(Risk-On),1.0,1.0,1427.0
2006-09-19,0.6326,0.2455,0.7437,0.2627,0.5081,확장(Risk-On),1.0,1.0,1423.25
2006-09-20,0.748,0.3037,0.7637,0.2147,0.5609,확장(Risk-On),1.0,1.0,1429.25
2006-09-21,0.7486,-0.0213,0.6061,0.3761,0.4646,확장(Risk-On),1.0,1.0,1423.0
2006-09-22,0.7915,-0.0863,0.5565,0.5341,0.4747,확장(Risk-On),1.0,1.0,1418.75
2006-09-25,0.9179,-0.0704,0.5174,0.5796,0.5199,확장(Risk-On),1.0,1.0,1428.5
2006-09-26,0.8951,0.1482,0.533,0.4966,0.5581,확장(Risk-On),1.0,1.0,1439.5
2006-09-27,0.9566,0.0531,0.7487,0.5822,0.6226,확장(Risk-On),1.0,1.0,1440.5
2006-09-28,0.9029,0.1063,0.6572,0.5399,0.5879,확장(Risk-On),1.0,1.0,1440.0
2006-09-29,0.9066,0.1467,0.6286,0.5268,0.5902,확장(Risk-On),1.0,1.0,1438.25
2006-10-02,0.7887,-0.0246,0.6705,0.5825,0.5249,확장(Risk-On),1.0,1.0,1433.25
2006-10-03,0.7532,0.1198,0.9138,0.5182,0.5997,확장(Risk-On),1.0,1.0,1436.0
2006-10-04,1.0823,0.4025,1.3539,0.6362,0.9133,확장(Risk-On),1.0,1.0,1451.0
2006-10-05,1.3796,0.7344,1.4981,0.5684,1.1263,확장(Risk-On),1.0,1.0,1453.5
2006-10-06,1.3265,0.9344,1.4354,0.3917,1.1155,확장(Risk-On),1.0,1.0,1451.5
2006-10-09,1.4597,0.8957,1.584,0.3595,1.1848,확장(Risk-On),1.0,1.0,1452.0
2006-10-10,1.5963,0.7615,1.5159,0.3941,1.1872,확장(Risk-On),1.0,1.0,1453.5
2006-10-11,1.4527,0.6943,1.428,0.2852,1.0818,확장(Risk-On),1.0,1.0,1451.75
2006-10-12,1.676,1.0199,1.3387,0.3576,1.2299,확장(Risk-On),1.0,1.0,1463.5
2006-10-13,1.7503,1.2544,1.2339,0.2498,1.2722,확장(Risk-On),1.0,1.0,1466.25
2006-10-16,1.8941,1.105,1.1727,0.4014,1.2926,확장(Risk-On),1.0,1.0,1468.75
2006-10-17,1.7506,0.8648,1.3014,0.2629,1.1937,확장(Risk-On),1.0,1.0,1464.5
2006-10-18,1.8494,0.8887,1.1892,0.3355,1.2171,확장(Risk-On),1.0,1.0,1465.25
2006-10-19,1.6621,1.1812,1.1823,-0.0154,1.1703,확장(Risk-On),1.0,1.0,1467.0
2006-10-20,1.7388,1.3063,1.1383,-0.2646,1.18,확장(Risk-On),1.0,1.0,1467.75
2006-10-23,1.8992,1.2363,1.1799,-0.5408,1.1877,확장(Risk-On),1.0,1.0,1473.5
2006-10-24,1.9029,1.2993,1.2044,-0.4566,1.2235,확장(Risk-On),1.0,1.0,1477.5
2006-10-25,1.7865,1.2865,1.1905,-0.1953,1.2153,확장(Risk-On),1.0,1.0,1482.0
2006-10-26,1.885,1.2762,1.3214,0.1846,1.3368,확장(Risk-On),1.0,1.0,1485.75
2006-10-27,1.6781,1.1977,1.201,0.4745,1.2582,확장(Risk-On),1.0,1.0,1477.5
2006-10-30,1.5779,1.1847,1.2304,0.3639,1.2106,확장(Risk-On),1.0,1.0,1476.0
2006-10-31,1.6262,1.1399,1.3875,0.5909,1.2897,확장(Risk-On),1.0,1.0,1476.0
2006-11-01,1.3128,0.851,1.1902,0.669,1.0701,확장(Risk-On),1.0,1.0,1465.75
2006-11-02,1.1203,0.8899,1.0975,0.5506,0.9715,확장(Risk-On),1.0,1.0,1464.0
2006-11-03,1.0553,1.0073,0.9938,0.2916,0.9133,확장(Risk-On),1.0,1.0,1461.25
2006-11-06,1.3825,1.0504,1.1131,0.2979,1.0694,확장(Risk-On),1.0,1.0,1476.5
2006-11-07,1.5091,1.0197,1.064,0.4344,1.1143,확장(Risk-On),1.0,1.0,1481.75
2006-11-08,1.5897,1.1195,0.968,0.4389,1.1441,확장(Risk-On),1.0,1.0,1484.25
2006-11-09,1.3722,0.8547,0.6425,0.4892,0.9279,확장(Risk-On),1.0,1.0,1476.75
2006-11-10,1.1126,0.8144,0.7488,0.5027,0.8556,확장(Risk-On),1.0,1.0,1477.5
2006-11-13,1.0841,0.9587,0.7639,0.4794,0.882,확장(Risk-On),1.0,1.0,1480.75
2006-11-14,1.2422,1.2119,0.9906,0.5565,1.0689,확장(Risk-On),1.0,1.0,1490.5
2006-11-15,1.3863,1.3127,1.0611,0.5363,1.1591,확장(Risk-On),1.0,1.0,1494.25
2006-11-16,1.5065,1.3681,1.149,0.4716,1.2273,확장(Risk-On),1.0,1.0,1497.75
2006-11-17,1.5091,1.2856,1.1758,0.3893,1.2019,확장(Risk-On),1.0,1.0,1497.5
2006-11-20,1.5013,1.3292,1.0154,0.4346,1.1768,확장(Risk-On),1.0,1.0,1498.0
2006-11-21,1.458,1.2771,0.954,0.4393,1.134,확장(Risk-On),1.0,1.0,1499.0
2006-11-22,1.4594,1.2142,1.1341,0.4796,1.1698,확장(Risk-On),1.0,1.0,1501.25
2006-11-23,1.3129,1.217,1.2153,0.4477,1.1348,확장(Risk-On),1.0,1.0,1500.0
2006-11-24,1.179,1.0007,1.2095,0.4529,1.0331,확장(Risk-On),1.0,1.0,1495.75
2006-11-27,0.7366,0.429,0.8234,0.4738,0.642,확장(Risk-On),1.0,1.0,1476.25
2006-11-28,0.8506,0.5465,1.0975,0.4786,0.7805,확장(Risk-On),1.0,1.0,1481.25
2006-11-29,1.102,0.9955,1.3599,0.5645,1.0592,확장(Risk-On),1.0,1.0,1495.0
2006-11-30,1.2047,0.9667,1.3743,0.6764,1.1083,확장(Risk-On),1.0,1.0,1495.75
2006-12-01,1.1608,0.6666,1.4594,0.7555,1.0511,확장(Risk-On),1.0,1.0,1493.25
2006-12-04,1.4918,0.8001,1.3414,0.7759,1.1739,확장(Risk-On),1.0,1.0,1503.5
2006-12-05,1.5402,0.7748,1.2912,0.7877,1.1737,확장(Risk-On),1.0,1.0,1509.5
2006-12-06,1.4328,0.7165,1.2994,0.7251,1.1142,확장(Risk-On),1.0,1.0,1507.5
2006-12-07,1.2424,0.3408,1.0532,0.7792,0.9002,확장(Risk-On),1.0,1.0,1501.5
2006-12-08,1.2621,0.5234,1.0649,0.708,0.945,확장(Risk-On),1.0,1.0,1502.75
2006-12-11,1.3038,0.8473,1.1077,0.7447,1.0568,확장(Risk-On),1.0,1.0,1507.25
2006-12-12,1.2242,0.8627,1.0633,0.7731,1.026,확장(Risk-On),1.0,1.0,1505.5
2006-12-13,1.1282,1.025,0.9938,0.6825,1.0019,확장(Risk-On),1.0,1.0,1507.0
2006-12-14,1.3603,1.2835,1.106,0.6234,1.167,확장(Risk-On),1.0,1.0,1518.75
2006-12-15,1.35,1.3355,1.1609,0.5569,1.1801,확장(Risk-On),1.0,1.0,1518.75
2006-12-18,1.2639,1.1273,1.0582,0.5793,1.0756,확장(Risk-On),1.0,1.0,1515.25
2006-12-19,1.3833,1.1127,1.1241,0.5247,1.1221,확장(Risk-On),1.0,1.0,1516.75
2006-12-20,1.3765,1.1385,1.1565,0.582,1.1428,확장(Risk-On),1.0,1.0,1515.75
2006-12-21,1.0719,0.943,1.1888,0.6754,1.0095,확장(Risk-On),1.0,1.0,1510.25
2006-12-22,0.7558,0.8303,0.9794,0.3251,0.7657,확장(Risk-On),1.0,1.0,1500.75
2006-12-26,0.9815,1.1963,0.9965,0.3554,0.945,확장(Risk-On),1.0,1.0,1509.25
2006-12-27,1.3479,1.3376,0.8017,0.0207,1.0097,확장(Risk-On),1.0,1.0,1517.5
2006-12-28,1.2675,1.1168,0.4934,-0.0857,0.8333,확장(Risk-On),1.0,1.0,1514.25
2006-12-29,1.0039,0.9001,0.4935,-0.3505,0.6472,확장(Risk-On),1.0,1.0,1509.0
2007-01-02,0.9644,0.9146,0.7489,-0.438,0.6877,확장(Risk-On),1.0,1.0,1509.0
2007-01-03,0.823,0.6748,0.6703,-0.3225,0.5759,확장(Risk-On),1.0,1.0,1505.25
2007-01-04,0.7462,0.7109,0.6766,-0.0517,0.6003,확장(Risk-On),1.0,1.0,1508.0
2007-01-05,0.4215,0.4818,0.6942,-0.1248,0.4228,확장(Risk-On),1.0,1.0,1497.0
2007-01-08,0.6022,0.7035,0.6884,-0.1986,0.529,확장(Risk-On),1.0,1.0,1503.0
2007-01-09,0.6383,0.5722,0.6975,0.0203,0.5439,확장(Risk-On),1.0,1.0,1501.0
2007-01-10,0.7076,0.5241,0.695,-0.1447,0.5307,확장(Risk-On),1.0,1.0,1505.0
2007-01-11,0.7965,0.8123,0.6453,-0.4415,0.5769,확장(Risk-On),1.0,1.0,1511.5
2007-01-12,0.9815,1.0146,0.7112,-0.3387,0.7242,확장(Risk-On),1.0,1.0,1521.25
2007-01-15,1.0022,0.9695,0.7136,-0.2752,0.7303,확장(Risk-On),1.0,1.0,1524.0
2007-01-16,0.7836,0.7719,0.558,-0.2627,0.5673,확장(Risk-On),1.0,1.0,1519.25
2007-01-17,0.76,0.8534,0.4247,-0.425,0.5218,확장(Risk-On),1.0,1.0,1519.25
2007-01-18,0.6273,0.6449,0.3703,-0.3028,0.4279,확장(Risk-On),1.0,1.0,1513.75
2007-01-19,0.684,0.8156,0.3166,-0.3996,0.4625,확장(Risk-On),1.0,1.0,1517.25
2007-01-22,0.5463,0.7465,0.2138,-0.4981,0.3566,확장(Risk-On),1.0,1.0,1511.5
2007-01-23,0.676,1.1526,0.2246,-0.4889,0.5076,확장(Risk-On),1.0,1.0,1516.0
2007-01-24,1.0206,1.3329,0.3185,-0.5305,0.6905,확장(Risk-On),1.0,1.0,1526.75
2007-01-25,0.5247,0.9295,0.0706,-0.5985,0.3439,확장(Risk-On),1.0,1.0,1509.75
2007-01-26,0.4516,1.1263,0.2348,-0.5154,0.421,확장(Risk-On),1.0,1.0,1508.0
2007-01-29,0.507,1.1107,0.3721,-0.4987,0.4734,확장(Risk-On),1.0,1.0,1506.75
2007-01-30,0.6846,1.1512,0.5745,-0.4855,0.5982,확장(Risk-On),1.0,1.0,1514.5
2007-01-31,0.9664,1.2671,0.4954,-0.3181,0.7311,확장(Risk-On),1.0,1.0,1523.5
2007-02-01,1.1671,1.3127,0.3864,-0.6091,0.7419,확장(Risk-On),1.0,1.0,1531.25
2007-02-02,1.2091,1.4847,0.3667,-0.5844,0.7984,확장(Risk-On),1.0,1.0,1533.5
2007-02-05,1.2263,1.3902,0.5156,-0.4582,0.8369,확장(Risk-On),1.0,1.0,1534.25
2007-02-06,1.1001,1.3327,0.4062,-0.3055,0.7739,확장(Risk-On),1.0,1.0,1533.75
2007-02-07,1.1288,1.2859,0.4913,-0.1334,0.8194,확장(Risk-On),1.0,1.0,1536.25
2007-02-08,1.1215,1.1415,0.3038,0.0461,0.7608,확장(Risk-On),1.0,1.0,1534.5
2007-02-09,0.7866,0.7803,0.0271,-0.0696,0.4667,확장(Risk-On),1.0,1.0,1523.5
2007-02-12,0.5612,0.5809,-0.0808,-0.1623,0.2971,확장(Risk-On),1.0,1.0,1518.5
2007-02-13,0.6685,1.1239,0.0756,-0.2941,0.4897,확장(Risk-On),1.0,1.0,1530.0
2007-02-14,0.8741,1.0776,0.2529,0.052,0.6464,확장(Risk-On),1.0,1.0,1539.0
2007-02-15,0.8639,1.1015,0.3344,0.0823,0.6737,확장(Risk-On),1.0,1.0,1540.0
2007-02-16,0.9116,1.0746,0.147,0.064,0.6341,확장(Risk-On),1.0,1.0,1539.5
2007-02-19,0.9172,1.1338,0.164,0.0183,0.6482,확장(Risk-On),1.0,1.0,1540.0
2007-02-20,0.9926,1.0661,0.1339,0.0274,0.6515,확장(Risk-On),1.0,1.0,1542.25
2007-02-21,0.9854,1.2003,0.2036,0.0092,0.6972,확장(Risk-On),1.0,1.0,1541.0
2007-02-22,0.8593,1.4322,0.0667,0.0213,0.6786,확장(Risk-On),1.0,1.0,1539.75
2007-02-23,1.0204,1.1073,-0.0958,0.1136,0.6271,확장(Risk-On),1.0,1.0,1534.25
2007-02-26,1.1557,1.021,-0.2118,0.1662,0.6317,확장(Risk-On),1.0,1.0,1533.0
2007-02-27,-0.1027,-0.5049,-0.6451,0.2713,-0.2828,수축(Risk-Off),0.0,1.0,1475.75
2007-02-28,-0.0105,-0.089,-0.4989,0.2611,-0.1115,중립(Neutral),0.5,1.0,1489.5
2007-03-01,-0.1621,-0.199,-0.5797,0.2309,-0.2168,수축(Risk-Off),0.0,0.5,1485.5
2007-03-02,-0.4715,-0.7113,-0.5563,0.2696,-0.4415,수축(Risk-Off),0.0,0.5,1466.25
2007-03-05,-0.7346,-0.8285,-0.6294,0.2999,-0.5766,수축(Risk-Off),0.0,0.5,1452.75
2007-03-06,-0.4422,-0.3187,-0.4655,0.3037,-0.3052,수축(Risk-Off),0.0,0.5,1476.0
2007-03-07,-0.4655,-0.2781,-0.4762,0.3633,-0.297,수축(Risk-Off),0.0,0.5,1473.75
2007-03-08,-0.3084,-0.0434,-0.5089,0.2605,-0.207,수축(Risk-Off),0.0,0.5,1485.25
2007-03-09,-0.2943,0.0165,-0.4698,0.1488,-0.194,중립(Neutral),0.5,0.5,1485.5
2007-03-12,-0.1974,-0.0564,-0.3885,0.0966,-0.1658,중립(Neutral),0.5,0.5,1487.5
2007-03-13,-0.4986,-0.7856,-0.5056,0.1133,-0.4803,수축(Risk-Off),0.0,0.5,1460.0
2007-03-14,-0.4518,-0.6087,-0.2983,0.0413,-0.3787,수축(Risk-Off),0.0,0.5,1469.75
2007-03-15,-0.5353,-0.4996,-0.4289,0.0578,-0.4108,수축(Risk-Off),0.0,0.5,1471.5
2007-03-16,-0.5928,-0.5525,-0.4195,0.0522,-0.4427,수축(Risk-Off),0.0,0.5,1467.0
2007-03-19,-0.35,-0.1094,-0.3327,0.0556,-0.2247,수축(Risk-Off),0.0,0.5,1483.75
2007-03-20,-0.2803,0.0174,-0.1573,0.1036,-0.1176,중립(Neutral),0.5,0.5,1491.5
2007-03-21,-0.0286,0.1883,-0.0345,0.123,0.0469,중립(Neutral),0.5,0.5,1513.0
2007-03-22,0.0068,0.0686,-0.012,0.0369,0.0221,중립(Neutral),0.5,0.5,1513.0
2007-03-23,0.068,0.0838,0.0271,-0.0601,0.0425,중립(Neutral),0.5,0.5,1515.0
2007-03-26,0.035,0.0503,0.0065,0.0286,0.0307,중립(Neutral),0.5,0.5,1513.25
2007-03-27,-0.0505,0.4092,-0.0978,-0.0731,0.0492,중립(Neutral),0.5,0.5,1508.5
2007-03-28,0.1933,0.0753,-0.0509,0.0192,0.0767,중립(Neutral),0.5,0.5,1497.5
2007-03-29,0.1741,0.1494,0.0566,0.0061,0.1133,중립(Neutral),0.5,0.5,1499.5
2007-03-30,0.1949,0.3839,0.0906,-0.1527,0.1639,중립(Neutral),0.5,0.5,1499.25
2007-04-02,0.3747,0.4191,0.0392,-0.1301,0.2262,확장(Risk-On),1.0,0.5,1501.25
2007-04-03,0.6044,0.4488,0.2122,-0.1551,0.3535,확장(Risk-On),1.0,0.5,1515.25
2007-04-04,0.5164,0.3862,0.2059,-0.2006,0.2987,확장(Risk-On),1.0,0.5,1516.5
2007-04-05,0.5591,0.2898,0.3248,-0.309,0.303,확장(Risk-On),1.0,0.5,1520.75
2007-04-06,0.4997,0.3121,0.2168,-0.3934,0.2481,확장(Risk-On),1.0,0.5,1520.75
2007-04-09,0.4671,0.3095,0.2098,-0.476,0.2219,확장(Risk-On),1.0,0.5,1522.5
2007-04-10,0.4459,0.6036,0.3107,-0.5829,0.2972,확장(Risk-On),1.0,0.5,1524.0
2007-04-11,0.4905,0.397,0.2873,-0.5309,0.2631,확장(Risk-On),1.0,0.5,1516.5
2007-04-12,0.5008,0.5332,0.4417,-0.4883,0.3457,확장(Risk-On),1.0,0.5,1523.5
2007-04-13,0.578,0.6396,0.422,-0.6301,0.3732,확장(Risk-On),1.0,0.5,1529.25
2007-04-16,0.7738,0.618,0.5503,-0.525,0.4842,확장(Risk-On),1.0,0.5,1543.5
2007-04-17,0.7314,0.4229,0.6563,-0.4274,0.4617,확장(Risk-On),1.0,0.5,1547.0
2007-04-18,0.6791,0.2527,0.7455,-0.3996,0.4273,확장(Risk-On),1.0,0.5,1548.25
2007-04-19,0.575,0.2767,0.8973,-0.3028,0.4493,확장(Risk-On),1.0,0.5,1548.25
2007-04-20,0.7176,0.3832,1.0512,-0.2902,0.5662,확장(Risk-On),1.0,0.5,1561.0
2007-04-23,0.5913,0.2177,0.9663,-0.2409,0.4668,확장(Risk-On),1.0,0.5,1556.25
2007-04-24,0.6795,0.1761,1.0354,0.1095,0.5571,확장(Risk-On),1.0,0.5,1556.5
2007-04-25,0.8479,0.3285,1.0999,0.0161,0.6563,확장(Risk-On),1.0,0.5,1568.75
2007-04-26,0.9261,0.4115,0.992,-0.1675,0.6498,확장(Risk-On),1.0,0.5,1570.75
2007-04-27,0.8797,0.4359,1.0216,-0.185,0.6445,확장(Risk-On),1.0,0.5,1570.0
2007-04-30,0.6777,0.0891,1.0603,0.0276,0.5287,확장(Risk-On),1.0,0.5,1556.5
2007-05-01,0.6888,0.2076,1.0058,-0.0333,0.5394,확장(Risk-On),1.0,1.0,1560.75
2007-05-02,0.7157,0.3087,0.9706,-0.0167,0.5678,확장(Risk-On),1.0,1.0,1569.0
2007-05-03,0.8185,0.3822,0.9508,-0.0969,0.6052,확장(Risk-On),1.0,1.0,1576.25
2007-05-04,0.8639,0.3682,1.1639,0.0112,0.6871,확장(Risk-On),1.0,1.0,1582.25
2007-05-07,0.8609,0.3241,1.2782,0.0673,0.712,확장(Risk-On),1.0,1.0,1582.25
2007-05-08,0.8855,0.2276,1.0113,-0.0028,0.6192,확장(Risk-On),1.0,1.0,1580.25
2007-05-09,0.9687,0.4327,0.9529,-0.0688,0.6751,확장(Risk-On),1.0,1.0,1583.5
2007-05-10,0.8143,0.2327,0.8621,-0.0573,0.5501,확장(Risk-On),1.0,1.0,1567.25
2007-05-11,0.8874,0.3822,0.8939,-0.1055,0.6138,확장(Risk-On),1.0,1.0,1580.25
2007-05-14,0.7961,0.2483,0.929,-0.128,0.5538,확장(Risk-On),1.0,1.0,1576.75
2007-05-15,0.6874,0.2841,0.9011,-0.226,0.503,확장(Risk-On),1.0,1.0,1576.5
2007-05-16,0.7465,0.3853,1.1819,-0.3408,0.602,확장(Risk-On),1.0,1.0,1586.0
2007-05-17,0.6936,0.3953,1.1501,-0.5544,0.5459,확장(Risk-On),1.0,1.0,1583.25
2007-05-18,0.8307,0.6457,1.2207,-0.7296,0.6479,확장(Risk-On),1.0,1.0,1596.0
2007-05-21,0.7929,0.6687,1.1514,-0.8106,0.611,확장(Risk-On),1.0,1.0,1596.0
2007-05-22,1.0033,1.2583,1.5209,-1.2718,0.8552,확장(Risk-On),1.0,1.0,1593.25
2007-05-23,1.0129,1.1659,1.3437,-1.3044,0.7862,확장(Risk-On),1.0,1.0,1593.5
2007-05-24,0.6919,0.963,1.2619,-1.1788,0.6216,확장(Risk-On),1.0,1.0,1579.5
2007-05-25,1.1075,1.2394,1.238,-1.1247,0.8383,확장(Risk-On),1.0,1.0,1585.25
2007-05-28,1.1018,1.3728,1.4719,-1.3805,0.8897,확장(Risk-On),1.0,1.0,1586.25
2007-05-29,1.3956,1.2897,1.4552,-1.3221,0.9764,확장(Risk-On),1.0,1.0,1590.5
2007-05-30,1.6323,1.3678,1.5284,-1.3676,1.0902,확장(Risk-On),1.0,1.0,1602.0
2007-05-31,1.6396,1.3321,1.5079,-1.3966,1.0744,확장(Risk-On),1.0,1.0,1601.0
2007-06-01,1.5976,1.3615,1.4092,-1.7667,0.9868,확장(Risk-On),1.0,1.0,1607.5
2007-06-04,1.6051,1.2975,1.3715,-1.6807,0.9769,확장(Risk-On),1.0,1.0,1608.25
2007-06-05,1.5852,1.2365,1.6801,-2.0153,0.9817,확장(Risk-On),1.0,1.0,1601.75
2007-06-06,1.155,0.9752,1.2396,-1.7403,0.6969,확장(Risk-On),1.0,1.0,1584.5
2007-06-07,0.5902,0.6981,1.0036,-2.1708,0.3064,확장(Risk-On),1.0,1.0,1557.25
2007-06-08,1.1525,1.0156,1.1324,-2.1962,0.6109,확장(Risk-On),1.0,1.0,1576.0
2007-06-11,1.0543,1.1279,0.985,-2.2879,0.554,확장(Risk-On),1.0,1.0,1578.5
2007-06-12,0.7512,0.8114,0.812,-2.2767,0.3273,확장(Risk-On),1.0,1.0,1561.0
2007-06-13,1.1272,1.0857,0.7558,-2.2689,0.5145,확장(Risk-On),1.0,1.0,1583.75
2007-06-14,1.1057,1.2703,0.7419,-2.2253,0.5562,확장(Risk-On),1.0,1.0,1593.0
2007-06-15,1.1988,1.1487,0.8254,-1.7581,0.6494,확장(Risk-On),1.0,1.0,1601.25
2007-06-18,0.9955,1.288,0.8811,-1.6477,0.6435,확장(Risk-On),1.0,1.0,1599.5
2007-06-19,1.0257,1.3638,0.8931,-1.1967,0.7437,확장(Risk-On),1.0,1.0,1602.5
2007-06-20,0.6262,1.0574,0.9364,-1.3277,0.5185,확장(Risk-On),1.0,1.0,1580.5
2007-06-21,0.761,1.2279,0.9485,-1.5091,0.5841,확장(Risk-On),1.0,1.0,1589.25
2007-06-22,0.6354,0.8002,0.806,-1.3053,0.4281,확장(Risk-On),1.0,1.0,1574.0
2007-06-25,0.5399,0.5371,0.8068,-0.9827,0.3775,확장(Risk-On),1.0,1.0,1567.0
2007-06-26,0.3192,0.1053,0.7792,-0.9922,0.184,중립(Neutral),0.5,1.0,1551.25
2007-06-27,0.5552,0.6212,0.9691,-0.8296,0.4675,확장(Risk-On),1.0,1.0,1572.5
2007-06-28,0.4579,0.6298,0.8547,-0.8763,0.3999,확장(Risk-On),1.0,1.0,1570.75
2007-06-29,0.3798,0.3265,0.9903,-0.345,0.4104,확장(Risk-On),1.0,1.0,1569.0
2007-07-02,0.5149,0.5039,1.1369,-0.2634,0.5509,확장(Risk-On),1.0,1.0,1584.5
2007-07-03,0.5886,0.6941,1.1241,-0.3567,0.607,확장(Risk-On),1.0,1.0,1589.75
2007-07-04,0.716,0.8164,1.1869,-0.3666,0.6964,확장(Risk-On),1.0,1.0,1592.5
2007-07-05,0.7819,0.9438,1.0271,-0.4402,0.7004,확장(Risk-On),1.0,1.0,1588.0
2007-07-06,1.074,0.9109,1.1266,-0.5452,0.8035,확장(Risk-On),1.0,1.0,1596.0
2007-07-09,0.9756,0.7699,0.946,-0.3959,0.7111,확장(Risk-On),1.0,1.0,1596.0
2007-07-10,0.5716,0.3851,0.7946,-0.2008,0.4649,확장(Risk-On),1.0,1.0,1573.5
2007-07-11,0.8184,0.4694,0.9132,-0.2263,0.5981,확장(Risk-On),1.0,1.0,1584.5
2007-07-12,0.9028,0.6707,0.9183,-0.2149,0.681,확장(Risk-On),1.0,1.0,1609.25
2007-07-13,0.8457,0.7103,1.0068,-0.2002,0.6952,확장(Risk-On),1.0,1.0,1613.5
2007-07-16,0.7778,0.5705,1.0604,-0.1146,0.6628,확장(Risk-On),1.0,1.0,1613.25
2007-07-17,0.7735,0.5919,0.9304,-0.1721,0.6255,확장(Risk-On),1.0,1.0,1612.25
2007-07-18,0.6631,0.5059,0.7521,-0.135,0.5263,확장(Risk-On),1.0,1.0,1608.25
2007-07-19,0.865,0.5662,0.7423,-0.1404,0.6088,확장(Risk-On),1.0,1.0,1613.25
2007-07-20,0.6186,0.3025,0.6234,-0.0685,0.4377,확장(Risk-On),1.0,1.0,1598.5
2007-07-23,0.7394,0.5381,0.6952,-0.0983,0.5524,확장(Risk-On),1.0,1.0,1602.5
2007-07-24,0.4169,0.308,0.5476,-0.1167,0.3423,확장(Risk-On),1.0,1.0,1576.0
2007-07-25,0.5418,0.066,0.4596,-0.1066,0.305,확장(Risk-On),1.0,1.0,1578.25
2007-07-26,0.0239,-0.5643,0.5263,0.0259,0.0027,중립(Neutral),0.5,1.0,1541.5
2007-07-27,-0.2894,-0.9372,0.2858,0.0563,-0.2557,수축(Risk-Off),0.0,1.0,1511.5
2007-07-30,-0.0574,-0.4999,0.3385,0.0475,-0.0533,중립(Neutral),0.5,1.0,1534.25
2007-07-31,-0.3426,-0.8674,0.3533,0.0861,-0.2355,수축(Risk-Off),0.0,1.0,1515.5
2007-08-01,-0.3145,-0.9116,0.3218,0.0173,-0.2549,수축(Risk-Off),0.0,0.0,1523.5
2007-08-02,-0.2073,-0.504,0.3794,-0.0087,-0.105,중립(Neutral),0.5,0.0,1535.25
2007-08-03,-0.538,-1.1353,0.2519,0.0387,-0.4033,수축(Risk-Off),0.0,0.0,1496.5
2007-08-06,-0.3641,-0.7953,0.344,0.0129,-0.2383,수축(Risk-Off),0.0,0.0,1521.25
2007-08-07,-0.1951,-0.4952,0.288,-0.0172,-0.1226,중립(Neutral),0.5,0.0,1536.0
2007-08-08,0.0722,-0.4098,0.3632,-0.0955,-0.0007,중립(Neutral),0.5,0.0,1557.5
2007-08-09,-0.3814,-1.1086,0.2162,0.0041,-0.356,수축(Risk-Off),0.0,0.0,1509.75
2007-08-10,-0.5329,-1.3807,0.05,-0.0248,-0.5229,수축(Risk-Off),0.0,0.0,1504.5
2007-08-13,-0.5424,-1.1901,0.0736,-0.062,-0.4783,수축(Risk-Off),0.0,0.0,1508.5
2007-08-14,-0.6951,-1.4028,-0.1401,-0.1278,-0.6482,수축(Risk-Off),0.0,0.0,1487.75
2007-08-15,-0.8769,-1.7203,-0.3564,-0.0534,-0.8341,수축(Risk-Off),0.0,0.0,1468.0
2007-08-16,-0.7788,-1.7861,-0.0855,0.0359,-0.7351,수축(Risk-Off),0.0,0.0,1478.0
2007-08-17,-0.5795,-1.5552,0.0312,-0.0357,-0.5892,수축(Risk-Off),0.0,0.0,1503.5
2007-08-20,-0.526,-1.2724,-0.0098,-0.0079,-0.5059,수축(Risk-Off),0.0,0.0,1502.5
2007-08-21,-0.4987,-1.1705,-0.0271,0.0434,-0.4674,수축(Risk-Off),0.0,0.0,1503.75
2007-08-22,-0.2477,-0.934,0.067,-0.0157,-0.3058,수축(Risk-Off),0.0,0.0,1522.25
2007-08-23,-0.2866,-0.8148,0.1259,-0.0157,-0.2749,수축(Risk-Off),0.0,0.0,1520.0
2007-08-24,-0.0072,-0.512,0.2777,0.0398,-0.0551,중립(Neutral),0.5,0.0,1537.0
2007-08-27,-0.0148,-0.8687,0.1617,0.0279,-0.1777,중립(Neutral),0.5,0.0,1523.25
2007-08-28,-0.3359,-1.2211,0.034,0.051,-0.4067,수축(Risk-Off),0.0,0.0,1491.75
2007-08-29,-0.0543,-0.8627,0.2518,0.0469,-0.1647,중립(Neutral),0.5,0.0,1519.0
2007-08-30,-0.1251,-1.1729,0.2877,0.1177,-0.2474,수축(Risk-Off),0.0,0.0,1515.0
2007-08-31,-0.0416,-0.8509,0.1819,0.0783,-0.1701,중립(Neutral),0.5,0.0,1530.25
2007-09-03,0.1437,-0.958,0.2667,0.1005,-0.1075,중립(Neutral),0.5,0.5,1530.0
2007-09-04,0.2031,-0.9969,0.2085,0.0838,-0.1134,중립(Neutral),0.5,0.5,1543.0
2007-09-05,-0.0062,-1.2861,0.2453,0.1352,-0.2421,수축(Risk-Off),0.0,0.5,1530.0
2007-09-06,-0.0831,-1.0326,0.1565,0.1673,-0.223,수축(Risk-Off),0.0,0.5,1533.0
2007-09-07,0.0035,-1.2574,0.0861,0.3083,-0.2454,수축(Risk-Off),0.0,0.5,1513.25
2007-09-10,-0.0605,-1.4267,0.0594,0.3159,-0.3156,수축(Risk-Off),0.0,0.5,1508.75
2007-09-11,0.0301,-1.0844,0.0826,0.2875,-0.1968,중립(Neutral),0.5,0.5,1526.25
2007-09-12,0.1351,-0.8783,0.1692,0.2569,-0.0915,중립(Neutral),0.5,0.5,1530.0
2007-09-13,0.2949,-0.8145,0.1397,0.2077,-0.0343,중립(Neutral),0.5,0.5,1538.5
2007-09-14,0.2349,-0.8189,0.1066,0.2455,-0.059,중립(Neutral),0.5,0.5,1538.5
2007-09-17,0.1016,-1.039,0.0063,0.2357,-0.1872,중립(Neutral),0.5,0.5,1530.25
2007-09-18,0.407,-0.4605,0.0821,0.2668,0.0878,중립(Neutral),0.5,0.5,1573.5
2007-09-19,0.5076,-0.4861,0.0723,0.2158,0.1066,중립(Neutral),0.5,0.5,1582.0
2007-09-20,0.3749,-0.457,0.1092,0.1152,0.0616,중립(Neutral),0.5,0.5,1572.25
2007-09-21,0.4481,-0.3631,0.0558,0.2106,0.1116,중립(Neutral),0.5,0.5,1575.0
2007-09-24,0.3062,-0.3461,-0.0331,0.2109,0.044,중립(Neutral),0.5,0.5,1572.25
2007-09-25,0.3282,-0.2155,-0.0397,0.1731,0.077,중립(Neutral),0.5,0.5,1569.5
2007-09-26,0.5141,-0.2064,-0.0306,0.2201,0.1537,중립(Neutral),0.5,0.5,1576.75
2007-09-27,0.4303,-0.189,-0.0334,0.2453,0.1318,중립(Neutral),0.5,0.5,1585.0
2007-09-28,0.3842,-0.4131,-0.0683,0.2771,0.0557,중립(Neutral),0.5,0.5,1578.5
2007-10-01,0.4508,-0.3355,0.0323,0.2661,0.1219,중립(Neutral),0.5,0.5,1597.0
2007-10-02,0.4555,-0.3227,0.1732,0.264,0.1617,중립(Neutral),0.5,0.5,1595.0
2007-10-03,0.3409,-0.3254,0.0094,0.1426,0.0617,중립(Neutral),0.5,0.5,1591.25
2007-10-04,0.4099,-0.4318,-0.118,0.2451,0.0428,중립(Neutral),0.5,0.5,1592.75
2007-10-05,0.5888,-0.0342,-0.0834,-0.3985,0.1169,중립(Neutral),0.5,0.5,1611.25
2007-10-08,0.5865,-0.0147,-0.0393,-0.4823,0.1194,중립(Neutral),0.5,0.5,1603.25
2007-10-09,0.6464,0.0497,-0.1105,-0.4485,0.1438,중립(Neutral),0.5,0.5,1616.75
2007-10-10,0.5386,0.0342,-0.0408,-0.3365,0.1364,중립(Neutral),0.5,0.5,1613.75
2007-10-11,0.4604,-0.2254,-0.0815,-0.171,0.0588,중립(Neutral),0.5,0.5,1605.75
2007-10-12,0.494,0.0257,0.0017,-0.3025,0.1344,중립(Neutral),0.5,0.5,1615.0
2007-10-15,0.3863,-0.13,-0.103,-0.2785,0.0352,중립(Neutral),0.5,0.5,1600.75
2007-10-16,0.3095,-0.3954,-0.1057,-0.2177,-0.0496,중립(Neutral),0.5,0.5,1588.0
2007-10-17,0.1982,-0.3151,-0.0326,0.1947,0.0117,중립(Neutral),0.5,0.5,1593.0
2007-10-18,0.1227,-0.1574,-0.0414,0.2822,0.0356,중립(Neutral),0.5,0.5,1587.25
2007-10-19,-0.0975,-0.7193,0.009,0.3281,-0.1625,중립(Neutral),0.5,0.5,1546.25
2007-10-22,-0.0539,-0.6532,-0.0979,0.3214,-0.1584,중립(Neutral),0.5,0.5,1554.0
2007-10-23,0.1601,-0.4694,0.0973,0.316,0.0104,중립(Neutral),0.5,0.5,1566.0
2007-10-24,0.2479,-0.6133,0.012,0.4134,-0.0015,중립(Neutral),0.5,0.5,1565.75
2007-10-25,0.1612,-0.6815,-0.0302,0.3683,-0.0663,중립(Neutral),0.5,0.5,1565.5
2007-10-26,0.3085,-0.2738,0.1332,0.3655,0.1277,중립(Neutral),0.5,0.5,1583.0
2007-10-29,0.3549,-0.386,0.0111,0.384,0.0881,중립(Neutral),0.5,0.5,1587.5
2007-10-30,0.1392,-0.5551,0.0543,0.404,-0.0159,중립(Neutral),0.5,0.5,1576.5
2007-10-31,0.4288,-0.3194,0.0042,0.3265,0.1203,중립(Neutral),0.5,0.5,1595.5
2007-11-01,0.038,-0.676,-0.0204,0.3696,-0.1053,중립(Neutral),0.5,0.5,1556.25
2007-11-02,0.0012,-0.8012,0.0413,0.5239,-0.111,중립(Neutral),0.5,0.5,1558.0
2007-11-05,-0.2665,-0.9106,0.0425,0.4902,-0.2368,수축(Risk-Off),0.0,0.5,1546.0
2007-11-06,0.0719,-0.527,0.2848,0.4892,0.038,중립(Neutral),0.5,0.5,1565.5
2007-11-07,-0.3432,-0.9862,0.2723,0.5409,-0.2175,수축(Risk-Off),0.0,0.5,1523.25
2007-11-08,-0.4017,-0.9008,0.1538,0.6035,-0.2368,수축(Risk-Off),0.0,0.5,1516.0
2007-11-09,-0.489,-1.3137,0.0,0.6492,-0.4022,수축(Risk-Off),0.0,0.5,1495.5
2007-11-12,-0.6026,-1.4688,0.1498,0.6497,-0.4432,수축(Risk-Off),0.0,0.5,1480.75
2007-11-13,-0.1897,-0.7157,0.2977,0.6359,-0.0755,중립(Neutral),0.5,0.5,1523.75
2007-11-14,-0.241,-0.9847,0.1084,0.6235,-0.2099,수축(Risk-Off),0.0,0.5,1518.5
2007-11-15,-0.4121,-1.2618,0.2856,0.7085,-0.282,수축(Risk-Off),0.0,0.5,1498.5
2007-11-16,-0.3515,-0.98,0.2362,0.7683,-0.1937,중립(Neutral),0.5,0.5,1500.75
2007-11-19,-0.4064,-1.122,0.2749,0.8082,-0.2328,수축(Risk-Off),0.0,0.5,1478.0
2007-11-20,-0.3851,-0.9321,0.4278,0.8736,-0.1298,중립(Neutral),0.5,0.5,1487.5
2007-11-21,-0.7214,-1.2609,0.1771,0.8877,-0.3903,수축(Risk-Off),0.0,0.5,1458.25
2007-11-22,-0.6152,-1.1727,0.2494,0.9831,-0.2987,수축(Risk-Off),0.0,0.5,1466.25
2007-11-23,-0.4138,-1.1875,0.1962,1.0152,-0.2404,수축(Risk-Off),0.0,0.5,1482.5
2007-11-26,-0.8103,-1.5837,0.1108,1.0936,-0.4878,수축(Risk-Off),0.0,0.5,1449.75
2007-11-27,-0.6775,-1.2571,0.2494,1.072,-0.3282,수축(Risk-Off),0.0,0.5,1467.0
2007-11-28,-0.2975,-0.9094,0.3765,0.987,-0.0893,중립(Neutral),0.5,0.5,1511.0
2007-11-29,-0.3675,-0.8139,0.4807,1.0478,-0.0547,중립(Neutral),0.5,0.5,1512.0
2007-11-30,-0.1537,-0.561,0.4923,1.0526,0.0869,중립(Neutral),0.5,0.5,1524.25
2007-12-03,-0.1905,-0.6252,0.4306,1.088,0.0479,중립(Neutral),0.5,0.5,1516.0
2007-12-04,-0.2442,-0.8574,0.3227,1.0542,-0.061,중립(Neutral),0.5,0.5,1503.75
2007-12-05,-0.1092,-0.5593,0.1973,1.0912,0.035,중립(Neutral),0.5,0.5,1527.5
2007-12-06,0.2218,-0.4069,0.2071,1.0523,0.1855,중립(Neutral),0.5,0.5,1548.0
2007-12-07,0.2126,-0.1983,0.3272,0.9038,0.2422,확장(Risk-On),1.0,0.5,1547.75
2007-12-10,0.3685,-0.0366,0.399,0.8361,0.345,확장(Risk-On),1.0,0.5,1559.25
2007-12-11,0.1077,-0.8037,0.0447,0.9239,-0.0135,중립(Neutral),0.5,0.5,1518.5
2007-12-12,0.0318,-0.5928,0.0111,0.8237,-0.0108,중립(Neutral),0.5,0.5,1530.5
2007-12-13,0.0679,-0.5476,-0.0889,0.8159,-0.013,중립(Neutral),0.5,0.5,1528.5
2007-12-14,-0.1098,-0.6864,-0.2714,0.7155,-0.1705,중립(Neutral),0.5,0.5,1508.5
2007-12-17,-0.3049,-0.8401,-0.4063,0.7156,-0.311,수축(Risk-Off),0.0,0.5,1486.75
2007-12-18,-0.1185,-0.7334,-0.4453,0.8058,-0.2153,수축(Risk-Off),0.0,0.5,1496.5
2007-12-19,-0.1671,-0.6335,-0.5098,0.8399,-0.2183,수축(Risk-Off),0.0,0.5,1495.0
2007-12-20,0.0246,-0.5352,-0.461,0.9348,-0.1002,중립(Neutral),0.5,0.5,1504.75
2007-12-21,0.171,-0.2142,-0.4852,0.7373,-0.0044,중립(Neutral),0.5,0.5,1528.0
2007-12-24,0.1513,-0.091,-0.4719,0.3435,-0.0362,중립(Neutral),0.5,0.5,1536.5
2007-12-26,0.2957,-0.1121,-0.4962,0.2543,-0.0104,중립(Neutral),0.5,0.5,1539.75
2007-12-27,0.0911,-0.4368,-0.4395,0.5941,-0.0981,중립(Neutral),0.5,0.5,1519.75
2007-12-28,-0.1476,-0.5384,-0.3619,0.7074,-0.1706,중립(Neutral),0.5,0.5,1515.5
2007-12-31,-0.2125,-0.9157,-0.5401,0.8473,-0.3112,수축(Risk-Off),0.0,0.5,1507.25
2008-01-02,-0.3923,-1.039,-0.6329,0.8722,-0.4245,수축(Risk-Off),0.0,0.0,1488.5
2008-01-03,-0.375,-1.0124,-0.6335,0.8937,-0.4087,수축(Risk-Off),0.0,0.0,1488.75
2008-01-04,-0.6145,-1.2888,-0.6994,0.8983,-0.5774,수축(Risk-Off),0.0,0.0,1453.0
2008-01-07,-0.6927,-1.3397,-0.7504,0.9226,-0.6266,수축(Risk-Off),0.0,0.0,1451.5
2008-01-08,-0.9654,-1.5284,-0.9052,0.8804,-0.8143,수축(Risk-Off),0.0,0.0,1427.0
2008-01-09,-0.8472,-1.411,-0.8853,0.9128,-0.7337,수축(Risk-Off),0.0,0.0,1441.5
2008-01-10,-0.8097,-1.1222,-0.7887,0.8247,-0.6374,수축(Risk-Off),0.0,0.0,1451.0
2008-01-11,-0.7625,-1.2134,-0.884,0.8619,-0.6619,수축(Risk-Off),0.0,0.0,1437.75
2008-01-14,-0.6912,-1.0832,-0.8258,0.7862,-0.6012,수축(Risk-Off),0.0,0.0,1450.25
2008-01-15,-0.9035,-1.0726,-0.792,0.8517,-0.6546,수축(Risk-Off),0.0,0.0,1418.0
2008-01-16,-0.905,-1.1511,-0.8054,0.8625,-0.6765,수축(Risk-Off),0.0,0.0,1406.0
2008-01-17,-1.0425,-1.6762,-0.9888,0.8844,-0.8985,수축(Risk-Off),0.0,0.0,1369.75
2008-01-18,-1.0869,-1.6157,-1.0957,0.8973,-0.9237,수축(Risk-Off),0.0,0.0,1355.25
2008-01-21,-1.424,-1.6746,-1.2538,0.8992,-1.0956,수축(Risk-Off),0.0,0.0,1295.5
2008-01-22,-1.1681,-2.0235,-1.1814,0.9373,-1.0695,수축(Risk-Off),0.0,0.0,1339.25
2008-01-23,-1.0256,-1.8732,-1.0259,0.9842,-0.9361,수축(Risk-Off),0.0,0.0,1372.0
2008-01-24,-0.9904,-1.6547,-0.9999,0.801,-0.8901,수축(Risk-Off),0.0,0.0,1382.25
2008-01-25,-1.1514,-1.8204,-1.1808,0.8973,-1.0187,수축(Risk-Off),0.0,0.0,1364.0
2008-01-28,-0.9807,-1.6352,-0.9994,0.853,-0.874,수축(Risk-Off),0.0,0.0,1384.5
2008-01-29,-0.9001,-1.3988,-0.9595,0.8305,-0.78,수축(Risk-Off),0.0,0.0,1392.0
2008-01-30,-0.9787,-1.365,-0.8985,0.777,-0.7919,수축(Risk-Off),0.0,0.0,1380.5
2008-01-31,-0.6459,-1.3369,-0.8492,0.8027,-0.6522,수축(Risk-Off),0.0,0.0,1409.5
2008-02-01,-0.5498,-0.9961,-0.6488,0.8037,-0.4831,수축(Risk-Off),0.0,0.0,1427.0
2008-02-04,-0.5297,-1.1316,-0.6577,0.7284,-0.5235,수축(Risk-Off),0.0,0.0,1408.75
2008-02-05,-0.7815,-1.2868,-0.7482,0.798,-0.6625,수축(Risk-Off),0.0,0.0,1373.25
2008-02-06,-0.7032,-1.3859,-0.9859,0.7718,-0.7233,수축(Risk-Off),0.0,0.0,1360.0
2008-02-07,-0.6971,-1.365,-1.2291,0.6715,-0.7918,수축(Risk-Off),0.0,0.0,1370.25
2008-02-08,-0.7526,-1.4439,-1.2276,0.7323,-0.8215,수축(Risk-Off),0.0,0.0,1360.25
2008-02-11,-0.6321,-1.3591,-1.3306,0.7634,-0.7791,수축(Risk-Off),0.0,0.0,1368.25
2008-02-12,-0.683,-1.1684,-1.1367,0.7354,-0.705,수축(Risk-Off),0.0,0.0,1379.75
2008-02-13,-0.474,-0.8796,-1.1221,0.7324,-0.5565,수축(Risk-Off),0.0,0.0,1393.75
2008-02-14,-0.4694,-0.7114,-1.1509,0.5482,-0.5476,수축(Risk-Off),0.0,0.0,1381.0
2008-02-15,-0.352,-0.6661,-1.0101,0.5944,-0.4531,수축(Risk-Off),0.0,0.0,1381.25
2008-02-18,-0.0895,-0.6474,-0.9822,0.5598,-0.3548,수축(Risk-Off),0.0,0.0,1398.0
2008-02-19,0.0038,-0.4975,-1.0518,0.1414,-0.3648,수축(Risk-Off),0.0,0.0,1385.5
2008-02-20,-0.064,-0.3021,-1.091,-0.0182,-0.3734,수축(Risk-Off),0.0,0.0,1389.0
2008-02-21,-0.2569,-0.625,-1.1502,0.5944,-0.4446,수축(Risk-Off),0.0,0.0,1377.0
2008-02-22,-0.2675,-0.5823,-1.2934,0.4805,-0.4905,수축(Risk-Off),0.0,0.0,1385.5
2008-02-25,-0.0437,-0.4097,-1.23,0.2649,-0.3855,수축(Risk-Off),0.0,0.0,1401.5
2008-02-26,-0.0762,-0.3518,-1.2389,0.3588,-0.3705,수축(Risk-Off),0.0,0.0,1412.75
2008-02-27,-0.2253,-0.3583,-1.0785,0.4611,-0.3689,수축(Risk-Off),0.0,0.0,1410.5
2008-02-28,-0.2864,-0.5947,-1.0662,0.5585,-0.4317,수축(Risk-Off),0.0,0.0,1395.75
2008-02-29,-0.6532,-1.2123,-1.0498,0.6634,-0.6947,수축(Risk-Off),0.0,0.0,1361.25
2008-03-03,-0.6734,-1.1682,-1.0202,0.6996,-0.6778,수축(Risk-Off),0.0,0.0,1362.0
2008-03-04,-0.6248,-1.0547,-1.0184,0.6988,-0.6321,수축(Risk-Off),0.0,0.0,1357.0
2008-03-05,-0.4883,-0.8876,-1.026,0.6323,-0.5545,수축(Risk-Off),0.0,0.0,1365.5
2008-03-06,-0.6807,-1.1561,-0.9359,0.6715,-0.6605,수축(Risk-Off),0.0,0.0,1338.0
2008-03-07,-0.846,-1.2933,-0.9426,0.7496,-0.7426,수축(Risk-Off),0.0,0.0,1322.75
2008-03-10,-0.9594,-1.5976,-0.8078,0.8783,-0.8054,수축(Risk-Off),0.0,0.0,1305.5
2008-03-11,-0.5545,-1.1519,-0.7162,0.7271,-0.5521,수축(Risk-Off),0.0,0.0,1354.0
2008-03-12,-0.7205,-1.3247,-0.5772,0.7861,-0.6097,수축(Risk-Off),0.0,0.0,1339.5
2008-03-13,-0.7453,-1.2723,-0.4994,0.7724,-0.5879,수축(Risk-Off),0.0,0.0,1343.25
2008-03-14,-0.7992,-1.7085,-0.4269,0.8418,-0.6873,수축(Risk-Off),0.0,0.0,1321.0
2008-03-17,-0.8413,-1.8711,-0.3479,0.8655,-0.7194,수축(Risk-Off),0.0,0.0,1307.5
2008-03-18,-0.5192,-1.2282,-0.3362,0.8153,-0.4505,수축(Risk-Off),0.0,0.0,1362.0
2008-03-19,-0.6838,-1.7437,-0.2996,0.8587,-0.6214,수축(Risk-Off),0.0,0.0,1327.5
2008-03-20,-0.5489,-1.4617,-0.2504,0.8616,-0.4909,수축(Risk-Off),0.0,0.0,1352.75
2008-03-24,-0.4439,-1.1593,-0.2191,0.7117,-0.3932,수축(Risk-Off),0.0,0.0,1379.5
2008-03-25,-0.5038,-1.179,-0.1146,0.7918,-0.381,수축(Risk-Off),0.0,0.0,1379.5
2008-03-26,-0.6054,-1.121,-0.0771,0.8124,-0.3895,수축(Risk-Off),0.0,0.0,1363.5
2008-03-27,-0.625,-1.0654,-0.032,0.7966,-0.3736,수축(Risk-Off),0.0,0.0,1357.75
2008-03-28,-0.6403,-0.867,0.0386,0.8216,-0.3079,수축(Risk-Off),0.0,0.0,1347.0
2008-03-31,-0.459,-0.8614,0.2187,0.8416,-0.1951,중립(Neutral),0.5,0.0,1352.0
2008-04-01,-0.1607,-0.4191,0.505,0.7461,0.0771,중립(Neutral),0.5,0.5,1398.5
2008-04-02,-0.0816,-0.5087,0.4711,0.7152,0.0693,중립(Neutral),0.5,0.5,1399.0
2008-04-03,-0.0968,-0.4277,0.4747,0.7103,0.0844,중립(Neutral),0.5,0.5,1401.5
2008-04-04,0.0163,-0.3577,0.5232,0.7139,0.1542,중립(Neutral),0.5,0.5,1400.0
2008-04-07,0.037,-0.2437,0.3525,0.5079,0.1163,중립(Neutral),0.5,0.5,1400.25
2008-04-08,0.0679,-0.2642,0.4504,0.5862,0.1583,중립(Neutral),0.5,0.5,1399.0
2008-04-09,-0.135,-0.3123,0.4659,0.6308,0.0858,중립(Neutral),0.5,0.5,1388.25
2008-04-10,-0.1084,-0.078,0.5434,0.545,0.1601,중립(Neutral),0.5,0.5,1391.0
2008-04-11,-0.2258,-0.1034,0.622,0.4518,0.1184,중립(Neutral),0.5,0.5,1363.5
2008-04-14,-0.1656,0.0486,0.8243,0.2834,0.2028,확장(Risk-On),1.0,0.5,1359.25
2008-04-15,-0.0224,-0.1083,0.6866,0.3315,0.1865,중립(Neutral),0.5,0.5,1364.0
2008-04-16,0.0477,0.3532,0.6834,0.0333,0.2808,확장(Risk-On),1.0,0.5,1399.0
2008-04-17,0.3175,0.1263,0.6439,-0.0538,0.2956,확장(Risk-On),1.0,0.5,1400.25
2008-04-18,0.2533,0.265,0.8098,-0.0616,0.3481,확장(Risk-On),1.0,0.5,1416.0
2008-04-21,0.1805,0.1276,0.8092,0.2641,0.337,확장(Risk-On),1.0,0.5,1416.25
2008-04-22,-0.0065,0.037,0.8081,0.0897,0.2224,확장(Risk-On),1.0,0.5,1408.75
2008-04-23,0.0097,0.1083,0.7672,0.0415,0.2285,확장(Risk-On),1.0,0.5,1406.5
2008-04-24,0.0739,0.1672,0.6314,-0.07,0.215,확장(Risk-On),1.0,0.5,1414.0
2008-04-25,0.1601,0.231,0.5244,-0.2068,0.2139,확장(Risk-On),1.0,0.5,1425.0
2008-04-28,0.2361,0.2357,0.5605,-0.2132,0.2497,확장(Risk-On),1.0,0.5,1425.5
2008-04-29,0.1019,0.1536,0.798,-0.0204,0.2705,확장(Risk-On),1.0,0.5,1419.0
2008-04-30,-0.1598,0.1164,0.9089,0.1293,0.2198,확장(Risk-On),1.0,0.5,1412.5
2008-05-01,0.071,0.2863,1.0421,0.1306,0.3765,확장(Risk-On),1.0,1.0,1439.5
2008-05-02,0.1801,0.4429,1.1321,-0.1943,0.4276,확장(Risk-On),1.0,1.0,1443.75
2008-05-05,0.1606,0.3395,1.0425,-0.0823,0.3894,확장(Risk-On),1.0,1.0,1436.25
2008-05-06,0.2187,0.397,0.9595,-0.1412,0.3945,확장(Risk-On),1.0,1.0,1448.75
2008-05-07,0.0575,0.1572,0.7471,-0.2383,0.2104,확장(Risk-On),1.0,1.0,1423.25
2008-05-08,0.0433,0.0808,0.7154,0.0245,0.2179,확장(Risk-On),1.0,1.0,1420.0
2008-05-09,-0.0167,0.1366,0.6874,-0.0396,0.1942,중립(Neutral),0.5,1.0,1417.0
2008-05-12,0.1817,0.3166,0.7258,0.0007,0.3243,확장(Risk-On),1.0,1.0,1432.75
2008-05-13,0.2289,0.2992,0.9118,-0.1792,0.356,확장(Risk-On),1.0,1.0,1432.75
2008-05-14,0.248,0.2305,0.9895,-0.2058,0.3609,확장(Risk-On),1.0,1.0,1435.75
2008-05-15,0.1871,0.4669,1.0031,0.0479,0.4402,확장(Risk-On),1.0,1.0,1452.5
2008-05-16,0.2195,0.4258,0.9275,0.1104,0.4317,확장(Risk-On),1.0,1.0,1453.75
2008-05-19,0.1741,0.2859,0.7706,0.0759,0.3364,확장(Risk-On),1.0,1.0,1457.75
2008-05-20,0.0914,0.1699,0.6967,0.2408,0.2848,확장(Risk-On),1.0,1.0,1445.0
2008-05-21,-0.0781,0.0099,0.547,0.142,0.1332,중립(Neutral),0.5,1.0,1420.75
2008-05-22,-0.1102,0.2256,0.6033,0.0513,0.1763,중립(Neutral),0.5,1.0,1421.25
2008-05-23,-0.3209,0.1415,0.6871,0.2145,0.127,중립(Neutral),0.5,1.0,1401.5
2008-05-26,-0.3433,0.1396,0.726,0.2546,0.1345,중립(Neutral),0.5,1.0,1402.75
2008-05-27,-0.2139,0.2422,0.796,0.1583,0.2084,확장(Risk-On),1.0,1.0,1412.75
2008-05-28,-0.023,0.3141,0.7572,-0.0759,0.2484,확장(Risk-On),1.0,1.0,1419.5
2008-05-29,0.0278,0.4658,0.8084,-0.2738,0.2872,확장(Risk-On),1.0,1.0,1425.75
2008-05-30,-0.0547,0.546,0.8393,-0.0265,0.3232,확장(Risk-On),1.0,1.0,1428.5
2008-06-02,-0.1898,0.3675,0.7783,0.2206,0.2531,확장(Risk-On),1.0,1.0,1413.5
2008-06-03,-0.1858,0.0103,0.6344,0.3756,0.1525,중립(Neutral),0.5,1.0,1406.5
2008-06-04,-0.2244,0.1591,0.5995,0.3407,0.1622,중립(Neutral),0.5,1.0,1405.5
2008-06-05,0.156,0.4653,0.7315,0.0492,0.3612,확장(Risk-On),1.0,1.0,1433.25
2008-06-06,-0.3132,-0.0422,0.6342,0.1727,0.0643,중립(Neutral),0.5,1.0,1387.5
2008-06-09,-0.2389,0.0736,0.5941,-0.0398,0.0773,중립(Neutral),0.5,1.0,1391.5
2008-06-10,-0.377,-0.1144,0.3348,-0.0083,-0.0781,중립(Neutral),0.5,1.0,1384.25
2008-06-11,-0.5184,-0.1822,0.3139,0.1615,-0.1243,중립(Neutral),0.5,1.0,1364.0
2008-06-12,-0.4375,-0.1802,0.1842,-0.2289,-0.1865,중립(Neutral),0.5,1.0,1369.25
2008-06-13,-0.5075,0.1486,0.2131,-0.3532,-0.1402,중립(Neutral),0.5,1.0,1385.75
2008-06-16,-0.4041,0.0283,0.209,-0.4103,-0.1436,중립(Neutral),0.5,1.0,1386.0
2008-06-17,-0.5898,0.0175,0.0772,-0.4517,-0.2505,수축(Risk-Off),0.0,1.0,1379.0
2008-06-18,-0.657,-0.0815,0.0149,-0.2784,-0.2884,수축(Risk-Off),0.0,1.0,1364.75
2008-06-19,-0.5862,0.0004,-0.0044,-0.2466,-0.2431,수축(Risk-Off),0.0,1.0,1367.5
2008-06-20,-0.8064,-0.103,-0.0347,-0.2763,-0.3581,수축(Risk-Off),0.0,1.0,1345.0
2008-06-23,-0.6799,-0.057,-0.1409,-0.3554,-0.3408,수축(Risk-Off),0.0,1.0,1344.25
2008-06-24,-0.7663,-0.335,-0.3787,-0.0284,-0.4509,수축(Risk-Off),0.0,1.0,1341.5
2008-06-25,-0.7078,-0.2146,-0.2509,0.0115,-0.3624,수축(Risk-Off),0.0,1.0,1348.5
2008-06-26,-1.0856,-0.7558,-0.4795,0.1337,-0.6687,수축(Risk-Off),0.0,1.0,1310.5
2008-06-27,-1.2943,-0.6731,-0.5674,0.0997,-0.7482,수축(Risk-Off),0.0,1.0,1306.0
2008-06-30,-1.2478,-0.6607,-0.4451,0.1039,-0.6976,수축(Risk-Off),0.0,1.0,1309.0
2008-07-01,-1.1639,-0.5863,-0.5108,-0.0034,-0.6822,수축(Risk-Off),0.0,0.0,1312.25
2008-07-02,-1.3592,-0.7825,-0.4828,0.0855,-0.7792,수축(Risk-Off),0.0,0.0,1288.75
2008-07-03,-1.3405,-0.8607,-0.527,0.0544,-0.8079,수축(Risk-Off),0.0,0.0,1291.0
2008-07-04,-1.5148,-0.4294,-0.4671,0.0444,-0.7477,수축(Risk-Off),0.0,0.0,1291.0
2008-07-07,-1.3671,-0.6469,-0.5496,0.0857,-0.7648,수축(Risk-Off),0.0,0.0,1277.75
2008-07-08,-1.1581,-0.3861,-0.3897,0.0201,-0.5963,수축(Risk-Off),0.0,0.0,1299.75
2008-07-09,-1.329,-0.8218,-0.6616,0.0109,-0.8343,수축(Risk-Off),0.0,0.0,1274.0
2008-07-10,-1.1261,-0.9223,-0.6831,0.1599,-0.7715,수축(Risk-Off),0.0,0.0,1280.5
2008-07-11,-1.3225,-1.2426,-0.8574,0.017,-0.9853,수축(Risk-Off),0.0,0.0,1265.75
2008-07-14,-1.5772,-1.4098,-0.9671,0.0662,-1.1363,수축(Risk-Off),0.0,0.0,1254.25
2008-07-15,-1.7368,-1.4767,-1.1107,0.142,-1.2334,수축(Risk-Off),0.0,0.0,1237.0
2008-07-16,-1.3509,-0.9212,-0.8759,0.1397,-0.9012,수축(Risk-Off),0.0,0.0,1267.0
2008-07-17,-1.1211,-0.9159,-0.8769,0.0,-0.8406,수축(Risk-Off),0.0,0.0,1279.5
2008-07-18,-1.0857,-0.7604,-0.8369,-0.0494,-0.7867,수축(Risk-Off),0.0,0.0,1286.5
2008-07-21,-0.9343,-0.6623,-0.8291,-0.0178,-0.7025,수축(Risk-Off),0.0,0.0,1287.5
2008-07-22,-0.8408,-0.4,-0.803,-0.0925,-0.6089,수축(Risk-Off),0.0,0.0,1300.25
2008-07-23,-0.7978,-0.3729,-0.6888,-0.1191,-0.5625,수축(Risk-Off),0.0,0.0,1308.5
2008-07-24,-1.0431,-0.6912,-0.8988,0.0355,-0.7573,수축(Risk-Off),0.0,0.0,1279.75
2008-07-25,-0.8769,-0.6815,-0.9307,-0.1389,-0.7308,수축(Risk-Off),0.0,0.0,1279.75
2008-07-28,-1.0183,-0.864,-0.8947,-0.0181,-0.7988,수축(Risk-Off),0.0,0.0,1261.0
2008-07-29,-0.877,-0.6187,-0.9164,0.0036,-0.6902,수축(Risk-Off),0.0,0.0,1287.75
2008-07-30,-0.6353,-0.2592,-0.5578,-0.0244,-0.4302,수축(Risk-Off),0.0,0.0,1310.75
2008-07-31,-0.6474,-0.5335,-0.6351,0.1099,-0.5023,수축(Risk-Off),0.0,0.0,1293.0
2008-08-01,-0.7546,-0.5027,-0.6599,0.11,-0.5382,수축(Risk-Off),0.0,0.0,1286.25
2008-08-04,-0.7646,-0.6067,-0.8142,0.0954,-0.6085,수축(Risk-Off),0.0,0.0,1274.75
2008-08-05,-0.3522,-0.4777,-0.6526,0.0482,-0.3986,수축(Risk-Off),0.0,0.0,1309.0
2008-08-06,-0.4158,-0.284,-0.6646,-0.0377,-0.3883,수축(Risk-Off),0.0,0.0,1313.75
2008-08-07,-0.54,-0.4825,-0.7888,0.1371,-0.4863,수축(Risk-Off),0.0,0.0,1294.0
2008-08-08,-0.3573,-0.2495,-0.785,0.1285,-0.3644,수축(Risk-Off),0.0,0.0,1318.25
2008-08-11,-0.1965,-0.0719,-0.5563,0.1441,-0.2042,수축(Risk-Off),0.0,0.0,1331.0
2008-08-12,-0.3213,-0.1989,-0.5851,0.2003,-0.2784,수축(Risk-Off),0.0,0.0,1317.5
2008-08-13,-0.3078,-0.3746,-0.6642,0.1714,-0.3417,수축(Risk-Off),0.0,0.0,1310.5
2008-08-14,-0.3946,-0.3327,-0.5944,0.1205,-0.3518,수축(Risk-Off),0.0,0.0,1319.75
2008-08-15,-0.3535,-0.2013,-0.5251,0.0237,-0.3018,수축(Risk-Off),0.0,0.0,1325.75
2008-08-18,-0.4256,-0.4684,-0.6336,0.0534,-0.4165,수축(Risk-Off),0.0,0.0,1308.0
2008-08-19,-0.5769,-0.7024,-0.798,0.0441,-0.5704,수축(Risk-Off),0.0,0.0,1294.5
2008-08-20,-0.535,-0.6983,-0.8135,0.1428,-0.5438,수축(Risk-Off),0.0,0.0,1299.75
2008-08-21,-0.5806,-0.551,-0.7846,0.0845,-0.5244,수축(Risk-Off),0.0,0.0,1301.5
2008-08-22,-0.3374,-0.39,-0.7443,0.0013,-0.4015,수축(Risk-Off),0.0,0.0,1318.25
2008-08-25,-0.5739,-0.565,-0.6926,0.0051,-0.5145,수축(Risk-Off),0.0,0.0,1292.5
2008-08-26,-0.4496,-0.533,-0.7452,0.1148,-0.4597,수축(Risk-Off),0.0,0.0,1297.75
2008-08-27,-0.491,-0.5035,-0.7178,0.047,-0.4701,수축(Risk-Off),0.0,0.0,1308.0
2008-08-28,-0.4066,-0.4605,-0.8649,0.0464,-0.4667,수축(Risk-Off),0.0,0.0,1324.0
2008-08-29,-0.4574,-0.4573,-0.7815,-0.0792,-0.4817,수축(Risk-Off),0.0,0.0,1308.5
2008-09-01,-0.4451,-0.4778,-0.783,-0.1448,-0.4927,수축(Risk-Off),0.0,0.0,1308.75
2008-09-02,-0.5252,-0.9032,-0.7644,-0.0028,-0.6011,수축(Risk-Off),0.0,0.0,1302.5
2008-09-03,-0.5911,-0.8563,-0.705,-0.0307,-0.6018,수축(Risk-Off),0.0,0.0,1301.25
2008-09-04,-0.9205,-1.3205,-0.8692,-0.0204,-0.8727,수축(Risk-Off),0.0,0.0,1262.5
2008-09-05,-0.7724,-1.2894,-0.9208,-0.0496,-0.8303,수축(Risk-Off),0.0,0.0,1267.0
2008-09-08,-0.65,-1.1645,-1.0032,0.0815,-0.7572,수축(Risk-Off),0.0,0.0,1293.0
2008-09-09,-1.0185,-1.4612,-0.9449,0.0987,-0.9432,수축(Risk-Off),0.0,0.0,1252.5
2008-09-10,-0.9387,-1.2048,-0.8079,0.0494,-0.8243,수축(Risk-Off),0.0,0.0,1259.25
2008-09-11,-0.7649,-1.2895,-0.6779,0.0944,-0.7454,수축(Risk-Off),0.0,0.0,1277.0
2008-09-12,-0.7408,-1.2602,-0.5008,-0.0044,-0.7002,수축(Risk-Off),0.0,0.0,1283.5
2008-09-15,-1.1094,-1.9185,-0.783,0.1453,-1.0419,수축(Risk-Off),0.0,0.0,1221.0
2008-09-16,-0.8996,-1.6543,-0.7386,0.2215,-0.8799,수축(Risk-Off),0.0,0.0,1241.25
2008-09-17,-1.122,-2.2818,-1.2445,0.3135,-1.2272,수축(Risk-Off),0.0,0.0,1188.0
2008-09-18,-0.8536,-1.8372,-1.0134,0.3119,-0.9646,수축(Risk-Off),0.0,0.0,1228.25
2008-09-19,-0.5675,-1.4196,-0.718,0.0,-0.733,수축(Risk-Off),0.0,0.0,1271.0
2008-09-22,-0.8284,-1.4857,-0.716,-0.0585,-0.8491,수축(Risk-Off),0.0,0.0,1238.75
2008-09-23,-0.823,-1.6781,-0.6682,-0.1182,-0.8924,수축(Risk-Off),0.0,0.0,1212.0
2008-09-24,-0.8022,-1.6221,-0.6829,-0.1129,-0.8739,수축(Risk-Off),0.0,0.0,1218.0
2008-09-25,-0.7259,-1.3514,-0.5636,-0.2562,-0.7713,수축(Risk-Off),0.0,0.0,1238.5
2008-09-26,-0.7716,-1.4621,-0.5982,-0.1604,-0.8092,수축(Risk-Off),0.0,0.0,1239.5
2008-09-29,-1.1201,-2.212,-0.8933,0.0845,-1.1557,수축(Risk-Off),0.0,0.0,1144.0
2008-09-30,-0.8363,-1.5294,-0.9345,-0.2408,-0.9448,수축(Risk-Off),0.0,0.0,1192.5
2008-10-01,-0.8128,-1.5385,-0.9462,-0.1521,-0.9285,수축(Risk-Off),0.0,0.0,1193.5
2008-10-02,-1.0074,-1.8281,-0.9925,-0.1021,-1.073,수축(Risk-Off),0.0,0.0,1149.5
2008-10-03,-1.0073,-1.9548,-1.0022,0.061,-1.0827,수축(Risk-Off),0.0,0.0,1133.25
2008-10-06,-1.215,-2.3119,-1.3329,0.2469,-1.2994,수축(Risk-Off),0.0,0.0,1078.25
2008-10-07,-1.5084,-2.2482,-1.3341,0.2052,-1.3928,수축(Risk-Off),0.0,0.0,1030.75
2008-10-08,-1.5087,-2.3782,-1.551,-0.1267,-1.5293,수축(Risk-Off),0.0,0.0,1006.0
2008-10-09,-1.7462,-2.5612,-1.6681,-0.3668,-1.7235,수축(Risk-Off),0.0,0.0,937.5
2008-10-10,-1.8734,-2.6191,-1.76,-0.2584,-1.7892,수축(Risk-Off),0.0,0.0,916.0
2008-10-13,-1.1504,-1.8592,-1.3388,-0.5428,-1.2835,수축(Risk-Off),0.0,0.0,1041.75
2008-10-14,-1.0897,-1.8736,-1.2633,-0.7461,-1.2775,수축(Risk-Off),0.0,0.0,1027.25
2008-10-15,-1.456,-2.098,-1.5218,-0.9118,-1.5513,수축(Risk-Off),0.0,0.0,928.25
2008-10-16,-1.2006,-1.9989,-1.3362,-0.8497,-1.3814,수축(Risk-Off),0.0,0.0,966.0
2008-10-17,-1.3297,-2.0953,-1.2613,-0.5083,-1.3808,수축(Risk-Off),0.0,0.0,958.5
2008-10-20,-1.1743,-1.5981,-1.2366,-0.2448,-1.1564,수축(Risk-Off),0.0,0.0,1015.5
2008-10-21,-1.2047,-1.7201,-1.3366,0.0753,-1.1745,수축(Risk-Off),0.0,0.0,984.75
2008-10-22,-1.3263,-2.0746,-1.5251,0.1455,-1.3423,수축(Risk-Off),0.0,0.0,927.75
2008-10-23,-1.2698,-2.0393,-1.3439,0.1408,-1.2691,수축(Risk-Off),0.0,0.0,940.25
2008-10-24,-1.4988,-2.1552,-1.5525,0.0893,-1.4381,수축(Risk-Off),0.0,0.0,891.0
2008-10-27,-1.6461,-2.0274,-1.7099,-0.0924,-1.5243,수축(Risk-Off),0.0,0.0,859.75
2008-10-28,-0.9767,-1.7894,-1.5991,0.0747,-1.1778,수축(Risk-Off),0.0,0.0,963.75
2008-10-29,-1.0955,-1.8385,-1.1881,-0.0181,-1.1428,수축(Risk-Off),0.0,0.0,952.0
2008-10-30,-0.9488,-1.5262,-1.0824,-0.1934,-1.0133,수축(Risk-Off),0.0,0.0,986.5
2008-10-31,-0.8835,-1.4987,-1.0717,-0.3422,-1.0031,수축(Risk-Off),0.0,0.0,991.5
2008-11-03,-0.8724,-1.3917,-1.1822,-0.4711,-1.0195,수축(Risk-Off),0.0,0.0,994.5
2008-11-04,-0.6276,-1.2293,-1.0469,-0.1582,-0.8124,수축(Risk-Off),0.0,0.0,1028.25
2008-11-05,-0.7038,-1.3706,-0.9794,0.1264,-0.8149,수축(Risk-Off),0.0,0.0,983.0
2008-11-06,-0.8448,-1.4489,-1.1852,0.1728,-0.9283,수축(Risk-Off),0.0,0.0,929.5
2008-11-07,-0.5872,-1.2178,-1.1575,0.113,-0.7824,수축(Risk-Off),0.0,0.0,961.25
2008-11-10,-0.5966,-1.4573,-1.1847,0.1367,-0.8488,수축(Risk-Off),0.0,0.0,946.25
2008-11-11,-0.9057,-1.4943,-1.1351,0.1725,-0.9485,수축(Risk-Off),0.0,0.0,918.0
2008-11-12,-1.016,-1.4609,-1.2354,0.2617,-0.9904,수축(Risk-Off),0.0,0.0,878.5
2008-11-13,-0.6419,-1.3434,-1.1647,0.2736,-0.8107,수축(Risk-Off),0.0,0.0,932.75
2008-11-14,-0.8228,-1.4904,-1.2565,0.2866,-0.9317,수축(Risk-Off),0.0,0.0,886.5
2008-11-17,-0.8588,-1.7081,-1.2657,0.2695,-1.0036,수축(Risk-Off),0.0,0.0,876.0
2008-11-18,-0.9293,-1.7252,-1.1773,0.2754,-1.0096,수축(Risk-Off),0.0,0.0,891.5
2008-11-19,-1.0577,-1.6924,-1.3034,0.3237,-1.0706,수축(Risk-Off),0.0,0.0,837.5
2008-11-20,-1.1326,-1.9371,-1.4968,0.422,-1.1916,수축(Risk-Off),0.0,0.0,773.25
2008-11-21,-1.0047,-1.638,-1.5426,0.3739,-1.0907,수축(Risk-Off),0.0,0.0,817.0
2008-11-24,-0.7393,-1.4214,-1.2858,0.351,-0.8829,수축(Risk-Off),0.0,0.0,873.0
2008-11-25,-0.6979,-1.5608,-1.1966,0.4731,-0.8627,수축(Risk-Off),0.0,0.0,878.25
2008-11-26,-0.7574,-1.456,-1.198,0.5113,-0.8519,수축(Risk-Off),0.0,0.0,911.25
2008-11-27,-0.7323,-1.4834,-1.1174,0.5618,-0.8222,수축(Risk-Off),0.0,0.0,914.25
2008-11-28,-0.7698,-1.5664,-1.1608,0.6043,-0.8606,수축(Risk-Off),0.0,0.0,920.25
2008-12-01,-0.9822,-1.9431,-1.1571,0.6562,-1.0204,수축(Risk-Off),0.0,0.0,840.75
2008-12-02,-0.8554,-1.8655,-1.0859,0.6504,-0.9397,수축(Risk-Off),0.0,0.0,874.0
2008-12-03,-0.8527,-1.7995,-1.0891,0.6519,-0.9228,수축(Risk-Off),0.0,0.0,893.5
2008-12-04,-0.8591,-1.7975,-1.0894,0.7144,-0.9153,수축(Risk-Off),0.0,0.0,872.5
2008-12-05,-0.6492,-1.7905,-1.1574,0.6187,-0.8714,수축(Risk-Off),0.0,0.0,897.5
2008-12-08,-0.6191,-1.5544,-0.8648,0.6352,-0.7262,수축(Risk-Off),0.0,0.0,929.75
2008-12-09,-0.658,-1.6169,-0.9485,0.6301,-0.7771,수축(Risk-Off),0.0,0.0,914.5
2008-12-10,-0.6099,-1.4104,-0.7421,0.6126,-0.6597,수축(Risk-Off),0.0,0.0,920.75
2008-12-11,-0.5667,-1.5976,-0.6772,0.6205,-0.6739,수축(Risk-Off),0.0,0.0,899.5
2008-12-12,-0.6509,-1.7229,-0.8039,0.6847,-0.7568,수축(Risk-Off),0.0,0.0,910.5
2008-12-15,-0.5677,-1.745,-0.6547,0.7018,-0.6933,수축(Risk-Off),0.0,0.0,897.25
2008-12-16,-0.4508,-1.7326,-0.5971,0.7792,-0.6233,수축(Risk-Off),0.0,0.0,937.75
2008-12-17,-0.545,-1.6353,-0.4714,0.8039,-0.5968,수축(Risk-Off),0.0,0.0,928.0
2008-12-18,-0.4551,-1.5449,-0.561,0.8293,-0.5614,수축(Risk-Off),0.0,0.0,917.5
2008-12-19,-0.3493,-1.5314,-0.5954,0.7675,-0.5388,수축(Risk-Off),0.0,0.0,906.25
2008-12-22,-0.4754,-1.4553,-0.4261,0.7579,-0.523,수축(Risk-Off),0.0,0.0,896.25
2008-12-23,-0.6228,-1.6822,-0.4492,0.7878,-0.6327,수축(Risk-Off),0.0,0.0,883.5
2008-12-24,-0.6108,-1.7023,-0.4511,0.7488,-0.6398,수축(Risk-Off),0.0,0.0,890.0
2008-12-26,-0.5511,-1.6348,-0.5221,0.7706,-0.6165,수축(Risk-Off),0.0,0.0,894.0
2008-12-29,-0.6081,-1.6193,-0.484,0.8578,-0.61,수축(Risk-Off),0.0,0.0,895.5
2008-12-30,-0.5727,-1.2174,-0.2203,0.8305,-0.4353,수축(Risk-Off),0.0,0.0,913.25
2008-12-31,-0.345,-1.1144,-0.1982,0.7072,-0.3428,수축(Risk-Off),0.0,0.0,925.0
2009-01-02,-0.3089,-1.114,-0.0155,0.6832,-0.288,수축(Risk-Off),0.0,0.0,950.5
2009-01-05,-0.2702,-1.0836,0.0299,0.7267,-0.249,수축(Risk-Off),0.0,0.0,952.5
2009-01-06,-0.1657,-1.0884,-0.0297,0.779,-0.2207,수축(Risk-Off),0.0,0.0,955.5
2009-01-07,-0.2762,-1.4505,-0.1594,0.7776,-0.3825,수축(Risk-Off),0.0,0.0,930.25
2009-01-08,-0.2478,-1.5398,-0.2339,0.8668,-0.4002,수축(Risk-Off),0.0,0.0,931.75
2009-01-09,-0.2527,-1.5127,-0.1164,0.9088,-0.3594,수축(Risk-Off),0.0,0.0,910.5
2009-01-12,-0.5225,-1.709,-0.2328,0.8848,-0.5356,수축(Risk-Off),0.0,0.0,893.0
2009-01-13,-0.4772,-1.6463,-0.3601,0.9233,-0.5301,수축(Risk-Off),0.0,0.0,893.5
2009-01-14,-0.5102,-1.8335,-0.4301,0.9245,-0.6058,수축(Risk-Off),0.0,0.0,864.75
2009-01-15,-0.5227,-1.9264,-0.4128,0.9559,-0.6244,수축(Risk-Off),0.0,0.0,864.25
2009-01-16,-0.5917,-1.6344,-0.3817,0.7765,-0.5946,수축(Risk-Off),0.0,0.0,873.5
2009-01-19,-0.6858,-1.6677,-0.5267,0.6691,-0.6883,수축(Risk-Off),0.0,0.0,865.0
2009-01-20,-0.7661,-2.0017,-0.5631,0.7572,-0.7957,수축(Risk-Off),0.0,0.0,831.0
2009-01-21,-0.5522,-1.5352,-0.3093,0.446,-0.5875,수축(Risk-Off),0.0,0.0,861.75
2009-01-22,-0.6702,-1.7439,-0.5768,0.3035,-0.7692,수축(Risk-Off),0.0,0.0,850.5
2009-01-23,-0.5623,-1.7447,-0.869,0.3294,-0.8008,수축(Risk-Off),0.0,0.0,848.5
2009-01-26,-0.4788,-1.759,-0.8792,0.1298,-0.8076,수축(Risk-Off),0.0,0.0,855.75
2009-01-27,-0.5926,-1.698,-0.8432,0.2978,-0.798,수축(Risk-Off),0.0,0.0,864.25
2009-01-28,-0.4266,-1.4902,-0.6618,0.2101,-0.6558,수축(Risk-Off),0.0,0.0,896.5
2009-01-29,-0.6554,-1.6021,-0.95,0.178,-0.8407,수축(Risk-Off),0.0,0.0,867.75
2009-01-30,-0.8084,-1.6398,-1.105,0.3676,-0.914,수축(Risk-Off),0.0,0.0,847.5
2009-02-02,-0.9209,-1.6451,-0.8547,0.5619,-0.863,수축(Risk-Off),0.0,0.0,846.25
2009-02-03,-0.9473,-1.5444,-0.7643,0.2869,-0.8657,수축(Risk-Off),0.0,0.0,856.75
2009-02-04,-0.8867,-1.4208,-0.752,0.1695,-0.8281,수축(Risk-Off),0.0,0.0,854.75
2009-02-05,-0.6848,-1.3821,-0.7687,0.1151,-0.7601,수축(Risk-Off),0.0,0.0,865.5
2009-02-06,-0.6191,-1.1701,-0.5711,-0.0425,-0.6583,수축(Risk-Off),0.0,0.0,892.75
2009-02-09,-0.5614,-1.2197,-0.5743,-0.1805,-0.6721,수축(Risk-Off),0.0,0.0,890.0
2009-02-10,-0.6767,-1.4177,-0.6196,0.1409,-0.725,수축(Risk-Off),0.0,0.0,852.0
2009-02-11,-0.5785,-1.1982,-0.7242,0.1061,-0.6672,수축(Risk-Off),0.0,0.0,856.5
2009-02-12,-0.5732,-1.0246,-0.822,0.1938,-0.6332,수축(Risk-Off),0.0,0.0,860.5
2009-02-13,-0.6141,-0.9955,-0.6339,-0.026,-0.6262,수축(Risk-Off),0.0,0.0,845.0
2009-02-16,-0.7419,-0.8223,-0.3901,-0.0206,-0.5658,수축(Risk-Off),0.0,0.0,833.75
2009-02-17,-0.9001,-1.0628,-0.6511,0.3414,-0.6923,수축(Risk-Off),0.0,0.0,810.5
2009-02-18,-0.7515,-1.4081,-0.9587,0.4013,-0.7945,수축(Risk-Off),0.0,0.0,804.5
2009-02-19,-0.6953,-1.1996,-0.9984,0.2364,-0.7574,수축(Risk-Off),0.0,0.0,804.5
2009-02-20,-0.828,-1.3649,-1.185,0.3963,-0.8678,수축(Risk-Off),0.0,0.0,794.5
2009-02-23,-1.083,-1.5771,-1.2136,0.3851,-1.0189,수축(Risk-Off),0.0,0.0,770.0
2009-02-24,-0.9602,-1.2713,-1.009,0.2011,-0.876,수축(Risk-Off),0.0,0.0,793.75
2009-02-25,-1.2296,-1.0243,-1.0015,0.0942,-0.9227,수축(Risk-Off),0.0,0.0,786.5
2009-02-26,-1.46,-1.0645,-1.0408,0.2582,-0.9986,수축(Risk-Off),0.0,0.0,777.0
2009-02-27,-1.4801,-1.1398,-1.2431,0.2948,-1.0695,수축(Risk-Off),0.0,0.0,759.25
2009-03-02,-1.4723,-1.4277,-1.3832,0.3929,-1.1591,수축(Risk-Off),0.0,0.0,730.5
2009-03-03,-1.677,-1.5704,-1.4132,0.4963,-1.2584,수축(Risk-Off),0.0,0.0,714.5
2009-03-04,-1.66,-1.4258,-1.4937,0.3328,-1.2609,수축(Risk-Off),0.0,0.0,733.5
2009-03-05,-1.7396,-1.6056,-1.5808,0.4324,-1.3406,수축(Risk-Off),0.0,0.0,711.0
2009-03-06,-1.819,-1.6208,-1.5227,0.3889,-1.3642,수축(Risk-Off),0.0,0.0,712.75
2009-03-09,-2.187,-1.5348,-1.4947,0.3856,-1.465,수축(Risk-Off),0.0,0.0,701.0
2009-03-10,-1.6988,-1.082,-1.2261,0.4341,-1.1065,수축(Risk-Off),0.0,0.0,741.0
2009-03-11,-1.5572,-1.066,-1.2848,0.4952,-1.0584,수축(Risk-Off),0.0,0.0,745.5
2009-03-12,-1.316,-0.9765,-1.4185,0.5471,-0.9773,수축(Risk-Off),0.0,0.0,776.5
2009-03-13,-1.3417,-0.9074,-1.5158,0.6148,-0.9832,수축(Risk-Off),0.0,0.0,782.75
2009-03-16,-1.2518,-0.8948,-1.3725,0.6415,-0.9087,수축(Risk-Off),0.0,0.0,782.25
2009-03-17,-1.1046,-0.5665,-1.2074,0.341,-0.779,수축(Risk-Off),0.0,0.0,803.5
2009-03-18,-0.8496,-0.7165,-0.9154,0.5932,-0.6164,수축(Risk-Off),0.0,0.0,819.75
2009-03-19,-0.8758,-0.8658,-0.7885,0.6444,-0.6234,수축(Risk-Off),0.0,0.0,808.25
2009-03-20,-0.9731,-0.9855,-0.9007,0.6255,-0.7183,수축(Risk-Off),0.0,0.0,792.25
2009-03-23,-0.5148,-0.6249,-0.6461,0.5941,-0.4089,수축(Risk-Off),0.0,0.0,846.25
2009-03-24,-0.4953,-0.785,-0.6454,0.567,-0.4459,수축(Risk-Off),0.0,0.0,831.75
2009-03-25,-0.5722,-0.7784,-0.6941,0.4228,-0.505,수축(Risk-Off),0.0,0.0,836.5
2009-03-26,-0.4154,-0.765,-0.6042,0.4937,-0.4136,수축(Risk-Off),0.0,0.0,855.5
2009-03-27,-0.469,-0.8939,-0.7797,0.5948,-0.4933,수축(Risk-Off),0.0,0.0,844.25
2009-03-30,-0.6521,-1.0479,-0.8899,0.6837,-0.6101,수축(Risk-Off),0.0,0.0,812.5
2009-03-31,-0.5141,-1.0237,-0.814,0.6978,-0.5347,수축(Risk-Off),0.0,0.0,818.75
2009-04-01,-0.3825,-0.9218,-0.8955,0.7076,-0.4821,수축(Risk-Off),0.0,0.0,837.5
2009-04-02,-0.2406,-0.7141,-0.6022,0.7307,-0.3037,수축(Risk-Off),0.0,0.0,863.75
2009-04-03,-0.1261,-0.4968,-0.4198,0.6589,-0.1745,중립(Neutral),0.5,0.0,868.75
2009-04-06,-0.1536,-0.4858,-0.4114,0.6412,-0.1819,중립(Neutral),0.5,0.0,858.75
2009-04-07,-0.2642,-0.639,-0.4462,0.6748,-0.2625,수축(Risk-Off),0.0,0.0,842.25
2009-04-08,-0.3146,-0.4913,-0.3637,0.6509,-0.2262,수축(Risk-Off),0.0,0.0,850.75
2009-04-09,-0.0974,-0.3478,-0.2697,0.5585,-0.1047,중립(Neutral),0.5,0.0,880.75
2009-04-13,-0.1573,-0.4026,-0.1689,0.5292,-0.1186,중립(Neutral),0.5,0.0,882.25
2009-04-14,-0.2527,-0.4445,0.1057,0.5857,-0.0853,중립(Neutral),0.5,0.0,868.5
2009-04-15,-0.3096,-0.5005,-0.0008,0.4253,-0.1699,중립(Neutral),0.5,0.0,876.75
2009-04-16,-0.2718,-0.3147,0.1291,0.4607,-0.0724,중립(Neutral),0.5,0.0,889.75
2009-04-17,-0.1139,-0.0942,0.2984,0.3093,0.0576,중립(Neutral),0.5,0.0,895.0
2009-04-20,-0.3478,-0.6104,-0.0561,0.491,-0.2147,수축(Risk-Off),0.0,0.0,861.25
2009-04-21,-0.4147,-0.4173,-0.0343,0.4251,-0.1943,중립(Neutral),0.5,0.0,876.0
2009-04-22,-0.4706,-0.603,-0.298,0.4321,-0.3252,수축(Risk-Off),0.0,0.0,865.25
2009-04-23,-0.4324,-0.5681,-0.0199,0.3391,-0.2475,수축(Risk-Off),0.0,0.0,877.0
2009-04-24,-0.3893,-0.4227,0.3434,0.2715,-0.1153,중립(Neutral),0.5,0.0,894.75
2009-04-27,-0.5021,-0.3757,0.2272,0.3478,-0.1607,중립(Neutral),0.5,0.0,885.0
2009-04-28,-0.3216,-0.4576,0.0406,0.2251,-0.1831,중립(Neutral),0.5,0.0,880.0
2009-04-29,-0.1697,-0.3616,0.2762,0.0827,-0.0683,중립(Neutral),0.5,0.0,897.25
2009-04-30,-0.2297,-0.3931,0.2985,0.1611,-0.0799,중립(Neutral),0.5,0.0,898.25
2009-05-01,-0.3353,-0.462,0.2398,0.2451,-0.1361,중립(Neutral),0.5,0.5,904.25
2009-05-04,-0.1502,-0.3333,0.1637,0.3,-0.05,중립(Neutral),0.5,0.5,931.0
2009-05-05,-0.1386,-0.1124,0.4495,0.2461,0.0727,중립(Neutral),0.5,0.5,931.75
2009-05-06,-0.051,-0.0631,0.6082,0.1765,0.1449,중립(Neutral),0.5,0.5,945.5
2009-05-07,-0.1569,-0.1613,0.6197,0.025,0.0634,중립(Neutral),0.5,0.5,935.25
2009-05-08,-0.0609,-0.0737,0.7336,0.0044,0.1443,중립(Neutral),0.5,0.5,953.0
2009-05-11,-0.1741,-0.1389,0.7771,-0.0089,0.0972,중립(Neutral),0.5,0.5,937.25
2009-05-12,-0.1811,0.0712,1.1008,-0.0545,0.2214,확장(Risk-On),1.0,0.5,935.0
2009-05-13,-0.2494,-0.1934,1.0938,0.0586,0.1466,중립(Neutral),0.5,0.5,913.5
2009-05-14,-0.2016,-0.1122,1.0447,0.0278,0.1667,중립(Neutral),0.5,0.5,917.75
2009-05-15,-0.2506,-0.2221,1.129,0.0594,0.1479,중립(Neutral),0.5,0.5,911.25
2009-05-18,-0.0896,0.2769,1.2751,-0.1716,0.3309,확장(Risk-On),1.0,0.5,935.25
2009-05-19,0.036,0.2642,1.1619,-0.1528,0.3462,확장(Risk-On),1.0,0.5,934.75
2009-05-20,-0.0581,0.2039,1.2208,-0.1195,0.3179,확장(Risk-On),1.0,0.5,928.25
2009-05-21,-0.0452,0.0776,1.0557,-0.3492,0.2151,확장(Risk-On),1.0,0.5,917.0
2009-05-22,-0.1622,0.0582,1.2138,-0.455,0.193,중립(Neutral),0.5,0.5,913.25
2009-05-25,-0.1742,0.2983,1.4131,-0.6185,0.2741,확장(Risk-On),1.0,0.5,918.5
2009-05-26,0.0391,0.5145,1.4754,-0.5433,0.4297,확장(Risk-On),1.0,0.5,937.0
2009-05-27,-0.0594,0.2575,1.2614,-0.6804,0.2569,확장(Risk-On),1.0,0.5,920.75
2009-05-28,0.095,0.516,1.463,-0.7179,0.4203,확장(Risk-On),1.0,0.5,933.25
2009-05-29,0.2303,0.6273,1.5254,-0.4423,0.5524,확장(Risk-On),1.0,0.5,946.25
2009-06-01,0.3351,0.664,1.6344,-0.814,0.5698,확장(Risk-On),1.0,1.0,967.25
2009-06-02,0.3425,0.5374,1.3671,-0.8133,0.474,확장(Risk-On),1.0,1.0,970.75
2009-06-03,0.236,0.3551,1.3978,-0.7452,0.4091,확장(Risk-On),1.0,1.0,960.0
2009-06-04,0.2628,0.4901,1.2927,-0.9436,0.3961,확장(Risk-On),1.0,1.0,968.75
2009-06-05,0.2037,0.5378,1.2222,-1.2779,0.3196,확장(Risk-On),1.0,1.0,968.75
2009-06-08,0.1049,0.5444,1.1279,-1.4506,0.2372,확장(Risk-On),1.0,1.0,967.0
2009-06-09,0.1217,0.5107,1.1153,-1.3194,0.2512,확장(Risk-On),1.0,1.0,967.75
2009-06-10,0.1211,0.841,0.8543,-1.9673,0.1711,중립(Neutral),0.5,1.0,968.75
2009-06-11,0.2676,0.7754,1.011,-1.7961,0.2708,확장(Risk-On),1.0,1.0,970.25
2009-06-12,0.2158,0.8558,1.2964,-1.6529,0.3656,확장(Risk-On),1.0,1.0,972.75
2009-06-15,0.0192,0.3757,0.9223,-1.4471,0.1142,중립(Neutral),0.5,1.0,951.5
2009-06-16,-0.1943,0.1559,0.816,-1.3767,-0.0315,중립(Neutral),0.5,1.0,939.75
2009-06-17,-0.1113,0.148,0.8117,-1.3496,-0.0015,중립(Neutral),0.5,1.0,937.25
2009-06-18,-0.1567,0.4473,0.8635,-1.355,0.0696,중립(Neutral),0.5,1.0,945.25
2009-06-19,-0.0345,0.6575,0.9721,-1.0286,0.241,확장(Risk-On),1.0,1.0,947.75
2009-06-22,-0.3058,0.4097,1.0515,-0.8248,0.1346,중립(Neutral),0.5,1.0,920.5
2009-06-23,-0.339,0.3455,1.0912,-0.6792,0.1386,중립(Neutral),0.5,1.0,922.25
2009-06-24,-0.3333,0.5483,1.0137,-0.5513,0.1912,중립(Neutral),0.5,1.0,930.0
2009-06-25,0.0406,0.5744,0.6438,-0.3987,0.2589,확장(Risk-On),1.0,1.0,948.5
2009-06-26,-0.0524,0.3649,0.5882,-0.5191,0.1421,중립(Neutral),0.5,1.0,946.0
2009-06-29,-0.1443,0.512,0.5505,-0.4673,0.145,중립(Neutral),0.5,1.0,953.25
2009-06-30,-0.3667,0.4862,0.779,-0.4745,0.1168,중립(Neutral),0.5,1.0,947.5
2009-07-01,-0.3745,0.5889,0.7638,-0.533,0.1271,중립(Neutral),0.5,0.5,951.25
2009-07-02,-0.5299,0.1559,0.5237,-0.4913,-0.0892,중립(Neutral),0.5,0.5,925.5
2009-07-03,-0.5068,0.1297,0.5041,-0.4563,-0.0874,중립(Neutral),0.5,0.5,925.5
2009-07-06,-0.4854,0.1133,0.5075,-0.4635,-0.0842,중립(Neutral),0.5,0.5,927.5
2009-07-07,-0.7891,-0.105,0.4421,-0.4124,-0.2538,수축(Risk-Off),0.0,0.5,911.25
2009-07-08,-0.872,-0.2653,0.5326,-0.1947,-0.2676,수축(Risk-Off),0.0,0.5,905.75
2009-07-09,-0.8446,-0.178,0.4479,-0.2048,-0.2589,수축(Risk-Off),0.0,0.5,911.0
2009-07-10,-0.8599,-0.2684,0.4014,-0.1292,-0.2871,수축(Risk-Off),0.0,0.5,906.25
2009-07-13,-0.7265,0.3609,0.872,-0.1394,0.033,중립(Neutral),0.5,0.5,927.5
2009-07-14,-0.5993,0.5377,0.7616,-0.2539,0.077,중립(Neutral),0.5,0.5,933.5
2009-07-15,-0.2079,0.5589,0.956,-0.2637,0.2664,확장(Risk-On),1.0,0.5,959.25
2009-07-16,0.0112,0.5022,1.0246,-0.1707,0.36,확장(Risk-On),1.0,0.5,967.75
2009-07-17,-0.0403,0.4454,0.8457,-0.203,0.2782,확장(Risk-On),1.0,0.5,969.0
2009-07-20,0.068,0.6931,0.9649,-0.2343,0.4031,확장(Risk-On),1.0,0.5,981.0
2009-07-21,0.1994,0.6506,0.993,-0.0974,0.4661,확장(Risk-On),1.0,0.5,985.5
2009-07-22,0.1161,0.5403,0.7772,-0.105,0.3543,확장(Risk-On),1.0,0.5,981.5
2009-07-23,0.3266,0.5232,0.8846,-0.23,0.4318,확장(Risk-On),1.0,0.5,1001.0
2009-07-24,0.3497,0.5073,0.8376,-0.1462,0.4367,확장(Risk-On),1.0,0.5,1009.75
2009-07-27,0.2827,0.3233,0.7461,-0.2122,0.3345,확장(Risk-On),1.0,0.5,1012.0
2009-07-28,0.1811,0.2936,0.8369,-0.2771,0.3045,확장(Risk-On),1.0,0.5,1008.0
2009-07-29,0.2203,0.1977,0.7984,-0.3345,0.2759,확장(Risk-On),1.0,0.5,1007.0
2009-07-30,0.1435,0.3079,0.8576,-0.4237,0.2781,확장(Risk-On),1.0,0.5,1014.25
2009-07-31,0.3078,0.1444,0.7142,-0.1373,0.3018,확장(Risk-On),1.0,0.5,1016.5
2009-08-03,0.4744,0.4775,0.8626,-0.3161,0.4537,확장(Risk-On),1.0,1.0,1032.75
2009-08-04,0.5591,0.671,0.8587,-0.5344,0.4979,확장(Risk-On),1.0,1.0,1036.75
2009-08-05,0.5513,0.8411,1.0265,-0.8243,0.5362,확장(Risk-On),1.0,1.0,1032.75
2009-08-06,0.5631,0.6338,0.9665,-0.5693,0.5118,확장(Risk-On),1.0,1.0,1027.0
2009-08-07,0.709,0.7852,1.0043,-0.935,0.5553,확장(Risk-On),1.0,1.0,1038.5
2009-08-10,0.8869,0.4539,0.8986,-0.7035,0.543,확장(Risk-On),1.0,1.0,1039.5
2009-08-11,0.5271,0.1834,0.77,-0.4911,0.3492,확장(Risk-On),1.0,1.0,1025.0
2009-08-12,0.6229,0.3603,0.8425,-0.2205,0.4857,확장(Risk-On),1.0,1.0,1034.25
2009-08-13,0.4714,0.3802,1.0581,-0.0993,0.5097,확장(Risk-On),1.0,1.0,1045.5
2009-08-14,0.3689,0.2792,0.9903,-0.0805,0.4344,확장(Risk-On),1.0,1.0,1037.75
2009-08-17,0.0349,-0.2273,0.7756,-0.1356,0.129,중립(Neutral),0.5,1.0,1010.25
2009-08-18,0.1145,-0.1385,0.6848,-0.1716,0.1509,중립(Neutral),0.5,1.0,1021.5
2009-08-19,0.1619,-0.1817,0.9227,-0.0507,0.2343,확장(Risk-On),1.0,1.0,1029.0
2009-08-20,0.2915,-0.1011,0.9867,-0.1488,0.3011,확장(Risk-On),1.0,1.0,1036.75
2009-08-21,0.3409,0.0344,0.9733,-0.2158,0.3389,확장(Risk-On),1.0,1.0,1057.5
2009-08-24,0.3531,-0.1156,0.886,-0.1796,0.2892,확장(Risk-On),1.0,1.0,1056.5
2009-08-25,0.312,-0.0674,0.8613,-0.0997,0.2927,확장(Risk-On),1.0,1.0,1058.0
2009-08-26,0.3751,0.044,0.7815,-0.1337,0.3176,확장(Risk-On),1.0,1.0,1058.75
2009-08-27,0.3251,-0.0392,0.9161,-0.1779,0.3063,확장(Risk-On),1.0,1.0,1061.25
2009-08-28,0.1924,-0.1696,0.8896,-0.1862,0.2194,확장(Risk-On),1.0,1.0,1059.5
2009-08-31,0.2117,-0.3811,0.8922,-0.1111,0.1852,중립(Neutral),0.5,1.0,1052.75
2009-09-01,-0.2294,-0.8047,0.53,-0.0404,-0.155,중립(Neutral),0.5,0.5,1028.5
2009-09-02,-0.3133,-0.8548,0.3987,-0.3437,-0.2752,수축(Risk-Off),0.0,0.5,1026.25
2009-09-03,-0.2047,-0.5548,0.2946,-0.3058,-0.1826,중립(Neutral),0.5,0.5,1033.75
2009-09-04,0.0852,-0.3214,0.2494,-0.3608,-0.0423,중립(Neutral),0.5,0.5,1046.0
2009-09-07,0.0656,-0.157,0.5139,-0.3391,0.0613,중립(Neutral),0.5,0.5,1053.75
2009-09-08,0.1939,-0.0495,0.6565,-0.3334,0.1696,중립(Neutral),0.5,0.5,1057.0
2009-09-09,0.2943,0.107,0.8306,-0.2605,0.2983,확장(Risk-On),1.0,0.5,1064.5
2009-09-10,0.3455,-0.0366,0.7638,-0.2293,0.2683,확장(Risk-On),1.0,0.5,1073.75
2009-09-11,0.3739,-0.112,0.7103,-0.1971,0.2509,확장(Risk-On),1.0,0.5,1073.5
2009-09-14,0.5955,0.4105,0.9956,-0.269,0.5196,확장(Risk-On),1.0,0.5,1079.75
2009-09-15,0.7741,0.4029,0.8862,-0.3226,0.5448,확장(Risk-On),1.0,0.5,1082.25
2009-09-16,0.8586,0.412,0.9521,-0.3629,0.5871,확장(Risk-On),1.0,0.5,1099.75
2009-09-17,0.9198,0.3117,1.0516,-0.2531,0.6248,확장(Risk-On),1.0,0.5,1099.0
2009-09-18,1.0282,0.3411,0.9494,-0.1821,0.6552,확장(Risk-On),1.0,0.5,1097.25
2009-09-21,0.7501,0.31,0.9232,-0.1744,0.5447,확장(Risk-On),1.0,0.5,1096.75
2009-09-22,0.7714,0.4238,0.9485,-0.1847,0.5854,확장(Risk-On),1.0,0.5,1103.5
2009-09-23,0.7456,0.2958,0.8292,-0.1967,0.5127,확장(Risk-On),1.0,0.5,1095.25
2009-09-24,0.576,0.2143,1.0443,-0.1418,0.495,확장(Risk-On),1.0,0.5,1080.5
2009-09-25,0.6511,0.1134,1.1045,-0.1186,0.5146,확장(Risk-On),1.0,0.5,1077.25
2009-09-28,0.9693,0.3167,1.137,-0.1657,0.6778,확장(Risk-On),1.0,0.5,1095.25
2009-09-29,1.1452,0.6037,1.1933,-0.1971,0.8205,확장(Risk-On),1.0,0.5,1091.0
2009-09-30,1.4461,0.6572,1.0581,-0.2219,0.9017,확장(Risk-On),1.0,0.5,1089.25
2009-10-01,1.083,-0.059,0.7326,-0.0909,0.5338,확장(Risk-On),1.0,1.0,1063.75
2009-10-02,0.7743,-0.1634,0.7603,-0.015,0.418,확장(Risk-On),1.0,1.0,1058.0
2009-10-05,0.9427,-0.0247,0.7242,-0.0836,0.4923,확장(Risk-On),1.0,1.0,1072.75
2009-10-06,1.2134,0.1004,0.6925,-0.0346,0.6177,확장(Risk-On),1.0,1.0,1084.75
2009-10-07,1.2514,-0.0952,0.5254,0.063,0.555,확장(Risk-On),1.0,1.0,1089.75
2009-10-08,1.2597,-0.0101,0.5001,-0.0028,0.563,확장(Risk-On),1.0,1.0,1100.0
2009-10-09,1.1074,0.1869,0.5455,-0.0335,0.5657,확장(Risk-On),1.0,1.0,1104.25
2009-10-12,1.1218,0.1959,0.446,-0.1016,0.5378,확장(Risk-On),1.0,1.0,1107.75
2009-10-13,1.1214,0.1471,0.3903,0.0114,0.5285,확장(Risk-On),1.0,1.0,1105.0
2009-10-14,1.3014,0.2862,0.5902,-0.007,0.6735,확장(Risk-On),1.0,1.0,1124.0
2009-10-15,1.2867,0.2688,0.6213,-0.0266,0.6689,확장(Risk-On),1.0,1.0,1126.0
2009-10-16,1.229,0.247,0.4963,0.0251,0.6198,확장(Risk-On),1.0,1.0,1118.25
2009-10-19,1.1581,0.2383,0.5378,0.0208,0.6025,확장(Risk-On),1.0,1.0,1127.25
2009-10-20,1.0872,0.2162,0.3641,0.0547,0.5338,확장(Risk-On),1.0,1.0,1125.75
2009-10-21,0.7657,0.0958,0.3655,-0.0189,0.3805,확장(Risk-On),1.0,1.0,1114.25
2009-10-22,0.9665,0.409,0.4506,0.0567,0.5617,확장(Risk-On),1.0,1.0,1127.0
2009-10-23,0.8832,0.3224,0.2893,-0.0801,0.45,확장(Risk-On),1.0,1.0,1113.25
2009-10-26,0.7077,-0.1188,0.1256,-0.4015,0.1892,중립(Neutral),0.5,1.0,1102.5
2009-10-27,0.568,-0.2788,0.1392,-0.137,0.1434,중립(Neutral),0.5,1.0,1096.75
2009-10-28,0.3961,-0.7186,0.0026,-0.0775,-0.052,중립(Neutral),0.5,1.0,1074.75
2009-10-29,0.5533,-0.0744,0.1284,-0.473,0.1362,중립(Neutral),0.5,1.0,1097.75
2009-10-30,0.369,-0.9015,0.0646,-0.1476,-0.1022,중립(Neutral),0.5,1.0,1069.25
2009-11-02,0.5373,-0.8312,-0.0165,-0.1167,-0.0414,중립(Neutral),0.5,0.5,1075.25
2009-11-03,0.5768,-0.6701,-0.1715,-0.1967,-0.038,중립(Neutral),0.5,0.5,1078.0
2009-11-04,0.425,-0.6047,-0.1356,-0.4801,-0.1084,중립(Neutral),0.5,0.5,1083.25
2009-11-05,0.6586,-0.3665,-0.1335,-0.1611,0.0813,중립(Neutral),0.5,0.5,1099.5
2009-11-06,0.7037,-0.2788,-0.1385,0.216,0.1744,중립(Neutral),0.5,0.5,1102.5
2009-11-09,0.9288,0.0449,0.2503,0.2289,0.4332,확장(Risk-On),1.0,0.5,1128.0
2009-11-10,0.9727,0.0057,0.2,0.197,0.4214,확장(Risk-On),1.0,0.5,1128.25
2009-11-11,1.1902,-0.0312,0.0125,0.4496,0.4793,확장(Risk-On),1.0,0.5,1132.5
2009-11-12,0.9771,-0.2414,-0.1137,0.4414,0.3194,확장(Risk-On),1.0,0.5,1123.5
2009-11-13,0.8922,-0.3397,-0.1926,0.3513,0.2319,확장(Risk-On),1.0,0.5,1127.75
2009-11-16,1.0716,-0.2639,-0.2499,0.5886,0.3349,확장(Risk-On),1.0,0.5,1142.5
2009-11-17,0.9382,-0.2271,-0.3787,0.5789,0.2638,확장(Risk-On),1.0,0.5,1143.75
2009-11-18,0.8771,-0.0391,-0.1551,0.4824,0.3308,확장(Risk-On),1.0,0.5,1144.75
2009-11-19,0.7601,-0.3155,-0.3623,0.6265,0.1906,중립(Neutral),0.5,0.5,1130.5
2009-11-20,0.768,-0.1734,-0.4571,0.7853,0.229,확장(Risk-On),1.0,0.5,1126.25
2009-11-23,0.9488,0.1459,-0.4075,0.8158,0.3891,확장(Risk-On),1.0,0.5,1140.0
2009-11-24,1.0068,0.3416,-0.1345,0.8151,0.5264,확장(Risk-On),1.0,0.5,1139.25
2009-11-25,1.1652,0.5522,-0.0057,0.8919,0.6782,확장(Risk-On),1.0,0.5,1145.25
2009-11-26,0.9486,0.2156,-0.1411,0.8269,0.4747,확장(Risk-On),1.0,0.5,1121.0
2009-11-27,0.8951,-0.0648,-0.1829,0.8703,0.3819,확장(Risk-On),1.0,0.5,1125.75
2009-11-30,1.1769,-0.0966,-0.215,0.8267,0.458,확장(Risk-On),1.0,0.5,1131.0
2009-12-01,1.2509,0.1594,-0.2982,0.7489,0.5155,확장(Risk-On),1.0,1.0,1144.75
2009-12-02,1.2244,0.1912,-0.5218,0.6668,0.4459,확장(Risk-On),1.0,1.0,1144.25
2009-12-03,1.021,0.0061,-0.6913,0.7922,0.3049,확장(Risk-On),1.0,1.0,1134.25
2009-12-04,1.0433,0.1962,-0.2962,0.6309,0.4348,확장(Risk-On),1.0,1.0,1144.25
2009-12-07,0.8742,-0.0527,-0.3737,0.591,0.288,확장(Risk-On),1.0,1.0,1140.0
2009-12-08,0.5307,-0.3646,-0.3537,0.612,0.098,중립(Neutral),0.5,1.0,1126.25
2009-12-09,0.6224,-0.3216,-0.2764,0.6307,0.1629,중립(Neutral),0.5,1.0,1131.75
2009-12-10,0.6682,-0.1078,-0.3296,0.4739,0.1956,중립(Neutral),0.5,1.0,1138.25
2009-12-11,0.8029,-0.0627,-0.3104,0.3813,0.245,확장(Risk-On),1.0,1.0,1144.25
2009-12-14,0.7965,-0.016,-0.2571,0.1471,0.2326,확장(Risk-On),1.0,1.0,1149.5
2009-12-15,0.6429,-0.0477,-0.4728,-0.0024,0.0945,중립(Neutral),0.5,1.0,1145.0
2009-12-16,0.658,0.0691,-0.3907,0.1177,0.1676,중립(Neutral),0.5,1.0,1146.75
2009-12-17,0.5187,-0.0991,-0.4002,0.2827,0.0991,중립(Neutral),0.5,1.0,1135.25
2009-12-18,0.5936,0.0517,-0.439,0.1449,0.1327,중립(Neutral),0.5,1.0,1138.75
2009-12-21,0.7632,0.1964,-0.3554,-0.1987,0.1976,중립(Neutral),0.5,1.0,1149.25
2009-12-22,0.7457,0.3366,-0.2433,-0.4898,0.2109,확장(Risk-On),1.0,1.0,1154.5
2009-12-23,0.7832,0.3482,-0.1981,-0.7478,0.1995,중립(Neutral),0.5,1.0,1156.5
2009-12-24,0.7874,0.6437,-0.0087,-0.8361,0.3089,확장(Risk-On),1.0,1.0,1163.0
2009-12-28,1.0333,0.8591,0.0491,-1.1414,0.4175,확장(Risk-On),1.0,1.0,1164.0
2009-12-29,1.0014,0.7607,-0.0006,-1.0687,0.3802,확장(Risk-On),1.0,1.0,1162.75
2009-12-30,1.1209,0.567,-0.0601,-0.8504,0.3915,확장(Risk-On),1.0,1.0,1163.0
2009-12-31,0.9288,0.3912,-0.0896,-0.7789,0.2836,확장(Risk-On),1.0,1.0,1151.75
2010-01-04,1.0864,0.5803,-0.1197,-0.6973,0.3908,확장(Risk-On),1.0,1.0,1169.75
2010-01-05,1.2074,0.4354,-0.0994,-0.1723,0.4807,확장(Risk-On),1.0,1.0,1173.25
2010-01-06,1.1314,0.508,-0.1688,-0.41,0.4193,확장(Risk-On),1.0,1.0,1174.0
2010-01-07,1.1591,0.7022,-0.233,-0.695,0.4188,확장(Risk-On),1.0,1.0,1178.5
2010-01-08,1.3328,0.5977,-0.3452,-0.5447,0.4479,확장(Risk-On),1.0,1.0,1182.5
2010-01-11,1.3616,0.5972,-0.3694,-0.293,0.4896,확장(Risk-On),1.0,1.0,1183.5
2010-01-12,1.1558,0.4491,-0.2105,0.0708,0.4748,확장(Risk-On),1.0,1.0,1175.0
2010-01-13,1.1566,0.5077,-0.2779,0.0021,0.4626,확장(Risk-On),1.0,1.0,1182.25
2010-01-14,1.1677,0.5744,-0.2168,0.2404,0.5341,확장(Risk-On),1.0,1.0,1186.25
2010-01-15,1.0445,0.3767,-0.2856,0.4089,0.4497,확장(Risk-On),1.0,1.0,1173.25
2010-01-18,1.0477,0.4405,-0.3431,0.1886,0.4193,확장(Risk-On),1.0,1.0,1177.75
2010-01-19,1.2003,0.5145,-0.2794,0.116,0.4963,확장(Risk-On),1.0,1.0,1186.75
2010-01-20,1.1281,0.2524,-0.28,0.4078,0.4491,확장(Risk-On),1.0,1.0,1175.25
2010-01-21,0.7012,-0.1807,-0.3113,0.4793,0.1943,중립(Neutral),0.5,1.0,1151.5
2010-01-22,0.4806,-0.553,-0.2158,0.5513,0.0587,중립(Neutral),0.5,1.0,1132.0
2010-01-25,0.5271,-0.5352,-0.3379,0.5129,0.0431,중립(Neutral),0.5,1.0,1133.5
2010-01-26,0.4679,-0.2759,-0.2372,0.6415,0.1317,중립(Neutral),0.5,1.0,1128.0
2010-01-27,0.641,-0.1266,-0.1259,0.5378,0.2419,확장(Risk-On),1.0,1.0,1135.75
2010-01-28,0.2664,-0.3129,-0.0572,0.4931,0.0747,중립(Neutral),0.5,1.0,1120.25
2010-01-29,0.2698,-0.4509,-0.3525,0.5355,-0.0261,중립(Neutral),0.5,1.0,1111.5
2010-02-01,0.6264,-0.29,-0.4569,0.3996,0.0925,중립(Neutral),0.5,0.5,1127.5
2010-02-02,0.6151,-0.1677,-0.384,0.3905,0.1359,중립(Neutral),0.5,0.5,1138.25
2010-02-03,0.5809,-0.2395,-0.6814,0.2783,0.0148,중립(Neutral),0.5,0.5,1137.5
2010-02-04,0.0349,-0.8495,-0.7461,0.3754,-0.3303,수축(Risk-Off),0.0,0.5,1102.75
2010-02-05,-0.0117,-0.9406,-0.7836,0.39,-0.3766,수축(Risk-Off),0.0,0.5,1100.75
2010-02-08,-0.1446,-0.956,-0.7046,0.3291,-0.4164,수축(Risk-Off),0.0,0.5,1097.0
2010-02-09,-0.0068,-0.8221,-0.6482,0.4069,-0.3089,수축(Risk-Off),0.0,0.5,1107.25
2010-02-10,-0.0037,-0.7517,-0.7863,0.332,-0.336,수축(Risk-Off),0.0,0.5,1104.25
2010-02-11,0.1742,-0.5596,-0.7223,0.2798,-0.2175,수축(Risk-Off),0.0,0.5,1117.5
2010-02-12,0.2108,-0.4951,-0.8152,0.3011,-0.2086,수축(Risk-Off),0.0,0.5,1120.0
2010-02-15,0.1511,-0.4289,-0.686,0.3181,-0.1781,중립(Neutral),0.5,0.5,1116.5
2010-02-16,0.3544,-0.3459,-0.5251,0.3209,-0.0456,중립(Neutral),0.5,0.5,1134.25
2010-02-17,0.3921,-0.1982,-0.6549,0.1861,-0.0481,중립(Neutral),0.5,0.5,1140.5
2010-02-18,0.6418,0.2127,-0.6411,-0.0695,0.1071,중립(Neutral),0.5,0.5,1146.5
2010-02-19,0.8939,0.5458,-0.7893,-0.1609,0.2278,확장(Risk-On),1.0,0.5,1147.25
2010-02-22,1.0743,0.5691,-0.5174,-0.0794,0.377,확장(Risk-On),1.0,0.5,1148.5
2010-02-23,0.8793,0.3054,-0.621,0.247,0.2659,확장(Risk-On),1.0,0.5,1138.25
2010-02-24,1.0251,0.3449,-0.5273,0.2505,0.3508,확장(Risk-On),1.0,0.5,1144.5
2010-02-25,1.0666,0.2457,-0.7742,0.3013,0.2864,확장(Risk-On),1.0,0.5,1143.25
2010-02-26,1.2027,0.2826,-0.5185,0.3491,0.4143,확장(Risk-On),1.0,0.5,1144.5
2010-03-01,1.3096,0.2589,-0.4321,0.2325,0.4499,확장(Risk-On),1.0,1.0,1155.5
2010-03-02,1.1738,0.0887,-0.5953,0.2354,0.3195,확장(Risk-On),1.0,1.0,1158.5
2010-03-03,1.0455,0.1808,-0.41,0.2903,0.3522,확장(Risk-On),1.0,1.0,1159.5
2010-03-04,1.1523,0.5836,-0.3958,0.3499,0.5027,확장(Risk-On),1.0,1.0,1163.25
2010-03-05,1.551,0.7983,-0.4502,0.2032,0.6604,확장(Risk-On),1.0,1.0,1177.5
2010-03-08,1.5501,0.7155,-0.4067,0.2022,0.6501,확장(Risk-On),1.0,1.0,1178.0
2010-03-09,1.6543,0.5889,-0.3767,0.3417,0.6833,확장(Risk-On),1.0,1.0,1181.5
2010-03-10,1.652,0.4928,-0.3036,0.3223,0.6738,확장(Risk-On),1.0,1.0,1186.75
2010-03-11,1.749,0.4682,-0.1365,0.2874,0.7382,확장(Risk-On),1.0,1.0,1191.5
2010-03-12,1.5139,0.4568,-0.0314,0.2397,0.6722,확장(Risk-On),1.0,1.0,1192.0
2010-03-15,1.5139,0.5513,-0.0208,0.2233,0.696,확장(Risk-On),1.0,1.0,1191.25
2010-03-16,1.6686,0.4672,0.0698,0.2509,0.7559,확장(Risk-On),1.0,1.0,1200.25
2010-03-17,1.5825,0.3752,-0.0614,0.2408,0.6684,확장(Risk-On),1.0,1.0,1206.5
2010-03-18,1.6165,0.3029,-0.1811,0.1912,0.6249,확장(Risk-On),1.0,1.0,1206.75
2010-03-19,1.5495,0.1968,-0.2331,0.1696,0.5587,확장(Risk-On),1.0,1.0,1201.75
2010-03-22,1.5667,0.1033,-0.1435,0.0846,0.551,확장(Risk-On),1.0,1.0,1207.5
2010-03-23,1.5928,0.2469,-0.1389,0.0915,0.5982,확장(Risk-On),1.0,1.0,1215.0
2010-03-24,1.5295,0.2258,-0.2528,-0.245,0.4918,확장(Risk-On),1.0,1.0,1210.0
2010-03-25,1.4177,0.2019,-0.2927,-0.6015,0.3833,확장(Risk-On),1.0,1.0,1208.25
2010-03-26,1.4749,0.2019,-0.2423,-0.6067,0.4151,확장(Risk-On),1.0,1.0,1209.0
2010-03-29,1.6246,0.1678,-0.2561,-0.5157,0.4692,확장(Risk-On),1.0,1.0,1214.25
2010-03-30,1.53,0.2702,-0.2707,-0.4237,0.4718,확장(Risk-On),1.0,1.0,1215.0
2010-03-31,1.4237,0.1154,-0.1588,-0.2918,0.4437,확장(Risk-On),1.0,1.0,1210.75
2010-04-01,1.452,0.1517,-0.0981,-0.494,0.4475,확장(Risk-On),1.0,1.0,1219.25
2010-04-02,1.4051,0.1622,-0.2138,-0.5376,0.3982,확장(Risk-On),1.0,1.0,1219.25
2010-04-05,1.4459,0.3125,-0.264,-0.593,0.4292,확장(Risk-On),1.0,1.0,1228.5
2010-04-06,1.455,0.5236,-0.3698,-0.604,0.4571,확장(Risk-On),1.0,1.0,1231.25
2010-04-07,1.2797,0.3191,-0.514,-0.21,0.3677,확장(Risk-On),1.0,1.0,1224.5
2010-04-08,1.2909,0.3723,-0.4776,-0.3179,0.3778,확장(Risk-On),1.0,1.0,1229.25
2010-04-09,1.5152,0.538,-0.2978,-0.2104,0.5588,확장(Risk-On),1.0,1.0,1238.0
2010-04-12,1.446,0.569,-0.2474,-0.076,0.5751,확장(Risk-On),1.0,1.0,1238.0
2010-04-13,1.4753,0.377,-0.1401,-0.0412,0.5694,확장(Risk-On),1.0,1.0,1238.5
2010-04-14,1.6376,0.5934,0.0296,-0.1036,0.7134,확장(Risk-On),1.0,1.0,1252.0
2010-04-15,1.6679,0.7342,0.1117,-0.0817,0.783,확장(Risk-On),1.0,1.0,1254.0
2010-04-16,1.3627,0.3884,0.1371,0.1713,0.634,확장(Risk-On),1.0,1.0,1235.75
2010-04-19,1.5571,0.5415,0.1613,0.0583,0.7294,확장(Risk-On),1.0,1.0,1241.0
2010-04-20,1.7407,0.8082,0.3452,-0.0616,0.8884,확장(Risk-On),1.0,1.0,1251.0
2010-04-21,1.6876,0.689,0.0757,0.1546,0.805,확장(Risk-On),1.0,1.0,1246.0
2010-04-22,1.7935,0.89,0.245,0.1497,0.9339,확장(Risk-On),1.0,1.0,1247.25
2010-04-23,1.956,1.021,0.4632,0.1446,1.0774,확장(Risk-On),1.0,1.0,1257.75
2010-04-26,1.8768,0.7545,0.4199,0.1303,0.97,확장(Risk-On),1.0,1.0,1253.75
2010-04-27,1.2861,-0.2142,-0.0584,0.205,0.4127,확장(Risk-On),1.0,1.0,1226.5
2010-04-28,1.4779,0.0743,-0.1149,0.1177,0.5248,확장(Risk-On),1.0,1.0,1235.5
2010-04-29,1.8922,0.7377,0.2475,0.163,0.933,확장(Risk-On),1.0,1.0,1250.75
2010-04-30,1.3016,0.1963,-0.0167,0.166,0.5253,확장(Risk-On),1.0,1.0,1229.0
2010-05-03,1.536,0.4633,0.0204,0.1305,0.6781,확장(Risk-On),1.0,1.0,1244.0
2010-05-04,1.1609,-0.2615,-0.3226,0.1975,0.2899,확장(Risk-On),1.0,1.0,1218.0
2010-05-05,1.0016,-0.4587,-0.4513,0.1739,0.1491,중립(Neutral),0.5,1.0,1209.5
2010-05-06,0.404,-1.3962,-1.0028,0.2855,-0.4155,수축(Risk-Off),0.0,1.0,1168.0
2010-05-07,0.0817,-1.8434,-1.1978,0.2933,-0.6877,수축(Risk-Off),0.0,1.0,1152.5
2010-05-10,0.5696,-0.7052,-0.7624,0.1884,-0.1393,중립(Neutral),0.5,1.0,1202.0
2010-05-11,0.4962,-0.7126,-0.9821,0.2059,-0.2191,수축(Risk-Off),0.0,1.0,1197.75
2010-05-12,0.6878,-0.5549,-1.0274,0.1806,-0.1277,중립(Neutral),0.5,1.0,1215.25
2010-05-13,0.481,-0.7439,-1.0402,0.1406,-0.2566,수축(Risk-Off),0.0,1.0,1202.25
2010-05-14,0.1651,-1.1014,-1.2092,0.1898,-0.4914,수축(Risk-Off),0.0,1.0,1180.75
2010-05-17,0.2096,-1.095,-1.4134,0.1706,-0.5281,수축(Risk-Off),0.0,1.0,1180.0
2010-05-18,0.0212,-1.296,-1.2747,0.1744,-0.6091,수축(Risk-Off),0.0,1.0,1164.25
2010-05-19,-0.1483,-1.4284,-1.3659,0.1728,-0.7245,수축(Risk-Off),0.0,1.0,1155.5
2010-05-20,-0.522,-2.0171,-1.3588,0.2808,-0.9846,수축(Risk-Off),0.0,1.0,1115.5
2010-05-21,-0.3854,-1.6839,-1.1254,0.3607,-0.7831,수축(Risk-Off),0.0,1.0,1130.0
2010-05-24,-0.5914,-1.6441,-1.3443,0.3839,-0.8965,수축(Risk-Off),0.0,1.0,1116.5
2010-05-25,-0.5323,-1.3685,-1.3981,0.5195,-0.8,수축(Risk-Off),0.0,1.0,1118.5
2010-05-26,-0.5191,-1.4145,-1.6754,0.4267,-0.8902,수축(Risk-Off),0.0,1.0,1106.75
2010-05-27,-0.2055,-0.9808,-1.3195,0.2783,-0.6053,수축(Risk-Off),0.0,1.0,1146.5
2010-05-28,-0.3974,-1.1779,-1.4422,0.3295,-0.7447,수축(Risk-Off),0.0,1.0,1134.0
2010-05-31,-0.2764,-1.2281,-1.506,0.3749,-0.724,수축(Risk-Off),0.0,1.0,1136.25
2010-06-01,-0.5429,-1.3737,-1.723,0.4244,-0.9005,수축(Risk-Off),0.0,0.0,1115.0
2010-06-02,-0.2142,-0.9873,-1.7715,0.4004,-0.7046,수축(Risk-Off),0.0,0.0,1142.25
2010-06-03,-0.1215,-0.7522,-1.7033,0.419,-0.5935,수축(Risk-Off),0.0,0.0,1149.0
2010-06-04,-0.2239,-1.0741,-2.1204,0.51,-0.8005,수축(Risk-Off),0.0,0.0,1111.5
2010-06-07,-0.2996,-1.4424,-2.2451,0.4498,-0.9592,수축(Risk-Off),0.0,0.0,1093.5
2010-06-08,-0.4324,-1.2812,-2.2353,0.5086,-0.9542,수축(Risk-Off),0.0,0.0,1104.75
2010-06-09,-0.4566,-1.3552,-2.0853,0.578,-0.9333,수축(Risk-Off),0.0,0.0,1101.0
2010-06-10,-0.2958,-1.0162,-1.7497,0.5058,-0.7191,수축(Risk-Off),0.0,0.0,1129.25
2010-06-11,-0.1851,-0.8665,-1.8849,0.5769,-0.6661,수축(Risk-Off),0.0,0.0,1134.75
2010-06-14,-0.1013,-0.8102,-1.7311,0.5677,-0.5856,수축(Risk-Off),0.0,0.0,1136.0
2010-06-15,0.0737,-0.5343,-1.6552,0.5577,-0.4379,수축(Risk-Off),0.0,0.0,1159.0
2010-06-16,0.1316,-0.6131,-1.5936,0.5879,-0.4174,수축(Risk-Off),0.0,0.0,1159.25
2010-06-17,0.1751,-0.4283,-1.6083,0.6313,-0.3532,수축(Risk-Off),0.0,0.0,1161.5
2010-06-18,0.3045,-0.433,-1.6232,0.6265,-0.3135,수축(Risk-Off),0.0,0.0,1160.0
2010-06-21,0.2649,-0.5288,-1.5099,0.6062,-0.326,수축(Risk-Off),0.0,0.0,1160.25
2010-06-22,0.1627,-0.8312,-1.6355,0.6092,-0.4683,수축(Risk-Off),0.0,0.0,1140.25
2010-06-23,0.1602,-0.8218,-1.6136,0.6682,-0.4526,수축(Risk-Off),0.0,0.0,1137.25
2010-06-24,0.0641,-1.1699,-1.745,0.6782,-0.6045,수축(Risk-Off),0.0,0.0,1120.25
2010-06-25,-0.0721,-1.1254,-1.6822,0.6894,-0.6237,수축(Risk-Off),0.0,0.0,1124.5
2010-06-28,-0.0197,-1.2668,-1.5833,0.7469,-0.6074,수축(Risk-Off),0.0,0.0,1120.75
2010-06-29,-0.311,-1.5158,-1.7411,0.716,-0.8156,수축(Risk-Off),0.0,0.0,1085.0
2010-06-30,-0.2971,-1.6325,-1.6316,0.7605,-0.8059,수축(Risk-Off),0.0,0.0,1076.25
2010-07-01,-0.4594,-1.5813,-1.2717,0.7361,-0.7636,수축(Risk-Off),0.0,0.0,1071.5
2010-07-02,-0.5761,-1.3163,-1.2833,0.6566,-0.7531,수축(Risk-Off),0.0,0.0,1064.0
2010-07-05,-0.4325,-1.2934,-1.3569,0.6574,-0.7153,수축(Risk-Off),0.0,0.0,1061.75
2010-07-06,-0.3064,-1.3172,-1.2454,0.713,-0.6409,수축(Risk-Off),0.0,0.0,1074.0
2010-07-07,-0.1153,-1.1046,-1.2135,0.6563,-0.5214,수축(Risk-Off),0.0,0.0,1109.0
2010-07-08,-0.0453,-1.0565,-1.0677,0.5909,-0.4583,수축(Risk-Off),0.0,0.0,1116.75
2010-07-09,-0.1309,-0.9228,-1.179,0.5656,-0.4864,수축(Risk-Off),0.0,0.0,1122.25
2010-07-12,-0.159,-0.9405,-1.1441,0.6011,-0.4866,수축(Risk-Off),0.0,0.0,1126.25
2010-07-13,-0.0666,-0.9554,-1.0773,0.5458,-0.4496,수축(Risk-Off),0.0,0.0,1139.5
2010-07-14,-0.1284,-0.9704,-0.9225,0.6111,-0.4265,수축(Risk-Off),0.0,0.0,1140.75
2010-07-15,-0.1548,-1.0846,-0.8276,0.6566,-0.4337,수축(Risk-Off),0.0,0.0,1140.25
2010-07-16,-0.3854,-1.3262,-0.7997,0.6571,-0.5678,수축(Risk-Off),0.0,0.0,1112.75
2010-07-19,-0.3585,-1.2528,-0.7417,0.6665,-0.5241,수축(Risk-Off),0.0,0.0,1113.5
2010-07-20,-0.2455,-0.9323,-0.5627,0.6923,-0.3558,수축(Risk-Off),0.0,0.0,1129.75
2010-07-21,-0.3151,-1.1876,-0.5649,0.7736,-0.4324,수축(Risk-Off),0.0,0.0,1113.75
2010-07-22,-0.1233,-0.9754,-0.5803,0.6761,-0.3307,수축(Risk-Off),0.0,0.0,1137.5
2010-07-23,0.0772,-0.762,-0.3999,0.5662,-0.1785,중립(Neutral),0.5,0.0,1150.25
2010-07-26,0.1016,-0.7685,-0.2376,0.6133,-0.124,중립(Neutral),0.5,0.0,1159.25
2010-07-27,0.0988,-0.5291,-0.0125,0.5526,-0.0179,중립(Neutral),0.5,0.0,1160.75
2010-07-28,0.2299,-0.586,0.1097,0.6819,0.0637,중립(Neutral),0.5,0.0,1151.75
2010-07-29,0.1882,-0.4509,0.489,0.7565,0.1888,중립(Neutral),0.5,0.0,1146.75
2010-07-30,0.2799,-0.5086,0.5705,0.787,0.2315,확장(Risk-On),1.0,0.0,1148.0
2010-08-02,0.5614,-0.4925,0.3963,0.7628,0.2868,확장(Risk-On),1.0,1.0,1171.5
2010-08-03,0.6362,-0.5882,0.6153,0.7887,0.3478,확장(Risk-On),1.0,1.0,1168.0
2010-08-04,0.6644,-0.6507,0.6473,0.8133,0.3537,확장(Risk-On),1.0,1.0,1174.25
2010-08-05,0.3863,-0.662,0.6693,0.8856,0.2698,확장(Risk-On),1.0,1.0,1173.25
2010-08-06,0.3699,-0.595,0.9315,0.9677,0.3588,확장(Risk-On),1.0,1.0,1169.25
2010-08-09,0.335,-0.6347,1.0355,0.9636,0.362,확장(Risk-On),1.0,1.0,1175.25
2010-08-10,0.2947,-0.608,0.8493,0.9295,0.3029,확장(Risk-On),1.0,1.0,1169.5
2010-08-11,-0.0132,-0.9215,0.5269,0.9787,0.0435,중립(Neutral),0.5,1.0,1134.75
2010-08-12,-0.0947,-0.7623,0.4777,0.9155,0.033,중립(Neutral),0.5,1.0,1129.0
2010-08-13,-0.0776,-0.7974,0.1407,0.9064,-0.0554,중립(Neutral),0.5,1.0,1125.75
2010-08-16,0.0827,-0.8249,0.4399,0.9701,0.0782,중립(Neutral),0.5,1.0,1127.0
2010-08-17,0.2871,-0.6408,0.6426,0.907,0.237,확장(Risk-On),1.0,1.0,1138.75
2010-08-18,0.1505,-0.6194,0.7716,0.9118,0.2275,확장(Risk-On),1.0,1.0,1136.5
2010-08-19,0.1307,-1.0915,0.3602,0.9712,0.0086,중립(Neutral),0.5,1.0,1120.5
2010-08-20,0.0137,-0.9482,0.3277,0.9675,-0.0052,중립(Neutral),0.5,1.0,1120.0
2010-08-23,-0.0249,-1.0236,0.2959,0.9939,-0.0416,중립(Neutral),0.5,1.0,1115.25
2010-08-24,-0.3265,-1.1896,0.4317,1.0387,-0.148,중립(Neutral),0.5,1.0,1099.5
2010-08-25,-0.2729,-1.1488,0.2843,1.0021,-0.1613,중립(Neutral),0.5,1.0,1104.25
2010-08-26,-0.3444,-1.308,0.2262,1.045,-0.2343,수축(Risk-Off),0.0,1.0,1094.5
2010-08-27,-0.0901,-0.7087,0.7411,0.9568,0.1201,중립(Neutral),0.5,1.0,1113.5
2010-08-30,-0.3722,-1.0754,0.8544,1.0156,-0.0332,중립(Neutral),0.5,1.0,1094.75
2010-08-31,-0.5002,-0.9943,0.7496,0.9975,-0.0866,중립(Neutral),0.5,1.0,1098.0
2010-09-01,-0.0423,-0.6382,0.8512,0.8866,0.1714,중립(Neutral),0.5,0.5,1131.5
2010-09-02,0.0548,-0.7385,0.6125,0.9286,0.127,중립(Neutral),0.5,0.5,1139.25
2010-09-03,0.153,-0.4319,0.8264,0.8932,0.2862,확장(Risk-On),1.0,0.5,1153.25
2010-09-06,0.1913,-0.464,0.6508,0.872,0.2445,확장(Risk-On),1.0,0.5,1154.25
2010-09-07,-0.0828,-0.8925,0.3172,0.9416,-0.0316,중립(Neutral),0.5,0.5,1141.0
2010-09-08,0.0115,-0.6091,0.3606,0.9298,0.0814,중립(Neutral),0.5,0.5,1149.0
2010-09-09,0.2267,-0.4028,0.4824,0.7536,0.2123,확장(Risk-On),1.0,0.5,1152.25
2010-09-10,0.2587,-0.2798,0.608,0.5767,0.2591,확장(Risk-On),1.0,0.5,1159.5
2010-09-13,0.3761,-0.2378,0.6374,0.5991,0.3214,확장(Risk-On),1.0,0.5,1171.0
2010-09-14,0.3773,-0.2873,0.7184,0.9115,0.3766,확장(Risk-On),1.0,0.5,1170.5
2010-09-15,0.3917,-0.2344,0.6592,0.8118,0.3651,확장(Risk-On),1.0,0.5,1175.5
2010-09-16,0.4318,-0.0104,0.831,0.6508,0.4539,확장(Risk-On),1.0,0.5,1177.25
2010-09-17,0.5253,-0.1163,0.7733,0.9001,0.4831,확장(Risk-On),1.0,0.5,1174.5
2010-09-20,0.7065,0.0377,0.735,1.007,0.5915,확장(Risk-On),1.0,0.5,1191.25
2010-09-21,0.8243,0.175,1.1482,1.1038,0.7848,확장(Risk-On),1.0,0.5,1189.5
2010-09-22,0.8925,0.1122,1.1695,1.0886,0.7961,확장(Risk-On),1.0,0.5,1184.5
2010-09-23,0.7842,0.0035,0.631,1.1098,0.5995,확장(Risk-On),1.0,0.5,1175.25
2010-09-24,1.158,0.1505,0.7817,1.0637,0.7979,확장(Risk-On),1.0,0.5,1198.0
2010-09-27,0.9995,0.1589,0.7617,1.0836,0.7425,확장(Risk-On),1.0,0.5,1192.5
2010-09-28,1.1606,0.0525,0.6066,1.0966,0.7355,확장(Risk-On),1.0,0.5,1196.5
2010-09-29,1.2127,-0.2455,0.4686,1.0985,0.645,확장(Risk-On),1.0,0.5,1195.75
2010-09-30,0.9643,-0.3954,0.309,1.0814,0.4781,확장(Risk-On),1.0,0.5,1191.5
2010-10-01,0.9308,-0.4149,0.4583,1.0224,0.49,확장(Risk-On),1.0,1.0,1197.0
2010-10-04,0.6427,-0.5795,0.3236,1.0835,0.3235,확장(Risk-On),1.0,1.0,1189.5
2010-10-05,0.7914,-0.2833,0.3005,1.1151,0.4485,확장(Risk-On),1.0,1.0,1209.5
2010-10-06,0.8588,-0.2803,0.2219,1.1226,0.4544,확장(Risk-On),1.0,1.0,1210.5
2010-10-07,0.8193,-0.2683,0.2669,1.1713,0.4621,확장(Risk-On),1.0,1.0,1211.25
2010-10-08,0.823,-0.0786,0.1797,1.2299,0.4978,확장(Risk-On),1.0,1.0,1215.25
2010-10-11,0.7964,0.0368,0.0451,1.233,0.4842,확장(Risk-On),1.0,1.0,1217.0
2010-10-12,0.7839,0.0731,0.1089,1.0837,0.4824,확장(Risk-On),1.0,1.0,1219.25
2010-10-13,0.9949,0.209,0.2729,1.1631,0.6431,확장(Risk-On),1.0,1.0,1229.0
2010-10-14,1.0089,0.0367,0.128,1.0575,0.5529,확장(Risk-On),1.0,1.0,1228.25
2010-10-15,0.9832,0.1025,0.0137,0.972,0.519,확장(Risk-On),1.0,1.0,1229.75
2010-10-18,1.1195,-0.0066,-0.1665,1.0634,0.5081,확장(Risk-On),1.0,1.0,1233.0
2010-10-19,0.7626,-0.2465,-0.2193,1.0231,0.3039,확장(Risk-On),1.0,1.0,1218.5
2010-10-20,0.8175,-0.022,-0.0774,0.9803,0.4083,확장(Risk-On),1.0,1.0,1229.5
2010-10-21,0.8854,0.2081,0.1383,0.8118,0.5182,확장(Risk-On),1.0,1.0,1230.5
2010-10-22,0.9903,0.2228,0.1458,0.8243,0.5624,확장(Risk-On),1.0,1.0,1235.5
2010-10-25,0.9262,0.0428,-0.0455,0.9051,0.4593,확장(Risk-On),1.0,1.0,1237.5
2010-10-26,0.9748,0.1418,-0.1366,0.6454,0.4393,확장(Risk-On),1.0,1.0,1237.5
2010-10-27,0.859,0.1019,-0.0261,0.5626,0.404,확장(Risk-On),1.0,1.0,1233.5
2010-10-28,0.7716,0.0867,-0.0101,0.7884,0.4075,확장(Risk-On),1.0,1.0,1234.0
2010-10-29,0.7816,0.0196,-0.0982,0.7941,0.373,확장(Risk-On),1.0,1.0,1235.25
2010-11-01,0.7518,-0.0052,-0.046,0.7785,0.3671,확장(Risk-On),1.0,1.0,1237.75
2010-11-02,0.9227,-0.0054,0.1768,0.7545,0.479,확장(Risk-On),1.0,1.0,1247.5
2010-11-03,0.9799,0.4681,0.8104,0.6663,0.7625,확장(Risk-On),1.0,1.0,1252.0
2010-11-04,1.2072,0.5754,1.0594,0.801,0.9514,확장(Risk-On),1.0,1.0,1273.25
2010-11-05,1.2469,0.6334,0.9681,0.733,0.9468,확장(Risk-On),1.0,1.0,1276.75
2010-11-08,1.3345,0.5586,0.8258,0.7312,0.9229,확장(Risk-On),1.0,1.0,1274.75
2010-11-09,1.2142,0.4003,0.5897,0.487,0.7455,확장(Risk-On),1.0,1.0,1265.75
2010-11-10,1.286,0.4614,0.5987,0.6415,0.8114,확장(Risk-On),1.0,1.0,1268.75
2010-11-11,1.2088,0.6472,0.7437,0.6854,0.8736,확장(Risk-On),1.0,1.0,1265.75
2010-11-12,0.8838,0.29,0.9597,0.5722,0.7076,확장(Risk-On),1.0,1.0,1250.25
2010-11-15,0.891,0.4777,0.9117,0.0468,0.6662,확장(Risk-On),1.0,1.0,1250.5
2010-11-16,0.6168,0.325,0.9267,0.1024,0.5442,확장(Risk-On),1.0,1.0,1229.5
2010-11-17,0.8155,0.3238,1.0206,0.077,0.6331,확장(Risk-On),1.0,1.0,1232.25
2010-11-18,1.0081,0.8037,1.0863,0.0648,0.8351,확장(Risk-On),1.0,1.0,1252.5
2010-11-19,1.0876,0.6995,0.99,-0.0042,0.8024,확장(Risk-On),1.0,1.0,1253.0
2010-11-22,1.0387,0.8785,1.164,0.1742,0.9003,확장(Risk-On),1.0,1.0,1252.75
2010-11-23,0.748,0.5105,0.7851,0.4255,0.6495,확장(Risk-On),1.0,1.0,1233.0
2010-11-24,1.0064,0.6622,0.6582,0.1842,0.71,확장(Risk-On),1.0,1.0,1251.25
2010-11-25,1.1563,0.6339,0.65,0.1327,0.7456,확장(Risk-On),1.0,1.0,1254.75
2010-11-26,0.8822,0.1289,0.3244,0.0611,0.4313,확장(Risk-On),1.0,1.0,1238.0
2010-11-29,0.7997,0.2333,0.232,0.1842,0.4238,확장(Risk-On),1.0,1.0,1241.25
2010-11-30,0.6402,0.0881,0.3174,0.228,0.3597,확장(Risk-On),1.0,1.0,1234.25
2010-12-01,0.8132,0.3262,0.4241,-0.2143,0.4401,확장(Risk-On),1.0,1.0,1259.25
2010-12-02,0.995,0.4973,0.5369,-0.6717,0.506,확장(Risk-On),1.0,1.0,1277.5
2010-12-03,0.896,0.5741,0.4971,-0.5109,0.5048,확장(Risk-On),1.0,1.0,1278.25
2010-12-06,0.831,0.5052,0.215,-0.2556,0.4325,확장(Risk-On),1.0,1.0,1276.75
2010-12-07,0.8458,0.7636,0.2909,-0.6674,0.4596,확장(Risk-On),1.0,1.0,1278.0
2010-12-08,0.9823,0.7815,0.4039,-0.9573,0.4966,확장(Risk-On),1.0,1.0,1283.5
2010-12-09,0.9616,0.8415,0.3555,-0.8671,0.5058,확장(Risk-On),1.0,1.0,1287.75
2010-12-10,1.073,1.0313,0.5248,-0.9207,0.6265,확장(Risk-On),1.0,1.0,1295.75
2010-12-13,1.1818,0.9349,0.461,-0.6122,0.6708,확장(Risk-On),1.0,1.0,1296.0
2010-12-14,1.1762,1.2666,0.3873,-1.0707,0.6645,확장(Risk-On),1.0,1.0,1296.5
2010-12-15,1.2663,1.2189,0.3241,-1.1421,0.6576,확장(Risk-On),1.0,1.0,1291.75
2010-12-16,1.2741,1.1428,0.4794,-0.9793,0.7046,확장(Risk-On),1.0,1.0,1298.25
2010-12-17,1.1785,1.0569,0.1944,-0.6568,0.6268,확장(Risk-On),1.0,1.0,1298.25
2010-12-20,1.2445,1.1563,0.2214,-0.8266,0.656,확장(Risk-On),1.0,1.0,1301.0
2010-12-21,1.4496,1.3472,0.1851,-0.8839,0.7579,확장(Risk-On),1.0,1.0,1310.5
2010-12-22,1.5174,1.4241,0.216,-0.7054,0.8353,확장(Risk-On),1.0,1.0,1314.25
2010-12-23,1.3704,1.3306,0.3133,-0.7926,0.7717,확장(Risk-On),1.0,1.0,1312.75
2010-12-27,1.4675,1.3288,0.3126,-0.8082,0.8027,확장(Risk-On),1.0,1.0,1313.0
2010-12-28,1.5158,1.4881,0.1127,-1.0424,0.7744,확장(Risk-On),1.0,1.0,1313.75
2010-12-29,1.5728,1.3121,0.1039,-0.494,0.8304,확장(Risk-On),1.0,1.0,1315.5
2010-12-30,1.3995,1.1613,0.1215,-0.5323,0.7307,확장(Risk-On),1.0,1.0,1314.25
2010-12-31,1.1086,0.9903,0.0422,-0.4781,0.5744,확장(Risk-On),1.0,1.0,1312.75
2011-01-03,1.2634,1.0819,0.2291,-0.6644,0.6703,확장(Risk-On),1.0,1.0,1325.0
2011-01-04,1.3028,1.0615,0.3759,-0.2852,0.7725,확장(Risk-On),1.0,1.0,1325.0
2011-01-05,1.3691,1.152,0.2958,-0.4667,0.7711,확장(Risk-On),1.0,1.0,1331.5
2011-01-06,1.2697,0.986,0.1694,-0.2875,0.6901,확장(Risk-On),1.0,1.0,1330.0
2011-01-07,1.2061,0.9264,0.1273,-0.0158,0.6832,확장(Risk-On),1.0,1.0,1327.25
2011-01-10,1.1179,0.8806,0.0976,-0.0057,0.6349,확장(Risk-On),1.0,1.0,1325.25
2011-01-11,1.2788,1.1099,0.1889,0.0,0.7723,확장(Risk-On),1.0,1.0,1330.25
2011-01-12,1.4629,1.224,0.1979,-0.0376,0.8618,확장(Risk-On),1.0,1.0,1343.25
2011-01-13,1.4624,1.0807,0.2949,-0.0147,0.8535,확장(Risk-On),1.0,1.0,1341.0
2011-01-14,1.5838,1.1269,0.4583,-0.085,0.9379,확장(Risk-On),1.0,1.0,1349.25
2011-01-17,1.495,1.1155,0.3887,-0.0566,0.8908,확장(Risk-On),1.0,1.0,1345.0
2011-01-18,1.6269,1.0831,0.5452,-0.1176,0.9588,확장(Risk-On),1.0,1.0,1354.5
2011-01-19,1.1942,0.7026,0.4822,-0.0778,0.7025,확장(Risk-On),1.0,1.0,1338.25
2011-01-20,1.094,0.7848,0.469,-0.1662,0.6714,확장(Risk-On),1.0,1.0,1336.0
2011-01-21,1.1601,0.7441,0.6771,-0.1927,0.7324,확장(Risk-On),1.0,1.0,1339.5
2011-01-24,1.3843,0.9525,0.719,-0.1824,0.875,확장(Risk-On),1.0,1.0,1348.25
2011-01-25,1.3776,0.8655,0.6356,-0.1646,0.8327,확장(Risk-On),1.0,1.0,1347.25
2011-01-26,1.4632,1.0216,0.6079,-0.2565,0.881,확장(Risk-On),1.0,1.0,1353.25
2011-01-27,1.5097,1.0919,0.6105,-0.2132,0.922,확장(Risk-On),1.0,1.0,1355.5
2011-01-28,1.0281,0.4266,0.4088,-0.1936,0.5396,확장(Risk-On),1.0,1.0,1331.25
2011-01-31,1.1405,0.5527,0.6991,-0.2654,0.6723,확장(Risk-On),1.0,1.0,1342.25
2011-02-01,1.2093,0.8623,1.0009,-0.2681,0.8488,확장(Risk-On),1.0,1.0,1362.5
2011-02-02,1.1608,0.9121,1.0439,-0.2918,0.8515,확장(Risk-On),1.0,1.0,1359.75
2011-02-03,1.1292,1.0357,0.938,-0.4192,0.8258,확장(Risk-On),1.0,1.0,1363.0
2011-02-04,1.2579,1.234,0.9002,-0.7575,0.8602,확장(Risk-On),1.0,1.0,1367.0
2011-02-07,1.3712,1.1786,1.0222,-0.8161,0.9077,확장(Risk-On),1.0,1.0,1375.5
2011-02-08,1.5688,1.25,1.2245,-0.9716,1.0219,확장(Risk-On),1.0,1.0,1381.5
2011-02-09,1.5557,1.1985,1.1101,-0.7756,1.0053,확장(Risk-On),1.0,1.0,1379.0
2011-02-10,1.517,1.1821,1.0154,-1.0128,0.9284,확장(Risk-On),1.0,1.0,1378.5
2011-02-11,1.7511,1.1674,0.9817,-0.7909,1.0315,확장(Risk-On),1.0,1.0,1387.0
2011-02-14,1.6794,1.1331,0.9978,-0.8358,0.9951,확장(Risk-On),1.0,1.0,1387.5
2011-02-15,1.6842,1.1062,1.4089,-0.8117,1.0965,확장(Risk-On),1.0,1.0,1386.0
2011-02-16,1.7333,1.1691,1.3772,-0.8164,1.1207,확장(Risk-On),1.0,1.0,1392.75
2011-02-17,1.9577,1.2382,1.3957,-0.5031,1.2682,확장(Risk-On),1.0,1.0,1397.5
2011-02-18,2.281,1.3075,1.7288,-0.5132,1.4805,확장(Risk-On),1.0,1.0,1402.25
2011-02-21,1.8435,1.2408,1.6881,-0.5293,1.2981,확장(Risk-On),1.0,1.0,1389.75
2011-02-22,1.3856,0.6881,1.6156,-0.437,0.9953,확장(Risk-On),1.0,1.0,1374.25
2011-02-23,1.4065,0.2834,1.3323,-0.3684,0.8409,확장(Risk-On),1.0,1.0,1365.25
2011-02-24,1.3232,0.1859,1.1378,-0.3232,0.7456,확장(Risk-On),1.0,1.0,1362.5
2011-02-25,1.5741,0.8076,1.2295,-0.3553,1.0069,확장(Risk-On),1.0,1.0,1378.5
2011-02-28,1.7828,0.9721,1.4707,-0.3018,1.1894,확장(Risk-On),1.0,1.0,1385.75
2011-03-01,1.016,0.1872,1.0202,-0.2699,0.617,확장(Risk-On),1.0,1.0,1360.75
2011-03-02,0.9144,0.1813,0.9675,-0.2851,0.5645,확장(Risk-On),1.0,1.0,1365.5
2011-03-03,1.2436,0.5303,1.2849,-0.4024,0.8287,확장(Risk-On),1.0,1.0,1389.5
2011-03-04,1.0388,0.227,1.034,-0.2795,0.6369,확장(Risk-On),1.0,1.0,1380.0
2011-03-07,0.7925,0.046,0.8625,-0.305,0.4588,확장(Risk-On),1.0,1.0,1368.75
2011-03-08,0.8733,0.0673,0.9401,-0.4334,0.4925,확장(Risk-On),1.0,1.0,1379.75
2011-03-09,0.7075,-0.0526,0.9353,-0.3961,0.4089,확장(Risk-On),1.0,1.0,1375.25
2011-03-10,0.3727,-0.3916,0.7256,-0.3307,0.1643,중립(Neutral),0.5,1.0,1354.0
2011-03-11,0.5476,-0.088,0.9131,-0.3035,0.3524,확장(Risk-On),1.0,1.0,1365.75
2011-03-14,0.3512,-0.3056,0.9231,-0.3227,0.2289,확장(Risk-On),1.0,1.0,1355.0
2011-03-15,0.1029,-0.6993,0.9354,-0.3525,0.0422,중립(Neutral),0.5,1.0,1339.75
2011-03-16,-0.1826,-1.2856,0.7424,-0.2394,-0.2356,수축(Risk-Off),0.0,1.0,1318.5
2011-03-17,-0.0471,-0.9462,0.8439,-0.258,-0.0808,중립(Neutral),0.5,1.0,1333.25
2011-03-18,-0.0383,-0.7316,0.8461,-0.2822,-0.0271,중립(Neutral),0.5,1.0,1338.75
2011-03-21,0.1369,-0.223,0.9266,-0.3578,0.1701,중립(Neutral),0.5,1.0,1357.5
2011-03-22,0.1639,-0.0653,1.0195,-0.3974,0.2363,확장(Risk-On),1.0,1.0,1352.5
2011-03-23,0.3013,0.2137,0.8716,-0.468,0.3066,확장(Risk-On),1.0,1.0,1356.5
2011-03-24,0.5178,0.3641,0.9171,-0.5141,0.4244,확장(Risk-On),1.0,1.0,1369.75
2011-03-25,0.6055,0.3656,1.0154,-0.5619,0.4729,확장(Risk-On),1.0,1.0,1374.5
2011-03-28,0.387,0.0811,0.807,-0.5854,0.2697,확장(Risk-On),1.0,1.0,1366.75
2011-03-29,0.4956,0.4253,0.6857,-0.6628,0.3518,확장(Risk-On),1.0,1.0,1380.75
2011-03-30,0.7598,0.3266,0.7815,-0.5814,0.4557,확장(Risk-On),1.0,1.0,1388.25
2011-03-31,0.6555,0.2844,0.8719,-0.5434,0.437,확장(Risk-On),1.0,1.0,1386.25
2011-04-01,0.5442,0.4628,1.0379,-0.5217,0.4874,확장(Risk-On),1.0,1.0,1392.25
2011-04-04,0.5975,0.5376,1.0501,-0.563,0.5216,확장(Risk-On),1.0,1.0,1393.75
2011-04-05,0.6852,0.507,0.954,-0.6216,0.5118,확장(Risk-On),1.0,1.0,1391.5
2011-04-06,0.644,0.5596,0.8481,-0.7957,0.458,확장(Risk-On),1.0,1.0,1393.5
2011-04-07,0.6567,0.6688,0.6766,-0.9088,0.4299,확장(Risk-On),1.0,1.0,1393.0
2011-04-08,0.7315,0.4404,0.4891,-0.9373,0.3478,확장(Risk-On),1.0,1.0,1388.25
2011-04-11,0.5528,0.6143,0.5214,-1.0358,0.322,확장(Risk-On),1.0,1.0,1384.5
2011-04-12,0.4603,0.5381,0.4948,-0.7622,0.305,확장(Risk-On),1.0,1.0,1372.5
2011-04-13,0.562,0.8595,0.5464,-0.8312,0.4235,확장(Risk-On),1.0,1.0,1373.5
2011-04-14,0.8003,0.7243,0.4661,-0.9188,0.4399,확장(Risk-On),1.0,1.0,1375.25
2011-04-15,0.7437,0.7246,0.2509,-0.669,0.4038,확장(Risk-On),1.0,1.0,1383.25
2011-04-18,0.5049,0.2314,-0.2315,-0.4111,0.115,중립(Neutral),0.5,1.0,1365.5
2011-04-19,0.5219,0.4234,-0.1509,-0.432,0.186,중립(Neutral),0.5,1.0,1373.0
2011-04-20,0.7431,0.4742,-0.0184,-0.4974,0.2994,확장(Risk-On),1.0,1.0,1393.0
2011-04-21,0.7633,0.4967,-0.0579,-0.6033,0.2864,확장(Risk-On),1.0,1.0,1395.5
2011-04-25,0.7598,0.4938,-0.0045,-0.53,0.3087,확장(Risk-On),1.0,1.0,1395.5
2011-04-26,0.9812,0.3215,-0.0424,-0.4047,0.3525,확장(Risk-On),1.0,1.0,1405.25
2011-04-27,1.0205,0.3678,-0.0742,-0.4835,0.3581,확장(Risk-On),1.0,1.0,1416.5
2011-04-28,0.9749,0.3486,0.1642,-0.3704,0.4139,확장(Risk-On),1.0,1.0,1419.75
2011-04-29,0.9306,0.1914,0.1716,-0.3014,0.3712,확장(Risk-On),1.0,1.0,1424.25
2011-05-02,0.9036,0.0082,0.1617,-0.1543,0.3356,확장(Risk-On),1.0,1.0,1422.25
2011-05-03,0.8476,-0.2339,0.2065,-0.1678,0.2647,확장(Risk-On),1.0,1.0,1416.5
2011-05-04,0.7272,-0.2823,0.383,-0.1249,0.2609,확장(Risk-On),1.0,1.0,1407.5
2011-05-05,0.6043,-0.5245,0.3446,-0.0268,0.1625,중립(Neutral),0.5,1.0,1399.5
2011-05-06,0.5979,-0.528,0.2883,-0.0038,0.1488,중립(Neutral),0.5,1.0,1399.0
2011-05-09,0.8202,-0.4402,0.1367,-0.0518,0.2034,확장(Risk-On),1.0,1.0,1407.0
2011-05-10,0.9556,-0.18,0.2126,-0.1345,0.3224,확장(Risk-On),1.0,1.0,1418.25
2011-05-11,0.8275,-0.4291,0.0826,0.0416,0.2092,확장(Risk-On),1.0,1.0,1403.25
2011-05-12,0.9242,-0.2701,0.0045,0.0113,0.2588,확장(Risk-On),1.0,1.0,1412.25
2011-05-13,0.7598,-0.5294,-0.1547,0.0132,0.0969,중립(Neutral),0.5,1.0,1398.5
2011-05-16,0.4996,-0.5822,-0.0561,0.0113,0.017,중립(Neutral),0.5,1.0,1389.75
2011-05-17,0.6347,-0.442,0.0955,0.0119,0.1373,중립(Neutral),0.5,1.0,1389.75
2011-05-18,0.7245,-0.2323,0.2099,0.1225,0.2664,확장(Risk-On),1.0,1.0,1403.0
2011-05-19,0.7208,-0.131,0.217,0.1821,0.3011,확장(Risk-On),1.0,1.0,1406.25
2011-05-20,0.5363,-0.4653,-0.0899,0.184,0.0765,중립(Neutral),0.5,1.0,1392.25
2011-05-23,0.3974,-0.5852,-0.4225,0.1186,-0.095,중립(Neutral),0.5,1.0,1379.75
2011-05-24,0.481,-0.4538,-0.182,0.3735,0.0654,중립(Neutral),0.5,1.0,1378.0
2011-05-25,0.4238,-0.4582,-0.203,0.4634,0.0526,중립(Neutral),0.5,1.0,1381.0
2011-05-26,0.4405,-0.6648,-0.4006,0.5724,-0.0263,중립(Neutral),0.5,1.0,1391.0
2011-05-27,0.5822,-0.527,-0.1934,0.6864,0.1266,중립(Neutral),0.5,1.0,1394.5
2011-05-30,0.4812,-0.4093,-0.0779,0.6253,0.1404,중립(Neutral),0.5,1.0,1395.0
2011-05-31,0.5659,-0.3598,-0.0002,0.8459,0.235,확장(Risk-On),1.0,1.0,1408.5
2011-06-01,0.1873,-0.7835,-0.1724,0.9874,-0.0253,중립(Neutral),0.5,1.0,1376.5
2011-06-02,0.2634,-0.4823,-0.0243,0.9097,0.102,중립(Neutral),0.5,1.0,1377.0
2011-06-03,0.0592,-0.609,-0.136,0.8092,-0.0441,중립(Neutral),0.5,1.0,1360.75
2011-06-06,-0.0707,-0.6807,-0.2174,0.8476,-0.1221,중립(Neutral),0.5,1.0,1349.5
2011-06-07,-0.0418,-0.6151,-0.2875,0.8129,-0.1184,중립(Neutral),0.5,1.0,1349.25
2011-06-08,-0.2835,-0.5561,-0.1685,0.9563,-0.1369,중립(Neutral),0.5,1.0,1341.5
2011-06-09,0.0606,-0.4949,-0.3132,0.9385,-0.04,중립(Neutral),0.5,1.0,1352.0
2011-06-10,-0.183,-0.7343,-0.4732,0.9815,-0.2187,수축(Risk-Off),0.0,1.0,1333.75
2011-06-13,0.0739,-0.8864,-0.4777,0.9258,-0.1763,중립(Neutral),0.5,1.0,1336.0
2011-06-14,0.3123,-0.532,-0.335,0.8812,0.0248,중립(Neutral),0.5,1.0,1354.25
2011-06-15,-0.0338,-1.2267,-0.5733,0.7993,-0.3419,수축(Risk-Off),0.0,1.0,1329.75
2011-06-16,-0.0851,-1.6096,-0.7706,0.9054,-0.489,수축(Risk-Off),0.0,1.0,1333.25
2011-06-17,-0.0371,-1.3856,-0.7194,0.8175,-0.4166,수축(Risk-Off),0.0,1.0,1335.75
2011-06-20,0.1567,-1.0386,-0.6408,0.8408,-0.2389,수축(Risk-Off),0.0,1.0,1343.5
2011-06-21,0.3931,-0.9563,-0.6095,0.8048,-0.1331,중립(Neutral),0.5,1.0,1357.75
2011-06-22,0.2825,-0.9943,-0.708,0.956,-0.1833,중립(Neutral),0.5,1.0,1349.5
2011-06-23,0.2318,-1.244,-0.6268,0.9499,-0.2441,수축(Risk-Off),0.0,1.0,1346.75
2011-06-24,-0.1362,-1.4605,-0.685,0.8852,-0.4513,수축(Risk-Off),0.0,1.0,1333.75
2011-06-27,-0.0463,-1.3966,-0.534,0.8052,-0.3781,수축(Risk-Off),0.0,1.0,1346.0
2011-06-28,0.1773,-1.0546,-0.2839,0.6599,-0.1736,중립(Neutral),0.5,1.0,1364.25
2011-06-29,0.1766,-0.5798,-0.2581,0.4571,-0.0791,중립(Neutral),0.5,1.0,1374.0
2011-06-30,0.494,-0.3727,-0.0716,0.2722,0.1026,중립(Neutral),0.5,1.0,1385.25
2011-07-01,0.7171,-0.1749,0.1621,0.0573,0.2564,확장(Risk-On),1.0,0.5,1404.5
2011-07-04,0.8041,-0.1169,0.1574,0.0528,0.2995,확장(Risk-On),1.0,0.5,1403.5
2011-07-05,0.9758,-0.1136,-0.0292,0.3768,0.3623,확장(Risk-On),1.0,0.5,1406.5
2011-07-06,0.9816,-0.1106,-0.2056,0.3572,0.3181,확장(Risk-On),1.0,0.5,1405.5
2011-07-07,1.1915,-0.0345,-0.057,0.3844,0.4518,확장(Risk-On),1.0,0.5,1421.5
2011-07-08,1.0743,-0.0656,-0.1749,0.6763,0.4173,확장(Risk-On),1.0,0.5,1411.5
2011-07-11,0.8532,-0.3759,-0.2105,0.7415,0.2632,확장(Risk-On),1.0,0.5,1388.25
2011-07-12,0.7178,-0.6991,-0.4187,0.6767,0.0733,중립(Neutral),0.5,0.5,1380.5
2011-07-13,0.5902,-0.6244,-0.6028,0.7734,0.0158,중립(Neutral),0.5,0.5,1382.0
2011-07-14,0.7447,-0.6116,-0.707,0.6827,0.0334,중립(Neutral),0.5,0.5,1376.5
2011-07-15,0.8064,-0.5352,-0.6358,0.6732,0.0905,중립(Neutral),0.5,0.5,1384.75
2011-07-18,0.5444,-0.8476,-0.8457,0.7198,-0.1248,중립(Neutral),0.5,0.5,1370.25
2011-07-19,0.7138,-0.6487,-0.7381,0.7747,0.0193,중립(Neutral),0.5,0.5,1391.0
2011-07-20,0.5881,-0.6898,-0.6959,0.7808,-0.0235,중립(Neutral),0.5,0.5,1391.0
2011-07-21,0.8699,-0.2772,-0.4506,0.6687,0.2228,확장(Risk-On),1.0,0.5,1412.25
2011-07-22,0.8253,-0.1908,-0.4735,0.7754,0.2391,확장(Risk-On),1.0,0.5,1410.75
2011-07-25,0.7792,-0.4272,-0.5702,0.7803,0.1404,중립(Neutral),0.5,0.5,1403.25
2011-07-26,0.6175,-0.637,-0.6028,0.9557,0.0495,중립(Neutral),0.5,0.5,1396.0
2011-07-27,0.1657,-1.048,-0.8815,0.8588,-0.2956,수축(Risk-Off),0.0,0.5,1368.75
2011-07-28,0.1008,-1.1389,-0.9833,0.9366,-0.3548,수축(Risk-Off),0.0,0.5,1366.5
2011-07-29,0.0227,-1.421,-0.931,0.9703,-0.4345,수축(Risk-Off),0.0,0.5,1358.25
2011-08-01,-0.1454,-1.3408,-0.8871,0.9976,-0.4582,수축(Risk-Off),0.0,0.0,1349.5
2011-08-02,-0.4426,-1.6842,-1.1431,1.0635,-0.7022,수축(Risk-Off),0.0,0.0,1317.0
2011-08-03,-0.386,-1.4302,-1.1541,1.0793,-0.6193,수축(Risk-Off),0.0,0.0,1324.25
2011-08-04,-0.8933,-2.2034,-1.4311,1.1065,-1.0553,수축(Risk-Off),0.0,0.0,1268.5
2011-08-05,-1.0165,-2.1303,-1.3478,0.9735,-1.0793,수축(Risk-Off),0.0,0.0,1267.5
2011-08-08,-1.3678,-2.7275,-1.3874,1.0447,-1.3508,수축(Risk-Off),0.0,0.0,1181.0
2011-08-09,-0.767,-1.9084,-1.3297,1.0256,-0.9241,수축(Risk-Off),0.0,0.0,1241.5
2011-08-10,-0.9959,-2.2997,-1.402,1.0772,-1.1124,수축(Risk-Off),0.0,0.0,1193.25
2011-08-11,-0.6438,-2.0373,-1.381,0.9612,-0.9357,수축(Risk-Off),0.0,0.0,1238.25
2011-08-12,-0.5782,-1.9236,-1.2439,0.9948,-0.845,수축(Risk-Off),0.0,0.0,1246.5
2011-08-15,-0.4815,-1.5505,-0.9625,0.9557,-0.6534,수축(Risk-Off),0.0,0.0,1268.25
2011-08-16,-0.4964,-1.6786,-1.1001,0.9872,-0.7203,수축(Risk-Off),0.0,0.0,1262.0
2011-08-17,-0.5349,-1.6422,-1.1212,1.0418,-0.7218,수축(Risk-Off),0.0,0.0,1259.75
2011-08-18,-0.7794,-2.2532,-1.2739,1.151,-0.9819,수축(Risk-Off),0.0,0.0,1213.25
2011-08-19,-0.9904,-2.292,-1.345,1.0879,-1.0927,수축(Risk-Off),0.0,0.0,1193.75
2011-08-22,-1.0031,-2.2267,-1.3743,1.0701,-1.0908,수축(Risk-Off),0.0,0.0,1193.0
2011-08-23,-0.7827,-1.8444,-1.3796,1.0658,-0.9201,수축(Risk-Off),0.0,0.0,1228.25
2011-08-24,-0.6941,-1.5768,-0.925,0.95,-0.7259,수축(Risk-Off),0.0,0.0,1241.75
2011-08-25,-0.6806,-1.8178,-1.017,0.9294,-0.8075,수축(Risk-Off),0.0,0.0,1227.25
2011-08-26,-0.5934,-1.5273,-1.0372,0.9486,-0.7065,수축(Risk-Off),0.0,0.0,1245.75
2011-08-29,-0.3165,-1.2678,-0.8626,0.8548,-0.5152,수축(Risk-Off),0.0,0.0,1277.75
2011-08-30,-0.3156,-1.3327,-1.0548,0.8891,-0.5739,수축(Risk-Off),0.0,0.0,1274.5
2011-08-31,-0.1116,-1.1934,-0.9705,0.7857,-0.4622,수축(Risk-Off),0.0,0.0,1288.75
2011-09-01,-0.2163,-1.1704,-1.0663,0.8559,-0.5065,수축(Risk-Off),0.0,0.0,1271.0
2011-09-02,-0.2303,-1.3207,-1.1876,0.9259,-0.5688,수축(Risk-Off),0.0,0.0,1239.0
2011-09-05,-0.349,-1.0705,-1.3054,0.965,-0.5714,수축(Risk-Off),0.0,0.0,1215.25
2011-09-06,0.0077,-1.529,-1.4956,0.9932,-0.6045,수축(Risk-Off),0.0,0.0,1234.25
2011-09-07,0.0365,-1.0016,-0.9504,0.993,-0.3263,수축(Risk-Off),0.0,0.0,1268.75
2011-09-08,0.105,-1.1467,-1.0795,1.0622,-0.3605,수축(Risk-Off),0.0,0.0,1255.5
2011-09-09,-0.2122,-1.4985,-1.4137,1.1308,-0.6327,수축(Risk-Off),0.0,0.0,1227.75
2011-09-12,-0.1574,-1.5743,-1.2993,1.1119,-0.6067,수축(Risk-Off),0.0,0.0,1233.0
2011-09-13,-0.2039,-1.4719,-1.3616,1.0988,-0.6149,수축(Risk-Off),0.0,0.0,1241.0
2011-09-14,-0.0922,-1.3308,-1.2561,1.0544,-0.5208,수축(Risk-Off),0.0,0.0,1257.5
2011-09-15,0.0228,-0.8579,-0.9164,0.9536,-0.2926,수축(Risk-Off),0.0,0.0,1280.0
2011-09-16,0.1782,-0.7437,-1.0386,0.979,-0.2363,수축(Risk-Off),0.0,0.0,1287.5
2011-09-19,0.1764,-0.9772,-1.1435,1.0734,-0.3074,수축(Risk-Off),0.0,0.0,1273.5
2011-09-20,0.1684,-1.2325,-1.2724,1.1438,-0.3957,수축(Risk-Off),0.0,0.0,1271.5
2011-09-21,-0.1277,-1.5928,-1.4267,1.2107,-0.618,수축(Risk-Off),0.0,0.0,1231.5
2011-09-22,-0.3772,-1.7583,-1.5936,1.2765,-0.7785,수축(Risk-Off),0.0,0.0,1199.25
2011-09-23,-0.3347,-1.8318,-1.3538,1.1998,-0.7336,수축(Risk-Off),0.0,0.0,1205.5
2011-09-26,-0.2487,-1.7825,-1.1759,1.126,-0.6577,수축(Risk-Off),0.0,0.0,1233.75
2011-09-27,-0.2976,-1.5814,-1.1064,0.9992,-0.6263,수축(Risk-Off),0.0,0.0,1245.75
2011-09-28,-0.4309,-1.7642,-0.9837,0.9855,-0.69,수축(Risk-Off),0.0,0.0,1225.0
2011-09-29,-0.436,-1.7486,-1.0168,1.0346,-0.6888,수축(Risk-Off),0.0,0.0,1232.0
2011-09-30,-0.555,-1.8441,-1.1228,0.9752,-0.7897,수축(Risk-Off),0.0,0.0,1201.75
2011-10-03,-0.6648,-1.9691,-1.1998,1.0674,-0.8648,수축(Risk-Off),0.0,0.0,1162.0
2011-10-04,-0.4769,-1.6547,-1.0326,1.0592,-0.6798,수축(Risk-Off),0.0,0.0,1189.25
2011-10-05,-0.4019,-1.469,-1.0692,0.9947,-0.626,수축(Risk-Off),0.0,0.0,1210.75
2011-10-06,-0.3276,-1.316,-0.9707,0.7785,-0.5696,수축(Risk-Off),0.0,0.0,1233.75
2011-10-07,-0.3036,-1.1743,-0.8698,0.4956,-0.5429,수축(Risk-Off),0.0,0.0,1230.75
2011-10-10,-0.046,-0.8331,-0.7147,0.1675,-0.3779,수축(Risk-Off),0.0,0.0,1266.75
2011-10-11,-0.0622,-0.935,-0.7521,0.3796,-0.3866,수축(Risk-Off),0.0,0.0,1265.5
2011-10-12,-0.0553,-0.888,-0.7081,0.3496,-0.3659,수축(Risk-Off),0.0,0.0,1274.0
2011-10-13,-0.0804,-1.0238,-0.9106,0.5412,-0.4305,수축(Risk-Off),0.0,0.0,1273.5
2011-10-14,-0.0614,-0.8349,-0.7698,0.432,-0.3579,수축(Risk-Off),0.0,0.0,1295.0
2011-10-17,-0.2085,-1.1346,-0.8214,0.3965,-0.5025,수축(Risk-Off),0.0,0.0,1269.75
2011-10-18,-0.0585,-0.9674,-0.7951,0.4245,-0.3974,수축(Risk-Off),0.0,0.0,1298.75
2011-10-19,-0.133,-1.0277,-0.6633,0.3636,-0.4147,수축(Risk-Off),0.0,0.0,1282.75
2011-10-20,-0.0118,-0.9362,-0.6239,0.1141,-0.377,수축(Risk-Off),0.0,0.0,1284.75
2011-10-21,0.2118,-0.6452,-0.4581,0.2345,-0.1665,중립(Neutral),0.5,0.0,1311.0
2011-10-24,0.2787,-0.4969,-0.3363,0.2549,-0.0725,중립(Neutral),0.5,0.0,1322.75
2011-10-25,0.0936,-0.6452,-0.3877,0.6364,-0.13,중립(Neutral),0.5,0.0,1300.25
2011-10-26,0.1404,-0.4168,-0.4617,0.4428,-0.1041,중립(Neutral),0.5,0.0,1313.25
2011-10-27,0.4463,0.0966,0.0527,0.0712,0.2042,확장(Risk-On),1.0,0.0,1358.25
2011-10-28,0.4682,0.0981,0.0304,0.2294,0.2304,확장(Risk-On),1.0,0.0,1356.75
2011-10-31,0.4147,0.0396,0.1673,0.3076,0.243,확장(Risk-On),1.0,0.0,1325.0
2011-11-01,0.5242,-0.4198,-0.122,0.6192,0.1409,중립(Neutral),0.5,1.0,1300.25
2011-11-02,0.517,-0.2536,0.1728,0.7907,0.2794,확장(Risk-On),1.0,1.0,1310.0
2011-11-03,0.7733,-0.2538,-0.0464,0.7769,0.3121,확장(Risk-On),1.0,1.0,1331.5
2011-11-04,0.5529,-0.2281,-0.0822,0.7842,0.2336,확장(Risk-On),1.0,1.0,1326.75
2011-11-07,0.6787,-0.36,-0.2641,0.7939,0.2006,확장(Risk-On),1.0,1.0,1333.25
2011-11-08,0.5697,-0.11,-0.1225,0.7469,0.2533,확장(Risk-On),1.0,1.0,1349.0
2011-11-09,0.2578,-0.7349,-0.3409,0.7932,-0.0597,중립(Neutral),0.5,1.0,1301.5
2011-11-10,0.2886,-0.4031,0.0033,0.7067,0.1071,중립(Neutral),0.5,1.0,1313.25
2011-11-11,0.4309,-0.1845,0.0845,0.6476,0.223,확장(Risk-On),1.0,1.0,1337.25
2011-11-14,0.3063,-0.1981,0.1939,0.6938,0.2102,확장(Risk-On),1.0,1.0,1328.25
2011-11-15,0.5105,-0.3197,-0.0419,0.6742,0.1894,중립(Neutral),0.5,1.0,1329.75
2011-11-16,0.3036,-0.5132,-0.3264,0.6421,-0.0073,중립(Neutral),0.5,1.0,1306.75
2011-11-17,0.2642,-0.5554,-0.1798,0.6959,0.0131,중립(Neutral),0.5,1.0,1290.5
2011-11-18,0.1632,-0.4841,-0.2205,0.622,-0.0257,중립(Neutral),0.5,1.0,1289.75
2011-11-21,-0.1114,-0.7609,-0.3411,0.6474,-0.2174,수축(Risk-Off),0.0,1.0,1266.5
2011-11-22,-0.173,-0.6068,-0.301,0.6773,-0.1859,중립(Neutral),0.5,1.0,1258.5
2011-11-23,-0.2723,-0.913,-0.4787,0.6752,-0.3419,수축(Risk-Off),0.0,1.0,1235.75
2011-11-24,-0.3845,-0.9547,-0.3859,0.7166,-0.3623,수축(Risk-Off),0.0,1.0,1235.0
2011-11-25,-0.5794,-0.8548,-0.2077,0.6552,-0.3702,수축(Risk-Off),0.0,1.0,1229.25
2011-11-28,-0.3637,-0.4654,-0.0217,0.6741,-0.1479,중립(Neutral),0.5,1.0,1266.75
2011-11-29,-0.2025,-0.2646,0.0682,0.7156,-0.0126,중립(Neutral),0.5,1.0,1271.5
2011-11-30,0.2521,-0.1184,-0.0161,0.5379,0.1353,중립(Neutral),0.5,1.0,1321.75
2011-12-01,0.2501,-0.0892,0.1793,0.4987,0.1849,중립(Neutral),0.5,0.5,1319.25
2011-12-02,0.1498,-0.0442,0.3186,0.6013,0.2112,확장(Risk-On),1.0,0.5,1319.25
2011-12-05,0.1643,-0.0744,0.3481,0.5454,0.2077,확장(Risk-On),1.0,0.5,1330.75
2011-12-06,0.1683,-0.1856,0.3024,0.5948,0.1773,중립(Neutral),0.5,0.5,1330.75
2011-12-07,0.2234,-0.0553,0.2418,0.6146,0.217,확장(Risk-On),1.0,0.5,1339.75
2011-12-08,0.182,-0.4348,-0.0583,0.6221,0.0338,중립(Neutral),0.5,0.5,1311.0
2011-12-09,0.2736,-0.1782,0.1148,0.5433,0.1614,중립(Neutral),0.5,0.5,1335.5
2011-12-12,0.0135,-0.0776,0.085,0.6118,0.0984,중립(Neutral),0.5,0.5,1311.0
2011-12-13,-0.056,-0.1003,0.0633,0.7218,0.0794,중립(Neutral),0.5,0.5,1301.75
2011-12-14,-0.1648,-0.0236,0.2116,0.7877,0.1075,중립(Neutral),0.5,0.5,1287.75
2011-12-15,-0.0258,0.2342,0.4252,0.845,0.2826,확장(Risk-On),1.0,0.5,1293.5
2011-12-16,0.0192,0.102,0.1066,0.923,0.1973,중립(Neutral),0.5,0.5,1291.5
2011-12-19,0.0306,-0.0564,-0.1216,0.9475,0.1083,중립(Neutral),0.5,0.5,1280.25
2011-12-20,0.4111,0.0739,0.0331,0.8323,0.2955,확장(Risk-On),1.0,0.5,1318.0
2011-12-21,0.4162,0.3311,-0.0109,0.7655,0.3406,확장(Risk-On),1.0,0.5,1317.75
2011-12-22,0.52,0.387,0.0271,0.8213,0.4087,확장(Risk-On),1.0,0.5,1330.75
2011-12-23,0.568,0.5882,0.2749,0.6483,0.5118,확장(Risk-On),1.0,0.5,1341.0
2011-12-27,0.519,0.5005,0.4998,0.6129,0.5236,확장(Risk-On),1.0,0.5,1341.75
2011-12-28,0.4591,0.0845,0.401,0.6672,0.3821,확장(Risk-On),1.0,0.5,1325.75
2011-12-29,0.4458,0.0521,0.4346,0.7198,0.3857,확장(Risk-On),1.0,0.5,1338.75
2011-12-30,0.3543,-0.0806,0.2729,0.7163,0.2795,확장(Risk-On),1.0,0.5,1334.5
2012-01-03,0.3499,-0.082,0.2007,0.7015,0.2574,확장(Risk-On),1.0,1.0,1353.75
2012-01-04,0.3684,-0.0412,0.0373,0.7204,0.236,확장(Risk-On),1.0,1.0,1354.75
2012-01-05,0.2466,0.1106,-0.0795,0.7947,0.2133,확장(Risk-On),1.0,1.0,1354.75
2012-01-06,0.3833,-0.0535,-0.2096,0.7899,0.1869,중립(Neutral),0.5,1.0,1355.5
2012-01-09,0.2899,0.0014,-0.0594,0.8298,0.2115,확장(Risk-On),1.0,1.0,1357.0
2012-01-10,0.4658,0.0079,-0.1713,0.7749,0.2384,확장(Risk-On),1.0,1.0,1367.75
2012-01-11,0.4597,0.0044,-0.2551,0.8456,0.2251,확장(Risk-On),1.0,1.0,1369.5
2012-01-12,0.6043,0.0332,-0.2237,0.7953,0.2832,확장(Risk-On),1.0,1.0,1373.75
2012-01-13,0.4965,-0.147,-0.4637,0.7284,0.1303,중립(Neutral),0.5,1.0,1371.0
2012-01-16,0.5553,-0.1774,-0.4935,0.6881,0.1299,중립(Neutral),0.5,1.0,1373.0
2012-01-17,0.6175,-0.225,-0.2717,0.6264,0.1859,중립(Neutral),0.5,1.0,1371.0
2012-01-18,0.49,-0.2073,-0.1192,0.5896,0.1783,중립(Neutral),0.5,1.0,1384.25
2012-01-19,0.5236,-0.3076,-0.3512,0.4647,0.0883,중립(Neutral),0.5,1.0,1391.75
2012-01-20,0.535,-0.062,-0.3588,0.5262,0.161,중립(Neutral),0.5,1.0,1392.75
2012-01-23,0.4699,0.1157,-0.1368,0.3438,0.2108,확장(Risk-On),1.0,1.0,1392.75
2012-01-24,0.3597,0.3281,0.1029,0.2331,0.2686,확장(Risk-On),1.0,1.0,1393.0
2012-01-25,0.4252,0.3849,-0.0909,0.2787,0.2641,확장(Risk-On),1.0,1.0,1402.0
2012-01-26,0.5325,0.1561,0.0451,0.4484,0.3039,확장(Risk-On),1.0,1.0,1396.5
2012-01-27,0.5229,0.1906,0.0536,0.4045,0.3047,확장(Risk-On),1.0,1.0,1394.25
2012-01-30,0.4853,0.0805,0.0961,0.4762,0.2854,확장(Risk-On),1.0,1.0,1390.5
2012-01-31,0.4117,-0.0664,-0.0488,0.4484,0.1826,중립(Neutral),0.5,1.0,1389.5
2012-02-01,0.4786,0.3331,0.4085,0.3942,0.412,확장(Risk-On),1.0,0.5,1401.75
2012-02-02,0.4823,0.2588,0.2349,0.3712,0.3479,확장(Risk-On),1.0,0.5,1404.25
2012-02-03,0.5907,0.3342,0.3075,0.2608,0.4063,확장(Risk-On),1.0,0.5,1421.0
2012-02-06,0.718,0.3461,0.3627,0.3316,0.4783,확장(Risk-On),1.0,0.5,1420.5
2012-02-07,0.723,0.3948,0.463,0.2967,0.512,확장(Risk-On),1.0,0.5,1426.25
2012-02-08,0.6566,0.4785,0.6336,0.3468,0.5599,확장(Risk-On),1.0,0.5,1428.75
2012-02-09,0.7188,0.5181,0.5401,0.2386,0.5519,확장(Risk-On),1.0,0.5,1429.75
2012-02-10,0.6231,0.1489,0.4873,0.284,0.4198,확장(Risk-On),1.0,0.5,1421.75
2012-02-13,0.8273,0.5247,0.5631,0.2419,0.5978,확장(Risk-On),1.0,0.5,1431.0
2012-02-14,0.8283,0.5549,0.6488,0.3127,0.6377,확장(Risk-On),1.0,0.5,1429.25
2012-02-15,0.7969,0.4043,0.7957,0.3856,0.6368,확장(Risk-On),1.0,0.5,1423.75
2012-02-16,0.967,0.6623,0.865,0.2433,0.7568,확장(Risk-On),1.0,0.5,1436.25
2012-02-17,1.0049,0.7094,0.9933,0.1498,0.7999,확장(Risk-On),1.0,0.5,1441.75
2012-02-20,1.1721,0.6784,0.9032,0.1498,0.8281,확장(Risk-On),1.0,0.5,1448.0
2012-02-21,1.1158,0.6039,0.7761,0.1239,0.7541,확장(Risk-On),1.0,0.5,1441.75
2012-02-22,1.2846,0.3479,0.5071,0.213,0.6953,확장(Risk-On),1.0,0.5,1437.5
2012-02-23,1.1427,0.5372,0.508,0.1193,0.6791,확장(Risk-On),1.0,0.5,1444.75
2012-02-24,1.1642,0.5269,0.7537,-0.0363,0.7222,확장(Risk-On),1.0,0.5,1444.25
2012-02-27,1.0894,0.3941,0.5762,0.0883,0.6371,확장(Risk-On),1.0,0.5,1449.0
2012-02-28,1.1542,0.4087,0.632,0.0926,0.6781,확장(Risk-On),1.0,0.5,1453.0
2012-02-29,1.0598,0.3339,0.74,0.0103,0.6409,확장(Risk-On),1.0,0.5,1444.0
2012-03-01,1.1968,0.7452,0.9625,-0.1569,0.8222,확장(Risk-On),1.0,1.0,1456.0
2012-03-02,1.1871,0.4379,0.7084,0.304,0.7477,확장(Risk-On),1.0,1.0,1450.0
2012-03-05,0.9875,0.5924,0.9324,0.006,0.7277,확장(Risk-On),1.0,1.0,1445.75
2012-03-06,0.7244,0.1105,0.8549,0.232,0.5297,확장(Risk-On),1.0,1.0,1423.0
2012-03-07,0.7066,0.5633,0.8807,0.1745,0.6345,확장(Risk-On),1.0,1.0,1434.5
2012-03-08,1.0006,0.7909,0.8663,0.0168,0.767,확장(Risk-On),1.0,1.0,1447.75
2012-03-09,1.113,1.1673,0.7928,-0.0268,0.8755,확장(Risk-On),1.0,1.0,1453.5
2012-03-12,1.2469,1.3167,0.9194,0.1403,1.0165,확장(Risk-On),1.0,1.0,1454.25
2012-03-13,1.6389,1.4698,0.9842,-0.1469,1.1651,확장(Risk-On),1.0,1.0,1478.25
2012-03-14,1.6533,1.6366,1.0831,-0.6756,1.1572,확장(Risk-On),1.0,1.0,1476.5
2012-03-15,1.8077,1.4497,1.0187,-0.5196,1.1718,확장(Risk-On),1.0,1.0,1483.75
2012-03-16,1.5957,1.4015,1.0598,-0.6127,1.0819,확장(Risk-On),1.0,1.0,1486.5
2012-03-19,1.6448,1.4162,1.12,-0.9464,1.0678,확장(Risk-On),1.0,1.0,1492.0
2012-03-20,1.4245,1.3571,1.0384,-0.8799,0.9655,확장(Risk-On),1.0,1.0,1487.75
2012-03-21,1.4476,1.4651,1.1915,-0.6591,1.0719,확장(Risk-On),1.0,1.0,1485.5
2012-03-22,1.337,1.2536,0.9463,-0.5699,0.9324,확장(Risk-On),1.0,1.0,1476.75
2012-03-23,1.3583,1.4413,1.0509,-0.377,1.0419,확장(Risk-On),1.0,1.0,1482.0
2012-03-26,1.7415,1.59,1.1382,-0.3453,1.2398,확장(Risk-On),1.0,1.0,1503.0
2012-03-27,1.515,1.2121,0.9531,-0.2273,1.0374,확장(Risk-On),1.0,1.0,1493.75
2012-03-28,1.3951,1.2063,1.0896,-0.0804,1.0502,확장(Risk-On),1.0,1.0,1487.75
2012-03-29,1.4722,1.0803,1.2604,0.1015,1.1157,확장(Risk-On),1.0,1.0,1485.75
2012-03-30,1.359,1.1768,1.3376,-0.175,1.078,확장(Risk-On),1.0,1.0,1491.75
2012-04-02,1.5365,1.2383,1.3279,-0.0986,1.1646,확장(Risk-On),1.0,1.0,1500.0
2012-04-03,1.4979,1.443,1.275,-0.5369,1.1232,확장(Risk-On),1.0,1.0,1496.25
2012-04-04,1.4333,1.0846,1.2313,-0.3197,1.0327,확장(Risk-On),1.0,1.0,1481.0
2012-04-05,1.2545,0.8399,1.0179,-0.0049,0.9028,확장(Risk-On),1.0,1.0,1478.0
2012-04-06,0.7614,0.6452,0.9994,0.3417,0.7289,확장(Risk-On),1.0,1.0,1462.75
2012-04-09,0.6899,0.2425,0.9383,0.3827,0.5941,확장(Risk-On),1.0,1.0,1462.25
2012-04-10,0.368,-0.1429,0.7355,0.3466,0.329,확장(Risk-On),1.0,1.0,1444.5
2012-04-11,0.303,-0.0948,0.6783,0.3754,0.3082,확장(Risk-On),1.0,1.0,1452.0
2012-04-12,0.5946,0.2934,0.6545,0.4896,0.5185,확장(Risk-On),1.0,1.0,1473.75
2012-04-13,0.2011,-0.2496,0.4806,0.4512,0.1958,중립(Neutral),0.5,1.0,1452.75
2012-04-16,0.098,-0.2587,0.4713,0.3696,0.1429,중립(Neutral),0.5,1.0,1451.5
2012-04-17,0.2864,0.0245,0.6471,0.22,0.3011,확장(Risk-On),1.0,1.0,1471.5
2012-04-18,0.2463,-0.0405,0.74,0.232,0.2959,확장(Risk-On),1.0,1.0,1466.25
2012-04-19,0.1928,0.0661,0.6451,0.2857,0.2881,확장(Risk-On),1.0,1.0,1460.25
2012-04-20,0.3092,0.1856,0.7125,0.2551,0.371,확장(Risk-On),1.0,1.0,1462.75
2012-04-23,0.0811,-0.074,0.6633,0.2568,0.2142,확장(Risk-On),1.0,1.0,1450.5
2012-04-24,0.051,0.1972,0.8185,0.2883,0.315,확장(Risk-On),1.0,1.0,1457.75
2012-04-25,0.3416,0.347,0.7641,0.1977,0.427,확장(Risk-On),1.0,1.0,1475.25
2012-04-26,0.5003,0.4428,0.827,0.2723,0.5334,확장(Risk-On),1.0,1.0,1484.75
2012-04-27,0.5871,0.2659,0.7523,0.3694,0.5154,확장(Risk-On),1.0,1.0,1486.75
2012-04-30,0.4088,0.1759,0.6418,0.31,0.394,확장(Risk-On),1.0,1.0,1482.0
2012-05-01,0.4514,0.2252,0.6428,0.2919,0.4187,확장(Risk-On),1.0,1.0,1488.25
2012-05-02,0.3861,0.19,0.5163,0.2966,0.3562,확장(Risk-On),1.0,1.0,1485.25
2012-05-03,0.3393,0.0351,0.4951,0.2617,0.2906,확장(Risk-On),1.0,1.0,1473.75
2012-05-04,-0.0017,-0.2121,0.3615,0.3746,0.0929,중립(Neutral),0.5,1.0,1450.25
2012-05-07,0.1283,-0.0951,0.2911,0.3445,0.1456,중립(Neutral),0.5,1.0,1453.5
2012-05-08,0.0656,-0.007,0.3846,0.353,0.1703,중립(Neutral),0.5,1.0,1446.5
2012-05-09,0.144,-0.1572,0.4258,0.3033,0.163,중립(Neutral),0.5,1.0,1438.75
2012-05-10,0.1406,-0.2887,0.3696,0.2948,0.1137,중립(Neutral),0.5,1.0,1445.0
2012-05-11,-0.1011,-0.3384,0.2838,0.3931,0.0099,중립(Neutral),0.5,1.0,1437.75
2012-05-14,-0.1545,-0.6907,0.1436,0.4235,-0.1273,중립(Neutral),0.5,1.0,1422.0
2012-05-15,-0.2745,-0.8041,0.1186,0.4528,-0.1995,중립(Neutral),0.5,1.0,1416.25
2012-05-16,-0.5047,-0.7941,0.2021,0.5069,-0.2486,수축(Risk-Off),0.0,1.0,1410.5
2012-05-17,-0.7684,-1.1804,-0.1311,0.5681,-0.5116,수축(Risk-Off),0.0,1.0,1389.25
2012-05-18,-0.7741,-1.3553,-0.4276,0.5121,-0.6399,수축(Risk-Off),0.0,1.0,1378.25
2012-05-21,-0.447,-0.7444,-0.2177,0.5059,-0.3211,수축(Risk-Off),0.0,1.0,1403.5
2012-05-22,-0.3763,-0.8282,-0.2481,0.4935,-0.3267,수축(Risk-Off),0.0,1.0,1402.75
2012-05-23,-0.3895,-0.9598,-0.3442,0.4762,-0.3909,수축(Risk-Off),0.0,1.0,1403.75
2012-05-24,-0.4372,-0.9548,-0.3238,0.4031,-0.4122,수축(Risk-Off),0.0,1.0,1410.75
2012-05-25,-0.5947,-0.9477,-0.3792,0.4972,-0.4653,수축(Risk-Off),0.0,1.0,1402.5
2012-05-28,-0.5124,-0.8785,-0.3543,0.4565,-0.4191,수축(Risk-Off),0.0,1.0,1409.25
2012-05-29,-0.3595,-0.6689,-0.1181,0.4369,-0.257,수축(Risk-Off),0.0,1.0,1421.25
2012-05-30,-0.663,-1.2165,-0.4329,0.4842,-0.5718,수축(Risk-Off),0.0,1.0,1396.25
2012-05-31,-0.6998,-1.2912,-0.6294,0.5257,-0.6462,수축(Risk-Off),0.0,1.0,1393.75
2012-06-01,-0.8328,-1.6578,-0.8208,0.5522,-0.8283,수축(Risk-Off),0.0,0.0,1361.5
2012-06-04,-0.749,-1.5459,-0.7506,0.4489,-0.7689,수축(Risk-Off),0.0,0.0,1360.5
2012-06-05,-0.6942,-1.4983,-0.9463,0.5215,-0.7759,수축(Risk-Off),0.0,0.0,1373.25
2012-06-06,-0.3178,-1.1626,-0.7389,0.5161,-0.5092,수축(Risk-Off),0.0,0.0,1403.5
2012-06-07,-0.2948,-1.2232,-0.583,0.5277,-0.4756,수축(Risk-Off),0.0,0.0,1404.0
2012-06-08,-0.254,-1.1079,-0.783,0.6137,-0.4696,수축(Risk-Off),0.0,0.0,1417.0
2012-06-11,-0.433,-1.2943,-0.9295,0.6749,-0.6063,수축(Risk-Off),0.0,0.0,1394.75
2012-06-12,-0.1314,-1.1263,-0.8998,0.5727,-0.4666,수축(Risk-Off),0.0,0.0,1414.75
2012-06-13,-0.2432,-1.3372,-0.7849,0.5458,-0.5338,수축(Risk-Off),0.0,0.0,1403.5
2012-06-14,-0.0845,-0.8264,-0.6859,0.4992,-0.3328,수축(Risk-Off),0.0,0.0,1420.25
2012-06-15,0.1554,-0.7052,-0.6235,0.4978,-0.2031,수축(Risk-Off),0.0,0.0,1432.75
2012-06-18,0.2323,-0.6521,-0.7674,0.4914,-0.1999,중립(Neutral),0.5,0.0,1435.0
2012-06-19,0.19,-0.4784,-0.5063,0.5359,-0.0993,중립(Neutral),0.5,0.0,1444.75
2012-06-20,0.1818,-0.3087,-0.5125,0.5158,-0.0643,중립(Neutral),0.5,0.0,1445.0
2012-06-21,-0.2182,-0.7233,-0.62,0.5237,-0.3336,수축(Risk-Off),0.0,0.0,1412.75
2012-06-22,-0.1539,-0.5189,-0.6848,0.4481,-0.2876,수축(Risk-Off),0.0,0.0,1420.0
2012-06-25,-0.2984,-0.8644,-0.9178,0.4988,-0.4751,수축(Risk-Off),0.0,0.0,1401.25
2012-06-26,-0.2237,-0.9057,-0.834,0.5252,-0.4344,수축(Risk-Off),0.0,0.0,1410.25
2012-06-27,-0.1676,-0.6057,-0.7874,0.4294,-0.3425,수축(Risk-Off),0.0,0.0,1420.75
2012-06-28,-0.082,-0.6168,-0.6066,0.5634,-0.25,수축(Risk-Off),0.0,0.0,1417.5
2012-06-29,0.2711,0.1136,-0.3,-0.0334,0.0433,중립(Neutral),0.5,0.0,1452.75
2012-07-02,0.4817,0.0655,-0.2883,0.4886,0.1862,중립(Neutral),0.5,0.5,1452.5
2012-07-03,0.5884,0.2056,-0.1341,0.3557,0.2772,확장(Risk-On),1.0,0.5,1463.25
2012-07-04,0.5838,0.0157,-0.209,0.5047,0.2317,확장(Risk-On),1.0,0.5,1462.5
2012-07-05,0.3499,-0.2394,-0.4715,0.6259,0.0386,중립(Neutral),0.5,0.5,1456.25
2012-07-06,0.3161,-0.1833,-0.3935,0.7422,0.0777,중립(Neutral),0.5,0.5,1447.0
2012-07-09,0.1645,-0.1638,-0.4543,0.8067,0.024,중립(Neutral),0.5,0.5,1444.0
2012-07-10,0.0819,-0.475,-0.6718,0.8094,-0.1367,중립(Neutral),0.5,0.5,1430.0
2012-07-11,0.0641,-0.2356,-0.672,0.711,-0.0978,중립(Neutral),0.5,0.5,1431.25
2012-07-12,0.0595,-0.402,-0.6857,0.6268,-0.1571,중립(Neutral),0.5,0.5,1423.25
2012-07-13,0.1761,-0.1951,-0.6923,0.572,-0.0744,중립(Neutral),0.5,0.5,1446.5
2012-07-16,0.0857,-0.3542,-0.5822,0.5664,-0.1192,중립(Neutral),0.5,0.5,1441.75
2012-07-17,0.2097,-0.2604,-0.6261,0.4971,-0.0737,중립(Neutral),0.5,0.5,1452.75
2012-07-18,0.254,-0.3509,-0.5723,0.5628,-0.0574,중립(Neutral),0.5,0.5,1461.75
2012-07-19,0.388,-0.0604,-0.5856,0.4939,0.0484,중립(Neutral),0.5,0.5,1466.75
2012-07-20,0.3893,-0.3292,-0.7514,0.6657,-0.034,중립(Neutral),0.5,0.5,1453.25
2012-07-23,0.2334,-0.4985,-0.8317,0.6397,-0.1549,중립(Neutral),0.5,0.5,1438.0
2012-07-24,0.1704,-0.8518,-0.9663,0.7457,-0.283,수축(Risk-Off),0.0,0.5,1424.25
2012-07-25,0.2934,-0.6967,-0.9458,0.7507,-0.1953,중립(Neutral),0.5,0.5,1429.25
2012-07-26,0.3551,-0.371,-0.6756,0.7619,-0.0231,중립(Neutral),0.5,0.5,1449.75
2012-07-27,0.6745,-0.0714,-0.3059,0.5226,0.2201,확장(Risk-On),1.0,0.5,1477.0
2012-07-30,0.4233,-0.2922,-0.4024,0.6081,0.0657,중립(Neutral),0.5,0.5,1475.0
2012-07-31,0.3662,-0.374,-0.4026,0.5697,0.0195,중립(Neutral),0.5,0.5,1466.5
2012-08-01,0.3381,-0.2936,-0.3626,0.4892,0.0277,중립(Neutral),0.5,0.5,1465.25
2012-08-02,0.2617,-0.219,-0.4778,0.6181,0.0101,중립(Neutral),0.5,0.5,1456.75
2012-08-03,0.5561,0.1949,-0.1938,0.3833,0.2524,확장(Risk-On),1.0,0.5,1484.0
2012-08-06,0.7027,0.2716,-0.1312,0.4145,0.3432,확장(Risk-On),1.0,0.5,1484.75
2012-08-07,0.7877,0.3994,-0.0174,0.1972,0.4008,확장(Risk-On),1.0,0.5,1491.25
2012-08-08,0.8985,0.474,-0.0442,0.1186,0.4397,확장(Risk-On),1.0,0.5,1493.25
2012-08-09,0.9221,0.6173,0.1261,0.0688,0.5189,확장(Risk-On),1.0,0.5,1495.0
2012-08-10,0.9826,0.6107,0.2676,0.2196,0.5964,확장(Risk-On),1.0,0.5,1496.75
2012-08-13,0.9263,0.6831,0.1799,0.0431,0.5464,확장(Risk-On),1.0,0.5,1497.0
2012-08-14,0.9747,0.5278,0.1879,-0.085,0.5073,확장(Risk-On),1.0,0.5,1495.75
2012-08-15,0.922,0.6576,0.1607,-0.3228,0.4789,확장(Risk-On),1.0,0.5,1497.75
2012-08-16,0.9042,0.6667,0.1984,-0.2806,0.4907,확장(Risk-On),1.0,0.5,1508.25
2012-08-17,0.8799,0.8549,0.3009,-0.4182,0.5342,확장(Risk-On),1.0,0.5,1510.0
2012-08-20,0.9674,0.8865,0.276,-0.4313,0.5645,확장(Risk-On),1.0,0.5,1509.25
2012-08-21,1.0564,0.8194,0.1798,-0.5172,0.5419,확장(Risk-On),1.0,0.5,1507.0
2012-08-22,1.2277,0.866,0.4286,-0.1973,0.7238,확장(Risk-On),1.0,0.5,1507.0
2012-08-23,1.0153,0.6124,0.3946,0.0571,0.6157,확장(Risk-On),1.0,0.5,1494.5
2012-08-24,0.9706,0.929,0.7496,0.3138,0.8064,확장(Risk-On),1.0,0.5,1505.0
2012-08-27,0.8928,0.7589,0.6435,0.283,0.7055,확장(Risk-On),1.0,0.5,1502.5
2012-08-28,0.96,0.7189,0.7055,0.3958,0.7515,확장(Risk-On),1.0,0.5,1502.25
2012-08-29,1.1511,0.5063,0.562,0.6903,0.7735,확장(Risk-On),1.0,0.5,1502.0
2012-08-30,1.0208,0.2609,0.2641,0.6998,0.5935,확장(Risk-On),1.0,0.5,1491.25
2012-08-31,1.0928,0.1105,0.2899,0.916,0.62,확장(Risk-On),1.0,0.5,1499.25
2012-09-03,0.8591,0.2645,0.4342,1.0049,0.6261,확장(Risk-On),1.0,1.0,1503.0
2012-09-04,0.8271,0.0992,0.3504,0.984,0.5495,확장(Risk-On),1.0,1.0,1500.5
2012-09-05,0.7459,0.1826,0.3722,0.9089,0.5361,확장(Risk-On),1.0,1.0,1498.25
2012-09-06,1.1055,0.5215,0.3698,0.7836,0.7273,확장(Risk-On),1.0,1.0,1525.25
2012-09-07,1.1863,0.625,0.3486,0.7791,0.7755,확장(Risk-On),1.0,1.0,1532.75
2012-09-10,1.1227,0.2708,0.3416,0.7557,0.6594,확장(Risk-On),1.0,1.0,1520.75
2012-09-11,1.1036,0.291,0.2545,0.6798,0.6246,확장(Risk-On),1.0,1.0,1525.0
2012-09-12,1.1084,0.3997,0.2981,0.6204,0.6554,확장(Risk-On),1.0,1.0,1533.25
2012-09-13,1.3554,0.7873,0.368,0.6261,0.8571,확장(Risk-On),1.0,1.0,1552.25
2012-09-14,1.3937,0.7316,0.5452,0.5459,0.8889,확장(Risk-On),1.0,1.0,1561.0
2012-09-17,1.3372,0.8748,0.7432,0.5464,0.9545,확장(Risk-On),1.0,1.0,1555.5
2012-09-18,1.5135,0.9339,0.5704,0.6644,1.0054,확장(Risk-On),1.0,1.0,1554.5
2012-09-19,1.593,0.9401,0.5663,0.6287,1.0284,확장(Risk-On),1.0,1.0,1555.25
2012-09-20,1.622,1.0326,0.3848,0.5016,0.9973,확장(Risk-On),1.0,1.0,1555.75
2012-09-21,1.7377,0.782,0.2035,0.469,0.9249,확장(Risk-On),1.0,1.0,1553.25
2012-09-24,1.5699,0.8973,0.2365,0.5003,0.908,확장(Risk-On),1.0,1.0,1553.25
2012-09-25,1.3883,0.5327,0.1635,0.4767,0.7315,확장(Risk-On),1.0,1.0,1538.5
2012-09-26,1.0352,0.2925,0.0951,0.5648,0.5439,확장(Risk-On),1.0,1.0,1529.0
2012-09-27,1.215,0.7506,0.292,0.5733,0.7719,확장(Risk-On),1.0,1.0,1543.0
2012-09-28,1.1419,0.6634,0.2083,0.4512,0.6853,확장(Risk-On),1.0,1.0,1536.0
2012-10-01,1.1243,0.6201,0.2619,0.4739,0.6851,확장(Risk-On),1.0,1.0,1538.5
2012-10-02,1.1513,0.8249,0.4374,0.5623,0.8029,확장(Risk-On),1.0,1.0,1542.25
2012-10-03,1.3132,0.8418,0.347,0.5559,0.8402,확장(Risk-On),1.0,1.0,1546.25
2012-10-04,1.4345,0.9323,0.4553,0.485,0.9217,확장(Risk-On),1.0,1.0,1557.5
2012-10-05,1.3801,0.8381,0.5342,0.3957,0.8855,확장(Risk-On),1.0,1.0,1557.25
2012-10-08,1.2365,0.8585,0.5132,0.4278,0.8399,확장(Risk-On),1.0,1.0,1551.75
2012-10-09,1.098,0.5772,0.2527,0.4265,0.6557,확장(Risk-On),1.0,1.0,1538.0
2012-10-10,0.7969,0.4604,-0.019,0.4609,0.4584,확장(Risk-On),1.0,1.0,1527.75
2012-10-11,0.8392,0.3738,-0.0074,0.439,0.4512,확장(Risk-On),1.0,1.0,1530.25
2012-10-12,0.5407,0.4152,0.2121,0.4204,0.4091,확장(Risk-On),1.0,1.0,1523.5
2012-10-15,0.5467,0.6912,0.5803,0.4048,0.5699,확장(Risk-On),1.0,1.0,1538.0
2012-10-16,0.763,0.8665,0.8185,0.385,0.746,확장(Risk-On),1.0,1.0,1551.25
2012-10-17,1.0032,0.9567,0.9548,0.1529,0.8519,확장(Risk-On),1.0,1.0,1558.75
2012-10-18,1.0653,0.8581,0.7261,0.1032,0.7844,확장(Risk-On),1.0,1.0,1553.0
2012-10-19,0.6924,0.1608,0.3168,0.146,0.3837,확장(Risk-On),1.0,1.0,1525.5
2012-10-22,0.7365,0.3608,0.4649,-0.0602,0.4552,확장(Risk-On),1.0,1.0,1532.25
2012-10-23,0.2963,0.0741,0.2558,-0.057,0.1776,중립(Neutral),0.5,1.0,1508.0
2012-10-24,0.2687,0.1929,0.2729,-0.2083,0.1793,중립(Neutral),0.5,1.0,1507.5
2012-10-25,0.3565,0.2282,0.3748,-0.3616,0.2213,확장(Risk-On),1.0,1.0,1510.5
2012-10-26,0.3981,0.0464,0.108,-0.095,0.1637,중립(Neutral),0.5,1.0,1509.25
2012-10-29,0.3617,0.0682,0.0486,-0.0707,0.1452,중립(Neutral),0.5,1.0,1504.5
2012-10-30,0.4489,-0.0277,0.1047,-0.138,0.1557,중립(Neutral),0.5,1.0,1513.0
2012-10-31,0.1781,-0.2698,0.0187,-0.0068,-0.0015,중립(Neutral),0.5,1.0,1503.5
2012-11-01,0.435,0.0348,0.256,-0.0443,0.2183,확장(Risk-On),1.0,0.5,1525.25
2012-11-02,0.1212,-0.151,0.2216,0.0929,0.074,중립(Neutral),0.5,0.5,1507.25
2012-11-05,0.2316,-0.2346,0.1055,0.1707,0.0744,중립(Neutral),0.5,0.5,1513.5
2012-11-06,0.4429,0.0353,0.0603,0.0823,0.1912,중립(Neutral),0.5,0.5,1527.25
2012-11-07,0.0992,-0.4976,-0.1567,0.2415,-0.0926,중립(Neutral),0.5,0.5,1491.5
2012-11-08,0.002,-0.6331,-0.3609,0.3112,-0.2011,수축(Risk-Off),0.0,0.5,1476.75
2012-11-09,0.0446,-0.5982,-0.3677,0.2889,-0.1825,중립(Neutral),0.5,0.5,1477.75
2012-11-12,0.1085,-0.3894,-0.3612,0.2868,-0.1067,중립(Neutral),0.5,0.5,1480.0
2012-11-13,-0.0896,-0.4135,-0.3909,0.2988,-0.1876,중립(Neutral),0.5,0.5,1473.5
2012-11-14,-0.4605,-0.5778,-0.5301,0.1923,-0.4093,수축(Risk-Off),0.0,0.5,1455.0
2012-11-15,-0.5383,-0.5048,-0.3712,0.1599,-0.3834,수축(Risk-Off),0.0,0.5,1453.25
2012-11-16,-0.4803,-0.1783,-0.3953,0.0725,-0.3007,수축(Risk-Off),0.0,0.5,1462.25
2012-11-19,-0.0587,0.1027,-0.2297,0.1211,-0.0341,중립(Neutral),0.5,0.5,1482.75
2012-11-20,0.0015,0.3691,-0.2394,0.1014,0.0481,중립(Neutral),0.5,0.5,1487.75
2012-11-21,0.1299,0.3245,-0.2515,0.158,0.0874,중립(Neutral),0.5,0.5,1491.0
2012-11-22,0.1687,0.4062,-0.1622,0.1427,0.1414,중립(Neutral),0.5,0.5,1493.25
2012-11-23,0.2857,0.5089,-0.0654,0.1289,0.2302,확장(Risk-On),1.0,0.5,1506.5
2012-11-26,0.3483,0.4169,-0.0663,0.1175,0.2272,확장(Risk-On),1.0,0.5,1506.75
2012-11-27,0.2883,0.2781,-0.028,0.221,0.1966,중립(Neutral),0.5,0.5,1499.5
2012-11-28,0.3498,0.3938,0.1217,0.1873,0.2794,확장(Risk-On),1.0,0.5,1508.25
2012-11-29,0.4972,0.1425,0.0143,0.2297,0.2477,확장(Risk-On),1.0,0.5,1514.0
2012-11-30,0.4365,0.1082,0.0807,0.2082,0.2312,확장(Risk-On),1.0,0.5,1517.5
2012-12-03,0.4312,0.0818,0.0765,0.19,0.219,확장(Risk-On),1.0,1.0,1507.5
2012-12-04,0.2655,-0.1064,0.1092,0.2421,0.13,중립(Neutral),0.5,1.0,1505.0
2012-12-05,0.2132,-0.0021,0.0433,0.3194,0.1328,중립(Neutral),0.5,1.0,1508.5
2012-12-06,0.501,-0.0706,0.0123,0.3121,0.2076,확장(Risk-On),1.0,1.0,1514.5
2012-12-07,0.6405,-0.0807,-0.2764,0.3415,0.1861,중립(Neutral),0.5,1.0,1519.0
2012-12-10,0.5785,-0.2345,-0.2717,0.262,0.1152,중립(Neutral),0.5,1.0,1519.0
2012-12-11,0.6432,-0.0442,-0.0261,0.1912,0.2362,확장(Risk-On),1.0,1.0,1533.75
2012-12-12,0.5911,0.0659,-0.095,-0.0146,0.1974,중립(Neutral),0.5,1.0,1528.75
2012-12-13,0.6249,0.0042,0.0732,-0.2425,0.2017,확장(Risk-On),1.0,1.0,1520.25
2012-12-14,0.661,-0.1566,0.1233,-0.1847,0.1953,중립(Neutral),0.5,1.0,1519.5
2012-12-17,0.7656,0.0015,0.2757,-0.3919,0.2785,확장(Risk-On),1.0,1.0,1536.5
2012-12-18,0.7952,0.3033,0.5635,-0.4572,0.4264,확장(Risk-On),1.0,1.0,1549.25
2012-12-19,0.6308,0.0985,0.6504,-0.2648,0.3683,확장(Risk-On),1.0,1.0,1537.5
2012-12-20,0.7195,0.0187,0.8022,-0.3138,0.41,확장(Risk-On),1.0,1.0,1549.5
2012-12-21,0.6079,-0.0934,0.6378,-0.1752,0.3226,확장(Risk-On),1.0,1.0,1537.25
2012-12-24,0.444,-0.0709,0.5665,-0.3689,0.224,확장(Risk-On),1.0,1.0,1527.75
2012-12-26,0.3881,-0.3455,0.5337,-0.449,0.1155,중립(Neutral),0.5,1.0,1521.75
2012-12-27,0.3159,-0.5338,0.4077,-0.2508,0.0414,중립(Neutral),0.5,1.0,1522.5
2012-12-28,-0.0556,-1.0058,0.1678,-0.2649,-0.2687,수축(Risk-Off),0.0,1.0,1495.5
2012-12-31,0.2984,-0.0988,0.2342,-0.3359,0.0879,중립(Neutral),0.5,1.0,1532.5
2013-01-02,0.6395,0.5526,0.5784,-0.6602,0.4076,확장(Risk-On),1.0,0.5,1565.25
2013-01-03,0.6312,0.6482,0.5639,-1.0215,0.3707,확장(Risk-On),1.0,0.5,1563.0
2013-01-04,0.6877,0.7817,0.5429,-1.0639,0.4122,확장(Risk-On),1.0,0.5,1568.5
2013-01-07,0.6379,0.7516,0.576,-0.9829,0.4077,확장(Risk-On),1.0,0.5,1564.5
2013-01-08,0.5956,0.6838,0.2832,-0.8776,0.3186,확장(Risk-On),1.0,0.5,1560.25
2013-01-09,0.6443,0.5143,0.2236,-0.7341,0.2998,확장(Risk-On),1.0,0.5,1565.5
2013-01-10,0.7168,0.5341,0.2023,-0.8201,0.312,확장(Risk-On),1.0,0.5,1578.75
2013-01-11,0.6732,0.5589,0.4073,-0.5594,0.3933,확장(Risk-On),1.0,0.5,1576.25
2013-01-14,0.6635,0.6995,0.5403,-0.3797,0.4852,확장(Risk-On),1.0,0.5,1573.75
2013-01-15,0.6773,0.5606,0.425,-0.1633,0.459,확장(Risk-On),1.0,0.5,1576.0
2013-01-16,0.5929,0.6486,0.537,-0.1253,0.4851,확장(Risk-On),1.0,0.5,1573.25
2013-01-17,0.7406,0.8515,0.5668,-0.2192,0.5809,확장(Risk-On),1.0,0.5,1584.75
2013-01-18,0.8296,0.9171,0.5088,-0.1511,0.6242,확장(Risk-On),1.0,0.5,1588.5
2013-01-21,0.8618,1.0442,0.548,-0.1725,0.6738,확장(Risk-On),1.0,0.5,1592.25
2013-01-22,1.014,1.106,0.668,-0.0704,0.7878,확장(Risk-On),1.0,0.5,1599.75
2013-01-23,0.9679,1.0296,0.5304,0.0371,0.7343,확장(Risk-On),1.0,0.5,1594.0
2013-01-24,1.0126,1.2207,0.7409,-0.0551,0.8365,확장(Risk-On),1.0,0.5,1597.0
2013-01-25,1.1597,1.2476,0.7805,-0.6663,0.813,확장(Risk-On),1.0,0.5,1604.25
2013-01-28,1.1497,1.4688,0.87,-0.8239,0.8635,확장(Risk-On),1.0,0.5,1604.5
2013-01-29,1.4579,1.2552,1.0108,-0.7508,0.9642,확장(Risk-On),1.0,0.5,1614.25
2013-01-30,1.029,0.7344,0.9879,-0.4453,0.7239,확장(Risk-On),1.0,0.5,1602.5
2013-01-31,0.9883,1.06,1.4382,-0.1014,0.9552,확장(Risk-On),1.0,0.5,1604.75
2013-02-01,1.1444,1.394,1.7019,-0.1121,1.1577,확장(Risk-On),1.0,1.0,1616.25
2013-02-04,0.8519,1.0085,1.4306,0.0692,0.9183,확장(Risk-On),1.0,1.0,1601.25
2013-02-05,1.1677,1.2111,1.5111,-0.2288,1.0549,확장(Risk-On),1.0,1.0,1616.25
2013-02-06,1.2321,1.2452,1.4479,-0.0928,1.0906,확장(Risk-On),1.0,1.0,1615.0
2013-02-07,1.2029,1.2747,1.5039,0.0027,1.116,확장(Risk-On),1.0,1.0,1613.75
2013-02-08,1.226,1.3754,1.5062,-0.1384,1.1288,확장(Risk-On),1.0,1.0,1622.5
2013-02-11,1.2705,1.3949,1.6224,-0.2015,1.1688,확장(Risk-On),1.0,1.0,1621.75
2013-02-12,1.4434,1.387,1.5866,-0.4941,1.1745,확장(Risk-On),1.0,1.0,1626.5
2013-02-13,1.415,1.2983,1.5117,-0.7025,1.0924,확장(Risk-On),1.0,1.0,1625.0
2013-02-14,1.4211,1.2452,1.4788,-0.2497,1.1409,확장(Risk-On),1.0,1.0,1627.5
2013-02-15,1.2235,1.1834,1.5696,-0.4472,1.0494,확장(Risk-On),1.0,1.0,1625.75
2013-02-18,1.2236,1.1282,1.4376,-0.5466,0.9877,확장(Risk-On),1.0,1.0,1627.0
2013-02-19,1.2942,1.2562,1.4288,-0.7132,1.0172,확장(Risk-On),1.0,1.0,1637.75
2013-02-20,0.9177,0.8561,1.3961,-0.5993,0.7943,확장(Risk-On),1.0,1.0,1615.75
2013-02-21,0.8496,0.7336,1.1045,-0.3672,0.7018,확장(Risk-On),1.0,1.0,1610.75
2013-02-22,1.0189,0.8994,1.1444,-0.0564,0.8591,확장(Risk-On),1.0,1.0,1622.75
2013-02-25,0.5677,0.1494,0.6864,-0.0026,0.4073,확장(Risk-On),1.0,1.0,1593.5
2013-02-26,0.6165,0.393,0.5169,0.054,0.4513,확장(Risk-On),1.0,1.0,1602.25
2013-02-27,0.7749,0.821,0.64,0.0514,0.6442,확장(Risk-On),1.0,1.0,1625.25
2013-02-28,0.783,0.7137,0.6444,0.1421,0.6349,확장(Risk-On),1.0,1.0,1621.0
2013-03-01,0.8144,0.6229,0.6784,0.1104,0.6269,확장(Risk-On),1.0,1.0,1625.5
2013-03-04,0.8757,0.8848,0.7829,0.2303,0.758,확장(Risk-On),1.0,1.0,1636.25
2013-03-05,1.049,0.9557,0.9057,0.1915,0.8612,확장(Risk-On),1.0,1.0,1645.75
2013-03-06,0.963,0.9057,0.685,0.108,0.7509,확장(Risk-On),1.0,1.0,1647.75
2013-03-07,0.991,1.0239,0.8351,0.0,0.8116,확장(Risk-On),1.0,1.0,1651.5
2013-03-08,1.0913,1.141,0.6623,-0.2262,0.7988,확장(Risk-On),1.0,1.0,1658.25
2013-03-11,1.0626,1.3119,0.6552,-0.2506,0.8261,확장(Risk-On),1.0,1.0,1664.75
2013-03-12,1.0729,1.0269,0.4486,-0.1262,0.7254,확장(Risk-On),1.0,1.0,1661.25
2013-03-13,1.1109,1.0074,0.1591,-0.1728,0.6545,확장(Risk-On),1.0,1.0,1664.5
2013-03-14,1.1695,1.1692,0.2483,-0.249,0.7263,확장(Risk-On),1.0,1.0,1670.5
2013-03-15,1.0826,1.0407,0.2942,-0.1553,0.6893,확장(Risk-On),1.0,1.0,1668.0
2013-03-18,0.9841,0.7918,0.3161,-0.102,0.6061,확장(Risk-On),1.0,1.0,1661.25
2013-03-19,0.9752,0.5994,0.2599,-0.058,0.5475,확장(Risk-On),1.0,1.0,1656.75
2013-03-20,0.9293,0.9986,0.3627,-0.0955,0.6512,확장(Risk-On),1.0,1.0,1663.5
2013-03-21,0.9766,0.8665,0.2896,-0.1084,0.6146,확장(Risk-On),1.0,1.0,1653.5
2013-03-22,1.202,0.9524,0.5298,-0.0411,0.7851,확장(Risk-On),1.0,1.0,1666.5
2013-03-25,1.1579,1.3308,0.5856,0.0513,0.892,확장(Risk-On),1.0,1.0,1661.5
2013-03-26,1.671,1.2645,0.6909,0.0154,1.076,확장(Risk-On),1.0,1.0,1671.75
2013-03-27,1.7886,0.8078,0.4665,0.1243,0.9632,확장(Risk-On),1.0,1.0,1671.25
2013-03-28,1.8212,0.9004,0.6799,0.0737,1.0435,확장(Risk-On),1.0,1.0,1677.25
2013-04-01,1.3995,0.5954,0.5082,0.0819,0.778,확장(Risk-On),1.0,1.0,1670.5
2013-04-02,1.3996,0.8027,0.8208,0.0576,0.9044,확장(Risk-On),1.0,1.0,1679.0
2013-04-03,1.0625,0.4538,0.7563,0.2053,0.7052,확장(Risk-On),1.0,1.0,1663.0
2013-04-04,1.1718,0.3098,0.6317,0.4175,0.7081,확장(Risk-On),1.0,1.0,1669.0
2013-04-05,0.9771,0.2231,0.444,0.4844,0.5814,확장(Risk-On),1.0,1.0,1660.5
2013-04-08,1.0959,0.3954,0.5437,0.3596,0.6723,확장(Risk-On),1.0,1.0,1673.75
2013-04-09,1.056,0.5455,0.668,0.4009,0.7331,확장(Risk-On),1.0,1.0,1677.75
2013-04-10,1.34,0.7446,0.8953,0.2837,0.9215,확장(Risk-On),1.0,1.0,1697.25
2013-04-11,1.4365,0.608,0.9716,0.3113,0.9444,확장(Risk-On),1.0,1.0,1702.25
2013-04-12,1.2732,0.564,1.0293,0.4597,0.9129,확장(Risk-On),1.0,1.0,1696.5
2013-04-15,0.6212,-0.1968,0.8478,0.3599,0.4342,확장(Risk-On),1.0,1.0,1658.0
2013-04-16,0.8882,0.353,0.8773,0.3071,0.6645,확장(Risk-On),1.0,1.0,1683.25
2013-04-17,0.6015,-0.1244,0.6742,0.3436,0.3995,확장(Risk-On),1.0,1.0,1660.5
2013-04-18,0.4087,-0.2485,0.5179,0.2966,0.2549,확장(Risk-On),1.0,1.0,1648.5
2013-04-19,0.5855,-0.106,0.4376,0.3362,0.3383,확장(Risk-On),1.0,1.0,1662.0
2013-04-22,0.627,-0.0525,0.3762,0.3648,0.3551,확장(Risk-On),1.0,1.0,1670.5
2013-04-23,0.8591,0.0349,0.3767,0.2952,0.4479,확장(Risk-On),1.0,1.0,1688.0
2013-04-24,0.8265,0.0745,0.3691,0.3824,0.4576,확장(Risk-On),1.0,1.0,1688.5
2013-04-25,0.9099,0.0942,0.2513,0.2113,0.4365,확장(Risk-On),1.0,1.0,1696.25
2013-04-26,0.7934,-0.0527,0.2438,0.2267,0.3595,확장(Risk-On),1.0,1.0,1691.0
2013-04-29,0.9944,0.1371,0.5477,0.2241,0.5528,확장(Risk-On),1.0,1.0,1702.75
2013-04-30,1.0753,0.0404,0.5886,0.2123,0.5655,확장(Risk-On),1.0,1.0,1706.75
2013-05-01,0.8035,-0.0383,0.6522,0.2325,0.4696,확장(Risk-On),1.0,1.0,1691.75
2013-05-02,1.1456,0.1288,0.6358,0.2388,0.6279,확장(Risk-On),1.0,1.0,1706.75
2013-05-03,1.2396,0.4205,0.6796,-0.0423,0.7026,확장(Risk-On),1.0,1.0,1723.0
2013-05-06,1.362,0.4516,0.6062,-0.0552,0.7329,확장(Risk-On),1.0,1.0,1728.0
2013-05-07,1.4009,0.3821,0.6431,-0.0147,0.7444,확장(Risk-On),1.0,1.0,1735.0
2013-05-08,1.4561,0.3351,0.7283,0.1466,0.7975,확장(Risk-On),1.0,1.0,1743.25
2013-05-09,1.2459,0.316,0.6877,0.177,0.7135,확장(Risk-On),1.0,1.0,1739.0
2013-05-10,1.257,0.5184,0.5558,-0.319,0.6607,확장(Risk-On),1.0,1.0,1744.0
2013-05-13,1.3094,0.8172,0.5768,-0.3977,0.7471,확장(Risk-On),1.0,1.0,1745.25
2013-05-14,1.7,0.6439,0.5838,-0.5402,0.8209,확장(Risk-On),1.0,1.0,1762.5
2013-05-15,1.696,0.8974,0.7204,-0.5417,0.9168,확장(Risk-On),1.0,1.0,1768.75
2013-05-16,1.746,0.8773,0.8913,-0.2469,1.0162,확장(Risk-On),1.0,1.0,1762.5
2013-05-17,1.9258,0.944,0.8822,-0.5209,1.0524,확장(Risk-On),1.0,1.0,1777.5
2013-05-20,2.1195,1.0993,1.0711,-0.621,1.1913,확장(Risk-On),1.0,1.0,1779.0
2013-05-21,2.1038,0.9822,1.1408,-0.5355,1.1867,확장(Risk-On),1.0,1.0,1780.0
2013-05-22,1.9147,0.899,0.9944,-0.9021,1.0082,확장(Risk-On),1.0,1.0,1770.0
2013-05-23,1.9552,0.8721,1.0178,-0.9025,1.0214,확장(Risk-On),1.0,1.0,1764.5
2013-05-24,1.851,0.8895,1.0909,-1.0213,0.9898,확장(Risk-On),1.0,1.0,1765.0
2013-05-28,1.7402,0.8492,0.917,-1.3563,0.8472,확장(Risk-On),1.0,1.0,1769.0
2013-05-29,1.5652,0.7733,0.9532,-1.3931,0.7705,확장(Risk-On),1.0,1.0,1761.5
2013-05-30,1.7468,0.6979,0.9548,-1.3815,0.8173,확장(Risk-On),1.0,1.0,1768.0
2013-05-31,1.2071,0.2553,0.8608,-1.2034,0.521,확장(Risk-On),1.0,1.0,1743.5
2013-06-03,1.2025,0.2219,0.9479,-1.0504,0.5557,확장(Risk-On),1.0,1.0,1750.75
2013-06-04,1.0644,0.2767,0.9511,-1.0185,0.5267,확장(Risk-On),1.0,1.0,1745.75
2013-06-05,0.668,-0.0263,0.8637,-0.8802,0.3111,확장(Risk-On),1.0,1.0,1722.5
2013-06-06,0.7523,0.1083,1.004,-0.764,0.4268,확장(Risk-On),1.0,1.0,1737.25
2013-06-07,0.942,0.4783,1.0809,-0.8678,0.5893,확장(Risk-On),1.0,1.0,1753.0
2013-06-10,0.943,0.5619,1.2007,-1.0506,0.6131,확장(Risk-On),1.0,1.0,1756.5
2013-06-11,0.7903,0.3724,1.298,-0.8931,0.5602,확장(Risk-On),1.0,1.0,1741.5
2013-06-12,0.4822,0.1105,1.1768,-1.0488,0.3333,확장(Risk-On),1.0,1.0,1724.25
2013-06-13,0.7739,0.4565,1.4014,-1.0848,0.5726,확장(Risk-On),1.0,1.0,1751.25
2013-06-14,0.6743,0.1712,1.1791,-0.6116,0.4818,확장(Risk-On),1.0,1.0,1738.75
2013-06-17,0.7059,0.3621,1.3609,-0.7403,0.5668,확장(Risk-On),1.0,1.0,1754.0
2013-06-18,0.8556,0.4369,1.4161,-0.7876,0.6446,확장(Risk-On),1.0,1.0,1765.5
2013-06-19,0.5104,0.5748,1.3839,-1.0001,0.5183,확장(Risk-On),1.0,1.0,1744.0
2013-06-20,0.1616,0.0864,0.9752,-1.2546,0.1338,중립(Neutral),0.5,1.0,1704.25
2013-06-21,0.1436,0.3345,0.9093,-1.5613,0.127,중립(Neutral),0.5,1.0,1704.25
2013-06-24,-0.0254,0.2227,0.8341,-1.696,0.0009,중립(Neutral),0.5,1.0,1686.5
2013-06-25,0.1093,0.4609,0.8319,-1.5529,0.1285,중립(Neutral),0.5,1.0,1701.75
2013-06-26,0.2347,0.7057,0.9527,-1.4077,0.2856,확장(Risk-On),1.0,1.0,1715.75
2013-06-27,0.3988,0.7357,1.0394,-1.1667,0.4084,확장(Risk-On),1.0,1.0,1726.75
2013-06-28,0.2941,0.8898,0.9455,-1.1545,0.3886,확장(Risk-On),1.0,1.0,1719.5
2013-07-01,0.5348,0.9001,0.9148,-1.2348,0.4557,확장(Risk-On),1.0,1.0,1727.0
2013-07-02,0.4972,0.8661,0.849,-1.2061,0.4219,확장(Risk-On),1.0,1.0,1727.5
2013-07-03,0.5377,0.8992,0.7337,-1.3857,0.3886,확장(Risk-On),1.0,1.0,1729.25
2013-07-05,0.6885,1.1409,0.5887,-1.7219,0.4151,확장(Risk-On),1.0,1.0,1747.5
2013-07-08,0.6594,1.2664,0.561,-1.3707,0.482,확장(Risk-On),1.0,1.0,1755.75
2013-07-09,0.7355,1.3698,0.4571,-1.3268,0.5151,확장(Risk-On),1.0,1.0,1765.75
2013-07-10,0.9175,1.6121,0.7217,-1.3548,0.7013,확장(Risk-On),1.0,1.0,1768.75
2013-07-11,1.386,1.4776,0.9855,-1.0242,0.9472,확장(Risk-On),1.0,1.0,1790.25
2013-07-12,1.1826,1.5596,0.9542,-1.1594,0.8684,확장(Risk-On),1.0,1.0,1790.5
2013-07-15,1.3992,1.5022,1.0014,-0.924,0.977,확장(Risk-On),1.0,1.0,1797.75
2013-07-16,1.2628,1.3054,0.9362,-0.8729,0.8714,확장(Risk-On),1.0,1.0,1791.5
2013-07-17,1.1514,1.3754,1.0256,-0.4077,0.9421,확장(Risk-On),1.0,1.0,1795.75
2013-07-18,1.3062,1.7018,1.077,-0.3128,1.1049,확장(Risk-On),1.0,1.0,1800.75
2013-07-19,1.5887,1.8064,1.1018,-0.1838,1.2555,확장(Risk-On),1.0,1.0,1809.75
2013-07-22,1.6055,1.9071,0.9571,-0.2184,1.2452,확장(Risk-On),1.0,1.0,1810.5
2013-07-23,1.6744,1.7012,0.8905,-0.2063,1.203,확장(Risk-On),1.0,1.0,1808.5
2013-07-24,1.5291,1.6325,0.9031,-0.2945,1.1249,확장(Risk-On),1.0,1.0,1804.0
2013-07-25,1.4221,1.6053,0.9677,-0.4012,1.0808,확장(Risk-On),1.0,1.0,1804.25
2013-07-26,1.3765,1.4991,0.9457,-0.2836,1.0504,확장(Risk-On),1.0,1.0,1806.75
2013-07-29,1.4226,1.3189,0.9257,-0.2943,1.0149,확장(Risk-On),1.0,1.0,1802.75
2013-07-30,1.3502,1.3139,0.8264,-0.3252,0.9589,확장(Risk-On),1.0,1.0,1805.0
2013-07-31,1.2416,1.2547,0.8167,-0.2523,0.9146,확장(Risk-On),1.0,1.0,1800.75
2013-08-01,1.4097,1.4854,0.915,-0.6083,1.0022,확장(Risk-On),1.0,1.0,1820.5
2013-08-02,1.4299,1.3431,1.0201,-0.2536,1.0532,확장(Risk-On),1.0,1.0,1824.25
2013-08-05,1.273,1.3571,1.0212,-0.2744,0.999,확장(Risk-On),1.0,1.0,1822.75
2013-08-06,1.1377,1.0706,0.9795,-0.2563,0.8723,확장(Risk-On),1.0,1.0,1814.25
2013-08-07,0.9928,0.9621,0.9552,-0.2417,0.7906,확장(Risk-On),1.0,1.0,1808.5
2013-08-08,1.0348,1.0703,0.9205,-0.2593,0.821,확장(Risk-On),1.0,1.0,1814.0
2013-08-09,0.7728,0.8245,0.7899,-0.2718,0.6333,확장(Risk-On),1.0,1.0,1806.5
2013-08-12,0.758,0.9217,0.7105,-0.3431,0.6219,확장(Risk-On),1.0,1.0,1807.25
2013-08-13,0.7996,1.1376,0.6438,-0.6298,0.6307,확장(Risk-On),1.0,1.0,1811.0
2013-08-14,0.6693,0.9176,0.6668,-0.6971,0.5258,확장(Risk-On),1.0,1.0,1802.25
2013-08-15,0.3341,0.6175,0.4662,-0.7352,0.2776,확장(Risk-On),1.0,1.0,1776.0
2013-08-16,0.2502,0.6036,0.4336,-0.9878,0.1987,중립(Neutral),0.5,1.0,1771.25
2013-08-19,0.1666,0.491,0.4354,-1.0909,0.1263,중립(Neutral),0.5,1.0,1765.25
2013-08-20,0.2579,0.4272,0.5243,-0.8841,0.1955,중립(Neutral),0.5,1.0,1770.75
2013-08-21,0.1024,0.3457,0.4071,-0.8745,0.0929,중립(Neutral),0.5,1.0,1756.75
2013-08-22,0.313,0.5718,0.4222,-0.9402,0.217,확장(Risk-On),1.0,1.0,1775.0
2013-08-23,0.3855,0.6926,0.5012,-0.7864,0.3154,확장(Risk-On),1.0,1.0,1781.75
2013-08-26,0.3208,0.549,0.3563,-0.6949,0.2344,확장(Risk-On),1.0,1.0,1774.5
2013-08-27,-0.006,0.1695,0.1958,-0.4759,0.0178,중립(Neutral),0.5,1.0,1748.5
2013-08-28,0.0935,0.3622,0.2672,-0.6306,0.0955,중립(Neutral),0.5,1.0,1752.5
2013-08-29,0.1642,0.2406,0.0377,-0.3482,0.0748,중립(Neutral),0.5,1.0,1757.0
2013-08-30,-0.0017,0.0132,-0.1487,-0.6485,-0.1318,중립(Neutral),0.5,1.0,1751.5
2013-09-03,0.0536,0.2221,-0.1866,-0.8693,-0.1028,중립(Neutral),0.5,0.5,1759.25
2013-09-04,0.1983,0.4724,0.0485,-1.0504,0.0421,중립(Neutral),0.5,0.5,1773.75
2013-09-05,0.2344,0.4467,-0.1599,-1.2879,-0.0395,중립(Neutral),0.5,0.5,1773.25
2013-09-06,0.2648,0.5476,-0.0377,-1.1422,0.0488,중립(Neutral),0.5,0.5,1773.75
2013-09-09,0.5579,0.468,0.0246,-0.9759,0.172,중립(Neutral),0.5,0.5,1789.25
2013-09-10,0.6113,0.6254,0.0208,-0.9145,0.2383,확장(Risk-On),1.0,0.5,1802.75
2013-09-11,0.7342,0.7752,0.2426,-0.8677,0.3813,확장(Risk-On),1.0,0.5,1809.0
2013-09-12,0.7794,0.9793,0.6001,-0.7992,0.5478,확장(Risk-On),1.0,0.5,1805.0
2013-09-13,1.0087,0.9029,0.7873,-0.6589,0.6768,확장(Risk-On),1.0,0.5,1808.75
2013-09-16,1.3249,1.0171,1.008,-0.5597,0.886,확장(Risk-On),1.0,0.5,1818.0
2013-09-17,1.6389,0.9055,0.9969,-0.5313,0.9695,확장(Risk-On),1.0,0.5,1825.0
2013-09-18,1.8657,1.1339,0.8918,-0.4117,1.0977,확장(Risk-On),1.0,0.5,1844.5
2013-09-19,2.0567,1.1001,0.7189,-0.4837,1.1021,확장(Risk-On),1.0,0.5,1844.25
2013-09-20,1.5938,0.9577,0.8554,-0.5027,0.9357,확장(Risk-On),1.0,0.5,1829.25
2013-09-23,1.3235,0.7551,0.8379,-0.4628,0.7921,확장(Risk-On),1.0,0.5,1819.5
2013-09-24,1.3022,0.9625,0.8652,-0.4137,0.8506,확장(Risk-On),1.0,0.5,1819.25
2013-09-25,1.426,0.8553,0.7884,-0.3497,0.8576,확장(Risk-On),1.0,0.5,1812.5
2013-09-26,1.4662,0.9267,0.821,-0.3762,0.8937,확장(Risk-On),1.0,0.5,1819.25
2013-09-27,1.4063,0.415,0.8148,-0.4332,0.7347,확장(Risk-On),1.0,0.5,1813.25
2013-09-30,1.2753,0.1718,0.7749,-0.4402,0.617,확장(Risk-On),1.0,0.5,1801.0
2013-10-01,1.4672,0.3785,1.0944,-0.4625,0.8124,확장(Risk-On),1.0,1.0,1816.25
2013-10-02,1.2505,0.0253,0.9168,-0.4344,0.608,확장(Risk-On),1.0,1.0,1809.75
2013-10-03,0.9152,-0.2371,0.6806,-0.4403,0.3651,확장(Risk-On),1.0,1.0,1796.5
2013-10-04,1.0377,0.0089,0.7194,-0.4682,0.475,확장(Risk-On),1.0,1.0,1811.5
2013-10-07,0.7535,-0.4793,0.5718,-0.4628,0.2174,확장(Risk-On),1.0,1.0,1794.5
2013-10-08,0.3219,-0.7394,0.4346,-0.4705,-0.0341,중립(Neutral),0.5,1.0,1777.25
2013-10-09,0.2584,-0.6757,0.3307,-0.4876,-0.0689,중립(Neutral),0.5,1.0,1775.5
2013-10-10,0.5928,-0.041,0.6505,-0.495,0.2856,확장(Risk-On),1.0,1.0,1811.75
2013-10-11,0.8502,0.1016,0.6966,-0.5304,0.4176,확장(Risk-On),1.0,1.0,1825.75
2013-10-14,0.8786,0.1196,0.7956,-0.5612,0.4521,확장(Risk-On),1.0,1.0,1831.5
2013-10-15,0.6388,-0.2644,0.6141,-0.5492,0.2287,확장(Risk-On),1.0,1.0,1819.0
2013-10-16,0.7971,0.2064,0.689,-0.5251,0.4241,확장(Risk-On),1.0,1.0,1840.5
2013-10-17,0.8424,0.3301,0.8158,-0.4628,0.5119,확장(Risk-On),1.0,1.0,1855.25
2013-10-18,0.9246,0.4399,0.7953,-0.3825,0.575,확장(Risk-On),1.0,1.0,1863.25
2013-10-21,1.0672,0.5241,0.8088,-0.3794,0.6498,확장(Risk-On),1.0,1.0,1864.75
2013-10-22,1.2108,0.4433,0.8717,-0.2992,0.7076,확장(Risk-On),1.0,1.0,1876.25
2013-10-23,1.144,0.4097,0.8425,-0.31,0.6669,확장(Risk-On),1.0,1.0,1868.5
2013-10-24,1.2882,0.3012,0.8561,-0.3336,0.6902,확장(Risk-On),1.0,1.0,1875.25
2013-10-25,1.2764,0.5085,0.7634,-0.2673,0.7246,확장(Risk-On),1.0,1.0,1880.75
2013-10-28,1.4404,0.5563,0.7316,-0.2613,0.7869,확장(Risk-On),1.0,1.0,1885.0
2013-10-29,1.5809,0.5178,0.6937,-0.2129,0.8242,확장(Risk-On),1.0,1.0,1894.25
2013-10-30,1.3927,0.6121,0.6346,-0.2571,0.7606,확장(Risk-On),1.0,1.0,1887.5
2013-10-31,1.3655,0.668,0.4879,-0.3457,0.7151,확장(Risk-On),1.0,1.0,1881.75
2013-11-01,1.4895,0.7463,0.4858,-0.3265,0.7804,확장(Risk-On),1.0,1.0,1881.25
2013-11-04,1.541,0.9698,0.6769,-0.3014,0.9058,확장(Risk-On),1.0,1.0,1889.5
2013-11-05,1.5558,0.8919,0.666,-0.3698,0.8786,확장(Risk-On),1.0,1.0,1883.5
2013-11-06,1.7803,0.9609,0.8209,-0.2491,1.0312,확장(Risk-On),1.0,1.0,1892.5
2013-11-07,1.5475,0.5387,0.8726,-0.2217,0.8612,확장(Risk-On),1.0,1.0,1872.25
2013-11-08,1.5126,0.7837,0.9904,-0.3352,0.9227,확장(Risk-On),1.0,1.0,1893.25
2013-11-11,1.469,0.8597,1.0063,-0.3477,0.9285,확장(Risk-On),1.0,1.0,1894.25
2013-11-12,1.4934,1.0413,0.9848,-0.2667,0.9892,확장(Risk-On),1.0,1.0,1891.75
2013-11-13,1.7338,0.7904,1.2397,-0.1821,1.0871,확장(Risk-On),1.0,1.0,1905.25
2013-11-14,1.7483,0.6244,1.1886,-0.157,1.0416,확장(Risk-On),1.0,1.0,1914.25
2013-11-15,1.717,0.6843,1.2684,-0.1796,1.0622,확장(Risk-On),1.0,1.0,1920.0
2013-11-18,1.6534,0.5599,1.398,-0.1279,1.049,확장(Risk-On),1.0,1.0,1915.5
2013-11-19,1.6077,0.7488,1.6089,-0.3522,1.0993,확장(Risk-On),1.0,1.0,1912.0
2013-11-20,1.4234,0.7082,1.6176,-0.5712,0.994,확장(Risk-On),1.0,1.0,1906.5
2013-11-21,1.6803,0.8514,1.7236,-0.5246,1.1532,확장(Risk-On),1.0,1.0,1920.5
2013-11-22,1.8375,0.9268,1.8165,-0.4168,1.2664,확장(Risk-On),1.0,1.0,1928.0
2013-11-25,1.7922,0.8576,1.7595,-0.3299,1.2321,확장(Risk-On),1.0,1.0,1929.0
2013-11-26,1.7341,0.706,1.8565,-0.2492,1.2102,확장(Risk-On),1.0,1.0,1928.75
2013-11-27,1.73,0.6369,1.7908,-0.2707,1.1718,확장(Risk-On),1.0,1.0,1931.0
2013-11-28,1.8334,0.5855,1.8641,-0.3059,1.2082,확장(Risk-On),1.0,1.0,1935.625
2013-11-29,1.7463,0.4799,1.8147,-0.2529,1.1469,확장(Risk-On),1.0,1.0,1930.75
2013-12-02,1.6727,0.418,1.661,-0.48,1.0332,확장(Risk-On),1.0,1.0,1927.0
2013-12-03,1.5274,0.2318,1.5145,-0.2554,0.9329,확장(Risk-On),1.0,1.0,1918.25
2013-12-04,1.5755,0.2517,1.2843,-0.4082,0.8742,확장(Risk-On),1.0,1.0,1918.75
2013-12-05,1.319,0.3067,1.2747,-0.4937,0.7829,확장(Risk-On),1.0,1.0,1911.0
2013-12-06,1.5952,0.4987,1.3001,-0.1403,0.987,확장(Risk-On),1.0,1.0,1931.5
2013-12-09,1.5133,0.5284,1.2059,-0.0255,0.9594,확장(Risk-On),1.0,1.0,1935.75
2013-12-10,1.4256,0.4018,1.0509,0.1838,0.8897,확장(Risk-On),1.0,1.0,1930.0
2013-12-11,1.1569,0.2033,0.8603,-0.1845,0.6431,확장(Risk-On),1.0,1.0,1907.5
2013-12-12,0.9781,0.1395,0.9764,-0.4533,0.5533,확장(Risk-On),1.0,1.0,1901.5
2013-12-13,0.913,0.1698,0.8793,-0.4003,0.5218,확장(Risk-On),1.0,1.0,1901.75
2013-12-16,0.9521,0.3027,0.9897,-0.5081,0.5801,확장(Risk-On),1.0,1.0,1913.0
2013-12-17,0.8881,0.2929,0.9698,-0.2703,0.586,확장(Risk-On),1.0,1.0,1905.75
2013-12-18,1.3293,0.8236,1.2614,-0.1991,0.9567,확장(Risk-On),1.0,1.0,1937.25
2013-12-19,1.3035,0.744,1.2169,-0.5155,0.8691,확장(Risk-On),1.0,1.0,1934.75
2013-12-20,1.2976,0.8521,1.2518,-0.3174,0.9325,확장(Risk-On),1.0,1.0,1947.0
2013-12-23,1.4003,1.1221,1.376,-0.5635,1.0301,확장(Risk-On),1.0,1.0,1956.25
2013-12-24,1.4376,1.18,1.1284,-0.894,0.9461,확장(Risk-On),1.0,1.0,1961.75
2013-12-26,1.6289,1.4147,1.2976,-0.9157,1.1108,확장(Risk-On),1.0,1.0,1969.5
2013-12-27,1.5444,1.3418,1.3102,-0.89,1.07,확장(Risk-On),1.0,1.0,1969.25
2013-12-30,1.5979,1.2896,1.5141,-0.6631,1.1607,확장(Risk-On),1.0,1.0,1967.75
2013-12-31,1.8645,1.3735,1.4727,-0.8325,1.2392,확장(Risk-On),1.0,1.0,1979.0
2014-01-02,1.5573,1.2334,1.4216,-0.6477,1.1116,확장(Risk-On),1.0,1.0,1959.0
2014-01-03,1.7407,1.2387,1.0856,-0.5515,1.1076,확장(Risk-On),1.0,1.0,1958.0
2014-01-06,1.8226,1.0528,0.892,-0.4106,1.0625,확장(Risk-On),1.0,1.0,1953.25
2014-01-07,1.7856,1.0759,0.9274,-0.3535,1.0728,확장(Risk-On),1.0,1.0,1963.25
2014-01-08,1.651,1.2729,1.1242,-0.7571,1.0635,확장(Risk-On),1.0,1.0,1965.0
2014-01-09,1.6901,1.4479,1.0098,-0.4806,1.1339,확장(Risk-On),1.0,1.0,1965.75
2014-01-10,1.9088,1.528,0.8928,0.0499,1.2808,확장(Risk-On),1.0,1.0,1970.25
2014-01-13,1.6212,1.1346,0.561,0.0357,0.9967,확장(Risk-On),1.0,1.0,1947.75
2014-01-14,1.728,1.4438,0.778,-0.0153,1.1579,확장(Risk-On),1.0,1.0,1965.75
2014-01-15,1.6922,1.5712,0.6886,-0.1924,1.1283,확장(Risk-On),1.0,1.0,1974.25
2014-01-16,1.6459,1.2156,0.6506,0.0184,1.0454,확장(Risk-On),1.0,1.0,1969.0
2014-01-17,1.3684,1.2016,0.5499,0.1855,0.9446,확장(Risk-On),1.0,1.0,1967.0
2014-01-21,1.3611,0.9827,0.6698,0.0546,0.8977,확장(Risk-On),1.0,1.0,1971.25
2014-01-22,1.2558,0.9574,0.6228,-0.0,0.8346,확장(Risk-On),1.0,1.0,1971.75
2014-01-23,1.0016,0.6021,0.5592,0.0655,0.6507,확장(Risk-On),1.0,1.0,1956.5
2014-01-24,0.3461,-0.2442,0.3747,0.0787,0.1656,중립(Neutral),0.5,1.0,1914.25
2014-01-27,0.1961,-0.1747,0.548,0.0484,0.1693,중립(Neutral),0.5,1.0,1908.25
2014-01-28,0.3676,0.167,0.4686,0.1044,0.3032,확장(Risk-On),1.0,1.0,1920.75
2014-01-29,0.1882,-0.1856,0.368,0.2839,0.1541,중립(Neutral),0.5,1.0,1904.25
2014-01-30,0.2307,-0.0693,0.2965,0.2551,0.1758,중립(Neutral),0.5,1.0,1913.75
2014-01-31,0.2855,-0.1993,0.4486,0.3264,0.2112,확장(Risk-On),1.0,1.0,1910.5
2014-02-03,-0.1888,-1.0176,0.0667,0.4969,-0.2293,수축(Risk-Off),0.0,1.0,1865.75
2014-02-04,-0.0775,-0.694,0.0829,0.5064,-0.104,중립(Neutral),0.5,1.0,1876.75
2014-02-05,-0.0624,-0.7776,-0.0082,0.3982,-0.1586,중립(Neutral),0.5,1.0,1877.0
2014-02-06,0.0963,-0.2563,0.0908,0.4393,0.0582,중립(Neutral),0.5,1.0,1899.75
2014-02-07,0.3352,-0.0111,0.2149,0.5455,0.2501,확장(Risk-On),1.0,1.0,1926.0
2014-02-10,0.3688,0.0458,0.175,0.4626,0.2537,확장(Risk-On),1.0,1.0,1927.5
2014-02-11,0.6371,0.2329,0.0931,0.3885,0.3628,확장(Risk-On),1.0,1.0,1946.25
2014-02-12,0.532,0.2839,0.0979,0.2535,0.3197,확장(Risk-On),1.0,1.0,1950.0
2014-02-13,0.5839,0.2406,0.1031,0.3879,0.3485,확장(Risk-On),1.0,1.0,1957.0
2014-02-14,0.7223,0.3279,0.0729,0.3358,0.4034,확장(Risk-On),1.0,1.0,1967.75
2014-02-18,0.7584,0.2929,0.1029,0.3883,0.4226,확장(Risk-On),1.0,1.0,1970.25
2014-02-19,0.5577,0.1143,-0.01,0.4576,0.2899,확장(Risk-On),1.0,1.0,1958.0
2014-02-20,0.6197,0.2848,-0.1512,0.4903,0.3238,확장(Risk-On),1.0,1.0,1968.75
2014-02-21,0.6636,0.5425,-0.1368,0.5965,0.4232,확장(Risk-On),1.0,1.0,1966.75
2014-02-24,1.0008,0.6222,-0.0993,0.5061,0.5569,확장(Risk-On),1.0,1.0,1978.75
2014-02-25,1.0234,0.4919,-0.191,0.5034,0.5089,확장(Risk-On),1.0,1.0,1979.0
2014-02-26,0.8907,0.5161,-0.2729,0.5918,0.4613,확장(Risk-On),1.0,1.0,1974.5
2014-02-27,1.0987,0.4945,0.0089,0.5713,0.5961,확장(Risk-On),1.0,1.0,1986.75
2014-02-28,1.1321,0.6149,-0.0031,0.5378,0.6299,확장(Risk-On),1.0,1.0,1993.25
2014-03-03,1.0025,0.3577,-0.3197,0.5764,0.4468,확장(Risk-On),1.0,1.0,1976.0
2014-03-04,1.4632,0.6194,-0.1702,0.3306,0.674,확장(Risk-On),1.0,1.0,2004.5
2014-03-05,1.4411,0.7837,-0.0839,0.4008,0.7394,확장(Risk-On),1.0,1.0,2005.0
2014-03-06,1.4654,0.654,0.001,0.152,0.6995,확장(Risk-On),1.0,1.0,2009.25
2014-03-07,1.337,0.5835,0.0057,-0.1202,0.5972,확장(Risk-On),1.0,1.0,2008.6875
2014-03-10,1.2159,0.5635,0.0883,-0.0831,0.5761,확장(Risk-On),1.0,1.0,2009.75
2014-03-11,1.1965,0.3537,-0.09,0.0629,0.4941,확장(Risk-On),1.0,1.0,2000.25
2014-03-12,1.1071,0.4036,-0.1571,0.1322,0.4689,확장(Risk-On),1.0,1.0,2001.0
2014-03-13,0.9099,-0.0897,-0.4403,0.1588,0.2098,확장(Risk-On),1.0,1.0,1980.5
2014-03-14,0.7404,-0.4206,-0.5831,0.185,0.036,중립(Neutral),0.5,1.0,1972.75
2014-03-17,0.8803,-0.0768,-0.3793,0.104,0.2097,확장(Risk-On),1.0,1.0,1990.75
2014-03-18,0.9003,0.0403,-0.3862,0.1148,0.2459,확장(Risk-On),1.0,1.0,2003.75
2014-03-19,0.7757,0.1025,-0.2352,-0.2063,0.2074,확장(Risk-On),1.0,1.0,1992.25
2014-03-20,0.9447,0.183,-0.3714,-0.2035,0.253,확장(Risk-On),1.0,1.0,2006.25
2014-03-21,0.7546,0.0413,-0.4497,-0.2134,0.13,중립(Neutral),0.5,1.0,1997.0
2014-03-25,0.7226,0.1593,-0.532,-0.3003,0.1147,중립(Neutral),0.5,1.0,1999.25
2014-03-26,0.5397,-0.072,-0.5081,-0.1758,0.0175,중립(Neutral),0.5,1.0,1982.25
2014-03-27,0.5315,0.0185,-0.1462,-0.2141,0.122,중립(Neutral),0.5,1.0,1980.0
2014-03-28,0.5428,0.108,-0.0052,-0.2796,0.1737,중립(Neutral),0.5,1.0,1988.0
2014-03-31,0.599,0.3973,0.1687,-0.4189,0.2883,확장(Risk-On),1.0,1.0,2004.25
2014-04-01,0.8427,0.4264,0.2076,-0.2395,0.4175,확장(Risk-On),1.0,1.0,2014.5
2014-04-02,0.7557,0.4093,0.1199,-0.4429,0.3303,확장(Risk-On),1.0,1.0,2019.75
2014-04-03,0.7983,0.3968,0.0643,-0.3763,0.3383,확장(Risk-On),1.0,1.0,2017.0
2014-04-07,0.383,0.097,0.0523,-0.028,0.1672,중립(Neutral),0.5,1.0,1981.75
2014-04-10,0.3232,-0.054,0.0475,-0.0039,0.1109,중립(Neutral),0.5,1.0,1967.25
2014-04-11,0.1991,-0.132,0.0732,0.0315,0.0597,중립(Neutral),0.5,1.0,1951.75
2014-04-14,0.2387,-0.1184,-0.0492,-0.0157,0.0393,중립(Neutral),0.5,1.0,1954.5
2014-04-15,0.3066,-0.0873,0.0401,-0.0157,0.0931,중립(Neutral),0.5,1.0,1971.25
2014-04-16,0.4307,0.156,0.1092,-0.0672,0.207,확장(Risk-On),1.0,1.0,1990.75
2014-04-17,0.573,0.4813,0.2706,-0.1196,0.3706,확장(Risk-On),1.0,1.0,2001.5
2014-04-21,0.6344,0.7108,0.4009,-0.0241,0.4963,확장(Risk-On),1.0,1.0,2005.0
2014-04-22,0.7866,0.6977,0.5119,-0.0646,0.568,확장(Risk-On),1.0,1.0,2017.75
2014-04-23,0.8092,0.8071,0.6271,0.0327,0.6467,확장(Risk-On),1.0,1.0,2009.75
2014-04-25,0.7296,0.5978,0.5573,-0.0412,0.538,확장(Risk-On),1.0,1.0,1996.0
2014-04-28,0.846,0.8854,0.9083,0.0819,0.7568,확장(Risk-On),1.0,1.0,1998.975
2014-04-30,0.8717,0.7964,1.0754,0.1835,0.8006,확장(Risk-On),1.0,1.0,2018.5
2014-05-01,1.0059,0.7051,0.8888,0.1056,0.7664,확장(Risk-On),1.0,1.0,2017.5
2014-05-02,0.9497,0.755,0.6966,0.0789,0.7071,확장(Risk-On),1.0,1.0,2014.25
2014-05-05,0.993,0.8529,0.6847,0.081,0.7441,확장(Risk-On),1.0,1.0,2019.0
2014-05-06,0.9836,0.5352,0.6788,0.0516,0.6555,확장(Risk-On),1.0,1.0,2005.0
2014-05-07,0.9097,0.4354,0.8211,0.1277,0.6517,확장(Risk-On),1.0,1.0,2009.25
2014-05-08,0.9274,0.632,0.7008,0.2201,0.6908,확장(Risk-On),1.0,1.0,2011.25
2014-05-09,0.9582,0.7648,0.5347,0.2005,0.6903,확장(Risk-On),1.0,1.0,2011.5
2014-05-12,1.277,0.9017,0.5836,0.138,0.839,확장(Risk-On),1.0,1.0,2032.0
2014-05-13,1.265,0.8687,0.4956,0.1728,0.8097,확장(Risk-On),1.0,1.0,2033.75
2014-05-14,1.0027,0.657,0.3911,0.1894,0.6414,확장(Risk-On),1.0,1.0,2023.5
2014-05-15,0.6965,0.2508,0.5129,0.2752,0.476,확장(Risk-On),1.0,1.0,2008.5
2014-05-16,0.6878,0.4355,0.5564,0.2649,0.5285,확장(Risk-On),1.0,1.0,2015.0
2014-05-19,0.8174,0.3926,0.5686,0.2644,0.5661,확장(Risk-On),1.0,1.0,2020.75
2014-05-20,0.645,0.2856,0.4889,0.3655,0.4742,확장(Risk-On),1.0,1.0,2012.5
2014-05-21,0.7518,0.5781,0.5908,0.3094,0.6018,확장(Risk-On),1.0,1.0,2024.5
2014-05-22,0.8147,0.5811,0.4525,0.3644,0.5982,확장(Risk-On),1.0,1.0,2030.0
2014-05-23,0.9176,0.7208,0.2362,0.4159,0.6228,확장(Risk-On),1.0,1.0,2038.25
2014-05-27,1.1489,0.6329,0.5905,0.457,0.7765,확장(Risk-On),1.0,1.0,2046.875
2014-05-28,1.1013,0.5067,0.593,0.4473,0.7275,확장(Risk-On),1.0,1.0,2047.5
2014-05-29,1.1355,0.4936,0.6084,0.4923,0.7468,확장(Risk-On),1.0,1.0,2056.25
2014-05-30,1.0592,0.4615,0.6335,0.5011,0.7196,확장(Risk-On),1.0,1.0,2056.0625
2014-06-02,1.1778,0.5603,0.6316,0.4262,0.7741,확장(Risk-On),1.0,1.0,2061.5
2014-06-03,1.0991,0.684,0.7485,0.3558,0.7962,확장(Risk-On),1.0,1.0,2062.5
2014-06-04,1.2594,0.6648,0.8773,0.3146,0.8735,확장(Risk-On),1.0,1.0,2065.75
2014-06-05,1.3918,0.9493,0.9684,0.3729,1.0225,확장(Risk-On),1.0,1.0,2078.5
2014-06-06,1.4869,1.1614,1.1021,0.4428,1.1527,확장(Risk-On),1.0,1.0,2085.25
2014-06-09,1.5991,0.9428,0.9183,0.407,1.086,확장(Risk-On),1.0,1.0,2088.5
2014-06-10,1.6427,0.9585,0.6827,0.3122,1.0321,확장(Risk-On),1.0,1.0,2089.0
2014-06-11,1.6123,0.6986,0.6303,0.2579,0.9352,확장(Risk-On),1.0,1.0,2084.0
2014-06-12,1.4557,0.4721,0.6138,0.2339,0.8161,확장(Risk-On),1.0,1.0,2070.25
2014-06-13,1.5567,0.5402,0.6888,0.3105,0.8987,확장(Risk-On),1.0,1.0,2075.25
2014-06-16,1.5422,0.4502,0.6937,0.3316,0.8755,확장(Risk-On),1.0,1.0,2076.25
2014-06-17,1.4884,0.6865,0.669,-0.022,0.8565,확장(Risk-On),1.0,1.0,2081.5
2014-06-18,1.8289,0.9874,0.7703,0.3358,1.1299,확장(Risk-On),1.0,1.0,2096.5
2014-06-19,1.738,1.0289,0.5384,0.3107,1.0467,확장(Risk-On),1.0,1.0,2097.25
2014-06-20,1.7499,0.8375,0.5166,0.2796,0.9929,확장(Risk-On),1.0,1.0,2101.5
2014-06-23,1.7753,0.7513,0.3197,0.2148,0.9213,확장(Risk-On),1.0,1.0,2100.5
2014-06-24,1.6336,0.389,0.0965,0.2911,0.7368,확장(Risk-On),1.0,1.0,2090.25
2014-06-25,1.5877,0.4076,0.3543,0.3027,0.7916,확장(Risk-On),1.0,1.0,2097.0
2014-06-26,1.4834,0.3711,0.4321,0.4369,0.7855,확장(Risk-On),1.0,1.0,2096.0
2014-06-27,1.3877,0.4303,0.466,0.3967,0.7693,확장(Risk-On),1.0,1.0,2098.5
2014-06-30,1.5151,0.7684,0.6827,0.5815,0.9803,확장(Risk-On),1.0,1.0,2101.0
2014-07-01,1.6756,0.9833,0.7377,0.5608,1.1008,확장(Risk-On),1.0,1.0,2112.75
2014-07-02,1.8834,1.3132,0.8342,0.4153,1.2584,확장(Risk-On),1.0,1.0,2114.0
2014-07-03,2.0295,1.4901,1.0461,0.4299,1.4088,확장(Risk-On),1.0,1.0,2124.75
2014-07-07,2.0315,1.0948,0.7777,0.5091,1.2555,확장(Risk-On),1.0,1.0,2117.75
2014-07-08,1.8428,0.7574,0.5196,0.4481,1.0314,확장(Risk-On),1.0,1.0,2106.75
2014-07-09,2.0026,0.7799,0.5933,0.4281,1.1084,확장(Risk-On),1.0,1.0,2113.75
2014-07-10,1.6733,0.5431,0.4008,0.5094,0.8981,확장(Risk-On),1.0,1.0,2104.5
2014-07-11,1.7148,0.4804,0.2213,0.4918,0.8494,확장(Risk-On),1.0,1.0,2109.25
2014-07-14,1.6734,0.5308,0.6322,0.37,0.932,확장(Risk-On),1.0,1.0,2118.0
2014-07-15,1.5889,0.6576,0.8003,0.2902,0.9641,확장(Risk-On),1.0,1.0,2115.0
2014-07-16,1.729,0.8814,0.7149,0.1628,1.0287,확장(Risk-On),1.0,1.0,2122.25
2014-07-17,1.1887,0.1037,0.3776,0.3175,0.584,확장(Risk-On),1.0,1.0,2100.25
2014-07-18,1.6512,0.6166,0.1803,0.3232,0.8256,확장(Risk-On),1.0,1.0,2118.0
2014-07-21,1.537,0.4986,0.2599,0.3132,0.7746,확장(Risk-On),1.0,1.0,2113.75
2014-07-22,1.5702,0.5819,0.264,0.3378,0.8117,확장(Risk-On),1.0,1.0,2122.75
2014-07-23,1.6948,0.8676,0.2506,0.4134,0.9347,확장(Risk-On),1.0,1.0,2127.5
2014-07-24,1.7183,0.8676,0.1884,0.39,0.9239,확장(Risk-On),1.0,1.0,2128.0
2014-07-25,1.4064,0.5933,-0.014,0.3561,0.6905,확장(Risk-On),1.0,1.0,2119.125
2014-07-28,1.4419,0.4613,0.1254,0.3432,0.7028,확장(Risk-On),1.0,1.0,2119.75
2014-07-29,1.4771,0.3432,0.1147,0.3287,0.6808,확장(Risk-On),1.0,1.0,2118.375
2014-07-30,1.3002,0.6507,0.0623,0.2258,0.6672,확장(Risk-On),1.0,1.0,2107.875
2014-08-06,0.4624,-0.1789,-0.4824,0.2654,0.0363,중립(Neutral),0.5,1.0,2061.75
2014-08-07,0.4012,-0.2963,-0.5279,0.342,-0.0143,중립(Neutral),0.5,1.0,2055.625
2014-08-08,0.4442,-0.2811,-0.4228,0.3283,0.0287,중립(Neutral),0.5,1.0,2061.375
2014-08-11,0.7463,0.2115,-0.5526,0.3917,0.2347,확장(Risk-On),1.0,1.0,2079.5
2014-08-12,0.5785,0.1705,-0.7504,0.4369,0.123,중립(Neutral),0.5,1.0,2077.0
2014-08-13,0.7115,0.3811,-0.7864,0.5636,0.2322,확장(Risk-On),1.0,1.0,2091.0
2014-08-14,0.8388,0.3308,-0.6851,0.5861,0.2929,확장(Risk-On),1.0,1.0,2100.5
2014-08-15,0.713,0.0173,-0.5933,0.6383,0.2013,확장(Risk-On),1.0,1.0,2099.0
2014-08-18,0.8341,0.2879,-0.5698,0.4279,0.2856,확장(Risk-On),1.0,1.0,2115.0
2014-08-19,0.9923,0.3071,-0.697,0.415,0.3121,확장(Risk-On),1.0,1.0,2124.25
2014-08-20,1.0493,0.4056,-0.6452,0.4103,0.3689,확장(Risk-On),1.0,1.0,2130.5
2014-08-21,1.0791,0.4415,-0.4066,0.4075,0.4475,확장(Risk-On),1.0,1.0,2136.5
2014-08-22,1.0164,0.5323,-0.5451,0.5664,0.4375,확장(Risk-On),1.0,1.0,2133.75
2014-08-25,1.1792,0.8802,-0.3773,0.5652,0.6232,확장(Risk-On),1.0,1.0,2142.25
2014-08-26,1.2003,0.8982,-0.6566,0.5706,0.5661,확장(Risk-On),1.0,1.0,2145.25
2014-08-27,1.248,0.589,-0.5911,0.6443,0.5329,확장(Risk-On),1.0,1.0,2144.25
2014-08-28,1.282,0.6657,-0.7416,0.6169,0.5223,확장(Risk-On),1.0,1.0,2144.25
2014-08-29,1.3415,0.6451,-0.6258,0.6,0.5644,확장(Risk-On),1.0,1.0,2147.25
2014-09-02,1.6192,0.7329,-0.4626,0.4183,0.6971,확장(Risk-On),1.0,1.0,2146.75
2014-09-03,1.6115,0.59,-0.6892,0.6615,0.6384,확장(Risk-On),1.0,1.0,2146.25
2014-09-04,1.4764,0.624,-0.6035,0.5009,0.597,확장(Risk-On),1.0,1.0,2144.5
2014-09-05,1.6164,0.6319,-0.6313,0.4038,0.6264,확장(Risk-On),1.0,1.0,2152.5
2014-09-08,1.3802,0.5598,-0.5567,-0.0413,0.4776,확장(Risk-On),1.0,1.0,2147.75
2014-09-09,1.1531,0.3187,-0.7602,-0.2121,0.2614,확장(Risk-On),1.0,1.0,2134.75
2014-09-10,1.286,0.3293,-0.673,-0.3531,0.3112,확장(Risk-On),1.0,1.0,2141.75
2014-09-11,1.2243,0.3077,-0.7233,-0.3878,0.2664,확장(Risk-On),1.0,1.0,2143.25
2014-09-12,0.9139,0.1746,-0.7245,-0.4509,0.1148,중립(Neutral),0.5,1.0,2131.0
2014-09-15,0.6532,0.0582,-0.7127,-0.2872,0.0219,중립(Neutral),0.5,1.0,2130.5
2014-09-16,0.881,0.4425,-0.5051,-0.1588,0.2689,확장(Risk-On),1.0,1.0,2146.5
2014-09-17,0.94,0.5215,-0.4127,-0.3233,0.3077,확장(Risk-On),1.0,1.0,2148.5
2014-09-18,1.0052,0.7628,-0.2254,-0.4784,0.4144,확장(Risk-On),1.0,1.0,2158.75
2014-09-19,0.9815,0.7185,-0.1854,-0.3861,0.4189,확장(Risk-On),1.0,1.0,2157.5
2014-09-22,0.7163,0.2856,-0.5005,-0.3169,0.1494,중립(Neutral),0.5,1.0,2140.25
2014-09-23,0.5784,0.0476,-0.6877,-0.2075,0.0113,중립(Neutral),0.5,1.0,2135.25
2014-09-24,0.7403,0.3454,-0.5738,-0.3277,0.1528,중립(Neutral),0.5,1.0,2146.0
2014-09-25,0.2795,0.0054,-0.3712,0.1749,0.0326,중립(Neutral),0.5,1.0,2117.0
2014-09-26,0.4542,0.0943,-0.4377,-0.1047,0.0574,중립(Neutral),0.5,1.0,2129.25
2014-09-29,0.4673,-0.1302,-0.3938,0.1298,0.052,중립(Neutral),0.5,1.0,2126.5
2014-09-30,0.3235,-0.1997,-0.4593,0.1085,-0.0352,중립(Neutral),0.5,1.0,2124.5
2014-10-01,-0.091,-0.4739,-0.7704,0.3598,-0.289,수축(Risk-Off),0.0,0.5,2092.75
2014-10-02,-0.019,-0.3613,-0.8574,0.3034,-0.2658,수축(Risk-Off),0.0,0.5,2094.5
2014-10-03,0.273,0.0236,-0.3303,0.2485,0.0561,중립(Neutral),0.5,0.5,2115.25
2014-10-06,0.1324,-0.1619,-0.4579,0.3394,-0.0577,중립(Neutral),0.5,0.5,2110.5
2014-10-07,0.0024,-0.5303,-0.532,0.3691,-0.2094,수축(Risk-Off),0.0,0.5,2087.5
2014-10-08,0.31,-0.205,-0.3246,0.359,0.0299,중립(Neutral),0.5,0.5,2118.0
2014-10-09,-0.111,-0.9281,-0.5171,0.3138,-0.3531,수축(Risk-Off),0.0,0.5,2080.0
2014-10-10,-0.3961,-1.3069,-0.7169,0.3763,-0.5881,수축(Risk-Off),0.0,0.5,2059.75
2014-10-13,-0.8129,-1.8696,-0.9554,0.4259,-0.9269,수축(Risk-Off),0.0,0.5,2020.5
2014-10-14,-0.7254,-1.6803,-0.8507,0.5045,-0.811,수축(Risk-Off),0.0,0.5,2029.5
2014-10-15,-0.9792,-1.8028,-0.4834,0.653,-0.8163,수축(Risk-Off),0.0,0.5,2009.75
2014-10-16,-0.9279,-1.5422,-0.3928,0.6044,-0.7178,수축(Risk-Off),0.0,0.5,2005.0
2014-10-17,-0.555,-1.0802,-0.3505,0.5452,-0.4702,수축(Risk-Off),0.0,0.5,2035.25
2014-10-20,-0.1687,-0.7014,-0.4198,0.4719,-0.2686,수축(Risk-Off),0.0,0.5,2051.75
2014-10-21,0.0914,-0.2649,-0.286,0.4353,-0.0404,중립(Neutral),0.5,0.5,2087.0
2014-10-22,-0.0022,-0.3996,-0.3802,0.4534,-0.1277,중립(Neutral),0.5,0.5,2077.0
2014-10-23,0.1627,-0.0953,-0.2859,0.4396,0.0276,중립(Neutral),0.5,0.5,2099.25
2014-10-24,0.2897,0.0502,-0.2637,0.5418,0.1293,중립(Neutral),0.5,0.5,2112.0
2014-10-27,0.3848,-0.1601,-0.2832,0.5435,0.1054,중립(Neutral),0.5,0.5,2111.75
2014-10-28,0.5015,0.099,-0.1469,0.521,0.2417,확장(Risk-On),1.0,0.5,2134.5
2014-10-29,0.4294,0.0252,-0.0553,0.4847,0.2155,확장(Risk-On),1.0,0.5,2126.75
2014-10-30,0.5643,0.2175,-0.1393,0.5342,0.2972,확장(Risk-On),1.0,0.5,2143.25
2014-10-31,0.8012,0.2559,0.0644,0.4766,0.432,확장(Risk-On),1.0,0.5,2164.5
2014-11-03,0.8206,0.5027,-0.0147,0.28,0.4512,확장(Risk-On),1.0,1.0,2166.0
2014-11-04,0.911,0.4513,0.0957,0.331,0.5053,확장(Risk-On),1.0,1.0,2161.0
2014-11-05,1.0115,0.7906,0.1921,0.1585,0.6235,확장(Risk-On),1.0,1.0,2171.75
2014-11-06,1.2499,0.8564,0.2022,-0.2349,0.6669,확장(Risk-On),1.0,1.0,2180.5
2014-11-07,1.1902,0.9929,-0.1242,-0.0993,0.6189,확장(Risk-On),1.0,1.0,2181.25
2014-11-10,1.3282,0.9029,0.0375,-0.1142,0.6828,확장(Risk-On),1.0,1.0,2187.25
2014-11-11,1.1951,0.8044,-0.1346,-0.1969,0.5562,확장(Risk-On),1.0,1.0,2189.0
2014-11-12,1.1783,0.6101,-0.0632,-0.2647,0.5094,확장(Risk-On),1.0,1.0,2189.0
2014-11-13,1.0896,0.3138,0.0163,-0.0893,0.4505,확장(Risk-On),1.0,1.0,2189.25
2014-11-14,0.9286,0.4349,-0.2269,0.0537,0.3851,확장(Risk-On),1.0,1.0,2190.5
2014-11-17,0.8866,0.2831,-0.2416,0.0922,0.3345,확장(Risk-On),1.0,1.0,2192.75
2014-11-18,0.9092,0.3049,-0.0351,0.2083,0.4169,확장(Risk-On),1.0,1.0,2204.25
2014-11-19,0.8828,0.2759,-0.0526,0.0969,0.3793,확장(Risk-On),1.0,1.0,2201.0
2014-11-20,0.9127,0.1983,-0.217,0.3054,0.3606,확장(Risk-On),1.0,1.0,2204.5
2014-11-21,0.9582,0.2925,-0.3221,0.5046,0.4037,확장(Risk-On),1.0,1.0,2214.25
2014-11-24,0.9667,0.2984,-0.2346,0.4989,0.4291,확장(Risk-On),1.0,1.0,2221.75
2014-11-25,0.8894,0.2662,-0.2902,0.4835,0.3778,확장(Risk-On),1.0,1.0,2221.5
2014-11-26,0.9273,0.2635,-0.2519,0.4893,0.4008,확장(Risk-On),1.0,1.0,2226.0
2014-11-27,0.9402,0.2133,-0.1733,0.4643,0.4087,확장(Risk-On),1.0,1.0,2227.875
2014-11-28,0.8516,-0.0294,-0.1634,0.5084,0.3261,확장(Risk-On),1.0,1.0,2221.25
2014-12-01,0.5856,-0.1102,-0.334,0.5032,0.1694,중립(Neutral),0.5,1.0,2205.25
2014-12-02,0.697,0.2428,-0.2833,0.4274,0.298,확장(Risk-On),1.0,1.0,2219.25
2014-12-03,0.7799,0.2377,-0.3916,0.4103,0.296,확장(Risk-On),1.0,1.0,2227.5
2014-12-04,0.8099,0.3709,-0.0421,0.3695,0.4211,확장(Risk-On),1.0,1.0,2225.25
2014-12-05,0.8612,0.5048,-0.0868,0.289,0.4493,확장(Risk-On),1.0,1.0,2229.75
2014-12-08,0.76,0.1722,-0.2418,0.3345,0.2988,확장(Risk-On),1.0,1.0,2215.0
2014-12-09,0.7408,0.0329,-0.1428,0.3781,0.2885,확장(Risk-On),1.0,1.0,2215.0
2014-12-10,0.4824,-0.2954,-0.111,0.4571,0.1358,중립(Neutral),0.5,1.0,2181.0
2014-12-11,0.554,-0.4199,-0.1846,0.4738,0.1138,중립(Neutral),0.5,1.0,2188.25
2014-12-12,0.1939,-0.7951,-0.25,0.522,-0.1151,중립(Neutral),0.5,1.0,2157.25
2014-12-15,0.1429,-0.7284,-0.2028,0.4911,-0.1091,중립(Neutral),0.5,1.0,2141.5
2014-12-16,-0.0466,-0.9593,-0.1521,0.5319,-0.2144,수축(Risk-Off),0.0,1.0,2131.5
2014-12-17,0.3405,-0.3983,-0.175,0.5179,0.0535,중립(Neutral),0.5,1.0,2167.75
2014-12-18,0.6658,0.1568,0.0026,0.4092,0.3342,확장(Risk-On),1.0,1.0,2208.25
2014-12-19,0.9605,0.3032,0.1822,0.4542,0.5256,확장(Risk-On),1.0,1.0,2234.0
2014-12-22,0.9253,0.7165,0.5586,0.3011,0.6878,확장(Risk-On),1.0,1.0,2231.75
2014-12-23,1.0854,0.8989,0.4633,-0.0499,0.7129,확장(Risk-On),1.0,1.0,2238.75
2014-12-24,1.0798,1.1692,0.4695,-0.0784,0.7758,확장(Risk-On),1.0,1.0,2238.5
2014-12-29,1.3211,0.7476,0.3071,0.2467,0.7631,확장(Risk-On),1.0,1.0,2246.0
2014-12-30,1.1407,0.4426,0.1379,0.283,0.5868,확장(Risk-On),1.0,1.0,2235.75
2014-12-31,0.9861,0.1586,0.1336,0.2562,0.4566,확장(Risk-On),1.0,1.0,2220.25
2015-01-02,0.777,0.3225,-0.2651,0.256,0.3247,확장(Risk-On),1.0,1.0,2208.75
2015-01-05,0.4836,0.0422,-0.6714,0.3722,0.0678,중립(Neutral),0.5,1.0,2175.75
2015-01-06,0.4722,-0.3068,-0.9118,0.4539,-0.0713,중립(Neutral),0.5,1.0,2160.75
2015-01-07,0.6058,-0.1495,-0.9756,0.5256,0.0096,중립(Neutral),0.5,1.0,2176.0
2015-01-08,1.0098,0.4078,-0.8207,0.4595,0.3191,확장(Risk-On),1.0,1.0,2212.75
2015-01-09,0.9367,-0.073,-1.0047,0.5287,0.1377,중립(Neutral),0.5,1.0,2203.0
2015-01-12,0.2151,-0.6241,-1.1404,0.586,-0.2779,수축(Risk-Off),0.0,1.0,2179.0
2015-01-13,0.0099,-0.7171,-1.2115,0.6025,-0.3883,수축(Risk-Off),0.0,1.0,2178.75
2015-01-14,-0.1499,-1.0215,-1.3151,0.6245,-0.5429,수축(Risk-Off),0.0,1.0,2162.0
2015-01-15,-0.2542,-1.323,-1.5488,0.6877,-0.7038,수축(Risk-Off),0.0,1.0,2150.5
2015-01-16,-0.0758,-0.9792,-1.4809,0.6107,-0.5499,수축(Risk-Off),0.0,1.0,2169.75
2015-01-19,-0.1086,-1.0708,-1.6694,0.6424,-0.6267,수축(Risk-Off),0.0,1.0,2169.125
2015-01-20,-0.0252,-0.9165,-1.6558,0.6778,-0.5502,수축(Risk-Off),0.0,1.0,2177.0
2015-01-21,0.0379,-0.6784,-1.664,0.6066,-0.4814,수축(Risk-Off),0.0,1.0,2186.5
2015-01-22,0.2304,-0.2253,-1.6866,0.6147,-0.3051,수축(Risk-Off),0.0,1.0,2215.75
2015-01-23,0.216,-0.1473,-1.6502,0.6692,-0.2734,수축(Risk-Off),0.0,1.0,2207.5
2015-01-26,0.3333,-0.0789,-1.5557,0.6584,-0.1932,중립(Neutral),0.5,1.0,2213.0
2015-01-27,0.1361,-0.3827,-1.6878,0.7114,-0.3633,수축(Risk-Off),0.0,1.0,2185.75
2015-01-28,-0.1219,-0.7876,-1.8431,0.8134,-0.5783,수축(Risk-Off),0.0,1.0,2156.5
2015-01-29,0.2031,-0.4423,-1.6266,0.7651,-0.3314,수축(Risk-Off),0.0,1.0,2175.0
2015-01-30,0.0419,-0.8993,-1.7844,0.8862,-0.5233,수축(Risk-Off),0.0,1.0,2151.25
2015-02-02,-0.0304,-0.7738,-1.6393,0.8604,-0.4849,수축(Risk-Off),0.0,0.0,2174.25
2015-02-03,0.1849,-0.3538,-1.3291,0.7312,-0.2463,수축(Risk-Off),0.0,0.0,2200.25
2015-02-04,0.1563,-0.3492,-1.4811,0.7527,-0.29,수축(Risk-Off),0.0,0.0,2197.5
2015-02-05,0.39,-0.0914,-1.4254,0.7563,-0.1293,중립(Neutral),0.5,0.0,2216.0
2015-02-06,0.3011,0.0934,-1.3966,0.2668,-0.1804,중립(Neutral),0.5,0.0,2204.75
2015-02-09,0.4347,-0.0515,-1.252,0.1831,-0.1462,중립(Neutral),0.5,0.0,2202.5
2015-02-10,0.5475,0.083,-1.1773,0.0594,-0.073,중립(Neutral),0.5,0.0,2225.5
2015-02-11,0.5525,0.0798,-1.0674,0.0243,-0.0499,중립(Neutral),0.5,0.0,2223.75
2015-02-12,0.7625,0.2698,-0.934,0.0941,0.115,중립(Neutral),0.5,0.0,2243.5
2015-02-13,0.7521,0.2458,-0.9174,0.1684,0.1206,중립(Neutral),0.5,0.0,2251.25
2015-02-16,0.5025,0.1985,-0.8021,0.0531,0.0329,중립(Neutral),0.5,0.0,2247.375
2015-02-17,0.5748,0.2338,-0.7438,-0.2808,0.0315,중립(Neutral),0.5,0.0,2255.25
2015-02-18,0.6002,0.2798,-0.6863,-0.0335,0.1034,중립(Neutral),0.5,0.0,2255.75
2015-02-19,0.6056,0.3862,-0.611,-0.2233,0.1222,중립(Neutral),0.5,0.0,2255.25
2015-02-20,0.8264,0.8809,-0.5564,-0.471,0.2997,확장(Risk-On),1.0,0.0,2266.5
2015-02-23,0.9258,0.8288,-0.6788,-0.4303,0.297,확장(Risk-On),1.0,0.0,2262.0
2015-02-24,1.2391,0.9836,-0.6564,-0.2235,0.482,확장(Risk-On),1.0,0.0,2274.0
2015-02-25,1.2449,0.7249,-0.6589,-0.2225,0.4188,확장(Risk-On),1.0,0.0,2269.5
2015-02-26,1.2334,0.5001,-0.8204,-0.2569,0.3131,확장(Risk-On),1.0,0.0,2267.75
2015-02-27,1.1524,0.5769,-0.9029,-0.2143,0.2897,확장(Risk-On),1.0,0.0,2269.875
2015-03-02,0.8916,0.6321,-1.0049,-0.0938,0.2048,확장(Risk-On),1.0,1.0,2274.5
2015-03-03,0.7769,0.4211,-0.9307,-0.2109,0.1129,중립(Neutral),0.5,1.0,2265.5
2015-03-04,0.7031,0.4212,-1.0701,-0.2725,0.043,중립(Neutral),0.5,1.0,2256.0
2015-03-05,0.7555,0.3553,-1.1167,-0.0949,0.0599,중립(Neutral),0.5,1.0,2260.25
2015-03-06,0.2931,0.2126,-1.1975,-0.4279,-0.2078,수축(Risk-Off),0.0,1.0,2228.25
2015-03-09,0.258,0.089,-1.145,-0.2852,-0.2165,수축(Risk-Off),0.0,1.0,2237.25
2015-03-10,-0.1072,-0.2003,-1.2767,-0.1015,-0.422,수축(Risk-Off),0.0,1.0,2201.5
2015-03-11,-0.1118,-0.1895,-1.3049,-0.0652,-0.4225,수축(Risk-Off),0.0,1.0,2199.5
2015-03-12,0.1155,0.1188,-1.152,0.1399,-0.1969,중립(Neutral),0.5,1.0,2223.25
2015-03-13,-0.0222,0.0647,-1.1586,0.0326,-0.2763,수축(Risk-Off),0.0,1.0,2209.5
2015-03-16,0.2511,0.2335,-0.6709,0.1541,0.0016,중립(Neutral),0.5,1.0,2235.25
2015-03-17,0.1991,0.2998,-0.5023,0.199,0.0489,중립(Neutral),0.5,1.0,2233.5
2015-03-18,0.4253,0.4631,-0.4999,0.3465,0.1916,중립(Neutral),0.5,1.0,2260.5
2015-03-19,0.4443,0.2809,-0.7203,0.2797,0.0876,중립(Neutral),0.5,1.0,2249.25
2015-03-20,0.5843,0.5153,-0.3568,0.344,0.2957,확장(Risk-On),1.0,1.0,2266.75
2015-03-23,0.4244,0.5186,-0.072,0.3758,0.3166,확장(Risk-On),1.0,1.0,2262.25
2015-03-24,0.3345,0.449,-0.1374,0.3918,0.2537,확장(Risk-On),1.0,1.0,2252.25
2015-03-25,0.0441,0.2107,-0.2036,0.3556,0.0705,중립(Neutral),0.5,1.0,2221.0
2015-03-26,0.0294,0.3502,-0.0033,0.3516,0.1498,중립(Neutral),0.5,1.0,2215.25
2015-03-27,0.1167,0.3547,0.0912,0.3106,0.1989,중립(Neutral),0.5,1.0,2220.0
2015-03-30,0.4298,0.5806,0.1943,0.3591,0.398,확장(Risk-On),1.0,1.0,2246.25
2015-03-31,0.3672,0.3555,0.1788,0.3928,0.321,확장(Risk-On),1.0,1.0,2229.5
2015-04-01,0.2466,0.2214,-0.0303,0.4339,0.1992,중립(Neutral),0.5,1.0,2216.5
2015-04-02,0.3278,0.3665,0.1782,0.3852,0.3087,확장(Risk-On),1.0,1.0,2229.5
2015-04-06,0.3606,0.3144,0.1978,0.4475,0.3214,확장(Risk-On),1.0,1.0,2237.875
2015-04-07,0.4593,0.436,0.2663,0.402,0.3966,확장(Risk-On),1.0,1.0,2237.5
2015-04-08,0.4911,0.7279,0.4253,0.4274,0.5243,확장(Risk-On),1.0,1.0,2239.75
2015-04-09,0.4241,0.8585,0.2343,0.3619,0.4759,확장(Risk-On),1.0,1.0,2250.25
2015-04-10,0.6426,1.0011,0.4727,0.3581,0.647,확장(Risk-On),1.0,1.0,2261.75
2015-04-13,0.5069,0.5679,0.2727,0.3622,0.4419,확장(Risk-On),1.0,1.0,2253.0
2015-04-14,0.5415,0.4271,0.1373,0.375,0.3869,확장(Risk-On),1.0,1.0,2255.25
2015-04-15,0.658,0.6452,0.1584,0.3616,0.4854,확장(Risk-On),1.0,1.0,2267.75
2015-04-16,0.5931,0.605,0.2337,0.3861,0.4752,확장(Risk-On),1.0,1.0,2265.25
2015-04-17,0.2879,0.3616,0.0513,0.3713,0.2597,확장(Risk-On),1.0,1.0,2240.25
2015-04-20,0.6361,0.5156,0.2367,0.3833,0.4682,확장(Risk-On),1.0,1.0,2260.5
2015-04-21,0.6055,0.4337,0.0227,0.4225,0.3894,확장(Risk-On),1.0,1.0,2257.0
2015-04-22,0.7165,0.5792,0.1028,0.3547,0.4745,확장(Risk-On),1.0,1.0,2268.25
2015-04-23,0.6514,0.663,-0.044,0.3536,0.4358,확장(Risk-On),1.0,1.0,2276.0
2015-04-24,0.704,0.6075,0.158,0.4705,0.5084,확장(Risk-On),1.0,1.0,2279.0
2015-04-27,0.5437,0.3916,-0.0339,0.4262,0.3436,확장(Risk-On),1.0,1.0,2268.5
2015-04-28,0.5897,0.462,-0.1562,0.2642,0.3225,확장(Risk-On),1.0,1.0,2273.5
2015-04-29,0.4983,0.3858,0.0675,-0.1342,0.2676,확장(Risk-On),1.0,1.0,2266.0
2015-04-30,0.2942,0.0733,0.0138,-0.0138,0.1227,중립(Neutral),0.5,1.0,2248.75
2015-05-01,0.4587,0.3966,0.0507,-0.3319,0.2226,확장(Risk-On),1.0,0.5,2268.25
2015-05-04,0.4511,0.3319,0.0434,-0.2115,0.22,확장(Risk-On),1.0,0.5,2275.75
2015-05-05,0.1067,0.073,-0.0971,-0.3535,-0.0217,중립(Neutral),0.5,0.5,2251.25
2015-05-06,0.0011,0.1126,-0.026,-0.4922,-0.0518,중립(Neutral),0.5,0.5,2241.75
2015-05-07,0.1861,0.0107,0.1565,-0.3847,0.0492,중립(Neutral),0.5,0.5,2251.0
2015-05-08,0.3719,0.3551,0.2652,-0.2488,0.2479,확장(Risk-On),1.0,0.5,2278.75
2015-05-11,0.2442,0.2803,0.1544,-0.6858,0.0913,중립(Neutral),0.5,0.5,2268.25
2015-05-12,0.2981,0.2565,0.1339,-0.575,0.1157,중립(Neutral),0.5,0.5,2262.5
2015-05-13,0.2754,0.2578,0.2022,-0.5822,0.1241,중립(Neutral),0.5,0.5,2260.75
2015-05-14,0.3716,0.4523,0.2845,-0.3404,0.2632,확장(Risk-On),1.0,0.5,2284.0
2015-05-15,0.4577,0.3587,0.368,0.1147,0.3591,확장(Risk-On),1.0,0.5,2285.0
2015-05-18,0.4516,0.3894,0.3026,-0.4081,0.2699,확장(Risk-On),1.0,0.5,2293.0
2015-05-19,0.5521,0.6006,0.5053,-0.6378,0.374,확장(Risk-On),1.0,0.5,2291.25
2015-05-20,0.5667,0.6556,0.5237,-0.4988,0.4184,확장(Risk-On),1.0,0.5,2291.0
2015-05-21,0.6679,0.6254,0.4789,-0.1621,0.4855,확장(Risk-On),1.0,0.5,2296.25
2015-05-22,0.7225,0.7761,0.5456,-0.1846,0.5556,확장(Risk-On),1.0,0.5,2292.25
2015-05-25,0.8135,0.6596,0.3711,-0.0728,0.5315,확장(Risk-On),1.0,0.5,2291.625
2015-05-26,0.4757,0.2224,0.1837,0.0263,0.272,확장(Risk-On),1.0,0.5,2269.0
2015-05-27,0.8031,0.5016,0.2657,0.0146,0.4751,확장(Risk-On),1.0,0.5,2291.0
2015-05-28,0.6331,0.5869,0.2973,0.0661,0.4526,확장(Risk-On),1.0,0.5,2286.25
2015-05-29,0.6439,0.5196,0.1257,0.0216,0.3899,확장(Risk-On),1.0,0.5,2274.0
2015-06-01,0.5826,0.3831,0.0356,-0.2064,0.2776,확장(Risk-On),1.0,1.0,2276.0
2015-06-02,0.3509,0.4846,0.2494,-0.5315,0.2266,확장(Risk-On),1.0,1.0,2275.0
2015-06-03,0.4043,0.8701,0.569,-0.7055,0.3955,확장(Risk-On),1.0,1.0,2279.75
2015-06-04,0.2102,0.5133,0.6114,-0.5862,0.2668,확장(Risk-On),1.0,1.0,2258.5
2015-06-05,0.2792,0.6795,0.4904,-0.792,0.2714,확장(Risk-On),1.0,1.0,2258.0
2015-06-08,0.141,0.2182,0.3409,-1.0633,0.0296,중립(Neutral),0.5,1.0,2248.25
2015-06-09,0.0891,0.4825,0.4949,-1.163,0.1011,중립(Neutral),0.5,1.0,2247.25
2015-06-10,0.3775,0.9843,0.8072,-1.1102,0.4135,확장(Risk-On),1.0,1.0,2272.5
2015-06-11,0.2441,0.8814,0.6465,-0.5828,0.38,확장(Risk-On),1.0,1.0,2274.5
2015-06-12,0.1578,0.6845,0.5193,-0.7806,0.2391,확장(Risk-On),1.0,1.0,2261.0
2015-06-15,-0.0122,0.3369,0.5106,-0.7176,0.1,중립(Neutral),0.5,1.0,2250.75
2015-06-16,0.1406,0.3925,0.6425,-0.5811,0.2208,확장(Risk-On),1.0,1.0,2262.0
2015-06-17,0.21,0.409,0.579,-0.5742,0.2344,확장(Risk-On),1.0,1.0,2267.75
2015-06-18,0.4092,0.8073,0.7071,-0.7488,0.4095,확장(Risk-On),1.0,1.0,2287.5
2015-06-19,0.4605,0.4618,0.7306,-0.5695,0.3739,확장(Risk-On),1.0,1.0,2280.0
2015-06-22,0.4176,0.8885,0.9008,-0.9248,0.4548,확장(Risk-On),1.0,1.0,2289.5
2015-06-23,0.4739,1.0593,0.6712,-0.9558,0.4551,확장(Risk-On),1.0,1.0,2291.25
2015-06-24,0.3017,0.7589,0.6376,-0.72,0.3467,확장(Risk-On),1.0,1.0,2276.5
2015-06-25,0.242,0.6889,0.4998,-0.5785,0.2951,확장(Risk-On),1.0,1.0,2269.5
2015-06-26,0.2112,0.7804,0.6097,-0.3692,0.366,확장(Risk-On),1.0,1.0,2267.5
2015-06-29,-0.1757,-0.2129,0.2308,-0.1052,-0.0728,중립(Neutral),0.5,1.0,2227.75
2015-06-30,0.0034,-0.09,0.3598,-0.105,0.0529,중립(Neutral),0.5,1.0,2233.75
2015-07-01,0.0893,0.2533,0.2156,-0.1588,0.1247,중립(Neutral),0.5,0.5,2242.5
2015-07-02,0.1006,0.0688,0.2054,-0.1273,0.0847,중립(Neutral),0.5,0.5,2244.75
2015-07-03,0.0853,-0.0547,-0.0391,-0.0635,-0.0031,중립(Neutral),0.5,0.5,2239.875
2015-07-06,-0.2136,-0.0658,0.1657,-0.0368,-0.0553,중립(Neutral),0.5,0.5,2233.75
2015-07-07,-0.0151,0.0093,0.2472,0.09,0.0723,중립(Neutral),0.5,0.5,2247.5
2015-07-08,-0.3478,-0.4485,-0.0286,0.0482,-0.2338,수축(Risk-Off),0.0,0.5,2216.5
2015-07-09,-0.1911,-0.3747,-0.0793,0.0236,-0.1769,중립(Neutral),0.5,0.5,2224.25
2015-07-10,-0.0202,0.0079,-0.0353,-0.121,-0.032,중립(Neutral),0.5,0.5,2247.5
2015-07-13,0.1649,0.4018,0.1229,-0.3659,0.134,중립(Neutral),0.5,0.5,2268.5
2015-07-14,0.2582,0.5346,0.3236,-0.314,0.2578,확장(Risk-On),1.0,0.5,2278.0
2015-07-15,0.209,0.4289,0.2268,-0.1225,0.2187,확장(Risk-On),1.0,0.5,2275.0
2015-07-16,0.3598,0.608,0.2311,-0.0654,0.3259,확장(Risk-On),1.0,0.5,2292.25
2015-07-17,0.4525,0.6671,0.2194,-0.0887,0.3667,확장(Risk-On),1.0,0.5,2294.5
2015-07-20,0.6112,0.6581,0.4832,-0.0597,0.4903,확장(Risk-On),1.0,0.5,2296.25
2015-07-21,0.4459,0.636,0.5703,-0.0097,0.4562,확장(Risk-On),1.0,0.5,2288.75
2015-07-22,0.3983,0.9008,0.7059,-0.0023,0.5407,확장(Risk-On),1.0,0.5,2279.75
2015-07-23,0.5656,0.6794,0.7156,0.0145,0.5489,확장(Risk-On),1.0,0.5,2269.25
2015-07-24,0.2664,0.3734,0.4688,0.1432,0.3253,확장(Risk-On),1.0,0.5,2248.25
2015-07-27,-0.0318,-0.0146,0.5753,0.1478,0.1512,중립(Neutral),0.5,0.5,2233.25
2015-07-28,0.3276,0.3437,0.7206,0.0703,0.3913,확장(Risk-On),1.0,0.5,2261.25
2015-07-29,0.4384,0.5797,0.8396,0.047,0.5153,확장(Risk-On),1.0,0.5,2277.0
2015-07-30,0.5142,0.6054,0.712,0.0058,0.5102,확장(Risk-On),1.0,0.5,2277.5
2015-07-31,0.4098,0.7198,0.7799,0.1145,0.5355,확장(Risk-On),1.0,0.5,2271.25
2015-08-03,0.5021,0.4391,0.7759,0.1108,0.4961,확장(Risk-On),1.0,1.0,2263.25
2015-08-04,0.3401,0.5593,0.8669,0.0212,0.4788,확장(Risk-On),1.0,1.0,2259.5
2015-08-05,0.4947,0.4439,0.778,-0.1463,0.4567,확장(Risk-On),1.0,1.0,2270.0
2015-08-06,0.2139,0.1834,0.698,-0.0599,0.2862,확장(Risk-On),1.0,1.0,2254.75
2015-08-07,0.0929,0.2097,0.6773,-0.0643,0.2446,확장(Risk-On),1.0,1.0,2246.25
2015-08-10,0.1989,0.3651,0.7897,-0.1259,0.3395,확장(Risk-On),1.0,1.0,2272.25
2015-08-11,-0.0237,-0.027,0.5256,-0.0756,0.105,중립(Neutral),0.5,1.0,2253.75
2015-08-12,0.0153,-0.1138,0.317,-0.0252,0.0524,중립(Neutral),0.5,1.0,2256.0
2015-08-13,-0.0526,0.0564,0.3786,-0.0219,0.0871,중립(Neutral),0.5,1.0,2254.5
2015-08-14,0.0638,0.0982,0.4907,-0.0677,0.1594,중립(Neutral),0.5,1.0,2263.25
2015-08-17,0.3215,0.2203,0.4548,-0.0433,0.2748,확장(Risk-On),1.0,1.0,2272.25
2015-08-18,0.3646,0.1009,0.3544,-0.099,0.2266,확장(Risk-On),1.0,1.0,2268.5
2015-08-19,0.269,-0.2126,0.0727,-0.0704,0.0486,중립(Neutral),0.5,1.0,2257.5
2015-08-20,-0.1027,-0.8537,-0.1532,-0.0194,-0.2906,수축(Risk-Off),0.0,1.0,2213.5
2015-08-21,-0.7598,-1.7179,-0.2875,0.0246,-0.7636,수축(Risk-Off),0.0,1.0,2154.25
2015-08-24,-1.34,-2.425,-0.1657,-0.0167,-1.1192,수축(Risk-Off),0.0,1.0,2078.25
2015-08-25,-1.4581,-2.0905,-0.3488,-0.0632,-1.1296,수축(Risk-Off),0.0,1.0,2052.5
2015-08-26,-0.9724,-1.4943,0.0089,-0.1007,-0.7268,수축(Risk-Off),0.0,1.0,2109.25
2015-08-27,-0.6269,-1.1768,-0.0406,-0.0425,-0.5301,수축(Risk-Off),0.0,1.0,2151.25
2015-08-28,-0.6327,-1.1071,-0.1208,-0.0432,-0.5349,수축(Risk-Off),0.0,1.0,2152.0
2015-08-31,-0.6997,-1.3573,-0.282,-0.0684,-0.665,수축(Risk-Off),0.0,1.0,2148.375
2015-09-02,-0.8448,-1.2639,-0.198,-0.1161,-0.6786,수축(Risk-Off),0.0,0.0,2118.25
2015-09-03,-0.8875,-1.195,-0.2052,-0.1217,-0.6789,수축(Risk-Off),0.0,0.0,2128.25
2015-09-04,-1.0055,-1.4819,-0.2068,-0.0939,-0.7882,수축(Risk-Off),0.0,0.0,2098.75
2015-09-07,-0.9329,-1.2796,-0.0662,-0.1016,-0.6782,수축(Risk-Off),0.0,0.0,2107.625
2015-09-08,-0.7258,-1.0219,0.0566,-0.1197,-0.5133,수축(Risk-Off),0.0,0.0,2142.25
2015-09-09,-0.9115,-1.2745,0.0633,-0.0229,-0.6253,수축(Risk-Off),0.0,0.0,2110.75
2015-09-10,-0.7673,-1.0122,0.1386,-0.1003,-0.502,수축(Risk-Off),0.0,0.0,2126.0
2015-09-11,-0.7178,-0.8566,0.2626,-0.1264,-0.4187,수축(Risk-Off),0.0,0.0,2135.0
2015-09-14,-0.6099,-0.56,0.2662,-0.2588,-0.3257,수축(Risk-Off),0.0,0.0,2127.25
2015-09-15,-0.2211,-0.2651,0.2981,-0.5576,-0.1528,중립(Neutral),0.5,0.0,2155.5
2015-09-16,-0.1323,0.3227,0.2856,-0.6631,0.0063,중립(Neutral),0.5,0.0,2170.75
2015-09-17,0.0862,-0.0142,0.2064,-0.0308,0.0736,중립(Neutral),0.5,0.0,2163.25
2015-09-18,-0.0511,-0.5279,-0.0291,0.1843,-0.1295,중립(Neutral),0.5,0.0,2130.75
2015-09-21,-0.2322,-0.4753,-0.0765,0.1388,-0.1984,중립(Neutral),0.5,0.0,2145.125
2015-09-22,-0.4781,-0.7398,-0.2102,0.2324,-0.37,수축(Risk-Off),0.0,0.0,2114.75
2015-09-23,-0.4859,-0.5753,-0.2331,0.2575,-0.3335,수축(Risk-Off),0.0,0.0,2114.75
2015-09-24,-0.553,-0.6708,-0.3876,0.2433,-0.4217,수축(Risk-Off),0.0,0.0,2108.75
2015-09-25,-0.5821,-0.8085,-0.4575,0.1499,-0.4977,수축(Risk-Off),0.0,0.0,2107.75
2015-09-28,-0.8073,-1.1997,-0.6797,0.3277,-0.7033,수축(Risk-Off),0.0,0.0,2058.25
2015-09-29,-0.7026,-1.1471,-0.703,0.3709,-0.6528,수축(Risk-Off),0.0,0.0,2060.5
2015-09-30,-0.4529,-0.8871,-0.5455,0.3826,-0.4593,수축(Risk-Off),0.0,0.0,2095.0
2015-10-01,-0.4672,-0.7711,-0.54,0.3337,-0.4412,수축(Risk-Off),0.0,0.0,2099.0
2015-10-02,-0.3819,-0.5788,-0.431,0.3149,-0.3389,수축(Risk-Off),0.0,0.0,2124.5
2015-10-05,-0.0584,-0.335,-0.4709,0.3273,-0.1728,중립(Neutral),0.5,0.0,2162.5
2015-10-06,-0.081,-0.4457,-0.5403,0.4122,-0.213,수축(Risk-Off),0.0,0.0,2155.5
2015-10-07,-0.0238,-0.3181,-0.4955,0.3349,-0.1615,중립(Neutral),0.5,0.0,2171.0
2015-10-08,0.1045,-0.2183,-0.3383,0.249,-0.0652,중립(Neutral),0.5,0.0,2190.75
2015-10-09,-0.0423,-0.1269,-0.4035,0.2777,-0.1058,중립(Neutral),0.5,0.0,2193.0
2015-10-12,-0.0918,-0.0201,-0.4251,0.3238,-0.0948,중립(Neutral),0.5,0.0,2193.25
2015-10-13,-0.0556,-0.2692,-0.4555,0.2944,-0.1565,중립(Neutral),0.5,0.0,2181.25
2015-10-14,-0.1215,-0.5097,-0.509,0.369,-0.2419,수축(Risk-Off),0.0,0.0,2169.75
2015-10-15,0.0291,-0.1032,-0.3315,0.3028,-0.0531,중립(Neutral),0.5,0.0,2201.25
2015-10-16,0.1734,0.0686,-0.3126,0.2731,0.0406,중립(Neutral),0.5,0.0,2209.25
2015-10-19,0.2041,0.0248,-0.3372,0.331,0.043,중립(Neutral),0.5,0.0,2210.75
2015-10-20,0.2223,0.1212,-0.2945,0.3761,0.0909,중립(Neutral),0.5,0.0,2209.0
2015-10-21,0.1595,0.0886,-0.3401,0.54,0.0739,중립(Neutral),0.5,0.0,2195.75
2015-10-22,0.4568,0.2729,-0.4133,0.4844,0.1974,중립(Neutral),0.5,0.0,2230.5
2015-10-23,0.6231,0.2886,-0.4474,0.3874,0.2365,확장(Risk-On),1.0,0.0,2254.5
2015-10-26,0.4959,0.1017,-0.4043,0.2585,0.1367,중립(Neutral),0.5,0.0,2247.5
2015-10-27,0.4075,0.0347,-0.4085,0.4105,0.1108,중립(Neutral),0.5,0.0,2245.75
2015-10-28,0.5213,0.3365,-0.127,0.3202,0.2829,확장(Risk-On),1.0,0.0,2269.0
2015-11-02,0.5794,0.9427,0.3011,-0.0212,0.5106,확장(Risk-On),1.0,1.0,2280.75
2015-11-03,0.7534,0.9243,0.5006,-0.1767,0.5934,확장(Risk-On),1.0,1.0,2287.0
2015-11-04,0.7753,0.6438,0.2319,-0.4432,0.4238,확장(Risk-On),1.0,1.0,2280.5
2015-11-05,0.9968,0.6927,0.2565,-0.4694,0.5158,확장(Risk-On),1.0,1.0,2279.75
2015-11-06,1.0593,0.88,0.3381,-1.0859,0.5124,확장(Risk-On),1.0,1.0,2276.5
2015-11-09,0.5599,0.451,0.2651,-0.8578,0.2463,확장(Risk-On),1.0,1.0,2254.25
2015-11-10,0.5636,0.5635,0.1903,-0.675,0.2844,확장(Risk-On),1.0,1.0,2260.5
2015-11-11,0.5404,0.5539,0.307,-0.7529,0.2915,확장(Risk-On),1.0,1.0,2257.0
2015-11-12,0.3263,0.2672,0.3246,-0.5787,0.1753,중립(Neutral),0.5,1.0,2234.5
2015-11-13,0.1058,0.1286,0.2485,-0.4639,0.0617,중립(Neutral),0.5,1.0,2203.75
2015-11-16,0.2731,0.2158,0.2955,-0.4041,0.1628,중립(Neutral),0.5,1.0,2232.25
2015-11-17,0.2673,0.0005,0.1116,-0.3223,0.0732,중립(Neutral),0.5,1.0,2230.0
2015-11-18,0.5395,0.4644,0.2759,-0.3844,0.3162,확장(Risk-On),1.0,1.0,2259.75
2015-11-19,0.5726,0.3823,0.2322,-0.4599,0.2851,확장(Risk-On),1.0,1.0,2265.5
2015-11-20,0.5587,0.5419,0.0973,-0.339,0.3045,확장(Risk-On),1.0,1.0,2269.75
2015-11-23,0.4711,0.5886,0.115,-0.3367,0.2903,확장(Risk-On),1.0,1.0,2269.5
2015-11-24,0.4296,0.358,0.0612,-0.2982,0.2104,확장(Risk-On),1.0,1.0,2270.0
2015-11-25,0.4659,0.3449,0.0722,-0.0988,0.2525,확장(Risk-On),1.0,1.0,2273.75
2015-11-26,0.4637,0.4999,0.219,0.1544,0.3652,확장(Risk-On),1.0,1.0,2280.125
2015-11-27,0.3565,0.7365,0.3971,0.2769,0.4497,확장(Risk-On),1.0,1.0,2275.75
2015-11-30,0.3048,0.4191,0.2951,0.3196,0.3332,확장(Risk-On),1.0,1.0,2267.75
2015-12-01,0.5381,0.7458,0.5481,0.3463,0.5637,확장(Risk-On),1.0,1.0,2285.25
2015-12-02,0.378,0.6902,0.5437,0.234,0.4759,확장(Risk-On),1.0,1.0,2267.25
2015-12-03,0.1468,0.4333,0.8617,0.0582,0.3839,확장(Risk-On),1.0,1.0,2236.5
2015-12-04,0.4769,0.876,0.7791,0.1362,0.6011,확장(Risk-On),1.0,1.0,2273.5
2015-12-07,0.6015,1.1959,0.9252,0.2165,0.7733,확장(Risk-On),1.0,1.0,2266.5
2015-12-08,0.5241,0.9353,0.7698,0.204,0.6403,확장(Risk-On),1.0,1.0,2243.5
2015-12-09,0.396,0.4283,0.693,0.212,0.4507,확장(Risk-On),1.0,1.0,2227.5
2015-12-10,0.4535,0.549,0.6278,0.1219,0.4712,확장(Risk-On),1.0,1.0,2234.0
2015-12-11,0.097,-0.2944,0.5001,0.2135,0.1174,중립(Neutral),0.5,1.0,2194.75
2015-12-14,-0.0741,-0.2558,0.5306,0.0498,0.0503,중립(Neutral),0.5,1.0,2205.0
2015-12-15,0.0561,0.0796,0.611,0.0456,0.1991,중립(Neutral),0.5,1.0,2232.0
2015-12-16,0.2774,0.4555,0.5073,-0.1553,0.3145,확장(Risk-On),1.0,1.0,2257.5
2015-12-17,-0.1417,0.0903,0.2368,0.0411,0.0384,중립(Neutral),0.5,1.0,2218.75
2015-12-21,-0.3758,0.0388,0.1876,-0.0041,-0.0756,중립(Neutral),0.5,1.0,2205.25
2015-12-22,-0.1919,0.4016,0.4152,-0.0436,0.1305,중립(Neutral),0.5,1.0,2224.75
2015-12-23,-0.0027,0.7597,0.6151,-0.073,0.3318,확장(Risk-On),1.0,1.0,2246.75
2015-12-28,0.1278,0.3236,0.4912,0.0546,0.2566,확장(Risk-On),1.0,1.0,2241.25
2015-12-29,0.1841,0.5052,0.5648,-0.2241,0.2983,확장(Risk-On),1.0,1.0,2265.25
2015-12-30,0.0611,0.4657,0.5654,-0.3512,0.2265,확장(Risk-On),1.0,1.0,2249.75
2015-12-31,-0.0916,0.2909,0.4536,-0.2119,0.1223,중립(Neutral),0.5,1.0,2231.5
2016-01-04,-0.267,-0.164,0.099,-0.0089,-0.111,중립(Neutral),0.5,0.5,2180.75
2016-01-05,-0.2402,0.329,0.0855,-0.3303,-0.03,중립(Neutral),0.5,0.5,2202.0
2016-01-06,-0.3193,0.0936,-0.0687,0.0028,-0.1051,중립(Neutral),0.5,0.5,2177.25
2016-01-07,-0.6815,-0.6695,-0.4272,0.0273,-0.5086,수축(Risk-Off),0.0,0.5,2130.5
2016-01-08,-0.8659,-1.0257,-0.3785,0.0539,-0.6461,수축(Risk-Off),0.0,0.5,2105.5
2016-01-11,-1.0847,-0.8334,-0.3925,-0.033,-0.6911,수축(Risk-Off),0.0,0.5,2112.5
2016-01-12,-0.8347,-0.7362,-0.5305,-0.0149,-0.611,수축(Risk-Off),0.0,0.5,2125.5
2016-01-13,-1.1242,-1.1565,-0.7339,0.1436,-0.8445,수축(Risk-Off),0.0,0.5,2076.5
2016-01-14,-0.8595,-1.0522,-0.4959,0.1755,-0.6615,수축(Risk-Off),0.0,0.5,2107.0
2016-01-15,-1.0826,-1.5362,-0.6407,0.2456,-0.8863,수축(Risk-Off),0.0,0.5,2064.25
2016-01-18,-1.2191,-1.6785,-0.5872,0.2516,-0.9554,수축(Risk-Off),0.0,0.5,2066.125
2016-01-19,-1.3056,-1.5856,-0.6131,0.2399,-0.9706,수축(Risk-Off),0.0,0.5,2058.0
2016-01-20,-1.3024,-1.7502,-0.6807,0.3083,-1.0173,수축(Risk-Off),0.0,0.5,2055.25
2016-01-21,-1.2838,-1.6105,-0.7323,0.2841,-0.9924,수축(Risk-Off),0.0,0.5,2056.0
2016-01-22,-1.0035,-1.0993,-0.6261,0.2131,-0.7506,수축(Risk-Off),0.0,0.5,2088.25
2016-01-25,-1.2001,-1.138,-0.6568,0.2053,-0.8379,수축(Risk-Off),0.0,0.5,2064.5
2016-01-26,-0.933,-0.999,-0.6992,0.2398,-0.7152,수축(Risk-Off),0.0,0.5,2090.5
2016-01-27,-0.9995,-0.9862,-0.7863,0.3017,-0.7477,수축(Risk-Off),0.0,0.5,2069.75
2016-01-28,-0.7863,-1.0808,-0.7038,0.3069,-0.6753,수축(Risk-Off),0.0,0.5,2078.0
2016-01-29,-0.6069,-0.786,-0.7914,0.4164,-0.5443,수축(Risk-Off),0.0,0.5,2123.0
2016-02-01,-0.4105,-0.4675,-0.75,0.3233,-0.3996,수축(Risk-Off),0.0,0.0,2126.0
2016-02-02,-0.5327,-0.781,-0.8015,0.4038,-0.5215,수축(Risk-Off),0.0,0.0,2092.25
2016-02-03,-0.4908,-0.8156,-0.699,0.5017,-0.4752,수축(Risk-Off),0.0,0.0,2100.5
2016-02-04,-0.5138,-0.9408,-0.6662,0.5525,-0.4987,수축(Risk-Off),0.0,0.0,2102.5
2016-02-05,-0.7582,-1.0212,-0.9577,0.449,-0.6927,수축(Risk-Off),0.0,0.0,2067.75
2016-02-08,-0.8339,-1.2775,-1.0996,0.4633,-0.8166,수축(Risk-Off),0.0,0.0,2041.75
2016-02-09,-0.7182,-1.3146,-0.9503,0.5321,-0.7378,수축(Risk-Off),0.0,0.0,2043.0
2016-02-10,-0.7352,-1.3073,-1.0682,0.5052,-0.7754,수축(Risk-Off),0.0,0.0,2039.25
2016-02-11,-0.8775,-1.489,-0.9016,0.5933,-0.8158,수축(Risk-Off),0.0,0.0,2018.5
2016-02-12,-0.6249,-1.215,-1.2126,0.4718,-0.7549,수축(Risk-Off),0.0,0.0,2053.0
2016-02-15,-0.4819,-1.4029,-1.1589,0.4624,-0.7398,수축(Risk-Off),0.0,0.0,2077.125
2016-02-16,-0.4641,-1.2311,-0.9817,0.3942,-0.6565,수축(Risk-Off),0.0,0.0,2086.0
2016-02-17,-0.3453,-0.8299,-0.8529,0.2907,-0.498,수축(Risk-Off),0.0,0.0,2117.0
2016-02-18,-0.3136,-0.864,-1.0952,0.3605,-0.5455,수축(Risk-Off),0.0,0.0,2108.5
2016-02-19,-0.3691,-0.7669,-1.0124,0.3325,-0.5241,수축(Risk-Off),0.0,0.0,2108.5
2016-02-22,-0.1113,-0.5663,-0.8322,0.2634,-0.3491,수축(Risk-Off),0.0,0.0,2135.5
2016-02-23,-0.4209,-0.9146,-1.0865,0.3689,-0.5923,수축(Risk-Off),0.0,0.0,2111.75
2016-02-24,-0.2648,-0.987,-1.0517,0.3517,-0.5496,수축(Risk-Off),0.0,0.0,2122.0
2016-02-25,-0.1307,-0.8615,-1.0279,0.4482,-0.4508,수축(Risk-Off),0.0,0.0,2144.0
2016-02-26,-0.0803,-0.7209,-0.9978,0.3965,-0.3983,수축(Risk-Off),0.0,0.0,2139.0
2016-02-29,-0.3479,-0.7381,-1.1408,0.4245,-0.5278,수축(Risk-Off),0.0,0.0,2122.5
2016-03-01,0.1427,-0.1784,-0.9241,0.1294,-0.2063,수축(Risk-Off),0.0,0.0,2169.0
2016-03-02,0.2038,-0.0194,-1.0719,-0.2643,-0.2411,수축(Risk-Off),0.0,0.0,2178.0
2016-03-03,0.3359,-0.0178,-1.0594,-0.3269,-0.2008,수축(Risk-Off),0.0,0.0,2185.0
2016-03-04,0.3704,0.0268,-1.0246,-0.5163,-0.1973,중립(Neutral),0.5,0.0,2190.75
2016-03-07,0.3972,-0.0297,-1.0377,-0.4772,-0.1994,중립(Neutral),0.5,0.0,2195.0
2016-03-08,0.1398,-0.249,-1.0852,-0.1913,-0.3133,수축(Risk-Off),0.0,0.0,2173.0
2016-03-09,0.1997,-0.2717,-1.0008,-0.2404,-0.2843,수축(Risk-Off),0.0,0.0,2182.25
2016-03-10,0.1146,-0.2088,-0.9909,-0.4943,-0.334,수축(Risk-Off),0.0,0.0,2181.25
2016-03-11,0.2976,0.039,-0.6166,-0.5179,-0.1179,중립(Neutral),0.5,0.0,2215.5
2016-03-14,0.143,-0.0567,-0.6104,-0.5603,-0.2008,수축(Risk-Off),0.0,0.0,2213.5
2016-03-15,0.1901,0.0442,-0.3402,-0.5391,-0.0883,중립(Neutral),0.5,0.0,2210.5
2016-03-16,0.2953,0.1483,-0.4683,-0.2625,-0.016,중립(Neutral),0.5,0.0,2221.0
2016-03-17,0.4095,0.2956,-0.0572,-0.2424,0.1666,중립(Neutral),0.5,0.0,2234.75
2016-03-18,0.4631,0.571,0.1211,-0.0965,0.3206,확장(Risk-On),1.0,0.0,2242.0
2016-03-21,0.58,0.6607,0.2129,-0.3542,0.3683,확장(Risk-On),1.0,0.0,2247.0
2016-03-22,0.6003,0.6503,0.0866,-0.3119,0.3475,확장(Risk-On),1.0,0.0,2247.25
2016-03-23,0.5736,0.4859,0.1166,0.0127,0.3533,확장(Risk-On),1.0,0.0,2233.5
2016-03-24,0.6066,0.7478,0.3083,-0.0501,0.4688,확장(Risk-On),1.0,0.0,2233.0
2016-03-28,0.5774,0.551,0.3366,0.5008,0.4991,확장(Risk-On),1.0,0.0,2232.625
2016-03-29,0.6121,0.6979,0.3196,0.6053,0.5594,확장(Risk-On),1.0,0.0,2250.75
2016-03-30,0.8086,0.7798,0.6247,0.6192,0.727,확장(Risk-On),1.0,0.0,2264.25
2016-03-31,0.7435,0.7545,0.6604,0.6373,0.7095,확장(Risk-On),1.0,0.0,2256.0
2016-04-01,0.7678,0.9609,0.7646,0.6424,0.7965,확장(Risk-On),1.0,1.0,2266.0
2016-04-04,0.8528,0.6711,0.6895,0.6207,0.7317,확장(Risk-On),1.0,1.0,2262.5
2016-04-05,0.7135,0.3972,0.6904,0.6646,0.6213,확장(Risk-On),1.0,1.0,2244.0
2016-04-06,0.6624,0.6384,0.7746,0.6069,0.6761,확장(Risk-On),1.0,1.0,2263.75
2016-04-07,0.4656,0.3001,0.681,0.6548,0.5065,확장(Risk-On),1.0,1.0,2240.25
2016-04-08,0.569,0.3107,0.5789,0.6514,0.5193,확장(Risk-On),1.0,1.0,2245.0
2016-04-11,0.4078,0.0769,0.5426,0.6553,0.3959,확장(Risk-On),1.0,1.0,2238.75
2016-04-12,0.5154,0.3233,0.5897,0.5929,0.4976,확장(Risk-On),1.0,1.0,2258.5
2016-04-13,0.5855,0.6991,0.7817,0.6089,0.6665,확장(Risk-On),1.0,1.0,2280.0
2016-04-14,0.5624,0.7491,0.7178,0.5398,0.6445,확장(Risk-On),1.0,1.0,2280.25
2016-04-15,0.5685,0.7967,0.6348,0.5828,0.6443,확장(Risk-On),1.0,1.0,2279.75
2016-04-18,0.8573,1.0064,1.0667,0.5486,0.9006,확장(Risk-On),1.0,1.0,2291.25
2016-04-19,0.9601,1.276,1.268,0.5443,1.0537,확장(Risk-On),1.0,1.0,2299.5
2016-04-20,1.1317,1.3797,1.1367,0.4735,1.0962,확장(Risk-On),1.0,1.0,2300.75
2016-04-21,1.0085,1.2061,1.1299,0.2368,0.9725,확장(Risk-On),1.0,1.0,2289.25
2016-04-22,1.0103,1.3563,1.3513,0.2542,1.0686,확장(Risk-On),1.0,1.0,2289.75
2016-04-25,1.0114,1.1225,1.3182,0.196,0.9936,확장(Risk-On),1.0,1.0,2287.5
2016-04-26,1.1006,1.086,1.2751,0.0762,0.9869,확장(Risk-On),1.0,1.0,2293.25
2016-04-27,1.01,1.0902,1.132,0.2487,0.9463,확장(Risk-On),1.0,1.0,2294.0
2016-04-28,0.8614,0.7472,0.9037,0.2708,0.7548,확장(Risk-On),1.0,1.0,2278.0
2016-04-29,0.785,0.6276,1.0014,0.3043,0.7276,확장(Risk-On),1.0,1.0,2264.0
2016-05-02,0.7829,0.9485,1.0735,-0.0636,0.77,확장(Risk-On),1.0,1.0,2279.5
2016-05-03,0.6044,0.5778,0.8581,0.2266,0.6045,확장(Risk-On),1.0,1.0,2261.5
2016-05-04,0.4769,0.6369,1.0085,0.4301,0.6428,확장(Risk-On),1.0,1.0,2251.25
2016-05-05,0.4604,0.461,0.9051,0.6726,0.6036,확장(Risk-On),1.0,1.0,2247.75
2016-05-06,0.3742,0.5915,0.8282,0.6912,0.5896,확장(Risk-On),1.0,1.0,2257.5
2016-05-09,0.2747,0.5119,1.0143,0.6432,0.5742,확장(Risk-On),1.0,1.0,2258.75
2016-05-10,0.4568,0.8165,1.2792,0.6446,0.7805,확장(Risk-On),1.0,1.0,2282.25
2016-05-11,0.3025,0.2851,0.9896,0.6875,0.5277,확장(Risk-On),1.0,1.0,2264.25
2016-05-12,0.247,0.2901,0.9729,0.6937,0.5062,확장(Risk-On),1.0,1.0,2264.5
2016-05-13,0.065,0.068,0.7116,0.7611,0.3318,확장(Risk-On),1.0,1.0,2247.25
2016-05-16,0.2173,0.1797,0.7534,0.678,0.411,확장(Risk-On),1.0,1.0,2267.5
2016-05-17,-0.0298,-0.0702,0.6341,0.6695,0.231,확장(Risk-On),1.0,1.0,2248.25
2016-05-18,-0.036,0.2451,0.7719,0.495,0.3159,확장(Risk-On),1.0,1.0,2247.25
2016-05-19,-0.127,0.043,0.5735,0.612,0.2015,확장(Risk-On),1.0,1.0,2242.5
2016-05-20,-0.0727,0.1678,0.6305,0.6408,0.2703,확장(Risk-On),1.0,1.0,2254.0
2016-05-23,0.0267,0.1018,0.2973,0.5199,0.1871,중립(Neutral),0.5,1.0,2249.5
2016-05-24,0.4481,0.4594,0.5564,0.3457,0.4626,확장(Risk-On),1.0,1.0,2277.75
2016-05-25,0.5082,0.5691,0.8466,0.436,0.5972,확장(Risk-On),1.0,1.0,2292.5
2016-05-26,0.4385,0.6525,0.4785,0.3063,0.4822,확장(Risk-On),1.0,1.0,2293.25
2016-05-27,0.6459,0.8328,0.492,0.0364,0.5627,확장(Risk-On),1.0,1.0,2302.0
2016-05-30,0.7363,0.6661,0.496,-0.0889,0.5349,확장(Risk-On),1.0,1.0,2306.125
2016-05-31,0.5409,0.3655,0.4402,0.0872,0.4038,확장(Risk-On),1.0,1.0,2297.25
2016-06-01,0.5623,0.5052,0.5552,-0.0914,0.4482,확장(Risk-On),1.0,1.0,2302.5
2016-06-02,0.6373,0.4631,0.6164,0.0498,0.5004,확장(Risk-On),1.0,1.0,2308.25
2016-06-03,0.4081,0.4386,0.612,0.4923,0.4793,확장(Risk-On),1.0,1.0,2302.0
2016-06-06,0.6817,0.5431,0.6415,0.3395,0.5857,확장(Risk-On),1.0,1.0,2312.75
2016-06-07,0.8314,0.4829,0.6898,0.4141,0.6463,확장(Risk-On),1.0,1.0,2315.0
2016-06-08,0.9111,0.4118,0.3911,0.4307,0.5842,확장(Risk-On),1.0,1.0,2322.5
2016-06-09,0.7596,0.4694,0.2719,0.3809,0.5083,확장(Risk-On),1.0,1.0,2319.75
2016-06-10,0.5953,-0.0546,-0.0438,0.4592,0.2526,확장(Risk-On),1.0,1.0,2300.75
2016-06-13,0.5798,-0.6893,-0.2525,0.5473,0.0496,중립(Neutral),0.5,1.0,2283.0
2016-06-14,0.4444,-0.5161,-0.1566,0.5059,0.0632,중립(Neutral),0.5,1.0,2279.75
2016-06-15,0.5584,-0.6053,-0.4145,0.55,0.023,중립(Neutral),0.5,1.0,2276.5
2016-06-16,0.7653,-0.439,-0.0923,0.5493,0.2174,확장(Risk-On),1.0,1.0,2283.75
2016-06-17,0.3873,-0.5459,-0.1869,0.4841,0.0249,중립(Neutral),0.5,1.0,2272.25
2016-06-20,0.3954,-0.3254,0.1535,0.3295,0.1448,중립(Neutral),0.5,1.0,2287.0
2016-06-21,0.4153,-0.4274,0.1716,0.3404,0.1325,중립(Neutral),0.5,1.0,2294.0
2016-06-22,0.3941,-0.8738,0.0925,0.2436,-0.0209,중립(Neutral),0.5,1.0,2290.75
2016-06-23,0.7076,-0.0786,0.304,0.1638,0.3286,확장(Risk-On),1.0,1.0,2318.0
2016-06-24,-0.1657,-1.2188,-0.6684,0.3039,-0.4842,수축(Risk-Off),0.0,1.0,2239.25
2016-06-27,-0.5765,-1.3112,-1.0752,0.3854,-0.7406,수축(Risk-Off),0.0,1.0,2200.5
2016-06-28,-0.1879,-0.734,-0.8213,0.2976,-0.4099,수축(Risk-Off),0.0,1.0,2240.75
2016-06-29,0.1094,-0.413,-0.6086,0.2279,-0.1829,중립(Neutral),0.5,1.0,2279.0
2016-06-30,0.1614,-0.2494,-0.5447,0.2142,-0.1099,중립(Neutral),0.5,1.0,2300.5
2016-07-01,0.2375,-0.1763,-0.5077,0.1907,-0.0593,중립(Neutral),0.5,0.5,2309.25
2016-07-04,0.2375,-0.0582,-0.5549,0.3001,-0.0251,중립(Neutral),0.5,0.5,2312.375
2016-07-05,0.1831,-0.279,-0.7563,0.3917,-0.136,중립(Neutral),0.5,0.5,2295.5
2016-07-06,0.2723,0.0509,-0.7418,0.3886,-0.0191,중립(Neutral),0.5,0.5,2306.0
2016-07-07,0.3078,0.1394,-0.6307,0.4188,0.0477,중립(Neutral),0.5,0.5,2304.5
2016-07-08,0.5089,0.3805,-0.5303,0.3684,0.1959,중립(Neutral),0.5,0.5,2334.0
2016-07-11,0.652,0.3352,-0.6184,0.3122,0.2042,확장(Risk-On),1.0,0.5,2343.75
2016-07-12,0.8455,0.5579,-0.3431,0.2399,0.3856,확장(Risk-On),1.0,0.5,2358.0
2016-07-13,0.8374,0.5935,-0.2851,0.2537,0.4082,확장(Risk-On),1.0,0.5,2358.75
2016-07-14,0.8592,0.7286,-0.1423,0.2067,0.4783,확장(Risk-On),1.0,0.5,2369.75
2016-07-15,0.8569,0.8619,-0.1858,0.1147,0.4862,확장(Risk-On),1.0,0.5,2367.5
2016-07-18,0.8373,1.1226,-0.243,0.0609,0.5221,확장(Risk-On),1.0,0.5,2372.5
2016-07-19,1.1598,1.1003,-0.3659,0.1494,0.612,확장(Risk-On),1.0,0.5,2373.25
2016-07-20,1.2891,1.1497,-0.1993,-0.0954,0.6745,확장(Risk-On),1.0,0.5,2380.5
2016-07-21,1.3758,0.7172,-0.2952,0.0448,0.5938,확장(Risk-On),1.0,0.5,2372.0
2016-07-22,1.189,0.8293,-0.0994,0.1193,0.6165,확장(Risk-On),1.0,0.5,2381.0
2016-07-25,0.9061,0.5417,-0.175,-0.0044,0.4081,확장(Risk-On),1.0,0.5,2375.5
2016-07-26,0.9296,0.5571,-0.0826,0.0565,0.4525,확장(Risk-On),1.0,0.5,2376.25
2016-07-27,0.8739,0.4193,-0.2729,0.1467,0.3645,확장(Risk-On),1.0,0.5,2375.25
2016-07-28,0.8398,0.4995,-0.0269,0.0796,0.424,확장(Risk-On),1.0,0.5,2377.75
2016-07-29,0.9949,0.5266,0.0263,0.343,0.5379,확장(Risk-On),1.0,0.5,2384.0
2016-08-01,0.8952,0.4121,-0.007,0.236,0.45,확장(Risk-On),1.0,1.0,2378.25
2016-08-02,0.6527,0.201,-0.2502,0.1453,0.2379,확장(Risk-On),1.0,1.0,2366.5
2016-08-03,0.6891,0.2357,-0.3278,0.2555,0.2565,확장(Risk-On),1.0,1.0,2370.5
2016-08-04,0.6893,0.2944,-0.4299,0.454,0.2755,확장(Risk-On),1.0,1.0,2372.5
2016-08-05,0.7107,0.4999,-0.3286,0.122,0.3099,확장(Risk-On),1.0,1.0,2390.25
2016-08-08,0.5606,0.4455,-0.3805,0.3444,0.2641,확장(Risk-On),1.0,1.0,2389.25
2016-08-09,0.5666,0.4512,-0.2608,0.412,0.3077,확장(Risk-On),1.0,1.0,2391.25
2016-08-10,0.5229,0.3202,-0.3055,0.3925,0.2456,확장(Risk-On),1.0,1.0,2386.25
2016-08-11,0.5661,0.4713,-0.3034,0.2663,0.28,확장(Risk-On),1.0,1.0,2395.25
2016-08-12,0.5909,0.5466,-0.281,0.3926,0.3321,확장(Risk-On),1.0,1.0,2393.75
2016-08-15,0.5439,0.5211,-0.3119,0.3304,0.2922,확장(Risk-On),1.0,1.0,2399.75
2016-08-16,0.4418,0.4289,-0.3183,0.1909,0.2109,확장(Risk-On),1.0,1.0,2390.5
2016-08-17,0.4761,0.4891,-0.3274,0.2593,0.2459,확장(Risk-On),1.0,1.0,2393.5
2016-08-18,0.5022,0.6028,-0.1403,0.2309,0.326,확장(Risk-On),1.0,1.0,2396.75
2016-08-19,0.4569,0.7433,0.0626,0.0211,0.3645,확장(Risk-On),1.0,1.0,2395.25
2016-08-22,0.4433,0.6338,0.1872,-0.0303,0.3559,확장(Risk-On),1.0,1.0,2395.25
2016-08-23,0.4948,0.6266,0.2968,-0.0604,0.395,확장(Risk-On),1.0,1.0,2398.75
2016-08-24,0.393,0.5575,0.3202,0.0273,0.3611,확장(Risk-On),1.0,1.0,2388.75
2016-08-25,0.4406,0.5788,0.2816,-0.044,0.3627,확장(Risk-On),1.0,1.0,2386.75
2016-08-26,0.475,0.6002,0.2502,-0.2426,0.3424,확장(Risk-On),1.0,1.0,2382.25
2016-08-29,0.5333,0.5063,0.0069,0.088,0.3281,확장(Risk-On),1.0,1.0,2392.75
2016-08-30,0.4505,0.4351,-0.1021,0.1107,0.2576,확장(Risk-On),1.0,1.0,2389.0
2016-08-31,0.4348,0.4257,-0.1301,0.0709,0.2367,확장(Risk-On),1.0,1.0,2383.75
2016-09-01,0.3728,0.2606,-0.3246,0.0804,0.1265,중립(Neutral),0.5,1.0,2380.5
2016-09-02,0.5983,1.0867,0.7528,-0.1931,0.6403,확장(Risk-On),1.0,1.0,2391.5
2016-09-05,0.6468,1.3857,1.3318,-0.1503,0.8832,확장(Risk-On),1.0,1.0,2390.625
2016-09-06,1.2208,1.235,1.1264,0.2272,1.0517,확장(Risk-On),1.0,1.0,2398.0
2016-09-07,1.3523,1.1313,0.9745,0.3704,1.0553,확장(Risk-On),1.0,1.0,2398.25
2016-09-08,1.3703,1.0811,0.9798,0.2312,1.0295,확장(Risk-On),1.0,1.0,2391.0
2016-09-09,0.1655,-0.0488,0.3343,-0.0504,0.1218,중립(Neutral),0.5,1.0,2336.5
2016-09-12,0.2871,0.3443,0.6079,0.1318,0.3583,확장(Risk-On),1.0,1.0,2371.0
2016-09-13,-0.0758,0.0641,0.7119,-0.0261,0.1636,중립(Neutral),0.5,1.0,2342.75
2016-09-14,-0.1779,-0.0244,0.6712,-0.0709,0.0888,중립(Neutral),0.5,1.0,2334.0
2016-09-15,0.0853,0.3006,0.8103,-0.0788,0.2957,확장(Risk-On),1.0,1.0,2357.75
2016-09-16,0.054,0.4025,0.6041,-0.0546,0.2624,확장(Risk-On),1.0,1.0,2352.0
2016-09-19,0.1064,0.3063,0.5355,0.1753,0.274,확장(Risk-On),1.0,1.0,2353.0
2016-09-20,-0.0042,0.0808,0.2242,0.1688,0.1001,중립(Neutral),0.5,1.0,2350.5
2016-09-21,0.3101,0.5113,0.2615,0.0585,0.3105,확장(Risk-On),1.0,1.0,2376.25
2016-09-22,0.3172,0.637,0.2777,0.1592,0.3636,확장(Risk-On),1.0,1.0,2388.25
2016-09-23,0.2101,0.5165,0.2521,0.2203,0.2987,확장(Risk-On),1.0,1.0,2378.75
2016-09-26,-0.007,-0.0339,0.1605,0.2382,0.0649,중립(Neutral),0.5,1.0,2360.0
2016-09-27,0.0778,0.2297,0.3475,0.2559,0.2099,확장(Risk-On),1.0,1.0,2372.75
2016-09-28,0.2044,0.3165,0.2688,0.2272,0.2519,확장(Risk-On),1.0,1.0,2383.0
2016-09-29,0.0721,0.091,0.3998,0.2945,0.1921,중립(Neutral),0.5,1.0,2368.75
2016-09-30,0.1668,0.2157,0.4632,0.1392,0.249,확장(Risk-On),1.0,1.0,2379.0
2016-10-03,0.2079,0.5753,0.3619,0.221,0.3402,확장(Risk-On),1.0,1.0,2373.5
2016-10-04,0.4023,0.611,0.5184,0.1599,0.4471,확장(Risk-On),1.0,1.0,2364.75
2016-10-05,0.4793,0.6704,0.7283,0.1944,0.5466,확장(Risk-On),1.0,1.0,2373.5
2016-10-06,0.2817,0.9233,0.5425,0.1578,0.4887,확장(Risk-On),1.0,1.0,2376.5
2016-10-07,0.2914,0.8432,0.3253,0.1265,0.4131,확장(Risk-On),1.0,1.0,2366.5
2016-10-10,0.4007,0.7407,0.4273,-0.0909,0.4186,확장(Risk-On),1.0,1.0,2379.25
2016-10-11,0.1402,0.3851,0.2502,-0.0211,0.2048,확장(Risk-On),1.0,1.0,2354.5
2016-10-12,0.1306,0.3059,0.132,0.0449,0.1619,중립(Neutral),0.5,1.0,2351.5
2016-10-13,0.0587,0.2274,0.2152,0.0669,0.1412,중립(Neutral),0.5,1.0,2346.5
2016-10-14,0.0821,-0.0059,0.063,-0.1296,0.0236,중립(Neutral),0.5,1.0,2347.0
2016-10-17,-0.1902,-0.1436,0.0884,-0.0544,-0.0885,중립(Neutral),0.5,1.0,2343.875
2016-10-18,-0.1036,0.0145,0.0802,0.0154,-0.0103,중립(Neutral),0.5,1.0,2352.25
2016-10-19,-0.0272,0.3746,-0.0172,-0.1248,0.0611,중립(Neutral),0.5,1.0,2358.5
2016-10-20,0.0281,0.2528,-0.1258,-0.31,-0.0049,중립(Neutral),0.5,1.0,2357.0
2016-10-21,-0.0507,0.3274,-0.3128,-0.3995,-0.074,중립(Neutral),0.5,1.0,2354.75
2016-10-24,0.0944,0.4198,-0.2519,-0.3964,0.0156,중립(Neutral),0.5,1.0,2364.5
2016-10-25,0.0604,0.333,-0.4521,-0.4296,-0.0731,중립(Neutral),0.5,1.0,2358.5
2016-10-26,-0.0262,0.3041,-0.3602,-0.4834,-0.0957,중립(Neutral),0.5,1.0,2353.75
2016-10-27,-0.078,0.2164,-0.66,-0.5536,-0.2212,수축(Risk-Off),0.0,1.0,2344.0
2016-10-28,0.0781,-0.0098,-0.7167,-0.4946,-0.2285,수축(Risk-Off),0.0,1.0,2343.75
2016-10-31,0.0286,-0.054,-0.6501,-0.4177,-0.2287,수축(Risk-Off),0.0,1.0,2343.5
2016-11-01,-0.1484,-0.3124,-0.7526,-0.3734,-0.3742,수축(Risk-Off),0.0,0.0,2322.0
2016-11-02,-0.2926,-0.4759,-0.692,-0.2189,-0.4272,수축(Risk-Off),0.0,0.0,2310.25
2016-11-03,-0.3577,-0.6862,-0.7446,-0.2255,-0.5167,수축(Risk-Off),0.0,0.0,2303.25
2016-11-04,-0.298,-0.8355,-0.6433,-0.12,-0.492,수축(Risk-Off),0.0,0.0,2301.5
2016-11-07,0.3277,-0.0824,-0.3146,-0.1263,-0.0035,중립(Neutral),0.5,0.0,2350.0
2016-11-08,0.3801,-0.0097,-0.2637,-0.3094,0.0183,중립(Neutral),0.5,0.0,2354.75
2016-11-09,0.6185,0.7253,-0.2052,-1.1389,0.1757,중립(Neutral),0.5,0.0,2380.5
2016-11-10,0.6647,0.7491,-0.2124,-1.38,0.1598,중립(Neutral),0.5,0.0,2386.75
2016-11-11,0.587,0.7245,0.0183,-1.7392,0.1303,중립(Neutral),0.5,0.0,2381.5
2016-11-14,0.5395,0.6903,-0.1121,-2.1102,0.0169,중립(Neutral),0.5,0.0,2381.25
2016-11-15,0.7054,0.9986,-0.1596,-2.2758,0.1153,중립(Neutral),0.5,0.0,2398.5
2016-11-16,0.6131,0.9131,-0.2208,-2.1139,0.0706,중립(Neutral),0.5,0.0,2392.5
2016-11-17,0.6999,1.0268,-0.1959,-2.391,0.094,중립(Neutral),0.5,0.0,2404.0
2016-11-18,0.7523,1.3195,0.033,-2.5098,0.225,확장(Risk-On),1.0,0.0,2400.0
2016-11-21,0.9585,1.4334,-0.129,-2.4165,0.2991,확장(Risk-On),1.0,0.0,2412.25
2016-11-22,1.2891,1.5168,0.0775,-2.4487,0.4825,확장(Risk-On),1.0,0.0,2420.75
2016-11-23,1.3598,1.6781,0.1581,-2.618,0.5423,확장(Risk-On),1.0,0.0,2421.0
2016-11-24,1.3284,1.7697,0.0845,-2.6048,0.5378,확장(Risk-On),1.0,0.0,2426.625
2016-11-25,1.6261,1.8449,0.2272,-2.6357,0.6918,확장(Risk-On),1.0,0.0,2431.5
2016-11-28,1.608,1.8256,0.0789,-2.4499,0.6715,확장(Risk-On),1.0,0.0,2420.5
2016-11-29,1.75,1.9135,0.2587,-2.3518,0.8028,확장(Risk-On),1.0,0.0,2425.875
2016-11-30,1.739,1.6103,0.2276,-2.468,0.6979,확장(Risk-On),1.0,0.0,2419.75
2016-12-01,1.3296,1.5207,0.1329,-2.4745,0.5076,확장(Risk-On),1.0,1.0,2411.5
2016-12-02,1.378,1.1893,0.3113,-1.7994,0.5875,확장(Risk-On),1.0,1.0,2413.25
2016-12-05,1.1062,1.5465,0.5167,-1.5775,0.6663,확장(Risk-On),1.0,1.0,2423.5
2016-12-06,1.2289,1.6011,0.4951,-1.5808,0.717,확장(Risk-On),1.0,1.0,2430.5
2016-12-07,1.4852,1.5581,0.5799,-1.1579,0.8806,확장(Risk-On),1.0,1.0,2456.75
2016-12-08,1.6431,1.4193,0.4813,-1.3482,0.848,확장(Risk-On),1.0,1.0,2467.0
2016-12-09,1.6506,1.5783,0.3951,-1.562,0.8368,확장(Risk-On),1.0,1.0,2480.0
2016-12-12,1.6093,1.382,0.5536,-1.1947,0.868,확장(Risk-On),1.0,1.0,2478.0
2016-12-13,1.7301,1.3701,0.6406,-1.2041,0.9276,확장(Risk-On),1.0,1.0,2493.75
2016-12-14,1.5537,1.2711,0.7061,-1.6912,0.7844,확장(Risk-On),1.0,1.0,2478.0
2016-12-15,1.5576,1.3287,0.6123,-1.9082,0.7442,확장(Risk-On),1.0,1.0,2485.0
2016-12-16,1.4535,1.4178,0.7496,-1.7653,0.7858,확장(Risk-On),1.0,1.0,2480.75
2016-12-19,1.4255,1.4858,0.7482,-1.4382,0.8417,확장(Risk-On),1.0,1.0,2483.5
2016-12-20,1.641,1.5279,0.767,-1.4851,0.9253,확장(Risk-On),1.0,1.0,2491.75
2016-12-21,1.4639,1.6158,0.856,-1.55,0.8978,확장(Risk-On),1.0,1.0,2485.5
2016-12-22,1.4424,1.5726,0.8305,-1.6299,0.8611,확장(Risk-On),1.0,1.0,2483.0
2016-12-23,1.5252,1.6027,0.8605,-1.27,0.9591,확장(Risk-On),1.0,1.0,2485.75
2016-12-27,1.6636,1.574,0.8416,-1.3772,0.9796,확장(Risk-On),1.0,1.0,2487.0
2016-12-28,1.4134,1.4282,0.7665,-1.2074,0.8623,확장(Risk-On),1.0,1.0,2471.5
2016-12-29,1.4414,1.221,0.8954,-1.111,0.8669,확장(Risk-On),1.0,1.0,2470.25
2016-12-30,1.2294,1.0984,0.9752,-0.9343,0.8085,확장(Risk-On),1.0,1.0,2460.25
2017-01-03,0.9938,1.3347,0.9371,-1.008,0.7646,확장(Risk-On),1.0,1.0,2469.0
2017-01-04,1.1736,1.4217,0.9876,-0.8261,0.8892,확장(Risk-On),1.0,1.0,2490.25
2017-01-05,1.1013,1.4496,1.1191,-0.6703,0.9271,확장(Risk-On),1.0,1.0,2489.75
2017-01-06,1.1663,1.5693,1.1111,-0.7595,0.9644,확장(Risk-On),1.0,1.0,2496.5
2017-01-09,0.9472,1.5732,1.1359,-0.6737,0.9077,확장(Risk-On),1.0,1.0,2490.0
2017-01-10,1.0659,1.5547,1.1205,-0.6776,0.9402,확장(Risk-On),1.0,1.0,2489.75
2017-01-11,1.1266,1.5482,1.0389,-0.7069,0.935,확장(Risk-On),1.0,1.0,2496.25
2017-01-12,1.1074,1.5043,1.1697,-0.6988,0.9513,확장(Risk-On),1.0,1.0,2489.25
2017-01-13,1.2482,1.5173,1.0462,-0.7306,0.9682,확장(Risk-On),1.0,1.0,2496.75
2017-01-16,1.2163,1.4837,1.0218,-0.6178,0.9594,확장(Risk-On),1.0,1.0,2492.875
2017-01-17,1.2457,1.3898,1.1284,-0.5615,0.9813,확장(Risk-On),1.0,1.0,2488.5
2017-01-18,1.6281,1.2766,1.1793,-0.7009,1.0786,확장(Risk-On),1.0,1.0,2492.25
2017-01-19,1.4463,1.2245,1.1176,-0.7351,0.9815,확장(Risk-On),1.0,1.0,2485.25
2017-01-20,1.6087,1.4957,1.0595,-0.8121,1.08,확장(Risk-On),1.0,1.0,2491.25
2017-01-23,1.3966,1.4256,0.8058,-0.7075,0.9405,확장(Risk-On),1.0,1.0,2487.25
2017-01-24,1.4693,1.7821,0.9565,-0.76,1.0849,확장(Risk-On),1.0,1.0,2500.25
2017-01-25,1.7883,1.9119,1.2452,-0.9206,1.2771,확장(Risk-On),1.0,1.0,2519.5
2017-01-26,1.9053,1.6956,1.2459,-0.9196,1.2643,확장(Risk-On),1.0,1.0,2519.25
2017-01-27,1.7197,1.571,1.2301,-0.907,1.1661,확장(Risk-On),1.0,1.0,2515.25
2017-01-30,1.2504,0.9596,1.001,-0.8536,0.7997,확장(Risk-On),1.0,1.0,2501.25
2017-01-31,1.2178,0.8874,0.9673,-0.7075,0.7838,확장(Risk-On),1.0,1.0,2501.0
2017-02-01,1.1962,0.9492,0.8981,-0.9274,0.7414,확장(Risk-On),1.0,1.0,2501.25
2017-02-02,1.2349,0.8836,0.7926,-0.848,0.7241,확장(Risk-On),1.0,1.0,2501.5
2017-02-03,1.412,1.0714,0.7103,-0.8995,0.8047,확장(Risk-On),1.0,1.0,2517.75
2017-02-06,1.2229,0.8153,0.3513,-0.6609,0.6205,확장(Risk-On),1.0,1.0,2512.25
2017-02-07,1.1737,0.8219,0.3451,-0.6434,0.606,확장(Risk-On),1.0,1.0,2513.25
2017-02-08,1.1909,0.8735,0.5049,-0.5714,0.6757,확장(Risk-On),1.0,1.0,2516.5
2017-02-09,1.3624,1.1866,0.5134,-0.7704,0.7863,확장(Risk-On),1.0,1.0,2528.75
2017-02-10,1.5472,1.2838,0.5079,-0.7126,0.8826,확장(Risk-On),1.0,1.0,2538.0
2017-02-13,1.8449,1.2387,0.6303,-0.7984,0.9932,확장(Risk-On),1.0,1.0,2551.75
2017-02-14,1.99,1.419,0.6542,-0.8455,1.088,확장(Risk-On),1.0,1.0,2563.25
2017-02-15,2.2134,1.2053,0.554,-1.2099,1.033,확장(Risk-On),1.0,1.0,2574.75
2017-02-16,2.1657,1.049,0.4647,-0.8658,1.0065,확장(Risk-On),1.0,1.0,2571.25
2017-02-17,2.2447,0.9978,0.3527,-0.8115,1.0016,확장(Risk-On),1.0,1.0,2573.5
2017-02-20,2.2086,0.7719,0.2491,-0.8181,0.9055,확장(Risk-On),1.0,1.0,2579.125
2017-02-21,2.2308,0.7958,0.2583,-0.8203,0.9213,확장(Risk-On),1.0,1.0,2587.0
2017-02-22,2.1189,0.941,0.2213,-0.7627,0.9178,확장(Risk-On),1.0,1.0,2586.0
2017-02-23,2.3224,0.8687,0.0333,-0.6522,0.9405,확장(Risk-On),1.0,1.0,2587.75
2017-02-24,2.4841,0.8161,-0.0572,-0.5964,0.9697,확장(Risk-On),1.0,1.0,2588.75
2017-02-27,2.4912,0.5878,0.1794,-0.6411,0.9676,확장(Risk-On),1.0,1.0,2593.5
2017-02-28,2.272,0.3648,0.125,-0.6497,0.8202,확장(Risk-On),1.0,1.0,2587.0
2017-03-01,2.4908,0.7707,0.191,-0.9156,0.9749,확장(Risk-On),1.0,1.0,2618.25
2017-03-02,2.2519,0.816,0.1307,-1.0725,0.864,확장(Risk-On),1.0,1.0,2606.0
2017-03-03,2.3104,1.0843,0.1615,-1.1611,0.9459,확장(Risk-On),1.0,1.0,2606.25
2017-03-06,2.0476,0.902,0.2445,-0.9301,0.8638,확장(Risk-On),1.0,1.0,2600.0
2017-03-07,1.8631,0.8383,0.2799,-1.0253,0.7779,확장(Risk-On),1.0,1.0,2592.75
2017-03-08,1.7496,0.7667,0.3169,-1.1618,0.709,확장(Risk-On),1.0,1.0,2588.5
2017-03-09,1.7486,0.8132,0.6649,-1.1906,0.803,확장(Risk-On),1.0,1.0,2589.75
2017-03-10,1.7584,1.1969,0.7774,-1.0217,0.9558,확장(Risk-On),1.0,1.0,2596.5
2017-03-13,1.8357,1.3575,0.7866,-1.4443,0.9619,확장(Risk-On),1.0,1.0,2600.0
2017-03-14,1.6787,1.0178,0.8874,-1.3815,0.8566,확장(Risk-On),1.0,1.0,2592.25
2017-03-15,2.0551,1.0513,0.6702,-0.8189,1.0268,확장(Risk-On),1.0,1.0,2608.0
2017-03-16,1.9334,1.3091,0.747,-1.0029,1.0403,확장(Risk-On),1.0,1.0,2608.25
2017-03-17,1.6989,1.1439,0.6237,-0.8724,0.9057,확장(Risk-On),1.0,1.0,2604.0
2017-03-20,1.4605,1.1043,0.6724,-0.9399,0.8144,확장(Risk-On),1.0,1.0,2598.25
2017-03-21,0.8299,0.592,0.4138,-0.7604,0.4279,확장(Risk-On),1.0,1.0,2569.75
2017-03-22,0.8419,0.5854,0.4714,-0.5978,0.4692,확장(Risk-On),1.0,1.0,2571.0
2017-03-23,0.8453,0.7004,0.3771,-0.6421,0.4689,확장(Risk-On),1.0,1.0,2570.0
2017-03-24,0.9153,0.6065,0.4478,-0.6153,0.4916,확장(Risk-On),1.0,1.0,2571.5
2017-03-27,0.6973,0.4657,0.4947,-0.618,0.3915,확장(Risk-On),1.0,1.0,2567.5
2017-03-28,0.8784,0.8787,0.5869,-0.6707,0.5733,확장(Risk-On),1.0,1.0,2582.5
2017-03-29,0.9105,0.7985,0.3815,-0.5846,0.526,확장(Risk-On),1.0,1.0,2586.25
2017-03-30,1.0809,0.8592,0.6721,-0.5714,0.6754,확장(Risk-On),1.0,1.0,2592.75
2017-03-31,1.0763,0.6574,0.564,-0.3195,0.6341,확장(Risk-On),1.0,1.0,2588.5
2017-04-03,1.1109,0.6354,0.3346,-0.127,0.6123,확장(Risk-On),1.0,1.0,2584.75
2017-04-04,1.0729,0.6797,0.1521,-0.1524,0.5606,확장(Risk-On),1.0,1.0,2586.75
2017-04-05,0.9257,0.1104,-0.1995,-0.0235,0.2982,확장(Risk-On),1.0,1.0,2573.75
2017-04-06,1.0518,0.4477,-0.1288,-0.0282,0.4436,확장(Risk-On),1.0,1.0,2582.25
2017-04-07,1.0567,0.3373,-0.1515,-0.0927,0.4024,확장(Risk-On),1.0,1.0,2581.75
2017-04-10,0.8534,0.0801,-0.012,0.0855,0.3285,확장(Risk-On),1.0,1.0,2581.25
2017-04-11,0.8813,-0.1528,-0.1909,0.164,0.2471,확장(Risk-On),1.0,1.0,2579.5
2017-04-12,0.7291,-0.3866,-0.2916,0.1821,0.113,중립(Neutral),0.5,1.0,2572.75
2017-04-13,0.5103,-0.4072,-0.4486,0.2082,-0.0041,중립(Neutral),0.5,1.0,2554.25
2017-04-17,1.1626,0.0706,-0.0115,0.2683,0.462,확장(Risk-On),1.0,1.0,2573.5
2017-04-18,0.9594,0.0146,-0.0102,0.3536,0.3899,확장(Risk-On),1.0,1.0,2566.5
2017-04-19,1.0001,-0.0816,0.0399,0.2396,0.3755,확장(Risk-On),1.0,1.0,2563.25
2017-04-20,1.2084,-0.084,0.1152,0.2101,0.4622,확장(Risk-On),1.0,1.0,2580.5
2017-04-21,0.9275,-0.2908,-0.0746,0.324,0.2819,확장(Risk-On),1.0,1.0,2575.75
2017-04-24,0.9988,0.6342,0.2023,0.2769,0.6003,확장(Risk-On),1.0,1.0,2597.25
2017-04-25,1.2109,0.6826,0.5257,0.1997,0.7558,확장(Risk-On),1.0,1.0,2613.25
2017-04-26,1.195,0.5438,0.3004,0.2451,0.6661,확장(Risk-On),1.0,1.0,2611.75
2017-04-27,1.2458,0.658,0.3575,0.2466,0.7269,확장(Risk-On),1.0,1.0,2614.75
2017-04-28,1.0697,0.6798,0.3274,0.2066,0.6572,확장(Risk-On),1.0,1.0,2609.25
2017-05-01,1.0792,0.8339,0.4519,0.3029,0.7446,확장(Risk-On),1.0,1.0,2614.25
2017-05-02,1.1006,0.674,0.4929,0.3384,0.7277,확장(Risk-On),1.0,1.0,2615.75
2017-05-03,1.0217,0.8254,0.6867,0.2901,0.7791,확장(Risk-On),1.0,1.0,2612.0
2017-05-04,0.9826,1.0428,0.817,0.1596,0.8328,확장(Risk-On),1.0,1.0,2613.0
2017-05-05,1.1175,1.1939,1.0114,0.2421,0.9788,확장(Risk-On),1.0,1.0,2624.75
2017-05-08,1.2743,1.321,0.8047,0.0023,0.9778,확장(Risk-On),1.0,1.0,2623.5
2017-05-09,1.2573,1.3124,0.7841,-0.022,0.9609,확장(Risk-On),1.0,1.0,2622.25
2017-05-10,1.4137,0.8833,0.7724,-0.0742,0.8976,확장(Risk-On),1.0,1.0,2624.25
2017-05-11,1.1583,0.7696,0.7471,-0.2363,0.7492,확장(Risk-On),1.0,1.0,2619.25
2017-05-12,1.1967,0.7924,0.7461,0.1787,0.8303,확장(Risk-On),1.0,1.0,2617.0
2017-05-15,1.1464,0.8627,0.7821,0.1455,0.8343,확장(Risk-On),1.0,1.0,2628.0
2017-05-16,1.1702,0.792,0.7941,0.2389,0.8419,확장(Risk-On),1.0,1.0,2626.5
2017-05-17,0.4309,-0.6985,0.4452,0.5615,0.1717,중립(Neutral),0.5,1.0,2585.5
2017-05-18,0.3821,-0.5746,0.534,0.4832,0.1961,중립(Neutral),0.5,1.0,2591.75
2017-05-19,0.5465,-0.0819,0.5403,0.4342,0.371,확장(Risk-On),1.0,1.0,2611.0
2017-05-22,0.6545,0.0818,0.5509,0.384,0.4448,확장(Risk-On),1.0,1.0,2620.625
2017-05-23,0.7493,0.2321,0.671,0.3501,0.5405,확장(Risk-On),1.0,1.0,2626.75
2017-05-24,0.8262,0.3162,0.6618,0.4038,0.5943,확장(Risk-On),1.0,1.0,2630.5
2017-05-25,0.9461,0.3431,0.7139,0.2858,0.6383,확장(Risk-On),1.0,1.0,2642.0
2017-05-26,0.9712,0.4399,0.5785,0.3933,0.6535,확장(Risk-On),1.0,1.0,2642.75
2017-05-29,0.8982,0.5069,0.6511,0.3279,0.653,확장(Risk-On),1.0,1.0,2643.625
2017-05-30,0.8288,0.5513,0.9052,0.3781,0.7109,확장(Risk-On),1.0,1.0,2639.0
2017-05-31,0.878,0.4939,0.9611,0.378,0.7278,확장(Risk-On),1.0,1.0,2642.25
2017-06-01,1.1221,0.6457,1.0203,0.3631,0.8637,확장(Risk-On),1.0,1.0,2658.5
2017-06-02,1.3674,0.6554,1.0076,0.4816,0.9666,확장(Risk-On),1.0,1.0,2665.75
2017-06-05,1.3466,0.7005,0.9753,0.4122,0.9521,확장(Risk-On),1.0,1.0,2663.75
2017-06-06,1.3153,0.437,0.8184,0.4069,0.8352,확장(Risk-On),1.0,1.0,2659.5
2017-06-07,1.3098,0.5239,1.0416,0.496,0.9242,확장(Risk-On),1.0,1.0,2660.0
2017-06-08,1.2848,0.5251,0.976,0.5433,0.9065,확장(Risk-On),1.0,1.0,2661.25
2017-06-09,1.2033,0.8721,1.0763,0.5068,0.9843,확장(Risk-On),1.0,1.0,2659.75
2017-06-12,1.3966,0.5739,1.2468,0.4133,1.006,확장(Risk-On),1.0,1.0,2657.75
2017-06-13,1.4099,0.7465,1.3612,0.5037,1.0959,확장(Risk-On),1.0,1.0,2668.5
2017-06-14,1.4117,0.6566,1.6242,0.6738,1.1654,확장(Risk-On),1.0,1.0,2666.75
2017-06-15,1.2848,0.5591,1.258,0.6001,0.994,확장(Risk-On),1.0,1.0,2662.5
2017-06-16,1.239,0.4989,1.3919,0.6142,0.9985,확장(Risk-On),1.0,1.0,2661.75
2017-06-19,1.3849,0.6523,1.5297,0.5427,1.1116,확장(Risk-On),1.0,1.0,2680.0
2017-06-20,1.1816,0.5536,1.4885,0.5407,1.0052,확장(Risk-On),1.0,1.0,2667.5
2017-06-21,1.1138,0.6436,1.5921,0.5702,1.0343,확장(Risk-On),1.0,1.0,2664.0
2017-06-22,1.1387,0.8597,1.7105,0.587,1.1291,확장(Risk-On),1.0,1.0,2662.5
2017-06-23,1.2428,0.9527,1.7374,0.5814,1.1947,확장(Risk-On),1.0,1.0,2665.75
2017-06-26,1.2357,0.8204,1.6409,0.4866,1.1208,확장(Risk-On),1.0,1.0,2666.5
2017-06-27,0.8987,0.7744,1.5906,0.1645,0.9305,확장(Risk-On),1.0,1.0,2649.75
2017-06-28,1.157,1.0007,1.7728,0.1946,1.1275,확장(Risk-On),1.0,1.0,2669.5
2017-06-29,0.7862,0.6581,1.5845,-0.1166,0.8183,확장(Risk-On),1.0,1.0,2650.5
2017-06-30,0.8617,0.7991,1.7854,-0.1929,0.9188,확장(Risk-On),1.0,1.0,2651.25
2017-07-03,1.007,0.7617,1.5334,-0.3088,0.8799,확장(Risk-On),1.0,1.0,2654.5
2017-07-04,1.082,0.6086,1.2363,-0.2412,0.8037,확장(Risk-On),1.0,1.0,2655.625
2017-07-05,1.0523,0.745,1.3651,-0.1002,0.8808,확장(Risk-On),1.0,1.0,2659.0
2017-07-06,0.7116,0.3531,1.2558,-0.3501,0.5988,확장(Risk-On),1.0,1.0,2639.5
2017-07-07,0.7713,0.711,1.4403,-0.7222,0.6995,확장(Risk-On),1.0,1.0,2653.75
2017-07-12,1.0172,0.7401,1.2785,-0.0854,0.8479,확장(Risk-On),1.0,1.0,2670.5
2017-07-13,0.9493,0.8607,1.1948,-0.3651,0.7914,확장(Risk-On),1.0,1.0,2676.75
2017-07-14,1.1297,0.8965,1.1536,-0.294,0.8638,확장(Risk-On),1.0,1.0,2687.25
2017-07-17,1.2157,0.7263,1.2381,-0.2123,0.8848,확장(Risk-On),1.0,1.0,2690.25
2017-07-18,1.1481,0.6436,1.3743,0.0741,0.9174,확장(Risk-On),1.0,1.0,2690.75
2017-07-19,1.3426,0.7033,1.3632,0.1326,1.0064,확장(Risk-On),1.0,1.0,2702.75
2017-07-20,1.3302,0.8699,1.5311,0.4696,1.1362,확장(Risk-On),1.0,1.0,2703.5
2017-07-21,1.3921,0.8766,1.4231,0.5509,1.1448,확장(Risk-On),1.0,1.0,2700.25
2017-07-24,1.3794,0.9035,1.2957,0.5274,1.1117,확장(Risk-On),1.0,1.0,2697.5
2017-07-25,1.4993,1.0888,1.3673,0.4271,1.2028,확장(Risk-On),1.0,1.0,2706.25
2017-07-26,1.8153,1.4893,1.7617,0.5935,1.5371,확장(Risk-On),1.0,1.0,2705.0
2017-07-27,1.7087,1.3342,1.579,0.6199,1.4193,확장(Risk-On),1.0,1.0,2702.5
2017-07-28,1.7416,1.1695,1.4959,0.6114,1.3676,확장(Risk-On),1.0,1.0,2701.75
2017-07-31,2.074,1.124,1.4759,0.6628,1.4753,확장(Risk-On),1.0,1.0,2699.25
2017-08-01,1.9357,1.0615,1.4091,0.6974,1.3998,확장(Risk-On),1.0,1.0,2705.0
2017-08-02,1.8832,1.0521,1.5564,0.4952,1.3855,확장(Risk-On),1.0,1.0,2704.0
2017-08-03,1.8699,0.841,1.3427,0.6155,1.2927,확장(Risk-On),1.0,1.0,2701.0
2017-08-04,1.8755,0.9152,1.4161,0.4997,1.3142,확장(Risk-On),1.0,1.0,2702.75
2017-08-07,1.6714,0.838,1.4862,0.4476,1.2332,확장(Risk-On),1.0,1.0,2708.25
2017-08-08,1.4688,0.6416,1.2859,0.3696,1.0514,확장(Risk-On),1.0,1.0,2702.75
2017-08-09,1.5162,0.6252,1.1572,0.3941,1.0354,확장(Risk-On),1.0,1.0,2705.0
2017-08-10,0.6254,-0.4906,0.6243,0.4734,0.3233,확장(Risk-On),1.0,1.0,2665.0
2017-08-11,0.7272,-0.3662,0.6985,0.5032,0.4131,확장(Risk-On),1.0,1.0,2671.5
2017-08-14,0.8634,0.2676,0.921,0.4025,0.6597,확장(Risk-On),1.0,1.0,2696.25
2017-08-15,0.8473,0.4616,1.038,0.3092,0.7178,확장(Risk-On),1.0,1.0,2695.5
2017-08-16,0.8506,0.4043,0.8693,0.4078,0.6773,확장(Risk-On),1.0,1.0,2697.25
2017-08-17,0.2584,-0.3764,0.5636,0.506,0.2131,확장(Risk-On),1.0,1.0,2655.5
2017-08-18,0.2319,-0.1864,0.598,0.453,0.252,확장(Risk-On),1.0,1.0,2656.0
2017-08-21,0.3258,-0.0182,0.5109,0.3989,0.297,확장(Risk-On),1.0,1.0,2659.5
2017-08-22,0.6065,0.5017,0.4856,0.2991,0.504,확장(Risk-On),1.0,1.0,2684.0
2017-08-23,0.509,0.2174,0.631,0.3851,0.448,확장(Risk-On),1.0,1.0,2671.0
2017-08-24,0.4782,0.3003,0.6473,0.4175,0.4669,확장(Risk-On),1.0,1.0,2673.0
2017-08-25,0.5008,0.4223,0.6884,0.4497,0.5204,확장(Risk-On),1.0,1.0,2672.75
2017-08-28,0.4869,0.3356,0.6802,0.2947,0.4685,확장(Risk-On),1.0,1.0,2675.25
2017-08-29,0.4062,0.3358,0.7817,0.2864,0.4645,확장(Risk-On),1.0,1.0,2678.0
2017-08-30,0.5485,0.4661,0.6111,0.2627,0.5007,확장(Risk-On),1.0,1.0,2687.0
2017-08-31,0.6972,0.9325,0.5584,0.2879,0.66,확장(Risk-On),1.0,1.0,2701.0
2017-09-01,1.0122,1.0485,0.428,0.2432,0.7599,확장(Risk-On),1.0,1.0,2704.5
2017-09-04,0.7214,0.6455,0.2221,0.2875,0.5125,확장(Risk-On),1.0,1.0,2696.875
2017-09-05,0.7272,0.1103,0.0964,0.3684,0.3615,확장(Risk-On),1.0,1.0,2691.0
2017-09-06,0.6708,0.5466,0.254,0.2981,0.4797,확장(Risk-On),1.0,1.0,2695.5
2017-09-07,1.0648,0.31,0.0313,0.4357,0.5234,확장(Risk-On),1.0,1.0,2697.25
2017-09-08,0.9985,0.2183,0.1062,0.5119,0.5074,확장(Risk-On),1.0,1.0,2692.75
2017-09-11,1.2478,0.4339,0.2459,0.3156,0.654,확장(Risk-On),1.0,1.0,2719.0
2017-09-12,1.1567,0.6002,0.2508,0.266,0.6575,확장(Risk-On),1.0,1.0,2727.25
2017-09-13,1.3192,0.6488,0.229,0.2642,0.7208,확장(Risk-On),1.0,1.0,2727.75
2017-09-14,1.233,0.5847,0.1643,0.1644,0.6434,확장(Risk-On),1.0,1.0,2726.5
2017-09-15,1.3552,0.7159,0.3321,0.1288,0.7557,확장(Risk-On),1.0,1.0,2732.5
2017-09-18,1.3333,0.734,0.2938,-0.1507,0.701,확장(Risk-On),1.0,1.0,2735.0
2017-09-19,1.2988,0.7223,0.3182,-0.1135,0.6976,확장(Risk-On),1.0,1.0,2736.0
2017-09-20,1.2225,0.875,0.4074,-0.3485,0.6962,확장(Risk-On),1.0,1.0,2738.25
2017-09-21,1.0463,0.7864,0.3525,-0.2277,0.6168,확장(Risk-On),1.0,1.0,2733.25
2017-09-22,0.9818,0.7734,0.2384,-0.1211,0.5784,확장(Risk-On),1.0,1.0,2732.25
2017-09-25,0.8273,0.6579,0.0503,-0.1472,0.4445,확장(Risk-On),1.0,1.0,2730.0
2017-09-26,0.8238,0.8158,0.0424,-0.4909,0.4292,확장(Risk-On),1.0,1.0,2727.875
2017-09-27,0.9983,0.7887,0.0906,-0.653,0.4713,확장(Risk-On),1.0,1.0,2737.0
2017-09-28,1.0163,0.9205,0.2293,-1.0419,0.4868,확장(Risk-On),1.0,1.0,2740.5
2017-09-29,1.0993,1.0401,0.3452,-1.1498,0.5586,확장(Risk-On),1.0,1.0,2749.75
2017-10-02,1.2414,1.1243,0.3365,-1.1462,0.6278,확장(Risk-On),1.0,1.0,2759.75
2017-10-03,1.3339,1.0114,0.2965,-0.7324,0.684,확장(Risk-On),1.0,1.0,2765.5
2017-10-04,1.1978,1.0337,0.2911,-0.5811,0.6633,확장(Risk-On),1.0,1.0,2768.75
2017-10-05,1.2905,1.1661,0.2616,-0.6628,0.7091,확장(Risk-On),1.0,1.0,2781.75
2017-10-06,1.2211,1.1595,0.2126,-0.7464,0.6584,확장(Risk-On),1.0,1.0,2777.25
2017-10-09,1.1702,0.9589,0.2247,-0.6579,0.6068,확장(Risk-On),1.0,1.0,2776.0
2017-10-10,1.2384,0.9907,0.278,-0.6147,0.6584,확장(Risk-On),1.0,1.0,2780.75
2017-10-11,1.296,1.0379,0.4454,-0.4935,0.7504,확장(Risk-On),1.0,1.0,2785.5
2017-10-12,1.215,1.0194,0.4642,-0.3829,0.7387,확장(Risk-On),1.0,1.0,2781.0
2017-10-13,1.4854,1.3077,0.8574,-0.0404,1.0551,확장(Risk-On),1.0,1.0,2785.5
2017-10-16,1.6006,1.2927,0.8287,-0.3309,1.041,확장(Risk-On),1.0,1.0,2788.75
2017-10-17,1.8913,1.0705,0.6407,-0.2932,1.0458,확장(Risk-On),1.0,1.0,2788.125
2017-10-18,1.9105,1.1951,0.7539,-0.7417,1.0447,확장(Risk-On),1.0,1.0,2792.75
2017-10-19,1.8851,1.247,0.8851,-0.5316,1.1131,확장(Risk-On),1.0,1.0,2793.25
2017-10-20,2.5796,1.5555,1.4818,-0.6277,1.568,확장(Risk-On),1.0,1.0,2805.5
2017-10-23,2.1965,1.2558,1.3607,-0.3594,1.369,확장(Risk-On),1.0,1.0,2796.75
2017-10-24,2.4387,1.2358,1.4086,-0.5692,1.4293,확장(Risk-On),1.0,1.0,2799.5
2017-10-25,2.1992,1.2045,1.2696,-0.6619,1.289,확장(Risk-On),1.0,1.0,2790.5
2017-10-26,2.3526,1.1672,1.1554,-0.97,1.2585,확장(Risk-On),1.0,1.0,2794.0
2017-10-27,2.5366,1.5594,1.1418,-0.6785,1.4613,확장(Risk-On),1.0,1.0,2810.5
2017-10-30,2.0043,1.3898,1.0894,-0.3316,1.2716,확장(Risk-On),1.0,1.0,2801.0
2017-10-31,2.2209,1.468,1.1386,-0.3591,1.3751,확장(Risk-On),1.0,1.0,2805.25
2017-11-01,2.2076,1.5657,1.0915,-0.3915,1.3782,확장(Risk-On),1.0,1.0,2805.25
2017-11-02,2.3086,1.5942,1.0126,-0.2687,1.4194,확장(Risk-On),1.0,1.0,2810.0
2017-11-03,2.3215,1.7561,0.8843,-0.2499,1.4352,확장(Risk-On),1.0,1.0,2813.75
2017-11-06,2.4675,1.6551,1.0513,-0.4043,1.4796,확장(Risk-On),1.0,1.0,2820.0
2017-11-07,2.3649,1.5324,1.0058,-0.4072,1.4012,확장(Risk-On),1.0,1.0,2818.5
2017-11-08,2.3911,1.6048,1.0317,-0.2902,1.4525,확장(Risk-On),1.0,1.0,2823.25
2017-11-09,2.1047,1.4891,1.1144,-0.2934,1.3435,확장(Risk-On),1.0,1.0,2816.25
2017-11-10,2.0161,1.2707,1.1144,-0.4002,1.2419,확장(Risk-On),1.0,1.0,2811.75
2017-11-13,2.0215,1.1639,0.9381,-0.2306,1.1984,확장(Risk-On),1.0,1.0,2814.5
2017-11-14,1.8228,1.1407,0.9458,-0.0524,1.1517,확장(Risk-On),1.0,1.0,2809.5
2017-11-15,1.6037,0.9747,0.9293,0.065,1.047,확장(Risk-On),1.0,1.0,2797.5
2017-11-16,1.9708,1.3193,0.9287,-0.0338,1.2467,확장(Risk-On),1.0,1.0,2817.25
2017-11-17,1.7496,1.4061,0.9798,0.0437,1.2154,확장(Risk-On),1.0,1.0,2809.75
2017-11-20,2.1115,1.3706,0.9865,0.0216,1.3315,확장(Risk-On),1.0,1.0,2815.0
2017-11-21,2.1449,1.5996,1.1093,0.0182,1.4307,확장(Risk-On),1.0,1.0,2829.5
2017-11-22,1.9299,1.6487,1.1305,0.1082,1.3865,확장(Risk-On),1.0,1.0,2827.5
2017-11-23,2.0239,1.5475,0.8915,-0.0473,1.311,확장(Risk-On),1.0,1.0,2829.375
2017-11-24,2.0548,1.6642,1.1589,-0.0419,1.4187,확장(Risk-On),1.0,1.0,2834.0
2017-11-27,1.9714,1.363,1.0133,-0.159,1.2602,확장(Risk-On),1.0,1.0,2834.25
2017-11-28,2.1823,1.3913,1.0653,-0.2253,1.3442,확장(Risk-On),1.0,1.0,2858.0
2017-11-30,2.2864,1.2414,1.2815,-0.8464,1.304,확장(Risk-On),1.0,1.0,2873.75
2017-12-01,2.3738,1.1902,1.3362,-0.5248,1.3837,확장(Risk-On),1.0,1.0,2877.0
2017-12-04,2.2649,1.3553,1.3641,-0.3907,1.414,확장(Risk-On),1.0,1.0,2870.75
2017-12-05,2.0692,1.4366,1.4552,-0.2946,1.403,확장(Risk-On),1.0,1.0,2861.0
2017-12-06,2.0763,1.4318,1.2936,-0.0962,1.3936,확장(Risk-On),1.0,1.0,2861.75
2017-12-07,2.2387,1.7189,1.4068,-0.279,1.5231,확장(Risk-On),1.0,1.0,2872.25
2017-12-08,2.4973,2.0446,1.3105,-0.495,1.6386,확장(Risk-On),1.0,1.0,2883.75
2017-12-11,2.5397,1.8792,1.4579,-0.5103,1.6466,확장(Risk-On),1.0,1.0,2894.5
2017-12-12,2.6173,1.7723,1.3351,-0.5571,1.6093,확장(Risk-On),1.0,1.0,2898.0
2017-12-13,2.6242,1.4676,1.2665,-0.2143,1.5698,확장(Risk-On),1.0,1.0,2897.5
2017-12-14,2.1961,1.1125,1.1557,-0.2209,1.3026,확장(Risk-On),1.0,1.0,2886.25
2017-12-15,2.3488,1.4895,1.3316,-0.4959,1.453,확장(Risk-On),1.0,1.0,2914.0
2017-12-17,2.4294,1.5147,1.3697,-0.4296,1.507,확장(Risk-On),1.0,1.0,2918.75
2017-12-18,2.3866,1.5329,1.4741,-0.5167,1.5096,확장(Risk-On),1.0,1.0,2921.0
2017-12-19,2.4946,1.5065,1.3845,-0.8336,1.4708,확장(Risk-On),1.0,1.0,2927.75
2017-12-20,2.4083,1.6074,1.3392,-1.0586,1.4208,확장(Risk-On),1.0,1.0,2922.5
2017-12-21,2.2829,1.6533,1.3101,-1.0569,1.3813,확장(Risk-On),1.0,1.0,2915.0
2017-12-22,2.1617,1.6803,1.2853,-1.1493,1.3256,확장(Risk-On),1.0,1.0,2922.5
2017-12-25,2.0925,1.761,1.2722,-0.8254,1.3669,확장(Risk-On),1.0,1.0,2921.0
2017-12-26,1.9564,1.6998,1.1377,-0.9341,1.254,확장(Risk-On),1.0,1.0,2920.0
2017-12-27,1.8737,1.5699,1.172,-0.5963,1.2518,확장(Risk-On),1.0,1.0,2918.75
2017-12-28,1.8807,1.6087,1.1019,-0.5598,1.2519,확장(Risk-On),1.0,1.0,2918.0
2017-12-29,1.9253,1.3707,1.1587,-0.5817,1.2189,확장(Risk-On),1.0,1.0,2920.75
2018-01-01,1.8993,1.1405,1.0555,-0.7557,1.1004,확장(Risk-On),1.0,1.0,2913.5
2018-01-02,1.8665,1.3585,0.9762,-0.8376,1.1113,확장(Risk-On),1.0,1.0,2912.75
2018-01-03,2.1005,1.5897,1.2175,-0.7543,1.3238,확장(Risk-On),1.0,1.0,2943.0
2018-01-04,2.1357,1.5798,1.1942,-0.8534,1.313,확장(Risk-On),1.0,1.0,2956.0
2018-01-05,2.2739,1.625,1.2813,-0.9508,1.3798,확장(Risk-On),1.0,1.0,2958.5
2018-01-07,2.4553,1.723,1.427,-0.854,1.5187,확장(Risk-On),1.0,1.0,2978.5
2018-01-08,2.4403,1.6954,1.5111,-1.2146,1.4735,확장(Risk-On),1.0,1.0,2977.25
2018-01-09,2.5037,1.6075,1.5113,-1.3721,1.4502,확장(Risk-On),1.0,1.0,2978.5
2018-01-10,2.6876,1.5171,1.605,-1.4414,1.505,확장(Risk-On),1.0,1.0,2982.75
2018-01-11,2.6031,1.5024,1.6397,-1.4329,1.4817,확장(Risk-On),1.0,1.0,3002.25
2018-01-12,2.7631,1.4516,1.8209,-1.3921,1.5764,확장(Risk-On),1.0,1.0,3021.5
2018-01-14,2.8428,1.523,1.7884,-1.1814,1.6456,확장(Risk-On),1.0,1.0,3028.25
2018-01-15,2.7384,1.4771,1.7729,-1.1049,1.6052,확장(Risk-On),1.0,1.0,3025.5
2018-01-16,2.8437,1.1314,1.9479,-1.0271,1.611,확장(Risk-On),1.0,1.0,3030.25
2018-01-17,2.9611,1.1153,2.0658,-1.2527,1.6438,확장(Risk-On),1.0,1.0,3037.75
2018-01-18,2.9223,1.0472,2.1334,-1.3488,1.6156,확장(Risk-On),1.0,1.0,3040.0
2018-01-19,2.7237,1.3063,1.9721,-1.5204,1.5448,확장(Risk-On),1.0,1.0,3027.0
2018-01-21,2.895,1.3342,2.0519,-1.7201,1.6018,확장(Risk-On),1.0,1.0,3040.25
2018-01-22,3.0,1.3459,1.9544,-1.9057,1.5892,확장(Risk-On),1.0,1.0,3058.0
2018-01-23,3.0,1.4487,1.9647,-1.8433,1.6269,확장(Risk-On),1.0,1.0,3073.5
2018-01-24,3.0,1.3667,1.9831,-1.8799,1.6055,확장(Risk-On),1.0,1.0,3073.75
2018-01-25,3.0,1.1678,2.1729,-1.7452,1.6234,확장(Risk-On),1.0,1.0,3070.0
2018-01-26,3.0,1.1745,1.9953,-2.0397,1.5365,확장(Risk-On),1.0,1.0,3077.25
2018-01-28,3.0,1.1667,1.9907,-1.9972,1.5398,확장(Risk-On),1.0,1.0,3109.5
2018-01-29,3.0,0.6668,1.998,-2.0747,1.405,확장(Risk-On),1.0,1.0,3106.25
2018-01-30,2.7945,0.4978,2.095,-2.0762,1.3148,확장(Risk-On),1.0,1.0,3076.5
2018-01-31,2.2041,0.7837,1.8016,-2.0608,1.1086,확장(Risk-On),1.0,1.0,3050.0
2018-02-01,2.2909,0.8558,1.7984,-2.0083,1.1641,확장(Risk-On),1.0,1.0,3056.0
2018-02-02,1.4482,0.3173,1.473,-2.3687,0.5991,확장(Risk-On),1.0,1.0,3005.5
2018-02-04,1.0325,0.3231,1.2655,-2.3419,0.4072,확장(Risk-On),1.0,1.0,2973.5
2018-02-05,0.3045,-0.5601,0.6771,-1.7892,-0.1326,중립(Neutral),0.5,1.0,2919.25
2018-02-06,0.2557,-0.0921,0.7898,-1.8343,-0.0112,중립(Neutral),0.5,1.0,2922.5
2018-02-07,0.0338,0.0547,0.6722,-1.9585,-0.1002,중립(Neutral),0.5,1.0,2900.75
2018-02-08,0.0384,-0.2835,0.6206,-1.959,-0.1962,중립(Neutral),0.5,1.0,2904.5
2018-02-09,-0.4231,-0.1612,0.315,-1.7833,-0.3771,수축(Risk-Off),0.0,1.0,2850.75
2018-02-11,-0.3264,-0.2414,0.2116,-1.779,-0.3885,수축(Risk-Off),0.0,1.0,2867.0
2018-02-12,-0.3851,0.0622,0.1773,-1.8857,-0.3578,수축(Risk-Off),0.0,1.0,2868.5
2018-02-13,-0.2317,0.095,0.2798,-1.761,-0.2515,수축(Risk-Off),0.0,1.0,2880.25
2018-02-14,-0.1697,0.602,0.3647,-2.0993,-0.1326,중립(Neutral),0.5,1.0,2900.0
2018-02-15,0.2443,0.7521,0.6142,-2.2111,0.0954,중립(Neutral),0.5,1.0,2968.75
2018-02-16,0.1871,0.7368,0.6869,-1.8185,0.1486,중립(Neutral),0.5,1.0,2969.0
2018-02-18,0.2315,0.7024,0.495,-1.8893,0.097,중립(Neutral),0.5,1.0,2973.0
2018-02-19,0.2969,0.6943,0.5597,-1.7776,0.1508,중립(Neutral),0.5,1.0,2977.5
2018-02-20,0.1492,0.567,0.5045,-1.7352,0.0598,중립(Neutral),0.5,1.0,2962.25
2018-02-21,-0.0916,0.6595,0.2954,-1.8543,-0.0715,중립(Neutral),0.5,1.0,2947.75
2018-02-22,-0.2624,0.6449,0.29,-1.6021,-0.0984,중립(Neutral),0.5,1.0,2924.0
2018-02-23,0.0723,0.8936,0.4534,-1.3285,0.1628,중립(Neutral),0.5,1.0,2957.5
2018-02-25,0.3212,0.9389,0.5025,-1.1024,0.3074,확장(Risk-On),1.0,1.0,2985.0
2018-02-26,0.3022,1.0232,0.4231,-0.8394,0.3414,확장(Risk-On),1.0,1.0,2985.0
2018-02-27,0.6506,0.9102,0.5384,-1.1066,0.4239,확장(Risk-On),1.0,1.0,3011.0
2018-02-28,0.3572,1.0438,0.2902,-1.1707,0.2829,확장(Risk-On),1.0,1.0,2949.75
2018-03-01,0.2388,0.4233,0.1718,-0.8193,0.1094,중립(Neutral),0.5,1.0,2912.5
2018-03-02,0.218,0.5297,0.2116,-0.7835,0.1441,중립(Neutral),0.5,1.0,2912.0
2018-03-04,0.3338,0.6824,0.2544,-0.8023,0.2307,확장(Risk-On),1.0,1.0,2914.0
2018-03-05,0.5167,0.7838,0.464,-1.154,0.3197,확장(Risk-On),1.0,1.0,2951.5
2018-03-06,0.7224,0.8163,0.4552,-1.1115,0.404,확장(Risk-On),1.0,1.0,2959.25
2018-03-07,0.4834,0.738,0.4629,-0.9982,0.3197,확장(Risk-On),1.0,1.0,2926.25
2018-03-08,0.6504,0.9433,0.4748,-0.9949,0.4329,확장(Risk-On),1.0,1.0,2962.0
2018-03-09,0.6623,0.9888,0.4739,-0.8362,0.472,확장(Risk-On),1.0,1.0,2971.0
2018-03-11,0.8668,1.1017,0.571,-0.8692,0.5912,확장(Risk-On),1.0,1.0,3024.0
2018-03-12,0.6488,0.9849,0.5852,-0.7351,0.5093,확장(Risk-On),1.0,1.0,3022.0
2018-03-13,0.4444,0.7891,0.6044,-0.6984,0.3992,확장(Risk-On),1.0,1.0,2986.0
2018-03-14,0.3595,0.6327,0.4733,-0.6993,0.2974,확장(Risk-On),1.0,1.0,2972.5
2018-03-15,0.3882,0.6911,0.5248,-0.6574,0.3412,확장(Risk-On),1.0,1.0,2978.0
2018-03-16,0.4048,0.713,0.4629,-0.6529,0.3377,확장(Risk-On),1.0,1.0,2972.0
2018-03-18,0.3956,0.6491,0.4116,-0.6195,0.3107,확장(Risk-On),1.0,1.0,2972.0
2018-03-19,0.3951,0.356,0.5102,-0.7044,0.2492,확장(Risk-On),1.0,1.0,2965.75
2018-03-20,0.1591,0.3513,0.4132,-0.8822,0.1145,중립(Neutral),0.5,1.0,2942.25
2018-03-21,0.0587,0.3229,0.2422,-0.8392,0.0359,중립(Neutral),0.5,1.0,2944.5
2018-03-22,0.0127,-0.1256,0.2253,-0.6696,-0.0711,중립(Neutral),0.5,1.0,2935.25
2018-03-23,-0.4868,-0.3893,-0.0679,-0.6594,-0.3836,수축(Risk-Off),0.0,1.0,2848.75
2018-03-25,-0.4552,-0.3806,-0.142,-0.698,-0.3947,수축(Risk-Off),0.0,1.0,2823.25
2018-03-26,-0.1229,-0.0604,0.0403,-0.8312,-0.1727,중립(Neutral),0.5,1.0,2875.75
2018-03-27,-0.3382,-0.316,-0.1897,-0.6343,-0.34,수축(Risk-Off),0.0,1.0,2835.25
2018-03-28,-0.3972,-0.4138,-0.1957,-0.6737,-0.3925,수축(Risk-Off),0.0,1.0,2826.0
2018-03-29,-0.3424,-0.2657,-0.2682,-0.6366,-0.3488,수축(Risk-Off),0.0,1.0,2855.75
2018-04-01,-0.3103,-0.3376,-0.2006,-0.6074,-0.3343,수축(Risk-Off),0.0,0.0,2854.5
2018-04-02,-0.6582,-0.7736,-0.5024,-0.4886,-0.6227,수축(Risk-Off),0.0,0.0,2796.0
2018-04-03,-0.5055,-0.4671,-0.4287,-0.5531,-0.4838,수축(Risk-Off),0.0,0.0,2829.0
2018-04-04,-0.6936,-0.396,-0.4842,-0.5598,-0.5468,수축(Risk-Off),0.0,0.0,2820.0
2018-04-05,-0.4307,-0.1475,-0.6147,-0.6162,-0.4337,수축(Risk-Off),0.0,0.0,2881.5
2018-04-06,-0.4498,-0.4772,-0.5479,-0.5924,-0.5026,수축(Risk-Off),0.0,0.0,2860.5
2018-04-08,-0.5397,-0.5759,-0.6756,-0.539,-0.5826,수축(Risk-Off),0.0,0.0,2833.0
2018-04-09,-0.5275,-0.6298,-0.5619,-0.5764,-0.569,수축(Risk-Off),0.0,0.0,2837.25
2018-04-10,-0.3648,-0.4549,-0.5132,-0.6055,-0.4605,수축(Risk-Off),0.0,0.0,2873.25
2018-04-11,-0.4611,-0.3778,-0.5018,-0.5453,-0.4631,수축(Risk-Off),0.0,0.0,2861.5
2018-04-12,-0.4352,-0.2649,-0.4842,-0.6192,-0.4325,수축(Risk-Off),0.0,0.0,2863.25
2018-04-13,-0.2328,-0.1814,-0.4596,-0.6951,-0.346,수축(Risk-Off),0.0,0.0,2886.0
2018-04-15,-0.1891,-0.0102,-0.3803,-0.7049,-0.2696,수축(Risk-Off),0.0,0.0,2892.25
2018-04-16,-0.1321,0.3799,-0.0704,-0.8157,-0.0912,중립(Neutral),0.5,0.0,2899.75
2018-04-17,0.2667,0.5416,-0.1381,-0.7744,0.0781,중립(Neutral),0.5,0.0,2925.25
2018-04-18,0.3895,0.435,-0.0092,-0.9296,0.1034,중립(Neutral),0.5,0.0,2928.25
2018-04-19,0.3262,0.5086,-0.0089,-1.3115,0.0424,중립(Neutral),0.5,0.0,2926.25
2018-04-20,0.2618,0.5231,0.0075,-1.4671,0.0042,중립(Neutral),0.5,0.0,2890.75
2018-04-22,0.3389,0.3873,-0.0167,-1.4336,-0.0038,중립(Neutral),0.5,0.0,2896.0
2018-04-23,0.2417,0.4481,-0.0534,-1.6286,-0.061,중립(Neutral),0.5,0.0,2889.25
2018-04-24,0.3337,0.3065,-0.2205,-1.6637,-0.1113,중립(Neutral),0.5,0.0,2894.5
2018-04-25,0.0949,0.3232,-0.2713,-1.9368,-0.2444,수축(Risk-Off),0.0,0.0,2848.0
2018-04-26,0.4583,0.2907,-0.4959,-1.598,-0.1306,중립(Neutral),0.5,0.0,2893.75
2018-04-27,0.3367,0.3473,-0.6026,-1.4985,-0.1708,중립(Neutral),0.5,0.0,2889.25
2018-04-29,0.3291,0.2933,-0.6066,-1.3721,-0.169,중립(Neutral),0.5,0.0,2891.5
2018-04-30,-0.0518,0.2599,-0.6627,-1.5056,-0.3447,수축(Risk-Off),0.0,0.0,2865.75
2018-05-01,-0.0001,0.3739,-0.6493,-1.6157,-0.3112,수축(Risk-Off),0.0,0.0,2867.25
2018-05-02,-0.0352,0.2492,-0.6813,-1.5689,-0.3557,수축(Risk-Off),0.0,0.0,2846.25
2018-05-03,-0.0372,0.2382,-0.6268,-1.3161,-0.3076,수축(Risk-Off),0.0,0.0,2850.0
2018-05-04,0.0456,0.4267,-0.6938,-1.5076,-0.2769,수축(Risk-Off),0.0,0.0,2882.25
2018-05-06,0.1157,0.3113,-0.7443,-1.2456,-0.2546,수축(Risk-Off),0.0,0.0,2888.0
2018-05-07,0.1467,0.2697,-0.6943,-1.2851,-0.2476,수축(Risk-Off),0.0,0.0,2888.25
2018-05-08,0.046,0.2004,-0.8819,-1.4586,-0.3731,수축(Risk-Off),0.0,0.0,2889.0
2018-05-09,-0.0137,0.4937,-0.6725,-1.528,-0.2787,수축(Risk-Off),0.0,0.0,2888.5
2018-05-10,0.1207,0.6369,-0.5211,-1.4109,-0.1404,중립(Neutral),0.5,0.0,2919.0
2018-05-11,0.0889,0.7569,-0.4811,-1.1355,-0.0703,중립(Neutral),0.5,0.0,2935.75
2018-05-13,0.2699,0.8018,-0.4412,-1.0136,0.0326,중립(Neutral),0.5,0.0,2954.75
2018-05-14,0.3397,0.6839,-0.4812,-1.0299,0.0151,중립(Neutral),0.5,0.0,2954.75
2018-05-15,0.371,0.5596,-0.5102,-1.379,-0.0646,중립(Neutral),0.5,0.0,2941.75
2018-05-16,0.3557,0.7676,-0.5447,-1.417,-0.0323,중립(Neutral),0.5,0.0,2941.25
2018-05-17,0.2933,0.8251,-0.5835,-1.5208,-0.0651,중립(Neutral),0.5,0.0,2935.75
2018-05-18,0.3032,0.6974,-0.6477,-1.0463,-0.0384,중립(Neutral),0.5,0.0,2943.75
2018-05-20,0.5297,0.5316,-0.7736,-1.2098,-0.0565,중립(Neutral),0.5,0.0,2948.5
2018-05-21,0.3571,0.5635,-0.7863,-1.2523,-0.1186,중립(Neutral),0.5,0.0,2951.5
2018-05-22,0.3225,0.6448,-0.7406,-1.2369,-0.0966,중립(Neutral),0.5,0.0,2944.75
2018-05-23,0.1843,0.6675,-0.8182,-0.8578,-0.1018,중립(Neutral),0.5,0.0,2937.0
2018-05-24,0.3142,0.6232,-0.8248,-0.734,-0.0505,중립(Neutral),0.5,0.0,2947.25
2018-05-25,0.3918,0.4722,-0.8261,-0.5888,-0.0396,중립(Neutral),0.5,0.0,2950.25
2018-05-27,0.462,0.4646,-0.8319,-0.5888,-0.0185,중립(Neutral),0.5,0.0,2948.0
2018-05-28,0.4812,0.4051,-0.8901,-0.588,-0.041,중립(Neutral),0.5,0.0,2949.0
2018-05-29,0.2784,-0.2626,-0.9432,-0.2363,-0.2395,수축(Risk-Off),0.0,0.0,2928.25
2018-05-30,0.3452,0.099,-0.5591,-0.3126,-0.0411,중립(Neutral),0.5,0.0,2943.75
2018-05-31,0.3318,0.1249,-0.6319,-0.3294,-0.06,중립(Neutral),0.5,0.0,2943.25
2018-06-01,0.4711,0.562,-0.2208,-0.3731,0.1942,중립(Neutral),0.5,0.5,2952.25
2018-06-03,0.4745,0.6045,-0.1406,-0.3731,0.2261,확장(Risk-On),1.0,0.5,2952.5
2018-06-04,0.4878,0.5914,-0.3221,-0.4279,0.1739,중립(Neutral),0.5,0.5,2958.0
2018-06-05,0.7054,0.8095,-0.2099,-0.4139,0.3347,확장(Risk-On),1.0,0.5,2970.0
2018-06-06,0.7207,0.9493,-0.0774,-0.3664,0.4152,확장(Risk-On),1.0,0.5,2974.25
2018-06-07,0.764,1.0138,0.0184,-0.326,0.4765,확장(Risk-On),1.0,0.5,2996.0
2018-06-08,0.8117,0.9289,-0.0884,-0.3251,0.4455,확장(Risk-On),1.0,0.5,2984.5
2018-06-10,0.8579,0.9483,-0.0602,-0.3251,0.4735,확장(Risk-On),1.0,0.5,2992.0
2018-06-11,0.974,1.1455,0.4372,-0.3019,0.6913,확장(Risk-On),1.0,0.5,3001.5
2018-06-12,0.9921,1.0567,0.3249,-0.3814,0.6354,확장(Risk-On),1.0,0.5,3005.5
2018-06-13,0.879,0.9384,0.2299,-0.3783,0.543,확장(Risk-On),1.0,0.5,2993.0
2018-06-14,1.0654,0.8659,-0.1315,-0.3518,0.5037,확장(Risk-On),1.0,0.5,2987.75
2018-06-15,1.1282,1.001,0.133,-0.2894,0.635,확장(Risk-On),1.0,0.5,3000.0
2018-06-17,1.2,1.0782,0.2549,-0.2894,0.7099,확장(Risk-On),1.0,0.5,2997.75
2018-06-18,0.8758,1.0143,0.1228,-0.2504,0.5532,확장(Risk-On),1.0,0.5,2986.25
2018-06-19,0.8903,0.6784,-0.0452,-0.1559,0.4465,확장(Risk-On),1.0,0.5,2980.5
2018-06-20,1.0124,0.8861,0.1929,-0.2428,0.5877,확장(Risk-On),1.0,0.5,2985.75
2018-06-21,1.0402,0.8054,0.1635,-0.4871,0.5332,확장(Risk-On),1.0,0.5,2991.25
2018-06-22,0.886,0.668,0.1612,-0.2048,0.4867,확장(Risk-On),1.0,0.5,2974.0
2018-06-24,0.8281,0.6845,0.1267,-0.1846,0.4649,확장(Risk-On),1.0,0.5,2972.25
2018-06-25,0.6915,-0.0547,0.0813,-0.0822,0.2364,확장(Risk-On),1.0,0.5,2957.0
2018-06-26,0.4735,0.0216,0.0017,-0.0658,0.1617,중립(Neutral),0.5,0.5,2943.0
2018-06-27,0.374,-0.4374,-0.0697,0.0413,0.0103,중립(Neutral),0.5,0.5,2935.0
2018-06-28,0.2032,-0.3795,-0.075,0.0194,-0.0396,중립(Neutral),0.5,0.5,2922.0
2018-06-29,0.3017,-0.1975,0.2937,0.0,0.1297,중립(Neutral),0.5,0.5,2945.5
2018-07-01,0.194,-0.2036,0.2332,0.0,0.0753,중립(Neutral),0.5,0.5,2937.25
2018-07-02,0.1355,-0.1299,0.2921,0.0113,0.0897,중립(Neutral),0.5,0.5,2942.0
2018-07-03,0.1236,-0.3108,0.244,0.0281,0.0308,중립(Neutral),0.5,0.5,2927.75
2018-07-04,0.1167,-0.1455,0.4521,0.1454,0.1393,중립(Neutral),0.5,0.5,2932.75
2018-07-05,0.3208,-0.0261,0.4256,0.1507,0.2347,확장(Risk-On),1.0,0.5,2953.25
2018-07-06,0.3176,0.2781,0.6531,0.1167,0.3615,확장(Risk-On),1.0,0.5,2956.5
2018-07-08,0.7846,0.2873,0.754,0.1167,0.5525,확장(Risk-On),1.0,0.5,2980.25
2018-07-09,0.7603,0.5657,0.8661,0.1002,0.6391,확장(Risk-On),1.0,0.5,2986.5
2018-07-10,0.9513,0.6243,0.9707,0.0765,0.7432,확장(Risk-On),1.0,0.5,3011.0
2018-07-11,0.6996,0.4745,1.1066,0.1778,0.6668,확장(Risk-On),1.0,0.5,2988.25
2018-07-12,0.9687,0.7733,1.0501,0.122,0.8132,확장(Risk-On),1.0,0.5,2999.25
2018-07-13,1.2513,0.7352,1.0399,0.0848,0.8944,확장(Risk-On),1.0,0.5,3019.25
2018-07-15,1.3277,0.8534,1.0399,0.0848,0.9507,확장(Risk-On),1.0,0.5,3021.5
2018-07-16,1.161,0.6889,1.1231,0.045,0.8661,확장(Risk-On),1.0,0.5,3011.5
2018-07-17,1.3012,0.8205,1.127,0.1074,0.9584,확장(Risk-On),1.0,0.5,3025.75
2018-07-18,1.3458,1.0577,1.0736,0.0484,1.0111,확장(Risk-On),1.0,0.5,3030.25
2018-07-19,1.3812,0.693,0.9562,0.0141,0.8979,확장(Risk-On),1.0,0.5,3020.25
2018-07-20,1.4327,0.8285,1.014,-0.2173,0.9295,확장(Risk-On),1.0,0.5,3017.25
2018-07-22,1.4992,0.6851,0.9113,-0.1697,0.8984,확장(Risk-On),1.0,0.5,3016.5
2018-07-23,1.5613,0.7513,0.9495,-0.2861,0.9288,확장(Risk-On),1.0,0.5,3026.25
2018-07-24,1.4135,0.7533,1.0294,-0.2793,0.8985,확장(Risk-On),1.0,0.5,3030.0
2018-07-25,1.4166,0.7388,1.0148,-0.3236,0.8856,확장(Risk-On),1.0,0.5,3033.25
2018-07-26,1.554,0.9012,1.2094,-0.5577,0.9879,확장(Risk-On),1.0,0.5,3049.5
2018-07-27,1.4482,0.699,1.1143,-0.3983,0.9004,확장(Risk-On),1.0,0.5,3032.0
2018-07-29,1.3691,0.5881,1.0755,-0.4228,0.8317,확장(Risk-On),1.0,0.5,3029.75
2018-07-30,1.1442,0.2747,1.116,-0.5548,0.6649,확장(Risk-On),1.0,0.5,3019.75
2018-07-31,1.1143,0.4915,1.038,-0.5597,0.6884,확장(Risk-On),1.0,0.5,3021.0
2018-08-01,1.0392,0.5988,1.2971,-0.6793,0.7358,확장(Risk-On),1.0,1.0,3028.25
2018-08-02,0.8525,0.643,1.2435,-0.5127,0.6931,확장(Risk-On),1.0,1.0,3017.5
2018-08-03,0.9684,0.886,1.3166,-0.3843,0.8319,확장(Risk-On),1.0,1.0,3042.0
2018-08-05,1.2724,0.8622,1.3166,-0.348,0.9378,확장(Risk-On),1.0,1.0,3054.5
2018-08-06,1.2603,0.901,1.2555,-0.3555,0.9269,확장(Risk-On),1.0,1.0,3063.5
2018-08-07,1.2937,1.3936,1.429,-0.5745,1.0723,확장(Risk-On),1.0,1.0,3075.25
2018-08-08,1.2529,1.2775,1.2407,-0.4538,1.0,확장(Risk-On),1.0,1.0,3071.75
2018-08-09,1.2699,1.0785,1.2142,-0.3704,0.9621,확장(Risk-On),1.0,1.0,3068.25
2018-08-10,1.0806,0.4516,1.0246,0.0,0.7473,확장(Risk-On),1.0,1.0,3054.75
2018-08-12,0.8931,0.4813,1.019,0.0,0.6876,확장(Risk-On),1.0,1.0,3046.0
2018-08-13,0.8642,0.1444,1.0069,0.0334,0.5953,확장(Risk-On),1.0,1.0,3040.0
2018-08-14,1.0203,0.4592,0.984,-0.1306,0.6983,확장(Risk-On),1.0,1.0,3055.5
2018-08-15,0.7983,0.0841,0.7943,-0.0292,0.4946,확장(Risk-On),1.0,1.0,3035.75
2018-08-16,0.9708,0.2872,0.8312,-0.1195,0.6015,확장(Risk-On),1.0,1.0,3059.25
2018-08-17,1.012,0.4326,0.9152,-0.124,0.6726,확장(Risk-On),1.0,1.0,3066.75
2018-08-19,0.9829,0.398,0.9152,-0.124,0.6537,확장(Risk-On),1.0,1.0,3067.5
2018-08-20,0.824,0.375,0.9375,-0.0528,0.6086,확장(Risk-On),1.0,1.0,3070.75
2018-08-21,0.9529,0.293,0.9718,0.0071,0.6508,확장(Risk-On),1.0,1.0,3069.5
2018-08-22,1.0431,0.5111,1.1838,0.039,0.7947,확장(Risk-On),1.0,1.0,3076.5
2018-08-23,1.0191,0.4514,1.2888,0.0645,0.8014,확장(Risk-On),1.0,1.0,3072.5
2018-08-24,1.1963,0.5687,1.1527,-0.0287,0.8448,확장(Risk-On),1.0,1.0,3091.5
2018-08-26,1.2433,0.5192,1.1908,-0.0287,0.8583,확장(Risk-On),1.0,1.0,3096.5
2018-08-27,1.497,0.6163,1.3769,-0.0707,1.0116,확장(Risk-On),1.0,1.0,3113.0
2018-08-28,1.3266,0.7414,1.5626,-0.134,1.0202,확장(Risk-On),1.0,1.0,3114.0
2018-08-29,1.2889,0.6888,1.3806,-0.1754,0.9421,확장(Risk-On),1.0,1.0,3117.5
2018-08-30,1.2665,0.4465,1.3504,-0.0176,0.8899,확장(Risk-On),1.0,1.0,3116.5
2018-08-31,1.2434,0.6189,1.374,-0.0422,0.9271,확장(Risk-On),1.0,1.0,3117.25
2018-09-02,1.3019,0.6596,1.4043,-0.0281,0.9674,확장(Risk-On),1.0,1.0,3121.0
2018-09-03,1.2999,0.9057,1.3315,-0.1784,0.9875,확장(Risk-On),1.0,1.0,3118.0
2018-09-04,1.5471,0.9953,1.283,-0.3596,1.0571,확장(Risk-On),1.0,1.0,3124.75
2018-09-05,1.3174,1.0461,1.4614,-0.2063,1.057,확장(Risk-On),1.0,1.0,3103.5
2018-09-06,1.3654,0.7311,1.4807,0.1126,1.0477,확장(Risk-On),1.0,1.0,3097.75
2018-09-07,1.2709,0.6955,1.2174,-0.0048,0.9223,확장(Risk-On),1.0,1.0,3089.5
2018-09-09,1.4005,0.7259,1.2706,-0.3424,0.938,확장(Risk-On),1.0,1.0,3089.75
2018-09-10,1.3548,0.7379,1.3397,-0.2524,0.9557,확장(Risk-On),1.0,1.0,3093.25
2018-09-11,1.2956,1.0952,1.3722,-0.4926,0.9964,확장(Risk-On),1.0,1.0,3097.5
2018-09-12,1.3614,1.0605,1.4383,-0.6026,1.0108,확장(Risk-On),1.0,1.0,3101.625
2018-09-13,1.3156,1.1917,1.3641,-0.6643,0.9998,확장(Risk-On),1.0,1.0,3101.0
2018-09-14,1.5809,1.2423,1.333,-0.6886,1.0938,확장(Risk-On),1.0,1.0,3119.5
2018-09-16,1.4865,1.2116,1.2371,-0.8338,1.0074,확장(Risk-On),1.0,1.0,3114.0
2018-09-17,1.4269,0.7793,1.2561,-0.7706,0.8927,확장(Risk-On),1.0,1.0,3114.0
2018-09-18,1.2439,0.9051,1.1237,-1.0805,0.7805,확장(Risk-On),1.0,1.0,3107.25
2018-09-19,1.3334,1.3242,1.2188,-1.0175,0.9498,확장(Risk-On),1.0,1.0,3120.5
2018-09-20,1.4464,1.3796,1.462,-0.8399,1.0907,확장(Risk-On),1.0,1.0,3148.5
2018-09-21,1.4177,1.3779,1.4202,-0.8809,1.0636,확장(Risk-On),1.0,1.0,3151.75
2018-09-23,1.223,1.4035,1.2942,-0.926,0.9636,확장(Risk-On),1.0,1.0,3136.25
2018-09-24,1.1693,1.2721,1.2895,-1.0219,0.8964,확장(Risk-On),1.0,1.0,3134.5
2018-09-25,1.094,1.1846,1.166,-1.0772,0.809,확장(Risk-On),1.0,1.0,3134.25
2018-09-26,0.8743,0.9268,1.1371,-0.7332,0.712,확장(Risk-On),1.0,1.0,3120.25
2018-09-27,1.0859,1.1846,1.151,-0.6647,0.8642,확장(Risk-On),1.0,1.0,3130.25
2018-09-28,0.98,1.266,1.0289,-0.6761,0.8153,확장(Risk-On),1.0,1.0,3130.0
2018-09-30,1.1692,1.39,1.0723,-0.8598,0.8958,확장(Risk-On),1.0,1.0,3136.5
2018-10-01,1.2974,1.354,0.9357,-0.9109,0.8899,확장(Risk-On),1.0,1.0,3141.75
2018-10-02,1.2028,1.2549,0.6558,-0.3809,0.8415,확장(Risk-On),1.0,1.0,3130.25
2018-10-03,1.3329,1.4089,0.7679,-0.8866,0.8777,확장(Risk-On),1.0,1.0,3143.0
2018-10-04,0.892,0.6503,0.4012,-0.7413,0.4639,확장(Risk-On),1.0,1.0,3116.25
2018-10-05,0.9,0.668,0.5379,-0.878,0.4848,확장(Risk-On),1.0,1.0,3118.5
2018-10-07,0.6295,0.5764,0.3729,-1.044,0.3011,확장(Risk-On),1.0,1.0,3099.5
2018-10-08,0.5044,0.4077,0.4585,-1.0147,0.2409,확장(Risk-On),1.0,1.0,3097.75
2018-10-09,0.4409,0.3363,0.5012,-0.8004,0.2436,확장(Risk-On),1.0,1.0,3097.75
2018-10-10,0.485,-0.38,0.4844,-0.6672,0.0958,중립(Neutral),0.5,1.0,3098.0
2018-10-11,-0.5324,-0.9535,-0.2691,-0.4406,-0.5581,수축(Risk-Off),0.0,1.0,2982.75
2018-10-12,-0.5531,-0.5779,-0.2962,-0.6006,-0.5022,수축(Risk-Off),0.0,1.0,2977.0
2018-10-14,-0.6238,-0.6363,-0.3357,-0.4975,-0.5359,수축(Risk-Off),0.0,1.0,2976.0
2018-10-15,-0.7938,-0.6735,-0.3719,-0.4455,-0.606,수축(Risk-Off),0.0,1.0,2966.0
2018-10-16,-0.8576,-0.3061,-0.4265,-0.7774,-0.5999,수축(Risk-Off),0.0,1.0,2967.0
2018-10-17,-0.3179,-0.0226,-0.2054,-0.7882,-0.2865,수축(Risk-Off),0.0,1.0,3030.5
2018-10-18,-0.6321,-0.3933,-0.4215,-0.5409,-0.5061,수축(Risk-Off),0.0,1.0,2981.25
2018-10-19,-0.5963,-0.1602,-0.1136,-0.7035,-0.3827,수축(Risk-Off),0.0,1.0,2990.25
2018-10-21,-0.6911,-0.2005,-0.1535,-0.7569,-0.4439,수축(Risk-Off),0.0,1.0,2966.5
2018-10-22,-0.5922,-0.162,-0.2939,-0.711,-0.4279,수축(Risk-Off),0.0,1.0,2984.5
2018-10-23,-0.8606,-0.4807,-0.4456,-0.5235,-0.6113,수축(Risk-Off),0.0,1.0,2932.25
2018-10-24,-0.85,-0.8599,-0.6374,-0.1998,-0.7018,수축(Risk-Off),0.0,1.0,2940.0
2018-10-25,-1.1829,-0.9321,-0.9736,-0.2519,-0.9282,수축(Risk-Off),0.0,1.0,2880.0
2018-10-26,-1.1594,-0.9768,-1.0018,-0.1672,-0.9255,수축(Risk-Off),0.0,1.0,2883.25
2018-10-28,-1.1879,-0.8864,-1.0177,-0.1274,-0.9109,수축(Risk-Off),0.0,1.0,2882.25
2018-10-29,-1.3286,-0.8805,-1.0716,-0.1252,-0.9718,수축(Risk-Off),0.0,1.0,2847.75
2018-10-30,-1.2223,-0.6783,-1.137,-0.1572,-0.9052,수축(Risk-Off),0.0,1.0,2868.0
2018-10-31,-0.9404,-0.3285,-1.1036,-0.1688,-0.7125,수축(Risk-Off),0.0,1.0,2904.25
2018-11-01,-0.727,-0.0923,-0.9966,-0.192,-0.5555,수축(Risk-Off),0.0,0.0,2942.25
2018-11-02,-0.6044,0.2936,-0.9264,-0.2536,-0.4078,수축(Risk-Off),0.0,0.0,2966.75
2018-11-04,-0.8399,0.3594,-1.0547,-0.3602,-0.5218,수축(Risk-Off),0.0,0.0,2923.75
2018-11-05,-0.4863,0.0736,-1.0985,-0.3189,-0.4743,수축(Risk-Off),0.0,0.0,2926.75
2018-11-06,-0.3699,0.0577,-1.1405,-0.4786,-0.4719,수축(Risk-Off),0.0,0.0,2951.25
2018-11-07,0.012,0.5578,-0.7251,-0.5466,-0.1196,중립(Neutral),0.5,0.0,3025.25
2018-11-08,-0.0369,0.3962,-0.8115,-0.5883,-0.205,수축(Risk-Off),0.0,0.0,3015.5
2018-11-09,-0.0423,0.3004,-0.8572,-0.4166,-0.2165,수축(Risk-Off),0.0,0.0,3013.25
2018-11-11,-0.356,0.3217,-0.8414,-0.3451,-0.3063,수축(Risk-Off),0.0,0.0,2986.75
2018-11-12,-0.187,-0.0235,-0.7316,-0.3166,-0.3017,수축(Risk-Off),0.0,0.0,2997.0
2018-11-13,-0.4762,-0.1203,-0.8927,-0.312,-0.4667,수축(Risk-Off),0.0,0.0,2943.0
2018-11-14,-0.4524,-0.2668,-0.9618,-0.3357,-0.5159,수축(Risk-Off),0.0,0.0,2936.75
2018-11-15,-0.4673,-0.0706,-0.9968,-0.2866,-0.4734,수축(Risk-Off),0.0,0.0,2941.75
2018-11-16,-0.301,0.3404,-0.7514,-0.2716,-0.2488,수축(Risk-Off),0.0,0.0,2951.5
2018-11-18,-0.3599,0.0955,-0.8445,-0.1879,-0.3414,수축(Risk-Off),0.0,0.0,2941.75
2018-11-19,-0.1852,-0.0847,-0.8722,-0.1788,-0.3309,수축(Risk-Off),0.0,0.0,2943.75
2018-11-20,-0.5729,-0.477,-1.0798,-0.2345,-0.6249,수축(Risk-Off),0.0,0.0,2847.0
2018-11-21,-0.482,-0.2758,-1.1127,-0.221,-0.549,수축(Risk-Off),0.0,0.0,2862.75
2018-11-22,-0.4096,-0.3359,-1.2207,-0.2442,-0.5691,수축(Risk-Off),0.0,0.0,2862.75
2018-11-23,-0.5039,-0.5418,-1.3882,-0.2535,-0.6969,수축(Risk-Off),0.0,0.0,2846.0
2018-11-25,-0.5722,-0.6859,-1.3446,-0.2341,-0.743,수축(Risk-Off),0.0,0.0,2846.25
2018-11-26,-0.5972,-0.3887,-1.3669,-0.2003,-0.678,수축(Risk-Off),0.0,0.0,2852.25
2018-11-27,-0.5855,-0.4675,-1.3613,-0.1945,-0.6913,수축(Risk-Off),0.0,0.0,2873.5
2018-11-28,-0.1188,-0.3441,-1.2105,-0.1971,-0.4598,수축(Risk-Off),0.0,0.0,2950.5
2018-11-29,-0.1582,-0.45,-1.1915,-0.1507,-0.4883,수축(Risk-Off),0.0,0.0,2943.5
2018-11-30,-0.1486,-0.5537,-1.3243,-0.1871,-0.5496,수축(Risk-Off),0.0,0.0,2948.5
2018-12-02,-0.076,-0.3755,-1.1361,-0.2192,-0.4374,수축(Risk-Off),0.0,0.0,3011.5
2018-12-03,-0.0686,-0.292,-1.1626,-0.0827,-0.4,수축(Risk-Off),0.0,0.0,3017.0
2018-12-04,-0.2202,-0.7906,-1.2848,-0.0286,-0.6002,수축(Risk-Off),0.0,0.0,2980.75
2018-12-05,-0.3893,-0.6786,-1.4061,0.0129,-0.6555,수축(Risk-Off),0.0,0.0,2920.5
2018-12-06,-0.6189,-0.8374,-1.3334,-0.0032,-0.7598,수축(Risk-Off),0.0,0.0,2876.0
2018-12-07,-0.6265,-1.0095,-1.3464,0.0836,-0.7957,수축(Risk-Off),0.0,0.0,2844.25
2018-12-09,-0.6808,-1.1985,-1.4828,0.1856,-0.8808,수축(Risk-Off),0.0,0.0,2823.0
2018-12-10,-0.6994,-1.2122,-1.4868,0.2433,-0.883,수축(Risk-Off),0.0,0.0,2824.75
2018-12-11,-0.6303,-1.0094,-1.355,0.173,-0.7857,수축(Risk-Off),0.0,0.0,2844.75
2018-12-12,-0.5341,-1.0793,-1.2551,0.1762,-0.7441,수축(Risk-Off),0.0,0.0,2864.0
2018-12-13,-0.4969,-0.8875,-1.1319,0.2248,-0.645,수축(Risk-Off),0.0,0.0,2873.0
2018-12-14,-0.3846,-1.0999,-1.261,0.2142,-0.6927,수축(Risk-Off),0.0,0.0,2851.75
2018-12-16,-0.5301,-1.1854,-1.1795,0.2167,-0.7443,수축(Risk-Off),0.0,0.0,2830.5
2018-12-17,-0.6904,-1.4202,-1.4405,0.2925,-0.9129,수축(Risk-Off),0.0,0.0,2777.75
2018-12-18,-0.6579,-1.5025,-1.4135,0.3451,-0.9075,수축(Risk-Off),0.0,0.0,2782.0
2018-12-19,-0.8183,-1.6441,-1.4031,0.4848,-0.9755,수축(Risk-Off),0.0,0.0,2720.0
2018-12-20,-0.9216,-1.837,-1.1999,0.3941,-1.0227,수축(Risk-Off),0.0,0.0,2708.75
2018-12-21,-1.2228,-2.0375,-1.344,0.3078,-1.2272,수축(Risk-Off),0.0,0.0,2634.75
2018-12-23,-1.3666,-2.0234,-1.3436,0.3432,-1.2686,수축(Risk-Off),0.0,0.0,2639.25
2018-12-24,-1.1879,-2.4276,-1.3268,0.3182,-1.3066,수축(Risk-Off),0.0,0.0,2651.0
2018-12-25,-1.461,-2.4617,-1.5339,0.4525,-1.4424,수축(Risk-Off),0.0,0.0,2567.5
2018-12-26,-1.6369,-2.0658,-1.6115,0.3257,-1.4434,수축(Risk-Off),0.0,0.0,2563.0
2018-12-27,-1.0821,-1.8662,-1.2154,0.3667,-1.0941,수축(Risk-Off),0.0,0.0,2685.25
2018-12-28,-0.9281,-1.7403,-1.1199,0.2117,-1.0081,수축(Risk-Off),0.0,0.0,2710.25
2018-12-30,-0.8691,-1.7265,-1.0777,0.2766,-0.9638,수축(Risk-Off),0.0,0.0,2722.75
2018-12-31,-0.7133,-1.4204,-1.0286,0.3204,-0.8138,수축(Risk-Off),0.0,0.0,2728.25
2019-01-01,-0.6134,-1.4043,-0.8803,0.3893,-0.7275,수축(Risk-Off),0.0,0.0,2739.0
2019-01-02,-0.6606,-1.2713,-0.9971,0.4647,-0.7286,수축(Risk-Off),0.0,0.0,2704.0
2019-01-03,-0.8144,-1.4851,-0.926,0.5682,-0.8026,수축(Risk-Off),0.0,0.0,2671.0
2019-01-04,-0.7119,-1.1655,-0.8796,0.5283,-0.6812,수축(Risk-Off),0.0,0.0,2692.5
2019-01-06,-0.5007,-0.9123,-0.5953,0.3633,-0.4976,수축(Risk-Off),0.0,0.0,2760.25
2019-01-07,-0.4098,-0.7849,-0.4921,0.2446,-0.426,수축(Risk-Off),0.0,0.0,2772.25
2019-01-08,-0.3345,-0.7026,-0.5342,0.1925,-0.3974,수축(Risk-Off),0.0,0.0,2780.0
2019-01-09,-0.2107,-0.6285,-0.5824,0.219,-0.3436,수축(Risk-Off),0.0,0.0,2804.25
2019-01-10,-0.1189,-0.5668,-0.5643,0.2216,-0.2912,수축(Risk-Off),0.0,0.0,2790.25
2019-01-11,-0.0069,-0.499,-0.6622,0.2186,-0.2599,수축(Risk-Off),0.0,0.0,2817.0
2019-01-13,0.0439,-0.4533,-0.5224,0.272,-0.1878,중립(Neutral),0.5,0.0,2805.25
2019-01-14,-0.0405,-0.4706,-0.6468,0.3059,-0.2477,수축(Risk-Off),0.0,0.0,2795.5
2019-01-15,0.179,-0.4144,-0.8281,0.3648,-0.1933,중립(Neutral),0.5,0.0,2818.5
2019-01-16,0.289,-0.299,-1.0471,0.3703,-0.1798,중립(Neutral),0.5,0.0,2834.25
2019-01-17,0.3309,-0.1236,-0.9793,0.2719,-0.1191,중립(Neutral),0.5,0.0,2857.75
2019-01-18,0.5943,-0.2731,-0.8423,0.2745,-0.0297,중립(Neutral),0.5,0.0,2893.5
2019-01-20,0.5102,-0.1474,-0.7908,0.1194,-0.0381,중립(Neutral),0.5,0.0,2890.25
2019-01-21,0.3035,-0.1895,-0.8975,0.2019,-0.1352,중립(Neutral),0.5,0.0,2887.25
2019-01-22,0.1898,-0.453,-0.8228,0.2481,-0.2153,수축(Risk-Off),0.0,0.0,2873.25
2019-01-23,0.152,-0.4271,-0.7118,0.2048,-0.2008,수축(Risk-Off),0.0,0.0,2860.25
2019-01-24,0.0882,-0.384,-0.7373,0.2126,-0.2176,수축(Risk-Off),0.0,0.0,2858.75
2019-01-25,0.183,-0.3282,-0.7223,-0.2076,-0.2297,수축(Risk-Off),0.0,0.0,2870.0
2019-01-27,0.3159,-0.1001,-0.7562,-0.4193,-0.1664,중립(Neutral),0.5,0.0,2880.75
2019-01-28,0.3484,-0.4427,-0.8129,-0.2458,-0.2288,수축(Risk-Off),0.0,0.0,2874.0
2019-01-29,0.2284,-0.4075,-0.7034,0.2494,-0.1604,중립(Neutral),0.5,0.0,2858.25
2019-01-30,0.2804,-0.2857,-0.692,0.5082,-0.0701,중립(Neutral),0.5,0.0,2903.75
2019-01-31,0.2664,-0.2711,-0.5945,0.5718,-0.0374,중립(Neutral),0.5,0.0,2907.5
2019-02-01,0.4334,-0.2124,-0.4113,0.5827,0.0832,중립(Neutral),0.5,0.5,2928.0
2019-02-03,0.348,-0.1034,-0.4544,0.5062,0.0583,중립(Neutral),0.5,0.5,2925.0
2019-02-04,0.3797,-0.0979,-0.4726,0.4364,0.0558,중립(Neutral),0.5,0.5,2926.75
2019-02-05,0.382,-0.108,-0.5963,0.476,0.029,중립(Neutral),0.5,0.5,2940.25
2019-02-06,0.4669,-0.1181,-0.5775,0.5588,0.0733,중립(Neutral),0.5,0.5,2951.25
2019-02-07,0.4626,-0.2618,-0.7752,0.6265,-0.0034,중립(Neutral),0.5,0.5,2946.5
2019-02-08,0.3397,-0.2093,-0.7606,0.6502,-0.026,중립(Neutral),0.5,0.5,2930.0
2019-02-10,0.2042,-0.3754,-0.9698,0.6454,-0.168,중립(Neutral),0.5,0.5,2928.25
2019-02-11,0.1637,-0.3255,-0.9795,0.6517,-0.1712,중립(Neutral),0.5,0.5,2928.0
2019-02-12,0.1426,-0.1101,-0.7628,0.611,-0.0767,중립(Neutral),0.5,0.5,2944.25
2019-02-13,0.2209,0.0188,-0.5951,0.5371,0.0138,중립(Neutral),0.5,0.5,2972.0
2019-02-14,0.2242,0.1507,-0.6074,0.5887,0.0526,중립(Neutral),0.5,0.5,2979.0
2019-02-15,0.2025,0.2529,-0.6019,0.5941,0.0727,중립(Neutral),0.5,0.5,2954.5
2019-02-17,0.5143,0.423,-0.4497,0.5961,0.2628,확장(Risk-On),1.0,0.5,3000.75
2019-02-18,0.5936,0.326,-0.4825,0.6122,0.2605,확장(Risk-On),1.0,0.5,3000.25
2019-02-19,0.602,0.2035,-0.4478,0.637,0.2451,확장(Risk-On),1.0,0.5,2998.25
2019-02-20,0.6292,0.3093,-0.5648,0.7892,0.2747,확장(Risk-On),1.0,0.5,3000.0
2019-02-21,0.7036,0.3513,-0.3428,0.7181,0.3561,확장(Risk-On),1.0,0.5,3014.5
2019-02-22,0.6221,0.4229,-0.2488,0.6361,0.3567,확장(Risk-On),1.0,0.5,2998.5
2019-02-24,0.5919,0.4093,-0.216,0.659,0.3544,확장(Risk-On),1.0,0.5,3022.75
2019-02-25,0.5609,0.3409,-0.0968,0.6468,0.3544,확장(Risk-On),1.0,0.5,3017.0
2019-02-26,0.5055,0.3023,-0.0489,0.8236,0.3638,확장(Risk-On),1.0,0.5,3009.5
2019-02-27,0.5576,0.5409,0.0634,0.6834,0.4487,확장(Risk-On),1.0,0.5,3007.5
2019-02-28,0.6266,0.5782,0.2977,0.5195,0.5162,확장(Risk-On),1.0,0.5,3011.0
2019-03-01,0.6605,0.8683,0.5251,0.5047,0.6552,확장(Risk-On),1.0,1.0,3019.75
2019-03-03,0.8127,1.0316,0.7664,0.1059,0.7498,확장(Risk-On),1.0,1.0,3039.5
2019-03-04,0.8381,0.8103,0.7817,0.2708,0.732,확장(Risk-On),1.0,1.0,3038.5
2019-03-05,0.9648,1.014,1.0033,0.2859,0.8849,확장(Risk-On),1.0,1.0,3012.75
2019-03-06,0.8418,0.7567,0.9746,0.5847,0.8152,확장(Risk-On),1.0,1.0,2992.5
2019-03-07,1.0143,0.5309,0.7908,0.7289,0.7948,확장(Risk-On),1.0,1.0,2987.5
2019-03-08,0.9484,0.4741,0.5554,0.7503,0.7019,확장(Risk-On),1.0,1.0,2963.5
2019-03-10,0.8662,0.5229,0.4747,0.7898,0.671,확장(Risk-On),1.0,1.0,2965.75
2019-03-11,0.6091,0.7301,0.4454,0.6928,0.611,확장(Risk-On),1.0,1.0,2971.0
2019-03-12,0.9275,0.8206,0.5417,0.741,0.7764,확장(Risk-On),1.0,1.0,3014.5
2019-03-13,0.7386,1.123,0.8785,0.6816,0.8611,확장(Risk-On),1.0,1.0,3010.5
2019-03-14,0.9043,1.3262,1.2006,0.7098,1.0546,확장(Risk-On),1.0,1.0,3033.75
2019-03-15,0.9843,1.3151,1.1463,0.704,1.0655,확장(Risk-On),1.0,1.0,3047.0
2019-03-17,1.1471,1.0965,0.8486,0.7552,1.0011,확장(Risk-On),1.0,1.0,3044.0
2019-03-18,1.2191,0.9367,0.7694,0.7447,0.9649,확장(Risk-On),1.0,1.0,3050.5
2019-03-19,1.3394,0.8169,0.7828,0.7957,0.9881,확장(Risk-On),1.0,1.0,3060.5
2019-03-20,0.9181,0.7044,0.4606,0.9138,0.7497,확장(Risk-On),1.0,1.0,3044.25
2019-03-21,0.8843,0.8047,0.5147,0.8783,0.7711,확장(Risk-On),1.0,1.0,3039.75
2019-03-22,0.7694,0.217,0.4157,0.9406,0.5686,확장(Risk-On),1.0,1.0,3024.75
2019-03-24,0.7507,0.2157,0.3789,1.0653,0.5712,확장(Risk-On),1.0,1.0,3028.25
2019-03-25,0.5985,0.0384,0.3244,1.1163,0.4676,확장(Risk-On),1.0,1.0,3008.75
2019-03-26,0.6552,0.2664,0.4448,1.1191,0.575,확장(Risk-On),1.0,1.0,3030.5
2019-03-27,0.5736,0.1777,0.3729,1.2018,0.5187,확장(Risk-On),1.0,1.0,3027.75
2019-03-28,0.5405,0.2215,0.4314,1.1669,0.5274,확장(Risk-On),1.0,1.0,3022.75
2019-03-29,0.8913,0.427,0.4857,1.1359,0.7105,확장(Risk-On),1.0,1.0,3056.75
2019-03-31,1.0356,0.5226,0.431,1.0394,0.7568,확장(Risk-On),1.0,1.0,3069.75
2019-04-01,1.1361,0.6805,0.5085,0.8823,0.8272,확장(Risk-On),1.0,1.0,3089.0
2019-04-02,1.1107,0.7514,0.4776,0.9015,0.8312,확장(Risk-On),1.0,1.0,3083.75
2019-04-03,1.239,0.6607,0.6551,0.7867,0.8806,확장(Risk-On),1.0,1.0,3096.75
2019-04-04,1.2091,0.6509,0.6481,0.7759,0.8643,확장(Risk-On),1.0,1.0,3094.25
2019-04-05,1.1297,0.7531,0.4418,0.7611,0.8083,확장(Risk-On),1.0,1.0,3105.5
2019-04-07,1.2643,0.689,0.587,0.719,0.8694,확장(Risk-On),1.0,1.0,3115.25
2019-04-08,1.1858,0.6309,0.6611,0.7025,0.8434,확장(Risk-On),1.0,1.0,3115.5
2019-04-09,1.0927,0.5001,0.8019,0.7316,0.8177,확장(Risk-On),1.0,1.0,3112.5
2019-04-10,1.1317,0.6172,0.7471,0.7772,0.8538,확장(Risk-On),1.0,1.0,3112.0
2019-04-11,1.1113,0.7834,0.7125,0.7551,0.8762,확장(Risk-On),1.0,1.0,3112.0
2019-04-12,1.138,0.9652,0.6593,0.742,0.9157,확장(Risk-On),1.0,1.0,3111.5
2019-04-14,1.2378,0.9763,0.7483,0.5348,0.9446,확장(Risk-On),1.0,1.0,3128.5
2019-04-15,1.2626,1.157,0.8021,0.5372,1.0123,확장(Risk-On),1.0,1.0,3127.75
2019-04-16,1.313,1.2056,0.9435,0.1192,1.0147,확장(Risk-On),1.0,1.0,3129.0
2019-04-17,1.2089,1.0733,0.8391,-0.0934,0.8872,확장(Risk-On),1.0,1.0,3117.75
2019-04-18,1.2703,1.0254,0.8485,0.0079,0.9143,확장(Risk-On),1.0,1.0,3112.75
2019-04-21,1.246,1.1033,1.0562,0.0597,0.9849,확장(Risk-On),1.0,1.0,3129.0
2019-04-22,1.2047,0.9483,1.1302,-0.0802,0.9293,확장(Risk-On),1.0,1.0,3121.5
2019-04-23,1.1895,0.8763,0.9678,0.0912,0.891,확장(Risk-On),1.0,1.0,3130.0
2019-04-24,1.3331,0.609,0.9004,0.4943,0.9181,확장(Risk-On),1.0,1.0,3151.75
2019-04-25,1.1371,0.6058,0.7836,0.3552,0.7986,확장(Risk-On),1.0,1.0,3144.0
2019-04-26,1.1183,0.8226,0.9322,0.4835,0.9026,확장(Risk-On),1.0,1.0,3141.25
2019-04-28,1.175,0.6817,0.8722,0.4455,0.8666,확장(Risk-On),1.0,1.0,3157.75
2019-04-29,1.17,0.5609,0.9964,0.4528,0.8667,확장(Risk-On),1.0,1.0,3159.0
2019-04-30,1.1407,0.591,1.0869,0.5301,0.8982,확장(Risk-On),1.0,1.0,3158.25
2019-05-01,1.1485,0.3937,1.2976,0.5612,0.909,확장(Risk-On),1.0,1.0,3176.25
2019-05-02,0.6894,0.3761,0.8158,0.3211,0.5874,확장(Risk-On),1.0,1.0,3136.5
2019-05-03,0.9303,0.6642,1.0216,0.1919,0.7758,확장(Risk-On),1.0,1.0,3164.75
2019-05-05,0.4111,0.3355,0.5441,0.5383,0.4445,확장(Risk-On),1.0,1.0,3112.5
2019-05-06,0.3639,-0.1582,0.5941,0.5083,0.3126,확장(Risk-On),1.0,1.0,3109.75
2019-05-07,0.6559,-0.5041,0.5735,0.4664,0.3169,확장(Risk-On),1.0,1.0,3144.0
2019-05-08,0.2137,-0.6265,0.4152,0.4002,0.082,중립(Neutral),0.5,1.0,3108.0
2019-05-09,0.0644,-0.7809,0.2734,0.4928,-0.0304,중립(Neutral),0.5,1.0,3085.25
2019-05-10,0.0827,-0.3499,0.3083,0.5098,0.095,중립(Neutral),0.5,1.0,3085.5
2019-05-12,0.0485,-0.5483,0.0207,0.5006,-0.0399,중립(Neutral),0.5,1.0,3074.25
2019-05-13,0.0356,-1.0394,-0.1352,0.5642,-0.1965,중립(Neutral),0.5,1.0,3072.5
2019-05-14,-0.2633,-0.7573,-0.1282,0.4886,-0.2402,수축(Risk-Off),0.0,1.0,3036.5
2019-05-15,-0.0965,-0.4048,0.0362,0.6177,-0.0333,중립(Neutral),0.5,1.0,3073.5
2019-05-16,-0.1478,-0.1994,0.2287,0.5315,0.0353,중립(Neutral),0.5,1.0,3064.75
2019-05-17,0.0089,-0.1312,0.3094,0.5581,0.1314,중립(Neutral),0.5,1.0,3079.75
2019-05-19,0.033,-0.0741,0.4794,0.4811,0.185,중립(Neutral),0.5,1.0,3088.0
2019-05-20,0.061,-0.201,0.4369,0.4336,0.1454,중립(Neutral),0.5,1.0,3084.5
2019-05-21,0.032,-0.059,0.2169,0.3789,0.1075,중립(Neutral),0.5,1.0,3071.75
2019-05-22,0.0132,-0.064,0.2192,0.2768,0.0849,중립(Neutral),0.5,1.0,3080.0
2019-05-23,-0.1806,-0.5191,-0.1352,0.2938,-0.1827,중립(Neutral),0.5,1.0,3055.75
2019-05-24,-0.3637,-0.3247,-0.1567,0.3166,-0.2001,수축(Risk-Off),0.0,1.0,3049.25
2019-05-26,-0.4543,-0.3173,-0.1116,0.4614,-0.197,중립(Neutral),0.5,1.0,3048.0
2019-05-27,-0.3259,-0.4331,-0.1227,0.5034,-0.1775,중립(Neutral),0.5,1.0,3051.75
2019-05-28,-0.4881,-0.7306,-0.1693,0.6381,-0.3001,수축(Risk-Off),0.0,1.0,3052.25
2019-05-29,-0.6407,-0.6223,-0.2843,0.6412,-0.3547,수축(Risk-Off),0.0,1.0,2997.25
2019-05-30,-0.5738,-0.363,-0.3937,0.711,-0.2834,수축(Risk-Off),0.0,1.0,3006.25
2019-05-31,-0.9616,-0.613,-0.3984,0.7712,-0.4737,수축(Risk-Off),0.0,1.0,2968.75
2019-06-02,-0.8856,-0.6582,-0.5801,0.8306,-0.495,수축(Risk-Off),0.0,0.0,2953.25
2019-06-03,-0.7586,-0.8231,-0.4937,0.9183,-0.457,수축(Risk-Off),0.0,0.0,2957.5
2019-06-04,-0.6807,-0.5206,-0.4235,0.7891,-0.3559,수축(Risk-Off),0.0,0.0,2967.25
2019-06-05,-0.0557,0.0547,-0.1924,0.8397,0.0721,중립(Neutral),0.5,0.0,3045.25
2019-06-06,0.0725,-0.0809,-0.2084,0.9011,0.0882,중립(Neutral),0.5,0.0,3062.25
2019-06-07,0.1713,-0.2849,-0.1922,0.8872,0.0738,중립(Neutral),0.5,0.0,3066.0
2019-06-09,0.2904,-0.3314,-0.1059,0.9357,0.1327,중립(Neutral),0.5,0.0,3104.75
2019-06-10,0.3426,-0.3616,-0.167,0.9343,0.1279,중립(Neutral),0.5,0.0,3107.0
2019-06-11,0.2552,-0.3234,0.0155,0.8936,0.1464,중립(Neutral),0.5,0.0,3111.5
2019-06-12,0.0924,-0.4723,-0.3138,0.9639,-0.0196,중립(Neutral),0.5,0.0,3095.25
2019-06-13,0.1768,-0.5453,-0.3204,0.979,-0.0077,중립(Neutral),0.5,0.0,3112.25
2019-06-14,0.1803,-0.5594,-0.5328,1.0093,-0.0585,중립(Neutral),0.5,0.0,3107.25
2019-06-16,0.1572,-0.3915,-0.4614,1.0431,-0.0018,중립(Neutral),0.5,0.0,3112.75
2019-06-17,0.2245,-0.4792,-0.4975,1.0061,-0.0147,중립(Neutral),0.5,0.0,3112.25
2019-06-18,0.2031,-0.4651,-0.6171,1.0012,-0.0493,중립(Neutral),0.5,0.0,3109.0
2019-06-19,0.4076,-0.3056,-0.5219,0.9891,0.0842,중립(Neutral),0.5,0.0,3146.0
2019-06-20,0.5479,-0.2576,-0.546,0.9446,0.1326,중립(Neutral),0.5,0.0,3171.75
2019-06-21,0.5051,-0.3593,-0.6709,0.9513,0.0619,중립(Neutral),0.5,0.0,3164.25
2019-06-23,0.7115,-0.4579,-0.7179,1.0106,0.1066,중립(Neutral),0.5,0.0,3168.75
2019-06-24,0.7077,-0.3895,-0.7228,1.1018,0.1349,중립(Neutral),0.5,0.0,3172.5
2019-06-25,0.7303,-0.6201,-0.8064,1.1174,0.0666,중립(Neutral),0.5,0.0,3157.5
2019-06-26,0.6037,-0.5382,-0.7838,0.986,0.0287,중립(Neutral),0.5,0.0,3131.25
2019-06-27,0.6819,-0.5712,-0.6832,0.9612,0.0693,중립(Neutral),0.5,0.0,3145.75
2019-06-28,0.7832,-0.5046,-0.6976,0.9651,0.1183,중립(Neutral),0.5,0.0,3168.0
2019-06-30,0.6546,-0.4238,-0.378,0.8773,0.1603,중립(Neutral),0.5,0.0,3184.75
2019-07-01,0.6426,-0.331,-0.4576,0.9659,0.1726,중립(Neutral),0.5,0.5,3190.75
2019-07-02,0.64,-0.218,-0.5513,1.0744,0.1928,중립(Neutral),0.5,0.5,3192.875
2019-07-03,0.4733,-0.1923,-0.5074,1.1156,0.1581,중립(Neutral),0.5,0.5,3190.75
2019-07-04,0.6032,-0.1632,-0.3291,1.0707,0.2486,확장(Risk-On),1.0,0.5,3211.75
2019-07-05,0.5071,-0.2673,-0.5041,1.0546,0.1428,중립(Neutral),0.5,0.5,3203.625
2019-07-07,0.5162,-0.0533,-0.3405,0.8423,0.2086,확장(Risk-On),1.0,0.5,3202.0
2019-07-08,0.4156,-0.2131,-0.4266,0.8422,0.1119,중립(Neutral),0.5,0.5,3192.0
2019-07-09,0.3764,-0.1874,-0.5653,0.6919,0.0474,중립(Neutral),0.5,0.5,3181.0
2019-07-10,0.3654,-0.1102,-0.7391,0.7919,0.0344,중립(Neutral),0.5,0.5,3189.0
2019-07-11,0.4726,0.0595,-0.3244,0.4851,0.172,중립(Neutral),0.5,0.5,3209.75
2019-07-12,0.5608,0.0521,-0.4047,0.3472,0.1602,중립(Neutral),0.5,0.5,3221.75
2019-07-14,0.4726,0.2522,-0.2178,0.4068,0.235,확장(Risk-On),1.0,0.5,3226.5
2019-07-15,0.5069,0.2656,-0.1998,0.4262,0.2578,확장(Risk-On),1.0,0.5,3233.0
2019-07-16,0.4002,0.2053,-0.3427,0.4286,0.17,중립(Neutral),0.5,0.5,3220.25
2019-07-17,0.3503,-0.0206,-0.4228,0.6174,0.1044,중립(Neutral),0.5,0.5,3196.0
2019-07-18,0.4368,0.219,-0.3905,0.7026,0.2154,확장(Risk-On),1.0,0.5,3211.0
2019-07-19,0.2779,0.0505,-0.5107,0.873,0.1131,중립(Neutral),0.5,0.5,3190.5
2019-07-21,0.4552,0.0827,-0.3288,0.7693,0.2132,확장(Risk-On),1.0,0.5,3192.5
2019-07-22,0.51,0.2411,-0.2269,0.7584,0.2958,확장(Risk-On),1.0,0.5,3202.25
2019-07-23,0.5841,0.5671,-0.0582,0.7527,0.4445,확장(Risk-On),1.0,0.5,3221.25
2019-07-24,0.6415,0.5301,-0.179,0.7148,0.4195,확장(Risk-On),1.0,0.5,3234.875
2019-07-25,0.5426,0.3081,-0.1424,0.3561,0.2847,확장(Risk-On),1.0,0.5,3219.75
2019-07-26,0.7358,0.3864,-0.1688,0.3356,0.3623,확장(Risk-On),1.0,0.5,3237.75
2019-07-28,0.6773,0.3504,-0.2772,0.2859,0.2982,확장(Risk-On),1.0,0.5,3236.75
2019-07-29,0.6071,0.2668,-0.3222,0.3833,0.2561,확장(Risk-On),1.0,0.5,3235.0
2019-07-30,0.6207,0.0752,-0.3098,0.6662,0.2586,확장(Risk-On),1.0,0.5,3236.75
2019-07-31,0.3043,-0.3008,-0.3851,0.7674,0.0501,중립(Neutral),0.5,0.5,3195.5
2019-08-01,0.2609,-0.6295,-0.6317,0.8649,-0.0942,중립(Neutral),0.5,0.5,3165.125
2019-08-02,0.2003,-0.7381,-0.5727,0.8585,-0.1288,중립(Neutral),0.5,0.5,3145.625
2019-08-04,0.1213,-0.7692,-0.6057,0.8481,-0.1741,중립(Neutral),0.5,0.5,3140.5
2019-08-05,-0.0634,-1.5708,-0.6741,0.9354,-0.4431,수축(Risk-Off),0.0,0.5,3114.75
2019-08-06,-0.456,-1.1006,-0.8798,0.9237,-0.5161,수축(Risk-Off),0.0,0.5,3054.75
2019-08-07,-0.2979,-0.8028,-0.5609,0.8173,-0.3226,수축(Risk-Off),0.0,0.5,3093.875
2019-08-08,0.0921,-0.4048,-0.446,0.8595,-0.0516,중립(Neutral),0.5,0.5,3153.375
2019-08-09,0.0019,-0.3676,-0.3873,0.847,-0.061,중립(Neutral),0.5,0.5,3133.0
2019-08-11,0.1728,-0.2661,-0.2345,0.7169,0.0429,중립(Neutral),0.5,0.5,3127.25
2019-08-12,0.1566,-0.5274,-0.3302,0.7442,-0.0479,중립(Neutral),0.5,0.5,3138.25
2019-08-13,0.0339,-0.288,-0.6158,0.6852,-0.1113,중립(Neutral),0.5,0.5,3087.75
2019-08-14,-0.1607,-1.0235,-1.0328,0.7136,-0.4633,수축(Risk-Off),0.0,0.5,3054.0
2019-08-15,-0.094,-1.0484,-1.2096,0.7971,-0.4778,수축(Risk-Off),0.0,0.5,3061.875
2019-08-16,0.0884,-0.7351,-1.1912,0.8058,-0.3298,수축(Risk-Off),0.0,0.5,3104.75
2019-08-18,-0.0151,-0.7356,-1.1835,0.8071,-0.364,수축(Risk-Off),0.0,0.5,3119.25
2019-08-19,0.1472,-0.5463,-1.0534,0.8266,-0.2244,수축(Risk-Off),0.0,0.5,3137.0
2019-08-20,0.0725,-0.6499,-1.1342,0.8449,-0.2939,수축(Risk-Off),0.0,0.5,3139.0
2019-08-21,-0.0124,-0.3336,-0.9908,0.8486,-0.2082,수축(Risk-Off),0.0,0.5,3142.5
2019-08-22,-0.0654,-0.349,-0.9063,0.8139,-0.2146,수축(Risk-Off),0.0,0.5,3139.75
2019-08-23,-0.063,-0.5101,-0.6133,0.8074,-0.1818,중립(Neutral),0.5,0.5,3146.25
2019-08-25,-0.4487,-0.7603,-1.0993,0.8655,-0.4921,수축(Risk-Off),0.0,0.5,3037.5
2019-08-26,-0.0778,-0.6401,-0.9441,0.8946,-0.2891,수축(Risk-Off),0.0,0.5,3096.5
2019-08-27,-0.0679,-0.6539,-0.9328,0.8072,-0.2993,수축(Risk-Off),0.0,0.5,3090.25
2019-08-28,-0.0633,-0.2725,-1.0105,0.7951,-0.2236,수축(Risk-Off),0.0,0.5,3101.75
2019-08-29,-0.0123,-0.411,-1.228,0.8521,-0.2862,수축(Risk-Off),0.0,0.5,3096.25
2019-08-30,0.375,-0.3916,-1.2028,0.7894,-0.1489,중립(Neutral),0.5,0.5,3139.25
2019-09-01,0.1454,-0.6066,-1.2693,0.8786,-0.2863,수축(Risk-Off),0.0,0.5,3122.25
2019-09-02,-0.051,-0.5129,-1.3437,0.856,-0.3536,수축(Risk-Off),0.0,0.5,3124.75
2019-09-03,0.0226,-0.5439,-1.4849,0.8712,-0.3686,수축(Risk-Off),0.0,0.5,3117.75
2019-09-04,0.165,-0.1927,-1.2509,0.9293,-0.1638,중립(Neutral),0.5,0.5,3143.25
2019-09-05,0.3341,-0.1505,-0.9324,0.8804,-0.0217,중립(Neutral),0.5,0.5,3185.75
2019-09-06,0.5311,0.2383,-0.9088,0.7896,0.1367,중립(Neutral),0.5,0.5,3194.75
2019-09-08,0.6727,0.1308,-1.0026,0.7167,0.125,중립(Neutral),0.5,0.5,3195.0
2019-09-09,0.6564,0.016,-0.8527,0.7441,0.1322,중립(Neutral),0.5,0.5,3200.75
2019-09-10,0.5453,0.1082,-0.7046,0.5449,0.1235,중립(Neutral),0.5,0.5,3193.5
2019-09-11,0.4746,0.1843,-0.8414,0.3283,0.0511,중립(Neutral),0.5,0.5,3194.75
2019-09-12,0.5486,0.2939,-0.6731,0.1632,0.1217,중립(Neutral),0.5,0.5,3221.25
2019-09-13,0.6026,0.3283,-0.5055,0.1288,0.186,중립(Neutral),0.5,0.5,3231.25
2019-09-15,0.454,0.307,-0.7058,-0.0791,0.0473,중립(Neutral),0.5,0.5,3203.5
2019-09-16,0.435,0.3504,-0.742,0.0022,0.0547,중립(Neutral),0.5,0.5,3205.5
2019-09-17,0.4318,0.351,-0.5985,-0.2788,0.0474,중립(Neutral),0.5,0.5,3209.0
2019-09-18,0.6975,0.3879,-0.5961,-0.2378,0.1564,중립(Neutral),0.5,0.5,3215.75
2019-09-19,0.5367,0.3068,-0.7957,-0.0386,0.0598,중립(Neutral),0.5,0.5,3210.25
2019-09-20,0.6357,0.117,-0.881,-0.0107,0.0299,중립(Neutral),0.5,0.5,3224.25
2019-09-22,0.4967,0.0314,-0.9064,-0.105,-0.0607,중립(Neutral),0.5,0.5,3214.75
2019-09-23,0.4717,0.1236,-0.9907,0.0275,-0.0475,중립(Neutral),0.5,0.5,3214.0
2019-09-24,0.3846,-0.1195,-0.8995,0.0514,-0.1124,중립(Neutral),0.5,0.5,3217.5
2019-09-25,0.316,-0.0267,-0.8576,0.3098,-0.064,중립(Neutral),0.5,0.5,3187.0
2019-09-26,0.369,0.0347,-0.8375,0.1404,-0.0505,중립(Neutral),0.5,0.5,3194.0
2019-09-27,0.4437,-0.149,-0.7833,0.0449,-0.0711,중립(Neutral),0.5,0.5,3196.0
2019-09-29,0.3624,-0.2546,-0.8812,0.1789,-0.1303,중립(Neutral),0.5,0.5,3182.75
2019-09-30,0.2396,-0.2036,-0.9154,0.2892,-0.1525,중립(Neutral),0.5,0.5,3185.75
2019-10-01,0.3217,-0.4323,-0.6565,0.1983,-0.1298,중립(Neutral),0.5,0.5,3203.75
2019-10-02,0.0596,-0.7207,-0.7764,0.3471,-0.3013,수축(Risk-Off),0.0,0.5,3155.25
2019-10-03,-0.2236,-0.733,-0.8695,0.6052,-0.3881,수축(Risk-Off),0.0,0.5,3103.5
2019-10-04,-0.1463,-0.6033,-0.8797,0.6416,-0.3257,수축(Risk-Off),0.0,0.5,3118.5
2019-10-06,0.002,-0.5791,-0.7784,0.6646,-0.239,수축(Risk-Off),0.0,0.5,3151.25
2019-10-07,-0.0126,-0.6743,-0.7327,0.6859,-0.2533,수축(Risk-Off),0.0,0.5,3149.5
2019-10-08,-0.0306,-0.8249,-0.6928,0.6387,-0.2943,수축(Risk-Off),0.0,0.5,3157.25
2019-10-09,-0.1322,-0.6731,-0.8168,0.6465,-0.3218,수축(Risk-Off),0.0,0.5,3110.75
2019-10-10,-0.0484,-0.3776,-0.3734,0.5961,-0.1153,중립(Neutral),0.5,0.5,3127.5
2019-10-11,0.1665,-0.0299,-0.2534,0.4977,0.0621,중립(Neutral),0.5,0.5,3164.5
2019-10-13,0.3384,0.0992,-0.1015,0.4223,0.1812,중립(Neutral),0.5,0.5,3193.5
2019-10-14,0.3558,0.4055,-0.1041,0.4772,0.2714,확장(Risk-On),1.0,0.5,3186.25
2019-10-15,0.4292,0.5902,0.0621,0.4479,0.3805,확장(Risk-On),1.0,0.5,3187.0
2019-10-16,0.554,0.5411,0.1918,0.4092,0.4385,확장(Risk-On),1.0,0.5,3204.0
2019-10-17,0.4901,0.5516,0.1908,0.3855,0.415,확장(Risk-On),1.0,0.5,3197.75
2019-10-18,0.5953,0.4919,0.2811,0.1851,0.4294,확장(Risk-On),1.0,0.5,3205.0
2019-10-20,0.5984,0.461,0.2505,0.2709,0.428,확장(Risk-On),1.0,0.5,3203.25
2019-10-21,0.485,0.6151,0.3328,0.1668,0.4318,확장(Risk-On),1.0,0.5,3204.0
2019-10-22,0.6203,0.6795,0.5755,0.0021,0.5312,확장(Risk-On),1.0,0.5,3223.25
2019-10-23,0.5907,0.7581,0.6673,0.1574,0.5867,확장(Risk-On),1.0,0.5,3202.25
2019-10-24,0.6841,1.0209,0.711,0.1868,0.7004,확장(Risk-On),1.0,0.5,3220.0
2019-10-25,0.7095,1.2324,0.5399,0.0734,0.7024,확장(Risk-On),1.0,0.5,3219.25
2019-10-27,0.9409,1.1583,0.4916,-0.2505,0.7042,확장(Risk-On),1.0,0.5,3236.0
2019-10-28,1.076,0.9116,0.3829,-0.4095,0.6388,확장(Risk-On),1.0,0.5,3236.75
2019-10-29,1.0237,0.9983,0.5995,-0.603,0.6673,확장(Risk-On),1.0,0.5,3250.0
2019-10-30,0.8585,1.1077,0.5423,-0.531,0.6333,확장(Risk-On),1.0,0.5,3245.5
2019-10-31,0.9188,1.1167,0.601,-0.3042,0.7054,확장(Risk-On),1.0,0.5,3259.25
2019-11-01,0.8499,1.0612,0.404,-0.1641,0.6392,확장(Risk-On),1.0,1.0,3255.5
2019-11-03,1.3625,1.5066,1.1621,-0.1934,1.115,확장(Risk-On),1.0,1.0,3279.25
2019-11-04,1.4281,1.2237,0.937,0.0161,1.0424,확장(Risk-On),1.0,1.0,3282.0
2019-11-05,1.3273,1.2162,0.9749,-0.0207,1.0092,확장(Risk-On),1.0,1.0,3293.0
2019-11-06,1.3661,1.2212,1.0427,-0.2911,1.0004,확장(Risk-On),1.0,1.0,3283.25
2019-11-07,1.2658,1.1615,0.9817,-0.2214,0.9456,확장(Risk-On),1.0,1.0,3286.75
2019-11-08,1.3209,1.2304,1.0438,-0.487,0.9578,확장(Risk-On),1.0,1.0,3291.5
2019-11-10,1.3091,1.3599,1.2108,-0.5661,1.016,확장(Risk-On),1.0,1.0,3300.5
2019-11-11,1.2706,1.217,1.131,-0.4638,0.9621,확장(Risk-On),1.0,1.0,3290.5
2019-11-12,1.2539,1.295,1.4561,-0.6453,1.0298,확장(Risk-On),1.0,1.0,3303.25
2019-11-13,1.2843,1.1839,1.1746,-0.4469,0.9721,확장(Risk-On),1.0,1.0,3297.25
2019-11-14,1.3705,1.0482,0.8772,-0.1313,0.9413,확장(Risk-On),1.0,1.0,3302.0
2019-11-15,1.4239,1.1042,0.9374,-0.2101,0.9772,확장(Risk-On),1.0,1.0,3319.75
2019-11-17,1.4849,1.0827,0.8576,-0.0684,0.9946,확장(Risk-On),1.0,1.0,3326.0
2019-11-18,1.3526,0.9295,0.8891,-0.1214,0.9099,확장(Risk-On),1.0,1.0,3330.5
2019-11-19,1.4099,0.8249,0.8383,-0.0159,0.9069,확장(Risk-On),1.0,1.0,3337.5
2019-11-20,1.1766,0.7057,0.886,0.1065,0.8257,확장(Risk-On),1.0,1.0,3324.5
2019-11-21,1.0986,0.5351,0.6844,0.1069,0.7054,확장(Risk-On),1.0,1.0,3315.25
2019-11-22,1.0614,0.5715,0.5686,0.0733,0.6675,확장(Risk-On),1.0,1.0,3318.25
2019-11-24,1.2048,0.6762,0.8217,0.1137,0.8132,확장(Risk-On),1.0,1.0,3330.75
2019-11-25,1.086,0.6896,0.8806,-0.1214,0.7544,확장(Risk-On),1.0,1.0,3331.75
2019-11-26,1.1625,0.7708,0.8374,0.0927,0.8228,확장(Risk-On),1.0,1.0,3345.0
2019-11-27,1.2054,0.8027,0.7918,0.1488,0.8428,확장(Risk-On),1.0,1.0,3356.5
2019-11-28,1.2006,0.877,0.8865,0.2657,0.9009,확장(Risk-On),1.0,1.0,3357.0
2019-11-29,1.1616,0.683,0.9724,0.2618,0.8597,확장(Risk-On),1.0,1.0,3356.0
2019-12-01,1.2199,0.7805,1.0582,0.155,0.9099,확장(Risk-On),1.0,1.0,3359.25
2019-12-02,1.2552,0.4228,1.281,0.1658,0.8901,확장(Risk-On),1.0,1.0,3363.75
2019-12-03,0.8897,0.2303,1.2186,0.1597,0.6976,확장(Risk-On),1.0,1.0,3331.5
2019-12-04,0.6446,0.3867,1.1093,0.2275,0.6337,확장(Risk-On),1.0,1.0,3305.5
2019-12-05,0.8261,0.444,1.2874,0.1715,0.7477,확장(Risk-On),1.0,1.0,3325.0
2019-12-06,0.8776,0.6769,1.2358,0.1193,0.8032,확장(Risk-On),1.0,1.0,3336.0
2019-12-08,1.087,0.8285,1.4014,0.0692,0.9483,확장(Risk-On),1.0,1.0,3358.0
2019-12-09,1.0311,0.4044,1.4697,0.0434,0.8359,확장(Risk-On),1.0,1.0,3355.5
2019-12-10,0.9048,0.3164,1.1681,0.066,0.6977,확장(Risk-On),1.0,1.0,3348.5
2019-12-11,0.9761,0.6795,1.4801,-0.0414,0.8753,확장(Risk-On),1.0,1.0,3347.75
2019-12-12,1.141,1.1439,1.845,0.0978,1.1612,확장(Risk-On),1.0,1.0,3359.0
2019-12-13,1.3583,1.3447,2.0905,-0.4761,1.2628,확장(Risk-On),1.0,1.0,3393.75
2019-12-15,1.5122,1.3754,1.9559,-0.1677,1.3369,확장(Risk-On),1.0,1.0,3388.0
2019-12-16,1.7666,1.3873,1.956,-0.0947,1.4399,확장(Risk-On),1.0,1.0,3393.25
2019-12-17,1.8588,1.3625,1.9584,-0.1705,1.4552,확장(Risk-On),1.0,1.0,3409.25
2019-12-18,1.8322,1.2645,2.0569,-0.2311,1.4369,확장(Risk-On),1.0,1.0,3402.5
2019-12-19,1.9045,1.2443,1.9693,-0.5932,1.381,확장(Risk-On),1.0,1.0,3408.75
2019-12-20,2.0008,1.2589,1.7221,-0.6723,1.3447,확장(Risk-On),1.0,1.0,3418.75
2019-12-22,2.1813,1.2588,1.6444,-0.6154,1.397,확장(Risk-On),1.0,1.0,3437.75
2019-12-23,2.1708,1.3337,1.6573,-0.7453,1.3957,확장(Risk-On),1.0,1.0,3435.75
2019-12-24,2.1932,1.3225,1.6414,-0.6673,1.4085,확장(Risk-On),1.0,1.0,3437.75
2019-12-25,2.1172,1.5769,1.2831,-0.5426,1.3746,확장(Risk-On),1.0,1.0,3437.0
2019-12-26,2.1659,1.6974,1.2721,-0.5214,1.4222,확장(Risk-On),1.0,1.0,3439.5
2019-12-27,2.5837,1.4229,1.4003,-0.8255,1.4863,확장(Risk-On),1.0,1.0,3457.75
2019-12-29,2.5777,1.3919,1.3221,-0.5411,1.4996,확장(Risk-On),1.0,1.0,3450.25
2019-12-30,2.4871,1.0486,1.4429,-0.4973,1.4188,확장(Risk-On),1.0,1.0,3451.5
2019-12-31,2.1398,1.1297,1.2028,-0.4014,1.2718,확장(Risk-On),1.0,1.0,3436.75
2020-01-01,2.2101,1.4662,1.5644,-0.6238,1.4376,확장(Risk-On),1.0,1.0,3447.0
2020-01-02,2.2364,1.6728,1.393,-0.6912,1.4455,확장(Risk-On),1.0,1.0,3449.5
2020-01-03,2.1061,1.272,1.3434,-0.3405,1.3399,확장(Risk-On),1.0,1.0,3443.5
2020-01-05,2.0706,0.9515,0.9991,-0.2375,1.1767,확장(Risk-On),1.0,1.0,3433.25
2020-01-06,1.9239,0.8471,0.9903,-0.2148,1.1005,확장(Risk-On),1.0,1.0,3433.25
2020-01-07,1.9386,0.8699,0.8137,-0.2947,1.0552,확장(Risk-On),1.0,1.0,3458.25
2020-01-08,1.6249,0.7816,0.4441,-0.2175,0.8425,확장(Risk-On),1.0,1.0,3435.5
2020-01-09,1.9103,1.1285,0.7981,-0.2823,1.1079,확장(Risk-On),1.0,1.0,3475.0
2020-01-10,1.979,1.2945,0.9307,-0.2577,1.2103,확장(Risk-On),1.0,1.0,3493.5
2020-01-12,1.8521,1.0878,0.6852,-0.3989,1.0316,확장(Risk-On),1.0,1.0,3476.75
2020-01-13,1.8684,1.1357,0.799,-0.426,1.0737,확장(Risk-On),1.0,1.0,3483.0
2020-01-14,1.9473,1.1102,1.0534,-0.3907,1.1639,확장(Risk-On),1.0,1.0,3499.25
2020-01-15,1.707,1.0282,0.9327,-0.3483,1.0354,확장(Risk-On),1.0,1.0,3492.25
2020-01-16,1.8729,1.1132,1.0575,-0.3852,1.1404,확장(Risk-On),1.0,1.0,3509.0
2020-01-17,1.9458,1.1096,0.9159,-0.3598,1.1334,확장(Risk-On),1.0,1.0,3528.0
2020-01-19,2.0547,1.0777,0.8579,-0.3915,1.1443,확장(Risk-On),1.0,1.0,3537.5
2020-01-20,1.9982,1.2211,0.8962,-0.3667,1.1737,확장(Risk-On),1.0,1.0,3535.75
2020-01-21,1.706,0.9016,0.6322,-0.3225,0.9322,확장(Risk-On),1.0,1.0,3519.75
2020-01-22,1.9169,1.159,0.9234,-0.3863,1.1336,확장(Risk-On),1.0,1.0,3544.75
2020-01-23,1.6863,0.9531,0.6341,-0.3088,0.9407,확장(Risk-On),1.0,1.0,3523.25
2020-01-24,1.8617,0.6867,0.5133,-0.2128,0.9197,확장(Risk-On),1.0,1.0,3539.0
2020-01-26,0.9417,0.1528,-0.034,-0.0816,0.347,확장(Risk-On),1.0,1.0,3468.25
2020-01-27,0.9331,-0.2058,-0.1622,-0.0961,0.2202,확장(Risk-On),1.0,1.0,3470.0
2020-01-28,0.9372,0.0525,-0.1601,0.0104,0.3027,확장(Risk-On),1.0,1.0,3472.25
2020-01-29,1.1358,0.1829,0.102,0.0736,0.4798,확장(Risk-On),1.0,1.0,3494.25
2020-01-30,0.8353,0.1733,-0.0211,0.1827,0.3578,확장(Risk-On),1.0,1.0,3461.0
2020-01-31,0.9668,-0.2264,0.3352,0.2,0.3956,확장(Risk-On),1.0,1.0,3497.5
2020-02-02,0.6033,-0.559,-0.0629,0.3616,0.1099,중립(Neutral),0.5,1.0,3441.5
2020-02-03,0.548,-0.4173,-0.0653,0.3391,0.122,중립(Neutral),0.5,1.0,3451.75
2020-02-04,0.6581,-0.0528,-0.0277,0.2541,0.2483,확장(Risk-On),1.0,1.0,3480.0
2020-02-05,0.8527,0.1058,0.0161,0.2081,0.3601,확장(Risk-On),1.0,1.0,3502.75
2020-02-06,1.151,0.2828,0.0709,0.1202,0.5093,확장(Risk-On),1.0,1.0,3560.25
2020-02-07,1.037,0.1781,-0.0693,0.1315,0.4099,확장(Risk-On),1.0,1.0,3555.25
2020-02-09,0.7834,-0.0088,-0.2284,0.1816,0.2421,확장(Risk-On),1.0,1.0,3520.75
2020-02-10,0.8506,0.0753,-0.3564,0.1407,0.2485,확장(Risk-On),1.0,1.0,3540.25
2020-02-11,0.9866,0.1443,-0.1978,0.1203,0.35,확장(Risk-On),1.0,1.0,3572.25
2020-02-12,0.9606,0.5558,-0.0234,0.0285,0.4736,확장(Risk-On),1.0,1.0,3575.0
2020-02-13,0.9771,0.4541,-0.3025,0.1084,0.3962,확장(Risk-On),1.0,1.0,3576.25
2020-02-14,1.198,0.5006,-0.2459,0.0869,0.496,확장(Risk-On),1.0,1.0,3592.5
2020-02-16,1.185,0.4271,-0.4193,0.0667,0.4267,확장(Risk-On),1.0,1.0,3597.25
2020-02-17,1.2307,0.5656,-0.441,0.0751,0.4732,확장(Risk-On),1.0,1.0,3599.0
2020-02-18,1.0256,0.3452,-0.6054,0.1431,0.3154,확장(Risk-On),1.0,1.0,3579.75
2020-02-19,1.2551,0.7006,-0.7911,0.0686,0.4269,확장(Risk-On),1.0,1.0,3587.75
2020-02-20,1.3428,0.4084,-0.8283,-0.0167,0.3625,확장(Risk-On),1.0,1.0,3595.5
2020-02-21,1.102,-0.1479,-1.073,-0.0066,0.0795,중립(Neutral),0.5,1.0,3562.0
2020-02-23,0.7009,-0.3081,-1.3292,0.052,-0.1562,중립(Neutral),0.5,1.0,3507.75
2020-02-24,0.7539,-0.9183,-1.336,0.061,-0.2906,수축(Risk-Off),0.0,1.0,3502.0
2020-02-25,0.3285,-1.3126,-1.1838,0.1614,-0.4849,수축(Risk-Off),0.0,1.0,3467.0
2020-02-26,-0.1401,-1.6072,-1.4567,0.1726,-0.7891,수축(Risk-Off),0.0,1.0,3344.25
2020-02-27,-0.3919,-2.4726,-1.4563,0.2728,-1.0785,수축(Risk-Off),0.0,1.0,3293.5
2020-02-28,-1.0209,-2.6916,-1.4422,0.4789,-1.3189,수축(Risk-Off),0.0,1.0,3128.5
2020-03-01,-1.0555,-2.6982,-1.1966,0.6647,-1.2434,수축(Risk-Off),0.0,0.0,3128.75
2020-03-02,-0.9816,-2.2032,-0.8408,0.6461,-1.0077,수축(Risk-Off),0.0,0.0,3176.0
2020-03-03,-0.5362,-2.3778,-0.5333,0.5763,-0.829,수축(Risk-Off),0.0,0.0,3279.5
2020-03-04,-0.635,-2.0966,-0.7906,0.7221,-0.8357,수축(Risk-Off),0.0,0.0,3243.25
2020-03-05,-0.4574,-2.4448,-0.563,0.6502,-0.8145,수축(Risk-Off),0.0,0.0,3300.25
2020-03-06,-0.8521,-2.6439,-0.7722,0.7615,-1.038,수축(Risk-Off),0.0,0.0,3190.5
2020-03-08,-1.2127,-2.6317,-0.9994,0.8459,-1.2053,수축(Risk-Off),0.0,0.0,3049.75
2020-03-09,-1.2779,-3.0,-0.784,0.8607,-1.2642,수축(Risk-Off),0.0,0.0,3028.5
2020-03-10,-1.2249,-2.7335,-0.89,0.6466,-1.2376,수축(Risk-Off),0.0,0.0,3056.75
2020-03-11,-1.3994,-2.9205,-1.1409,0.6772,-1.4036,수축(Risk-Off),0.0,0.0,2994.0
2020-03-12,-1.6053,-3.0,-1.3829,0.6535,-1.5596,수축(Risk-Off),0.0,0.0,2838.0
2020-03-13,-1.7028,-2.6665,-1.323,0.6371,-1.4978,수축(Risk-Off),0.0,0.0,2731.5
2020-03-15,-1.6489,-2.6484,-1.0143,0.6975,-1.3882,수축(Risk-Off),0.0,0.0,2776.75
2020-03-16,-1.6524,-2.8476,-0.9123,0.7174,-1.4107,수축(Risk-Off),0.0,0.0,2776.75
2020-03-17,-1.7222,-2.7486,-1.0608,0.6642,-1.4555,수축(Risk-Off),0.0,0.0,2712.5
2020-03-18,-1.7923,-2.6545,-1.269,0.4751,-1.5369,수축(Risk-Off),0.0,0.0,2614.75
2020-03-19,-1.881,-2.5584,-1.5084,0.2958,-1.6307,수축(Risk-Off),0.0,0.0,2541.25
2020-03-20,-1.7926,-2.4812,-1.4934,0.353,-1.5681,수축(Risk-Off),0.0,0.0,2609.25
2020-03-22,-1.9152,-2.3362,-1.5737,0.4798,-1.5758,수축(Risk-Off),0.0,0.0,2412.0
2020-03-23,-1.9327,-2.2669,-1.5941,0.4746,-1.5705,수축(Risk-Off),0.0,0.0,2422.75
2020-03-24,-1.56,-2.2679,-1.7131,0.5143,-1.4641,수축(Risk-Off),0.0,0.0,2515.75
2020-03-25,-1.1792,-2.3792,-1.6586,0.4975,-1.3475,수축(Risk-Off),0.0,0.0,2663.0
2020-03-26,-1.2639,-2.2994,-1.2644,0.5055,-1.2575,수축(Risk-Off),0.0,0.0,2653.75
2020-03-27,-1.0111,-2.3678,-1.0412,0.5617,-1.1219,수축(Risk-Off),0.0,0.0,2808.75
2020-03-29,-1.166,-2.32,-1.1479,0.628,-1.1809,수축(Risk-Off),0.0,0.0,2708.0
2020-03-30,-1.1379,-2.1833,-1.0814,0.6061,-1.1235,수축(Risk-Off),0.0,0.0,2754.75
2020-03-31,-0.8368,-2.0747,-0.9235,0.5355,-0.9621,수축(Risk-Off),0.0,0.0,2847.75
2020-04-01,-0.9191,-2.0313,-1.0455,0.6114,-0.9992,수축(Risk-Off),0.0,0.0,2720.5
2020-04-02,-0.9337,-2.0367,-1.0538,0.6138,-1.0074,수축(Risk-Off),0.0,0.0,2703.5
2020-04-03,-0.9306,-1.8292,-1.1862,0.6033,-0.9891,수축(Risk-Off),0.0,0.0,2714.75
2020-04-05,-0.6673,-1.7001,-1.0898,0.5902,-0.8425,수축(Risk-Off),0.0,0.0,2740.0
2020-04-06,-0.4458,-1.5848,-1.0027,0.5713,-0.7172,수축(Risk-Off),0.0,0.0,2802.25
2020-04-07,-0.2477,-1.2403,-1.025,0.4567,-0.5845,수축(Risk-Off),0.0,0.0,2913.0
2020-04-08,-0.3369,-1.1837,-0.9705,0.4935,-0.5825,수축(Risk-Off),0.0,0.0,2868.75
2020-04-09,-0.1078,-1.0932,-0.9114,0.5097,-0.4624,수축(Risk-Off),0.0,0.0,2958.0
2020-04-12,0.076,-1.1724,-0.9104,0.5353,-0.4138,수축(Risk-Off),0.0,0.0,2965.25
2020-04-13,-0.0217,-1.1941,-0.9528,0.5183,-0.4666,수축(Risk-Off),0.0,0.0,2957.0
2020-04-14,0.3213,-1.0972,-0.9244,0.4984,-0.3182,수축(Risk-Off),0.0,0.0,3019.0
2020-04-15,0.3503,-1.2874,-0.9696,0.5403,-0.3606,수축(Risk-Off),0.0,0.0,3045.25
2020-04-16,0.1642,-1.281,-1.0034,0.5833,-0.4261,수축(Risk-Off),0.0,0.0,3005.25
2020-04-17,0.1694,-1.1162,-0.7356,0.5781,-0.3169,수축(Risk-Off),0.0,0.0,3098.0
2020-04-19,0.0955,-1.1228,-0.7165,0.6029,-0.336,수축(Risk-Off),0.0,0.0,3070.5
2020-04-20,-0.0412,-1.3358,-0.7863,0.6207,-0.4518,수축(Risk-Off),0.0,0.0,3076.25
2020-04-21,-0.041,-1.5434,-0.8982,0.5646,-0.54,수축(Risk-Off),0.0,0.0,3011.25
2020-04-22,-0.1618,-1.4944,-0.9014,0.6002,-0.5656,수축(Risk-Off),0.0,0.0,2978.0
2020-04-23,-0.2098,-1.4086,-0.9392,0.589,-0.572,수축(Risk-Off),0.0,0.0,3009.5
2020-04-24,-0.1319,-1.3001,-0.9741,0.6096,-0.5233,수축(Risk-Off),0.0,0.0,2985.5
2020-04-26,-0.0224,-1.3126,-0.9219,0.5931,-0.4775,수축(Risk-Off),0.0,0.0,3036.5
2020-04-27,0.016,-1.1497,-0.8214,0.5397,-0.4062,수축(Risk-Off),0.0,0.0,3067.5
2020-04-28,0.0418,-1.1516,-0.6436,0.539,-0.3533,수축(Risk-Off),0.0,0.0,3084.75
2020-04-29,0.0572,-1.0832,-0.6303,0.5953,-0.3191,수축(Risk-Off),0.0,0.0,3110.75
2020-04-30,0.1222,-1.1041,-0.4873,0.6624,-0.2557,수축(Risk-Off),0.0,0.0,3177.25
2020-05-01,-0.189,-1.2576,-0.3332,0.6168,-0.3713,수축(Risk-Off),0.0,0.0,3061.25
2020-05-03,-0.2615,-1.3063,-0.4327,0.6224,-0.4329,수축(Risk-Off),0.0,0.0,2998.5
2020-05-04,-0.2664,-1.2151,-0.529,0.6374,-0.4337,수축(Risk-Off),0.0,0.0,3031.0
2020-05-05,-0.1695,-0.9907,-0.4142,0.625,-0.3168,수축(Risk-Off),0.0,0.0,3068.25
2020-05-06,-0.1319,-0.9408,-0.439,0.6355,-0.2958,수축(Risk-Off),0.0,0.0,3094.25
2020-05-07,-0.1436,-0.7541,-0.3162,0.6411,-0.2217,수축(Risk-Off),0.0,0.0,3072.25
2020-05-08,-0.0122,-0.499,-0.4019,0.6819,-0.1272,중립(Neutral),0.5,0.0,3139.75
2020-05-10,0.0235,-0.4963,-0.4612,0.6071,-0.1401,중립(Neutral),0.5,0.0,3159.25
2020-05-11,0.1497,-0.5865,-0.6457,0.6595,-0.1567,중립(Neutral),0.5,0.0,3157.75
2020-05-12,0.0043,-0.7325,-0.4695,0.6336,-0.204,수축(Risk-Off),0.0,0.0,3131.0
2020-05-13,-0.0986,-0.8611,-0.6731,0.6901,-0.3145,수축(Risk-Off),0.0,0.0,3073.0
2020-05-14,-0.2652,-0.6324,-0.7176,0.7249,-0.3216,수축(Risk-Off),0.0,0.0,3023.0
2020-05-15,-0.1,-0.4124,-0.5495,0.7514,-0.1628,중립(Neutral),0.5,0.0,3066.25
2020-05-17,-0.0541,-0.3794,-0.7207,0.7604,-0.1799,중립(Neutral),0.5,0.0,3089.5
2020-05-18,0.0045,-0.4835,-0.6164,0.8391,-0.1475,중립(Neutral),0.5,0.0,3103.0
2020-05-19,0.2996,-0.345,-0.3032,0.783,0.0602,중립(Neutral),0.5,0.0,3193.5
2020-05-20,0.1938,-0.212,-0.061,0.8302,0.1241,중립(Neutral),0.5,0.0,3150.5
2020-05-21,0.1978,-0.213,0.0082,0.7921,0.1368,중립(Neutral),0.5,0.0,3172.5
2020-05-22,0.1457,-0.22,-0.1912,0.7614,0.0624,중립(Neutral),0.5,0.0,3136.25
2020-05-24,0.3274,-0.0676,-0.2149,0.7616,0.1582,중립(Neutral),0.5,0.0,3187.0
2020-05-25,0.3432,-0.0018,-0.0586,0.7974,0.2246,확장(Risk-On),1.0,0.0,3186.5
2020-05-26,0.5334,-0.0239,0.4407,0.8015,0.4111,확장(Risk-On),1.0,0.0,3231.25
2020-05-27,0.5989,-0.1876,0.6619,0.9932,0.4772,확장(Risk-On),1.0,0.0,3233.75
2020-05-28,0.6745,-0.2064,0.7251,1.1362,0.5362,확장(Risk-On),1.0,0.0,3261.5
2020-05-29,0.7377,0.2055,1.0132,1.5,0.7879,확장(Risk-On),1.0,0.0,3246.5
2020-05-31,0.7548,0.0943,1.0058,1.5,0.7642,확장(Risk-On),1.0,0.0,3246.75
2020-06-01,0.8287,-0.0602,1.0798,1.5,0.7699,확장(Risk-On),1.0,1.0,3273.5
2020-06-02,0.9373,-0.1332,1.168,1.5,0.8117,확장(Risk-On),1.0,1.0,3268.75
2020-06-03,1.0682,0.1489,1.0658,1.2814,0.8698,확장(Risk-On),1.0,1.0,3339.0
2020-06-04,1.0269,0.2773,0.8899,1.1079,0.8174,확장(Risk-On),1.0,1.0,3331.75
2020-06-05,1.0449,0.8228,1.213,0.6657,0.9745,확장(Risk-On),1.0,1.0,3356.0
2020-06-07,1.3267,0.7655,1.254,0.5648,1.0539,확장(Risk-On),1.0,1.0,3429.5
2020-06-08,1.2392,0.5335,1.0323,0.622,0.9185,확장(Risk-On),1.0,1.0,3410.0
2020-06-09,1.4574,0.6215,1.3552,0.8952,1.1385,확장(Risk-On),1.0,1.0,3442.5
2020-06-10,1.3592,0.434,1.4942,1.1717,1.1335,확장(Risk-On),1.0,1.0,3436.0
2020-06-11,0.5216,-0.6549,1.2485,1.4321,0.5458,확장(Risk-On),1.0,1.0,3231.625
2020-06-12,0.5861,-0.4169,1.0542,1.2317,0.5492,확장(Risk-On),1.0,1.0,3248.75
2020-06-14,0.5525,-0.4426,1.022,1.1959,0.5176,확장(Risk-On),1.0,1.0,3217.5
2020-06-15,0.3942,-0.5108,0.9138,1.1345,0.4089,확장(Risk-On),1.0,1.0,3170.5
2020-06-16,0.8563,-0.4988,1.0483,1.0877,0.6002,확장(Risk-On),1.0,1.0,3350.5
2020-06-17,0.7784,-0.4681,0.9705,1.043,0.5545,확장(Risk-On),1.0,1.0,3350.5
2020-06-18,0.6826,-0.568,0.7513,1.2476,0.4719,확장(Risk-On),1.0,1.0,3332.5
2020-06-19,0.4379,-0.7248,0.5582,1.1396,0.2826,확장(Risk-On),1.0,1.0,3291.625
2020-06-21,0.4535,-0.6707,0.7048,1.1632,0.3417,확장(Risk-On),1.0,1.0,3286.0
2020-06-22,0.489,-0.4683,0.8408,1.0967,0.4288,확장(Risk-On),1.0,1.0,3343.0
2020-06-23,0.5174,-0.5281,0.8358,1.1516,0.4308,확장(Risk-On),1.0,1.0,3348.5
2020-06-24,0.3228,-0.6825,0.7311,1.3326,0.325,확장(Risk-On),1.0,1.0,3281.25
2020-06-25,0.2414,-0.5078,0.7817,1.4366,0.3684,확장(Risk-On),1.0,1.0,3261.0
2020-06-26,0.1492,-0.8718,0.3845,1.4015,0.1406,중립(Neutral),0.5,1.0,3239.125
2020-06-28,0.0146,-0.8068,0.3269,1.4634,0.1047,중립(Neutral),0.5,1.0,3232.5
2020-06-29,0.0757,-0.6907,0.3837,1.4648,0.1695,중립(Neutral),0.5,1.0,3239.25
2020-06-30,0.0583,-0.4901,0.5896,1.4748,0.2665,확장(Risk-On),1.0,1.0,3274.0
2020-07-01,0.0776,-0.2122,0.827,1.4174,0.3934,확장(Risk-On),1.0,1.0,3316.5
2020-07-02,0.1746,-0.1798,0.8647,1.4773,0.4539,확장(Risk-On),1.0,1.0,3347.25
2020-07-03,0.2448,-0.1382,0.9696,1.4694,0.5139,확장(Risk-On),1.0,1.0,3367.5
2020-07-05,0.2804,0.1968,0.8921,1.4711,0.591,확장(Risk-On),1.0,1.0,3367.25
2020-07-06,0.6111,0.0188,0.897,1.4088,0.6541,확장(Risk-On),1.0,1.0,3396.0
2020-07-07,0.589,-0.1591,0.6633,1.463,0.5517,확장(Risk-On),1.0,1.0,3390.25
2020-07-08,0.6084,-0.0759,0.6754,1.4686,0.5831,확장(Risk-On),1.0,1.0,3395.625
2020-07-09,0.6414,-0.2551,0.5299,1.4144,0.5054,확장(Risk-On),1.0,1.0,3392.0
2020-07-10,0.2715,-0.0146,0.4146,1.2415,0.3813,확장(Risk-On),1.0,1.0,3347.0
2020-07-12,0.4458,0.0959,0.6779,1.2313,0.5342,확장(Risk-On),1.0,1.0,3418.75
2020-07-13,0.4339,-0.1954,0.8202,1.2329,0.493,확장(Risk-On),1.0,1.0,3425.5
2020-07-14,0.5193,-0.1468,0.7957,1.1587,0.5178,확장(Risk-On),1.0,1.0,3394.5
2020-07-15,0.6932,-0.1454,0.9399,1.093,0.6052,확장(Risk-On),1.0,1.0,3437.75
2020-07-16,0.5717,-0.1753,0.9315,0.9876,0.5373,확장(Risk-On),1.0,1.0,3433.5
2020-07-17,0.5464,0.0982,0.8528,0.8124,0.5508,확장(Risk-On),1.0,1.0,3434.0
2020-07-19,0.6763,-0.0214,0.7607,0.8255,0.5454,확장(Risk-On),1.0,1.0,3453.5
2020-07-20,0.6515,0.1098,0.8797,0.9048,0.6111,확장(Risk-On),1.0,1.0,3430.25
2020-07-21,0.8133,0.1434,0.915,0.6513,0.6469,확장(Risk-On),1.0,1.0,3493.0
2020-07-22,0.8191,0.1882,1.0442,0.7322,0.7046,확장(Risk-On),1.0,1.0,3485.5
2020-07-23,0.888,0.1272,1.2913,0.4802,0.7375,확장(Risk-On),1.0,1.0,3512.5
2020-07-24,0.6274,-0.0094,1.1854,0.0983,0.5283,확장(Risk-On),1.0,1.0,3439.0
2020-07-26,0.5952,-0.0791,1.1997,0.0897,0.5019,확장(Risk-On),1.0,1.0,3431.75
2020-07-27,0.6343,0.0352,1.1379,0.4099,0.5768,확장(Risk-On),1.0,1.0,3448.25
2020-07-28,0.6499,-0.2192,0.7905,0.316,0.4177,확장(Risk-On),1.0,1.0,3465.0
2020-07-29,0.5823,-0.0743,0.8053,0.3917,0.4453,확장(Risk-On),1.0,1.0,3449.25
2020-07-30,0.5742,-0.0775,0.9278,0.4687,0.4839,확장(Risk-On),1.0,1.0,3471.75
2020-07-31,0.5465,-0.059,1.0275,0.4319,0.4982,확장(Risk-On),1.0,1.0,3490.25
2020-08-02,0.6019,-0.0764,0.9721,0.4028,0.495,확장(Risk-On),1.0,1.0,3496.5
2020-08-03,0.5796,-0.1001,0.7841,0.5347,0.454,확장(Risk-On),1.0,1.0,3493.75
2020-08-04,0.7704,-0.1653,0.6098,0.9137,0.5178,확장(Risk-On),1.0,1.0,3526.5
2020-08-05,0.667,0.1259,0.4937,1.1941,0.5674,확장(Risk-On),1.0,1.0,3544.0
2020-08-06,0.6817,0.0244,0.2829,0.8905,0.449,확장(Risk-On),1.0,1.0,3553.25
2020-08-07,0.7226,0.1083,0.3035,0.4415,0.4221,확장(Risk-On),1.0,1.0,3564.0
2020-08-09,0.6819,0.125,0.3169,0.4793,0.421,확장(Risk-On),1.0,1.0,3574.0
2020-08-10,0.6786,0.0561,0.2773,0.4234,0.3844,확장(Risk-On),1.0,1.0,3581.75
2020-08-11,0.7285,-0.0176,0.8443,0.4351,0.5269,확장(Risk-On),1.0,1.0,3591.25
2020-08-12,0.6581,-0.0764,0.5639,0.1869,0.3803,확장(Risk-On),1.0,1.0,3576.75
2020-08-13,0.7386,-0.0619,0.5263,-0.0211,0.3714,확장(Risk-On),1.0,1.0,3600.0
2020-08-14,0.6542,-0.2889,0.4096,-0.0728,0.2482,확장(Risk-On),1.0,1.0,3605.75
2020-08-16,0.6046,-0.3006,0.3072,-0.0868,0.2003,확장(Risk-On),1.0,1.0,3602.75
2020-08-17,0.5652,-0.2272,0.3205,0.0504,0.2287,확장(Risk-On),1.0,1.0,3603.5
2020-08-18,0.6809,-0.2116,0.2901,0.0287,0.2622,확장(Risk-On),1.0,1.0,3608.5
2020-08-19,0.6567,-0.1552,0.5158,0.0428,0.3264,확장(Risk-On),1.0,1.0,3621.5
2020-08-20,0.6893,0.2177,0.8728,0.0887,0.5272,확장(Risk-On),1.0,1.0,3589.5
2020-08-21,0.713,0.0862,1.0038,0.112,0.5388,확장(Risk-On),1.0,1.0,3619.0
2020-08-23,0.7984,0.1761,1.0857,0.0171,0.5974,확장(Risk-On),1.0,1.0,3629.75
2020-08-24,1.0436,0.306,1.2148,-0.2023,0.7151,확장(Risk-On),1.0,1.0,3639.5
2020-08-25,1.4593,0.2482,1.1739,-0.1821,0.839,확장(Risk-On),1.0,1.0,3675.0
2020-08-26,1.4752,0.1347,1.1796,-0.0614,0.8357,확장(Risk-On),1.0,1.0,3672.5
2020-08-27,1.725,0.2566,1.4235,-0.6478,0.9266,확장(Risk-On),1.0,1.0,3708.5
2020-08-28,1.5226,0.3828,1.7381,-0.1199,1.0451,확장(Risk-On),1.0,1.0,3736.0
2020-08-30,1.5613,0.3988,1.7896,-0.2451,1.0568,확장(Risk-On),1.0,1.0,3751.0
2020-08-31,1.5861,-0.055,1.6633,-0.0333,0.9522,확장(Risk-On),1.0,1.0,3748.25
2020-09-01,1.5881,-0.0934,1.5558,0.2237,0.955,확장(Risk-On),1.0,1.0,3741.5
2020-09-02,1.8465,0.0752,1.8896,0.2834,1.18,확장(Risk-On),1.0,1.0,3772.0
2020-09-03,1.1636,-0.5249,1.7266,0.2375,0.7433,확장(Risk-On),1.0,1.0,3693.75
2020-09-04,0.8796,-0.2163,1.6946,0.1552,0.7007,확장(Risk-On),1.0,1.0,3649.875
2020-09-06,0.9529,-0.2346,1.6773,0.0902,0.7077,확장(Risk-On),1.0,1.0,3637.0
2020-09-07,0.878,-0.249,1.6426,0.076,0.6671,확장(Risk-On),1.0,1.0,3629.75
2020-09-08,1.111,-0.4021,1.5608,0.128,0.6977,확장(Risk-On),1.0,1.0,3671.75
2020-09-09,0.5449,-0.5402,1.009,0.0681,0.3181,확장(Risk-On),1.0,1.0,3566.0
2020-09-10,0.5649,-0.6289,1.0472,0.1686,0.3276,확장(Risk-On),1.0,1.0,3572.625
2020-09-11,0.6055,-0.3767,1.0182,0.1964,0.4018,확장(Risk-On),1.0,1.0,3597.25
2020-09-13,0.4978,-0.3736,1.0105,0.2178,0.3661,확장(Risk-On),1.0,1.0,3593.5
2020-09-14,0.6144,-0.3135,0.9476,0.2537,0.4116,확장(Risk-On),1.0,1.0,3613.5
2020-09-15,0.5557,-0.2099,0.9805,0.268,0.4274,확장(Risk-On),1.0,1.0,3624.25
2020-09-16,0.6118,-0.2338,1.0072,0.188,0.4357,확장(Risk-On),1.0,1.0,3642.75
2020-09-17,0.2017,-0.3308,0.8495,0.1625,0.2246,확장(Risk-On),1.0,1.0,3567.75
2020-09-18,0.2458,-0.1929,0.9873,0.1675,0.3097,확장(Risk-On),1.0,1.0,3595.0
2020-09-20,0.0794,-0.2822,0.7697,0.1522,0.1725,중립(Neutral),0.5,1.0,3557.0
2020-09-21,-0.0332,-0.555,0.5659,0.1979,0.0208,중립(Neutral),0.5,1.0,3544.75
2020-09-22,-0.182,-0.4911,0.5089,0.274,-0.0181,중립(Neutral),0.5,1.0,3507.75
2020-09-23,-0.1582,-0.4557,0.5266,0.2966,0.0068,중립(Neutral),0.5,1.0,3546.5
2020-09-24,-0.5318,-0.5776,0.2263,0.3162,-0.2265,수축(Risk-Off),0.0,1.0,3455.5
2020-09-25,-0.3387,-0.3662,0.2937,0.198,-0.107,중립(Neutral),0.5,1.0,3491.75
2020-09-27,-0.2674,0.0279,0.343,0.2877,0.0423,중립(Neutral),0.5,1.0,3537.75
2020-09-28,-0.0346,-0.0388,0.4288,0.2898,0.1289,중립(Neutral),0.5,1.0,3551.25
2020-09-29,0.2248,-0.0586,0.3598,0.3172,0.2015,확장(Risk-On),1.0,1.0,3591.0
2020-09-30,0.2357,-0.0128,0.4191,0.2008,0.2142,확장(Risk-On),1.0,1.0,3594.5
2020-10-01,0.3743,0.0138,0.3902,0.1442,0.2536,확장(Risk-On),1.0,1.0,3622.5
2020-10-02,-0.0128,-0.1507,0.4183,0.0981,0.0772,중립(Neutral),0.5,1.0,3569.5
2020-10-04,0.3758,-0.0491,0.5001,0.0893,0.2577,확장(Risk-On),1.0,1.0,3604.5
2020-10-05,0.3058,-0.1502,0.4532,-0.4975,0.1082,중립(Neutral),0.5,1.0,3602.0
2020-10-06,0.4928,-0.2698,0.5897,-0.1138,0.2354,확장(Risk-On),1.0,1.0,3637.0
2020-10-07,0.3982,-0.1212,0.5152,-0.4158,0.1755,중립(Neutral),0.5,1.0,3611.25
2020-10-08,0.5707,0.0859,0.5058,-0.3813,0.2905,확장(Risk-On),1.0,1.0,3673.75
2020-10-09,0.5776,0.2584,0.5234,-0.3459,0.3457,확장(Risk-On),1.0,1.0,3689.25
2020-10-11,0.6514,0.3012,0.5553,-0.3254,0.3933,확장(Risk-On),1.0,1.0,3712.75
2020-10-12,0.8241,0.2212,0.7125,-0.2063,0.4909,확장(Risk-On),1.0,1.0,3722.75
2020-10-13,0.8944,0.1616,0.791,0.0312,0.5559,확장(Risk-On),1.0,1.0,3761.0
2020-10-14,0.964,0.144,0.6094,-0.0835,0.5132,확장(Risk-On),1.0,1.0,3760.0
2020-10-15,0.741,0.0006,0.4785,-0.1371,0.3585,확장(Risk-On),1.0,1.0,3704.5
2020-10-16,0.8549,0.038,0.6125,-0.2312,0.4272,확장(Risk-On),1.0,1.0,3723.0
2020-10-18,0.74,0.0184,0.5883,-0.2658,0.3708,확장(Risk-On),1.0,1.0,3720.0
2020-10-19,0.9629,-0.2178,0.6689,-0.4616,0.3806,확장(Risk-On),1.0,1.0,3728.75
2020-10-20,0.6607,-0.3905,0.303,-0.4891,0.136,중립(Neutral),0.5,1.0,3679.0
2020-10-21,0.6162,-0.3021,0.3891,-0.5745,0.1512,중립(Neutral),0.5,1.0,3695.5
2020-10-22,0.4344,-0.3235,0.3588,-0.6859,0.058,중립(Neutral),0.5,1.0,3657.75
2020-10-23,0.4417,-0.2041,0.3606,-0.3928,0.1348,중립(Neutral),0.5,1.0,3682.75
2020-10-25,0.4479,-0.1846,0.3643,-0.4018,0.1414,중립(Neutral),0.5,1.0,3681.75
2020-10-26,0.2998,-0.5774,0.3759,-0.102,0.0392,중립(Neutral),0.5,1.0,3669.0
2020-10-27,0.3306,-0.7124,0.3105,0.013,0.0172,중립(Neutral),0.5,1.0,3647.25
2020-10-28,0.078,-1.1996,0.0121,0.1042,-0.2539,수축(Risk-Off),0.0,1.0,3604.75
2020-10-29,-0.1518,-0.8586,-0.0468,-0.4627,-0.3489,수축(Risk-Off),0.0,1.0,3544.5
2020-10-30,-0.4596,-0.9737,-0.1333,-0.4154,-0.4999,수축(Risk-Off),0.0,1.0,3476.0
2020-11-01,-0.3587,-1.0329,-0.1187,-0.4581,-0.4822,수축(Risk-Off),0.0,0.0,3495.0
2020-11-02,-0.3974,-1.0943,-0.252,-0.3462,-0.5276,수축(Risk-Off),0.0,0.0,3510.25
2020-11-03,-0.2733,-0.9593,-0.1618,-0.4586,-0.4447,수축(Risk-Off),0.0,0.0,3560.5
2020-11-04,-0.1386,-0.6452,0.0739,0.0973,-0.1768,중립(Neutral),0.5,0.0,3616.0
2020-11-05,0.1092,-0.4857,-0.0363,-0.1108,-0.1089,중립(Neutral),0.5,0.0,3699.0
2020-11-06,0.0907,-0.147,0.0936,-0.3365,-0.0321,중립(Neutral),0.5,0.0,3726.5
2020-11-08,0.2732,-0.0854,0.1548,-0.2905,0.0694,중립(Neutral),0.5,0.0,3779.75
2020-11-09,0.3921,0.0234,0.2751,-0.7049,0.1061,중립(Neutral),0.5,0.0,3794.25
2020-11-10,0.2678,0.1798,0.2543,-0.9109,0.0656,중립(Neutral),0.5,0.0,3779.5
2020-11-11,0.3168,0.3332,0.3079,-0.7803,0.1541,중립(Neutral),0.5,0.0,3793.5
2020-11-12,0.2858,0.1975,0.3567,-0.3624,0.1842,중립(Neutral),0.5,0.0,3787.75
2020-11-13,0.4101,0.3146,0.4075,-0.381,0.2669,확장(Risk-On),1.0,0.0,3782.5
2020-11-15,0.571,0.377,0.5348,-0.2821,0.3855,확장(Risk-On),1.0,0.0,3850.5
2020-11-16,0.7384,0.4284,0.5975,-0.3462,0.463,확장(Risk-On),1.0,0.0,3855.0
2020-11-17,0.7236,0.3629,0.6711,-0.1328,0.4918,확장(Risk-On),1.0,0.0,3852.25
2020-11-18,0.7328,0.6099,0.943,-0.285,0.6019,확장(Risk-On),1.0,0.0,3831.5
2020-11-19,0.6825,0.6489,0.8578,-0.2638,0.576,확장(Risk-On),1.0,0.0,3815.0
2020-11-20,0.6708,0.8893,0.8193,-0.2169,0.6294,확장(Risk-On),1.0,0.0,3804.25
2020-11-22,0.8546,0.7724,0.8184,-0.0833,0.6843,확장(Risk-On),1.0,0.0,3800.0
2020-11-23,1.0191,0.9022,0.8461,-0.1085,0.7775,확장(Risk-On),1.0,0.0,3818.5
2020-11-24,1.3014,1.0419,1.1018,-0.1656,0.9666,확장(Risk-On),1.0,0.0,3875.25
2020-11-25,1.2171,0.9915,1.1004,-0.1626,0.9246,확장(Risk-On),1.0,0.0,3869.75
2020-11-26,1.2512,1.036,1.2404,-0.2057,0.9762,확장(Risk-On),1.0,0.0,3879.25
2020-11-27,1.1378,0.7171,1.2154,-0.2535,0.8434,확장(Risk-On),1.0,0.0,3873.5
2020-11-29,1.0452,0.6948,1.3108,-0.2397,0.8313,확장(Risk-On),1.0,0.0,3884.25
2020-11-30,0.7951,0.6193,1.4213,-0.1742,0.7623,확장(Risk-On),1.0,0.0,3847.5
2020-12-01,0.8891,0.7941,1.5691,-0.5299,0.8225,확장(Risk-On),1.0,1.0,3895.75
2020-12-02,0.8428,0.7495,1.4459,-0.234,0.8087,확장(Risk-On),1.0,1.0,3899.0
2020-12-03,0.9145,0.8292,1.8067,-0.2107,0.9475,확장(Risk-On),1.0,1.0,3908.25
2020-12-04,1.0245,0.8475,1.8066,-0.254,0.984,확장(Risk-On),1.0,1.0,3914.75
2020-12-06,1.0639,0.9122,1.7763,-0.4308,0.9799,확장(Risk-On),1.0,1.0,3941.75
2020-12-07,1.1596,0.6817,1.6206,-0.211,0.9498,확장(Risk-On),1.0,1.0,3931.0
2020-12-08,1.091,0.6787,1.4635,-0.2243,0.8838,확장(Risk-On),1.0,1.0,3922.25
2020-12-09,0.8412,0.4849,1.4574,-0.2626,0.7406,확장(Risk-On),1.0,1.0,3914.875
2020-12-10,0.8144,0.395,1.436,-0.2665,0.7028,확장(Risk-On),1.0,1.0,3909.25
2020-12-11,0.8016,0.3931,1.5415,-0.1698,0.7387,확장(Risk-On),1.0,1.0,3903.5
2020-12-14,0.8181,0.1919,1.5501,-0.2134,0.6898,확장(Risk-On),1.0,1.0,3895.25
2020-12-15,1.0148,0.3461,1.5591,-0.2683,0.7912,확장(Risk-On),1.0,1.0,3937.5
2020-12-16,1.2311,0.4112,1.3996,-0.3511,0.8309,확장(Risk-On),1.0,1.0,3944.5
2020-12-17,1.3266,0.4286,1.5945,-0.3241,0.9215,확장(Risk-On),1.0,1.0,3965.25
2020-12-18,1.4486,0.3701,1.4576,-0.382,0.9066,확장(Risk-On),1.0,1.0,3967.25
2020-12-21,1.1057,-0.0254,1.3487,-0.3808,0.6607,확장(Risk-On),1.0,1.0,3935.0
2020-12-22,1.0816,-0.0199,1.2446,-0.3129,0.6378,확장(Risk-On),1.0,1.0,3925.5
2020-12-23,0.9472,0.0815,1.2383,-0.4664,0.5915,확장(Risk-On),1.0,1.0,3935.75
2020-12-24,1.02,0.2341,1.1648,-0.5071,0.6307,확장(Risk-On),1.0,1.0,3945.75
2020-12-28,1.2587,0.3264,1.5319,-0.3103,0.8586,확장(Risk-On),1.0,1.0,3980.25
2020-12-29,1.1623,0.1823,1.4775,-0.2792,0.7799,확장(Risk-On),1.0,1.0,3975.0
2020-12-30,1.1736,0.2154,1.4825,-0.2763,0.7938,확장(Risk-On),1.0,1.0,3975.5
2020-12-31,1.316,0.1655,1.4107,-0.2399,0.8187,확장(Risk-On),1.0,1.0,3999.5
2021-01-04,1.0721,-0.1864,1.2078,-0.1456,0.6087,확장(Risk-On),1.0,1.0,3946.75
2021-01-05,1.2175,-0.0411,1.2328,-0.1404,0.703,확장(Risk-On),1.0,1.0,3968.25
2021-01-06,1.4685,0.1241,1.5236,-0.408,0.8647,확장(Risk-On),1.0,1.0,4000.0
2021-01-07,1.7235,0.495,1.4567,-0.6104,0.9996,확장(Risk-On),1.0,1.0,4046.75
2021-01-08,1.8312,0.6601,1.6899,-0.8955,1.0941,확장(Risk-On),1.0,1.0,4072.75
2021-01-11,1.789,0.5399,1.568,-1.1368,0.9826,확장(Risk-On),1.0,1.0,4042.5
2021-01-12,1.8479,0.7433,1.585,-1.155,1.0556,확장(Risk-On),1.0,1.0,4043.25
2021-01-13,1.9423,0.7916,1.8282,-0.889,1.2014,확장(Risk-On),1.0,1.0,4056.5
2021-01-14,1.8265,0.7271,2.1794,-1.0139,1.2138,확장(Risk-On),1.0,1.0,4040.5
2021-01-15,1.7678,0.6022,2.2832,-0.8152,1.2178,확장(Risk-On),1.0,1.0,4013.0
2021-01-19,2.0001,0.8599,2.3389,-0.7212,1.3916,확장(Risk-On),1.0,1.0,4044.75
2021-01-20,2.4006,0.9391,2.1573,-0.7148,1.5071,확장(Risk-On),1.0,1.0,4091.0
2021-01-21,2.463,0.9593,2.1014,-0.8015,1.507,확장(Risk-On),1.0,1.0,4097.25
2021-01-22,2.4339,0.7558,2.0,-0.6692,1.4404,확장(Risk-On),1.0,1.0,4080.75
2021-01-25,2.4039,0.4738,1.7937,-0.4606,1.3391,확장(Risk-On),1.0,1.0,4097.75
2021-01-26,2.3492,0.4325,1.728,-0.5356,1.282,확장(Risk-On),1.0,1.0,4097.25
2021-01-27,1.3068,-0.867,1.1604,-0.5165,0.4533,확장(Risk-On),1.0,1.0,3984.5
2021-01-28,1.5332,-0.3732,1.3296,-0.7394,0.6648,확장(Risk-On),1.0,1.0,4018.75
2021-01-29,1.0548,-0.6565,1.0602,-0.8699,0.3396,확장(Risk-On),1.0,1.0,3947.25
2021-02-01,1.2292,-0.1212,1.081,-1.0216,0.5169,확장(Risk-On),1.0,1.0,4014.5
2021-02-02,1.6102,0.2279,1.2431,-0.8766,0.7998,확장(Risk-On),1.0,1.0,4079.0
2021-02-03,1.5995,0.3767,1.1606,-0.7248,0.8354,확장(Risk-On),1.0,1.0,4083.25
2021-02-04,1.627,0.3971,1.194,-0.4816,0.895,확장(Risk-On),1.0,1.0,4117.25
2021-02-05,1.5266,0.5603,1.1926,-0.5275,0.8934,확장(Risk-On),1.0,1.0,4135.5
2021-02-08,1.5194,0.6734,1.1878,-0.5491,0.9147,확장(Risk-On),1.0,1.0,4161.25
2021-02-09,1.5313,0.6862,1.3587,-0.5527,0.9643,확장(Risk-On),1.0,1.0,4161.5
2021-02-10,1.5251,0.5837,1.3907,-0.5182,0.9496,확장(Risk-On),1.0,1.0,4159.0
2021-02-11,1.5064,0.6941,1.4348,-0.5424,0.9781,확장(Risk-On),1.0,1.0,4156.5
2021-02-12,1.6825,0.8481,1.4237,-0.767,1.0418,확장(Risk-On),1.0,1.0,4181.875
2021-02-16,1.7421,0.7513,1.1158,-1.2604,0.8875,확장(Risk-On),1.0,1.0,4180.0
2021-02-17,1.6559,0.6699,1.0634,-1.2459,0.826,확장(Risk-On),1.0,1.0,4177.75
2021-02-18,1.3197,0.633,1.0393,-1.1987,0.7002,확장(Risk-On),1.0,1.0,4161.5
2021-02-19,1.2767,0.7081,1.0614,-1.4765,0.6677,확장(Risk-On),1.0,1.0,4150.0
2021-02-22,1.1923,0.6855,0.9767,-1.8396,0.5569,확장(Risk-On),1.0,1.0,4124.375
2021-02-23,1.2388,0.5318,0.8837,-1.8445,0.5108,확장(Risk-On),1.0,1.0,4126.75
2021-02-24,1.4427,1.1555,0.9625,-1.9785,0.7377,확장(Risk-On),1.0,1.0,4174.25
2021-02-25,1.2039,0.4226,0.7943,-2.2375,0.3899,확장(Risk-On),1.0,1.0,4078.75
2021-02-26,0.9912,0.4523,0.6216,-2.1605,0.2913,확장(Risk-On),1.0,1.0,4058.5
2021-03-01,1.4239,0.6306,0.7233,-1.74,0.5759,확장(Risk-On),1.0,1.0,4154.0
2021-03-02,1.0982,0.4221,0.765,-1.5177,0.4535,확장(Risk-On),1.0,1.0,4117.5
2021-03-03,0.73,0.2037,0.8214,-1.68,0.2598,확장(Risk-On),1.0,1.0,4065.75
2021-03-04,0.4823,0.062,0.6661,-1.9336,0.0608,중립(Neutral),0.5,1.0,4017.5
2021-03-05,0.6439,0.4355,0.5619,-2.0299,0.1702,중립(Neutral),0.5,1.0,4091.25
2021-03-08,0.643,0.4758,0.5562,-2.1902,0.1545,중립(Neutral),0.5,1.0,4080.25
2021-03-09,0.7834,0.5305,0.4892,-1.8713,0.2484,확장(Risk-On),1.0,1.0,4122.5
2021-03-10,0.9041,0.5938,0.5049,-1.7846,0.3234,확장(Risk-On),1.0,1.0,4158.75
2021-03-11,0.994,0.6232,0.6825,-1.747,0.4123,확장(Risk-On),1.0,1.0,4187.25
2021-03-12,1.0177,0.7264,0.555,-1.8812,0.3943,확장(Risk-On),1.0,1.0,4193.5
2021-03-15,1.0171,0.7776,0.5632,-1.8525,0.4133,확장(Risk-On),1.0,1.0,4217.25
2021-03-16,0.9822,0.8871,0.6389,-1.6177,0.4826,확장(Risk-On),1.0,1.0,4218.0
2021-03-17,0.9664,0.9587,0.637,-1.6204,0.4941,확장(Risk-On),1.0,1.0,4221.75
2021-03-18,0.7711,0.7862,0.5688,-1.8798,0.3267,확장(Risk-On),1.0,1.0,4171.0
2021-03-19,0.8023,0.8157,0.4732,-1.87,0.3225,확장(Risk-On),1.0,1.0,4157.25
2021-03-22,0.989,1.0096,0.5863,-1.7001,0.4901,확장(Risk-On),1.0,1.0,4193.25
2021-03-23,0.9505,0.749,0.4251,-1.42,0.4132,확장(Risk-On),1.0,1.0,4164.25
2021-03-24,0.8346,0.6064,0.2473,-1.3285,0.3063,확장(Risk-On),1.0,1.0,4143.25
2021-03-25,0.8164,0.9501,0.2374,-0.895,0.4484,확장(Risk-On),1.0,1.0,4167.75
2021-03-26,1.1309,1.0804,0.317,-1.0623,0.5858,확장(Risk-On),1.0,1.0,4222.75
2021-03-29,1.149,0.9213,0.6839,-1.3438,0.6019,확장(Risk-On),1.0,1.0,4223.5
2021-03-30,0.9429,0.9668,0.5579,-1.4405,0.4951,확장(Risk-On),1.0,1.0,4210.0
2021-03-31,1.0368,1.013,0.3696,-1.4185,0.4957,확장(Risk-On),1.0,1.0,4226.75
2021-04-01,1.3701,1.1131,0.3969,-1.0067,0.706,확장(Risk-On),1.0,1.0,4270.375
2021-04-05,1.4375,1.0171,0.4942,-0.9126,0.7441,확장(Risk-On),1.0,1.0,4330.75
2021-04-06,1.3692,0.9003,0.4855,-0.9273,0.6866,확장(Risk-On),1.0,1.0,4327.0
2021-04-07,1.2909,0.9796,0.4899,-0.995,0.67,확장(Risk-On),1.0,1.0,4335.75
2021-04-08,1.3214,0.9489,0.4885,-0.7845,0.7042,확장(Risk-On),1.0,1.0,4358.5
2021-04-09,1.339,1.0586,0.6281,-0.6348,0.7951,확장(Risk-On),1.0,1.0,4374.5
2021-04-12,1.3428,1.0434,0.6984,-0.6991,0.8006,확장(Risk-On),1.0,1.0,4383.0
2021-04-13,1.3472,0.9932,0.6652,-0.582,0.7988,확장(Risk-On),1.0,1.0,4394.75
2021-04-14,1.3506,0.9156,0.8188,-0.5792,0.8194,확장(Risk-On),1.0,1.0,4383.75
2021-04-15,1.4355,0.9791,0.6638,-0.6145,0.821,확장(Risk-On),1.0,1.0,4423.0
2021-04-16,1.5405,1.042,0.6231,-0.6213,0.8623,확장(Risk-On),1.0,1.0,4432.75
2021-04-19,1.4432,0.929,0.7323,-0.6046,0.8298,확장(Risk-On),1.0,1.0,4417.0
2021-04-20,1.1858,0.7575,0.5925,-0.5496,0.6701,확장(Risk-On),1.0,1.0,4380.75
2021-04-21,1.5181,1.1342,0.9,-0.4594,0.971,확장(Risk-On),1.0,1.0,4417.25
2021-04-22,1.4157,0.8713,0.7508,-0.4121,0.8392,확장(Risk-On),1.0,1.0,4390.5
2021-04-23,1.5652,1.1041,1.0854,-0.4477,1.028,확장(Risk-On),1.0,1.0,4426.5
2021-04-26,1.8199,1.1309,1.1789,-0.5293,1.135,확장(Risk-On),1.0,1.0,4441.75
2021-04-27,1.8063,1.0433,1.03,-0.5571,1.067,확장(Risk-On),1.0,1.0,4440.75
2021-04-28,1.9684,1.0171,1.0117,-0.5379,1.1154,확장(Risk-On),1.0,1.0,4445.25
2021-04-29,1.949,0.8967,0.9594,-0.5564,1.0627,확장(Risk-On),1.0,1.0,4460.5
2021-04-30,1.5614,0.722,0.7852,-0.5779,0.8366,확장(Risk-On),1.0,1.0,4441.0
2021-05-03,1.5739,0.7072,0.7359,-0.5336,0.8316,확장(Risk-On),1.0,1.0,4444.0
2021-05-04,1.2898,0.573,0.6095,-0.5564,0.6636,확장(Risk-On),1.0,1.0,4418.75
2021-05-05,1.3013,0.5679,0.5554,-0.5326,0.6564,확장(Risk-On),1.0,1.0,4418.75
2021-05-06,1.399,0.6759,0.5097,-0.5402,0.705,확장(Risk-On),1.0,1.0,4456.75
2021-05-07,1.4354,0.7874,0.6133,-0.498,0.7778,확장(Risk-On),1.0,1.0,4487.25
2021-05-10,1.1607,0.4525,0.5158,-0.5054,0.5725,확장(Risk-On),1.0,1.0,4436.25
2021-05-11,1.0311,0.1376,0.3774,-0.5416,0.4084,확장(Risk-On),1.0,1.0,4400.5
2021-05-12,0.6001,-0.3324,0.1249,-0.6037,0.0676,중립(Neutral),0.5,1.0,4312.5
2021-05-13,0.8418,0.0569,0.1361,-0.6443,0.2462,확장(Risk-On),1.0,1.0,4371.25
2021-05-14,0.982,0.4237,0.2273,-0.5674,0.4213,확장(Risk-On),1.0,1.0,4433.75
2021-05-17,0.9188,0.4,0.2518,-0.5807,0.3974,확장(Risk-On),1.0,1.0,4421.0
2021-05-18,0.7696,0.2504,0.2219,-0.5334,0.3074,확장(Risk-On),1.0,1.0,4375.25
2021-05-19,0.8122,0.1036,0.1397,-0.6696,0.2447,확장(Risk-On),1.0,1.0,4368.25
2021-05-20,0.9638,0.2057,0.1767,-0.6274,0.3388,확장(Risk-On),1.0,1.0,4412.5
2021-05-21,1.0307,0.2524,0.1528,-0.5476,0.3799,확장(Risk-On),1.0,1.0,4418.25
2021-05-24,1.1127,0.4392,0.1052,-0.5415,0.4443,확장(Risk-On),1.0,1.0,4459.75
2021-05-25,1.1507,0.4251,0.1265,-0.533,0.4607,확장(Risk-On),1.0,1.0,4449.0
2021-05-26,1.2357,0.5845,0.0808,-0.5701,0.5133,확장(Risk-On),1.0,1.0,4454.25
2021-05-27,1.2005,0.7056,0.1863,-0.6036,0.5526,확장(Risk-On),1.0,1.0,4471.75
2021-05-28,1.2272,0.6191,0.2817,-0.6364,0.5593,확장(Risk-On),1.0,1.0,4463.75
2021-06-01,1.3839,0.5133,0.3561,-0.702,0.5964,확장(Risk-On),1.0,1.0,4459.0
2021-06-02,1.3869,0.5114,0.2487,-0.6668,0.5754,확장(Risk-On),1.0,1.0,4467.25
2021-06-03,1.3555,0.4259,0.098,-0.7467,0.4934,확장(Risk-On),1.0,1.0,4451.75
2021-06-04,1.326,0.3327,0.2354,-0.6127,0.5143,확장(Risk-On),1.0,1.0,4488.25
2021-06-07,1.2057,0.4686,0.274,-0.6147,0.5154,확장(Risk-On),1.0,1.0,4487.75
2021-06-08,1.28,0.4529,0.2727,-0.5736,0.5434,확장(Risk-On),1.0,1.0,4485.75
2021-06-09,1.3303,0.5919,0.3362,-0.5368,0.6171,확장(Risk-On),1.0,1.0,4482.75
2021-06-10,1.6507,0.5101,0.366,-0.4625,0.7274,확장(Risk-On),1.0,1.0,4499.5
2021-06-11,1.493,0.3967,0.5008,-0.5057,0.6711,확장(Risk-On),1.0,1.0,4506.0
2021-06-14,1.3967,0.4316,0.4672,-0.5606,0.6295,확장(Risk-On),1.0,1.0,4516.25
2021-06-15,1.4572,0.5594,0.5638,-0.5917,0.7021,확장(Risk-On),1.0,1.0,4507.5
2021-06-16,1.4673,0.6274,0.6403,-0.6793,0.7286,확장(Risk-On),1.0,1.0,4472.5
2021-06-17,1.504,0.5038,0.7467,-0.6193,0.7461,확장(Risk-On),1.0,1.0,4485.5
2021-06-18,1.0341,-0.121,0.4006,-0.5784,0.3451,확장(Risk-On),1.0,1.0,4411.75
2021-06-21,1.3237,0.1589,0.4847,-0.6223,0.5308,확장(Risk-On),1.0,1.0,4488.5
2021-06-22,1.2854,0.3062,0.5466,-0.5502,0.5806,확장(Risk-On),1.0,1.0,4506.75
2021-06-23,1.2075,0.2209,0.6148,-0.4938,0.5575,확장(Risk-On),1.0,1.0,4503.5
2021-06-24,1.3186,0.2834,0.5994,-0.4507,0.6146,확장(Risk-On),1.0,1.0,4532.25
2021-06-25,1.345,0.3657,0.63,-0.424,0.6561,확장(Risk-On),1.0,1.0,4544.5
2021-06-28,1.4133,0.2131,0.4606,-0.3427,0.6117,확장(Risk-On),1.0,1.0,4551.25
2021-06-29,1.3433,0.3045,0.5077,-0.3433,0.6217,확장(Risk-On),1.0,1.0,4554.25
2021-06-30,1.3845,0.2937,0.3532,-0.3888,0.588,확장(Risk-On),1.0,1.0,4563.5
2021-07-01,1.3484,0.4033,0.3414,-0.3621,0.6038,확장(Risk-On),1.0,1.0,4579.5
2021-07-02,1.5101,0.2851,0.32,-0.3452,0.628,확장(Risk-On),1.0,1.0,4608.75
2021-07-06,1.3168,0.0881,0.12,-0.2593,0.474,확장(Risk-On),1.0,1.0,4598.25
2021-07-07,1.3967,0.1438,0.0544,-0.237,0.5028,확장(Risk-On),1.0,1.0,4621.75
2021-07-08,1.2064,-0.3129,0.0497,-0.184,0.3289,확장(Risk-On),1.0,1.0,4580.25
2021-07-09,1.3374,0.0624,0.1602,-0.2653,0.484,확장(Risk-On),1.0,1.0,4632.0
2021-07-12,1.397,0.1168,0.1235,-0.3288,0.4997,확장(Risk-On),1.0,1.0,4645.75
2021-07-13,1.2621,0.2043,0.1316,-0.3861,0.4678,확장(Risk-On),1.0,1.0,4629.25
2021-07-14,1.313,0.2246,0.0746,-0.3137,0.4873,확장(Risk-On),1.0,1.0,4636.25
2021-07-15,1.3393,0.1223,0.0531,-0.2345,0.4774,확장(Risk-On),1.0,1.0,4618.0
2021-07-16,1.2161,-0.017,-0.1187,-0.2162,0.3593,확장(Risk-On),1.0,1.0,4588.5
2021-07-19,1.0726,-0.7163,-0.3281,-0.0907,0.1007,중립(Neutral),0.5,1.0,4531.0
2021-07-20,1.132,-0.4967,-0.2496,-0.0732,0.1986,중립(Neutral),0.5,1.0,4589.0
2021-07-21,1.1793,-0.1973,-0.1126,-0.1081,0.319,확장(Risk-On),1.0,1.0,4625.25
2021-07-22,1.2268,-0.234,-0.2043,-0.1017,0.3045,확장(Risk-On),1.0,1.0,4641.0
2021-07-23,1.2582,-0.1295,-0.0241,-0.0786,0.3902,확장(Risk-On),1.0,1.0,4669.25
2021-07-26,1.2912,-0.0963,0.1471,-0.0788,0.4528,확장(Risk-On),1.0,1.0,4685.0
2021-07-27,1.0961,-0.2909,0.1667,-0.0484,0.3453,확장(Risk-On),1.0,1.0,4653.5
2021-07-28,1.1325,-0.1699,0.1607,-0.0763,0.3826,확장(Risk-On),1.0,1.0,4662.0
2021-07-29,1.1298,-0.1374,0.2022,-0.0987,0.3968,확장(Risk-On),1.0,1.0,4667.0
2021-07-30,1.1277,-0.276,0.0457,0.0,0.3371,확장(Risk-On),1.0,1.0,4665.25
2021-08-02,1.0402,-0.3979,0.1334,0.0543,0.3061,확장(Risk-On),1.0,1.0,4653.75
2021-08-03,1.0886,-0.1496,0.2612,0.1793,0.4358,확장(Risk-On),1.0,1.0,4678.75
2021-08-04,1.1622,-0.0694,0.5029,0.1418,0.5364,확장(Risk-On),1.0,1.0,4666.5
2021-08-05,1.3634,0.2043,0.5257,0.0827,0.6721,확장(Risk-On),1.0,1.0,4691.0
2021-08-06,1.6443,0.2146,0.4423,0.063,0.7492,확장(Risk-On),1.0,1.0,4700.25
2021-08-09,1.6382,0.1735,0.6223,0.0562,0.7808,확장(Risk-On),1.0,1.0,4697.5
2021-08-10,1.5325,0.3689,0.6719,0.0089,0.7979,확장(Risk-On),1.0,1.0,4699.5
2021-08-11,1.6296,0.3752,0.6446,0.043,0.8317,확장(Risk-On),1.0,1.0,4711.5
2021-08-12,1.7343,0.5013,0.5993,0.1728,0.9081,확장(Risk-On),1.0,1.0,4726.0
2021-08-13,1.8633,0.5204,0.6436,0.3245,0.9918,확장(Risk-On),1.0,1.0,4729.75
2021-08-16,2.0657,0.6444,0.5017,0.1291,1.0289,확장(Risk-On),1.0,1.0,4742.0
2021-08-17,1.919,0.2712,0.3895,0.1017,0.8521,확장(Risk-On),1.0,1.0,4707.5
2021-08-18,1.4155,-0.3386,0.2302,0.2965,0.5128,확장(Risk-On),1.0,1.0,4658.5
2021-08-19,1.3104,-0.4036,0.2204,0.3961,0.4723,확장(Risk-On),1.0,1.0,4673.25
2021-08-20,1.508,-0.0171,0.3134,0.3975,0.6615,확장(Risk-On),1.0,1.0,4707.5
2021-08-23,1.596,0.2062,0.4226,0.4836,0.7883,확장(Risk-On),1.0,1.0,4751.25
2021-08-24,1.5698,0.3501,0.3954,0.1878,0.764,확장(Risk-On),1.0,1.0,4753.75
2021-08-25,1.727,0.4051,0.5112,-0.0194,0.8306,확장(Risk-On),1.0,1.0,4763.5
2021-08-26,1.6062,0.106,0.4649,0.0062,0.7058,확장(Risk-On),1.0,1.0,4740.0
2021-08-27,1.7579,0.4158,0.4085,0.195,0.8506,확장(Risk-On),1.0,1.0,4777.5
2021-08-30,1.8815,0.4883,0.4782,0.1748,0.9264,확장(Risk-On),1.0,1.0,4800.0
2021-08-31,1.9282,0.4487,0.466,0.0569,0.9121,확장(Risk-On),1.0,1.0,4798.0
2021-09-01,1.7578,0.5107,0.5178,0.1851,0.9001,확장(Risk-On),1.0,1.0,4792.75
2021-09-02,1.8515,0.4824,0.5946,0.4539,0.9854,확장(Risk-On),1.0,1.0,4806.5
2021-09-03,1.7426,0.4064,0.5559,0.5421,0.9318,확장(Risk-On),1.0,1.0,4803.75
2021-09-07,1.5941,0.2334,0.499,0.3618,0.7953,확장(Risk-On),1.0,1.0,4787.75
2021-09-08,1.6148,0.0839,0.5324,0.4129,0.7812,확장(Risk-On),1.0,1.0,4781.25
2021-09-09,1.4237,-0.0714,0.4151,0.484,0.6568,확장(Risk-On),1.0,1.0,4760.75
2021-09-10,1.3318,-0.084,0.6363,0.3366,0.6547,확장(Risk-On),1.0,1.0,4731.25
2021-09-13,1.5382,-0.0253,0.4737,0.3976,0.7101,확장(Risk-On),1.0,1.0,4746.0
2021-09-14,1.3102,-0.041,0.2971,0.5677,0.6078,확장(Risk-On),1.0,1.0,4716.5
2021-09-15,1.6859,0.3454,0.3654,0.5366,0.8482,확장(Risk-On),1.0,1.0,4755.75
2021-09-16,1.6002,0.27,0.3785,0.2339,0.7573,확장(Risk-On),1.0,1.0,4739.5
2021-09-17,1.1609,-0.228,0.1164,0.1673,0.4035,확장(Risk-On),1.0,1.0,4687.5
2021-09-20,0.6662,-0.8635,-0.1679,0.3854,0.0331,중립(Neutral),0.5,1.0,4622.25
2021-09-21,0.4356,-0.7451,-0.2327,0.4082,-0.0308,중립(Neutral),0.5,1.0,4615.5
2021-09-22,0.6481,-0.3777,0.0651,0.4831,0.2212,확장(Risk-On),1.0,1.0,4665.5
2021-09-23,0.8931,0.1422,0.3047,-0.0298,0.4198,확장(Risk-On),1.0,1.0,4718.25
2021-09-24,0.9772,0.1508,0.1656,-0.1828,0.3937,확장(Risk-On),1.0,1.0,4725.25
2021-09-27,0.7826,0.067,0.1084,-0.4367,0.2523,확장(Risk-On),1.0,1.0,4708.5
2021-09-28,0.2709,-0.2964,0.0257,-0.5954,-0.0622,중립(Neutral),0.5,1.0,4625.75
2021-09-29,0.3163,-0.2732,-0.0472,-0.5051,-0.0452,중립(Neutral),0.5,1.0,4635.75
2021-09-30,0.0524,-0.3411,-0.3229,-0.4642,-0.2173,수축(Risk-Off),0.0,1.0,4577.75
2021-10-01,0.2902,-0.2665,-0.2793,-0.2517,-0.0727,중립(Neutral),0.5,0.0,4629.0
2021-10-04,-0.0034,-0.4978,-0.4079,-0.2975,-0.2722,수축(Risk-Off),0.0,0.0,4573.25
2021-10-05,0.2289,-0.2089,-0.1911,-0.3927,-0.0788,중립(Neutral),0.5,0.0,4614.0
2021-10-06,0.2929,-0.1006,-0.216,-0.4589,-0.0455,중립(Neutral),0.5,0.0,4634.5
2021-10-07,0.4515,0.237,0.0202,-0.7782,0.1056,중립(Neutral),0.5,0.0,4669.5
2021-10-08,0.5069,0.4722,0.0075,-0.7555,0.184,중립(Neutral),0.5,0.0,4659.0
2021-10-11,0.4754,0.4961,0.1164,-0.9783,0.1728,중립(Neutral),0.5,0.0,4626.5
2021-10-12,0.4422,0.3495,-0.1043,-0.8539,0.088,중립(Neutral),0.5,0.0,4608.0
2021-10-13,0.6646,0.2928,-0.3184,-0.7317,0.1165,중립(Neutral),0.5,0.0,4634.5
2021-10-14,0.9498,0.5626,-0.0944,-0.4375,0.3839,확장(Risk-On),1.0,0.0,4714.75
2021-10-15,1.0038,0.8071,0.026,-0.6756,0.4583,확장(Risk-On),1.0,0.0,4744.5
2021-10-18,1.0856,1.0579,-0.0877,-1.0379,0.4668,확장(Risk-On),1.0,0.0,4755.25
2021-10-19,1.3249,1.2256,0.0396,-1.1022,0.6147,확장(Risk-On),1.0,0.0,4794.5
2021-10-20,1.3264,1.1119,0.0862,-1.1906,0.5852,확장(Risk-On),1.0,0.0,4804.25
2021-10-21,1.1853,1.0854,-0.0093,-1.0346,0.5287,확장(Risk-On),1.0,0.0,4811.25
2021-10-22,1.0845,0.9659,-0.0861,-0.7294,0.4901,확장(Risk-On),1.0,0.0,4808.5
2021-10-25,1.2119,1.145,-0.1074,-0.5235,0.605,확장(Risk-On),1.0,0.0,4844.5
2021-10-26,1.2305,1.2456,-0.1402,-0.3531,0.6541,확장(Risk-On),1.0,0.0,4842.5
2021-10-27,1.3585,1.0069,-0.089,-0.1417,0.6837,확장(Risk-On),1.0,0.0,4827.0
2021-10-28,1.4815,1.0853,0.0647,-0.4733,0.735,확장(Risk-On),1.0,0.0,4857.75
2021-10-29,1.6326,0.9755,-0.0935,-0.6043,0.7013,확장(Risk-On),1.0,0.0,4881.75
2021-11-01,1.6397,0.9,-0.1437,-0.3973,0.7034,확장(Risk-On),1.0,1.0,4885.0
2021-11-02,1.6143,0.916,-0.0806,-0.2486,0.7366,확장(Risk-On),1.0,1.0,4900.75
2021-11-03,1.7019,1.0027,0.0573,-0.3615,0.8065,확장(Risk-On),1.0,1.0,4931.0
2021-11-04,1.7115,0.9333,-0.0858,0.0387,0.8167,확장(Risk-On),1.0,1.0,4952.0
2021-11-05,1.7768,0.8093,-0.1301,0.0985,0.8064,확장(Risk-On),1.0,1.0,4965.0
2021-11-08,1.9143,0.8765,0.2719,-0.0115,0.9554,확장(Risk-On),1.0,1.0,4971.25
2021-11-09,1.7607,0.6271,0.1933,0.0814,0.8336,확장(Risk-On),1.0,1.0,4954.5
2021-11-10,1.4748,0.4975,-0.1216,-0.1322,0.5903,확장(Risk-On),1.0,1.0,4923.5
2021-11-11,1.5065,0.6098,-0.2836,-0.2038,0.5783,확장(Risk-On),1.0,1.0,4925.75
2021-11-12,1.5917,0.6897,-0.4021,-0.0769,0.6175,확장(Risk-On),1.0,1.0,4960.25
2021-11-15,1.3732,0.6416,-0.4212,-0.0913,0.522,확장(Risk-On),1.0,1.0,4960.25
2021-11-16,1.4321,0.7236,-0.5103,-0.2988,0.5097,확장(Risk-On),1.0,1.0,4975.75
2021-11-17,1.3713,0.571,-0.6827,-0.1618,0.4277,확장(Risk-On),1.0,1.0,4964.5
2021-11-18,1.3988,0.5556,-0.5284,-0.1839,0.4688,확장(Risk-On),1.0,1.0,4984.5
2021-11-19,1.3001,0.5677,-0.5992,-0.2858,0.4043,확장(Risk-On),1.0,1.0,4977.0
2021-11-22,1.187,0.4295,-0.599,-0.5388,0.2922,확장(Risk-On),1.0,1.0,4963.25
2021-11-23,1.1457,0.4333,-0.5587,-0.5803,0.2826,확장(Risk-On),1.0,1.0,4964.0
2021-11-24,1.2025,0.5152,-0.6352,-0.5751,0.3046,확장(Risk-On),1.0,1.0,4979.75
2021-11-26,0.5627,-0.6062,-0.6283,-0.0198,-0.1147,중립(Neutral),0.5,1.0,4858.25
2021-11-29,0.7316,0.0029,-0.4929,-0.2765,0.0921,중립(Neutral),0.5,1.0,4935.0
2021-11-30,0.4365,-0.3773,-0.4678,-0.1139,-0.0756,중립(Neutral),0.5,1.0,4864.75
2021-12-01,0.1744,-0.8007,-0.672,0.0338,-0.3021,수축(Risk-Off),0.0,0.5,4786.75
2021-12-02,0.4299,-0.4455,-0.6018,-0.1157,-0.1287,중립(Neutral),0.5,0.5,4864.5
2021-12-03,0.3168,-0.6977,-0.6214,0.0861,-0.206,수축(Risk-Off),0.0,0.5,4812.5
2021-12-06,0.5551,-0.3034,-0.2942,-0.0238,0.0413,중립(Neutral),0.5,0.5,4874.5
2021-12-07,0.8636,0.1721,-0.3442,-0.0677,0.2491,확장(Risk-On),1.0,0.5,4974.25
2021-12-08,0.9345,0.2143,-0.4318,-0.1027,0.2573,확장(Risk-On),1.0,0.5,4977.0
2021-12-09,0.8394,0.0092,-0.4279,-0.1291,0.1697,중립(Neutral),0.5,0.5,4947.75
2021-12-10,0.9017,0.2796,-0.2947,-0.1138,0.2948,확장(Risk-On),1.0,0.5,4991.5
2021-12-13,0.7202,0.1546,-0.2291,-0.1504,0.2109,확장(Risk-On),1.0,0.5,4950.25
2021-12-14,0.6299,0.1178,0.0023,-0.2088,0.2192,확장(Risk-On),1.0,0.5,4916.0
2021-12-15,0.9486,0.4232,-0.0741,-0.1687,0.394,확장(Risk-On),1.0,0.5,4989.25
2021-12-16,0.8174,0.2718,-0.0306,-0.0993,0.3315,확장(Risk-On),1.0,0.5,4952.0
2021-12-17,0.6972,0.0305,-0.2552,-0.0543,0.1797,중립(Neutral),0.5,0.5,4906.0
2021-12-20,0.5089,0.1243,-0.3746,-0.1484,0.0933,중립(Neutral),0.5,0.5,4856.0
2021-12-21,0.913,0.3635,-0.2854,-0.1955,0.3098,확장(Risk-On),1.0,0.5,4928.75
2021-12-22,1.0577,0.4216,-0.1401,-0.2792,0.3987,확장(Risk-On),1.0,0.5,4976.0
2021-12-23,0.9872,0.725,0.0109,-0.3539,0.4764,확장(Risk-On),1.0,0.5,5002.5
2021-12-27,1.3831,0.7742,-0.1839,-0.4698,0.5612,확장(Risk-On),1.0,0.5,5069.0
2021-12-28,1.4428,0.7371,-0.2133,-0.4618,0.5667,확장(Risk-On),1.0,0.5,5067.75
2021-12-29,1.3856,0.669,-0.251,-0.48,0.5175,확장(Risk-On),1.0,0.5,5070.75
2021-12-30,1.189,0.3924,-0.3108,-0.3073,0.3905,확장(Risk-On),1.0,0.5,5059.25
2021-12-31,0.9546,0.2718,-0.4279,-0.2911,0.2514,확장(Risk-On),1.0,0.5,5048.25
2022-01-03,1.0452,0.565,-0.1947,-0.6438,0.3618,확장(Risk-On),1.0,1.0,5071.25
2022-01-04,1.0737,0.4189,-0.2014,-0.7561,0.3168,확장(Risk-On),1.0,1.0,5070.5
2022-01-05,0.6742,0.1316,-0.3159,-0.9541,0.0468,중립(Neutral),0.5,1.0,4978.75
2022-01-06,0.6495,0.2815,-0.2396,-1.1607,0.0637,중립(Neutral),0.5,1.0,4980.5
2022-01-07,0.5662,0.3368,-0.3848,-1.1453,0.0144,중립(Neutral),0.5,1.0,4954.25
2022-01-10,0.4802,0.2199,-0.4107,-1.2551,-0.0679,중립(Neutral),0.5,1.0,4949.25
2022-01-11,0.6384,0.3645,-0.398,-1.1619,0.0407,중립(Neutral),0.5,1.0,4991.0
2022-01-12,0.7296,0.4601,-0.249,-1.2017,0.1279,중립(Neutral),0.5,1.0,5005.5
2022-01-13,0.5029,0.0985,-0.4206,-1.0341,-0.0596,중립(Neutral),0.5,1.0,4939.25
2022-01-14,0.5958,0.2418,-0.3128,-1.2315,0.0061,중립(Neutral),0.5,1.0,4941.5
2022-01-18,0.012,-0.1372,-0.4637,-1.5311,-0.3757,수축(Risk-Off),0.0,1.0,4863.75
2022-01-19,-0.1632,-0.2082,-0.5918,-1.5227,-0.4855,수축(Risk-Off),0.0,1.0,4811.25
2022-01-20,-0.369,-0.5321,-0.4122,-1.3568,-0.5688,수축(Risk-Off),0.0,1.0,4743.0
2022-01-21,-0.691,-0.9014,-0.4371,-1.231,-0.7611,수축(Risk-Off),0.0,1.0,4668.25
2022-01-24,-0.5555,-0.9462,-0.4574,-1.1296,-0.7148,수축(Risk-Off),0.0,1.0,4694.25
2022-01-25,-0.8143,-1.1503,-0.6242,-1.0957,-0.893,수축(Risk-Off),0.0,1.0,4593.0
2022-01-26,-0.7522,-1.1282,-0.3727,-1.2097,-0.82,수축(Risk-Off),0.0,1.0,4625.5
2022-01-27,-0.7297,-1.0145,-0.3736,-1.0601,-0.7615,수축(Risk-Off),0.0,1.0,4630.75
2022-01-28,-0.4897,-0.7086,-0.3159,-0.7604,-0.5416,수축(Risk-Off),0.0,1.0,4706.5
2022-01-31,-0.1759,-0.4562,-0.1829,-0.6375,-0.317,수축(Risk-Off),0.0,1.0,4778.5
2022-02-01,0.0276,-0.2495,-0.1521,-0.6829,-0.1932,중립(Neutral),0.5,0.0,4836.25
2022-02-02,0.0516,-0.2787,-0.1705,-0.5996,-0.1842,중립(Neutral),0.5,0.0,4835.25
2022-02-03,-0.0447,-0.45,-0.0125,-0.7795,-0.2482,수축(Risk-Off),0.0,0.0,4808.75
2022-02-04,-0.1885,-0.3582,-0.0846,-1.0276,-0.3308,수축(Risk-Off),0.0,0.0,4772.25
2022-02-07,-0.174,0.0069,-0.1579,-1.1252,-0.2675,수축(Risk-Off),0.0,0.0,4770.25
2022-02-08,-0.0923,0.0922,-0.2379,-1.3018,-0.264,수축(Risk-Off),0.0,0.0,4805.0
2022-02-09,0.1988,0.3876,-0.1548,-1.297,-0.0668,중립(Neutral),0.5,0.0,4868.0
2022-02-10,-0.0639,0.3259,-0.0902,-1.3507,-0.166,중립(Neutral),0.5,0.0,4781.75
2022-02-11,-0.2365,-0.1909,-0.6428,-1.0098,-0.4427,수축(Risk-Off),0.0,0.0,4704.75
2022-02-14,0.0388,0.1201,-0.7173,-1.5138,-0.3628,수축(Risk-Off),0.0,0.0,4681.25
2022-02-15,0.2756,0.2932,-0.5256,-1.6833,-0.2141,수축(Risk-Off),0.0,0.0,4743.75
2022-02-16,0.3446,0.3171,-0.651,-1.6386,-0.2087,수축(Risk-Off),0.0,0.0,4751.75
2022-02-17,0.0376,-0.1448,-1.0076,-1.1709,-0.4506,수축(Risk-Off),0.0,0.0,4661.5
2022-02-18,0.0587,-0.0915,-1.0504,-0.7805,-0.382,수축(Risk-Off),0.0,0.0,4630.25
2022-02-22,-0.3234,-0.2946,-1.0299,-1.0355,-0.5996,수축(Risk-Off),0.0,0.0,4599.0
2022-02-23,-0.6313,-0.6284,-1.238,-1.2249,-0.8713,수축(Risk-Off),0.0,0.0,4501.75
2022-02-24,-0.5994,-0.7789,-1.4293,-1.0837,-0.9244,수축(Risk-Off),0.0,0.0,4556.0
2022-02-25,-0.3282,-0.3049,-0.9612,-1.1691,-0.6068,수축(Risk-Off),0.0,0.0,4667.25
2022-02-28,-0.3844,-0.5952,-0.9422,-0.4174,-0.5815,수축(Risk-Off),0.0,0.0,4654.75
2022-03-01,-0.4569,-0.9734,-1.2959,-0.2213,-0.7604,수축(Risk-Off),0.0,0.0,4597.0
2022-03-02,-0.2427,-0.7344,-1.2191,-0.315,-0.6206,수축(Risk-Off),0.0,0.0,4660.5
2022-03-03,-0.2765,-0.8682,-1.4066,-0.2545,-0.7036,수축(Risk-Off),0.0,0.0,4652.0
2022-03-04,-0.4207,-1.2183,-1.7443,-0.1874,-0.916,수축(Risk-Off),0.0,0.0,4607.0
2022-03-07,-0.8353,-1.2515,-2.0395,-0.2706,-1.1557,수축(Risk-Off),0.0,0.0,4472.75
2022-03-08,-0.8476,-1.1937,-2.0455,-0.2731,-1.1474,수축(Risk-Off),0.0,0.0,4439.0
2022-03-09,-0.481,-0.7581,-1.6083,-0.3152,-0.8072,수축(Risk-Off),0.0,0.0,4567.25
2022-03-10,-0.5155,-0.7312,-1.7436,-0.3428,-0.8505,수축(Risk-Off),0.0,0.0,4542.75
2022-03-11,-0.7771,-0.8219,-1.7879,-0.3427,-0.9759,수축(Risk-Off),0.0,0.0,4491.5
2022-03-14,-0.7325,-0.7755,-1.6849,-0.8633,-1.001,수축(Risk-Off),0.0,0.0,4466.0
2022-03-15,-0.4561,-0.5636,-1.415,-0.8992,-0.7892,수축(Risk-Off),0.0,0.0,4544.75
2022-03-16,-0.1753,-0.1679,-1.2134,-1.0689,-0.567,수축(Risk-Off),0.0,0.0,4657.0
2022-03-17,-0.1441,-0.077,-1.1514,-1.0002,-0.5076,수축(Risk-Off),0.0,0.0,4679.0
2022-03-18,0.0951,0.1991,-1.044,-0.8525,-0.3058,수축(Risk-Off),0.0,0.0,4759.75
2022-03-21,0.1951,0.1799,-1.0374,-1.2706,-0.3367,수축(Risk-Off),0.0,0.0,4753.25
2022-03-22,0.1918,0.2926,-0.997,-1.4531,-0.3269,수축(Risk-Off),0.0,0.0,4800.5
2022-03-23,0.0533,0.2221,-1.2675,-1.4877,-0.4658,수축(Risk-Off),0.0,0.0,4743.75
2022-03-24,0.2431,0.682,-1.2485,-1.8715,-0.3373,수축(Risk-Off),0.0,0.0,4811.0
2022-03-25,0.3331,0.6924,-1.1816,-1.9163,-0.2931,수축(Risk-Off),0.0,0.0,4830.75
2022-03-28,0.3073,0.8026,-1.0722,-2.0108,-0.2615,수축(Risk-Off),0.0,0.0,4864.75
2022-03-29,0.4744,0.9175,-0.8425,-2.0255,-0.119,중립(Neutral),0.5,0.0,4916.0
2022-03-30,0.5092,0.8375,-0.6756,-1.8809,-0.0634,중립(Neutral),0.5,0.0,4896.25
2022-03-31,0.3764,0.9104,-0.6849,-1.8322,-0.0867,중립(Neutral),0.5,0.0,4835.75
2022-04-01,0.5826,1.0799,-0.6317,-1.7708,0.0503,중립(Neutral),0.5,0.5,4833.25
2022-04-04,0.7635,1.2018,-0.5721,-1.5744,0.1885,중립(Neutral),0.5,0.5,4870.75
2022-04-05,0.4849,0.9245,-0.6609,-1.8174,-0.037,중립(Neutral),0.5,0.5,4821.0
2022-04-06,0.4353,0.8009,-0.6916,-1.8457,-0.0972,중립(Neutral),0.5,0.5,4765.75
2022-04-07,0.6512,0.9758,-0.565,-1.9146,0.0434,중립(Neutral),0.5,0.5,4789.75
2022-04-08,0.6265,0.9793,-0.7996,-1.771,-0.0015,중립(Neutral),0.5,0.5,4778.25
2022-04-11,0.4331,0.6355,-0.8868,-1.9142,-0.1984,중립(Neutral),0.5,0.5,4704.75
2022-04-12,0.3718,0.412,-1.0881,-1.5908,-0.2775,수축(Risk-Off),0.0,0.5,4689.25
2022-04-13,0.2882,0.5752,-1.0536,-1.5457,-0.2506,수축(Risk-Off),0.0,0.5,4733.0
2022-04-14,0.1343,0.3904,-1.2997,-1.7744,-0.4465,수축(Risk-Off),0.0,0.5,4682.25
2022-04-18,-0.0113,0.4091,-1.5005,-1.5054,-0.5026,수축(Risk-Off),0.0,0.5,4694.25
2022-04-19,0.049,0.526,-1.4683,-1.5936,-0.4575,수축(Risk-Off),0.0,0.5,4735.75
2022-04-20,0.0114,0.5928,-1.2748,-1.5377,-0.3972,수축(Risk-Off),0.0,0.5,4764.0
2022-04-21,-0.1173,0.299,-1.3916,-1.735,-0.5744,수축(Risk-Off),0.0,0.5,4680.5
2022-04-22,-0.4975,-0.2723,-1.5023,-1.4622,-0.8371,수축(Risk-Off),0.0,0.5,4546.0
2022-04-25,-0.3881,-0.3079,-1.4188,-1.2674,-0.7576,수축(Risk-Off),0.0,0.5,4589.0
2022-04-26,-0.7722,-0.9615,-1.7169,-1.1355,-1.1102,수축(Risk-Off),0.0,0.5,4435.5
2022-04-27,-0.6739,-0.723,-1.6589,-1.4656,-1.0512,수축(Risk-Off),0.0,0.5,4506.25
2022-04-28,-0.567,-0.4275,-1.4643,-1.452,-0.8892,수축(Risk-Off),0.0,0.5,4555.0
2022-04-29,-0.7902,-0.7048,-1.5013,-1.6242,-1.0717,수축(Risk-Off),0.0,0.5,4431.75
2022-05-02,-0.7143,-0.6508,-1.2791,-1.7268,-0.9915,수축(Risk-Off),0.0,0.0,4441.0
2022-05-03,-0.6517,-0.4011,-1.4377,-1.4511,-0.9054,수축(Risk-Off),0.0,0.0,4469.0
2022-05-04,-0.3378,-0.0557,-1.3453,-1.2213,-0.6517,수축(Risk-Off),0.0,0.0,4581.0
2022-05-05,-0.5356,-0.3833,-1.335,-1.3385,-0.8178,수축(Risk-Off),0.0,0.0,4445.75
2022-05-06,-0.6762,-0.2865,-1.2547,-1.414,-0.8341,수축(Risk-Off),0.0,0.0,4405.5
2022-05-09,-0.9034,-0.5871,-1.31,-1.1482,-0.9627,수축(Risk-Off),0.0,0.0,4284.25
2022-05-10,-0.7378,-0.5061,-1.2883,-1.1896,-0.8853,수축(Risk-Off),0.0,0.0,4286.25
2022-05-11,-0.8229,-0.6127,-1.3499,-1.1736,-0.9547,수축(Risk-Off),0.0,0.0,4237.75
2022-05-12,-0.9585,-0.5635,-1.2436,-0.8655,-0.9171,수축(Risk-Off),0.0,0.0,4204.75
2022-05-13,-0.6739,-0.2903,-1.0134,-0.9681,-0.707,수축(Risk-Off),0.0,0.0,4308.75
2022-05-16,-0.7099,-0.3329,-1.3503,-0.8727,-0.8002,수축(Risk-Off),0.0,0.0,4295.0
2022-05-17,-0.4663,-0.1459,-1.0254,-0.949,-0.5984,수축(Risk-Off),0.0,0.0,4385.25
2022-05-18,-0.8649,-0.543,-1.1566,-0.9006,-0.8627,수축(Risk-Off),0.0,0.0,4208.75
2022-05-19,-0.9978,-0.2671,-0.8069,-0.8864,-0.7507,수축(Risk-Off),0.0,0.0,4193.0
2022-05-20,-0.9134,-0.2499,-0.9513,-0.8436,-0.7465,수축(Risk-Off),0.0,0.0,4196.75
2022-05-23,-0.61,-0.1064,-0.6791,-0.8867,-0.5429,수축(Risk-Off),0.0,0.0,4272.75
2022-05-24,-0.685,0.0542,-0.3961,-0.8072,-0.4463,수축(Risk-Off),0.0,0.0,4244.75
2022-05-25,-0.5226,0.0621,-0.4145,-0.7902,-0.3895,수축(Risk-Off),0.0,0.0,4264.75
2022-05-26,-0.4381,0.167,0.0368,-0.7894,-0.2208,수축(Risk-Off),0.0,0.0,4345.5
2022-05-27,-0.2559,0.4553,0.4084,-0.8103,0.0048,중립(Neutral),0.5,0.0,4450.5
2022-05-31,-0.1075,0.1705,0.0741,-0.8387,-0.1023,중립(Neutral),0.5,0.0,4427.0
2022-06-01,-0.1925,0.1338,-0.0251,-0.9121,-0.177,중립(Neutral),0.5,0.5,4391.75
2022-06-02,-0.2229,0.4342,0.0696,-0.8862,-0.085,중립(Neutral),0.5,0.5,4472.5
2022-06-03,-0.2,0.3043,-0.0871,-0.858,-0.1444,중립(Neutral),0.5,0.5,4404.25
2022-06-06,-0.0992,0.4434,-0.2504,-0.9307,-0.1261,중립(Neutral),0.5,0.5,4415.5
2022-06-07,0.1026,0.3351,-0.3847,-0.8245,-0.1002,중립(Neutral),0.5,0.5,4445.5
2022-06-08,0.0641,0.3288,-0.4979,-0.9715,-0.1656,중립(Neutral),0.5,0.5,4411.0
2022-06-09,-0.142,0.0567,-0.7623,-1.1085,-0.3924,수축(Risk-Off),0.0,0.5,4317.75
2022-06-10,-0.4206,-0.1589,-1.1055,-1.2996,-0.6583,수축(Risk-Off),0.0,0.5,4199.75
2022-06-13,-0.8212,-0.6707,-1.0768,-1.7523,-0.9871,수축(Risk-Off),0.0,0.5,4050.5
2022-06-14,-0.8982,-0.6613,-1.1749,-1.8094,-1.0448,수축(Risk-Off),0.0,0.5,4035.5
2022-06-15,-0.8943,-0.326,-1.083,-1.4807,-0.8874,수축(Risk-Off),0.0,0.5,4086.75
2022-06-16,-0.912,-0.7817,-0.9707,-1.3879,-0.9655,수축(Risk-Off),0.0,0.5,3973.0
2022-06-17,-0.9363,-0.7225,-1.0445,-1.538,-1.0002,수축(Risk-Off),0.0,0.5,3968.75
2022-06-21,-0.8375,-0.5942,-1.1455,-1.6668,-0.9781,수축(Risk-Off),0.0,0.5,4062.5
2022-06-22,-0.8348,-0.5886,-1.1314,-1.3506,-0.9248,수축(Risk-Off),0.0,0.5,4053.25
2022-06-23,-0.8381,-0.6217,-0.9902,-1.1873,-0.8744,수축(Risk-Off),0.0,0.5,4077.25
2022-06-24,-0.6751,-0.4802,-0.8294,-1.2797,-0.7556,수축(Risk-Off),0.0,0.5,4207.75
2022-06-27,-0.7868,-0.4297,-0.7227,-1.4267,-0.7775,수축(Risk-Off),0.0,0.5,4203.0
2022-06-28,-0.9023,-0.6398,-0.7945,-1.2862,-0.8673,수축(Risk-Off),0.0,0.5,4121.0
2022-06-29,-0.8887,-0.6702,-0.7697,-0.9711,-0.8167,수축(Risk-Off),0.0,0.5,4116.0
2022-06-30,-0.9542,-0.8512,-0.7342,-0.8172,-0.8529,수축(Risk-Off),0.0,0.5,4074.0
2022-07-01,-0.9186,-0.7746,-0.621,-0.5531,-0.7534,수축(Risk-Off),0.0,0.0,4120.25
2022-07-05,-0.8424,-0.8265,-0.4293,-0.5616,-0.693,수축(Risk-Off),0.0,0.0,4126.75
2022-07-06,-0.8341,-0.6971,-0.3873,-0.626,-0.6569,수축(Risk-Off),0.0,0.0,4147.0
2022-07-07,-0.6617,-0.5468,-0.2688,-0.667,-0.5355,수축(Risk-Off),0.0,0.0,4192.25
2022-07-08,-0.5339,-0.3495,-0.2602,-0.697,-0.4438,수축(Risk-Off),0.0,0.0,4198.5
2022-07-11,-0.5259,-0.3466,-0.3018,-0.6615,-0.4454,수축(Risk-Off),0.0,0.0,4155.0
2022-07-12,-0.4307,-0.5831,-0.4258,-0.6143,-0.4951,수축(Risk-Off),0.0,0.0,4116.5
2022-07-13,-0.4805,-0.651,-0.5631,-0.561,-0.5559,수축(Risk-Off),0.0,0.0,4089.0
2022-07-14,-0.544,-0.5015,-0.4785,-0.5892,-0.5238,수축(Risk-Off),0.0,0.0,4089.0
2022-07-15,-0.3283,-0.2818,-0.2271,-0.565,-0.3269,수축(Risk-Off),0.0,0.0,4159.75
2022-07-18,-0.3647,-0.1908,-0.0403,-0.5992,-0.2753,수축(Risk-Off),0.0,0.0,4131.25
2022-07-19,-0.1733,-0.1868,0.085,-0.5606,-0.1702,중립(Neutral),0.5,0.0,4238.25
2022-07-20,-0.1732,-0.1571,0.1914,-0.6188,-0.1449,중립(Neutral),0.5,0.0,4246.75
2022-07-21,-0.0294,-0.2131,0.1639,-0.5101,-0.0991,중립(Neutral),0.5,0.0,4284.25
2022-07-22,-0.2763,-0.3359,0.0705,-0.3997,-0.223,수축(Risk-Off),0.0,0.0,4256.25
2022-07-25,-0.3035,-0.3041,0.0668,-0.3975,-0.2252,수축(Risk-Off),0.0,0.0,4255.25
2022-07-26,-0.1884,-0.4574,-0.0709,-0.414,-0.2601,수축(Risk-Off),0.0,0.0,4232.25
2022-07-27,-0.0148,-0.2349,0.0771,-0.4426,-0.111,중립(Neutral),0.5,0.0,4313.5
2022-07-28,0.1939,-0.2564,0.1917,-0.3819,-0.0056,중립(Neutral),0.5,0.0,4398.0
2022-07-29,0.1375,0.0196,0.2778,-0.3735,0.0665,중립(Neutral),0.5,0.0,4425.5
2022-08-01,0.2173,-0.1327,0.2795,-0.3382,0.062,중립(Neutral),0.5,0.5,4416.0
2022-08-02,0.1746,-0.1139,0.3222,-0.417,0.0506,중립(Neutral),0.5,0.5,4389.25
2022-08-03,0.3632,0.1041,0.3081,-0.3756,0.1738,중립(Neutral),0.5,0.5,4445.5
2022-08-04,0.3013,-0.0229,0.0936,-0.3822,0.0658,중립(Neutral),0.5,0.5,4444.75
2022-08-05,0.3106,0.1756,0.1302,-0.4476,0.118,중립(Neutral),0.5,0.5,4434.75
2022-08-08,0.4301,0.0736,-0.1102,-0.4239,0.0778,중립(Neutral),0.5,0.5,4443.75
2022-08-09,0.4096,0.218,0.0836,-0.5248,0.1401,중립(Neutral),0.5,0.5,4422.25
2022-08-10,0.648,0.4723,0.3737,-0.5916,0.3496,확장(Risk-On),1.0,0.5,4504.0
2022-08-11,0.5809,0.3928,0.4334,-0.5451,0.3281,확장(Risk-On),1.0,0.5,4511.75
2022-08-12,0.7539,0.3937,0.2128,-0.547,0.3334,확장(Risk-On),1.0,0.5,4573.75
2022-08-15,0.7984,0.4739,0.2913,-0.5916,0.382,확장(Risk-On),1.0,0.5,4587.5
2022-08-16,0.8772,0.4857,0.2908,-0.6111,0.4095,확장(Risk-On),1.0,0.5,4603.25
2022-08-17,0.6492,0.4023,0.1189,-0.6254,0.2637,확장(Risk-On),1.0,0.5,4573.75
2022-08-18,0.6941,0.3102,-0.0044,-0.621,0.2262,확장(Risk-On),1.0,0.5,4581.25
2022-08-19,0.4941,0.1929,-0.1221,-0.8739,0.0596,중립(Neutral),0.5,0.5,4521.5
2022-08-22,0.2404,-0.1613,-0.308,-0.8902,-0.1667,중립(Neutral),0.5,0.5,4439.5
2022-08-23,0.1381,-0.1484,-0.1449,-0.9214,-0.1632,중립(Neutral),0.5,0.5,4421.0
2022-08-24,0.2094,-0.1072,-0.2332,-1.0871,-0.1749,중립(Neutral),0.5,0.5,4442.5
2022-08-25,0.2269,-0.0142,-0.1744,-1.0288,-0.1221,중립(Neutral),0.5,0.5,4488.25
2022-08-26,-0.2421,-0.5489,-0.2908,-1.1292,-0.464,수축(Risk-Off),0.0,0.5,4335.75
2022-08-29,-0.3497,-0.5016,-0.3,-1.2838,-0.5154,수축(Risk-Off),0.0,0.5,4328.75
2022-08-30,-0.3913,-0.4798,-0.2675,-1.0456,-0.4806,수축(Risk-Off),0.0,0.5,4279.5
2022-08-31,-0.4291,-0.4643,-0.0572,-1.2619,-0.4698,수축(Risk-Off),0.0,0.5,4253.5
2022-09-01,-0.5363,-0.4122,0.2713,-1.4179,-0.4356,수축(Risk-Off),0.0,0.0,4261.0
2022-09-02,-0.6701,-0.5053,0.3335,-1.0132,-0.4294,수축(Risk-Off),0.0,0.0,4226.25
2022-09-06,-0.4618,-0.5454,0.4405,-1.3712,-0.3935,수축(Risk-Off),0.0,0.0,4201.75
2022-09-07,-0.367,-0.2882,0.4407,-0.998,-0.24,수축(Risk-Off),0.0,0.0,4273.75
2022-09-08,-0.3408,-0.1697,0.5565,-1.161,-0.1967,중립(Neutral),0.5,0.0,4304.0
2022-09-09,-0.1783,-0.1035,0.5078,-1.2592,-0.1502,중립(Neutral),0.5,0.0,4361.25
2022-09-12,-0.0836,-0.0526,0.5726,-1.174,-0.0753,중립(Neutral),0.5,0.0,4414.25
2022-09-13,-0.5883,-0.6473,0.1162,-1.3166,-0.5362,수축(Risk-Off),0.0,0.0,4232.5
2022-09-14,-0.5545,-0.4859,0.1099,-1.2352,-0.4734,수축(Risk-Off),0.0,0.0,4251.0
2022-09-15,-0.6737,-0.2506,0.2882,-1.1605,-0.4005,수축(Risk-Off),0.0,0.0,4187.25
2022-09-16,-0.6841,-0.1987,0.2682,-1.0871,-0.3851,수축(Risk-Off),0.0,0.0,4179.75
2022-09-19,-0.5773,-0.1013,0.2395,-1.2016,-0.3477,수축(Risk-Off),0.0,0.0,4200.0
2022-09-20,-0.7631,-0.0009,0.223,-1.2538,-0.3996,수축(Risk-Off),0.0,0.0,4157.0
2022-09-21,-0.7242,-0.0621,-0.0561,-1.2165,-0.4655,수축(Risk-Off),0.0,0.0,4074.0
2022-09-22,-0.8175,-0.0278,-0.1909,-1.5924,-0.5797,수축(Risk-Off),0.0,0.0,4051.0
2022-09-23,-0.9078,-0.4063,-0.3318,-1.3928,-0.7112,수축(Risk-Off),0.0,0.0,3988.75
2022-09-26,-1.0149,-0.5419,-0.321,-1.8141,-0.8431,수축(Risk-Off),0.0,0.0,3944.5
2022-09-27,-0.9995,-0.5187,-0.3453,-1.7629,-0.8303,수축(Risk-Off),0.0,0.0,3942.5
2022-09-28,-0.8264,-0.3376,-0.2747,-1.2498,-0.6298,수축(Risk-Off),0.0,0.0,4007.0
2022-09-29,-0.9752,-0.4698,-0.3073,-1.1172,-0.7032,수축(Risk-Off),0.0,0.0,3936.0
2022-09-30,-1.0598,-0.6463,-0.5172,-1.3466,-0.8638,수축(Risk-Off),0.0,0.0,3881.5
2022-10-03,-0.9297,-0.6791,-0.6028,-0.953,-0.7888,수축(Risk-Off),0.0,0.0,3971.75
2022-10-04,-0.7824,-0.6084,-0.5976,-0.8746,-0.7065,수축(Risk-Off),0.0,0.0,4080.75
2022-10-05,-0.8098,-0.466,-0.7245,-1.0399,-0.7371,수축(Risk-Off),0.0,0.0,4073.0
2022-10-06,-0.9685,-0.3611,-0.7562,-1.0683,-0.7785,수축(Risk-Off),0.0,0.0,4028.25
2022-10-07,-1.0335,-0.4312,-0.7838,-1.1595,-0.8394,수축(Risk-Off),0.0,0.0,3928.0
2022-10-10,-1.061,-0.5216,-0.6438,-1.2554,-0.851,수축(Risk-Off),0.0,0.0,3904.75
2022-10-11,-1.1062,-0.6841,-0.6931,-1.2063,-0.9124,수축(Risk-Off),0.0,0.0,3885.5
2022-10-12,-1.1721,-0.7405,-0.9248,-1.0396,-0.9825,수축(Risk-Off),0.0,0.0,3870.5
2022-10-13,-0.8892,-0.4158,-0.7049,-1.1047,-0.7571,수축(Risk-Off),0.0,0.0,3957.5
2022-10-14,-1.0869,-0.3506,-0.808,-1.2909,-0.8637,수축(Risk-Off),0.0,0.0,3873.75
2022-10-17,-0.7635,-0.1891,-0.5039,-1.1145,-0.6076,수축(Risk-Off),0.0,0.0,3976.75
2022-10-18,-0.4996,-0.0518,-0.3979,-1.0556,-0.4456,수축(Risk-Off),0.0,0.0,4035.25
2022-10-19,-0.6199,0.027,-0.4074,-1.0258,-0.4659,수축(Risk-Off),0.0,0.0,3987.5
2022-10-20,-0.6648,0.1684,-0.3797,-1.1176,-0.4531,수축(Risk-Off),0.0,0.0,3954.0
2022-10-21,-0.4242,0.0822,-0.3145,-1.3773,-0.4131,수축(Risk-Off),0.0,0.0,4049.25
2022-10-24,-0.4022,0.0838,-0.5407,-1.2991,-0.4499,수축(Risk-Off),0.0,0.0,4082.75
2022-10-25,-0.2074,0.1349,-0.314,-0.9683,-0.2626,수축(Risk-Off),0.0,0.0,4130.5
2022-10-26,-0.2556,0.1225,-0.2994,-1.1754,-0.31,수축(Risk-Off),0.0,0.0,4131.0
2022-10-27,-0.5357,-0.0891,-0.4286,-0.9959,-0.4663,수축(Risk-Off),0.0,0.0,4068.75
2022-10-28,-0.3906,0.169,-0.2372,-1.0588,-0.3126,수축(Risk-Off),0.0,0.0,4200.25
2022-10-31,-0.3018,0.3639,-0.0523,-0.864,-0.1573,중립(Neutral),0.5,0.0,4160.0
2022-11-01,-0.3419,0.4344,-0.1378,-0.7696,-0.1609,중립(Neutral),0.5,0.5,4139.0
2022-11-02,-0.461,0.4183,-0.1509,-0.8714,-0.2252,수축(Risk-Off),0.0,0.5,4045.5
2022-11-03,-0.4787,0.4881,-0.3154,-1.0541,-0.2825,수축(Risk-Off),0.0,0.5,4002.75
2022-11-04,-0.3384,0.6032,-0.3448,-0.8658,-0.1837,중립(Neutral),0.5,0.5,4050.0
2022-11-07,-0.2409,0.6206,-0.1843,-0.9088,-0.1115,중립(Neutral),0.5,0.5,4089.5
2022-11-08,-0.3175,0.3543,-0.1797,-0.646,-0.1644,중립(Neutral),0.5,0.5,4110.0
2022-11-09,-0.5305,0.3085,-0.2678,-0.3902,-0.234,수축(Risk-Off),0.0,0.5,4033.5
2022-11-10,0.0276,0.4901,-0.0489,-0.1488,0.0976,중립(Neutral),0.5,0.5,4250.25
2022-11-11,0.1163,0.6097,-0.0737,-0.2728,0.1338,중립(Neutral),0.5,0.5,4276.75
2022-11-14,-0.0515,0.3033,0.0093,-0.3196,0.0122,중립(Neutral),0.5,0.5,4252.25
2022-11-15,-0.0557,0.0696,-0.071,-0.2552,-0.0581,중립(Neutral),0.5,0.5,4272.0
2022-11-16,-0.1478,0.0744,-0.069,-0.2919,-0.0942,중립(Neutral),0.5,0.5,4251.25
2022-11-17,-0.0947,-0.0333,-0.1687,-0.3806,-0.1407,중립(Neutral),0.5,0.5,4238.25
2022-11-18,-0.2822,0.1862,0.1259,-0.3896,-0.0792,중립(Neutral),0.5,0.5,4248.75
2022-11-21,-0.162,0.2894,0.0057,-0.4161,-0.0453,중립(Neutral),0.5,0.5,4235.25
2022-11-22,-0.0441,0.4237,0.1026,-0.4368,0.0506,중립(Neutral),0.5,0.5,4286.5
2022-11-23,0.1825,0.4457,0.171,-0.4809,0.1459,중립(Neutral),0.5,0.5,4316.5
2022-11-25,0.1984,0.4359,0.4207,-0.5255,0.2047,확장(Risk-On),1.0,0.5,4311.5
2022-11-28,0.1054,0.2389,0.5411,-0.3745,0.1757,중립(Neutral),0.5,0.5,4248.75
2022-11-29,0.0941,0.2713,0.5559,-0.486,0.1668,중립(Neutral),0.5,0.5,4239.5
2022-11-30,0.5546,0.2252,0.6152,-0.397,0.3447,확장(Risk-On),1.0,0.5,4370.25
2022-12-01,0.28,0.2644,0.5971,-0.3854,0.2556,확장(Risk-On),1.0,1.0,4354.75
2022-12-02,0.2576,0.38,0.6478,-0.3573,0.2935,확장(Risk-On),1.0,1.0,4344.0
2022-12-05,0.1706,0.4128,0.7093,-0.4283,0.276,확장(Risk-On),1.0,1.0,4283.5
2022-12-06,0.0379,0.042,0.4916,-0.3779,0.09,중립(Neutral),0.5,1.0,4222.25
2022-12-07,0.0109,-0.1891,0.5105,-0.2909,0.0405,중립(Neutral),0.5,1.0,4211.75
2022-12-08,0.0324,-0.153,0.6852,-0.4662,0.0745,중립(Neutral),0.5,1.0,4241.5
2022-12-09,-0.1758,-0.1602,0.6852,-0.6042,-0.0209,중립(Neutral),0.5,1.0,4208.75
2022-12-12,0.0879,-0.543,0.7463,-0.6155,-0.0107,중립(Neutral),0.5,1.0,4264.0
2022-12-13,0.1189,-0.3035,0.8927,-0.6075,0.0978,중립(Neutral),0.5,1.0,4298.25
2022-12-14,0.0596,-0.2501,0.7007,-0.6072,0.0424,중립(Neutral),0.5,1.0,4283.0
2022-12-15,-0.2156,-0.533,0.6972,-0.655,-0.1326,중립(Neutral),0.5,1.0,4167.0
2022-12-16,-0.3334,-0.5283,0.5615,-0.5336,-0.1884,중립(Neutral),0.5,1.0,4116.75
2022-12-19,-0.3018,-0.5064,0.3577,-0.5398,-0.2238,수축(Risk-Off),0.0,1.0,4086.5
2022-12-20,-0.3422,-0.4503,0.3206,-0.7866,-0.2702,수축(Risk-Off),0.0,1.0,4098.25
2022-12-21,-0.4113,-0.3342,0.2942,-0.8504,-0.2815,수축(Risk-Off),0.0,1.0,4158.75
2022-12-22,-0.5428,-0.6684,0.2994,-0.9296,-0.4217,수축(Risk-Off),0.0,1.0,4092.5
2022-12-23,-0.4518,-0.5263,0.26,-0.9562,-0.3681,수축(Risk-Off),0.0,1.0,4113.0
2022-12-27,-0.4405,-0.2801,-0.0397,-1.2985,-0.4289,수축(Risk-Off),0.0,1.0,4100.75
2022-12-28,-0.5367,-0.3849,-0.0952,-1.2602,-0.4969,수축(Risk-Off),0.0,1.0,4055.0
2022-12-29,-0.3159,-0.2328,-0.0075,-0.9654,-0.3155,수축(Risk-Off),0.0,1.0,4114.0
2022-12-30,-0.4087,-0.2243,0.0591,-1.0346,-0.3395,수축(Risk-Off),0.0,1.0,4112.75
2023-01-03,-0.59,-0.4243,0.2134,-0.9415,-0.4004,수축(Risk-Off),0.0,0.0,4088.0
2023-01-04,-0.5203,-0.4693,0.2209,-0.8094,-0.3656,수축(Risk-Off),0.0,0.0,4116.0
2023-01-05,-0.5496,-0.3889,0.1359,-0.8996,-0.3906,수축(Risk-Off),0.0,0.0,4077.5
2023-01-06,-0.0922,-0.2734,0.2247,-0.3805,-0.1015,중립(Neutral),0.5,0.0,4158.5
2023-01-09,-0.0388,-0.4247,0.1235,-0.2307,-0.1235,중립(Neutral),0.5,0.0,4158.25
2023-01-10,0.1009,-0.0988,0.2668,-0.3034,0.0318,중립(Neutral),0.5,0.0,4186.0
2023-01-11,0.3387,-0.2862,0.0449,-0.2538,0.0201,중립(Neutral),0.5,0.0,4237.0
2023-01-12,0.2613,-0.2231,0.0827,-0.1713,0.0307,중립(Neutral),0.5,0.0,4247.5
2023-01-13,0.3012,0.0548,0.0282,-0.107,0.1101,중립(Neutral),0.5,0.0,4263.75
2023-01-17,0.0838,-0.0398,-0.064,-0.1564,-0.0201,중립(Neutral),0.5,0.0,4253.75
2023-01-18,-0.1751,-0.3296,-0.0811,-0.0015,-0.1642,중립(Neutral),0.5,0.0,4190.5
2023-01-19,-0.2745,-0.3658,-0.352,0.034,-0.2704,수축(Risk-Off),0.0,0.0,4165.0
2023-01-20,0.0274,-0.2021,-0.2067,-0.0137,-0.0947,중립(Neutral),0.5,0.0,4232.75
2023-01-23,0.0704,-0.1046,-0.1315,-0.0213,-0.0376,중립(Neutral),0.5,0.0,4281.75
2023-01-24,0.107,0.0494,-0.2622,0.0428,-0.0093,중립(Neutral),0.5,0.0,4283.5
2023-01-25,0.0993,-0.0289,-0.2867,0.107,-0.0281,중립(Neutral),0.5,0.0,4274.25
2023-01-26,0.1133,0.1463,-0.1904,0.0592,0.0375,중립(Neutral),0.5,0.0,4312.5
2023-01-27,0.1894,0.0983,-0.1491,0.1683,0.0788,중립(Neutral),0.5,0.0,4328.75
2023-01-30,-0.0896,-0.1118,-0.0425,0.3014,-0.0248,중립(Neutral),0.5,0.0,4284.5
2023-01-31,0.0209,-0.0128,-0.098,0.3412,0.0308,중립(Neutral),0.5,0.0,4330.5
2023-02-01,0.1798,0.0784,-0.0705,0.2451,0.1017,중립(Neutral),0.5,0.5,4387.25
2023-02-02,0.2799,-0.0465,0.1634,0.3163,0.1746,중립(Neutral),0.5,0.5,4409.5
2023-02-03,0.0604,0.0871,0.1655,0.1486,0.1066,중립(Neutral),0.5,0.5,4390.75
2023-02-06,0.0433,0.1876,0.1626,-0.2809,0.0606,중립(Neutral),0.5,0.5,4368.0
2023-02-07,0.2371,0.5301,0.3047,-0.5868,0.2037,확장(Risk-On),1.0,0.5,4411.0
2023-02-08,0.2822,0.2502,0.1685,-0.3375,0.1528,중립(Neutral),0.5,0.5,4377.25
2023-02-09,0.3037,0.053,0.3022,-0.3119,0.1483,중립(Neutral),0.5,0.5,4342.5
2023-02-10,0.1845,0.1251,0.1875,-0.4838,0.0702,중립(Neutral),0.5,0.5,4344.25
2023-02-13,0.2327,0.0922,0.153,-0.4315,0.078,중립(Neutral),0.5,0.5,4394.25
2023-02-14,0.2464,0.3539,0.1167,-0.5916,0.1151,중립(Neutral),0.5,0.5,4385.75
2023-02-15,0.39,0.6557,0.3814,-0.574,0.3097,확장(Risk-On),1.0,0.5,4404.25
2023-02-16,-0.0438,0.3522,0.4409,-0.661,0.0838,중립(Neutral),0.5,0.5,4340.5
2023-02-17,-0.0026,0.3312,0.3757,-0.5799,0.0889,중립(Neutral),0.5,0.5,4330.5
2023-02-21,-0.1201,-0.2814,0.2012,-0.9662,-0.207,수축(Risk-Off),0.0,0.5,4252.5
2023-02-22,-0.2311,-0.0738,0.2592,-0.9629,-0.1789,중립(Neutral),0.5,0.5,4253.25
2023-02-23,-0.3446,-0.0209,0.2007,-0.6062,-0.1666,중립(Neutral),0.5,0.5,4260.0
2023-02-24,-0.4606,-0.1011,0.089,-0.8733,-0.2952,수축(Risk-Off),0.0,0.5,4219.25
2023-02-27,-0.1711,-0.0215,0.237,-0.5583,-0.0898,중립(Neutral),0.5,0.5,4236.25
2023-02-28,-0.3357,0.1177,0.2559,-0.6789,-0.1259,중립(Neutral),0.5,0.5,4214.25
2023-03-01,-0.2799,0.2249,0.1122,-0.7436,-0.1252,중립(Neutral),0.5,0.5,4205.75
2023-03-02,-0.1435,0.3931,0.0535,-0.7426,-0.05,중립(Neutral),0.5,0.5,4230.0
2023-03-03,0.2156,0.5751,0.126,-0.5228,0.1723,중립(Neutral),0.5,0.5,4297.75
2023-03-06,0.1033,0.5346,0.4826,-0.425,0.2267,확장(Risk-On),1.0,0.5,4300.0
2023-03-07,-0.1548,0.2695,0.4512,-0.379,0.0691,중립(Neutral),0.5,0.5,4235.25
2023-03-08,-0.1866,0.6055,0.2741,-0.391,0.0959,중립(Neutral),0.5,0.5,4244.0
2023-03-09,-0.387,-0.0818,0.077,-0.0893,-0.1501,중립(Neutral),0.5,0.5,4164.0
2023-03-10,-0.4968,-0.5223,-0.2394,0.1867,-0.3363,수축(Risk-Off),0.0,0.5,4122.0
2023-03-13,-0.8183,-0.7099,-0.4821,0.1122,-0.5676,수축(Risk-Off),0.0,0.5,4103.5
2023-03-14,-0.3947,-0.3214,-0.2926,0.0309,-0.287,수축(Risk-Off),0.0,0.5,4163.5
2023-03-15,-0.5578,-0.8692,-0.591,0.183,-0.5328,수축(Risk-Off),0.0,0.5,4134.0
2023-03-16,-0.3332,-0.2894,-0.3453,0.0965,-0.2608,수축(Risk-Off),0.0,0.5,4204.75
2023-03-17,-0.4103,-0.7106,-0.6532,0.1515,-0.4618,수축(Risk-Off),0.0,0.5,4156.25
2023-03-20,-0.3014,-0.3564,-0.2344,0.158,-0.2295,수축(Risk-Off),0.0,0.5,4196.0
2023-03-21,0.0202,-0.0636,-0.1239,0.0824,-0.0275,중립(Neutral),0.5,0.5,4247.5
2023-03-22,-0.0775,-0.4047,-0.3341,0.1833,-0.1844,중립(Neutral),0.5,0.5,4180.25
2023-03-23,0.0541,-0.5125,-0.2474,0.2113,-0.1394,중립(Neutral),0.5,0.5,4196.0
2023-03-24,-0.0714,-0.4965,-0.3796,0.2031,-0.2136,수축(Risk-Off),0.0,0.5,4219.0
2023-03-27,-0.0154,-0.2388,-0.2397,0.0821,-0.1127,중립(Neutral),0.5,0.5,4223.5
2023-03-28,-0.1123,-0.1722,-0.3453,0.0463,-0.1617,중립(Neutral),0.5,0.5,4215.0
2023-03-29,0.2259,-0.0634,-0.2975,0.0382,-0.0054,중립(Neutral),0.5,0.5,4266.5
2023-03-30,0.2587,0.1887,-0.2287,0.0405,0.0866,중립(Neutral),0.5,0.5,4291.5
2023-03-31,0.593,0.3846,-0.1047,0.0837,0.2901,확장(Risk-On),1.0,0.5,4348.0
2023-04-03,0.6389,0.3844,-0.0814,0.0652,0.3091,확장(Risk-On),1.0,1.0,4362.0
2023-04-04,0.5728,0.3522,-0.2539,0.0699,0.2356,확장(Risk-On),1.0,1.0,4341.5
2023-04-05,0.6453,0.1226,-0.512,0.0757,0.1398,중립(Neutral),0.5,1.0,4323.0
2023-04-06,0.5275,0.3117,-0.4422,0.0814,0.1642,중립(Neutral),0.5,1.0,4339.25
2023-04-10,0.5012,0.2439,-0.3043,0.0515,0.1681,중립(Neutral),0.5,1.0,4347.75
2023-04-11,0.5003,0.1643,-0.3563,-0.0246,0.1234,중립(Neutral),0.5,1.0,4346.75
2023-04-12,0.4039,0.0991,-0.3108,0.058,0.0971,중립(Neutral),0.5,1.0,4325.75
2023-04-13,0.5221,0.173,-0.2458,0.0701,0.1751,중립(Neutral),0.5,1.0,4377.25
2023-04-14,0.3643,0.3209,-0.0882,-0.0854,0.1729,중립(Neutral),0.5,1.0,4380.25
2023-04-17,0.634,0.352,-0.1199,-0.3409,0.2288,확장(Risk-On),1.0,1.0,4385.25
2023-04-18,0.6199,0.3102,-0.2789,-0.3728,0.1689,중립(Neutral),0.5,1.0,4387.5
2023-04-19,0.5974,0.2649,-0.2493,-0.2155,0.1807,중립(Neutral),0.5,1.0,4382.0
2023-04-20,0.4603,0.0313,-0.3224,-0.0615,0.0791,중립(Neutral),0.5,1.0,4362.25
2023-04-21,0.4269,0.1068,-0.1236,-0.068,0.135,중립(Neutral),0.5,1.0,4361.75
2023-04-24,0.2048,0.063,-0.0309,-0.0287,0.0754,중립(Neutral),0.5,1.0,4366.0
2023-04-25,-0.0515,-0.2702,-0.2171,0.0781,-0.1281,중립(Neutral),0.5,1.0,4317.75
2023-04-26,-0.1618,-0.2967,-0.1549,0.0698,-0.1591,중립(Neutral),0.5,1.0,4294.0
2023-04-27,0.129,0.1202,0.0974,-0.2245,0.0659,중립(Neutral),0.5,1.0,4366.5
2023-04-28,0.3115,0.2804,0.1715,-0.0555,0.2137,확장(Risk-On),1.0,1.0,4399.25
2023-05-01,0.3374,0.284,0.2213,-0.2881,0.2012,확장(Risk-On),1.0,1.0,4388.0
2023-05-02,0.0833,-0.0578,0.044,-0.0028,0.0253,중립(Neutral),0.5,1.0,4341.75
2023-05-03,-0.0959,-0.1898,-0.0357,0.1928,-0.061,중립(Neutral),0.5,1.0,4304.75
2023-05-04,-0.1458,-0.3974,-0.1827,0.2291,-0.1617,중립(Neutral),0.5,1.0,4283.0
2023-05-05,0.1727,0.0734,0.1713,0.2042,0.1522,중립(Neutral),0.5,1.0,4357.5
2023-05-08,0.0633,-0.0707,0.2215,0.1759,0.0862,중립(Neutral),0.5,1.0,4360.0
2023-05-09,0.0264,-0.2158,-0.0216,0.1712,-0.0244,중립(Neutral),0.5,1.0,4343.75
2023-05-10,0.103,-0.1531,0.0479,0.2154,0.042,중립(Neutral),0.5,1.0,4361.25
2023-05-11,0.0442,-0.1854,0.0147,0.1799,-0.0002,중립(Neutral),0.5,1.0,4353.75
2023-05-12,-0.1521,-0.1934,-0.1864,0.1016,-0.1329,중립(Neutral),0.5,1.0,4340.5
2023-05-15,-0.075,-0.0959,0.0656,0.024,-0.0302,중립(Neutral),0.5,1.0,4357.25
2023-05-16,-0.1851,-0.035,0.2889,0.0044,-0.0007,중립(Neutral),0.5,1.0,4336.0
2023-05-17,0.0873,0.3368,0.4486,-0.1104,0.2103,확장(Risk-On),1.0,1.0,4379.5
2023-05-18,0.2805,0.6613,0.5428,-0.3515,0.3465,확장(Risk-On),1.0,1.0,4424.0
2023-05-19,0.4207,0.5698,0.4998,-0.4155,0.3523,확장(Risk-On),1.0,1.0,4406.75
2023-05-22,0.5177,0.3247,0.4439,-0.5187,0.2956,확장(Risk-On),1.0,1.0,4416.25
2023-05-23,0.2275,0.2541,0.599,-0.517,0.2154,확장(Risk-On),1.0,1.0,4367.75
2023-05-24,0.2089,-0.0807,0.3631,-0.4549,0.0755,중립(Neutral),0.5,1.0,4359.25
2023-05-25,0.159,0.4217,0.7227,-0.9328,0.2018,확장(Risk-On),1.0,1.0,4367.25
2023-05-26,0.7001,0.7019,0.8052,-1.0954,0.4575,확장(Risk-On),1.0,1.0,4427.5
2023-05-30,0.6891,0.3577,0.2588,-0.7557,0.282,확장(Risk-On),1.0,1.0,4422.5
2023-05-31,0.582,0.4528,0.3949,-0.5908,0.327,확장(Risk-On),1.0,1.0,4396.0
2023-06-01,0.749,0.8758,0.4998,-0.4457,0.5392,확장(Risk-On),1.0,1.0,4440.0
2023-06-02,0.9738,1.114,0.7228,-0.861,0.6709,확장(Risk-On),1.0,1.0,4498.25
2023-06-05,0.9951,0.9766,0.4957,-0.8059,0.5955,확장(Risk-On),1.0,1.0,4488.75
2023-06-06,1.0016,1.0786,0.4904,-0.7316,0.633,확장(Risk-On),1.0,1.0,4501.0
2023-06-07,0.9056,1.0626,0.4648,-0.9681,0.5536,확장(Risk-On),1.0,1.0,4482.25
2023-06-08,0.9372,1.1293,0.4593,-0.6946,0.621,확장(Risk-On),1.0,1.0,4508.0
2023-06-09,1.0716,1.0179,0.3196,-0.7192,0.6015,확장(Risk-On),1.0,1.0,4514.5
2023-06-12,1.0121,0.9115,0.3855,-0.4639,0.6089,확장(Risk-On),1.0,1.0,4557.0
2023-06-13,1.0916,1.1655,0.7161,-0.751,0.7398,확장(Risk-On),1.0,1.0,4584.0
2023-06-14,1.1811,1.3503,0.9192,-0.6771,0.8792,확장(Risk-On),1.0,1.0,4590.75
2023-06-15,1.3336,1.3561,0.9284,-0.4379,0.9722,확장(Risk-On),1.0,1.0,4633.5
2023-06-16,1.4485,1.6448,0.9181,-0.4764,1.0763,확장(Risk-On),1.0,1.0,4625.0
2023-06-20,1.2204,1.2556,0.8836,-0.1259,0.9431,확장(Risk-On),1.0,1.0,4596.5
2023-06-21,1.1383,1.3585,0.8959,-0.1799,0.9351,확장(Risk-On),1.0,1.0,4576.0
2023-06-22,1.2766,1.3794,0.8952,-0.5024,0.9401,확장(Risk-On),1.0,1.0,4591.25
2023-06-23,1.0888,1.1839,0.6566,-0.4051,0.7805,확장(Risk-On),1.0,1.0,4554.5
2023-06-26,0.9616,0.6843,0.6988,-0.2235,0.6488,확장(Risk-On),1.0,1.0,4540.75
2023-06-27,0.9373,0.8617,0.8501,-0.3681,0.7008,확장(Risk-On),1.0,1.0,4580.75
2023-06-28,1.0291,0.8911,0.7872,-0.2201,0.7468,확장(Risk-On),1.0,1.0,4588.75
2023-06-29,1.155,0.9891,0.8349,-0.5439,0.7786,확장(Risk-On),1.0,1.0,4601.75
2023-06-30,1.3209,1.0303,0.8622,-0.3232,0.887,확장(Risk-On),1.0,1.0,4648.5
2023-07-03,1.2399,1.1061,0.8156,-0.4835,0.8419,확장(Risk-On),1.0,1.0,4658.25
2023-07-05,1.2599,1.316,0.9124,-0.6932,0.8941,확장(Risk-On),1.0,1.0,4648.0
2023-07-06,1.0678,0.9364,0.7444,-0.6815,0.6917,확장(Risk-On),1.0,1.0,4610.75
2023-07-07,1.045,0.9994,0.7652,-0.8142,0.6848,확장(Risk-On),1.0,1.0,4604.0
2023-07-10,0.9048,0.8094,0.9355,-0.5713,0.6672,확장(Risk-On),1.0,1.0,4611.25
2023-07-11,1.0533,1.08,1.3142,-0.568,0.882,확장(Risk-On),1.0,1.0,4638.25
2023-07-12,1.1911,1.3475,1.6147,-0.2118,1.1257,확장(Risk-On),1.0,1.0,4675.5
2023-07-13,1.4433,1.3089,1.7477,-0.0278,1.2651,확장(Risk-On),1.0,1.0,4705.5
2023-07-14,1.6819,1.287,1.6225,-0.2057,1.2852,확장(Risk-On),1.0,1.0,4701.25
2023-07-17,1.7413,1.2711,1.6681,0.0124,1.3461,확장(Risk-On),1.0,1.0,4716.0
2023-07-18,1.9462,1.3203,1.8018,-0.0145,1.4595,확장(Risk-On),1.0,1.0,4749.0
2023-07-19,2.0503,1.3263,1.6859,0.0294,1.4751,확장(Risk-On),1.0,1.0,4761.75
2023-07-20,1.8074,1.2292,1.5743,-0.1685,1.3082,확장(Risk-On),1.0,1.0,4732.25
2023-07-21,1.7108,1.265,1.6806,-0.2331,1.3002,확장(Risk-On),1.0,1.0,4730.0
2023-07-24,1.6775,1.227,1.7092,-0.014,1.3191,확장(Risk-On),1.0,1.0,4751.5
2023-07-25,1.6818,1.2354,1.643,-0.1598,1.2843,확장(Risk-On),1.0,1.0,4770.5
2023-07-26,1.6918,1.3555,1.5287,-0.1993,1.2833,확장(Risk-On),1.0,1.0,4758.25
2023-07-27,1.3835,1.0841,1.3578,-0.5105,1.0181,확장(Risk-On),1.0,1.0,4733.25
2023-07-28,1.6356,1.3571,1.5016,-0.2495,1.2497,확장(Risk-On),1.0,1.0,4773.0
2023-07-31,1.6493,1.4658,1.4616,-0.3908,1.2505,확장(Risk-On),1.0,1.0,4783.25
2023-08-01,1.5967,1.2968,1.3749,-0.3311,1.1771,확장(Risk-On),1.0,1.0,4764.25
2023-08-02,1.2688,0.9321,1.3751,-0.5556,0.9376,확장(Risk-On),1.0,1.0,4700.5
2023-08-03,1.2942,0.9867,1.3634,-0.7204,0.9324,확장(Risk-On),1.0,1.0,4690.75
2023-08-04,1.1292,0.5283,1.3004,-0.5062,0.7765,확장(Risk-On),1.0,1.0,4664.0
2023-08-07,1.3528,0.6194,1.289,-0.8402,0.8246,확장(Risk-On),1.0,1.0,4706.0
2023-08-08,1.1177,0.504,1.1994,-0.8712,0.6863,확장(Risk-On),1.0,1.0,4683.25
2023-08-09,0.8733,0.4388,1.2026,-0.7102,0.6095,확장(Risk-On),1.0,1.0,4659.25
2023-08-10,0.7147,0.5936,1.2962,-0.8592,0.5937,확장(Risk-On),1.0,1.0,4652.75
2023-08-11,0.6922,0.8972,1.3612,-1.1975,0.6272,확장(Risk-On),1.0,1.0,4650.25
2023-08-14,0.8523,0.9033,1.2469,-1.3712,0.6302,확장(Risk-On),1.0,1.0,4672.5
2023-08-15,0.2678,0.4067,0.8918,-1.5378,0.1877,중립(Neutral),0.5,1.0,4618.5
2023-08-16,0.0659,0.3429,0.8197,-1.4268,0.0997,중립(Neutral),0.5,1.0,4585.5
2023-08-17,-0.1449,0.0872,0.8163,-1.3619,-0.0292,중립(Neutral),0.5,1.0,4544.5
2023-08-18,-0.228,0.1621,0.8365,-1.2752,-0.0214,중립(Neutral),0.5,1.0,4546.0
2023-08-21,-0.0478,0.2792,0.7769,-1.4266,0.0333,중립(Neutral),0.5,1.0,4575.5
2023-08-22,-0.1611,0.3127,0.703,-1.4286,-0.0168,중립(Neutral),0.5,1.0,4566.25
2023-08-23,0.1755,0.387,0.7651,-1.187,0.1714,중립(Neutral),0.5,1.0,4641.5
2023-08-24,-0.1966,0.1991,0.4623,-1.0605,-0.0625,중립(Neutral),0.5,1.0,4549.75
2023-08-25,-0.0435,0.3358,0.3815,-1.2345,-0.0211,중립(Neutral),0.5,1.0,4579.25
2023-08-28,-0.0077,0.389,0.2217,-1.2146,-0.0322,중립(Neutral),0.5,1.0,4610.25
2023-08-29,0.2529,0.5458,0.1688,-0.8878,0.134,중립(Neutral),0.5,1.0,4674.0
2023-08-30,0.3383,0.8852,0.2247,-0.816,0.2735,확장(Risk-On),1.0,1.0,4693.0
2023-08-31,0.3751,0.8759,0.1663,-0.716,0.2844,확장(Risk-On),1.0,1.0,4683.25
2023-09-01,0.3762,1.1235,0.0915,-1.0668,0.2754,확장(Risk-On),1.0,1.0,4685.0
2023-09-05,0.2119,0.9395,0.0318,-1.191,0.1383,중립(Neutral),0.5,1.0,4666.5
2023-09-06,0.1257,0.8597,-0.0556,-1.2802,0.053,중립(Neutral),0.5,1.0,4635.5
2023-09-07,0.1274,0.7399,-0.2505,-0.9874,0.0188,중립(Neutral),0.5,1.0,4623.0
2023-09-08,0.2598,0.8493,-0.0179,-0.8809,0.1667,중립(Neutral),0.5,1.0,4629.5
2023-09-11,0.413,0.9004,0.0925,-0.8395,0.2669,확장(Risk-On),1.0,1.0,4654.25
2023-09-12,0.1359,1.0018,0.0708,-0.7586,0.2019,확장(Risk-On),1.0,1.0,4630.5
2023-09-13,0.3726,1.059,-0.0579,-0.6114,0.289,확장(Risk-On),1.0,1.0,4638.75
2023-09-14,0.6197,1.3944,-0.046,-0.6674,0.4539,확장(Risk-On),1.0,1.0,4674.5
2023-09-15,0.4568,0.9924,-0.2586,-0.9006,0.2082,확장(Risk-On),1.0,1.0,4615.75
2023-09-18,0.4224,0.85,-0.3755,-0.6855,0.1636,중립(Neutral),0.5,1.0,4619.25
2023-09-19,0.3346,0.8405,-0.391,-0.8036,0.1089,중립(Neutral),0.5,1.0,4608.75
2023-09-20,0.1634,0.5093,-0.4375,-1.2516,-0.1126,중립(Neutral),0.5,1.0,4561.0
2023-09-21,-0.3859,0.1971,-0.5822,-1.3992,-0.4412,수축(Risk-Off),0.0,1.0,4485.75
2023-09-22,-0.2243,0.0166,-0.6225,-1.2009,-0.4101,수축(Risk-Off),0.0,1.0,4479.5
2023-09-25,-0.1991,0.0614,-0.5614,-1.4051,-0.4054,수축(Risk-Off),0.0,1.0,4499.5
2023-09-26,-0.5225,-0.3752,-0.7046,-1.6569,-0.7014,수축(Risk-Off),0.0,1.0,4436.25
2023-09-27,-0.641,-0.2664,-0.6365,-1.849,-0.7274,수축(Risk-Off),0.0,1.0,4438.5
2023-09-28,-0.5842,-0.0953,-0.455,-1.6939,-0.5961,수축(Risk-Off),0.0,1.0,4459.0
2023-09-29,-0.6332,-0.2129,-0.4537,-1.6898,-0.6417,수축(Risk-Off),0.0,1.0,4446.0
2023-10-02,-0.6493,-0.033,-0.6773,-2.1227,-0.7232,수축(Risk-Off),0.0,0.0,4442.75
2023-10-03,-0.8336,-0.2393,-1.0473,-2.2686,-0.9537,수축(Risk-Off),0.0,0.0,4379.5
2023-10-04,-0.6742,-0.0979,-0.8719,-1.9698,-0.7739,수축(Risk-Off),0.0,0.0,4407.5
2023-10-05,-0.6627,-0.1143,-0.8315,-1.9651,-0.7631,수축(Risk-Off),0.0,0.0,4405.25
2023-10-06,-0.4306,0.1218,-0.6911,-2.0489,-0.6004,수축(Risk-Off),0.0,0.0,4462.0
2023-10-09,-0.3286,-0.0827,-0.7428,-1.4523,-0.5392,수축(Risk-Off),0.0,0.0,4485.5
2023-10-10,-0.297,0.0999,-0.591,-1.5732,-0.4627,수축(Risk-Off),0.0,0.0,4508.25
2023-10-11,-0.1917,0.1239,-0.5599,-1.527,-0.4051,수축(Risk-Off),0.0,0.0,4535.75
2023-10-12,-0.3581,0.0244,-0.6853,-1.6648,-0.5403,수축(Risk-Off),0.0,0.0,4497.5
2023-10-13,-0.5744,-0.3131,-1.2545,-1.3923,-0.8018,수축(Risk-Off),0.0,0.0,4468.25
2023-10-16,-0.1973,0.0559,-1.0501,-1.6044,-0.5583,수축(Risk-Off),0.0,0.0,4522.75
2023-10-17,-0.2258,0.009,-0.9875,-1.7597,-0.5876,수축(Risk-Off),0.0,0.0,4516.75
2023-10-18,-0.4007,-0.0632,-1.2661,-1.7777,-0.7392,수축(Risk-Off),0.0,0.0,4464.25
2023-10-19,-0.5097,-0.2059,-1.4259,-1.7795,-0.8533,수축(Risk-Off),0.0,0.0,4413.25
2023-10-20,-0.5491,-0.4057,-1.5577,-1.619,-0.9259,수축(Risk-Off),0.0,0.0,4361.25
2023-10-23,-0.5335,-0.32,-1.3804,-1.333,-0.8118,수축(Risk-Off),0.0,0.0,4367.5
2023-10-24,-0.469,0.0153,-1.3771,-1.3232,-0.7031,수축(Risk-Off),0.0,0.0,4387.0
2023-10-25,-0.6122,-0.1453,-1.4384,-1.4493,-0.8276,수축(Risk-Off),0.0,0.0,4327.75
2023-10-26,-0.8087,-0.4316,-1.6313,-1.2109,-0.9804,수축(Risk-Off),0.0,0.0,4277.25
2023-10-27,-0.9033,-0.3797,-1.7396,-1.1666,-1.021,수축(Risk-Off),0.0,0.0,4253.25
2023-10-30,-0.5981,0.0565,-1.5359,-0.9638,-0.7238,수축(Risk-Off),0.0,0.0,4301.75
2023-10-31,-0.4169,0.2334,-1.5676,-1.1527,-0.6524,수축(Risk-Off),0.0,0.0,4320.75
2023-11-01,-0.3128,0.2369,-1.5289,-0.7394,-0.5434,수축(Risk-Off),0.0,0.0,4375.0
2023-11-02,-0.0107,0.3472,-1.1591,-0.7236,-0.3152,수축(Risk-Off),0.0,0.0,4450.0
2023-11-03,0.0516,0.3869,-0.9043,-0.6717,-0.212,수축(Risk-Off),0.0,0.0,4495.25
2023-11-06,-0.0524,0.3907,-0.7259,-0.7319,-0.2119,수축(Risk-Off),0.0,0.0,4497.0
2023-11-07,-0.0773,0.4638,-0.6644,-0.5958,-0.1666,중립(Neutral),0.5,0.0,4514.25
2023-11-08,0.0408,0.6782,-0.5606,-0.5745,-0.0425,중립(Neutral),0.5,0.0,4510.25
2023-11-09,0.0307,0.3738,-0.6687,-0.5614,-0.1472,중립(Neutral),0.5,0.0,4481.5
2023-11-10,0.1808,0.6692,-0.4141,-0.6378,0.0314,중립(Neutral),0.5,0.0,4541.25
2023-11-13,0.336,0.9114,-0.3236,-0.6189,0.1717,중립(Neutral),0.5,0.0,4544.75
2023-11-14,0.7619,0.948,-0.0156,-0.4554,0.4315,확장(Risk-On),1.0,0.0,4631.25
2023-11-15,0.7428,0.8783,-0.0674,-0.4453,0.3959,확장(Risk-On),1.0,0.0,4630.75
2023-11-16,0.9097,0.7036,-0.2341,-0.4032,0.3753,확장(Risk-On),1.0,0.0,4645.25
2023-11-17,0.8203,0.85,-0.3028,-0.4572,0.3553,확장(Risk-On),1.0,0.0,4640.5
2023-11-20,1.0339,1.0083,0.0362,-0.416,0.5606,확장(Risk-On),1.0,0.0,4678.0
2023-11-21,1.0148,0.9839,-0.0764,-0.3943,0.5229,확장(Risk-On),1.0,0.0,4664.75
2023-11-22,1.0703,0.9566,-0.0481,-0.4367,0.5362,확장(Risk-On),1.0,0.0,4682.5
2023-11-24,0.9404,0.8974,0.0796,-0.4193,0.5105,확장(Risk-On),1.0,0.0,4685.0
2023-11-27,0.7407,0.6046,-0.0802,-0.4006,0.3303,확장(Risk-On),1.0,0.0,4678.25
2023-11-28,0.649,0.5866,-0.045,-0.3579,0.3089,확장(Risk-On),1.0,0.0,4680.75
2023-11-29,0.6046,0.5173,-0.1468,-0.2883,0.261,확장(Risk-On),1.0,0.0,4679.75
2023-11-30,0.5968,0.5051,-0.1369,-0.3579,0.2472,확장(Risk-On),1.0,0.0,4688.5
2023-12-01,0.7366,0.5355,-0.0356,-0.1837,0.3552,확장(Risk-On),1.0,1.0,4720.75
2023-12-04,0.6254,0.4339,0.0627,-0.2152,0.3108,확장(Risk-On),1.0,1.0,4689.25
2023-12-05,0.5986,0.4525,0.1133,-0.1537,0.3279,확장(Risk-On),1.0,1.0,4690.0
2023-12-06,0.5241,0.5115,0.2471,-0.1276,0.3539,확장(Risk-On),1.0,1.0,4673.25
2023-12-07,0.6679,0.5458,0.391,-0.1051,0.4522,확장(Risk-On),1.0,1.0,4702.5
2023-12-08,0.6494,0.6673,0.46,-0.0968,0.4946,확장(Risk-On),1.0,1.0,4724.25
2023-12-11,0.8177,0.6732,0.6472,-0.0843,0.6037,확장(Risk-On),1.0,1.0,4741.25
2023-12-12,0.9007,0.7714,0.5788,-0.1232,0.6343,확장(Risk-On),1.0,1.0,4764.75
2023-12-13,1.1724,0.707,0.4974,-0.0063,0.7105,확장(Risk-On),1.0,1.0,4822.75
2023-12-14,1.134,0.5784,0.7374,-0.0409,0.7197,확장(Risk-On),1.0,1.0,4832.75
2023-12-15,1.1757,0.6229,0.9193,-0.1064,0.7811,확장(Risk-On),1.0,1.0,4833.75
2023-12-18,1.2981,0.5916,0.764,-0.0715,0.7825,확장(Risk-On),1.0,1.0,4854.5
2023-12-19,1.5243,0.5228,0.7109,-0.0867,0.8289,확장(Risk-On),1.0,1.0,4882.5
2023-12-20,1.1526,0.2494,0.5994,-0.0484,0.6084,확장(Risk-On),1.0,1.0,4817.5
2023-12-21,1.3385,0.2827,0.5926,-0.0859,0.6744,확장(Risk-On),1.0,1.0,4860.0
2023-12-22,1.3296,0.4132,0.6032,-0.0189,0.7166,확장(Risk-On),1.0,1.0,4863.5
2023-12-26,1.3372,0.3723,0.8855,-0.0098,0.781,확장(Risk-On),1.0,1.0,4891.25
2023-12-27,1.4248,0.3901,0.9247,0.0663,0.8373,확장(Risk-On),1.0,1.0,4899.0
2023-12-28,1.5821,0.4397,1.2758,0.0159,0.985,확장(Risk-On),1.0,1.0,4897.75
2023-12-29,1.4341,0.5133,1.4461,0.074,1.0029,확장(Risk-On),1.0,1.0,4877.0
2024-01-02,1.4242,0.5113,1.4094,0.0102,0.9802,확장(Risk-On),1.0,1.0,4852.75
2024-01-03,1.2154,0.1966,1.2018,0.0233,0.7785,확장(Risk-On),1.0,1.0,4813.0
2024-01-04,1.1358,0.1646,1.2034,0.0014,0.7397,확장(Risk-On),1.0,1.0,4796.5
2024-01-05,1.2319,0.4264,1.4486,0.0059,0.9008,확장(Risk-On),1.0,1.0,4799.75
2024-01-08,1.4174,0.7018,2.0167,-0.0741,1.1646,확장(Risk-On),1.0,1.0,4862.25
2024-01-09,1.3125,0.7846,1.9359,-0.1199,1.1215,확장(Risk-On),1.0,1.0,4854.75
2024-01-10,1.5789,0.7215,1.8611,-0.1847,1.1705,확장(Risk-On),1.0,1.0,4884.5
2024-01-11,1.5613,0.6645,1.785,-0.0032,1.1583,확장(Risk-On),1.0,1.0,4876.25
2024-01-12,1.657,0.6502,1.6491,0.114,1.1719,확장(Risk-On),1.0,1.0,4875.5
2024-01-16,1.5905,0.5596,1.1668,-0.0823,0.9759,확장(Risk-On),1.0,1.0,4863.25
2024-01-17,1.1711,0.1549,1.0448,-0.2206,0.6767,확장(Risk-On),1.0,1.0,4833.5
2024-01-18,1.2404,0.4071,1.0872,-0.2844,0.765,확장(Risk-On),1.0,1.0,4875.0
2024-01-19,1.5263,0.7142,1.0979,-0.2816,0.945,확장(Risk-On),1.0,1.0,4934.0
2024-01-22,1.5349,0.4874,1.1017,-0.3188,0.8867,확장(Risk-On),1.0,1.0,4945.0
2024-01-23,1.6257,0.7064,1.0372,-0.3641,0.9503,확장(Risk-On),1.0,1.0,4965.25
2024-01-24,1.6793,0.5911,1.2433,-0.3759,0.99,확장(Risk-On),1.0,1.0,4965.75
2024-01-25,1.8648,0.666,0.9463,-0.141,1.0346,확장(Risk-On),1.0,1.0,4983.25
2024-01-26,1.8544,0.8088,0.9614,-0.2751,1.0503,확장(Risk-On),1.0,1.0,4977.0
2024-01-29,2.1081,0.6522,0.9693,0.0199,1.1462,확장(Risk-On),1.0,1.0,5014.5
2024-01-30,1.9658,0.6688,0.9358,0.0574,1.0978,확장(Risk-On),1.0,1.0,4997.75
2024-01-31,1.5057,0.0927,0.5561,0.1951,0.7184,확장(Risk-On),1.0,1.0,4936.0
2024-02-01,1.6635,0.2847,0.777,0.215,0.8799,확장(Risk-On),1.0,1.0,5023.25
2024-02-02,1.7617,0.3814,0.754,0.1115,0.9172,확장(Risk-On),1.0,1.0,5037.0
2024-02-05,1.5361,0.4589,0.667,-0.4237,0.7555,확장(Risk-On),1.0,1.0,5024.5
2024-02-06,1.5267,0.5885,0.6896,-0.2502,0.8164,확장(Risk-On),1.0,1.0,5036.5
2024-02-07,1.7211,0.8723,0.8663,-0.2918,0.9933,확장(Risk-On),1.0,1.0,5079.75
2024-02-08,1.7007,1.0609,0.8572,-0.2053,1.044,확장(Risk-On),1.0,1.0,5078.75
2024-02-09,1.8783,1.2891,1.0272,-0.1642,1.2118,확장(Risk-On),1.0,1.0,5106.25
2024-02-12,1.8335,0.7766,1.1373,-0.0745,1.109,확장(Risk-On),1.0,1.0,5100.0
2024-02-13,1.2991,0.3669,0.9753,-0.4652,0.7205,확장(Risk-On),1.0,1.0,5037.5
2024-02-14,1.4949,0.688,1.0517,-0.3061,0.9122,확장(Risk-On),1.0,1.0,5081.75
2024-02-15,1.5594,0.7629,1.097,-0.1692,0.9854,확장(Risk-On),1.0,1.0,5114.75
2024-02-16,1.3226,0.8313,1.024,-0.1921,0.8979,확장(Risk-On),1.0,1.0,5078.75
2024-02-20,1.2187,0.3998,0.766,-0.2012,0.6878,확장(Risk-On),1.0,1.0,5053.75
2024-02-21,1.3067,0.5045,0.676,-0.3596,0.6986,확장(Risk-On),1.0,1.0,5083.0
2024-02-22,1.4618,0.712,0.7004,-0.4816,0.7925,확장(Risk-On),1.0,1.0,5157.5
2024-02-23,1.5444,1.0778,0.8166,-0.6239,0.9205,확장(Risk-On),1.0,1.0,5159.0
2024-02-26,1.3585,1.0587,0.4798,-0.2906,0.8165,확장(Risk-On),1.0,1.0,5141.75
2024-02-27,1.3017,1.1541,0.5247,-0.3974,0.8157,확장(Risk-On),1.0,1.0,5154.5
2024-02-28,1.1894,0.9348,0.4449,-0.0077,0.7601,확장(Risk-On),1.0,1.0,5133.75
2024-02-29,1.3538,0.9383,0.3398,-0.0386,0.7876,확장(Risk-On),1.0,1.0,5165.0
2024-03-01,1.5881,1.1359,0.3784,0.1029,0.9498,확장(Risk-On),1.0,1.0,5203.0
2024-03-04,1.3724,1.0014,0.1354,0.0986,0.7793,확장(Risk-On),1.0,1.0,5198.5
2024-03-05,1.1441,0.6855,-0.0426,0.3651,0.6159,확장(Risk-On),1.0,1.0,5155.5
2024-03-06,1.182,0.8032,0.0166,0.3453,0.6704,확장(Risk-On),1.0,1.0,5177.5
2024-03-07,1.3895,1.0539,0.0965,0.4358,0.8393,확장(Risk-On),1.0,1.0,5221.5
2024-03-08,1.447,0.8198,-0.1254,0.5847,0.7678,확장(Risk-On),1.0,1.0,5196.25
2024-03-11,1.2524,0.691,-0.164,0.6644,0.6698,확장(Risk-On),1.0,1.0,5192.5
2024-03-12,1.4786,1.0684,0.25,0.5423,0.9285,확장(Risk-On),1.0,1.0,5239.25
2024-03-13,1.4985,1.2592,0.3177,0.4516,0.9864,확장(Risk-On),1.0,1.0,5236.75
2024-03-14,1.437,1.2295,0.2271,0.3059,0.913,확장(Risk-On),1.0,1.0,5217.75
2024-03-15,1.3639,1.1483,0.1366,0.41,0.8601,확장(Risk-On),1.0,1.0,5183.25
2024-03-18,1.3584,0.9574,-0.0943,0.1624,0.7156,확장(Risk-On),1.0,1.0,5214.5
2024-03-19,1.473,1.094,0.0017,0.2628,0.8289,확장(Risk-On),1.0,1.0,5239.5
2024-03-20,1.7028,1.2372,-0.1435,0.4228,0.9328,확장(Risk-On),1.0,1.0,5296.25
2024-03-21,1.6997,1.3213,-0.0076,0.4574,0.9919,확장(Risk-On),1.0,1.0,5307.5
2024-03-22,1.605,1.2827,-0.0045,0.3458,0.9332,확장(Risk-On),1.0,1.0,5289.75
2024-03-25,1.4443,1.1838,-0.0227,0.0321,0.8006,확장(Risk-On),1.0,1.0,5280.75
2024-03-26,1.3298,1.0931,-0.0211,0.0608,0.7426,확장(Risk-On),1.0,1.0,5272.5
2024-03-27,1.4996,1.2487,-0.0247,0.2936,0.8749,확장(Risk-On),1.0,1.0,5308.25
2024-03-28,1.5003,1.267,-0.2122,0.07,0.7993,확장(Risk-On),1.0,1.0,5304.25
