date,price,weight,strategy_ret,bench_ret,strategy,benchmark
1990-01-02,851.65,0.0,0.0,0.0,1.0,1.0
1990-01-03,850.85,0.0,0.0,-0.000939,1.0,0.999061
1990-01-04,849.0,0.0,0.0,-0.002174,1.0,0.996888
1990-01-05,843.75,0.0,0.0,-0.006184,1.0,0.990724
1990-01-08,846.7,0.0,0.0,0.003496,1.0,0.994188
1990-01-09,841.35,0.0,0.0,-0.006319,1.0,0.987906
1990-01-10,840.45,0.0,0.0,-0.00107,1.0,0.986849
1990-01-11,841.0,0.0,0.0,0.000654,1.0,0.987495
1990-01-12,830.1,0.0,0.0,-0.012961,1.0,0.974696
1990-01-15,828.35,0.0,0.0,-0.002108,1.0,0.972641
1990-01-16,831.25,0.0,0.0,0.003501,1.0,0.976046
1990-01-17,827.9,0.0,0.0,-0.00403,1.0,0.972113
1990-01-18,830.0,0.0,0.0,0.002537,1.0,0.974579
1990-01-19,831.35,0.0,0.0,0.001627,1.0,0.976164
1990-01-22,820.55,0.0,0.0,-0.012991,1.0,0.963483
1990-01-23,819.4,0.0,0.0,-0.001401,1.0,0.962132
1990-01-24,822.25,0.0,0.0,0.003478,1.0,0.965479
1990-01-25,815.9,0.0,0.0,-0.007723,1.0,0.958023
1990-01-26,815.95,0.0,0.0,6.1e-05,1.0,0.958081
1990-01-29,815.85,0.0,0.0,-0.000123,1.0,0.957964
1990-01-30,814.35,0.0,0.0,-0.001839,1.0,0.956203
1990-01-31,819.65,0.0,0.0,0.006508,1.0,0.962426
1990-02-01,819.25,0.0,0.0,-0.000488,1.0,0.961956
1990-02-02,821.65,0.0,0.0,0.00293,1.0,0.964774
1990-02-05,822.55,0.0,0.0,0.001095,1.0,0.965831
1990-02-06,819.4,0.0,0.0,-0.00383,1.0,0.962132
1990-02-07,824.95,0.0,0.0,0.006773,1.0,0.968649
1990-02-08,824.45,0.0,0.0,-0.000606,1.0,0.968062
1990-02-09,823.55,0.0,0.0,-0.001092,1.0,0.967005
1990-02-12,819.9,0.0,0.0,-0.004432,1.0,0.962719
1990-02-13,821.8,0.0,0.0,0.002317,1.0,0.96495
1990-02-14,822.45,0.0,0.0,0.000791,1.0,0.965714
1990-02-15,825.3,0.0,0.0,0.003465,1.0,0.96906
1990-02-16,822.35,0.0,0.0,-0.003574,1.0,0.965596
1990-02-20,817.9,0.0,0.0,-0.005411,1.0,0.960371
1990-02-21,818.45,0.0,0.0,0.000672,1.0,0.961017
1990-02-22,815.9,0.0,0.0,-0.003116,1.0,0.958023
1990-02-23,814.65,0.0,0.0,-0.001532,1.0,0.956555
1990-02-26,819.0,0.0,0.0,0.00534,1.0,0.961663
1990-02-27,820.5,0.0,0.0,0.001832,1.0,0.963424
1990-02-28,822.1,0.0,0.0,0.00195,1.0,0.965303
1990-03-01,822.95,0.5,1.7e-05,0.001034,1.000017,0.966301
1990-03-02,825.05,0.5,0.001276,0.002552,1.001293,0.968767
1990-03-05,823.65,0.5,-0.000848,-0.001697,1.000443,0.967123
1990-03-06,828.35,0.5,0.002853,0.005706,1.003298,0.972641
1990-03-07,826.1,0.5,-0.001358,-0.002716,1.001935,0.969999
1990-03-08,829.7,0.5,0.002179,0.004358,1.004118,0.974227
1990-03-09,827.2,0.5,-0.001507,-0.003013,1.002606,0.971291
1990-03-12,827.8,0.5,0.000363,0.000725,1.002969,0.971996
1990-03-13,824.7,0.5,-0.001872,-0.003745,1.001091,0.968356
1990-03-14,826.5,0.5,0.001091,0.002183,1.002184,0.970469
1990-03-15,827.35,0.5,0.000514,0.001028,1.002699,0.971467
1990-03-16,830.4,0.5,0.001843,0.003686,1.004547,0.975048
1990-03-19,832.75,0.5,0.001415,0.00283,1.005969,0.977808
1990-03-20,830.75,0.5,-0.001201,-0.002402,1.004761,0.975459
1990-03-21,827.35,0.5,-0.002046,-0.004093,1.002705,0.971467
1990-03-22,824.25,0.5,-0.001873,-0.003747,1.000826,0.967827
1990-03-23,825.95,0.5,0.001031,0.002062,1.001858,0.969823
1990-03-26,826.9,0.5,0.000575,0.00115,1.002434,0.970939
1990-03-27,830.7,0.5,0.002298,0.004595,1.004738,0.975401
1990-03-28,831.05,0.5,0.000211,0.000421,1.004949,0.975812
1990-03-29,829.05,0.5,-0.001203,-0.002407,1.00374,0.973463
1990-03-30,826.6,0.5,-0.001478,-0.002955,1.002257,0.970587
1990-04-02,827.05,0.5,0.000272,0.000544,1.00253,0.971115
1990-04-03,832.5,0.5,0.003295,0.00659,1.005833,0.977514
1990-04-04,828.35,0.5,-0.002492,-0.004985,1.003326,0.972641
1990-04-05,829.4,0.5,0.000634,0.001268,1.003962,0.973874
1990-04-06,828.85,0.5,-0.000332,-0.000663,1.003629,0.973228
1990-04-09,829.55,0.5,0.000422,0.000845,1.004053,0.97405
1990-04-10,829.45,0.5,-6e-05,-0.000121,1.003992,0.973933
1990-04-11,830.35,0.5,0.000543,0.001085,1.004537,0.97499
1990-04-12,833.25,0.5,0.001746,0.003493,1.006291,0.978395
1990-04-16,832.0,0.5,-0.00075,-0.0015,1.005536,0.976927
1990-04-17,832.35,0.5,0.00021,0.000421,1.005748,0.977338
1990-04-18,828.05,0.5,-0.002583,-0.005166,1.00315,0.972289
1990-04-19,824.75,0.5,-0.001993,-0.003985,1.001151,0.968414
1990-04-20,821.55,0.5,-0.00194,-0.00388,0.999209,0.964657
1990-04-23,817.8,0.5,-0.002282,-0.004565,0.996928,0.960254
1990-04-24,817.6,0.5,-0.000122,-0.000245,0.996806,0.960019
1990-04-25,819.4,0.5,0.001101,0.002202,0.997904,0.962132
1990-04-26,820.45,0.5,0.000641,0.001281,0.998543,0.963365
1990-04-27,814.0,0.5,-0.003931,-0.007862,0.994618,0.955792
1990-04-30,817.25,0.5,0.001996,0.003993,0.996603,0.959608
1990-05-01,818.8,1.0,0.001397,0.001897,0.997995,0.961428
1990-05-02,822.1,1.0,0.00403,0.00403,1.002018,0.965303
1990-05-03,822.3,1.0,0.000243,0.000243,1.002261,0.965537
1990-05-04,825.05,1.0,0.003344,0.003344,1.005613,0.968767
1990-05-07,827.65,1.0,0.003151,0.003151,1.008782,0.971819
1990-05-08,830.25,1.0,0.003141,0.003141,1.011951,0.974872
1990-05-09,830.1,1.0,-0.000181,-0.000181,1.011768,0.974696
1990-05-10,830.2,1.0,0.00012,0.00012,1.01189,0.974814
1990-05-11,839.4,1.0,0.011082,0.011082,1.023104,0.985616
1990-05-14,842.05,1.0,0.003157,0.003157,1.026334,0.988728
1990-05-15,841.65,1.0,-0.000475,-0.000475,1.025846,0.988258
1990-05-16,840.5,1.0,-0.001366,-0.001366,1.024444,0.986908
1990-05-17,841.1,1.0,0.000714,0.000714,1.025176,0.987612
1990-05-18,840.75,1.0,-0.000416,-0.000416,1.024749,0.987201
1990-05-21,844.15,1.0,0.004044,0.004044,1.028893,0.991194
1990-05-22,845.95,1.0,0.002132,0.002132,1.031087,0.993307
1990-05-23,845.9,1.0,-5.9e-05,-5.9e-05,1.031026,0.993248
1990-05-24,845.0,1.0,-0.001064,-0.001064,1.029929,0.992192
1990-05-25,840.5,1.0,-0.005325,-0.005325,1.024444,0.986908
1990-05-29,847.75,1.0,0.008626,0.008626,1.033281,0.995421
1990-05-30,848.15,1.0,0.000472,0.000472,1.033769,0.99589
1990-05-31,846.9,1.0,-0.001474,-0.001474,1.032245,0.994423
1990-06-01,848.7,1.0,0.002125,0.002125,1.034439,0.996536
1990-06-04,853.9,1.0,0.006127,0.006127,1.040777,1.002642
1990-06-05,852.9,1.0,-0.001171,-0.001171,1.039558,1.001468
1990-06-06,851.1,1.0,-0.00211,-0.00211,1.037364,0.999354
1990-06-07,849.05,1.0,-0.002409,-0.002409,1.034866,0.996947
1990-06-08,844.55,1.0,-0.0053,-0.0053,1.029381,0.991663
1990-06-11,847.9,1.0,0.003967,0.003967,1.033464,0.995597
1990-06-12,851.6,1.0,0.004364,0.004364,1.037974,0.999941
1990-06-13,850.4,1.0,-0.001409,-0.001409,1.036511,0.998532
1990-06-14,848.5,1.0,-0.002234,-0.002234,1.034195,0.996301
1990-06-15,847.95,1.0,-0.000648,-0.000648,1.033525,0.995655
1990-06-18,841.9,1.0,-0.007135,-0.007135,1.026151,0.988552
1990-06-19,843.6,1.0,0.002019,0.002019,1.028223,0.990548
1990-06-20,844.4,1.0,0.000948,0.000948,1.029198,0.991487
1990-06-21,846.9,1.0,0.002961,0.002961,1.032245,0.994423
1990-06-22,840.15,1.0,-0.00797,-0.00797,1.024018,0.986497
1990-06-25,837.6,1.0,-0.003035,-0.003035,1.02091,0.983503
1990-06-26,835.95,1.0,-0.00197,-0.00197,1.018899,0.981565
1990-06-27,839.45,1.0,0.004187,0.004187,1.023165,0.985675
1990-06-28,842.15,1.0,0.003216,0.003216,1.026456,0.988845
1990-06-29,842.35,1.0,0.000237,0.000237,1.026699,0.98908
1990-07-02,844.4,1.0,0.002434,0.002434,1.029198,0.991487
1990-07-03,844.0,1.0,-0.000474,-0.000474,1.02871,0.991017
1990-07-05,839.8,1.0,-0.004976,-0.004976,1.023591,0.986086
1990-07-06,842.25,1.0,0.002917,0.002917,1.026577,0.988963
1990-07-09,843.1,1.0,0.001009,0.001009,1.027613,0.989961
1990-07-10,840.5,1.0,-0.003084,-0.003084,1.024444,0.986908
1990-07-11,845.4,1.0,0.00583,0.00583,1.030417,0.992661
1990-07-12,849.45,1.0,0.004791,0.004791,1.035353,0.997417
1990-07-13,850.9,1.0,0.001707,0.001707,1.03712,0.999119
1990-07-16,852.3,1.0,0.001645,0.001645,1.038827,1.000763
1990-07-17,850.4,1.0,-0.002229,-0.002229,1.036511,0.998532
1990-07-18,847.15,1.0,-0.003822,-0.003822,1.03255,0.994716
1990-07-19,848.45,1.0,0.001535,0.001535,1.034134,0.996243
1990-07-20,844.8,1.0,-0.004302,-0.004302,1.029685,0.991957
1990-07-23,837.8,1.0,-0.008286,-0.008286,1.021154,0.983737
1990-07-24,837.65,1.0,-0.000179,-0.000179,1.020971,0.983561
1990-07-25,839.65,1.0,0.002388,0.002388,1.023408,0.98591
1990-07-26,838.25,1.0,-0.001667,-0.001667,1.021702,0.984266
1990-07-27,835.5,1.0,-0.003281,-0.003281,1.01835,0.981037
1990-07-30,838.25,1.0,0.003291,0.003291,1.021702,0.984266
1990-07-31,838.6,1.0,0.000418,0.000418,1.022129,0.984677
1990-08-01,837.45,0.5,-0.001186,-0.001371,1.020917,0.983326
1990-08-02,833.9,0.5,-0.00212,-0.004239,1.018753,0.979158
1990-08-03,826.65,0.5,-0.004347,-0.008694,1.014324,0.970645
1990-08-06,814.4,0.5,-0.007409,-0.014819,1.006809,0.956261
1990-08-07,817.2,0.5,0.001719,0.003438,1.008539,0.959549
1990-08-08,819.55,0.5,0.001438,0.002876,1.00999,0.962308
1990-08-09,821.4,0.5,0.001129,0.002257,1.01113,0.964481
1990-08-10,817.3,0.5,-0.002496,-0.004991,1.008606,0.959667
1990-08-13,819.8,0.5,0.001529,0.003059,1.010149,0.962602
1990-08-14,820.75,0.5,0.000579,0.001159,1.010734,0.963717
1990-08-15,821.65,0.5,0.000548,0.001097,1.011288,0.964774
1990-08-16,811.75,0.5,-0.006024,-0.012049,1.005196,0.95315
1990-08-17,808.65,0.5,-0.001909,-0.003819,1.003276,0.94951
1990-08-20,809.7,0.5,0.000649,0.001298,1.003928,0.950743
1990-08-21,803.5,0.5,-0.003829,-0.007657,1.000084,0.943463
1990-08-22,797.2,0.5,-0.00392,-0.007841,0.996163,0.936065
1990-08-23,786.25,0.5,-0.006868,-0.013736,0.989322,0.923208
1990-08-24,793.0,0.5,0.004293,0.008585,0.993569,0.931134
1990-08-27,802.8,0.5,0.006179,0.012358,0.999708,0.942641
1990-08-28,802.65,0.5,-9.3e-05,-0.000187,0.999614,0.942465
1990-08-29,803.85,0.5,0.000748,0.001495,1.000362,0.943874
1990-08-30,798.55,0.5,-0.003297,-0.006593,0.997064,0.93765
1990-08-31,802.55,0.5,0.002505,0.005009,0.999561,0.942347
1990-09-04,804.25,0.0,-0.0005,0.002118,0.999061,0.944343
1990-09-05,804.85,0.0,0.0,0.000746,0.999061,0.945048
1990-09-06,800.75,0.0,0.0,-0.005094,0.999061,0.940234
1990-09-07,803.65,0.0,0.0,0.003622,0.999061,0.943639
1990-09-10,801.45,0.0,0.0,-0.002738,0.999061,0.941056
1990-09-11,801.75,0.0,0.0,0.000374,0.999061,0.941408
1990-09-12,802.05,0.0,0.0,0.000374,0.999061,0.94176
1990-09-13,798.25,0.0,0.0,-0.004738,0.999061,0.937298
1990-09-14,795.8,0.0,0.0,-0.003069,0.999061,0.934421
1990-09-17,797.45,0.0,0.0,0.002073,0.999061,0.936359
1990-09-18,797.95,0.0,0.0,0.000627,0.999061,0.936946
1990-09-19,795.05,0.0,0.0,-0.003634,0.999061,0.933541
1990-09-20,790.75,0.0,0.0,-0.005408,0.999061,0.928492
1990-09-21,790.95,0.0,0.0,0.000253,0.999061,0.928727
1990-09-24,783.65,0.0,0.0,-0.009229,0.999061,0.920155
1990-09-25,787.65,0.0,0.0,0.005104,0.999061,0.924852
1990-09-26,784.65,0.0,0.0,-0.003809,0.999061,0.921329
1990-09-27,779.05,0.0,0.0,-0.007137,0.999061,0.914754
1990-09-28,783.1,0.0,0.0,0.005199,0.999061,0.919509
1990-10-01,794.6,0.0,0.0,0.014685,0.999061,0.933012
1990-10-02,794.7,0.0,0.0,0.000126,0.999061,0.93313
1990-10-03,790.05,0.0,0.0,-0.005851,0.999061,0.92767
1990-10-04,791.65,0.0,0.0,0.002025,0.999061,0.929549
1990-10-05,791.2,0.0,0.0,-0.000568,0.999061,0.92902
1990-10-08,793.75,0.0,0.0,0.003223,0.999061,0.932014
1990-10-09,782.1,0.0,0.0,-0.014677,0.999061,0.918335
1990-10-10,778.55,0.0,0.0,-0.004539,0.999061,0.914167
1990-10-11,773.7,0.0,0.0,-0.00623,0.999061,0.908472
1990-10-12,778.05,0.0,0.0,0.005622,0.999061,0.91358
1990-10-15,782.35,0.0,0.0,0.005527,0.999061,0.918629
1990-10-16,777.6,0.0,0.0,-0.006071,0.999061,0.913051
1990-10-17,776.95,0.0,0.0,-0.000836,0.999061,0.912288
1990-10-18,784.5,0.0,0.0,0.009717,0.999061,0.921153
1990-10-19,789.4,0.0,0.0,0.006246,0.999061,0.926907
1990-10-22,791.85,0.0,0.0,0.003104,0.999061,0.929783
1990-10-23,790.15,0.0,0.0,-0.002147,0.999061,0.927787
1990-10-24,791.8,0.0,0.0,0.002088,0.999061,0.929725
1990-10-25,787.75,0.0,0.0,-0.005115,0.999061,0.924969
1990-10-26,782.6,0.0,0.0,-0.006538,0.999061,0.918922
1990-10-29,780.35,0.0,0.0,-0.002875,0.999061,0.91628
1990-10-30,782.55,0.0,0.0,0.002819,0.999061,0.918863
1990-10-31,783.15,0.0,0.0,0.000767,0.999061,0.919568
1990-11-01,784.8,0.0,0.0,0.002107,0.999061,0.921505
1990-11-02,789.55,0.0,0.0,0.006052,0.999061,0.927083
1990-11-05,791.75,0.0,0.0,0.002786,0.999061,0.929666
1990-11-06,788.15,0.0,0.0,-0.004547,0.999061,0.925439
1990-11-07,783.6,0.0,0.0,-0.005773,0.999061,0.920096
1990-11-08,786.15,0.0,0.0,0.003254,0.999061,0.92309
1990-11-09,791.9,0.0,0.0,0.007314,0.999061,0.929842
1990-11-12,796.85,0.0,0.0,0.006251,0.999061,0.935654
1990-11-13,795.5,0.0,0.0,-0.001694,0.999061,0.934069
1990-11-14,798.05,0.0,0.0,0.003206,0.999061,0.937063
1990-11-15,794.4,0.0,0.0,-0.004574,0.999061,0.932778
1990-11-16,795.65,0.0,0.0,0.001574,0.999061,0.934245
1990-11-19,797.5,0.0,0.0,0.002325,0.999061,0.936418
1990-11-20,793.15,0.0,0.0,-0.005455,0.999061,0.93131
1990-11-21,794.2,0.0,0.0,0.001324,0.999061,0.932543
1990-11-23,791.85,0.0,0.0,-0.002959,0.999061,0.929783
1990-11-26,794.55,0.0,0.0,0.00341,0.999061,0.932954
1990-11-27,796.0,0.0,0.0,0.001825,0.999061,0.934656
1990-11-28,795.6,0.0,0.0,-0.000503,0.999061,0.934187
1990-11-29,793.1,0.0,0.0,-0.003142,0.999061,0.931251
1990-11-30,800.4,0.0,0.0,0.009204,0.999061,0.939823
1990-12-03,800.75,0.5,-0.000281,0.000437,0.99878,0.940234
1990-12-04,804.55,0.5,0.002373,0.004746,1.00115,0.944696
1990-12-05,808.15,0.5,0.002237,0.004475,1.00339,0.948923
1990-12-06,806.85,0.5,-0.000804,-0.001609,1.002583,0.947396
1990-12-07,804.6,0.5,-0.001394,-0.002789,1.001185,0.944754
1990-12-10,806.0,0.5,0.00087,0.00174,1.002056,0.946398
1990-12-11,804.9,0.5,-0.000682,-0.001365,1.001372,0.945107
1990-12-12,807.85,0.5,0.001833,0.003665,1.003207,0.94857
1990-12-13,806.25,0.5,-0.00099,-0.001981,1.002214,0.946692
1990-12-14,803.4,0.5,-0.001767,-0.003535,1.000442,0.943345
1990-12-17,802.9,0.5,-0.000311,-0.000622,1.000131,0.942758
1990-12-18,806.85,0.5,0.00246,0.00492,1.002591,0.947396
1990-12-19,805.65,0.5,-0.000744,-0.001487,1.001846,0.945987
1990-12-20,806.6,0.5,0.00059,0.001179,1.002436,0.947103
1990-12-21,808.5,0.5,0.001178,0.002356,1.003617,0.949334
1990-12-24,804.95,0.5,-0.002195,-0.004391,1.001414,0.945165
1990-12-26,807.5,0.5,0.001584,0.003168,1.003,0.948159
1990-12-27,804.55,0.5,-0.001827,-0.003653,1.001168,0.944696
1990-12-28,805.4,0.5,0.000528,0.001056,1.001697,0.945694
1990-12-31,804.4,0.5,-0.000621,-0.001242,1.001075,0.944519
1991-01-02,800.6,0.5,-0.002362,-0.004724,0.99871,0.940058
1991-01-03,797.9,0.5,-0.001686,-0.003372,0.997026,0.936887
1991-01-04,797.0,0.5,-0.000564,-0.001128,0.996464,0.93583
1991-01-07,791.3,0.5,-0.003576,-0.007152,0.992901,0.929138
1991-01-08,790.95,0.5,-0.000221,-0.000442,0.992681,0.928727
1991-01-09,786.4,0.5,-0.002876,-0.005753,0.989826,0.923384
1991-01-10,789.75,0.5,0.00213,0.00426,0.991934,0.927318
1991-01-11,789.95,0.5,0.000127,0.000253,0.99206,0.927552
1991-01-14,788.1,0.5,-0.001171,-0.002342,0.990898,0.92538
1991-01-15,788.1,0.5,0.0,0.0,0.990898,0.92538
1991-01-16,791.9,0.5,0.002411,0.004822,0.993287,0.929842
1991-01-17,805.75,0.5,0.008745,0.01749,1.001973,0.946105
1991-01-18,807.65,0.5,0.001179,0.002358,1.003154,0.948336
1991-01-21,806.7,0.5,-0.000588,-0.001176,1.002564,0.94722
1991-01-22,803.6,0.5,-0.001921,-0.003843,1.000638,0.94358
1991-01-23,805.15,0.5,0.000964,0.001929,1.001603,0.9454
1991-01-24,810.55,0.5,0.003353,0.006707,1.004962,0.951741
1991-01-25,811.65,0.5,0.000679,0.001357,1.005644,0.953032
1991-01-28,810.5,0.5,-0.000708,-0.001417,1.004931,0.951682
1991-01-29,810.45,0.5,-3.1e-05,-6.2e-05,1.0049,0.951623
1991-01-30,816.0,0.5,0.003424,0.006848,1.008341,0.95814
1991-01-31,818.4,0.5,0.001471,0.002941,1.009824,0.960958
1991-02-01,817.15,1.0,-0.002027,-0.001527,1.007777,0.95949
1991-02-04,822.7,1.0,0.006792,0.006792,1.014621,0.966007
1991-02-05,826.55,1.0,0.00468,0.00468,1.01937,0.970528
1991-02-06,833.6,1.0,0.008529,0.008529,1.028064,0.978806
1991-02-07,831.65,1.0,-0.002339,-0.002339,1.025659,0.976516
1991-02-08,834.45,1.0,0.003367,0.003367,1.029113,0.979804
1991-02-11,843.65,1.0,0.011025,0.011025,1.040459,0.990606
1991-02-12,840.05,1.0,-0.004267,-0.004267,1.036019,0.986379
1991-02-13,844.0,1.0,0.004702,0.004702,1.04089,0.991017
1991-02-14,839.1,1.0,-0.005806,-0.005806,1.034847,0.985264
1991-02-15,843.2,1.0,0.004886,0.004886,1.039904,0.990078
1991-02-19,843.9,1.0,0.00083,0.00083,1.040767,0.9909
1991-02-20,840.25,1.0,-0.004325,-0.004325,1.036266,0.986614
1991-02-21,839.65,1.0,-0.000714,-0.000714,1.035526,0.98591
1991-02-22,840.6,1.0,0.001131,0.001131,1.036697,0.987025
1991-02-25,841.8,1.0,0.001428,0.001428,1.038177,0.988434
1991-02-26,837.55,1.0,-0.005049,-0.005049,1.032936,0.983444
1991-02-27,842.85,1.0,0.006328,0.006328,1.039472,0.989667
1991-02-28,840.55,1.0,-0.002729,-0.002729,1.036636,0.986966
1991-03-01,845.0,1.0,0.005294,0.005294,1.042124,0.992192
1991-03-04,843.4,1.0,-0.001893,-0.001893,1.04015,0.990313
1991-03-05,851.1,1.0,0.00913,0.00913,1.049647,0.999354
1991-03-06,850.35,1.0,-0.000881,-0.000881,1.048722,0.998474
1991-03-07,849.4,1.0,-0.001117,-0.001117,1.04755,0.997358
1991-03-08,849.1,1.0,-0.000353,-0.000353,1.04718,0.997006
1991-03-11,847.25,1.0,-0.002179,-0.002179,1.044899,0.994834
1991-03-12,844.6,1.0,-0.003128,-0.003128,1.04163,0.991722
1991-03-13,849.45,1.0,0.005742,0.005742,1.047612,0.997417
1991-03-14,847.35,1.0,-0.002472,-0.002472,1.045022,0.994951
1991-03-15,845.95,1.0,-0.001652,-0.001652,1.043295,0.993307
1991-03-18,846.4,1.0,0.000532,0.000532,1.04385,0.993835
1991-03-19,840.4,1.0,-0.007089,-0.007089,1.036451,0.98679
1991-03-20,841.8,1.0,0.001666,0.001666,1.038177,0.988434
1991-03-21,840.05,1.0,-0.002079,-0.002079,1.036019,0.986379
1991-03-22,841.6,1.0,0.001845,0.001845,1.03793,0.988199
1991-03-25,843.25,1.0,0.001961,0.001961,1.039965,0.990137
1991-03-26,850.1,1.0,0.008123,0.008123,1.048413,0.99818
1991-03-27,848.95,1.0,-0.001353,-0.001353,1.046995,0.99683
1991-03-28,846.65,1.0,-0.002709,-0.002709,1.044159,0.994129
1991-04-01,844.0,1.0,-0.00313,-0.00313,1.04089,0.991017
1991-04-02,852.45,1.0,0.010012,0.010012,1.051312,1.000939
1991-04-03,851.05,1.0,-0.001642,-0.001642,1.049585,0.999295
1991-04-04,852.4,1.0,0.001586,0.001586,1.05125,1.000881
1991-04-05,847.8,1.0,-0.005397,-0.005397,1.045577,0.995479
1991-04-08,851.5,1.0,0.004364,0.004364,1.05014,0.999824
1991-04-09,846.0,1.0,-0.006459,-0.006459,1.043357,0.993366
1991-04-10,846.2,1.0,0.000236,0.000236,1.043604,0.993601
1991-04-11,851.5,1.0,0.006263,0.006263,1.05014,0.999824
1991-04-12,852.8,1.0,0.001527,0.001527,1.051743,1.00135
1991-04-15,852.8,1.0,0.0,0.0,1.051743,1.00135
1991-04-16,859.55,1.0,0.007915,0.007915,1.060068,1.009276
1991-04-17,862.55,1.0,0.00349,0.00349,1.063768,1.012799
1991-04-18,861.15,1.0,-0.001623,-0.001623,1.062041,1.011155
1991-04-19,856.75,1.0,-0.005109,-0.005109,1.056615,1.005988
1991-04-22,853.7,1.0,-0.00356,-0.00356,1.052853,1.002407
1991-04-23,853.15,1.0,-0.000644,-0.000644,1.052175,1.001761
1991-04-24,854.15,1.0,0.001172,0.001172,1.053408,1.002935
1991-04-25,850.6,1.0,-0.004156,-0.004156,1.04903,0.998767
1991-04-26,850.5,1.0,-0.000118,-0.000118,1.048907,0.99865
1991-04-29,845.85,1.0,-0.005467,-0.005467,1.043172,0.99319
1991-04-30,846.3,1.0,0.000532,0.000532,1.043727,0.993718
1991-05-01,852.0,1.0,0.006735,0.006735,1.050757,1.000411
1991-05-02,851.8,1.0,-0.000235,-0.000235,1.05051,1.000176
1991-05-03,852.2,1.0,0.00047,0.00047,1.051003,1.000646
1991-05-06,851.25,1.0,-0.001115,-0.001115,1.049832,0.99953
1991-05-07,847.4,1.0,-0.004523,-0.004523,1.045084,0.99501
1991-05-08,850.45,1.0,0.003599,0.003599,1.048845,0.998591
1991-05-09,855.0,1.0,0.00535,0.00535,1.054456,1.003934
1991-05-10,846.4,1.0,-0.010058,-0.010058,1.04385,0.993835
1991-05-13,848.15,1.0,0.002068,0.002068,1.046008,0.99589
1991-05-14,843.0,1.0,-0.006072,-0.006072,1.039657,0.989843
1991-05-15,840.05,1.0,-0.003499,-0.003499,1.036019,0.986379
1991-05-16,843.25,1.0,0.003809,0.003809,1.039965,0.990137
1991-05-17,844.7,1.0,0.00172,0.00172,1.041754,0.991839
1991-05-20,843.8,1.0,-0.001065,-0.001065,1.040644,0.990783
1991-05-21,847.4,1.0,0.004266,0.004266,1.045084,0.99501
1991-05-22,847.9,1.0,0.00059,0.00059,1.0457,0.995597
1991-05-23,846.25,1.0,-0.001946,-0.001946,1.043665,0.993659
1991-05-24,848.8,1.0,0.003013,0.003013,1.04681,0.996654
1991-05-28,853.2,1.0,0.005184,0.005184,1.052237,1.00182
1991-05-29,854.55,1.0,0.001582,0.001582,1.053901,1.003405
1991-05-30,857.9,1.0,0.00392,0.00392,1.058033,1.007339
1991-05-31,860.1,1.0,0.002564,0.002564,1.060746,1.009922
1991-06-03,858.75,1.0,-0.00157,-0.00157,1.059081,1.008337
1991-06-04,859.0,1.0,0.000291,0.000291,1.05939,1.00863
1991-06-05,856.3,1.0,-0.003143,-0.003143,1.05606,1.00546
1991-06-06,854.75,1.0,-0.00181,-0.00181,1.054148,1.00364
1991-06-07,850.6,1.0,-0.004855,-0.004855,1.04903,0.998767
1991-06-10,849.05,1.0,-0.001822,-0.001822,1.047118,0.996947
1991-06-11,852.5,1.0,0.004063,0.004063,1.051373,1.000998
1991-06-12,847.5,1.0,-0.005865,-0.005865,1.045207,0.995127
1991-06-13,848.6,1.0,0.001298,0.001298,1.046563,0.996419
1991-06-14,852.7,1.0,0.004831,0.004831,1.05162,1.001233
1991-06-17,851.3,1.0,-0.001642,-0.001642,1.049893,0.999589
1991-06-18,849.45,1.0,-0.002173,-0.002173,1.047612,0.997417
1991-06-19,845.5,1.0,-0.00465,-0.00465,1.04274,0.992779
1991-06-20,846.2,1.0,0.000828,0.000828,1.043604,0.993601
1991-06-21,848.15,1.0,0.002304,0.002304,1.046008,0.99589
1991-06-24,841.1,1.0,-0.008312,-0.008312,1.037314,0.987612
1991-06-25,841.45,1.0,0.000416,0.000416,1.037745,0.988023
1991-06-26,842.95,1.0,0.001783,0.001783,1.039595,0.989785
1991-06-27,844.95,1.0,0.002373,0.002373,1.042062,0.992133
1991-06-28,839.85,1.0,-0.006036,-0.006036,1.035772,0.986145
1991-07-01,848.1,0.0,-0.001,0.009823,1.034736,0.995832
1991-07-02,848.25,0.0,0.0,0.000177,1.034736,0.996008
1991-07-03,843.6,0.0,0.0,-0.005482,1.034736,0.990548
1991-07-05,843.8,0.0,0.0,0.000237,1.034736,0.990783
1991-07-08,847.85,0.0,0.0,0.0048,1.034736,0.995538
1991-07-09,846.2,0.0,0.0,-0.001946,1.034736,0.993601
1991-07-10,846.15,0.0,0.0,-5.9e-05,1.034736,0.993542
1991-07-11,847.9,0.0,0.0,0.002068,1.034736,0.995597
1991-07-12,850.2,0.0,0.0,0.002713,1.034736,0.998297
1991-07-15,852.1,0.0,0.0,0.002235,1.034736,1.000528
1991-07-16,852.0,0.0,0.0,-0.000117,1.034736,1.000411
1991-07-17,850.95,0.0,0.0,-0.001232,1.034736,0.999178
1991-07-18,854.35,0.0,0.0,0.003996,1.034736,1.00317
1991-07-19,854.2,0.0,0.0,-0.000176,1.034736,1.002994
1991-07-22,852.75,0.0,0.0,-0.001697,1.034736,1.001292
1991-07-23,849.2,0.0,0.0,-0.004163,1.034736,0.997123
1991-07-24,848.35,0.0,0.0,-0.001001,1.034736,0.996125
1991-07-25,849.45,0.0,0.0,0.001297,1.034736,0.997417
1991-07-26,849.55,0.0,0.0,0.000118,1.034736,0.997534
1991-07-29,852.05,0.0,0.0,0.002943,1.034736,1.00047
1991-07-30,855.7,0.0,0.0,0.004284,1.034736,1.004755
1991-07-31,856.0,0.0,0.0,0.000351,1.034736,1.005108
1991-08-01,856.55,1.0,-0.000357,0.000643,1.034367,1.005754
1991-08-02,856.05,1.0,-0.000584,-0.000584,1.033763,1.005166
1991-08-05,854.3,1.0,-0.002044,-0.002044,1.031649,1.003112
1991-08-06,859.3,1.0,0.005853,0.005853,1.037687,1.008983
1991-08-07,859.55,1.0,0.000291,0.000291,1.037989,1.009276
1991-08-08,857.75,1.0,-0.002094,-0.002094,1.035816,1.007163
1991-08-09,855.45,1.0,-0.002681,-0.002681,1.033038,1.004462
1991-08-12,856.9,1.0,0.001695,0.001695,1.034789,1.006165
1991-08-13,857.7,1.0,0.000934,0.000934,1.035755,1.007104
1991-08-14,858.8,1.0,0.001282,0.001282,1.037084,1.008395
1991-08-15,858.55,1.0,-0.000291,-0.000291,1.036782,1.008102
1991-08-16,854.45,1.0,-0.004775,-0.004775,1.031831,1.003288
1991-08-19,846.45,1.0,-0.009363,-0.009363,1.02217,0.993894
1991-08-20,848.1,1.0,0.001949,0.001949,1.024162,0.995832
1991-08-21,859.85,1.0,0.013854,0.013854,1.038352,1.009628
1991-08-22,859.95,1.0,0.000116,0.000116,1.038472,1.009746
1991-08-23,862.25,1.0,0.002675,0.002675,1.04125,1.012446
1991-08-26,862.1,1.0,-0.000174,-0.000174,1.041069,1.01227
1991-08-27,862.15,1.0,5.8e-05,5.8e-05,1.041129,1.012329
1991-08-28,864.4,1.0,0.00261,0.00261,1.043846,1.014971
1991-08-29,864.6,1.0,0.000231,0.000231,1.044088,1.015206
1991-08-30,863.15,1.0,-0.001677,-0.001677,1.042337,1.013503
1991-09-03,860.3,1.0,-0.003302,-0.003302,1.038895,1.010157
1991-09-04,858.8,1.0,-0.001744,-0.001744,1.037084,1.008395
1991-09-05,857.35,1.0,-0.001688,-0.001688,1.035333,1.006693
1991-09-06,857.05,1.0,-0.00035,-0.00035,1.03497,1.006341
1991-09-09,856.25,1.0,-0.000933,-0.000933,1.034004,1.005401
1991-09-10,852.7,1.0,-0.004146,-0.004146,1.029717,1.001233
1991-09-11,852.3,1.0,-0.000469,-0.000469,1.029234,1.000763
1991-09-12,855.3,1.0,0.00352,0.00352,1.032857,1.004286
1991-09-13,851.05,1.0,-0.004969,-0.004969,1.027725,0.999295
1991-09-16,853.8,1.0,0.003231,0.003231,1.031046,1.002525
1991-09-17,853.1,1.0,-0.00082,-0.00082,1.0302,1.001703
1991-09-18,854.05,1.0,0.001114,0.001114,1.031348,1.002818
1991-09-19,854.8,1.0,0.000878,0.000878,1.032253,1.003699
1991-09-20,855.2,1.0,0.000468,0.000468,1.032736,1.004168
1991-09-23,854.1,1.0,-0.001286,-0.001286,1.031408,1.002877
1991-09-24,855.2,1.0,0.001288,0.001288,1.032736,1.004168
1991-09-25,854.15,1.0,-0.001228,-0.001228,1.031468,1.002935
1991-09-26,854.7,1.0,0.000644,0.000644,1.032133,1.003581
1991-09-27,853.65,1.0,-0.001229,-0.001229,1.030865,1.002348
1991-09-30,855.2,1.0,0.001816,0.001816,1.032736,1.004168
1991-10-01,856.55,1.0,0.001579,0.001579,1.034367,1.005754
1991-10-02,854.35,1.0,-0.002568,-0.002568,1.03171,1.00317
1991-10-03,850.6,1.0,-0.004389,-0.004389,1.027181,0.998767
1991-10-04,847.3,1.0,-0.00388,-0.00388,1.023196,0.994892
1991-10-07,846.9,1.0,-0.000472,-0.000472,1.022713,0.994423
1991-10-08,846.95,1.0,5.9e-05,5.9e-05,1.022774,0.994481
1991-10-09,843.2,1.0,-0.004428,-0.004428,1.018245,0.990078
1991-10-10,847.2,1.0,0.004744,0.004744,1.023076,0.994775
1991-10-11,847.7,1.0,0.00059,0.00059,1.023679,0.995362
1991-10-14,853.45,1.0,0.006783,0.006783,1.030623,1.002114
1991-10-15,857.1,1.0,0.004277,0.004277,1.035031,1.006399
1991-10-16,859.5,1.0,0.0028,0.0028,1.037929,1.009217
1991-10-17,858.65,1.0,-0.000989,-0.000989,1.036903,1.008219
1991-10-18,859.45,1.0,0.000932,0.000932,1.037869,1.009159
1991-10-21,857.2,1.0,-0.002618,-0.002618,1.035152,1.006517
1991-10-22,854.3,1.0,-0.003383,-0.003383,1.031649,1.003112
1991-10-23,854.75,1.0,0.000527,0.000527,1.032193,1.00364
1991-10-24,851.2,1.0,-0.004153,-0.004153,1.027906,0.999472
1991-10-25,850.2,1.0,-0.001175,-0.001175,1.026698,0.998297
1991-10-28,855.5,1.0,0.006234,0.006234,1.033099,1.004521
1991-10-29,857.8,1.0,0.002688,0.002688,1.035876,1.007221
1991-10-30,858.65,1.0,0.000991,0.000991,1.036903,1.008219
1991-10-31,858.2,1.0,-0.000524,-0.000524,1.036359,1.007691
1991-11-01,856.7,1.0,-0.001748,-0.001748,1.034548,1.00593
1991-11-04,856.75,1.0,5.8e-05,5.8e-05,1.034608,1.005988
1991-11-05,854.6,1.0,-0.002509,-0.002509,1.032012,1.003464
1991-11-06,855.95,1.0,0.00158,0.00158,1.033642,1.005049
1991-11-07,859.2,1.0,0.003797,0.003797,1.037567,1.008865
1991-11-08,858.35,1.0,-0.000989,-0.000989,1.03654,1.007867
1991-11-11,859.15,1.0,0.000932,0.000932,1.037506,1.008806
1991-11-12,862.2,1.0,0.00355,0.00355,1.041189,1.012388
1991-11-13,863.2,1.0,0.00116,0.00116,1.042397,1.013562
1991-11-14,862.85,1.0,-0.000405,-0.000405,1.041974,1.013151
1991-11-15,848.4,1.0,-0.016747,-0.016747,1.024525,0.996184
1991-11-18,850.95,1.0,0.003006,0.003006,1.027604,0.999178
1991-11-19,845.85,1.0,-0.005993,-0.005993,1.021445,0.99319
1991-11-20,843.3,1.0,-0.003015,-0.003015,1.018366,0.990196
1991-11-21,846.15,1.0,0.00338,0.00338,1.021808,0.993542
1991-11-22,840.4,1.0,-0.006795,-0.006795,1.014864,0.98679
1991-11-25,841.45,1.0,0.001249,0.001249,1.016132,0.988023
1991-11-26,844.4,1.0,0.003506,0.003506,1.019694,0.991487
1991-11-27,842.0,1.0,-0.002842,-0.002842,1.016796,0.988669
1991-11-29,840.6,1.0,-0.001663,-0.001663,1.015105,0.987025
1991-12-02,847.1,0.0,-0.001,0.007733,1.01409,0.994657
1991-12-03,845.45,0.0,0.0,-0.001948,1.01409,0.99272
1991-12-04,845.45,0.0,0.0,0.0,1.01409,0.99272
1991-12-05,843.05,0.0,0.0,-0.002839,1.01409,0.989902
1991-12-06,844.35,0.0,0.0,0.001542,1.01409,0.991428
1991-12-09,843.75,0.0,0.0,-0.000711,1.01409,0.990724
1991-12-10,843.5,0.0,0.0,-0.000296,1.01409,0.99043
1991-12-11,842.85,0.0,0.0,-0.000771,1.01409,0.989667
1991-12-12,846.6,0.0,0.0,0.004449,1.01409,0.99407
1991-12-13,849.85,0.0,0.0,0.003839,1.01409,0.997886
1991-12-16,850.1,0.0,0.0,0.000294,1.01409,0.99818
1991-12-17,848.1,0.0,0.0,-0.002353,1.01409,0.995832
1991-12-18,849.0,0.0,0.0,0.001061,1.01409,0.996888
1991-12-19,848.05,0.0,0.0,-0.001119,1.01409,0.995773
1991-12-20,851.8,0.0,0.0,0.004422,1.01409,1.000176
1991-12-23,862.5,0.0,0.0,0.012562,1.01409,1.01274
1991-12-24,864.35,0.0,0.0,0.002145,1.01409,1.014912
1991-12-26,869.45,0.0,0.0,0.0059,1.01409,1.020901
1991-12-27,871.35,0.0,0.0,0.002185,1.01409,1.023132
1991-12-30,879.85,0.0,0.0,0.009755,1.01409,1.033112
1991-12-31,881.65,0.0,0.0,0.002046,1.01409,1.035226
1992-01-02,883.8,1.0,0.001439,0.002439,1.015549,1.03775
1992-01-03,883.7,1.0,-0.000113,-0.000113,1.015434,1.037633
1992-01-06,883.25,1.0,-0.000509,-0.000509,1.014917,1.037104
1992-01-07,882.9,1.0,-0.000396,-0.000396,1.014515,1.036693
1992-01-08,882.65,1.0,-0.000283,-0.000283,1.014228,1.0364
1992-01-09,882.4,1.0,-0.000283,-0.000283,1.01394,1.036106
1992-01-10,879.7,1.0,-0.00306,-0.00306,1.010838,1.032936
1992-01-13,879.25,1.0,-0.000512,-0.000512,1.010321,1.032408
1992-01-14,885.1,1.0,0.006653,0.006653,1.017043,1.039277
1992-01-15,885.05,1.0,-5.6e-05,-5.6e-05,1.016986,1.039218
1992-01-16,883.0,1.0,-0.002316,-0.002316,1.01463,1.036811
1992-01-17,882.75,1.0,-0.000283,-0.000283,1.014343,1.036517
1992-01-20,880.85,1.0,-0.002152,-0.002152,1.012159,1.034286
1992-01-21,877.9,1.0,-0.003349,-0.003349,1.00877,1.030823
1992-01-22,882.7,1.0,0.005468,0.005468,1.014285,1.036459
1992-01-23,878.55,1.0,-0.004701,-0.004701,1.009517,1.031586
1992-01-24,879.2,1.0,0.00074,0.00074,1.010263,1.032349
1992-01-27,879.05,1.0,-0.000171,-0.000171,1.010091,1.032173
1992-01-28,878.9,1.0,-0.000171,-0.000171,1.009919,1.031997
1992-01-29,874.35,1.0,-0.005177,-0.005177,1.00469,1.026654
1992-01-30,875.5,1.0,0.001315,0.001315,1.006012,1.028004
1992-01-31,872.05,1.0,-0.003941,-0.003941,1.002048,1.023954
1992-02-03,873.05,1.0,0.001147,0.001147,1.003197,1.025128
1992-02-04,877.25,1.0,0.004811,0.004811,1.008023,1.030059
1992-02-05,877.1,1.0,-0.000171,-0.000171,1.00785,1.029883
1992-02-06,877.9,1.0,0.000912,0.000912,1.00877,1.030823
1992-02-07,875.6,1.0,-0.00262,-0.00262,1.006127,1.028122
1992-02-10,877.35,1.0,0.001999,0.001999,1.008138,1.030177
1992-02-11,878.0,1.0,0.000741,0.000741,1.008885,1.03094
1992-02-12,881.7,1.0,0.004214,0.004214,1.013136,1.035284
1992-02-13,877.75,1.0,-0.00448,-0.00448,1.008597,1.030646
1992-02-14,875.7,1.0,-0.002336,-0.002336,1.006242,1.028239
1992-02-18,871.75,1.0,-0.004511,-0.004511,1.001703,1.023601
1992-02-19,872.35,1.0,0.000688,0.000688,1.002392,1.024306
1992-02-20,877.3,1.0,0.005674,0.005674,1.00808,1.030118
1992-02-21,875.6,1.0,-0.001938,-0.001938,1.006127,1.028122
1992-02-24,874.85,1.0,-0.000857,-0.000857,1.005265,1.027241
1992-02-25,873.75,1.0,-0.001257,-0.001257,1.004001,1.02595
1992-02-26,878.75,1.0,0.005722,0.005722,1.009746,1.031821
1992-02-27,878.5,1.0,-0.000284,-0.000284,1.009459,1.031527
1992-02-28,875.8,1.0,-0.003073,-0.003073,1.006357,1.028357
1992-03-02,876.45,1.0,0.000742,0.000742,1.007104,1.02912
1992-03-03,875.85,1.0,-0.000685,-0.000685,1.006414,1.028415
1992-03-04,872.85,1.0,-0.003425,-0.003425,1.002967,1.024893
1992-03-05,870.85,1.0,-0.002291,-0.002291,1.000669,1.022544
1992-03-06,867.35,1.0,-0.004019,-0.004019,0.996647,1.018435
1992-03-09,868.9,1.0,0.001787,0.001787,0.998428,1.020255
1992-03-10,870.6,1.0,0.001956,0.001956,1.000381,1.022251
1992-03-11,868.1,1.0,-0.002872,-0.002872,0.997509,1.019315
1992-03-12,867.9,1.0,-0.00023,-0.00023,0.997279,1.019081
1992-03-13,869.25,1.0,0.001555,0.001555,0.99883,1.020666
1992-03-16,870.25,1.0,0.00115,0.00115,0.999979,1.02184
1992-03-17,872.95,1.0,0.003103,0.003103,1.003082,1.02501
1992-03-18,872.95,1.0,0.0,0.0,1.003082,1.02501
1992-03-19,873.2,1.0,0.000286,0.000286,1.003369,1.025304
1992-03-20,873.0,1.0,-0.000229,-0.000229,1.003139,1.025069
1992-03-23,873.3,1.0,0.000344,0.000344,1.003484,1.025421
1992-03-24,871.8,1.0,-0.001718,-0.001718,1.00176,1.02366
1992-03-25,871.5,1.0,-0.000344,-0.000344,1.001416,1.023308
1992-03-26,870.9,1.0,-0.000688,-0.000688,1.000726,1.022603
1992-03-27,866.15,1.0,-0.005454,-0.005454,0.995268,1.017026
1992-03-30,865.45,1.0,-0.000808,-0.000808,0.994464,1.016204
1992-03-31,866.3,1.0,0.000982,0.000982,0.99544,1.017202
1992-04-01,867.45,0.5,0.000164,0.001327,0.995603,1.018552
1992-04-02,861.7,0.5,-0.003314,-0.006629,0.992304,1.011801
1992-04-03,863.4,0.5,0.000986,0.001973,0.993283,1.013797
1992-04-06,867.9,0.5,0.002606,0.005212,0.995871,1.019081
1992-04-07,859.85,0.5,-0.004638,-0.009275,0.991253,1.009628
1992-04-08,857.35,0.5,-0.001454,-0.002907,0.989811,1.006693
1992-04-09,865.3,0.5,0.004636,0.009273,0.994401,1.016028
1992-04-10,867.6,0.5,0.001329,0.002658,0.995722,1.018728
1992-04-13,867.2,0.5,-0.000231,-0.000461,0.995493,1.018259
1992-04-14,875.75,0.5,0.00493,0.009859,1.0004,1.028298
1992-04-15,879.55,0.5,0.00217,0.004339,1.002571,1.03276
1992-04-16,877.8,0.5,-0.000995,-0.00199,1.001573,1.030705
1992-04-20,873.1,0.5,-0.002677,-0.005354,0.998892,1.025186
1992-04-21,872.3,0.5,-0.000458,-0.000916,0.998434,1.024247
1992-04-22,872.2,0.5,-5.7e-05,-0.000115,0.998377,1.02413
1992-04-23,873.05,0.5,0.000487,0.000975,0.998863,1.025128
1992-04-24,870.9,0.5,-0.001231,-0.002463,0.997634,1.022603
1992-04-27,871.45,0.5,0.000316,0.000632,0.997949,1.023249
1992-04-28,871.55,0.5,5.7e-05,0.000115,0.998006,1.023366
1992-04-29,874.75,0.5,0.001836,0.003672,0.999838,1.027124
1992-04-30,876.9,0.5,0.001229,0.002458,1.001067,1.029648
1992-05-01,874.7,1.0,-0.003009,-0.002509,0.998055,1.027065
1992-05-04,878.6,1.0,0.004459,0.004459,1.002505,1.031644
1992-05-05,878.85,1.0,0.000285,0.000285,1.00279,1.031938
1992-05-06,878.7,1.0,-0.000171,-0.000171,1.002619,1.031762
1992-05-07,878.05,1.0,-0.00074,-0.00074,1.001877,1.030999
1992-05-08,878.8,1.0,0.000854,0.000854,1.002733,1.031879
1992-05-11,880.4,1.0,0.001821,0.001821,1.004558,1.033758
1992-05-12,878.7,1.0,-0.001931,-0.001931,1.002619,1.031762
1992-05-13,878.25,1.0,-0.000512,-0.000512,1.002105,1.031233
1992-05-14,874.9,1.0,-0.003814,-0.003814,0.998283,1.0273
1992-05-15,873.3,1.0,-0.001829,-0.001829,0.996457,1.025421
1992-05-18,875.55,1.0,0.002576,0.002576,0.999024,1.028063
1992-05-19,879.45,1.0,0.004454,0.004454,1.003474,1.032643
1992-05-20,878.35,1.0,-0.001251,-0.001251,1.002219,1.031351
1992-05-21,874.8,1.0,-0.004042,-0.004042,0.998169,1.027183
1992-05-22,876.25,1.0,0.001658,0.001658,0.999823,1.028885
1992-05-26,873.95,1.0,-0.002625,-0.002625,0.997199,1.026184
1992-05-27,874.8,1.0,0.000973,0.000973,0.998169,1.027183
1992-05-28,879.0,1.0,0.004801,0.004801,1.002961,1.032114
1992-05-29,877.0,1.0,-0.002275,-0.002275,1.000679,1.029766
1992-06-01,878.9,1.0,0.002166,0.002166,1.002847,1.031997
1992-06-02,876.55,1.0,-0.002674,-0.002674,1.000166,1.029237
1992-06-03,876.3,1.0,-0.000285,-0.000285,0.99988,1.028944
1992-06-04,875.6,1.0,-0.000799,-0.000799,0.999082,1.028122
1992-06-05,876.4,1.0,0.000914,0.000914,0.999994,1.029061
1992-06-08,875.7,1.0,-0.000799,-0.000799,0.999196,1.028239
1992-06-09,871.7,1.0,-0.004568,-0.004568,0.994632,1.023543
1992-06-10,869.7,1.0,-0.002294,-0.002294,0.992349,1.021194
1992-06-11,871.5,1.0,0.00207,0.00207,0.994403,1.023308
1992-06-12,871.9,1.0,0.000459,0.000459,0.99486,1.023777
1992-06-15,872.9,1.0,0.001147,0.001147,0.996001,1.024952
1992-06-16,870.2,1.0,-0.003093,-0.003093,0.99292,1.021781
1992-06-17,863.3,1.0,-0.007929,-0.007929,0.985047,1.013679
1992-06-18,862.6,1.0,-0.000811,-0.000811,0.984248,1.012857
1992-06-19,865.45,1.0,0.003304,0.003304,0.9875,1.016204
1992-06-22,865.35,1.0,-0.000116,-0.000116,0.987386,1.016086
1992-06-23,865.9,1.0,0.000636,0.000636,0.988014,1.016732
1992-06-24,865.75,1.0,-0.000173,-0.000173,0.987842,1.016556
1992-06-25,864.4,1.0,-0.001559,-0.001559,0.986302,1.014971
1992-06-26,865.4,1.0,0.001157,0.001157,0.987443,1.016145
1992-06-29,870.85,1.0,0.006298,0.006298,0.993662,1.022544
1992-06-30,870.8,1.0,-5.7e-05,-5.7e-05,0.993605,1.022486
1992-07-01,874.3,0.5,0.00151,0.004019,0.995105,1.026595
1992-07-02,873.45,0.5,-0.000486,-0.000972,0.994621,1.025597
1992-07-06,875.5,0.5,0.001174,0.002347,0.995788,1.028004
1992-07-07,869.25,0.5,-0.003569,-0.007139,0.992234,1.020666
1992-07-08,871.85,0.5,0.001496,0.002991,0.993718,1.023719
1992-07-09,876.4,0.5,0.002609,0.005219,0.996311,1.029061
1992-07-10,876.4,0.5,0.0,0.0,0.996311,1.029061
1992-07-13,875.95,0.5,-0.000257,-0.000513,0.996055,1.028533
1992-07-14,879.0,0.5,0.001741,0.003482,0.997789,1.032114
1992-07-15,878.5,0.5,-0.000284,-0.000569,0.997505,1.031527
1992-07-16,879.0,0.5,0.000285,0.000569,0.997789,1.032114
1992-07-17,876.35,0.5,-0.001507,-0.003015,0.996285,1.029003
1992-07-20,875.25,0.5,-0.000628,-0.001255,0.99566,1.027711
1992-07-21,874.45,0.5,-0.000457,-0.000914,0.995205,1.026772
1992-07-22,871.65,0.5,-0.001601,-0.003202,0.993611,1.023484
1992-07-23,873.3,0.5,0.000946,0.001893,0.994552,1.025421
1992-07-24,872.55,0.5,-0.000429,-0.000859,0.994125,1.024541
1992-07-27,872.3,0.5,-0.000143,-0.000287,0.993982,1.024247
1992-07-28,878.7,0.5,0.003668,0.007337,0.997629,1.031762
1992-07-29,884.2,0.5,0.00313,0.006259,1.000751,1.03822
1992-07-30,884.9,0.5,0.000396,0.000792,1.001147,1.039042
1992-07-31,885.2,0.5,0.00017,0.000339,1.001317,1.039394
1992-08-03,886.1,1.0,0.000517,0.001017,1.001834,1.040451
1992-08-04,885.15,1.0,-0.001072,-0.001072,1.00076,1.039335
1992-08-05,883.65,1.0,-0.001695,-0.001695,0.999064,1.037574
1992-08-06,882.05,1.0,-0.001811,-0.001811,0.997255,1.035695
1992-08-07,879.05,1.0,-0.003401,-0.003401,0.993863,1.032173
1992-08-10,881.25,1.0,0.002503,0.002503,0.996351,1.034756
1992-08-11,880.1,1.0,-0.001305,-0.001305,0.99505,1.033406
1992-08-12,879.55,1.0,-0.000625,-0.000625,0.994429,1.03276
1992-08-13,878.25,1.0,-0.001478,-0.001478,0.992959,1.031233
1992-08-14,881.6,1.0,0.003814,0.003814,0.996746,1.035167
1992-08-17,882.2,1.0,0.000681,0.000681,0.997425,1.035872
1992-08-18,882.15,1.0,-5.7e-05,-5.7e-05,0.997368,1.035813
1992-08-19,879.65,1.0,-0.002834,-0.002834,0.994542,1.032877
1992-08-20,879.85,1.0,0.000227,0.000227,0.994768,1.033112
1992-08-21,875.9,1.0,-0.004489,-0.004489,0.990302,1.028474
1992-08-24,872.7,1.0,-0.003653,-0.003653,0.986684,1.024717
1992-08-25,872.5,1.0,-0.000229,-0.000229,0.986458,1.024482
1992-08-26,874.65,1.0,0.002464,0.002464,0.988889,1.027006
1992-08-27,875.35,1.0,0.0008,0.0008,0.98968,1.027828
1992-08-28,875.9,1.0,0.000628,0.000628,0.990302,1.028474
1992-08-31,875.45,1.0,-0.000514,-0.000514,0.989793,1.027946
1992-09-01,877.1,0.5,0.000442,0.001885,0.990231,1.029883
1992-09-02,879.4,0.5,0.001311,0.002622,0.991529,1.032584
1992-09-03,879.85,0.5,0.000256,0.000512,0.991783,1.033112
1992-09-04,877.95,0.5,-0.00108,-0.002159,0.990712,1.030881
1992-09-08,875.9,0.5,-0.001167,-0.002335,0.989555,1.028474
1992-09-09,877.95,0.5,0.00117,0.00234,0.990713,1.030881
1992-09-10,881.0,0.5,0.001737,0.003474,0.992434,1.034463
1992-09-11,880.65,0.5,-0.000199,-0.000397,0.992237,1.034052
1992-09-14,886.35,0.5,0.003236,0.006472,0.995448,1.040744
1992-09-15,881.1,0.5,-0.002962,-0.005923,0.9925,1.03458
1992-09-16,881.15,0.5,2.8e-05,5.7e-05,0.992528,1.034639
1992-09-17,881.45,0.5,0.00017,0.00034,0.992697,1.034991
1992-09-18,884.9,0.5,0.001957,0.003914,0.99464,1.039042
1992-09-21,883.75,0.5,-0.00065,-0.0013,0.993994,1.037692
1992-09-22,878.8,0.5,-0.002801,-0.005601,0.99121,1.031879
1992-09-23,878.85,0.5,2.8e-05,5.7e-05,0.991238,1.031938
1992-09-24,880.1,0.5,0.000711,0.001422,0.991943,1.033406
1992-09-25,875.65,0.5,-0.002528,-0.005056,0.989435,1.028181
1992-09-28,878.1,0.5,0.001399,0.002798,0.99082,1.031057
1992-09-29,878.75,0.5,0.00037,0.00074,0.991186,1.031821
1992-09-30,879.55,0.5,0.000455,0.00091,0.991637,1.03276
1992-10-01,876.85,1.0,-0.00357,-0.00307,0.988098,1.02959
1992-10-02,871.1,1.0,-0.006558,-0.006558,0.981618,1.022838
1992-10-05,869.35,1.0,-0.002009,-0.002009,0.979646,1.020783
1992-10-06,868.45,1.0,-0.001035,-0.001035,0.978632,1.019726
1992-10-07,864.95,1.0,-0.00403,-0.00403,0.974688,1.015617
1992-10-08,869.05,1.0,0.00474,0.00474,0.979308,1.020431
1992-10-09,864.3,1.0,-0.005466,-0.005466,0.973955,1.014854
1992-10-12,868.1,1.0,0.004397,0.004397,0.978237,1.019315
1992-10-13,870.5,1.0,0.002765,0.002765,0.980942,1.022134
1992-10-14,870.05,1.0,-0.000517,-0.000517,0.980435,1.021605
1992-10-15,871.05,1.0,0.001149,0.001149,0.981562,1.022779
1992-10-16,872.25,1.0,0.001378,0.001378,0.982914,1.024188
1992-10-19,876.95,1.0,0.005388,0.005388,0.98821,1.029707
1992-10-20,876.85,1.0,-0.000114,-0.000114,0.988098,1.02959
1992-10-21,876.7,1.0,-0.000171,-0.000171,0.987929,1.029413
1992-10-22,876.25,1.0,-0.000513,-0.000513,0.987421,1.028885
1992-10-23,875.05,1.0,-0.001369,-0.001369,0.986069,1.027476
1992-10-26,879.15,1.0,0.004685,0.004685,0.990689,1.03229
1992-10-27,879.2,1.0,5.7e-05,5.7e-05,0.990746,1.032349
1992-10-28,881.45,1.0,0.002559,0.002559,0.993281,1.034991
1992-10-29,881.45,1.0,0.0,0.0,0.993281,1.034991
1992-10-30,879.0,1.0,-0.00278,-0.00278,0.99052,1.032114
1992-11-02,883.25,1.0,0.004835,0.004835,0.99531,1.037104
1992-11-03,881.05,1.0,-0.002491,-0.002491,0.99283,1.034521
1992-11-04,877.4,1.0,-0.004143,-0.004143,0.988717,1.030235
1992-11-05,879.5,1.0,0.002393,0.002393,0.991084,1.032701
1992-11-06,878.3,1.0,-0.001364,-0.001364,0.989732,1.031292
1992-11-09,879.2,1.0,0.001025,0.001025,0.990746,1.032349
1992-11-10,879.6,1.0,0.000455,0.000455,0.991196,1.032819
1992-11-11,883.75,1.0,0.004718,0.004718,0.995873,1.037692
1992-11-12,884.05,1.0,0.000339,0.000339,0.996211,1.038044
1992-11-13,884.25,1.0,0.000226,0.000226,0.996436,1.038279
1992-11-16,881.95,1.0,-0.002601,-0.002601,0.993845,1.035578
1992-11-17,880.7,1.0,-0.001417,-0.001417,0.992436,1.03411
1992-11-18,884.25,1.0,0.004031,0.004031,0.996436,1.038279
1992-11-19,884.65,1.0,0.000452,0.000452,0.996887,1.038748
1992-11-20,887.8,1.0,0.003561,0.003561,1.000437,1.042447
1992-11-23,886.45,1.0,-0.001521,-0.001521,0.998916,1.040862
1992-11-24,889.3,1.0,0.003215,0.003215,1.002127,1.044208
1992-11-25,890.6,1.0,0.001462,0.001462,1.003592,1.045735
1992-11-27,891.6,1.0,0.001123,0.001123,1.004719,1.046909
1992-11-30,892.15,1.0,0.000617,0.000617,1.005339,1.047555
1992-12-01,892.3,1.0,0.000168,0.000168,1.005508,1.047731
1992-12-02,891.1,1.0,-0.001345,-0.001345,1.004156,1.046322
1992-12-03,891.45,1.0,0.000393,0.000393,1.00455,1.046733
1992-12-04,893.9,1.0,0.002748,0.002748,1.007311,1.04961
1992-12-07,896.5,1.0,0.002909,0.002909,1.010241,1.052662
1992-12-08,898.95,1.0,0.002733,0.002733,1.013001,1.055539
1992-12-09,896.95,1.0,-0.002225,-0.002225,1.010748,1.053191
1992-12-10,895.75,1.0,-0.001338,-0.001338,1.009395,1.051782
1992-12-11,895.05,1.0,-0.000781,-0.000781,1.008607,1.05096
1992-12-14,894.45,1.0,-0.00067,-0.00067,1.007931,1.050255
1992-12-15,894.65,1.0,0.000224,0.000224,1.008156,1.05049
1992-12-16,892.85,1.0,-0.002012,-0.002012,1.006128,1.048377
1992-12-17,897.2,1.0,0.004872,0.004872,1.011029,1.053484
1992-12-18,901.95,1.0,0.005294,0.005294,1.016382,1.059062
1992-12-21,902.15,1.0,0.000222,0.000222,1.016607,1.059297
1992-12-22,902.55,1.0,0.000443,0.000443,1.017058,1.059766
1992-12-23,901.55,1.0,-0.001108,-0.001108,1.015931,1.058592
1992-12-24,901.25,1.0,-0.000333,-0.000333,1.015593,1.05824
1992-12-28,899.8,1.0,-0.001609,-0.001609,1.013959,1.056537
1992-12-29,899.0,1.0,-0.000889,-0.000889,1.013058,1.055598
1992-12-30,900.0,1.0,0.001112,0.001112,1.014185,1.056772
1992-12-31,898.25,1.0,-0.001944,-0.001944,1.012213,1.054717
1993-01-04,896.1,1.0,-0.002394,-0.002394,1.00979,1.052193
1993-01-05,895.2,1.0,-0.001004,-0.001004,1.008776,1.051136
1993-01-06,895.85,1.0,0.000726,0.000726,1.009508,1.051899
1993-01-07,890.8,1.0,-0.005637,-0.005637,1.003817,1.04597
1993-01-08,890.3,1.0,-0.000561,-0.000561,1.003254,1.045382
1993-01-11,891.6,1.0,0.00146,0.00146,1.004719,1.046909
1993-01-12,892.05,1.0,0.000505,0.000505,1.005226,1.047437
1993-01-13,893.95,1.0,0.00213,0.00213,1.007367,1.049668
1993-01-14,896.9,1.0,0.0033,0.0033,1.010691,1.053132
1993-01-15,897.05,1.0,0.000167,0.000167,1.01086,1.053308
1993-01-18,897.9,1.0,0.000948,0.000948,1.011818,1.054306
1993-01-19,896.15,1.0,-0.001949,-0.001949,1.009846,1.052252
1993-01-20,893.75,1.0,-0.002678,-0.002678,1.007142,1.049433
1993-01-21,896.9,1.0,0.003524,0.003524,1.010691,1.053132
1993-01-22,897.25,1.0,0.00039,0.00039,1.011086,1.053543
1993-01-25,900.95,1.0,0.004124,0.004124,1.015255,1.057888
1993-01-26,900.4,1.0,-0.00061,-0.00061,1.014635,1.057242
1993-01-27,898.7,1.0,-0.001888,-0.001888,1.01272,1.055246
1993-01-28,899.4,1.0,0.000779,0.000779,1.013509,1.056068
1993-01-29,898.85,1.0,-0.000612,-0.000612,1.012889,1.055422
1993-02-01,903.1,1.0,0.004728,0.004728,1.017678,1.060412
1993-02-02,903.65,1.0,0.000609,0.000609,1.018298,1.061058
1993-02-03,908.5,1.0,0.005367,0.005367,1.023763,1.066753
1993-02-04,910.15,1.0,0.001816,0.001816,1.025622,1.06869
1993-02-05,909.95,1.0,-0.00022,-0.00022,1.025397,1.068455
1993-02-08,909.05,1.0,-0.000989,-0.000989,1.024383,1.067399
1993-02-09,906.7,1.0,-0.002585,-0.002585,1.021735,1.064639
1993-02-10,907.7,1.0,0.001103,0.001103,1.022862,1.065813
1993-02-11,908.65,1.0,0.001047,0.001047,1.023932,1.066929
1993-02-12,905.3,1.0,-0.003687,-0.003687,1.020157,1.062995
1993-02-16,894.4,1.0,-0.01204,-0.01204,1.007874,1.050197
1993-02-17,894.3,1.0,-0.000112,-0.000112,1.007761,1.050079
1993-02-18,892.95,1.0,-0.00151,-0.00151,1.00624,1.048494
1993-02-19,895.7,1.0,0.00308,0.00308,1.009339,1.051723
1993-02-22,897.1,1.0,0.001563,0.001563,1.010917,1.053367
1993-02-23,896.6,1.0,-0.000557,-0.000557,1.010353,1.05278
1993-02-24,902.4,1.0,0.006469,0.006469,1.016889,1.05959
1993-02-25,902.7,1.0,0.000332,0.000332,1.017227,1.059942
1993-02-26,904.3,1.0,0.001772,0.001772,1.01903,1.061821
1993-03-01,903.05,1.0,-0.001382,-0.001382,1.017622,1.060353
1993-03-02,908.9,1.0,0.006478,0.006478,1.024214,1.067222
1993-03-03,910.75,1.0,0.002035,0.002035,1.026299,1.069395
1993-03-04,907.85,1.0,-0.003184,-0.003184,1.023031,1.06599
1993-03-05,906.6,1.0,-0.001377,-0.001377,1.021622,1.064522
1993-03-08,916.6,1.0,0.01103,0.01103,1.032891,1.076264
1993-03-09,915.2,1.0,-0.001527,-0.001527,1.031313,1.07462
1993-03-10,917.0,1.0,0.001967,0.001967,1.033341,1.076733
1993-03-11,915.0,1.0,-0.002181,-0.002181,1.031088,1.074385
1993-03-12,909.85,1.0,-0.005628,-0.005628,1.025284,1.068338
1993-03-15,912.45,1.0,0.002858,0.002858,1.028214,1.071391
1993-03-16,911.35,1.0,-0.001206,-0.001206,1.026975,1.070099
1993-03-17,908.75,1.0,-0.002853,-0.002853,1.024045,1.067046
1993-03-18,912.4,1.0,0.004017,0.004017,1.028158,1.071332
1993-03-19,910.55,1.0,-0.002028,-0.002028,1.026073,1.06916
1993-03-22,907.05,1.0,-0.003844,-0.003844,1.022129,1.06505
1993-03-23,909.7,1.0,0.002922,0.002922,1.025115,1.068162
1993-03-24,909.25,1.0,-0.000495,-0.000495,1.024608,1.067633
1993-03-25,912.05,1.0,0.003079,0.003079,1.027763,1.070921
1993-03-26,908.95,1.0,-0.003399,-0.003399,1.02427,1.067281
1993-03-29,911.65,1.0,0.00297,0.00297,1.027313,1.070451
1993-03-30,912.9,1.0,0.001371,0.001371,1.028721,1.071919
1993-03-31,912.65,1.0,-0.000274,-0.000274,1.02844,1.071626
1993-04-01,909.4,1.0,-0.003561,-0.003561,1.024777,1.06781
1993-04-02,902.6,1.0,-0.007477,-0.007477,1.017115,1.059825
1993-04-05,902.95,1.0,0.000388,0.000388,1.017509,1.060236
1993-04-06,902.0,1.0,-0.001052,-0.001052,1.016438,1.059121
1993-04-07,902.8,1.0,0.000887,0.000887,1.01734,1.06006
1993-04-08,902.65,1.0,-0.000166,-0.000166,1.017171,1.059884
1993-04-12,908.4,1.0,0.00637,0.00637,1.02365,1.066635
1993-04-13,909.75,1.0,0.001486,0.001486,1.025172,1.068221
1993-04-14,909.15,1.0,-0.00066,-0.00066,1.024496,1.067516
1993-04-15,909.25,1.0,0.00011,0.00011,1.024608,1.067633
1993-04-16,909.6,1.0,0.000385,0.000385,1.025003,1.068044
1993-04-19,907.0,1.0,-0.002858,-0.002858,1.022073,1.064991
1993-04-20,905.85,1.0,-0.001268,-0.001268,1.020777,1.063641
1993-04-21,903.9,1.0,-0.002153,-0.002153,1.018579,1.061351
1993-04-22,898.6,1.0,-0.005863,-0.005863,1.012607,1.055128
1993-04-23,897.05,1.0,-0.001725,-0.001725,1.01086,1.053308
1993-04-26,892.95,1.0,-0.004571,-0.004571,1.00624,1.048494
1993-04-27,897.75,1.0,0.005375,0.005375,1.011649,1.05413
1993-04-28,897.0,1.0,-0.000835,-0.000835,1.010804,1.05325
1993-04-29,899.35,1.0,0.00262,0.00262,1.013452,1.056009
1993-04-30,898.7,1.0,-0.000723,-0.000723,1.01272,1.055246
1993-05-03,902.4,0.5,0.001559,0.004117,1.014298,1.05959
1993-05-04,903.95,0.5,0.000859,0.001718,1.015169,1.06141
1993-05-05,904.45,0.5,0.000277,0.000553,1.01545,1.061997
1993-05-06,903.9,0.5,-0.000304,-0.000608,1.015141,1.061351
1993-05-07,902.05,0.5,-0.001023,-0.002047,1.014102,1.059179
1993-05-10,903.3,0.5,0.000693,0.001386,1.014805,1.060647
1993-05-11,904.65,0.5,0.000747,0.001495,1.015563,1.062232
1993-05-12,904.05,0.5,-0.000332,-0.000663,1.015227,1.061528
1993-05-13,899.0,0.5,-0.002793,-0.005586,1.012391,1.055598
1993-05-14,899.55,0.5,0.000306,0.000612,1.012701,1.056244
1993-05-17,900.15,0.5,0.000334,0.000667,1.013038,1.056948
1993-05-18,900.1,0.5,-2.8e-05,-5.6e-05,1.01301,1.05689
1993-05-19,908.35,0.5,0.004583,0.009166,1.017653,1.066577
1993-05-20,910.85,0.5,0.001376,0.002752,1.019053,1.069512
1993-05-21,905.75,0.5,-0.0028,-0.005599,1.0162,1.063524
1993-05-24,908.15,0.5,0.001325,0.00265,1.017547,1.066342
1993-05-25,909.05,0.5,0.000496,0.000991,1.018051,1.067399
1993-05-26,914.0,0.5,0.002723,0.005445,1.020823,1.073211
1993-05-27,911.55,0.5,-0.00134,-0.002681,1.019454,1.070334
1993-05-28,910.15,0.5,-0.000768,-0.001536,1.018672,1.06869
1993-06-01,913.8,0.5,0.002005,0.00401,1.020714,1.072976
1993-06-02,913.45,0.5,-0.000192,-0.000383,1.020519,1.072565
1993-06-03,912.45,0.5,-0.000547,-0.001095,1.01996,1.071391
1993-06-04,910.65,0.5,-0.000986,-0.001973,1.018954,1.069277
1993-06-07,907.7,0.5,-0.00162,-0.003239,1.017304,1.065813
1993-06-08,905.75,0.5,-0.001074,-0.002148,1.016211,1.063524
1993-06-09,906.45,0.5,0.000386,0.000773,1.016604,1.064346
1993-06-10,906.5,0.5,2.8e-05,5.5e-05,1.016632,1.064404
1993-06-11,908.4,0.5,0.001048,0.002096,1.017697,1.066635
1993-06-14,907.85,0.5,-0.000303,-0.000605,1.017389,1.06599
1993-06-15,906.85,0.5,-0.000551,-0.001102,1.016829,1.064815
1993-06-16,908.25,0.5,0.000772,0.001544,1.017613,1.066459
1993-06-17,909.05,0.5,0.00044,0.000881,1.018062,1.067399
1993-06-18,905.5,0.5,-0.001953,-0.003905,1.016074,1.06323
1993-06-21,906.75,0.5,0.00069,0.00138,1.016775,1.064698
1993-06-22,906.3,0.5,-0.000248,-0.000496,1.016523,1.06417
1993-06-23,902.5,0.5,-0.002096,-0.004193,1.014392,1.059708
1993-06-24,907.65,0.5,0.002853,0.005706,1.017286,1.065755
1993-06-25,908.2,0.5,0.000303,0.000606,1.017594,1.066401
1993-06-28,912.0,0.5,0.002092,0.004184,1.019723,1.070862
1993-06-29,910.8,0.5,-0.000658,-0.001316,1.019052,1.069453
1993-06-30,910.35,0.5,-0.000247,-0.000494,1.0188,1.068925
1993-07-01,908.65,1.0,-0.002367,-0.001867,1.016389,1.066929
1993-07-02,905.6,1.0,-0.003357,-0.003357,1.012977,1.063348
1993-07-06,901.25,1.0,-0.004803,-0.004803,1.008111,1.05824
1993-07-07,902.8,1.0,0.00172,0.00172,1.009845,1.06006
1993-07-08,907.8,1.0,0.005538,0.005538,1.015438,1.065931
1993-07-09,908.55,1.0,0.000826,0.000826,1.016277,1.066811
1993-07-12,908.75,1.0,0.00022,0.00022,1.0165,1.067046
1993-07-13,908.2,1.0,-0.000605,-0.000605,1.015885,1.066401
1993-07-14,909.6,1.0,0.001542,0.001542,1.017451,1.068044
1993-07-15,909.1,1.0,-0.00055,-0.00055,1.016892,1.067457
1993-07-16,906.3,1.0,-0.00308,-0.00308,1.01376,1.06417
1993-07-19,906.1,1.0,-0.000221,-0.000221,1.013536,1.063935
1993-07-20,907.35,1.0,0.00138,0.00138,1.014934,1.065402
1993-07-21,906.95,1.0,-0.000441,-0.000441,1.014487,1.064933
1993-07-22,905.1,1.0,-0.00204,-0.00204,1.012418,1.062761
1993-07-23,906.8,1.0,0.001878,0.001878,1.014319,1.064757
1993-07-26,908.4,1.0,0.001764,0.001764,1.016109,1.066635
1993-07-27,907.05,1.0,-0.001486,-0.001486,1.014599,1.06505
1993-07-28,907.35,1.0,0.000331,0.000331,1.014934,1.065402
1993-07-29,909.7,1.0,0.00259,0.00259,1.017563,1.068162
1993-07-30,907.35,1.0,-0.002583,-0.002583,1.014934,1.065402
1993-08-02,908.95,0.5,0.000382,0.001763,1.015322,1.067281
1993-08-03,908.3,0.5,-0.000358,-0.000715,1.014959,1.066518
1993-08-04,908.55,0.5,0.000138,0.000275,1.015098,1.066811
1993-08-05,908.0,0.5,-0.000303,-0.000605,1.014791,1.066166
1993-08-06,908.1,0.5,5.5e-05,0.00011,1.014847,1.066283
1993-08-09,909.95,0.5,0.001019,0.002037,1.015881,1.068455
1993-08-10,910.15,0.5,0.00011,0.00022,1.015992,1.06869
1993-08-11,909.95,0.5,-0.00011,-0.00022,1.015881,1.068455
1993-08-12,909.0,0.5,-0.000522,-0.001044,1.01535,1.06734
1993-08-13,909.45,0.5,0.000248,0.000495,1.015602,1.067868
1993-08-16,911.7,0.5,0.001237,0.002474,1.016858,1.07051
1993-08-17,913.45,0.5,0.00096,0.001919,1.017834,1.072565
1993-08-18,915.65,0.5,0.001204,0.002408,1.01906,1.075148
1993-08-19,915.95,0.5,0.000164,0.000328,1.019227,1.0755
1993-08-20,915.7,0.5,-0.000136,-0.000273,1.019088,1.075207
1993-08-23,914.8,0.5,-0.000491,-0.000983,1.018587,1.07415
1993-08-24,919.65,0.5,0.002651,0.005302,1.021287,1.079845
1993-08-25,920.45,0.5,0.000435,0.00087,1.021731,1.080784
1993-08-26,920.55,0.5,5.4e-05,0.000109,1.021787,1.080902
1993-08-27,920.25,0.5,-0.000163,-0.000326,1.02162,1.08055
1993-08-30,921.35,0.5,0.000598,0.001195,1.022231,1.081841
1993-08-31,922.6,0.5,0.000678,0.001357,1.022924,1.083309
1993-09-01,922.15,1.0,-0.000988,-0.000488,1.021914,1.08278
1993-09-02,920.5,1.0,-0.001789,-0.001789,1.020085,1.080843
1993-09-03,920.95,1.0,0.000489,0.000489,1.020584,1.081371
1993-09-07,918.0,1.0,-0.003203,-0.003203,1.017315,1.077908
1993-09-08,916.0,1.0,-0.002179,-0.002179,1.015098,1.075559
1993-09-09,917.1,1.0,0.001201,0.001201,1.016317,1.076851
1993-09-10,921.35,1.0,0.004634,0.004634,1.021027,1.081841
1993-09-13,921.35,1.0,0.0,0.0,1.021027,1.081841
1993-09-14,919.45,1.0,-0.002062,-0.002062,1.018922,1.07961
1993-09-15,920.8,1.0,0.001468,0.001468,1.020418,1.081195
1993-09-16,919.1,1.0,-0.001846,-0.001846,1.018534,1.079199
1993-09-17,917.65,1.0,-0.001578,-0.001578,1.016927,1.077497
1993-09-20,914.15,1.0,-0.003814,-0.003814,1.013048,1.073387
1993-09-21,911.9,1.0,-0.002461,-0.002461,1.010555,1.070745
1993-09-22,916.15,1.0,0.004661,0.004661,1.015265,1.075735
1993-09-23,917.5,1.0,0.001474,0.001474,1.016761,1.07732
1993-09-24,917.85,1.0,0.000381,0.000381,1.017149,1.077731
1993-09-27,921.4,1.0,0.003868,0.003868,1.021083,1.0819
1993-09-28,920.9,1.0,-0.000543,-0.000543,1.020529,1.081313
1993-09-29,919.4,1.0,-0.001629,-0.001629,1.018866,1.079551
1993-09-30,917.85,1.0,-0.001686,-0.001686,1.017149,1.077731
1993-10-01,920.9,1.0,0.003323,0.003323,1.020529,1.081313
1993-10-04,920.95,1.0,5.4e-05,5.4e-05,1.020584,1.081371
1993-10-05,920.15,1.0,-0.000869,-0.000869,1.019697,1.080432
1993-10-06,920.45,1.0,0.000326,0.000326,1.02003,1.080784
1993-10-07,918.3,1.0,-0.002336,-0.002336,1.017647,1.07826
1993-10-08,919.85,1.0,0.001688,0.001688,1.019365,1.08008
1993-10-11,920.25,1.0,0.000435,0.000435,1.019808,1.08055
1993-10-12,920.45,1.0,0.000217,0.000217,1.02003,1.080784
1993-10-13,920.75,1.0,0.000326,0.000326,1.020362,1.081137
1993-10-14,926.45,1.0,0.006191,0.006191,1.026679,1.08783
1993-10-15,928.85,1.0,0.002591,0.002591,1.029339,1.090648
1993-10-18,928.0,1.0,-0.000915,-0.000915,1.028397,1.08965
1993-10-19,924.85,1.0,-0.003394,-0.003394,1.024906,1.085951
1993-10-20,925.6,1.0,0.000811,0.000811,1.025737,1.086831
1993-10-21,924.5,1.0,-0.001188,-0.001188,1.024518,1.08554
1993-10-22,921.95,1.0,-0.002758,-0.002758,1.021692,1.082546
1993-10-25,923.05,1.0,0.001193,0.001193,1.022911,1.083837
1993-10-26,923.05,1.0,0.0,0.0,1.022911,1.083837
1993-10-27,924.2,1.0,0.001246,0.001246,1.024186,1.085188
1993-10-28,926.55,1.0,0.002543,0.002543,1.02679,1.087947
1993-10-29,926.55,1.0,0.0,0.0,1.02679,1.087947
1993-11-01,927.95,1.0,0.001511,0.001511,1.028341,1.089591
1993-11-02,927.0,1.0,-0.001024,-0.001024,1.027288,1.088475
1993-11-03,920.5,1.0,-0.007012,-0.007012,1.020085,1.080843
1993-11-04,916.9,1.0,-0.003911,-0.003911,1.016096,1.076616
1993-11-05,918.1,1.0,0.001309,0.001309,1.017426,1.078025
1993-11-08,918.9,1.0,0.000871,0.000871,1.018312,1.078964
1993-11-09,919.3,1.0,0.000435,0.000435,1.018755,1.079434
1993-11-10,923.0,1.0,0.004025,0.004025,1.022856,1.083779
1993-11-11,921.4,1.0,-0.001733,-0.001733,1.021083,1.0819
1993-11-12,924.8,1.0,0.00369,0.00369,1.02485,1.085892
1993-11-15,922.8,1.0,-0.002163,-0.002163,1.022634,1.083544
1993-11-16,925.6,1.0,0.003034,0.003034,1.025737,1.086831
1993-11-17,922.9,1.0,-0.002917,-0.002917,1.022745,1.083661
1993-11-18,921.9,1.0,-0.001084,-0.001084,1.021637,1.082487
1993-11-19,920.05,1.0,-0.002007,-0.002007,1.019587,1.080315
1993-11-22,918.0,1.0,-0.002228,-0.002228,1.017315,1.077908
1993-11-23,920.25,1.0,0.002451,0.002451,1.019808,1.08055
1993-11-24,921.4,1.0,0.00125,0.00125,1.021083,1.0819
1993-11-26,921.65,1.0,0.000271,0.000271,1.02136,1.082193
1993-11-29,919.9,1.0,-0.001899,-0.001899,1.01942,1.080139
1993-11-30,920.35,1.0,0.000489,0.000489,1.019919,1.080667
1993-12-01,921.4,0.5,7e-05,0.001141,1.019991,1.0819
1993-12-02,922.0,0.5,0.000326,0.000651,1.020323,1.082604
1993-12-03,923.85,0.5,0.001003,0.002007,1.021347,1.084777
1993-12-06,925.65,0.5,0.000974,0.001948,1.022342,1.08689
1993-12-07,925.15,0.5,-0.00027,-0.00054,1.022065,1.086303
1993-12-08,924.4,0.5,-0.000405,-0.000811,1.021651,1.085422
1993-12-09,922.9,0.5,-0.000811,-0.001623,1.020822,1.083661
1993-12-10,922.4,0.5,-0.000271,-0.000542,1.020546,1.083074
1993-12-13,925.0,0.5,0.001409,0.002819,1.021984,1.086127
1993-12-14,921.15,0.5,-0.002081,-0.004162,1.019857,1.081606
1993-12-15,921.5,0.5,0.00019,0.00038,1.020051,1.082017
1993-12-16,922.25,0.5,0.000407,0.000814,1.020466,1.082898
1993-12-17,924.45,0.5,0.001193,0.002385,1.021683,1.085481
1993-12-20,924.9,0.5,0.000243,0.000487,1.021932,1.08601
1993-12-21,924.3,0.5,-0.000324,-0.000649,1.0216,1.085305
1993-12-22,926.2,0.5,0.001028,0.002056,1.02265,1.087536
1993-12-23,926.05,0.5,-8.1e-05,-0.000162,1.022568,1.08736
1993-12-27,929.15,0.5,0.001674,0.003348,1.024279,1.091
1993-12-28,929.4,0.5,0.000135,0.000269,1.024417,1.091293
1993-12-29,929.15,0.5,-0.000134,-0.000269,1.024279,1.091
1993-12-30,927.25,0.5,-0.001022,-0.002045,1.023232,1.088769
1993-12-31,924.45,0.5,-0.00151,-0.00302,1.021687,1.085481
1994-01-03,923.45,0.5,-0.000541,-0.001082,1.021134,1.084307
1994-01-04,925.0,0.5,0.000839,0.001678,1.021991,1.086127
1994-01-05,925.55,0.5,0.000297,0.000595,1.022295,1.086773
1994-01-06,925.35,0.5,-0.000108,-0.000216,1.022185,1.086538
1994-01-07,928.75,0.5,0.001837,0.003674,1.024063,1.09053
1994-01-10,933.5,0.5,0.002557,0.005114,1.026681,1.096108
1994-01-11,932.85,0.5,-0.000348,-0.000696,1.026324,1.095344
1994-01-12,931.7,0.5,-0.000616,-0.001233,1.025691,1.093994
1994-01-13,931.1,0.5,-0.000322,-0.000644,1.025361,1.093289
1994-01-14,932.15,0.5,0.000564,0.001128,1.025939,1.094522
1994-01-17,931.05,0.5,-0.00059,-0.00118,1.025334,1.093231
1994-01-18,931.9,0.5,0.000456,0.000913,1.025802,1.094229
1994-01-19,931.65,0.5,-0.000134,-0.000268,1.025664,1.093935
1994-01-20,932.8,0.5,0.000617,0.001234,1.026297,1.095286
1994-01-21,931.1,0.5,-0.000911,-0.001822,1.025362,1.093289
1994-01-24,930.15,0.5,-0.00051,-0.00102,1.024839,1.092174
1994-01-25,929.1,0.5,-0.000564,-0.001129,1.024261,1.090941
1994-01-26,931.4,0.5,0.001238,0.002476,1.025528,1.093642
1994-01-27,935.05,0.5,0.001959,0.003919,1.027538,1.097928
1994-01-28,936.2,0.5,0.000615,0.00123,1.02817,1.099278
1994-01-31,939.2,0.5,0.001602,0.003204,1.029817,1.1028
1994-02-01,937.4,1.0,-0.002417,-0.001917,1.027329,1.100687
1994-02-02,939.8,1.0,0.00256,0.00256,1.029959,1.103505
1994-02-03,937.7,1.0,-0.002235,-0.002235,1.027657,1.101039
1994-02-04,926.45,1.0,-0.011997,-0.011997,1.015328,1.08783
1994-02-07,929.55,1.0,0.003346,0.003346,1.018725,1.09147
1994-02-08,929.4,1.0,-0.000161,-0.000161,1.018561,1.091293
1994-02-09,930.8,1.0,0.001506,0.001506,1.020095,1.092937
1994-02-10,926.95,1.0,-0.004136,-0.004136,1.015876,1.088417
1994-02-11,927.5,1.0,0.000593,0.000593,1.016479,1.089062
1994-02-14,928.8,1.0,0.001402,0.001402,1.017903,1.090589
1994-02-15,931.1,1.0,0.002476,0.002476,1.020424,1.093289
1994-02-16,930.65,1.0,-0.000483,-0.000483,1.019931,1.092761
1994-02-17,927.9,1.0,-0.002955,-0.002955,1.016917,1.089532
1994-02-18,925.65,1.0,-0.002425,-0.002425,1.014451,1.08689
1994-02-22,929.75,1.0,0.004429,0.004429,1.018945,1.091704
1994-02-23,928.55,1.0,-0.001291,-0.001291,1.017629,1.090295
1994-02-24,921.0,1.0,-0.008131,-0.008131,1.009355,1.08143
1994-02-25,923.75,1.0,0.002986,0.002986,1.012369,1.084659
1994-02-28,923.65,1.0,-0.000108,-0.000108,1.012259,1.084542
1994-03-01,921.4,0.0,-0.001,-0.002436,1.011247,1.0819
1994-03-02,922.1,0.0,0.0,0.00076,1.011247,1.082722
1994-03-03,920.3,0.0,0.0,-0.001952,1.011247,1.080608
1994-03-04,922.0,0.0,0.0,0.001847,1.011247,1.082604
1994-03-07,924.6,0.0,0.0,0.00282,1.011247,1.085657
1994-03-08,922.85,0.0,0.0,-0.001893,1.011247,1.083602
1994-03-09,924.7,0.0,0.0,0.002005,1.011247,1.085775
1994-03-10,921.4,0.0,0.0,-0.003569,1.011247,1.0819
1994-03-11,923.65,0.0,0.0,0.002442,1.011247,1.084542
1994-03-14,924.35,0.0,0.0,0.000758,1.011247,1.085364
1994-03-15,923.9,0.0,0.0,-0.000487,1.011247,1.084835
1994-03-16,926.9,0.0,0.0,0.003247,1.011247,1.088358
1994-03-17,927.8,0.0,0.0,0.000971,1.011247,1.089415
1994-03-18,926.45,0.0,0.0,-0.001455,1.011247,1.08783
1994-03-21,925.65,0.0,0.0,-0.000864,1.011247,1.08689
1994-03-22,926.75,0.0,0.0,0.001188,1.011247,1.088182
1994-03-23,926.95,0.0,0.0,0.000216,1.011247,1.088417
1994-03-24,921.35,0.0,0.0,-0.006041,1.011247,1.081841
1994-03-25,916.2,0.0,0.0,-0.00559,1.011247,1.075794
1994-03-28,917.6,0.0,0.0,0.001528,1.011247,1.077438
1994-03-29,907.9,0.0,0.0,-0.010571,1.011247,1.066048
1994-03-30,902.4,0.0,0.0,-0.006058,1.011247,1.05959
1994-03-31,903.0,0.0,0.0,0.000665,1.011247,1.060295
1994-04-04,895.5,0.0,0.0,-0.008306,1.011247,1.051488
1994-04-05,904.9,0.0,0.0,0.010497,1.011247,1.062526
1994-04-06,903.5,0.0,0.0,-0.001547,1.011247,1.060882
1994-04-07,906.75,0.0,0.0,0.003597,1.011247,1.064698
1994-04-08,903.5,0.0,0.0,-0.003584,1.011247,1.060882
1994-04-11,906.7,0.0,0.0,0.003542,1.011247,1.064639
1994-04-12,904.25,0.0,0.0,-0.002702,1.011247,1.061762
1994-04-13,902.35,0.0,0.0,-0.002101,1.011247,1.059531
1994-04-14,902.2,0.0,0.0,-0.000166,1.011247,1.059355
1994-04-15,902.0,0.0,0.0,-0.000222,1.011247,1.059121
1994-04-18,898.65,0.0,0.0,-0.003714,1.011247,1.055187
1994-04-19,899.35,0.0,0.0,0.000779,1.011247,1.056009
1994-04-20,898.95,0.0,0.0,-0.000445,1.011247,1.055539
1994-04-21,905.6,0.0,0.0,0.007398,1.011247,1.063348
1994-04-22,904.25,0.0,0.0,-0.001491,1.011247,1.061762
1994-04-25,908.4,0.0,0.0,0.004589,1.011247,1.066635
1994-04-26,908.0,0.0,0.0,-0.00044,1.011247,1.066166
1994-04-28,905.3,0.0,0.0,-0.002974,1.011247,1.062995
1994-04-29,906.6,0.0,0.0,0.001436,1.011247,1.064522
1994-05-02,909.1,0.5,0.000879,0.002758,1.012136,1.067457
1994-05-03,908.2,0.5,-0.000495,-0.00099,1.011635,1.066401
1994-05-04,907.3,0.5,-0.000495,-0.000991,1.011134,1.065344
1994-05-05,906.8,0.5,-0.000276,-0.000551,1.010855,1.064757
1994-05-06,902.85,0.5,-0.002178,-0.004356,1.008653,1.060119
1994-05-09,898.25,0.5,-0.002547,-0.005095,1.006084,1.054717
1994-05-10,902.0,0.5,0.002087,0.004175,1.008184,1.059121
1994-05-11,897.4,0.5,-0.00255,-0.0051,1.005613,1.053719
1994-05-12,899.35,0.5,0.001086,0.002173,1.006706,1.056009
1994-05-13,900.4,0.5,0.000584,0.001168,1.007293,1.057242
1994-05-16,900.5,0.5,5.6e-05,0.000111,1.007349,1.057359
1994-05-17,906.9,0.5,0.003554,0.007107,1.010929,1.064874
1994-05-18,910.35,0.5,0.001902,0.003804,1.012852,1.068925
1994-05-19,912.6,0.5,0.001236,0.002472,1.014104,1.071567
1994-05-20,911.05,0.5,-0.000849,-0.001698,1.013242,1.069747
1994-05-23,910.15,0.5,-0.000494,-0.000988,1.012742,1.06869
1994-05-24,911.6,0.5,0.000797,0.001593,1.013549,1.070393
1994-05-25,912.4,0.5,0.000439,0.000878,1.013993,1.071332
1994-05-26,913.55,0.5,0.00063,0.00126,1.014632,1.072682
1994-05-27,912.75,0.5,-0.000438,-0.000876,1.014188,1.071743
1994-05-31,912.45,0.5,-0.000164,-0.000329,1.014021,1.071391
1994-06-01,913.95,0.5,0.000822,0.001644,1.014855,1.073152
1994-06-02,913.85,0.5,-5.5e-05,-0.000109,1.014799,1.073035
1994-06-03,916.4,0.5,0.001395,0.00279,1.016215,1.076029
1994-06-06,915.6,0.5,-0.000436,-0.000873,1.015772,1.07509
1994-06-07,914.3,0.5,-0.00071,-0.00142,1.015051,1.073563
1994-06-08,913.5,0.5,-0.000437,-0.000875,1.014606,1.072624
1994-06-09,914.35,0.5,0.000465,0.00093,1.015079,1.073622
1994-06-10,915.1,0.5,0.00041,0.00082,1.015495,1.074502
1994-06-13,915.8,0.5,0.000382,0.000765,1.015883,1.075324
1994-06-14,918.7,0.5,0.001583,0.003167,1.017492,1.07873
1994-06-15,916.5,0.5,-0.001197,-0.002395,1.016273,1.076146
1994-06-16,917.7,0.5,0.000655,0.001309,1.016939,1.077555
1994-06-17,914.35,0.5,-0.001825,-0.00365,1.015083,1.073622
1994-06-20,911.3,0.5,-0.001668,-0.003336,1.01339,1.070041
1994-06-21,907.05,0.5,-0.002332,-0.004664,1.011027,1.06505
1994-06-22,908.95,0.5,0.001047,0.002095,1.012085,1.067281
1994-06-23,905.2,0.5,-0.002063,-0.004126,1.009998,1.062878
1994-06-24,896.65,0.5,-0.004723,-0.009445,1.005228,1.052839
1994-06-27,903.8,0.5,0.003987,0.007974,1.009236,1.061234
1994-06-28,901.6,0.5,-0.001217,-0.002434,1.008007,1.058651
1994-06-29,903.35,0.5,0.00097,0.001941,1.008986,1.060706
1994-06-30,899.6,0.5,-0.002076,-0.004151,1.006891,1.056302
1994-07-01,901.05,0.0,-0.0005,0.001612,1.006388,1.058005
1994-07-05,901.6,0.0,0.0,0.00061,1.006388,1.058651
1994-07-06,901.35,0.0,0.0,-0.000277,1.006388,1.058357
1994-07-07,903.95,0.0,0.0,0.002885,1.006388,1.06141
1994-07-08,904.45,0.0,0.0,0.000553,1.006388,1.061997
1994-07-11,901.75,0.0,0.0,-0.002985,1.006388,1.058827
1994-07-12,903.3,0.0,0.0,0.001719,1.006388,1.060647
1994-07-13,904.1,0.0,0.0,0.000886,1.006388,1.061586
1994-07-14,908.45,0.0,0.0,0.004811,1.006388,1.066694
1994-07-15,909.35,0.0,0.0,0.000991,1.006388,1.067751
1994-07-18,910.05,0.0,0.0,0.00077,1.006388,1.068573
1994-07-19,909.4,0.0,0.0,-0.000714,1.006388,1.06781
1994-07-20,906.45,0.0,0.0,-0.003244,1.006388,1.064346
1994-07-21,907.85,0.0,0.0,0.001544,1.006388,1.06599
1994-07-22,908.05,0.0,0.0,0.00022,1.006388,1.066224
1994-07-25,908.85,0.0,0.0,0.000881,1.006388,1.067164
1994-07-26,908.5,0.0,0.0,-0.000385,1.006388,1.066753
1994-07-27,907.7,0.0,0.0,-0.000881,1.006388,1.065813
1994-07-28,909.65,0.0,0.0,0.002148,1.006388,1.068103
1994-07-29,913.45,0.0,0.0,0.004177,1.006388,1.072565
1994-08-01,915.65,1.0,0.001408,0.002408,1.007805,1.075148
1994-08-02,915.5,1.0,-0.000164,-0.000164,1.00764,1.074972
1994-08-03,916.0,1.0,0.000546,0.000546,1.008191,1.075559
1994-08-04,912.9,1.0,-0.003384,-0.003384,1.004779,1.071919
1994-08-05,911.95,1.0,-0.001041,-0.001041,1.003733,1.070804
1994-08-08,912.5,1.0,0.000603,0.000603,1.004338,1.07145
1994-08-09,913.05,1.0,0.000603,0.000603,1.004944,1.072095
1994-08-10,915.65,1.0,0.002848,0.002848,1.007805,1.075148
1994-08-11,912.95,1.0,-0.002949,-0.002949,1.004834,1.071978
1994-08-12,917.2,1.0,0.004655,0.004655,1.009511,1.076968
1994-08-15,916.6,1.0,-0.000654,-0.000654,1.008851,1.076264
1994-08-16,919.9,1.0,0.0036,0.0036,1.012483,1.080139
1994-08-17,919.4,1.0,-0.000544,-0.000544,1.011933,1.079551
1994-08-18,917.75,1.0,-0.001795,-0.001795,1.010117,1.077614
1994-08-19,918.2,1.0,0.00049,0.00049,1.010612,1.078142
1994-08-22,917.35,1.0,-0.000926,-0.000926,1.009676,1.077144
1994-08-23,919.75,1.0,0.002616,0.002616,1.012318,1.079962
1994-08-24,924.3,1.0,0.004947,0.004947,1.017326,1.085305
1994-08-25,922.95,1.0,-0.001461,-0.001461,1.01584,1.08372
1994-08-26,929.85,1.0,0.007476,0.007476,1.023434,1.091822
1994-08-29,929.55,1.0,-0.000323,-0.000323,1.023104,1.09147
1994-08-30,930.7,1.0,0.001237,0.001237,1.02437,1.09282
1994-08-31,928.65,1.0,-0.002203,-0.002203,1.022114,1.090413
1994-09-01,928.35,1.0,-0.000323,-0.000323,1.021784,1.09006
1994-09-02,926.1,1.0,-0.002424,-0.002424,1.019307,1.087419
1994-09-06,925.95,1.0,-0.000162,-0.000162,1.019142,1.087242
1994-09-07,925.2,1.0,-0.00081,-0.00081,1.018316,1.086362
1994-09-08,927.45,1.0,0.002432,0.002432,1.020793,1.089004
1994-09-09,922.5,1.0,-0.005337,-0.005337,1.015345,1.083191
1994-09-12,920.1,1.0,-0.002602,-0.002602,1.012703,1.080373
1994-09-13,921.7,1.0,0.001739,0.001739,1.014464,1.082252
1994-09-14,923.25,1.0,0.001682,0.001682,1.01617,1.084072
1994-09-15,928.1,1.0,0.005253,0.005253,1.021508,1.089767
1994-09-16,925.0,1.0,-0.00334,-0.00334,1.018096,1.086127
1994-09-19,925.0,1.0,0.0,0.0,1.018096,1.086127
1994-09-20,916.4,1.0,-0.009297,-0.009297,1.008631,1.076029
1994-09-21,916.1,1.0,-0.000327,-0.000327,1.008301,1.075677
1994-09-22,915.2,1.0,-0.000982,-0.000982,1.00731,1.07462
1994-09-23,914.4,1.0,-0.000874,-0.000874,1.00643,1.073681
1994-09-26,915.6,1.0,0.001312,0.001312,1.00775,1.07509
1994-09-27,916.4,1.0,0.000874,0.000874,1.008631,1.076029
1994-09-28,918.9,1.0,0.002728,0.002728,1.011382,1.078964
1994-09-29,916.45,1.0,-0.002666,-0.002666,1.008686,1.076088
1994-09-30,915.7,1.0,-0.000818,-0.000818,1.00786,1.075207
1994-10-03,915.7,0.5,-0.0005,0.0,1.007356,1.075207
1994-10-04,907.5,0.5,-0.004477,-0.008955,1.002846,1.065579
1994-10-05,906.7,0.5,-0.000441,-0.000882,1.002404,1.064639
1994-10-06,906.35,0.5,-0.000193,-0.000386,1.002211,1.064228
1994-10-07,909.1,0.5,0.001517,0.003034,1.003731,1.067457
1994-10-10,913.1,0.5,0.0022,0.0044,1.005939,1.072154
1994-10-11,919.85,0.5,0.003696,0.007392,1.009657,1.08008
1994-10-12,920.1,0.5,0.000136,0.000272,1.009795,1.080373
1994-10-13,921.6,0.5,0.000815,0.00163,1.010618,1.082135
1994-10-14,923.7,0.5,0.001139,0.002279,1.011769,1.0846
1994-10-17,922.5,0.5,-0.00065,-0.001299,1.011112,1.083191
1994-10-18,920.95,0.5,-0.00084,-0.00168,1.010262,1.081371
1994-10-19,923.35,0.5,0.001303,0.002606,1.011579,1.08419
1994-10-20,919.85,0.5,-0.001895,-0.003791,1.009662,1.08008
1994-10-21,918.2,0.5,-0.000897,-0.001794,1.008756,1.078142
1994-10-24,914.6,0.5,-0.00196,-0.003921,1.006778,1.073915
1994-10-25,914.85,0.5,0.000137,0.000273,1.006916,1.074209
1994-10-26,915.8,0.5,0.000519,0.001038,1.007439,1.075324
1994-10-27,919.65,0.5,0.002102,0.004204,1.009557,1.079845
1994-10-28,928.65,0.5,0.004893,0.009786,1.014496,1.090413
1994-10-31,924.9,0.5,-0.002019,-0.004038,1.012448,1.08601
1994-11-01,921.6,1.0,-0.004068,-0.003568,1.00833,1.082135
1994-11-02,919.3,1.0,-0.002496,-0.002496,1.005813,1.079434
1994-11-03,921.25,1.0,0.002121,0.002121,1.007947,1.081724
1994-11-04,914.85,1.0,-0.006947,-0.006947,1.000944,1.074209
1994-11-07,916.95,1.0,0.002295,0.002295,1.003242,1.076675
1994-11-08,919.4,1.0,0.002672,0.002672,1.005922,1.079551
1994-11-09,918.25,1.0,-0.001251,-0.001251,1.004664,1.078201
1994-11-10,917.65,1.0,-0.000653,-0.000653,1.004008,1.077497
1994-11-11,915.25,1.0,-0.002615,-0.002615,1.001382,1.074679
1994-11-14,919.55,1.0,0.004698,0.004698,1.006087,1.079728
1994-11-15,918.1,1.0,-0.001577,-0.001577,1.0045,1.078025
1994-11-16,919.3,1.0,0.001307,0.001307,1.005813,1.079434
1994-11-17,916.8,1.0,-0.002719,-0.002719,1.003078,1.076499
1994-11-18,915.65,1.0,-0.001254,-0.001254,1.00182,1.075148
1994-11-21,910.05,1.0,-0.006116,-0.006116,0.995693,1.068573
1994-11-22,899.6,1.0,-0.011483,-0.011483,0.984259,1.056302
1994-11-23,903.0,1.0,0.003779,0.003779,0.987979,1.060295
1994-11-25,906.1,1.0,0.003433,0.003433,0.991371,1.063935
1994-11-28,907.4,1.0,0.001435,0.001435,0.992793,1.065461
1994-11-29,908.7,1.0,0.001433,0.001433,0.994216,1.066988
1994-11-30,906.4,1.0,-0.002531,-0.002531,0.991699,1.064287
1994-12-01,901.45,0.0,-0.001,-0.005461,0.990707,1.058475
1994-12-02,906.35,0.0,0.0,0.005436,0.990707,1.064228
1994-12-05,906.5,0.0,0.0,0.000165,0.990707,1.064404
1994-12-06,906.3,0.0,0.0,-0.000221,0.990707,1.06417
1994-12-07,904.55,0.0,0.0,-0.001931,0.990707,1.062115
1994-12-08,898.4,0.0,0.0,-0.006799,0.990707,1.054893
1994-12-09,900.35,0.0,0.0,0.002171,0.990707,1.057183
1994-12-12,902.6,0.0,0.0,0.002499,0.990707,1.059825
1994-12-13,903.5,0.0,0.0,0.000997,0.990707,1.060882
1994-12-14,907.45,0.0,0.0,0.004372,0.990707,1.06552
1994-12-15,908.0,0.0,0.0,0.000606,0.990707,1.066166
1994-12-16,911.15,0.0,0.0,0.003469,0.990707,1.069864
1994-12-19,911.3,0.0,0.0,0.000165,0.990707,1.070041
1994-12-20,909.8,0.0,0.0,-0.001646,0.990707,1.068279
1994-12-21,914.25,0.0,0.0,0.004891,0.990707,1.073504
1994-12-22,912.6,0.0,0.0,-0.001805,0.990707,1.071567
1994-12-23,912.9,0.0,0.0,0.000329,0.990707,1.071919
1994-12-27,915.35,0.0,0.0,0.002684,0.990707,1.074796
1994-12-28,913.65,0.0,0.0,-0.001857,0.990707,1.0728
1994-12-29,913.95,0.0,0.0,0.000328,0.990707,1.073152
1994-12-30,910.7,0.0,0.0,-0.003556,0.990707,1.069336
1995-01-03,910.8,1.0,-0.00089,0.00011,0.989825,1.069453
1995-01-04,913.1,1.0,0.002525,0.002525,0.992325,1.072154
1995-01-05,912.6,1.0,-0.000548,-0.000548,0.991782,1.071567
1995-01-06,912.35,1.0,-0.000274,-0.000274,0.99151,1.071273
1995-01-09,913.1,1.0,0.000822,0.000822,0.992325,1.072154
1995-01-10,913.55,1.0,0.000493,0.000493,0.992814,1.072682
1995-01-11,913.8,1.0,0.000274,0.000274,0.993086,1.072976
1995-01-12,913.6,1.0,-0.000219,-0.000219,0.992868,1.072741
1995-01-13,918.4,1.0,0.005254,0.005254,0.998085,1.078377
1995-01-16,921.1,1.0,0.00294,0.00294,1.001019,1.081548
1995-01-17,921.35,1.0,0.000271,0.000271,1.001291,1.081841
1995-01-18,920.5,1.0,-0.000923,-0.000923,1.000367,1.080843
1995-01-19,917.95,1.0,-0.00277,-0.00277,0.997596,1.077849
1995-01-20,916.65,1.0,-0.001416,-0.001416,0.996183,1.076322
1995-01-23,917.45,1.0,0.000873,0.000873,0.997052,1.077262
1995-01-24,917.7,1.0,0.000272,0.000272,0.997324,1.077555
1995-01-25,919.25,1.0,0.001689,0.001689,0.999009,1.079375
1995-01-26,920.5,1.0,0.00136,0.00136,1.000367,1.080843
1995-01-27,920.9,1.0,0.000435,0.000435,1.000802,1.081313
1995-01-30,919.3,1.0,-0.001737,-0.001737,0.999063,1.079434
1995-01-31,921.55,1.0,0.002448,0.002448,1.001508,1.082076
1995-02-01,921.25,1.0,-0.000326,-0.000326,1.001182,1.081724
1995-02-02,924.0,1.0,0.002985,0.002985,1.004171,1.084953
1995-02-03,930.4,1.0,0.006926,0.006926,1.011126,1.092468
1995-02-06,932.1,1.0,0.001827,0.001827,1.012974,1.094464
1995-02-07,932.35,1.0,0.000268,0.000268,1.013245,1.094757
1995-02-08,931.7,1.0,-0.000697,-0.000697,1.012539,1.093994
1995-02-09,932.0,1.0,0.000322,0.000322,1.012865,1.094346
1995-02-10,933.0,1.0,0.001073,0.001073,1.013952,1.09552
1995-02-13,932.7,1.0,-0.000322,-0.000322,1.013626,1.095168
1995-02-14,933.05,1.0,0.000375,0.000375,1.014006,1.095579
1995-02-15,936.15,1.0,0.003322,0.003322,1.017375,1.099219
1995-02-16,935.65,1.0,-0.000534,-0.000534,1.016832,1.098632
1995-02-17,933.8,1.0,-0.001977,-0.001977,1.014821,1.09646
1995-02-21,933.75,1.0,-5.4e-05,-5.4e-05,1.014767,1.096401
1995-02-22,936.45,1.0,0.002892,0.002892,1.017701,1.099571
1995-02-23,938.05,1.0,0.001709,0.001709,1.01944,1.10145
1995-02-24,938.05,1.0,0.0,0.0,1.01944,1.10145
1995-02-27,934.3,1.0,-0.003998,-0.003998,1.015364,1.097047
1995-02-28,937.9,1.0,0.003853,0.003853,1.019277,1.101274
1995-03-01,935.5,1.0,-0.002559,-0.002559,1.016669,1.098456
1995-03-02,935.8,1.0,0.000321,0.000321,1.016995,1.098808
1995-03-03,935.2,1.0,-0.000641,-0.000641,1.016343,1.098104
1995-03-06,935.55,1.0,0.000374,0.000374,1.016723,1.098515
1995-03-07,931.6,1.0,-0.004222,-0.004222,1.01243,1.093877
1995-03-08,932.8,1.0,0.001288,0.001288,1.013734,1.095286
1995-03-09,932.75,1.0,-5.4e-05,-5.4e-05,1.01368,1.095227
1995-03-10,940.55,1.0,0.008362,0.008362,1.022157,1.104386
1995-03-13,939.4,1.0,-0.001223,-0.001223,1.020907,1.103035
1995-03-14,942.75,1.0,0.003566,0.003566,1.024548,1.106969
1995-03-15,941.45,1.0,-0.001379,-0.001379,1.023135,1.105442
1995-03-16,944.9,1.0,0.003665,0.003665,1.026884,1.109493
1995-03-17,945.1,1.0,0.000212,0.000212,1.027101,1.109728
1995-03-20,945.5,1.0,0.000423,0.000423,1.027536,1.110198
1995-03-21,944.7,1.0,-0.000846,-0.000846,1.026667,1.109258
1995-03-22,944.7,1.0,0.0,0.0,1.026667,1.109258
1995-03-23,944.7,1.0,0.0,0.0,1.026667,1.109258
1995-03-24,950.75,1.0,0.006404,0.006404,1.033242,1.116362
1995-03-27,952.9,1.0,0.002261,0.002261,1.035578,1.118887
1995-03-28,952.75,1.0,-0.000157,-0.000157,1.035415,1.118711
1995-03-29,951.8,1.0,-0.000997,-0.000997,1.034383,1.117595
1995-03-30,951.75,1.0,-5.3e-05,-5.3e-05,1.034328,1.117537
1995-03-31,949.75,1.0,-0.002101,-0.002101,1.032155,1.115188
1995-04-03,949.95,1.0,0.000211,0.000211,1.032372,1.115423
1995-04-04,953.15,1.0,0.003369,0.003369,1.03585,1.11918
1995-04-05,954.25,1.0,0.001154,0.001154,1.037045,1.120472
1995-04-06,954.95,1.0,0.000734,0.000734,1.037806,1.121294
1995-04-07,954.0,1.0,-0.000995,-0.000995,1.036774,1.120178
1995-04-10,955.05,1.0,0.001101,0.001101,1.037915,1.121411
1995-04-11,953.35,1.0,-0.00178,-0.00178,1.036067,1.119415
1995-04-12,955.3,1.0,0.002045,0.002045,1.038186,1.121705
1995-04-13,957.5,1.0,0.002303,0.002303,1.040577,1.124288
1995-04-17,953.75,1.0,-0.003916,-0.003916,1.036502,1.119885
1995-04-18,953.1,1.0,-0.000682,-0.000682,1.035796,1.119122
1995-04-19,952.0,1.0,-0.001154,-0.001154,1.0346,1.11783
1995-04-20,952.65,1.0,0.000683,0.000683,1.035307,1.118593
1995-04-21,955.65,1.0,0.003149,0.003149,1.038567,1.122116
1995-04-24,960.35,1.0,0.004918,0.004918,1.043675,1.127635
1995-04-25,958.75,1.0,-0.001666,-0.001666,1.041936,1.125756
1995-04-26,959.55,1.0,0.000834,0.000834,1.042805,1.126695
1995-04-27,960.65,1.0,0.001146,0.001146,1.044001,1.127987
1995-04-28,962.1,1.0,0.001509,0.001509,1.045577,1.129689
1995-05-01,960.65,1.0,-0.001507,-0.001507,1.044001,1.127987
1995-05-02,962.0,1.0,0.001405,0.001405,1.045468,1.129572
1995-05-03,967.95,1.0,0.006185,0.006185,1.051934,1.136558
1995-05-04,968.35,1.0,0.000413,0.000413,1.052369,1.137028
1995-05-05,966.7,1.0,-0.001704,-0.001704,1.050576,1.135091
1995-05-08,970.65,1.0,0.004086,0.004086,1.054868,1.139729
1995-05-09,969.8,1.0,-0.000876,-0.000876,1.053945,1.138731
1995-05-10,970.75,1.0,0.00098,0.00098,1.054977,1.139846
1995-05-11,972.0,1.0,0.001288,0.001288,1.056335,1.141314
1995-05-12,972.6,1.0,0.000617,0.000617,1.056988,1.142018
1995-05-15,975.25,1.0,0.002725,0.002725,1.059867,1.14513
1995-05-16,974.85,1.0,-0.00041,-0.00041,1.059433,1.14466
1995-05-17,973.15,1.0,-0.001744,-0.001744,1.057585,1.142664
1995-05-18,964.45,1.0,-0.00894,-0.00894,1.04813,1.132449
1995-05-19,965.7,1.0,0.001296,0.001296,1.049489,1.133917
1995-05-22,970.65,1.0,0.005126,0.005126,1.054868,1.139729
1995-05-23,975.35,1.0,0.004842,0.004842,1.059976,1.145247
1995-05-24,974.8,1.0,-0.000564,-0.000564,1.059378,1.144602
1995-05-25,975.25,1.0,0.000462,0.000462,1.059867,1.14513
1995-05-26,969.2,1.0,-0.006204,-0.006204,1.053293,1.138026
1995-05-30,968.85,1.0,-0.000361,-0.000361,1.052912,1.137615
1995-05-31,978.7,1.0,0.010167,0.010167,1.063617,1.149181
1995-06-01,979.1,1.0,0.000409,0.000409,1.064052,1.149651
1995-06-02,977.5,1.0,-0.001634,-0.001634,1.062313,1.147772
1995-06-05,982.0,1.0,0.004604,0.004604,1.067203,1.153056
1995-06-06,980.7,1.0,-0.001324,-0.001324,1.06579,1.151529
1995-06-07,978.6,1.0,-0.002141,-0.002141,1.063508,1.149064
1995-06-08,977.0,1.0,-0.001635,-0.001635,1.061769,1.147185
1995-06-09,974.05,1.0,-0.003019,-0.003019,1.058563,1.143721
1995-06-12,977.55,1.0,0.003593,0.003593,1.062367,1.147831
1995-06-13,981.55,1.0,0.004092,0.004092,1.066714,1.152527
1995-06-14,981.35,1.0,-0.000204,-0.000204,1.066497,1.152293
1995-06-15,983.55,1.0,0.002242,0.002242,1.068888,1.154876
1995-06-16,984.65,1.0,0.001118,0.001118,1.070083,1.156167
1995-06-19,990.4,1.0,0.00584,0.00584,1.076332,1.162919
1995-06-20,990.05,1.0,-0.000353,-0.000353,1.075952,1.162508
1995-06-21,989.7,1.0,-0.000354,-0.000354,1.075571,1.162097
1995-06-22,996.1,1.0,0.006467,0.006467,1.082527,1.169612
1995-06-23,995.65,1.0,-0.000452,-0.000452,1.082037,1.169084
1995-06-26,988.95,1.0,-0.006729,-0.006729,1.074756,1.161216
1995-06-27,987.9,1.0,-0.001062,-0.001062,1.073615,1.159984
1995-06-28,990.15,1.0,0.002278,0.002278,1.07606,1.162625
1995-06-29,989.2,1.0,-0.000959,-0.000959,1.075028,1.16151
1995-06-30,987.9,1.0,-0.001314,-0.001314,1.073615,1.159984
1995-07-03,990.3,1.0,0.002429,0.002429,1.076223,1.162802
1995-07-05,992.75,1.0,0.002474,0.002474,1.078886,1.165678
1995-07-06,998.6,1.0,0.005893,0.005893,1.085243,1.172547
1995-07-07,1000.8,1.0,0.002203,0.002203,1.087634,1.175131
1995-07-10,1001.95,1.0,0.001149,0.001149,1.088884,1.176481
1995-07-11,998.5,1.0,-0.003443,-0.003443,1.085135,1.17243
1995-07-12,1004.85,1.0,0.00636,0.00636,1.092036,1.179886
1995-07-13,1004.75,1.0,-0.0001,-0.0001,1.091927,1.179769
1995-07-14,1003.5,1.0,-0.001244,-0.001244,1.090569,1.178301
1995-07-17,1006.2,1.0,0.002691,0.002691,1.093503,1.181471
1995-07-18,1001.65,1.0,-0.004522,-0.004522,1.088558,1.176129
1995-07-19,994.65,1.0,-0.006988,-0.006988,1.080951,1.167909
1995-07-20,997.0,1.0,0.002363,0.002363,1.083505,1.170669
1995-07-21,996.1,1.0,-0.000903,-0.000903,1.082527,1.169612
1995-07-24,1001.15,1.0,0.00507,0.00507,1.088015,1.175542
1995-07-25,1004.05,1.0,0.002897,0.002897,1.091166,1.178947
1995-07-26,1004.8,1.0,0.000747,0.000747,1.091981,1.179827
1995-07-27,1008.3,1.0,0.003483,0.003483,1.095785,1.183937
1995-07-28,1005.05,1.0,-0.003223,-0.003223,1.092253,1.180121
1995-07-31,1003.9,1.0,-0.001144,-0.001144,1.091003,1.178771
1995-08-01,1002.15,1.0,-0.001743,-0.001743,1.089101,1.176716
1995-08-02,1000.1,1.0,-0.002046,-0.002046,1.086874,1.174309
1995-08-03,1001.2,1.0,0.0011,0.0011,1.088069,1.1756
1995-08-04,1001.35,1.0,0.00015,0.00015,1.088232,1.175776
1995-08-07,1002.0,1.0,0.000649,0.000649,1.088938,1.17654
1995-08-08,1002.6,1.0,0.000599,0.000599,1.08959,1.177244
1995-08-09,1002.65,1.0,5e-05,5e-05,1.089645,1.177303
1995-08-10,999.25,1.0,-0.003391,-0.003391,1.08595,1.173311
1995-08-11,997.95,1.0,-0.001301,-0.001301,1.084537,1.171784
1995-08-14,1002.45,1.0,0.004509,0.004509,1.089427,1.177068
1995-08-15,1000.8,1.0,-0.001646,-0.001646,1.087634,1.175131
1995-08-16,1001.35,1.0,0.00055,0.00055,1.088232,1.175776
1995-08-17,1001.35,1.0,0.0,0.0,1.088232,1.175776
1995-08-18,1002.35,1.0,0.000999,0.000999,1.089319,1.176951
1995-08-21,999.6,1.0,-0.002744,-0.002744,1.08633,1.173722
1995-08-22,1000.65,1.0,0.00105,0.00105,1.087471,1.174955
1995-08-23,998.55,1.0,-0.002099,-0.002099,1.085189,1.172489
1995-08-24,999.85,1.0,0.001302,0.001302,1.086602,1.174015
1995-08-25,1002.8,1.0,0.00295,0.00295,1.089808,1.177479
1995-08-28,1000.15,1.0,-0.002643,-0.002643,1.086928,1.174367
1995-08-29,1001.3,1.0,0.00115,0.00115,1.088178,1.175718
1995-08-30,1001.9,1.0,0.000599,0.000599,1.08883,1.176422
1995-08-31,1003.6,1.0,0.001697,0.001697,1.090677,1.178418
1995-09-01,1005.7,1.0,0.002092,0.002092,1.092959,1.180884
1995-09-05,1010.1,1.0,0.004375,0.004375,1.097741,1.186051
1995-09-06,1011.9,1.0,0.001782,0.001782,1.099697,1.188164
1995-09-07,1011.75,1.0,-0.000148,-0.000148,1.099534,1.187988
1995-09-08,1014.15,1.0,0.002372,0.002372,1.102143,1.190806
1995-09-11,1014.65,1.0,0.000493,0.000493,1.102686,1.191393
1995-09-12,1017.4,1.0,0.00271,0.00271,1.105675,1.194622
1995-09-13,1020.2,1.0,0.002752,0.002752,1.108718,1.19791
1995-09-14,1024.9,1.0,0.004607,0.004607,1.113825,1.203429
1995-09-15,1025.1,1.0,0.000195,0.000195,1.114043,1.203663
1995-09-18,1023.75,1.0,-0.001317,-0.001317,1.112576,1.202078
1995-09-19,1025.9,1.0,0.0021,0.0021,1.114912,1.204603
1995-09-20,1028.15,1.0,0.002193,0.002193,1.117357,1.207245
1995-09-21,1022.65,1.0,-0.005349,-0.005349,1.11138,1.200787
1995-09-22,1023.25,1.0,0.000587,0.000587,1.112032,1.201491
1995-09-25,1022.0,1.0,-0.001222,-0.001222,1.110674,1.200023
1995-09-26,1021.95,1.0,-4.9e-05,-4.9e-05,1.110619,1.199965
1995-09-27,1021.45,1.0,-0.000489,-0.000489,1.110076,1.199378
1995-09-28,1025.2,1.0,0.003671,0.003671,1.114151,1.203781
1995-09-29,1024.2,1.0,-0.000975,-0.000975,1.113065,1.202607
1995-10-02,1021.05,1.0,-0.003076,-0.003076,1.109641,1.198908
1995-10-03,1022.3,1.0,0.001224,0.001224,1.111,1.200376
1995-10-04,1020.9,1.0,-0.001369,-0.001369,1.109478,1.198732
1995-10-05,1022.6,1.0,0.001665,0.001665,1.111326,1.200728
1995-10-06,1022.6,1.0,0.0,0.0,1.111326,1.200728
1995-10-09,1017.75,1.0,-0.004743,-0.004743,1.106055,1.195033
1995-10-10,1017.25,1.0,-0.000491,-0.000491,1.105512,1.194446
1995-10-11,1019.35,1.0,0.002064,0.002064,1.107794,1.196912
1995-10-12,1023.5,1.0,0.004071,0.004071,1.112304,1.201785
1995-10-13,1024.2,1.0,0.000684,0.000684,1.113065,1.202607
1995-10-16,1021.1,1.0,-0.003027,-0.003027,1.109696,1.198967
1995-10-17,1025.9,1.0,0.004701,0.004701,1.114912,1.204603
1995-10-18,1026.95,1.0,0.001023,0.001023,1.116053,1.205836
1995-10-19,1029.95,1.0,0.002921,0.002921,1.119313,1.209358
1995-10-20,1025.65,1.0,-0.004175,-0.004175,1.11464,1.204309
1995-10-23,1023.8,1.0,-0.001804,-0.001804,1.11263,1.202137
1995-10-24,1025.25,1.0,0.001416,0.001416,1.114206,1.20384
1995-10-25,1019.95,1.0,-0.005169,-0.005169,1.108446,1.197616
1995-10-26,1014.6,1.0,-0.005245,-0.005245,1.102632,1.191334
1995-10-27,1019.5,1.0,0.004829,0.004829,1.107957,1.197088
1995-10-30,1022.7,1.0,0.003139,0.003139,1.111434,1.200845
1995-10-31,1019.85,1.0,-0.002787,-0.002787,1.108337,1.197499
1995-11-01,1024.25,1.0,0.004314,0.004314,1.113119,1.202665
1995-11-02,1028.35,1.0,0.004003,0.004003,1.117575,1.20748
1995-11-03,1028.5,1.0,0.000146,0.000146,1.117738,1.207656
1995-11-06,1027.3,1.0,-0.001167,-0.001167,1.116434,1.206247
1995-11-07,1024.2,1.0,-0.003018,-0.003018,1.113065,1.202607
1995-11-08,1030.1,1.0,0.005761,0.005761,1.119477,1.209534
1995-11-09,1030.7,1.0,0.000582,0.000582,1.120129,1.210239
1995-11-10,1030.45,1.0,-0.000243,-0.000243,1.119857,1.209945
1995-11-13,1029.9,1.0,-0.000534,-0.000534,1.119259,1.2093
1995-11-14,1026.45,1.0,-0.00335,-0.00335,1.11551,1.205249
1995-11-15,1032.3,1.0,0.005699,0.005699,1.121867,1.212118
1995-11-16,1035.9,1.0,0.003487,0.003487,1.12578,1.216345
1995-11-17,1037.15,1.0,0.001207,0.001207,1.127138,1.217812
1995-11-20,1034.4,1.0,-0.002651,-0.002651,1.12415,1.214583
1995-11-21,1037.75,1.0,0.003239,0.003239,1.12779,1.218517
1995-11-22,1036.4,1.0,-0.001301,-0.001301,1.126323,1.216932
1995-11-24,1037.55,1.0,0.00111,0.00111,1.127573,1.218282
1995-11-27,1037.8,1.0,0.000241,0.000241,1.127845,1.218576
1995-11-28,1043.9,1.0,0.005878,0.005878,1.134474,1.225738
1995-11-29,1044.05,1.0,0.000144,0.000144,1.134637,1.225914
1995-11-30,1043.25,1.0,-0.000766,-0.000766,1.133767,1.224975
1995-12-01,1044.3,1.0,0.001006,0.001006,1.134909,1.226208
1995-12-04,1050.8,1.0,0.006224,0.006224,1.141973,1.23384
1995-12-05,1054.75,1.0,0.003759,0.003759,1.146265,1.238478
1995-12-06,1055.8,1.0,0.000995,0.000995,1.147406,1.239711
1995-12-07,1052.65,1.0,-0.002984,-0.002984,1.143983,1.236012
1995-12-08,1054.3,1.0,0.001567,0.001567,1.145776,1.23795
1995-12-11,1055.8,1.0,0.001423,0.001423,1.147406,1.239711
1995-12-12,1054.8,1.0,-0.000947,-0.000947,1.14632,1.238537
1995-12-13,1057.35,1.0,0.002418,0.002418,1.149091,1.241531
1995-12-14,1053.55,1.0,-0.003594,-0.003594,1.144961,1.237069
1995-12-15,1052.55,1.0,-0.000949,-0.000949,1.143874,1.235895
1995-12-18,1041.4,1.0,-0.010593,-0.010593,1.131757,1.222803
1995-12-19,1047.65,1.0,0.006002,0.006002,1.138549,1.230141
1995-12-20,1042.85,1.0,-0.004582,-0.004582,1.133333,1.224505
1995-12-21,1045.75,1.0,0.002781,0.002781,1.136484,1.227911
1995-12-22,1047.6,1.0,0.001769,0.001769,1.138495,1.230083
1995-12-26,1049.35,1.0,0.00167,0.00167,1.140397,1.232138
1995-12-27,1049.0,1.0,-0.000334,-0.000334,1.140016,1.231727
1995-12-28,1047.55,1.0,-0.001382,-0.001382,1.138441,1.230024
1995-12-29,1048.25,1.0,0.000668,0.000668,1.139201,1.230846
1996-01-02,1054.9,1.0,0.006344,0.006344,1.146428,1.238654
1996-01-03,1056.75,1.0,0.001754,0.001754,1.148439,1.240827
1996-01-04,1049.6,1.0,-0.006766,-0.006766,1.140668,1.232431
1996-01-05,1049.1,1.0,-0.000476,-0.000476,1.140125,1.231844
1996-01-08,1052.2,1.0,0.002955,0.002955,1.143494,1.235484
1996-01-09,1038.3,1.0,-0.01321,-0.01321,1.128388,1.219163
1996-01-10,1030.55,1.0,-0.007464,-0.007464,1.119966,1.210063
1996-01-11,1035.45,1.0,0.004755,0.004755,1.125291,1.215816
1996-01-12,1034.75,1.0,-0.000676,-0.000676,1.12453,1.214994
1996-01-15,1033.0,1.0,-0.001691,-0.001691,1.122628,1.21294
1996-01-16,1040.7,1.0,0.007454,0.007454,1.130996,1.221981
1996-01-17,1038.1,1.0,-0.002498,-0.002498,1.128171,1.218928
1996-01-18,1040.3,1.0,0.002119,0.002119,1.130562,1.221511
1996-01-19,1043.95,1.0,0.003509,0.003509,1.134528,1.225797
1996-01-22,1043.5,1.0,-0.000431,-0.000431,1.134039,1.225269
1996-01-23,1045.95,1.0,0.002348,0.002348,1.136702,1.228145
1996-01-24,1051.75,1.0,0.005545,0.005545,1.143005,1.234956
1996-01-25,1048.8,1.0,-0.002805,-0.002805,1.139799,1.231492
1996-01-26,1053.95,1.0,0.00491,0.00491,1.145396,1.237539
1996-01-29,1056.0,1.0,0.001945,0.001945,1.147624,1.239946
1996-01-30,1061.75,1.0,0.005445,0.005445,1.153873,1.246698
1996-01-31,1067.75,1.0,0.005651,0.005651,1.160393,1.253743
1996-02-01,1069.45,1.0,0.001592,0.001592,1.162241,1.255739
1996-02-02,1068.15,1.0,-0.001216,-0.001216,1.160828,1.254212
1996-02-05,1071.7,1.0,0.003324,0.003324,1.164686,1.258381
1996-02-06,1078.0,1.0,0.005879,0.005879,1.171533,1.265778
1996-02-07,1081.55,1.0,0.003293,0.003293,1.175391,1.269947
1996-02-08,1088.15,1.0,0.006102,0.006102,1.182563,1.277696
1996-02-09,1089.05,1.0,0.000827,0.000827,1.183541,1.278753
1996-02-12,1094.05,1.0,0.004591,0.004591,1.188975,1.284624
1996-02-13,1091.6,1.0,-0.002239,-0.002239,1.186313,1.281747
1996-02-14,1085.7,1.0,-0.005405,-0.005405,1.179901,1.274819
1996-02-15,1081.2,1.0,-0.004145,-0.004145,1.17501,1.269536
1996-02-16,1080.2,1.0,-0.000925,-0.000925,1.173923,1.268361
1996-02-20,1073.3,1.0,-0.006388,-0.006388,1.166425,1.260259
1996-02-21,1081.5,1.0,0.00764,0.00764,1.175336,1.269888
1996-02-22,1089.75,1.0,0.007628,0.007628,1.184302,1.279575
1996-02-23,1089.05,1.0,-0.000642,-0.000642,1.183541,1.278753
1996-02-26,1078.65,1.0,-0.00955,-0.00955,1.172239,1.266541
1996-02-27,1077.4,1.0,-0.001159,-0.001159,1.17088,1.265074
1996-02-28,1073.3,1.0,-0.003805,-0.003805,1.166425,1.260259
1996-02-29,1068.05,1.0,-0.004891,-0.004891,1.160719,1.254095
1996-03-01,1077.05,1.0,0.008427,0.008427,1.1705,1.264663
1996-03-04,1080.5,1.0,0.003203,0.003203,1.174249,1.268714
1996-03-05,1087.25,1.0,0.006247,0.006247,1.181585,1.276639
1996-03-06,1081.0,1.0,-0.005748,-0.005748,1.174793,1.269301
1996-03-07,1083.95,1.0,0.002729,0.002729,1.177999,1.272765
1996-03-08,1061.85,1.0,-0.020388,-0.020388,1.153981,1.246815
1996-03-11,1068.65,1.0,0.006404,0.006404,1.161371,1.2548
1996-03-12,1064.6,1.0,-0.00379,-0.00379,1.15697,1.250044
1996-03-13,1067.45,1.0,0.002677,0.002677,1.160067,1.25339
1996-03-14,1071.2,1.0,0.003513,0.003513,1.164143,1.257794
1996-03-15,1070.7,1.0,-0.000467,-0.000467,1.163599,1.257207
1996-03-18,1083.2,1.0,0.011675,0.011675,1.177184,1.271884
1996-03-19,1081.0,1.0,-0.002031,-0.002031,1.174793,1.269301
1996-03-20,1079.85,1.0,-0.001064,-0.001064,1.173543,1.26795
1996-03-21,1078.35,1.0,-0.001389,-0.001389,1.171913,1.266189
1996-03-22,1080.05,1.0,0.001576,0.001576,1.17376,1.268185
1996-03-25,1079.6,1.0,-0.000417,-0.000417,1.173271,1.267657
1996-03-26,1082.5,1.0,0.002686,0.002686,1.176423,1.271062
1996-03-27,1075.0,1.0,-0.006928,-0.006928,1.168272,1.262256
1996-03-28,1078.45,1.0,0.003209,0.003209,1.172022,1.266307
1996-03-29,1074.95,1.0,-0.003245,-0.003245,1.168218,1.262197
1996-04-01,1081.1,1.0,0.005721,0.005721,1.174902,1.269418
1996-04-02,1082.3,1.0,0.00111,0.00111,1.176206,1.270827
1996-04-03,1082.8,1.0,0.000462,0.000462,1.176749,1.271414
1996-04-04,1083.3,1.0,0.000462,0.000462,1.177292,1.272001
1996-04-08,1070.7,1.0,-0.011631,-0.011631,1.163599,1.257207
1996-04-09,1068.7,1.0,-0.001868,-0.001868,1.161426,1.254858
1996-04-10,1056.95,1.0,-0.010995,-0.010995,1.148656,1.241061
1996-04-11,1057.3,1.0,0.000331,0.000331,1.149037,1.241472
1996-04-12,1064.3,1.0,0.006621,0.006621,1.156644,1.249692
1996-04-15,1069.5,1.0,0.004886,0.004886,1.162295,1.255798
1996-04-16,1071.0,1.0,0.001403,0.001403,1.163925,1.257559
1996-04-17,1068.55,1.0,-0.002288,-0.002288,1.161263,1.254682
1996-04-18,1069.65,1.0,0.001029,0.001029,1.162458,1.255974
1996-04-19,1070.75,1.0,0.001028,0.001028,1.163654,1.257265
1996-04-22,1075.75,1.0,0.00467,0.00467,1.169087,1.263136
1996-04-23,1078.7,1.0,0.002742,0.002742,1.172293,1.2666
1996-04-24,1075.4,1.0,-0.003059,-0.003059,1.168707,1.262725
1996-04-25,1078.75,1.0,0.003115,0.003115,1.172348,1.266659
1996-04-26,1080.15,1.0,0.001298,0.001298,1.173869,1.268303
1996-04-29,1078.85,1.0,-0.001204,-0.001204,1.172456,1.266776
1996-04-30,1078.55,1.0,-0.000278,-0.000278,1.17213,1.266424
1996-05-01,1080.15,1.0,0.001483,0.001483,1.173869,1.268303
1996-05-02,1069.55,1.0,-0.009813,-0.009813,1.162349,1.255856
1996-05-03,1067.2,1.0,-0.002197,-0.002197,1.159795,1.253097
1996-05-06,1066.6,1.0,-0.000562,-0.000562,1.159143,1.252392
1996-05-07,1062.75,1.0,-0.00361,-0.00361,1.154959,1.247872
1996-05-08,1071.2,1.0,0.007951,0.007951,1.164143,1.257794
1996-05-09,1071.05,1.0,-0.00014,-0.00014,1.16398,1.257618
1996-05-10,1078.6,1.0,0.007049,0.007049,1.172185,1.266483
1996-05-13,1087.45,1.0,0.008205,0.008205,1.181802,1.276874
1996-05-14,1091.0,1.0,0.003265,0.003265,1.18566,1.281043
1996-05-15,1091.05,1.0,4.6e-05,4.6e-05,1.185715,1.281101
1996-05-16,1090.75,1.0,-0.000275,-0.000275,1.185389,1.280749
1996-05-17,1095.2,1.0,0.00408,0.00408,1.190225,1.285974
1996-05-20,1099.95,1.0,0.004337,0.004337,1.195387,1.291552
1996-05-21,1099.5,1.0,-0.000409,-0.000409,1.194898,1.291023
1996-05-22,1104.6,1.0,0.004638,0.004638,1.20044,1.297012
1996-05-23,1102.15,1.0,-0.002218,-0.002218,1.197778,1.294135
1996-05-24,1104.3,1.0,0.001951,0.001951,1.200114,1.296659
1996-05-28,1097.5,1.0,-0.006158,-0.006158,1.192724,1.288675
1996-05-29,1092.8,1.0,-0.004282,-0.004282,1.187617,1.283156
1996-05-30,1097.1,1.0,0.003935,0.003935,1.19229,1.288205
1996-05-31,1090.65,1.0,-0.005879,-0.005879,1.18528,1.280632
1996-06-03,1093.15,1.0,0.002292,0.002292,1.187997,1.283567
1996-06-04,1096.9,1.0,0.00343,0.00343,1.192072,1.28797
1996-06-05,1102.45,1.0,0.00506,0.00506,1.198104,1.294487
1996-06-06,1096.95,1.0,-0.004989,-0.004989,1.192127,1.288029
1996-06-07,1097.5,1.0,0.000501,0.000501,1.192724,1.288675
1996-06-10,1095.0,1.0,-0.002278,-0.002278,1.190008,1.285739
1996-06-11,1095.15,1.0,0.000137,0.000137,1.190171,1.285916
1996-06-12,1093.35,1.0,-0.001644,-0.001644,1.188214,1.283802
1996-06-13,1092.4,1.0,-0.000869,-0.000869,1.187182,1.282687
1996-06-14,1088.3,1.0,-0.003753,-0.003753,1.182726,1.277872
1996-06-17,1089.25,1.0,0.000873,0.000873,1.183759,1.278988
1996-06-18,1085.25,1.0,-0.003672,-0.003672,1.179412,1.274291
1996-06-19,1086.45,1.0,0.001106,0.001106,1.180716,1.2757
1996-06-20,1084.6,1.0,-0.001703,-0.001703,1.178705,1.273528
1996-06-21,1091.2,1.0,0.006085,0.006085,1.185878,1.281278
1996-06-24,1092.9,1.0,0.001558,0.001558,1.187725,1.283274
1996-06-25,1091.9,1.0,-0.000915,-0.000915,1.186639,1.282099
1996-06-26,1086.4,1.0,-0.005037,-0.005037,1.180661,1.275641
1996-06-27,1090.8,1.0,0.00405,0.00405,1.185443,1.280808
1996-06-28,1094.55,1.0,0.003438,0.003438,1.189519,1.285211
1996-07-01,1098.55,1.0,0.003654,0.003654,1.193866,1.289908
1996-07-02,1096.55,1.0,-0.001821,-0.001821,1.191692,1.287559
1996-07-03,1093.85,1.0,-0.002462,-0.002462,1.188758,1.284389
1996-07-04,1093.75,1.0,-9.1e-05,-9.1e-05,1.188649,1.284272
1996-07-05,1078.85,1.0,-0.013623,-0.013623,1.172456,1.266776
1996-07-08,1074.05,1.0,-0.004449,-0.004449,1.16724,1.26114
1996-07-09,1076.9,1.0,0.002654,0.002654,1.170337,1.264487
1996-07-10,1079.45,1.0,0.002368,0.002368,1.173108,1.267481
1996-07-11,1066.1,1.0,-0.012367,-0.012367,1.1586,1.251805
1996-07-12,1065.8,1.0,-0.000281,-0.000281,1.158274,1.251453
1996-07-15,1048.0,1.0,-0.016701,-0.016701,1.13893,1.230552
1996-07-16,1049.85,1.0,0.001765,0.001765,1.14094,1.232725
1996-07-17,1055.55,1.0,0.005429,0.005429,1.147135,1.239418
1996-07-18,1065.2,1.0,0.009142,0.009142,1.157622,1.250749
1996-07-19,1059.75,1.0,-0.005116,-0.005116,1.151699,1.244349
1996-07-22,1055.3,1.0,-0.004199,-0.004199,1.146863,1.239124
1996-07-23,1045.9,1.0,-0.008907,-0.008907,1.136647,1.228087
1996-07-24,1048.45,1.0,0.002438,0.002438,1.139419,1.231081
1996-07-25,1052.95,1.0,0.004292,0.004292,1.144309,1.236365
1996-07-26,1057.1,1.0,0.003941,0.003941,1.148819,1.241238
1996-07-29,1048.75,1.0,-0.007899,-0.007899,1.139745,1.231433
1996-07-30,1055.45,1.0,0.006389,0.006389,1.147026,1.2393
1996-07-31,1060.15,1.0,0.004453,0.004453,1.152134,1.244819
1996-08-01,1070.8,0.0,-0.001,0.010046,1.150982,1.257324
1996-08-02,1084.1,0.0,0.0,0.012421,1.150982,1.272941
1996-08-05,1079.45,0.0,0.0,-0.004289,1.150982,1.267481
1996-08-06,1082.0,0.0,0.0,0.002362,1.150982,1.270475
1996-08-07,1083.95,0.0,0.0,0.001802,1.150982,1.272765
1996-08-08,1083.95,0.0,0.0,0.0,1.150982,1.272765
1996-08-09,1080.2,0.0,0.0,-0.00346,1.150982,1.268361
1996-08-12,1085.5,0.0,0.0,0.004906,1.150982,1.274585
1996-08-13,1079.55,0.0,0.0,-0.005481,1.150982,1.267598
1996-08-14,1081.35,0.0,0.0,0.001667,1.150982,1.269712
1996-08-15,1081.35,0.0,0.0,0.0,1.150982,1.269712
1996-08-16,1085.85,0.0,0.0,0.004161,1.150982,1.274996
1996-08-19,1085.95,0.0,0.0,9.2e-05,1.150982,1.275113
1996-08-20,1085.7,0.0,0.0,-0.00023,1.150982,1.274819
1996-08-21,1083.75,0.0,0.0,-0.001796,1.150982,1.27253
1996-08-22,1089.6,0.0,0.0,0.005398,1.150982,1.279399
1996-08-23,1086.55,0.0,0.0,-0.002799,1.150982,1.275818
1996-08-26,1081.95,0.0,0.0,-0.004234,1.150982,1.270416
1996-08-27,1084.45,0.0,0.0,0.002311,1.150982,1.273352
1996-08-28,1083.45,0.0,0.0,-0.000922,1.150982,1.272178
1996-08-29,1074.9,0.0,0.0,-0.007891,1.150982,1.262138
1996-08-30,1069.1,0.0,0.0,-0.005396,1.150982,1.255328
1996-09-02,1068.65,0.0,0.0,-0.000421,1.150982,1.2548
1996-09-03,1073.6,0.0,0.0,0.004632,1.150982,1.260612
1996-09-04,1074.35,0.0,0.0,0.000699,1.150982,1.261492
1996-09-05,1066.75,0.0,0.0,-0.007074,1.150982,1.252569
1996-09-06,1076.0,0.0,0.0,0.008671,1.150982,1.26343
1996-09-09,1082.8,0.0,0.0,0.00632,1.150982,1.271414
1996-09-10,1082.85,0.0,0.0,4.6e-05,1.150982,1.271473
1996-09-11,1084.75,0.0,0.0,0.001755,1.150982,1.273704
1996-09-12,1089.85,0.0,0.0,0.004702,1.150982,1.279692
1996-09-13,1100.6,0.0,0.0,0.009864,1.150982,1.292315
1996-09-16,1102.5,0.0,0.0,0.001726,1.150982,1.294546
1996-09-17,1101.7,0.0,0.0,-0.000726,1.150982,1.293607
1996-09-18,1098.95,0.0,0.0,-0.002496,1.150982,1.290378
1996-09-19,1101.6,0.0,0.0,0.002411,1.150982,1.293489
1996-09-20,1103.65,0.0,0.0,0.001861,1.150982,1.295896
1996-09-23,1104.15,0.0,0.0,0.000453,1.150982,1.296483
1996-09-24,1103.8,0.0,0.0,-0.000317,1.150982,1.296072
1996-09-25,1102.8,0.0,0.0,-0.000906,1.150982,1.294898
1996-09-26,1103.7,0.0,0.0,0.000816,1.150982,1.295955
1996-09-27,1103.15,0.0,0.0,-0.000498,1.150982,1.295309
1996-09-30,1103.15,0.0,0.0,0.0,1.150982,1.295309
1996-10-01,1106.85,1.0,0.002354,0.003354,1.153691,1.299654
1996-10-02,1111.1,1.0,0.00384,0.00384,1.158121,1.304644
1996-10-03,1109.45,1.0,-0.001485,-0.001485,1.156401,1.302707
1996-10-04,1118.95,1.0,0.008563,0.008563,1.166303,1.313861
1996-10-07,1119.95,1.0,0.000894,0.000894,1.167345,1.315036
1996-10-08,1116.5,1.0,-0.00308,-0.00308,1.163749,1.310985
1996-10-09,1112.25,1.0,-0.003807,-0.003807,1.15932,1.305994
1996-10-10,1110.15,1.0,-0.001888,-0.001888,1.157131,1.303528
1996-10-11,1117.65,1.0,0.006756,0.006756,1.164948,1.312335
1996-10-14,1119.25,1.0,0.001432,0.001432,1.166616,1.314214
1996-10-15,1118.4,1.0,-0.000759,-0.000759,1.16573,1.313216
1996-10-16,1120.35,1.0,0.001744,0.001744,1.167762,1.315505
1996-10-17,1122.75,1.0,0.002142,0.002142,1.170264,1.318323
1996-10-18,1127.6,1.0,0.00432,0.00432,1.175319,1.324018
1996-10-21,1126.15,1.0,-0.001286,-0.001286,1.173808,1.322316
1996-10-22,1120.85,1.0,-0.004706,-0.004706,1.168284,1.316092
1996-10-23,1122.8,1.0,0.00174,0.00174,1.170316,1.318382
1996-10-24,1115.5,1.0,-0.006502,-0.006502,1.162707,1.30981
1996-10-25,1117.1,1.0,0.001434,0.001434,1.164375,1.311689
1996-10-28,1112.1,1.0,-0.004476,-0.004476,1.159163,1.305818
1996-10-29,1118.0,1.0,0.005305,0.005305,1.165313,1.312746
1996-10-30,1114.55,1.0,-0.003086,-0.003086,1.161717,1.308695
1996-10-31,1121.4,1.0,0.006146,0.006146,1.168857,1.316738
1996-11-01,1118.25,1.0,-0.002809,-0.002809,1.165574,1.313039
1996-11-04,1123.0,1.0,0.004248,0.004248,1.170525,1.318617
1996-11-05,1127.15,1.0,0.003695,0.003695,1.17485,1.32349
1996-11-06,1141.15,1.0,0.012421,0.012421,1.189443,1.339928
1996-11-07,1142.7,1.0,0.001358,0.001358,1.191058,1.341748
1996-11-08,1146.0,1.0,0.002888,0.002888,1.194498,1.345623
1996-11-11,1145.85,1.0,-0.000131,-0.000131,1.194342,1.345447
1996-11-12,1143.75,1.0,-0.001833,-0.001833,1.192153,1.342981
1996-11-13,1145.9,1.0,0.00188,0.00188,1.194394,1.345506
1996-11-14,1151.0,1.0,0.004451,0.004451,1.19971,1.351494
1996-11-15,1152.6,1.0,0.00139,0.00139,1.201377,1.353373
1996-11-18,1152.1,1.0,-0.000434,-0.000434,1.200856,1.352786
1996-11-19,1158.05,1.0,0.005164,0.005164,1.207058,1.359772
1996-11-20,1157.9,1.0,-0.00013,-0.00013,1.206902,1.359596
1996-11-21,1157.2,1.0,-0.000605,-0.000605,1.206172,1.358774
1996-11-22,1162.95,1.0,0.004969,0.004969,1.212165,1.365526
1996-11-25,1171.7,1.0,0.007524,0.007524,1.221286,1.3758
1996-11-26,1169.1,1.0,-0.002219,-0.002219,1.218575,1.372747
1996-11-27,1167.7,1.0,-0.001198,-0.001198,1.217116,1.371103
1996-11-29,1170.0,1.0,0.00197,0.00197,1.219514,1.373804
1996-12-02,1169.75,1.0,-0.000214,-0.000214,1.219253,1.37351
1996-12-03,1157.25,1.0,-0.010686,-0.010686,1.206224,1.358833
1996-12-04,1159.4,1.0,0.001858,0.001858,1.208465,1.361357
1996-12-05,1157.1,1.0,-0.001984,-0.001984,1.206068,1.358657
1996-12-06,1152.25,1.0,-0.004192,-0.004192,1.201012,1.352962
1996-12-09,1163.25,1.0,0.009547,0.009547,1.212478,1.365878
1996-12-10,1159.75,1.0,-0.003009,-0.003009,1.20883,1.361768
1996-12-11,1151.3,1.0,-0.007286,-0.007286,1.200022,1.351846
1996-12-12,1139.25,1.0,-0.010466,-0.010466,1.187462,1.337697
1996-12-13,1141.15,1.0,0.001668,0.001668,1.189443,1.339928
1996-12-16,1132.5,1.0,-0.00758,-0.00758,1.180427,1.329772
1996-12-17,1138.0,1.0,0.004857,0.004857,1.186159,1.33623
1996-12-18,1142.9,1.0,0.004306,0.004306,1.191267,1.341983
1996-12-19,1158.25,1.0,0.013431,0.013431,1.207266,1.360007
1996-12-20,1162.0,1.0,0.003238,0.003238,1.211175,1.36441
1996-12-23,1158.85,1.0,-0.002711,-0.002711,1.207892,1.360712
1996-12-24,1163.8,1.0,0.004271,0.004271,1.213051,1.366524
1996-12-26,1169.35,1.0,0.004769,0.004769,1.218836,1.373041
1996-12-27,1169.35,1.0,0.0,0.0,1.218836,1.373041
1996-12-30,1163.85,1.0,-0.004703,-0.004703,1.213103,1.366583
1996-12-31,1149.25,1.0,-0.012545,-0.012545,1.197885,1.349439
1997-01-02,1149.45,1.0,0.000174,0.000174,1.198094,1.349674
1997-01-03,1161.95,1.0,0.010875,0.010875,1.211123,1.364352
1997-01-06,1155.45,1.0,-0.005594,-0.005594,1.204348,1.356719
1997-01-07,1164.4,1.0,0.007746,0.007746,1.213677,1.367228
1997-01-08,1160.25,1.0,-0.003564,-0.003564,1.209351,1.362355
1997-01-09,1163.65,1.0,0.00293,0.00293,1.212895,1.366348
1997-01-10,1171.35,1.0,0.006617,0.006617,1.220921,1.375389
1997-01-13,1169.05,1.0,-0.001964,-0.001964,1.218523,1.372688
1997-01-14,1177.95,1.0,0.007613,0.007613,1.2278,1.383139
1997-01-15,1176.4,1.0,-0.001316,-0.001316,1.226184,1.381319
1997-01-16,1180.0,1.0,0.00306,0.00306,1.229937,1.385546
1997-01-17,1185.5,1.0,0.004661,0.004661,1.23567,1.392004
1997-01-20,1184.9,1.0,-0.000506,-0.000506,1.235044,1.391299
1997-01-21,1191.7,1.0,0.005739,0.005739,1.242132,1.399284
1997-01-22,1196.35,1.0,0.003902,0.003902,1.246979,1.404744
1997-01-23,1185.0,1.0,-0.009487,-0.009487,1.235148,1.391417
1997-01-24,1174.5,1.0,-0.008861,-0.008861,1.224204,1.379088
1997-01-27,1173.7,1.0,-0.000681,-0.000681,1.22337,1.378148
1997-01-28,1176.25,1.0,0.002173,0.002173,1.226028,1.381142
1997-01-29,1183.05,1.0,0.005781,0.005781,1.233116,1.389127
1997-01-30,1192.7,1.0,0.008157,0.008157,1.243174,1.400458
1997-01-31,1192.25,1.0,-0.000377,-0.000377,1.242705,1.39993
1997-02-03,1194.5,1.0,0.001887,0.001887,1.24505,1.402571
1997-02-04,1198.45,1.0,0.003307,0.003307,1.249168,1.40721
1997-02-05,1185.25,1.0,-0.011014,-0.011014,1.235409,1.39171
1997-02-06,1187.4,1.0,0.001814,0.001814,1.23765,1.394235
1997-02-07,1199.1,1.0,0.009853,0.009853,1.249845,1.407973
1997-02-10,1192.8,1.0,-0.005254,-0.005254,1.243278,1.400575
1997-02-11,1199.6,1.0,0.005701,0.005701,1.250366,1.40856
1997-02-12,1212.0,1.0,0.010337,0.010337,1.263291,1.42312
1997-02-13,1218.9,1.0,0.005693,0.005693,1.270483,1.431222
1997-02-14,1216.95,1.0,-0.0016,-0.0016,1.26845,1.428932
1997-02-18,1223.1,1.0,0.005054,0.005054,1.274861,1.436153
1997-02-19,1219.05,1.0,-0.003311,-0.003311,1.270639,1.431398
1997-02-20,1209.1,1.0,-0.008162,-0.008162,1.260268,1.419715
1997-02-21,1209.2,1.0,8.3e-05,8.3e-05,1.260372,1.419832
1997-02-24,1217.3,1.0,0.006699,0.006699,1.268815,1.429343
1997-02-25,1218.9,1.0,0.001314,0.001314,1.270483,1.431222
1997-02-26,1208.5,1.0,-0.008532,-0.008532,1.259643,1.41901
1997-02-27,1197.25,1.0,-0.009309,-0.009309,1.247917,1.405801
1997-02-28,1195.15,1.0,-0.001754,-0.001754,1.245728,1.403335
1997-03-03,1200.0,1.0,0.004058,0.004058,1.250783,1.40903
1997-03-04,1196.8,1.0,-0.002667,-0.002667,1.247448,1.405272
1997-03-05,1209.0,1.0,0.010194,0.010194,1.260164,1.419597
1997-03-06,1205.35,1.0,-0.003019,-0.003019,1.25636,1.415311
1997-03-07,1211.95,1.0,0.005476,0.005476,1.263239,1.423061
1997-03-10,1219.75,1.0,0.006436,0.006436,1.271369,1.43222
1997-03-11,1216.05,1.0,-0.003033,-0.003033,1.267512,1.427875
1997-03-12,1208.4,1.0,-0.006291,-0.006291,1.259539,1.418893
1997-03-13,1194.95,1.0,-0.01113,-0.01113,1.245519,1.4031
1997-03-14,1200.0,1.0,0.004226,0.004226,1.250783,1.40903
1997-03-17,1201.4,1.0,0.001167,0.001167,1.252242,1.410673
1997-03-18,1192.0,1.0,-0.007824,-0.007824,1.242445,1.399636
1997-03-19,1189.25,1.0,-0.002307,-0.002307,1.239578,1.396407
1997-03-20,1187.3,1.0,-0.00164,-0.00164,1.237546,1.394117
1997-03-21,1188.75,1.0,0.001221,0.001221,1.239057,1.39582
1997-03-24,1198.25,1.0,0.007992,0.007992,1.248959,1.406975
1997-03-25,1192.2,1.0,-0.005049,-0.005049,1.242653,1.399871
1997-03-26,1195.2,1.0,0.002516,0.002516,1.24578,1.403393
1997-03-27,1172.5,1.0,-0.018993,-0.018993,1.222119,1.376739
1997-03-31,1155.0,1.0,-0.014925,-0.014925,1.203879,1.356191
1997-04-01,1162.0,0.0,-0.001,0.006061,1.202675,1.36441
1997-04-02,1148.3,0.0,0.0,-0.01179,1.202675,1.348324
1997-04-03,1150.85,0.0,0.0,0.002221,1.202675,1.351318
1997-04-04,1159.6,0.0,0.0,0.007603,1.202675,1.361592
1997-04-07,1164.3,0.0,0.0,0.004053,1.202675,1.367111
1997-04-08,1169.05,0.0,0.0,0.00408,1.202675,1.372688
1997-04-09,1162.6,0.0,0.0,-0.005517,1.202675,1.365115
1997-04-10,1160.35,0.0,0.0,-0.001935,1.202675,1.362473
1997-04-11,1135.6,0.0,0.0,-0.02133,1.202675,1.333412
1997-04-14,1144.3,0.0,0.0,0.007661,1.202675,1.343627
1997-04-15,1156.7,0.0,0.0,0.010836,1.202675,1.358187
1997-04-16,1165.3,0.0,0.0,0.007435,1.202675,1.368285
1997-04-17,1163.1,0.0,0.0,-0.001888,1.202675,1.365702
1997-04-18,1167.25,0.0,0.0,0.003568,1.202675,1.370575
1997-04-21,1161.2,0.0,0.0,-0.005183,1.202675,1.363471
1997-04-22,1177.75,0.0,0.0,0.014252,1.202675,1.382904
1997-04-23,1177.2,0.0,0.0,-0.000467,1.202675,1.382258
1997-04-24,1173.35,0.0,0.0,-0.00327,1.202675,1.377737
1997-04-25,1165.9,0.0,0.0,-0.006349,1.202675,1.36899
1997-04-28,1172.2,0.0,0.0,0.005404,1.202675,1.376387
1997-04-29,1196.8,0.0,0.0,0.020986,1.202675,1.405272
1997-04-30,1199.8,0.0,0.0,0.002507,1.202675,1.408795
1997-05-01,1199.05,1.0,-0.001625,-0.000625,1.20072,1.407914
1997-05-02,1213.55,1.0,0.012093,0.012093,1.215241,1.42494
1997-05-05,1233.6,1.0,0.016522,0.016522,1.235319,1.448482
1997-05-06,1231.85,1.0,-0.001419,-0.001419,1.233566,1.446428
1997-05-07,1214.65,1.0,-0.013963,-0.013963,1.216342,1.426231
1997-05-08,1219.55,1.0,0.004034,0.004034,1.221249,1.431985
1997-05-09,1226.65,1.0,0.005822,0.005822,1.228359,1.440322
1997-05-12,1238.35,1.0,0.009538,0.009538,1.240075,1.45406
1997-05-13,1234.85,1.0,-0.002826,-0.002826,1.23657,1.44995
1997-05-14,1236.95,1.0,0.001701,0.001701,1.238673,1.452416
1997-05-15,1241.75,1.0,0.003881,0.003881,1.24348,1.458052
1997-05-16,1229.05,1.0,-0.010228,-0.010228,1.230762,1.44314
1997-05-19,1233.05,1.0,0.003255,0.003255,1.234768,1.447837
1997-05-20,1241.55,1.0,0.006893,0.006893,1.24328,1.457817
1997-05-21,1239.9,1.0,-0.001329,-0.001329,1.241627,1.45588
1997-05-22,1237.25,1.0,-0.002137,-0.002137,1.238974,1.452768
1997-05-23,1244.75,1.0,0.006062,0.006062,1.246484,1.461575
1997-05-27,1248.35,1.0,0.002892,0.002892,1.250089,1.465802
1997-05-28,1247.55,1.0,-0.000641,-0.000641,1.249288,1.464862
1997-05-29,1242.5,1.0,-0.004048,-0.004048,1.244231,1.458933
1997-05-30,1247.6,1.0,0.004105,0.004105,1.249338,1.464921
1997-06-02,1243.2,1.0,-0.003527,-0.003527,1.244932,1.459755
1997-06-03,1240.15,1.0,-0.002453,-0.002453,1.241878,1.456173
1997-06-04,1239.1,1.0,-0.000847,-0.000847,1.240826,1.45494
1997-06-05,1243.0,1.0,0.003147,0.003147,1.244732,1.45952
1997-06-06,1259.5,1.0,0.013274,0.013274,1.261255,1.478894
1997-06-09,1262.85,1.0,0.00266,0.00266,1.264609,1.482827
1997-06-10,1265.7,1.0,0.002257,0.002257,1.267463,1.486174
1997-06-11,1267.55,1.0,0.001462,0.001462,1.269316,1.488346
1997-06-12,1283.25,1.0,0.012386,0.012386,1.285038,1.506781
1997-06-13,1291.6,1.0,0.006507,0.006507,1.293399,1.516585
1997-06-16,1292.3,1.0,0.000542,0.000542,1.2941,1.517407
1997-06-17,1290.9,1.0,-0.001083,-0.001083,1.292698,1.515764
1997-06-18,1287.45,1.0,-0.002673,-0.002673,1.289244,1.511713
1997-06-19,1295.65,1.0,0.006369,0.006369,1.297455,1.521341
1997-06-20,1293.0,1.0,-0.002045,-0.002045,1.294801,1.518229
1997-06-23,1269.9,1.0,-0.017865,-0.017865,1.271669,1.491106
1997-06-24,1293.15,1.0,0.018309,0.018309,1.294952,1.518405
1997-06-25,1284.4,1.0,-0.006766,-0.006766,1.286189,1.508131
1997-06-26,1282.4,1.0,-0.001557,-0.001557,1.284187,1.505783
1997-06-27,1285.05,1.0,0.002066,0.002066,1.28684,1.508894
1997-06-30,1278.4,1.0,-0.005175,-0.005175,1.280181,1.501086
1997-07-01,1289.4,1.0,0.008605,0.008605,1.291196,1.514002
1997-07-02,1303.65,1.0,0.011052,0.011052,1.305466,1.530734
1997-07-03,1315.9,1.0,0.009397,0.009397,1.317733,1.545118
1997-07-07,1306.5,1.0,-0.007143,-0.007143,1.30832,1.534081
1997-07-08,1315.95,1.0,0.007233,0.007233,1.317783,1.545177
1997-07-09,1306.15,1.0,-0.007447,-0.007447,1.30797,1.53367
1997-07-10,1309.65,1.0,0.00268,0.00268,1.311475,1.53778
1997-07-11,1312.55,1.0,0.002214,0.002214,1.314379,1.541185
1997-07-14,1315.0,1.0,0.001867,0.001867,1.316832,1.544062
1997-07-15,1319.9,1.0,0.003726,0.003726,1.321739,1.549815
1997-07-16,1330.45,1.0,0.007993,0.007993,1.332303,1.562203
1997-07-17,1326.1,1.0,-0.00327,-0.00327,1.327947,1.557095
1997-07-18,1305.15,1.0,-0.015798,-0.015798,1.306968,1.532496
1997-07-21,1305.9,1.0,0.000575,0.000575,1.307719,1.533376
1997-07-22,1330.4,1.0,0.018761,0.018761,1.332253,1.562144
1997-07-23,1329.4,1.0,-0.000752,-0.000752,1.331252,1.56097
1997-07-24,1334.0,1.0,0.00346,0.00346,1.335858,1.566371
1997-07-25,1333.05,1.0,-0.000712,-0.000712,1.334907,1.565256
1997-07-28,1331.8,1.0,-0.000938,-0.000938,1.333655,1.563788
1997-07-29,1335.15,1.0,0.002515,0.002515,1.33701,1.567721
1997-07-30,1345.3,1.0,0.007602,0.007602,1.347174,1.57964
1997-07-31,1346.1,1.0,0.000595,0.000595,1.347975,1.580579
1997-08-01,1341.15,1.0,-0.003677,-0.003677,1.343018,1.574767
1997-08-04,1343.55,1.0,0.00179,0.00179,1.345422,1.577585
1997-08-05,1344.65,1.0,0.000819,0.000819,1.346523,1.578876
1997-08-06,1351.75,1.0,0.00528,0.00528,1.353633,1.587213
1997-08-07,1344.4,1.0,-0.005437,-0.005437,1.346273,1.578583
1997-08-08,1324.55,1.0,-0.014765,-0.014765,1.326395,1.555275
1997-08-11,1330.7,1.0,0.004643,0.004643,1.332554,1.562496
1997-08-12,1315.8,1.0,-0.011197,-0.011197,1.317633,1.545001
1997-08-13,1313.95,1.0,-0.001406,-0.001406,1.315781,1.542829
1997-08-14,1316.2,1.0,0.001712,0.001712,1.318034,1.545471
1997-08-15,1286.95,1.0,-0.022223,-0.022223,1.288743,1.511125
1997-08-18,1306.9,1.0,0.015502,0.015502,1.308721,1.534551
1997-08-19,1319.15,1.0,0.009373,0.009373,1.320988,1.548934
1997-08-20,1332.7,1.0,0.010272,0.010272,1.334557,1.564845
1997-08-21,1314.8,1.0,-0.013431,-0.013431,1.316632,1.543827
1997-08-22,1314.3,1.0,-0.00038,-0.00038,1.316131,1.54324
1997-08-25,1311.5,1.0,-0.00213,-0.00213,1.313327,1.539952
1997-08-26,1295.15,1.0,-0.012467,-0.012467,1.296954,1.520754
1997-08-27,1302.15,1.0,0.005405,0.005405,1.303964,1.528973
1997-08-28,1287.95,1.0,-0.010905,-0.010905,1.289744,1.5123
1997-08-29,1291.25,1.0,0.002562,0.002562,1.293049,1.516174
1997-09-01,1293.0,0.5,0.000178,0.001355,1.293279,1.518229
1997-09-02,1321.65,0.5,0.011079,0.022158,1.307607,1.55187
1997-09-03,1316.15,0.5,-0.002081,-0.004161,1.304886,1.545412
1997-09-04,1321.15,0.5,0.001899,0.003799,1.307364,1.551283
1997-09-05,1319.9,0.5,-0.000473,-0.000946,1.306746,1.549815
1997-09-08,1321.5,0.5,0.000606,0.001212,1.307538,1.551694
1997-09-09,1322.15,0.5,0.000246,0.000492,1.30786,1.552457
1997-09-10,1303.4,0.5,-0.007091,-0.014181,1.298586,1.530441
1997-09-11,1296.75,0.5,-0.002551,-0.005102,1.295273,1.522633
1997-09-12,1312.35,0.5,0.006015,0.01203,1.303064,1.54095
1997-09-15,1310.0,0.5,-0.000895,-0.001791,1.301898,1.538191
1997-09-16,1334.5,0.5,0.009351,0.018702,1.314072,1.566958
1997-09-17,1334.4,0.5,-3.7e-05,-7.5e-05,1.314023,1.566841
1997-09-18,1336.35,0.5,0.000731,0.001461,1.314983,1.569131
1997-09-19,1339.1,0.5,0.001029,0.002058,1.316336,1.57236
1997-09-22,1344.7,0.5,0.002091,0.004182,1.319088,1.578935
1997-09-23,1340.5,0.5,-0.001562,-0.003123,1.317028,1.574003
1997-09-24,1332.9,0.5,-0.002835,-0.00567,1.313295,1.56508
1997-09-25,1325.0,0.5,-0.002963,-0.005927,1.309403,1.555803
1997-09-26,1331.5,0.5,0.002453,0.004906,1.312615,1.563436
1997-09-29,1340.25,0.5,0.003286,0.006572,1.316927,1.57371
1997-09-30,1333.0,0.5,-0.002705,-0.005409,1.313366,1.565197
1997-10-01,1341.9,1.0,0.006177,0.006677,1.321478,1.575647
1997-10-02,1347.6,1.0,0.004248,0.004248,1.327091,1.58234
1997-10-03,1353.95,1.0,0.004712,0.004712,1.333344,1.589796
1997-10-06,1360.0,1.0,0.004468,0.004468,1.339302,1.5969
1997-10-07,1368.1,1.0,0.005956,0.005956,1.347279,1.606411
1997-10-08,1360.85,1.0,-0.005299,-0.005299,1.340139,1.597898
1997-10-09,1356.55,1.0,-0.00316,-0.00316,1.335905,1.592849
1997-10-10,1355.15,1.0,-0.001032,-0.001032,1.334526,1.591205
1997-10-13,1354.85,1.0,-0.000221,-0.000221,1.334231,1.590853
1997-10-14,1356.0,1.0,0.000849,0.000849,1.335363,1.592203
1997-10-15,1352.0,1.0,-0.00295,-0.00295,1.331424,1.587507
1997-10-16,1338.3,1.0,-0.010133,-0.010133,1.317933,1.57142
1997-10-17,1327.15,1.0,-0.008331,-0.008331,1.306952,1.558328
1997-10-20,1340.75,1.0,0.010248,0.010248,1.320345,1.574297
1997-10-21,1357.95,1.0,0.012829,0.012829,1.337284,1.594493
1997-10-22,1352.8,1.0,-0.003792,-0.003792,1.332212,1.588446
1997-10-23,1334.0,1.0,-0.013897,-0.013897,1.313698,1.566371
1997-10-24,1322.5,1.0,-0.008621,-0.008621,1.302373,1.552868
1997-10-27,1252.5,1.0,-0.05293,-0.05293,1.233438,1.470675
1997-10-28,1303.0,1.0,0.040319,0.040319,1.28317,1.529971
1997-10-29,1302.75,1.0,-0.000192,-0.000192,1.282924,1.529678
1997-10-30,1281.6,1.0,-0.016235,-0.016235,1.262095,1.504844
1997-10-31,1302.5,1.0,0.016308,0.016308,1.282677,1.529384
1997-11-03,1324.2,0.0,-0.001,0.01666,1.281395,1.554864
1997-11-04,1320.5,0.0,0.0,-0.002794,1.281395,1.55052
1997-11-05,1325.5,0.0,0.0,0.003786,1.281395,1.556391
1997-11-06,1320.7,0.0,0.0,-0.003621,1.281395,1.550754
1997-11-07,1309.8,0.0,0.0,-0.008253,1.281395,1.537956
1997-11-10,1304.7,0.0,0.0,-0.003894,1.281395,1.531967
1997-11-11,1305.1,0.0,0.0,0.000307,1.281395,1.532437
1997-11-12,1286.8,0.0,0.0,-0.014022,1.281395,1.510949
1997-11-13,1297.7,0.0,0.0,0.008471,1.281395,1.523748
1997-11-14,1311.1,0.0,0.0,0.010326,1.281395,1.539482
1997-11-17,1328.4,0.0,0.0,0.013195,1.281395,1.559796
1997-11-18,1321.1,0.0,0.0,-0.005495,1.281395,1.551224
1997-11-19,1326.3,0.0,0.0,0.003936,1.281395,1.55733
1997-11-20,1341.5,0.0,0.0,0.01146,1.281395,1.575178
1997-11-21,1348.1,0.0,0.0,0.00492,1.281395,1.582927
1997-11-24,1328.3,0.0,0.0,-0.014687,1.281395,1.559678
1997-11-25,1330.2,0.0,0.0,0.00143,1.281395,1.561909
1997-11-26,1333.5,0.0,0.0,0.002481,1.281395,1.565784
1997-11-27,1337.1,0.0,0.0,0.0027,1.281395,1.570011
1997-11-28,1333.4,0.0,0.0,-0.002767,1.281395,1.565667
1997-12-01,1358.1,1.0,0.017524,0.018524,1.30385,1.594669
1997-12-02,1353.6,1.0,-0.003313,-0.003313,1.29953,1.589385
1997-12-03,1356.0,1.0,0.001773,0.001773,1.301834,1.592203
1997-12-04,1355.4,1.0,-0.000442,-0.000442,1.301258,1.591499
1997-12-05,1365.1,1.0,0.007157,0.007157,1.31057,1.602889
1997-12-08,1363.1,1.0,-0.001465,-0.001465,1.30865,1.60054
1997-12-09,1357.4,1.0,-0.004182,-0.004182,1.303178,1.593847
1997-12-10,1348.7,1.0,-0.006409,-0.006409,1.294825,1.583632
1997-12-11,1332.9,1.0,-0.011715,-0.011715,1.279657,1.56508
1997-12-12,1334.0,1.0,0.000825,0.000825,1.280713,1.566371
1997-12-15,1341.8,1.0,0.005847,0.005847,1.288201,1.57553
1997-12-16,1348.0,1.0,0.004621,0.004621,1.294153,1.58281
1997-12-17,1343.0,1.0,-0.003709,-0.003709,1.289353,1.576939
1997-12-18,1332.5,1.0,-0.007818,-0.007818,1.279273,1.56461
1997-12-19,1325.1,1.0,-0.005553,-0.005553,1.272168,1.555921
1997-12-22,1330.4,1.0,0.004,0.004,1.277256,1.562144
1997-12-23,1312.6,1.0,-0.013379,-0.013379,1.260168,1.541243
1997-12-24,1309.8,1.0,-0.002133,-0.002133,1.257479,1.537956
1997-12-26,1313.5,1.0,0.002825,0.002825,1.261032,1.5423
1997-12-29,1333.4,1.0,0.01515,0.01515,1.280137,1.565667
1997-12-30,1346.9,1.0,0.010124,0.010124,1.293097,1.581518
1997-12-31,1346.7,1.0,-0.000148,-0.000148,1.292905,1.581283
1998-01-02,1352.3,0.5,0.001579,0.004158,1.294947,1.587859
1998-01-05,1354.5,0.5,0.000813,0.001627,1.296,1.590442
1998-01-06,1338.6,0.5,-0.005869,-0.011739,1.288394,1.571772
1998-01-07,1341.6,0.5,0.001121,0.002241,1.289838,1.575295
1998-01-08,1328.8,0.5,-0.00477,-0.009541,1.283684,1.560265
1998-01-09,1297.1,0.5,-0.011928,-0.023856,1.268373,1.523044
1998-01-12,1313.1,0.5,0.006168,0.012335,1.276195,1.541831
1998-01-13,1327.1,0.5,0.005331,0.010662,1.282999,1.558269
1998-01-14,1330.9,0.5,0.001432,0.002863,1.284836,1.562731
1998-01-15,1322.7,0.5,-0.003081,-0.006161,1.280877,1.553103
1998-01-16,1336.0,0.5,0.005028,0.010055,1.287317,1.56872
1998-01-19,1339.4,0.5,0.001272,0.002545,1.288955,1.572712
1998-01-20,1352.8,0.5,0.005002,0.010004,1.295403,1.588446
1998-01-21,1343.0,0.5,-0.003622,-0.007244,1.290711,1.576939
1998-01-22,1333.9,0.5,-0.003388,-0.006776,1.286338,1.566254
1998-01-23,1332.0,0.5,-0.000712,-0.001424,1.285422,1.564023
1998-01-26,1331.2,0.5,-0.0003,-0.000601,1.285036,1.563083
1998-01-27,1341.3,0.5,0.003794,0.007587,1.289911,1.574943
1998-01-28,1349.7,0.5,0.003131,0.006263,1.29395,1.584806
1998-01-29,1354.7,0.5,0.001852,0.003705,1.296346,1.590677
1998-01-30,1355.4,0.5,0.000258,0.000517,1.296681,1.591499
1998-02-02,1371.6,1.0,0.011452,0.011952,1.311531,1.610521
1998-02-03,1378.3,1.0,0.004885,0.004885,1.317938,1.618388
1998-02-04,1377.3,1.0,-0.000726,-0.000726,1.316982,1.617214
1998-02-05,1377.1,1.0,-0.000145,-0.000145,1.31679,1.616979
1998-02-06,1386.2,1.0,0.006608,0.006608,1.325492,1.627664
1998-02-09,1382.6,1.0,-0.002597,-0.002597,1.32205,1.623437
1998-02-10,1391.8,1.0,0.006654,0.006654,1.330847,1.634239
1998-02-11,1391.3,1.0,-0.000359,-0.000359,1.330369,1.633652
1998-02-12,1394.3,1.0,0.002156,0.002156,1.333237,1.637175
1998-02-13,1389.9,1.0,-0.003156,-0.003156,1.32903,1.632008
1998-02-17,1395.1,1.0,0.003741,0.003741,1.334002,1.638114
1998-02-18,1402.8,1.0,0.005519,0.005519,1.341365,1.647156
1998-02-19,1398.3,1.0,-0.003208,-0.003208,1.337062,1.641872
1998-02-20,1405.1,1.0,0.004863,0.004863,1.343564,1.649856
1998-02-23,1408.9,1.0,0.002704,0.002704,1.347198,1.654318
1998-02-24,1401.3,1.0,-0.005394,-0.005394,1.339931,1.645394
1998-02-25,1413.2,1.0,0.008492,0.008492,1.351309,1.659367
1998-02-26,1419.7,1.0,0.004599,0.004599,1.357525,1.666999
1998-02-27,1418.1,1.0,-0.001127,-0.001127,1.355995,1.665121
1998-03-02,1417.7,1.0,-0.000282,-0.000282,1.355612,1.664651
1998-03-03,1423.2,1.0,0.00388,0.00388,1.360871,1.671109
1998-03-04,1415.5,1.0,-0.00541,-0.00541,1.353509,1.662068
1998-03-05,1406.3,1.0,-0.006499,-0.006499,1.344712,1.651265
1998-03-06,1424.8,1.0,0.013155,0.013155,1.362401,1.672988
1998-03-09,1421.6,1.0,-0.002246,-0.002246,1.359342,1.66923
1998-03-10,1432.6,1.0,0.007738,0.007738,1.36986,1.682146
1998-03-11,1436.2,1.0,0.002513,0.002513,1.373302,1.686374
1998-03-12,1440.1,1.0,0.002715,0.002715,1.377031,1.690953
1998-03-13,1437.0,1.0,-0.002153,-0.002153,1.374067,1.687313
1998-03-16,1447.8,1.0,0.007516,0.007516,1.384394,1.699994
1998-03-17,1450.3,1.0,0.001727,0.001727,1.386785,1.70293
1998-03-18,1453.8,1.0,0.002413,0.002413,1.390131,1.707039
1998-03-19,1457.8,1.0,0.002751,0.002751,1.393956,1.711736
1998-03-20,1467.3,1.0,0.006517,0.006517,1.40304,1.722891
1998-03-23,1464.4,1.0,-0.001976,-0.001976,1.400267,1.719486
1998-03-24,1473.2,1.0,0.006009,0.006009,1.408682,1.729819
1998-03-25,1469.8,1.0,-0.002308,-0.002308,1.405431,1.725826
1998-03-26,1466.9,1.0,-0.001973,-0.001973,1.402658,1.722421
1998-03-27,1463.6,1.0,-0.00225,-0.00225,1.399502,1.718546
1998-03-30,1461.8,1.0,-0.00123,-0.00123,1.397781,1.716433
1998-03-31,1466.6,1.0,0.003284,0.003284,1.402371,1.722069
1998-04-01,1474.3,1.0,0.00525,0.00525,1.409734,1.73111
1998-04-02,1487.1,1.0,0.008682,0.008682,1.421973,1.74614
1998-04-03,1490.8,1.0,0.002488,0.002488,1.425511,1.750484
1998-04-06,1483.1,1.0,-0.005165,-0.005165,1.418148,1.741443
1998-04-07,1475.1,1.0,-0.005394,-0.005394,1.410499,1.73205
1998-04-08,1467.9,1.0,-0.004881,-0.004881,1.403614,1.723595
1998-04-09,1475.6,1.0,0.005246,0.005246,1.410977,1.732637
1998-04-13,1473.3,1.0,-0.001559,-0.001559,1.408777,1.729936
1998-04-14,1481.2,1.0,0.005362,0.005362,1.416331,1.739212
1998-04-15,1484.4,1.0,0.00216,0.00216,1.419391,1.74297
1998-04-16,1471.6,1.0,-0.008623,-0.008623,1.407152,1.72794
1998-04-17,1486.7,1.0,0.010261,0.010261,1.421591,1.74567
1998-04-20,1485.1,1.0,-0.001076,-0.001076,1.420061,1.743791
1998-04-21,1491.5,1.0,0.004309,0.004309,1.42618,1.751306
1998-04-22,1492.5,1.0,0.00067,0.00067,1.427136,1.75248
1998-04-23,1482.6,1.0,-0.006633,-0.006633,1.41767,1.740856
1998-04-24,1468.9,1.0,-0.009241,-0.009241,1.40457,1.72477
1998-04-27,1449.6,1.0,-0.013139,-0.013139,1.386115,1.702108
1998-04-28,1447.1,1.0,-0.001725,-0.001725,1.383725,1.699172
1998-04-29,1452.9,1.0,0.004008,0.004008,1.389271,1.705983
1998-04-30,1475.3,1.0,0.015417,0.015417,1.41069,1.732284
1998-05-01,1485.7,1.0,0.007049,0.007049,1.420634,1.744496
1998-05-04,1484.0,1.0,-0.001144,-0.001144,1.419009,1.7425
1998-05-05,1476.0,1.0,-0.005391,-0.005391,1.411359,1.733106
1998-05-06,1462.9,1.0,-0.008875,-0.008875,1.398833,1.717724
1998-05-07,1454.4,1.0,-0.00581,-0.00581,1.390705,1.707744
1998-05-08,1471.6,1.0,0.011826,0.011826,1.407152,1.72794
1998-05-11,1468.4,1.0,-0.002175,-0.002175,1.404092,1.724182
1998-05-12,1478.2,1.0,0.006674,0.006674,1.413463,1.73569
1998-05-13,1480.1,1.0,0.001285,0.001285,1.41528,1.737921
1998-05-14,1475.5,1.0,-0.003108,-0.003108,1.410881,1.732519
1998-05-15,1468.5,1.0,-0.004744,-0.004744,1.404188,1.7243
1998-05-18,1464.4,1.0,-0.002792,-0.002792,1.400267,1.719486
1998-05-19,1471.5,1.0,0.004848,0.004848,1.407056,1.727822
1998-05-20,1480.2,1.0,0.005912,0.005912,1.415375,1.738038
1998-05-21,1474.3,1.0,-0.003986,-0.003986,1.409734,1.73111
1998-05-22,1470.1,1.0,-0.002849,-0.002849,1.405717,1.726179
1998-05-26,1450.1,1.0,-0.013605,-0.013605,1.386593,1.702695
1998-05-27,1452.6,1.0,0.001724,0.001724,1.388984,1.70563
1998-05-28,1456.8,1.0,0.002891,0.002891,1.393,1.710562
1998-05-29,1446.9,1.0,-0.006796,-0.006796,1.383534,1.698937
1998-06-01,1451.3,1.0,0.003041,0.003041,1.387741,1.704104
1998-06-02,1451.8,1.0,0.000345,0.000345,1.388219,1.704691
1998-06-03,1434.4,1.0,-0.011985,-0.011985,1.371581,1.68426
1998-06-04,1453.8,1.0,0.013525,0.013525,1.390131,1.707039
1998-06-05,1473.5,1.0,0.013551,0.013551,1.408969,1.730171
1998-06-08,1473.1,1.0,-0.000271,-0.000271,1.408586,1.729701
1998-06-09,1475.6,1.0,0.001697,0.001697,1.410977,1.732637
1998-06-10,1469.2,1.0,-0.004337,-0.004337,1.404857,1.725122
1998-06-11,1448.0,1.0,-0.01443,-0.01443,1.384585,1.700229
1998-06-12,1456.6,1.0,0.005939,0.005939,1.392809,1.710327
1998-06-15,1429.7,1.0,-0.018468,-0.018468,1.367087,1.678741
1998-06-16,1443.9,1.0,0.009932,0.009932,1.380665,1.695415
1998-06-17,1466.5,1.0,0.015652,0.015652,1.402275,1.721952
1998-06-18,1462.5,1.0,-0.002728,-0.002728,1.39845,1.717255
1998-06-19,1456.7,1.0,-0.003966,-0.003966,1.392904,1.710444
1998-06-22,1461.1,1.0,0.003021,0.003021,1.397112,1.715611
1998-06-23,1474.3,1.0,0.009034,0.009034,1.409734,1.73111
1998-06-24,1490.0,1.0,0.010649,0.010649,1.424746,1.749545
1998-06-25,1487.9,1.0,-0.001409,-0.001409,1.422738,1.747079
1998-06-26,1492.0,1.0,0.002756,0.002756,1.426658,1.751893
1998-06-29,1495.9,1.0,0.002614,0.002614,1.430388,1.756473
1998-06-30,1487.4,1.0,-0.005682,-0.005682,1.42226,1.746492
1998-07-01,1500.8,1.0,0.009009,0.009009,1.435073,1.762226
1998-07-02,1502.4,1.0,0.001066,0.001066,1.436603,1.764105
1998-07-06,1513.8,1.0,0.007588,0.007588,1.447504,1.777491
1998-07-07,1511.7,1.0,-0.001387,-0.001387,1.445496,1.775025
1998-07-08,1519.3,1.0,0.005027,0.005027,1.452763,1.783949
1998-07-09,1511.9,1.0,-0.004871,-0.004871,1.445687,1.77526
1998-07-10,1516.8,1.0,0.003241,0.003241,1.450372,1.781013
1998-07-13,1518.1,1.0,0.000857,0.000857,1.451615,1.78254
1998-07-14,1530.2,1.0,0.00797,0.00797,1.463185,1.796747
1998-07-15,1527.8,1.0,-0.001568,-0.001568,1.460891,1.793929
1998-07-16,1535.6,1.0,0.005105,0.005105,1.468349,1.803088
1998-07-17,1538.2,1.0,0.001693,0.001693,1.470835,1.806141
1998-07-20,1538.0,1.0,-0.00013,-0.00013,1.470644,1.805906
1998-07-21,1517.2,1.0,-0.013524,-0.013524,1.450755,1.781483
1998-07-22,1516.2,1.0,-0.000659,-0.000659,1.449799,1.780309
1998-07-23,1491.9,1.0,-0.016027,-0.016027,1.426563,1.751776
1998-07-24,1491.8,1.0,-6.7e-05,-6.7e-05,1.426467,1.751659
1998-07-27,1497.6,1.0,0.003888,0.003888,1.432013,1.758469
1998-07-28,1479.9,1.0,-0.011819,-0.011819,1.415088,1.737686
1998-07-29,1473.7,1.0,-0.004189,-0.004189,1.40916,1.730406
1998-07-30,1490.5,1.0,0.0114,0.0114,1.425224,1.750132
1998-07-31,1467.4,1.0,-0.015498,-0.015498,1.403136,1.723008
1998-08-03,1462.0,0.5,-0.00234,-0.00368,1.399852,1.716668
1998-08-04,1418.4,0.5,-0.014911,-0.029822,1.378979,1.665473
1998-08-05,1432.9,0.5,0.005111,0.010223,1.386028,1.682499
1998-08-06,1436.9,0.5,0.001396,0.002792,1.387962,1.687195
1998-08-07,1439.1,0.5,0.000766,0.001531,1.389025,1.689779
1998-08-10,1432.9,0.5,-0.002154,-0.004308,1.386033,1.682499
1998-08-11,1415.4,0.5,-0.006106,-0.012213,1.377569,1.66195
1998-08-12,1434.9,0.5,0.006889,0.013777,1.387058,1.684847
1998-08-13,1420.2,0.5,-0.005122,-0.010245,1.379953,1.667586
1998-08-14,1406.7,0.5,-0.004753,-0.009506,1.373395,1.651735
1998-08-17,1428.9,0.5,0.007891,0.015782,1.384232,1.677802
1998-08-18,1450.5,0.5,0.007558,0.015117,1.394694,1.703164
1998-08-19,1447.1,0.5,-0.001172,-0.002344,1.39306,1.699172
1998-08-20,1438.9,0.5,-0.002833,-0.005667,1.389113,1.689544
1998-08-21,1431.2,0.5,-0.002676,-0.005351,1.385396,1.680503
1998-08-24,1437.6,0.5,0.002236,0.004472,1.388493,1.688017
1998-08-25,1439.9,0.5,0.0008,0.0016,1.389604,1.690718
1998-08-26,1432.2,0.5,-0.002674,-0.005348,1.385889,1.681677
1998-08-27,1380.4,0.5,-0.018084,-0.036168,1.360826,1.620854
1998-08-28,1375.4,0.5,-0.001811,-0.003622,1.358362,1.614983
1998-08-31,1298.4,0.5,-0.027992,-0.055984,1.320339,1.52457
1998-09-01,1343.9,0.0,-0.0005,0.035043,1.319678,1.577996
1998-09-02,1335.2,0.0,0.0,-0.006474,1.319678,1.56778
1998-09-03,1329.9,0.0,0.0,-0.003969,1.319678,1.561557
1998-09-04,1320.4,0.0,0.0,-0.007143,1.319678,1.550402
1998-09-08,1371.9,0.0,0.0,0.039003,1.319678,1.610873
1998-09-09,1347.4,0.0,0.0,-0.017858,1.319678,1.582105
1998-09-10,1313.8,0.0,0.0,-0.024937,1.319678,1.542652
1998-09-11,1357.6,0.0,0.0,0.033338,1.319678,1.594082
1998-09-14,1375.0,0.0,0.0,0.012817,1.319678,1.614513
1998-09-15,1381.1,0.0,0.0,0.004436,1.319678,1.621676
1998-09-16,1392.8,0.0,0.0,0.008472,1.319678,1.635414
1998-09-17,1364.1,0.0,0.0,-0.020606,1.319678,1.601714
1998-09-18,1365.6,0.0,0.0,0.0011,1.319678,1.603476
1998-09-21,1365.1,0.0,0.0,-0.000366,1.319678,1.602889
1998-09-22,1374.1,0.0,0.0,0.006593,1.319678,1.613456
1998-09-23,1412.3,0.0,0.0,0.0278,1.319678,1.65831
1998-09-24,1388.4,0.0,0.0,-0.016923,1.319678,1.630247
1998-09-25,1385.6,0.0,0.0,-0.002017,1.319678,1.626959
1998-09-28,1397.8,0.0,0.0,0.008805,1.319678,1.641285
1998-09-29,1392.1,0.0,0.0,-0.004078,1.319678,1.634592
1998-09-30,1360.6,0.0,0.0,-0.022628,1.319678,1.597605
1998-10-01,1329.4,0.0,0.0,-0.022931,1.319678,1.56097
1998-10-02,1347.6,0.0,0.0,0.01369,1.319678,1.58234
1998-10-05,1329.1,0.0,0.0,-0.013728,1.319678,1.560618
1998-10-06,1328.9,0.0,0.0,-0.00015,1.319678,1.560383
1998-10-07,1313.6,0.0,0.0,-0.011513,1.319678,1.542418
1998-10-08,1303.9,0.0,0.0,-0.007384,1.319678,1.531028
1998-10-09,1326.1,0.0,0.0,0.017026,1.319678,1.557095
1998-10-12,1339.8,0.0,0.0,0.010331,1.319678,1.573181
1998-10-13,1337.6,0.0,0.0,-0.001642,1.319678,1.570598
1998-10-14,1345.4,0.0,0.0,0.005831,1.319678,1.579757
1998-10-15,1398.6,0.0,0.0,0.039542,1.319678,1.642224
1998-10-16,1400.8,0.0,0.0,0.001573,1.319678,1.644807
1998-10-19,1404.1,0.0,0.0,0.002356,1.319678,1.648682
1998-10-20,1408.6,0.0,0.0,0.003205,1.319678,1.653966
1998-10-21,1407.9,0.0,0.0,-0.000497,1.319678,1.653144
1998-10-22,1421.3,0.0,0.0,0.009518,1.319678,1.668878
1998-10-23,1408.7,0.0,0.0,-0.008865,1.319678,1.654083
1998-10-26,1415.1,0.0,0.0,0.004543,1.319678,1.661598
1998-10-27,1409.1,0.0,0.0,-0.00424,1.319678,1.654553
1998-10-28,1405.6,0.0,0.0,-0.002484,1.319678,1.650443
1998-10-29,1431.1,0.0,0.0,0.018142,1.319678,1.680385
1998-10-30,1439.8,0.0,0.0,0.006079,1.319678,1.690601
1998-11-02,1455.8,0.5,0.005056,0.011113,1.326351,1.709388
1998-11-03,1448.6,0.5,-0.002473,-0.004946,1.323071,1.700933
1998-11-04,1459.2,0.5,0.003659,0.007317,1.327912,1.71338
1998-11-05,1475.3,0.5,0.005517,0.011033,1.335238,1.732284
1998-11-06,1482.6,0.5,0.002474,0.004948,1.338541,1.740856
1998-11-09,1471.1,0.5,-0.003878,-0.007757,1.33335,1.727353
1998-11-10,1463.6,0.5,-0.002549,-0.005098,1.329951,1.718546
1998-11-11,1460.8,0.5,-0.000957,-0.001913,1.328679,1.715259
1998-11-12,1458.4,0.5,-0.000821,-0.001643,1.327587,1.712441
1998-11-13,1467.9,0.5,0.003257,0.006514,1.331911,1.723595
1998-11-16,1476.9,0.5,0.003066,0.006131,1.335994,1.734163
1998-11-17,1478.1,0.5,0.000406,0.000813,1.336537,1.735572
1998-11-18,1484.6,0.5,0.002199,0.004398,1.339476,1.743204
1998-11-19,1493.1,0.5,0.002863,0.005725,1.34331,1.753185
1998-11-20,1502.1,0.5,0.003014,0.006028,1.347359,1.763753
1998-11-23,1528.7,0.5,0.008854,0.017709,1.359289,1.794986
1998-11-24,1521.4,0.5,-0.002388,-0.004775,1.356043,1.786415
1998-11-25,1520.7,0.5,-0.00023,-0.00046,1.355731,1.785593
1998-11-27,1528.8,0.5,0.002663,0.005326,1.359342,1.795104
1998-11-30,1497.1,0.5,-0.010368,-0.020735,1.345249,1.757882
1998-12-01,1508.8,1.0,0.007315,0.007815,1.35509,1.77162
1998-12-02,1506.9,1.0,-0.001259,-0.001259,1.353383,1.769389
1998-12-03,1487.6,1.0,-0.012808,-0.012808,1.336049,1.746727
1998-12-04,1514.8,1.0,0.018284,0.018284,1.360478,1.778665
1998-12-07,1522.1,1.0,0.004819,0.004819,1.367035,1.787237
1998-12-08,1516.1,1.0,-0.003942,-0.003942,1.361646,1.780191
1998-12-09,1519.1,1.0,0.001979,0.001979,1.36434,1.783714
1998-12-10,1501.0,1.0,-0.011915,-0.011915,1.348084,1.762461
1998-12-11,1498.0,1.0,-0.001999,-0.001999,1.34539,1.758939
1998-12-14,1471.1,1.0,-0.017957,-0.017957,1.32123,1.727353
1998-12-15,1497.7,1.0,0.018082,0.018082,1.34512,1.758586
1998-12-16,1497.5,1.0,-0.000134,-0.000134,1.344941,1.758351
1998-12-17,1514.9,1.0,0.011619,0.011619,1.360568,1.778782
1998-12-18,1519.9,1.0,0.003301,0.003301,1.365059,1.784653
1998-12-21,1537.3,1.0,0.011448,0.011448,1.380686,1.805084
1998-12-22,1538.7,1.0,0.000911,0.000911,1.381943,1.806728
1998-12-23,1565.3,1.0,0.017287,0.017287,1.405834,1.837962
1998-12-24,1562.2,1.0,-0.00198,-0.00198,1.403049,1.834322
1998-12-28,1556.2,1.0,-0.003841,-0.003841,1.397661,1.827276
1998-12-29,1577.3,1.0,0.013559,0.013559,1.416611,1.852052
1998-12-30,1564.8,1.0,-0.007925,-0.007925,1.405385,1.837375
1998-12-31,1566.9,1.0,0.001342,0.001342,1.407271,1.83984
1999-01-04,1563.6,1.0,-0.002106,-0.002106,1.404307,1.835965
1999-01-05,1575.9,1.0,0.007866,0.007866,1.415354,1.850408
1999-01-06,1602.9,1.0,0.017133,0.017133,1.439603,1.882111
1999-01-07,1600.1,1.0,-0.001747,-0.001747,1.437088,1.878823
1999-01-08,1609.7,1.0,0.006,0.006,1.44571,1.890096
1999-01-11,1596.7,1.0,-0.008076,-0.008076,1.434035,1.874831
1999-01-12,1573.8,1.0,-0.014342,-0.014342,1.413468,1.847942
1999-01-13,1561.7,1.0,-0.007688,-0.007688,1.4026,1.833735
1999-01-14,1541.7,1.0,-0.012807,-0.012807,1.384638,1.810251
1999-01-15,1571.3,1.0,0.0192,0.0192,1.411222,1.845007
1999-01-19,1579.7,1.0,0.005346,0.005346,1.418767,1.85487
1999-01-20,1590.9,1.0,0.00709,0.00709,1.428826,1.868021
1999-01-21,1555.7,1.0,-0.022126,-0.022126,1.397212,1.826689
1999-01-22,1554.7,1.0,-0.000643,-0.000643,1.396313,1.825515
1999-01-25,1566.2,1.0,0.007397,0.007397,1.406642,1.839018
1999-01-26,1588.2,1.0,0.014047,0.014047,1.426401,1.864851
1999-01-27,1571.7,1.0,-0.010389,-0.010389,1.411582,1.845476
1999-01-28,1588.4,1.0,0.010625,0.010625,1.42658,1.865085
1999-01-29,1604.2,1.0,0.009947,0.009947,1.440771,1.883638
1999-02-01,1597.0,1.0,-0.004488,-0.004488,1.434304,1.875183
1999-02-02,1588.0,1.0,-0.005636,-0.005636,1.426221,1.864616
1999-02-03,1601.2,1.0,0.008312,0.008312,1.438076,1.880115
1999-02-04,1582.0,1.0,-0.011991,-0.011991,1.420832,1.857571
1999-02-05,1566.2,1.0,-0.009987,-0.009987,1.406642,1.839018
1999-02-08,1569.9,1.0,0.002362,0.002362,1.409965,1.843363
1999-02-09,1541.7,1.0,-0.017963,-0.017963,1.384638,1.810251
1999-02-10,1548.1,1.0,0.004151,0.004151,1.390386,1.817766
1999-02-11,1585.2,1.0,0.023965,0.023965,1.423706,1.861328
1999-02-12,1561.0,1.0,-0.015266,-0.015266,1.401972,1.832913
1999-02-16,1564.9,1.0,0.002498,0.002498,1.405474,1.837492
1999-02-17,1552.0,1.0,-0.008243,-0.008243,1.393889,1.822345
1999-02-18,1561.1,1.0,0.005863,0.005863,1.402061,1.83303
1999-02-19,1566.2,1.0,0.003267,0.003267,1.406642,1.839018
1999-02-22,1597.2,1.0,0.019793,0.019793,1.434484,1.875418
1999-02-23,1598.2,1.0,0.000626,0.000626,1.435382,1.876592
1999-02-24,1576.0,1.0,-0.013891,-0.013891,1.415443,1.850525
1999-02-25,1564.2,1.0,-0.007487,-0.007487,1.404846,1.83667
1999-02-26,1558.2,1.0,-0.003836,-0.003836,1.399457,1.829625
1999-03-01,1562.2,0.5,0.000784,0.002567,1.400553,1.834322
1999-03-02,1552.2,0.5,-0.003201,-0.006401,1.396071,1.82258
1999-03-03,1556.7,0.5,0.00145,0.002899,1.398094,1.827864
1999-03-04,1572.4,0.5,0.005043,0.010085,1.405145,1.846298
1999-03-05,1601.2,0.5,0.009158,0.018316,1.418013,1.880115
1999-03-08,1606.0,0.5,0.001499,0.002998,1.420138,1.885751
1999-03-09,1602.5,0.5,-0.00109,-0.002179,1.418591,1.881642
1999-03-10,1611.7,0.5,0.002871,0.005741,1.422663,1.892444
1999-03-11,1627.2,0.5,0.004809,0.009617,1.429504,1.910644
1999-03-12,1614.0,0.5,-0.004056,-0.008112,1.423706,1.895145
1999-03-15,1629.4,0.5,0.004771,0.009542,1.430498,1.913227
1999-03-16,1629.1,0.5,-9.2e-05,-0.000184,1.430366,1.912875
1999-03-17,1622.0,0.5,-0.002179,-0.004358,1.427249,1.904538
1999-03-18,1641.4,0.5,0.00598,0.011961,1.435785,1.927318
1999-03-19,1619.7,0.5,-0.00661,-0.01322,1.426294,1.901838
1999-03-22,1621.4,0.5,0.000525,0.00105,1.427042,1.903834
1999-03-23,1582.5,0.5,-0.011996,-0.023992,1.409924,1.858158
1999-03-24,1589.8,0.5,0.002306,0.004613,1.413176,1.866729
1999-03-25,1614.2,0.5,0.007674,0.015348,1.42402,1.89538
1999-03-26,1607.2,0.5,-0.002168,-0.004337,1.420933,1.88716
1999-03-29,1625.9,0.5,0.005818,0.011635,1.429199,1.909118
1999-03-30,1625.9,0.5,0.0,0.0,1.429199,1.909118
1999-03-31,1603.5,0.5,-0.006888,-0.013777,1.419354,1.882816
1999-04-01,1612.9,0.5,0.002931,0.005862,1.423514,1.893853
1999-04-05,1643.6,0.5,0.009517,0.019034,1.437062,1.929901
1999-04-06,1640.7,0.5,-0.000882,-0.001764,1.435794,1.926496
1999-04-07,1648.7,0.5,0.002438,0.004876,1.439295,1.935889
1999-04-08,1665.4,0.5,0.005065,0.010129,1.446584,1.955498
1999-04-09,1668.7,0.5,0.000991,0.001982,1.448017,1.959373
1999-04-12,1682.6,0.5,0.004165,0.00833,1.454048,1.975694
1999-04-13,1672.5,0.5,-0.003001,-0.006003,1.449684,1.963835
1999-04-14,1649.5,0.5,-0.006876,-0.013752,1.439716,1.936829
1999-04-15,1642.2,0.5,-0.002213,-0.004426,1.43653,1.928257
1999-04-16,1633.2,0.5,-0.00274,-0.00548,1.432594,1.917689
1999-04-19,1612.0,0.5,-0.00649,-0.012981,1.423296,1.892796
1999-04-20,1625.2,0.5,0.004094,0.008189,1.429123,1.908296
1999-04-21,1661.9,0.5,0.011291,0.022582,1.445259,1.951388
1999-04-22,1679.3,0.5,0.005235,0.01047,1.452825,1.971819
1999-04-23,1675.2,0.5,-0.001221,-0.002441,1.451052,1.967005
1999-04-26,1681.7,0.5,0.00194,0.00388,1.453867,1.974637
1999-04-27,1686.7,0.5,0.001487,0.002973,1.456028,1.980508
1999-04-28,1669.2,0.5,-0.005188,-0.010375,1.448475,1.95996
1999-04-29,1657.7,0.5,-0.003445,-0.00689,1.443485,1.946457
1999-04-30,1646.7,0.5,-0.003318,-0.006636,1.438696,1.933541
1999-05-03,1669.4,0.5,0.006893,0.013785,1.448612,1.960195
1999-05-04,1653.2,0.5,-0.004852,-0.009704,1.441584,1.941173
1999-05-05,1662.2,0.5,0.002722,0.005444,1.445508,1.951741
1999-05-06,1652.5,0.5,-0.002918,-0.005836,1.44129,1.940351
1999-05-07,1661.4,0.5,0.002693,0.005386,1.445171,1.950801
1999-05-10,1657.2,0.5,-0.001264,-0.002528,1.443344,1.94587
1999-05-11,1668.4,0.5,0.003379,0.006758,1.448222,1.959021
1999-05-12,1679.3,0.5,0.003267,0.006533,1.452952,1.971819
1999-05-13,1685.2,0.5,0.001757,0.003513,1.455505,1.978747
1999-05-14,1649.5,0.5,-0.010592,-0.021184,1.440088,1.936829
1999-05-17,1651.2,0.5,0.000515,0.001031,1.44083,1.938825
1999-05-18,1651.4,0.5,6.1e-05,0.000121,1.440917,1.939059
1999-05-19,1659.4,0.5,0.002422,0.004844,1.444407,1.948453
1999-05-20,1652.7,0.5,-0.002019,-0.004038,1.441491,1.940586
1999-05-21,1645.0,0.5,-0.00233,-0.004659,1.438133,1.931545
1999-05-24,1622.7,0.5,-0.006778,-0.013556,1.428386,1.90536
1999-05-25,1594.7,0.5,-0.008628,-0.017255,1.416062,1.872483
1999-05-26,1614.7,0.5,0.006271,0.012542,1.424942,1.895967
1999-05-27,1596.2,0.5,-0.005729,-0.011457,1.416779,1.874244
1999-05-28,1607.4,0.5,0.003508,0.007017,1.421749,1.887395
1999-06-01,1605.8,0.0,-0.0005,-0.000995,1.421039,1.885516
1999-06-02,1606.4,0.0,0.0,0.000374,1.421039,1.886221
1999-06-03,1615.2,0.0,0.0,0.005478,1.421039,1.896554
1999-06-04,1639.9,0.0,0.0,0.015292,1.421039,1.925556
1999-06-07,1642.4,0.0,0.0,0.001524,1.421039,1.928492
1999-06-08,1631.5,0.0,0.0,-0.006637,1.421039,1.915693
1999-06-09,1629.0,0.0,0.0,-0.001532,1.421039,1.912758
1999-06-10,1617.7,0.0,0.0,-0.006937,1.421039,1.899489
1999-06-11,1606.5,0.0,0.0,-0.006923,1.421039,1.886338
1999-06-14,1606.5,0.0,0.0,0.0,1.421039,1.886338
1999-06-15,1615.5,0.0,0.0,0.005602,1.421039,1.896906
1999-06-16,1639.5,0.0,0.0,0.014856,1.421039,1.925087
1999-06-17,1652.5,0.0,0.0,0.007929,1.421039,1.940351
1999-06-18,1653.5,0.0,0.0,0.000605,1.421039,1.941525
1999-06-21,1657.5,0.0,0.0,0.002419,1.421039,1.946222
1999-06-22,1645.5,0.0,0.0,-0.00724,1.421039,1.932132
1999-06-23,1638.5,0.0,0.0,-0.004254,1.421039,1.923912
1999-06-24,1628.5,0.0,0.0,-0.006103,1.421039,1.91217
1999-06-25,1625.5,0.0,0.0,-0.001842,1.421039,1.908648
1999-06-28,1640.5,0.0,0.0,0.009228,1.421039,1.926261
1999-06-29,1653.5,0.0,0.0,0.007924,1.421039,1.941525
1999-06-30,1678.5,0.0,0.0,0.015119,1.421039,1.97088
1999-07-01,1688.5,1.0,0.004958,0.005958,1.428084,1.982622
1999-07-02,1702.5,1.0,0.008291,0.008291,1.439924,1.999061
1999-07-06,1699.5,1.0,-0.001762,-0.001762,1.437387,1.995538
1999-07-07,1701.5,1.0,0.001177,0.001177,1.439079,1.997886
1999-07-08,1702.5,1.0,0.000588,0.000588,1.439924,1.999061
1999-07-09,1710.5,1.0,0.004699,0.004699,1.446691,2.008454
1999-07-12,1705.5,1.0,-0.002923,-0.002923,1.442462,2.002583
1999-07-13,1700.5,1.0,-0.002932,-0.002932,1.438233,1.996712
1999-07-14,1705.5,1.0,0.00294,0.00294,1.442462,2.002583
1999-07-15,1715.5,1.0,0.005863,0.005863,1.450919,2.014325
1999-07-16,1724.5,1.0,0.005246,0.005246,1.458531,2.024893
1999-07-19,1714.5,1.0,-0.005799,-0.005799,1.450074,2.013151
1999-07-20,1684.5,1.0,-0.017498,-0.017498,1.424701,1.977925
1999-07-21,1681.5,1.0,-0.001781,-0.001781,1.422163,1.974403
1999-07-22,1664.5,1.0,-0.01011,-0.01011,1.407785,1.954441
1999-07-23,1659.5,1.0,-0.003004,-0.003004,1.403556,1.94857
1999-07-26,1651.5,1.0,-0.004821,-0.004821,1.39679,1.939177
1999-07-27,1660.5,1.0,0.00545,0.00545,1.404402,1.949745
1999-07-28,1664.5,1.0,0.002409,0.002409,1.407785,1.954441
1999-07-29,1646.5,1.0,-0.010814,-0.010814,1.392561,1.933306
1999-07-30,1627.5,1.0,-0.01154,-0.01154,1.376492,1.910996
1999-08-02,1633.5,0.5,0.001343,0.003687,1.378341,1.918041
1999-08-03,1625.5,0.5,-0.002449,-0.004897,1.374966,1.908648
1999-08-04,1605.5,0.5,-0.006152,-0.012304,1.366507,1.885164
1999-08-05,1618.5,0.5,0.004049,0.008097,1.372039,1.900429
1999-08-06,1603.5,0.5,-0.004634,-0.009268,1.365681,1.882816
1999-08-09,1599.5,0.5,-0.001247,-0.002495,1.363978,1.878119
1999-08-10,1586.5,0.5,-0.004064,-0.008128,1.358435,1.862854
1999-08-11,1600.5,0.5,0.004412,0.008824,1.364429,1.879293
1999-08-12,1601.5,0.5,0.000312,0.000625,1.364855,1.880467
1999-08-13,1629.5,0.5,0.008742,0.017484,1.376786,1.913345
1999-08-16,1635.5,0.5,0.001841,0.003682,1.379321,1.92039
1999-08-17,1644.5,0.5,0.002751,0.005503,1.383116,1.930958
1999-08-18,1630.5,0.5,-0.004257,-0.008513,1.377229,1.914519
1999-08-19,1623.5,0.5,-0.002147,-0.004293,1.374272,1.9063
1999-08-20,1636.5,0.5,0.004004,0.008007,1.379775,1.921564
1999-08-23,1662.5,0.5,0.007944,0.015888,1.390735,1.952093
1999-08-24,1666.5,0.5,0.001203,0.002406,1.392408,1.95679
1999-08-25,1679.5,0.5,0.0039,0.007801,1.397839,1.972054
1999-08-26,1663.5,0.5,-0.004763,-0.009527,1.391181,1.953267
1999-08-27,1648.5,0.5,-0.004509,-0.009017,1.384909,1.935654
1999-08-30,1622.5,0.5,-0.007886,-0.015772,1.373987,1.905125
1999-08-31,1616.5,0.5,-0.001849,-0.003698,1.371447,1.89808
1999-09-01,1630.5,0.5,0.00433,0.008661,1.377386,1.914519
1999-09-02,1616.5,0.5,-0.004293,-0.008586,1.371472,1.89808
1999-09-03,1659.5,0.5,0.0133,0.026601,1.389713,1.94857
1999-09-07,1649.5,0.5,-0.003013,-0.006026,1.385526,1.936829
1999-09-08,1642.5,0.5,-0.002122,-0.004244,1.382586,1.928609
1999-09-09,1641.5,0.5,-0.000304,-0.000609,1.382165,1.927435
1999-09-10,1650.5,0.5,0.002741,0.005483,1.385955,1.938003
1999-09-13,1643.5,0.5,-0.002121,-0.004241,1.383015,1.929783
1999-09-14,1633.5,0.5,-0.003042,-0.006085,1.378808,1.918041
1999-09-15,1613.5,0.5,-0.006122,-0.012244,1.370367,1.894558
1999-09-16,1615.5,0.5,0.00062,0.00124,1.371216,1.896906
1999-09-17,1633.5,0.5,0.005571,0.011142,1.378856,1.918041
1999-09-20,1630.5,0.5,-0.000918,-0.001837,1.377589,1.914519
1999-09-21,1603.5,0.5,-0.00828,-0.016559,1.366183,1.882816
1999-09-22,1603.5,0.5,0.0,0.0,1.366183,1.882816
1999-09-23,1572.5,0.5,-0.009666,-0.019333,1.352977,1.846416
1999-09-24,1570.5,0.5,-0.000636,-0.001272,1.352117,1.844067
1999-09-27,1578.5,0.5,0.002547,0.005094,1.355561,1.853461
1999-09-28,1575.5,0.5,-0.00095,-0.001901,1.354273,1.849938
1999-09-29,1561.5,0.5,-0.004443,-0.008886,1.348256,1.8335
1999-09-30,1580.5,0.5,0.006084,0.012168,1.356458,1.855809
1999-10-01,1574.5,0.0,-0.0005,-0.003796,1.35578,1.848764
1999-10-04,1600.5,0.0,0.0,0.016513,1.35578,1.879293
1999-10-05,1600.25,0.0,0.0,-0.000156,1.35578,1.879
1999-10-06,1616.0,0.0,0.0,0.009842,1.35578,1.897493
1999-10-07,1610.5,0.0,0.0,-0.003403,1.35578,1.891035
1999-10-08,1628.5,0.0,0.0,0.011177,1.35578,1.91217
1999-10-12,1607.5,0.0,0.0,-0.012895,1.35578,1.887512
1999-10-13,1570.5,0.0,0.0,-0.023017,1.35578,1.844067
1999-10-14,1571.5,0.0,0.0,0.000637,1.35578,1.845242
1999-10-15,1538.5,0.0,0.0,-0.020999,1.35578,1.806493
1999-10-18,1547.5,0.0,0.0,0.00585,1.35578,1.817061
1999-10-19,1555.5,0.0,0.0,0.00517,1.35578,1.826455
1999-10-20,1574.5,0.0,0.0,0.012215,1.35578,1.848764
1999-10-21,1577.5,0.0,0.0,0.001905,1.35578,1.852287
1999-10-22,1589.5,0.0,0.0,0.007607,1.35578,1.866377
1999-10-25,1582.5,0.0,0.0,-0.004404,1.35578,1.858158
1999-10-26,1567.5,0.0,0.0,-0.009479,1.35578,1.840545
1999-10-27,1587.5,0.0,0.0,0.012759,1.35578,1.864029
1999-10-28,1632.5,0.0,0.0,0.028346,1.35578,1.916867
1999-10-29,1657.5,0.0,0.0,0.015314,1.35578,1.946222
1999-11-01,1643.5,0.5,-0.004723,-0.008446,1.349376,1.929783
1999-11-02,1633.5,0.5,-0.003042,-0.006085,1.345271,1.918041
1999-11-03,1641.5,0.5,0.002449,0.004897,1.348565,1.927435
1999-11-04,1650.5,0.5,0.002741,0.005483,1.352262,1.938003
1999-11-05,1666.5,0.5,0.004847,0.009694,1.358817,1.95679
1999-11-08,1665.5,0.5,-0.0003,-0.0006,1.358409,1.955616
1999-11-09,1653.5,0.5,-0.003603,-0.007205,1.353515,1.941525
1999-11-10,1662.5,0.5,0.002721,0.005443,1.357199,1.952093
1999-11-11,1669.5,0.5,0.002105,0.004211,1.360056,1.960312
1999-11-12,1682.5,0.5,0.003893,0.007787,1.365351,1.975577
1999-11-15,1684.5,0.5,0.000594,0.001189,1.366163,1.977925
1999-11-16,1712.5,0.5,0.008311,0.016622,1.377517,2.010803
1999-11-17,1699.5,0.5,-0.003796,-0.007591,1.372289,1.995538
1999-11-18,1710.5,0.5,0.003236,0.006472,1.37673,2.008454
1999-11-19,1708.5,0.5,-0.000585,-0.001169,1.375925,2.006106
1999-11-22,1708.5,0.5,0.0,0.0,1.375925,2.006106
1999-11-23,1693.5,0.5,-0.00439,-0.00878,1.369885,1.988493
1999-11-24,1703.5,0.5,0.002952,0.005905,1.373929,2.000235
1999-11-26,1696.5,0.5,-0.002055,-0.004109,1.371106,1.992015
1999-11-29,1691.5,0.5,-0.001474,-0.002947,1.369086,1.986145
1999-11-30,1672.5,0.5,-0.005616,-0.011233,1.361397,1.963835
1999-12-01,1684.5,0.5,0.003587,0.007175,1.366281,1.977925
1999-12-02,1694.5,0.5,0.002968,0.005936,1.370336,1.989667
1999-12-03,1720.5,0.5,0.007672,0.015344,1.380849,2.020196
1999-12-06,1707.5,0.5,-0.003778,-0.007556,1.375632,2.004932
1999-12-07,1697.5,0.5,-0.002928,-0.005857,1.371604,1.99319
1999-12-08,1686.5,0.5,-0.00324,-0.00648,1.36716,1.980274
1999-12-09,1692.5,0.5,0.001779,0.003558,1.369592,1.987319
1999-12-10,1697.5,0.5,0.001477,0.002954,1.371615,1.99319
1999-12-13,1699.5,0.5,0.000589,0.001178,1.372423,1.995538
1999-12-14,1687.5,0.5,-0.00353,-0.007061,1.367578,1.981448
1999-12-15,1691.5,0.5,0.001185,0.00237,1.369199,1.986145
1999-12-16,1699.5,0.5,0.002365,0.00473,1.372436,1.995538
1999-12-17,1707.5,0.5,0.002354,0.004707,1.375667,2.004932
1999-12-20,1697.5,0.5,-0.002928,-0.005857,1.371638,1.99319
1999-12-21,1716.5,0.5,0.005596,0.011193,1.379315,2.015499
1999-12-22,1719.5,0.5,0.000874,0.001748,1.38052,2.019022
1999-12-23,1743.5,0.5,0.006979,0.013958,1.390154,2.047202
1999-12-27,1740.5,0.5,-0.00086,-0.001721,1.388958,2.04368
1999-12-28,1741.5,0.5,0.000287,0.000575,1.389357,2.044854
1999-12-29,1744.5,0.5,0.000861,0.001723,1.390554,2.048377
1999-12-30,1743.5,0.5,-0.000287,-0.000573,1.390156,2.047202
1999-12-31,1747.5,0.5,0.001147,0.002294,1.39175,2.051899
2000-01-03,1729.5,0.5,-0.00515,-0.0103,1.384582,2.030764
2000-01-04,1674.5,0.5,-0.015901,-0.031801,1.362567,1.966183
2000-01-05,1676.5,0.5,0.000597,0.001194,1.36338,1.968532
2000-01-06,1666.5,0.5,-0.002982,-0.005965,1.359314,1.95679
2000-01-07,1723.5,0.5,0.017102,0.034203,1.382561,2.023719
2000-01-10,1737.5,0.5,0.004062,0.008123,1.388176,2.040157
2000-01-11,1716.5,0.5,-0.006043,-0.012086,1.379787,2.015499
2000-01-12,1704.5,0.5,-0.003495,-0.006991,1.374964,2.001409
2000-01-13,1721.5,0.5,0.004987,0.009974,1.381821,2.02137
2000-01-14,1741.5,0.5,0.005809,0.011618,1.389848,2.044854
2000-01-18,1731.5,0.5,-0.002871,-0.005742,1.385857,2.033112
2000-01-19,1735.5,0.5,0.001155,0.00231,1.387458,2.037809
2000-01-20,1719.5,0.5,-0.00461,-0.009219,1.381062,2.019022
2000-01-21,1715.5,0.5,-0.001163,-0.002326,1.379456,2.014325
2000-01-24,1674.5,0.5,-0.01195,-0.0239,1.362972,1.966183
2000-01-25,1681.5,0.5,0.00209,0.00418,1.365821,1.974403
2000-01-26,1678.5,0.5,-0.000892,-0.001784,1.364602,1.97088
2000-01-27,1672.5,0.5,-0.001787,-0.003575,1.362163,1.963835
2000-01-28,1628.5,0.5,-0.013154,-0.026308,1.344245,1.91217
2000-01-31,1663.5,0.5,0.010746,0.021492,1.358691,1.953267
2000-02-01,1679.5,0.0,-0.0005,0.009618,1.358011,1.972054
2000-02-02,1678.5,0.0,0.0,-0.000595,1.358011,1.97088
2000-02-03,1699.5,0.0,0.0,0.012511,1.358011,1.995538
2000-02-04,1694.5,0.0,0.0,-0.002942,1.358011,1.989667
2000-02-07,1690.5,0.0,0.0,-0.002361,1.358011,1.98497
2000-02-08,1708.5,0.0,0.0,0.010648,1.358011,2.006106
2000-02-09,1680.5,0.0,0.0,-0.016389,1.358011,1.973228
2000-02-10,1682.5,0.0,0.0,0.00119,1.358011,1.975577
2000-02-11,1659.5,0.0,0.0,-0.01367,1.358011,1.94857
2000-02-14,1661.5,0.0,0.0,0.001205,1.358011,1.950919
2000-02-15,1672.5,0.0,0.0,0.006621,1.358011,1.963835
2000-02-16,1655.5,0.0,0.0,-0.010164,1.358011,1.943874
2000-02-17,1648.5,0.0,0.0,-0.004228,1.358011,1.935654
2000-02-18,1615.5,0.0,0.0,-0.020018,1.358011,1.896906
2000-02-22,1611.5,0.0,0.0,-0.002476,1.358011,1.892209
2000-02-23,1627.5,0.0,0.0,0.009929,1.358011,1.910996
2000-02-24,1617.5,0.0,0.0,-0.006144,1.358011,1.899254
2000-02-25,1600.5,0.0,0.0,-0.01051,1.358011,1.879293
2000-02-28,1610.5,0.0,0.0,0.006248,1.358011,1.891035
2000-02-29,1634.5,0.0,0.0,0.014902,1.358011,1.919216
2000-03-01,1647.5,0.0,0.0,0.007954,1.358011,1.93448
2000-03-02,1647.5,0.0,0.0,0.0,1.358011,1.93448
2000-03-03,1673.5,0.0,0.0,0.015781,1.358011,1.965009
2000-03-06,1657.5,0.0,0.0,-0.009561,1.358011,1.946222
2000-03-07,1614.5,0.0,0.0,-0.025943,1.358011,1.895732
2000-03-08,1629.5,0.0,0.0,0.009291,1.358011,1.913345
2000-03-09,1666.5,0.0,0.0,0.022706,1.358011,1.95679
2000-03-10,1661.5,0.0,0.0,-0.003,1.358011,1.950919
2000-03-13,1645.5,0.0,0.0,-0.00963,1.358011,1.932132
2000-03-14,1623.5,0.0,0.0,-0.01337,1.358011,1.9063
2000-03-15,1657.5,0.0,0.0,0.020942,1.358011,1.946222
2000-03-16,1721.5,0.0,0.0,0.038612,1.358011,2.02137
2000-03-17,1732.5,0.0,0.0,0.00639,1.358011,2.034286
2000-03-20,1721.5,0.0,0.0,-0.006349,1.358011,2.02137
2000-03-21,1751.5,0.0,0.0,0.017427,1.358011,2.056596
2000-03-22,1761.5,0.0,0.0,0.005709,1.358011,2.068338
2000-03-23,1787.5,0.0,0.0,0.01476,1.358011,2.098867
2000-03-24,1799.5,0.0,0.0,0.006713,1.358011,2.112957
2000-03-27,1781.5,0.0,0.0,-0.010003,1.358011,2.091822
2000-03-28,1773.5,0.0,0.0,-0.004491,1.358011,2.082428
2000-03-29,1773.5,0.0,0.0,0.0,1.358011,2.082428
2000-03-30,1748.5,0.0,0.0,-0.014096,1.358011,2.053073
2000-03-31,1758.5,0.0,0.0,0.005719,1.358011,2.064815
2000-04-03,1771.5,0.5,0.003196,0.007393,1.362352,2.08008
2000-04-04,1762.5,0.5,-0.00254,-0.00508,1.358891,2.069512
2000-04-05,1748.5,0.5,-0.003972,-0.007943,1.353494,2.053073
2000-04-06,1760.5,0.5,0.003432,0.006863,1.358139,2.067164
2000-04-07,1773.5,0.5,0.003692,0.007384,1.363153,2.082428
2000-04-10,1765.5,0.5,-0.002255,-0.004511,1.360079,2.073035
2000-04-11,1762.5,0.5,-0.00085,-0.001699,1.358923,2.069512
2000-04-12,1720.5,0.5,-0.011915,-0.02383,1.342732,2.020196
2000-04-13,1699.5,0.5,-0.006103,-0.012206,1.334537,1.995538
2000-04-14,1611.5,0.5,-0.02589,-0.05178,1.299986,1.892209
2000-04-17,1656.5,0.5,0.013962,0.027924,1.318137,1.945048
2000-04-18,1696.5,0.5,0.012074,0.024147,1.334052,1.992015
2000-04-19,1683.5,0.5,-0.003831,-0.007663,1.32894,1.976751
2000-04-20,1690.5,0.5,0.002079,0.004158,1.331703,1.98497
2000-04-24,1680.5,0.5,-0.002958,-0.005915,1.327764,1.973228
2000-04-25,1732.5,0.5,0.015472,0.030943,1.348307,2.034286
2000-04-26,1718.5,0.5,-0.00404,-0.008081,1.342859,2.017848
2000-04-27,1710.5,0.5,-0.002328,-0.004655,1.339734,2.008454
2000-04-28,1703.5,0.5,-0.002046,-0.004092,1.336992,2.000235
2000-05-01,1720.5,0.0,-0.0005,0.009979,1.336324,2.020196
2000-05-02,1694.5,0.0,0.0,-0.015112,1.336324,1.989667
2000-05-03,1666.5,0.0,0.0,-0.016524,1.336324,1.95679
2000-05-04,1666.5,0.0,0.0,0.0,1.336324,1.95679
2000-05-05,1683.5,0.0,0.0,0.010201,1.336324,1.976751
2000-05-08,1673.5,0.0,0.0,-0.00594,1.336324,1.965009
2000-05-09,1662.5,0.0,0.0,-0.006573,1.336324,1.952093
2000-05-10,1631.5,0.0,0.0,-0.018647,1.336324,1.915693
2000-05-11,1658.5,0.0,0.0,0.016549,1.336324,1.947396
2000-05-12,1674.5,0.0,0.0,0.009647,1.336324,1.966183
2000-05-15,1701.5,0.0,0.0,0.016124,1.336324,1.997886
2000-05-16,1715.5,0.0,0.0,0.008228,1.336324,2.014325
2000-05-17,1700.5,0.0,0.0,-0.008744,1.336324,1.996712
2000-05-18,1685.5,0.0,0.0,-0.008821,1.336324,1.979099
2000-05-19,1658.5,0.0,0.0,-0.016019,1.336324,1.947396
2000-05-22,1647.5,0.0,0.0,-0.006632,1.336324,1.93448
2000-05-23,1625.5,0.0,0.0,-0.013354,1.336324,1.908648
2000-05-24,1645.5,0.0,0.0,0.012304,1.336324,1.932132
2000-05-25,1632.5,0.0,0.0,-0.0079,1.336324,1.916867
2000-05-26,1631.5,0.0,0.0,-0.000613,1.336324,1.915693
2000-05-30,1671.5,0.0,0.0,0.024517,1.336324,1.962661
2000-05-31,1665.5,0.0,0.0,-0.00359,1.336324,1.955616
2000-06-01,1695.5,0.5,0.008506,0.018013,1.347691,1.990841
2000-06-02,1719.5,0.5,0.007078,0.014155,1.357229,2.019022
2000-06-05,1713.5,0.5,-0.001745,-0.003489,1.354861,2.011977
2000-06-06,1706.5,0.5,-0.002043,-0.004085,1.352094,2.003757
2000-06-07,1716.5,0.5,0.00293,0.00586,1.356056,2.015499
2000-06-08,1709.5,0.5,-0.002039,-0.004078,1.35329,2.00728
2000-06-09,1705.5,0.5,-0.00117,-0.00234,1.351707,2.002583
2000-06-12,1690.5,0.5,-0.004398,-0.008795,1.345763,1.98497
2000-06-13,1716.5,0.5,0.00769,0.01538,1.356112,2.015499
2000-06-14,1719.5,0.5,0.000874,0.001748,1.357297,2.019022
2000-06-15,1719.5,0.5,0.0,0.0,1.357297,2.019022
2000-06-16,1709.5,0.5,-0.002908,-0.005816,1.35335,2.00728
2000-06-19,1726.5,0.5,0.004972,0.009944,1.360079,2.027241
2000-06-20,1720.5,0.5,-0.001738,-0.003475,1.357716,2.020196
2000-06-21,1720.5,0.5,0.0,0.0,1.357716,2.020196
2000-06-22,1697.5,0.5,-0.006684,-0.013368,1.348641,1.99319
2000-06-23,1685.5,0.5,-0.003535,-0.007069,1.343874,1.979099
2000-06-26,1701.5,0.5,0.004746,0.009493,1.350253,1.997886
2000-06-27,1692.5,0.5,-0.002645,-0.005289,1.346682,1.987319
2000-06-28,1692.5,0.5,0.0,0.0,1.346682,1.987319
2000-06-29,1679.5,0.5,-0.00384,-0.007681,1.34151,1.972054
2000-06-30,1690.5,0.5,0.003275,0.00655,1.345903,1.98497
2000-07-03,1711.5,0.5,0.006211,0.012422,1.354262,2.009628
2000-07-05,1684.5,0.5,-0.007888,-0.015776,1.34358,1.977925
2000-07-06,1695.5,0.5,0.003265,0.00653,1.347967,1.990841
2000-07-07,1716.5,0.5,0.006193,0.012386,1.356315,2.015499
2000-07-10,1712.5,0.5,-0.001165,-0.00233,1.354735,2.010803
2000-07-11,1716.5,0.5,0.001168,0.002336,1.356317,2.015499
2000-07-12,1727.5,0.5,0.003204,0.006408,1.360663,2.028415
2000-07-13,1730.5,0.5,0.000868,0.001737,1.361844,2.031938
2000-07-14,1745.5,0.5,0.004334,0.008668,1.367746,2.049551
2000-07-17,1743.5,0.5,-0.000573,-0.001146,1.366963,2.047202
2000-07-18,1733.5,0.5,-0.002868,-0.005736,1.363043,2.035461
2000-07-19,1721.5,0.5,-0.003461,-0.006922,1.358325,2.02137
2000-07-20,1738.5,0.5,0.004938,0.009875,1.365032,2.041332
2000-07-21,1711.5,0.5,-0.007765,-0.015531,1.354432,2.009628
2000-07-24,1702.5,0.5,-0.002629,-0.005259,1.350871,1.999061
2000-07-25,1706.5,0.5,0.001175,0.002349,1.352458,2.003757
2000-07-26,1690.5,0.5,-0.004688,-0.009376,1.346117,1.98497
2000-07-27,1685.5,0.5,-0.001479,-0.002958,1.344127,1.979099
2000-07-28,1653.5,0.5,-0.009493,-0.018985,1.331367,1.941525
2000-07-31,1661.5,0.5,0.002419,0.004838,1.334588,1.950919
2000-08-01,1669.5,0.5,0.002407,0.004815,1.337801,1.960312
2000-08-02,1674.5,0.5,0.001497,0.002995,1.339804,1.966183
2000-08-03,1683.5,0.5,0.002687,0.005375,1.343405,1.976751
2000-08-04,1693.5,0.5,0.00297,0.00594,1.347395,1.988493
2000-08-07,1707.5,0.5,0.004133,0.008267,1.352964,2.004932
2000-08-08,1713.5,0.5,0.001757,0.003514,1.355341,2.011977
2000-08-09,1702.5,0.5,-0.00321,-0.00642,1.350991,1.999061
2000-08-10,1694.5,0.5,-0.002349,-0.004699,1.347817,1.989667
2000-08-11,1699.5,0.5,0.001475,0.002951,1.349805,1.995538
2000-08-14,1719.5,0.5,0.005884,0.011768,1.357747,2.019022
2000-08-15,1716.5,0.5,-0.000872,-0.001745,1.356563,2.015499
2000-08-16,1712.5,0.5,-0.001165,-0.00233,1.354982,2.010803
2000-08-17,1724.5,0.5,0.003504,0.007007,1.35973,2.024893
2000-08-18,1722.5,0.5,-0.00058,-0.00116,1.358941,2.022544
2000-08-21,1728.5,0.5,0.001742,0.003483,1.361308,2.02959
2000-08-22,1728.5,0.5,0.0,0.0,1.361308,2.02959
2000-08-23,1732.5,0.5,0.001157,0.002314,1.362883,2.034286
2000-08-24,1737.5,0.5,0.001443,0.002886,1.36485,2.040157
2000-08-25,1734.5,0.5,-0.000863,-0.001727,1.363672,2.036635
2000-08-28,1740.5,0.5,0.00173,0.003459,1.36603,2.04368
2000-08-29,1739.5,0.5,-0.000287,-0.000575,1.365638,2.042506
2000-08-30,1725.5,0.5,-0.004024,-0.008048,1.360142,2.026067
2000-08-31,1743.5,0.5,0.005216,0.010432,1.367237,2.047202
2000-09-01,1745.5,1.0,0.000647,0.001147,1.368121,2.049551
2000-09-05,1733.5,1.0,-0.006875,-0.006875,1.358716,2.035461
2000-09-06,1715.5,1.0,-0.010384,-0.010384,1.344607,2.014325
2000-09-07,1728.5,1.0,0.007578,0.007578,1.354797,2.02959
2000-09-08,1717.5,1.0,-0.006364,-0.006364,1.346175,2.016674
2000-09-11,1713.5,1.0,-0.002329,-0.002329,1.34304,2.011977
2000-09-12,1703.5,1.0,-0.005836,-0.005836,1.335202,2.000235
2000-09-13,1707.5,1.0,0.002348,0.002348,1.338337,2.004932
2000-09-14,1702.5,1.0,-0.002928,-0.002928,1.334418,1.999061
2000-09-15,1682.5,1.0,-0.011747,-0.011747,1.318742,1.975577
2000-09-18,1666.5,1.0,-0.00951,-0.00951,1.306201,1.95679
2000-09-19,1678.5,1.0,0.007201,0.007201,1.315607,1.97088
2000-09-20,1669.5,1.0,-0.005362,-0.005362,1.308553,1.960312
2000-09-21,1668.5,1.0,-0.000599,-0.000599,1.307769,1.959138
2000-09-22,1668.5,1.0,0.0,0.0,1.307769,1.959138
2000-09-25,1656.5,1.0,-0.007192,-0.007192,1.298363,1.945048
2000-09-26,1642.5,1.0,-0.008452,-0.008452,1.28739,1.928609
2000-09-27,1646.5,1.0,0.002435,0.002435,1.290525,1.933306
2000-09-28,1675.5,1.0,0.017613,0.017613,1.313255,1.967357
2000-09-29,1653.5,1.0,-0.01313,-0.01313,1.296012,1.941525
2000-10-02,1656.5,0.0,-0.001,0.001814,1.294716,1.945048
2000-10-03,1640.5,0.0,0.0,-0.009659,1.294716,1.926261
2000-10-04,1649.5,0.0,0.0,0.005486,1.294716,1.936829
2000-10-05,1656.5,0.0,0.0,0.004244,1.294716,1.945048
2000-10-06,1625.5,0.0,0.0,-0.018714,1.294716,1.908648
2000-10-09,1615.5,0.0,0.0,-0.006152,1.294716,1.896906
2000-10-10,1590.5,0.0,0.0,-0.015475,1.294716,1.867551
2000-10-11,1578.5,0.0,0.0,-0.007545,1.294716,1.853461
2000-10-12,1544.5,0.0,0.0,-0.021539,1.294716,1.813538
2000-10-13,1584.5,0.0,0.0,0.025898,1.294716,1.860506
2000-10-16,1591.5,0.0,0.0,0.004418,1.294716,1.868725
2000-10-17,1559.5,0.0,0.0,-0.020107,1.294716,1.831151
2000-10-18,1552.5,0.0,0.0,-0.004489,1.294716,1.822932
2000-10-19,1601.5,0.0,0.0,0.031562,1.294716,1.880467
2000-10-20,1610.5,0.0,0.0,0.00562,1.294716,1.891035
2000-10-23,1616.5,0.0,0.0,0.003726,1.294716,1.89808
2000-10-24,1603.5,0.0,0.0,-0.008042,1.294716,1.882816
2000-10-25,1573.5,0.0,0.0,-0.018709,1.294716,1.84759
2000-10-26,1570.5,0.0,0.0,-0.001907,1.294716,1.844067
2000-10-27,1600.5,0.0,0.0,0.019102,1.294716,1.879293
2000-10-30,1612.5,0.0,0.0,0.007498,1.294716,1.893383
2000-10-31,1640.5,0.0,0.0,0.017364,1.294716,1.926261
2000-11-01,1631.5,0.0,0.0,-0.005486,1.294716,1.915693
2000-11-02,1634.5,0.0,0.0,0.001839,1.294716,1.919216
2000-11-03,1635.5,0.0,0.0,0.000612,1.294716,1.92039
2000-11-06,1645.5,0.0,0.0,0.006114,1.294716,1.932132
2000-11-07,1643.5,0.0,0.0,-0.001215,1.294716,1.929783
2000-11-08,1612.5,0.0,0.0,-0.018862,1.294716,1.893383
2000-11-09,1603.5,0.0,0.0,-0.005581,1.294716,1.882816
2000-11-10,1572.5,0.0,0.0,-0.019333,1.294716,1.846416
2000-11-13,1558.5,0.0,0.0,-0.008903,1.294716,1.829977
2000-11-14,1593.5,0.0,0.0,0.022457,1.294716,1.871074
2000-11-15,1596.5,0.0,0.0,0.001883,1.294716,1.874596
2000-11-16,1578.5,0.0,0.0,-0.011275,1.294716,1.853461
2000-11-17,1570.5,0.0,0.0,-0.005068,1.294716,1.844067
2000-11-20,1547.5,0.0,0.0,-0.014645,1.294716,1.817061
2000-11-21,1555.5,0.0,0.0,0.00517,1.294716,1.826455
2000-11-22,1523.5,0.0,0.0,-0.020572,1.294716,1.78888
2000-11-24,1546.5,0.0,0.0,0.015097,1.294716,1.815887
2000-11-27,1558.5,0.0,0.0,0.007759,1.294716,1.829977
2000-11-28,1538.5,0.0,0.0,-0.012833,1.294716,1.806493
2000-11-29,1534.5,0.0,0.0,-0.0026,1.294716,1.801797
2000-11-30,1520.5,0.0,0.0,-0.009123,1.294716,1.785358
2000-12-01,1520.5,0.0,0.0,0.0,1.294716,1.785358
2000-12-04,1529.5,0.0,0.0,0.005919,1.294716,1.795926
2000-12-05,1574.5,0.0,0.0,0.029421,1.294716,1.848764
2000-12-06,1553.5,0.0,0.0,-0.013338,1.294716,1.824106
2000-12-07,1536.5,0.0,0.0,-0.010943,1.294716,1.804145
2000-12-08,1537.5,0.0,0.0,0.000651,1.294716,1.805319
2000-12-11,1583.5,0.0,0.0,0.029919,1.294716,1.859332
2000-12-12,1578.5,0.0,0.0,-0.003158,1.294716,1.853461
2000-12-13,1556.5,0.0,0.0,-0.013937,1.294716,1.827629
2000-12-14,1536.5,0.0,0.0,-0.012849,1.294716,1.804145
2000-12-15,1504.5,0.0,0.0,-0.020827,1.294716,1.766571
2000-12-18,1524.5,0.0,0.0,0.013293,1.294716,1.790055
2000-12-19,1496.5,0.0,0.0,-0.018367,1.294716,1.757177
2000-12-20,1458.5,0.0,0.0,-0.025393,1.294716,1.712558
2000-12-21,1467.5,0.0,0.0,0.006171,1.294716,1.723126
2000-12-22,1505.5,0.0,0.0,0.025894,1.294716,1.767745
2000-12-26,1515.5,0.0,0.0,0.006642,1.294716,1.779487
2000-12-27,1528.5,0.0,0.0,0.008578,1.294716,1.794751
2000-12-28,1531.5,0.0,0.0,0.001963,1.294716,1.798274
2000-12-29,1513.5,0.0,0.0,-0.011753,1.294716,1.777138
2001-01-02,1478.5,0.5,-0.012063,-0.023125,1.279098,1.736042
2001-01-03,1537.5,0.5,0.019953,0.039905,1.30462,1.805319
2001-01-04,1527.5,0.5,-0.003252,-0.006504,1.300377,1.793577
2001-01-05,1483.5,0.5,-0.014403,-0.028805,1.281648,1.741913
2001-01-08,1487.5,0.5,0.001348,0.002696,1.283376,1.74661
2001-01-09,1487.5,0.5,0.0,0.0,1.283376,1.74661
2001-01-10,1506.5,0.5,0.006387,0.012773,1.291572,1.768919
2001-01-11,1513.5,0.5,0.002323,0.004647,1.294573,1.777138
2001-01-12,1508.5,0.5,-0.001652,-0.003304,1.292435,1.771268
2001-01-16,1514.5,0.5,0.001989,0.003977,1.295005,1.778313
2001-01-17,1520.5,0.5,0.001981,0.003962,1.29757,1.785358
2001-01-18,1534.5,0.5,0.004604,0.009207,1.303544,1.801797
2001-01-19,1526.5,0.5,-0.002607,-0.005213,1.300146,1.792403
2001-01-22,1536.5,0.5,0.003275,0.006551,1.304404,1.804145
2001-01-23,1544.5,0.5,0.002603,0.005207,1.3078,1.813538
2001-01-24,1548.5,0.5,0.001295,0.00259,1.309494,1.818235
2001-01-25,1543.5,0.5,-0.001614,-0.003229,1.30738,1.812364
2001-01-26,1541.5,0.5,-0.000648,-0.001296,1.306533,1.810016
2001-01-29,1548.5,0.5,0.002271,0.004541,1.309499,1.818235
2001-01-30,1561.5,0.5,0.004198,0.008395,1.314996,1.8335
2001-01-31,1551.5,0.5,-0.003202,-0.006404,1.310785,1.821758
2001-02-01,1561.5,0.5,0.003223,0.006445,1.315009,1.8335
2001-02-02,1532.5,0.5,-0.009286,-0.018572,1.302798,1.799448
2001-02-05,1541.5,0.5,0.002936,0.005873,1.306624,1.810016
2001-02-06,1534.5,0.5,-0.002271,-0.004541,1.303657,1.801797
2001-02-07,1527.5,0.5,-0.002281,-0.004562,1.300684,1.793577
2001-02-08,1513.5,0.5,-0.004583,-0.009165,1.294723,1.777138
2001-02-09,1499.5,0.5,-0.004625,-0.00925,1.288735,1.7607
2001-02-12,1512.5,0.5,0.004335,0.00867,1.294321,1.775964
2001-02-13,1504.5,0.5,-0.002645,-0.005289,1.290898,1.766571
2001-02-14,1497.5,0.5,-0.002326,-0.004653,1.287895,1.758351
2001-02-15,1512.5,0.5,0.005008,0.010017,1.294345,1.775964
2001-02-16,1483.5,0.5,-0.009587,-0.019174,1.281937,1.741913
2001-02-20,1464.5,0.5,-0.006404,-0.012808,1.273728,1.719603
2001-02-21,1434.5,0.5,-0.010242,-0.020485,1.260682,1.684377
2001-02-22,1435.5,0.5,0.000349,0.000697,1.261121,1.685552
2001-02-23,1426.5,0.5,-0.003135,-0.00627,1.257168,1.674984
2001-02-26,1451.5,0.5,0.008763,0.017525,1.268184,1.704339
2001-02-27,1442.5,0.5,-0.0031,-0.0062,1.264252,1.693771
2001-02-28,1416.5,0.5,-0.009012,-0.018024,1.252859,1.663242
2001-03-01,1421.5,0.0,-0.0005,0.00353,1.252232,1.669113
2001-03-02,1413.5,0.0,0.0,-0.005628,1.252232,1.659719
2001-03-05,1421.5,0.0,0.0,0.00566,1.252232,1.669113
2001-03-06,1435.5,0.0,0.0,0.009849,1.252232,1.685552
2001-03-07,1444.5,0.0,0.0,0.00627,1.252232,1.696119
2001-03-08,1443.5,0.0,0.0,-0.000692,1.252232,1.694945
2001-03-09,1409.5,0.0,0.0,-0.023554,1.252232,1.655023
2001-03-12,1356.5,0.0,0.0,-0.037602,1.252232,1.59279
2001-03-13,1375.5,0.0,0.0,0.014007,1.252232,1.6151
2001-03-14,1346.5,0.0,0.0,-0.021083,1.252232,1.581049
2001-03-15,1351.5,0.0,0.0,0.003713,1.252232,1.58692
2001-03-16,1327.5,0.0,0.0,-0.017758,1.252232,1.558739
2001-03-19,1346.5,0.0,0.0,0.014313,1.252232,1.581049
2001-03-20,1318.5,0.0,0.0,-0.020795,1.252232,1.548171
2001-03-21,1297.5,0.0,0.0,-0.015927,1.252232,1.523513
2001-03-22,1284.5,0.0,0.0,-0.010019,1.252232,1.508249
2001-03-23,1318.5,0.0,0.0,0.026469,1.252232,1.548171
2001-03-26,1331.5,0.0,0.0,0.00986,1.252232,1.563436
2001-03-27,1355.5,0.0,0.0,0.018025,1.252232,1.591616
2001-03-28,1324.5,0.0,0.0,-0.02287,1.252232,1.555216
2001-03-29,1327.5,0.0,0.0,0.002265,1.252232,1.558739
2001-03-30,1334.5,0.0,0.0,0.005273,1.252232,1.566958
2001-04-02,1315.5,0.0,0.0,-0.014238,1.252232,1.544649
2001-04-03,1273.5,0.0,0.0,-0.031927,1.252232,1.495333
2001-04-04,1278.5,0.0,0.0,0.003926,1.252232,1.501204
2001-04-05,1321.5,0.0,0.0,0.033633,1.252232,1.551694
2001-04-06,1305.5,0.0,0.0,-0.012107,1.252232,1.532907
2001-04-09,1315.5,0.0,0.0,0.00766,1.252232,1.544649
2001-04-10,1337.5,0.0,0.0,0.016724,1.252232,1.570481
2001-04-11,1338.5,0.0,0.0,0.000748,1.252232,1.571655
2001-04-12,1359.5,0.0,0.0,0.015689,1.252232,1.596313
2001-04-16,1347.5,0.0,0.0,-0.008827,1.252232,1.582223
2001-04-17,1360.5,0.0,0.0,0.009647,1.252232,1.597487
2001-04-18,1410.5,0.0,0.0,0.036751,1.252232,1.656197
2001-04-19,1424.5,0.0,0.0,0.009926,1.252232,1.672635
2001-04-20,1415.5,0.0,0.0,-0.006318,1.252232,1.662068
2001-04-23,1391.5,0.0,0.0,-0.016955,1.252232,1.633887
2001-04-24,1381.5,0.0,0.0,-0.007186,1.252232,1.622145
2001-04-25,1397.5,0.0,0.0,0.011582,1.252232,1.640932
2001-04-26,1406.5,0.0,0.0,0.00644,1.252232,1.6515
2001-04-27,1424.5,0.0,0.0,0.012798,1.252232,1.672635
2001-04-30,1418.5,0.0,0.0,-0.004212,1.252232,1.66559
2001-05-01,1438.5,0.0,0.0,0.014099,1.252232,1.689074
2001-05-02,1436.5,0.0,0.0,-0.00139,1.252232,1.686726
2001-05-03,1420.5,0.0,0.0,-0.011138,1.252232,1.667939
2001-05-04,1439.5,0.0,0.0,0.013376,1.252232,1.690248
2001-05-07,1429.5,0.0,0.0,-0.006947,1.252232,1.678506
2001-05-08,1427.5,0.0,0.0,-0.001399,1.252232,1.676158
2001-05-09,1423.5,0.0,0.0,-0.002802,1.252232,1.671461
2001-05-10,1427.5,0.0,0.0,0.00281,1.252232,1.676158
2001-05-11,1417.5,0.0,0.0,-0.007005,1.252232,1.664416
2001-05-14,1418.5,0.0,0.0,0.000705,1.252232,1.66559
2001-05-15,1422.5,0.0,0.0,0.00282,1.252232,1.670287
2001-05-16,1454.5,0.0,0.0,0.022496,1.252232,1.707861
2001-05-17,1457.5,0.0,0.0,0.002063,1.252232,1.711384
2001-05-18,1461.5,0.0,0.0,0.002744,1.252232,1.716081
2001-05-21,1480.5,0.0,0.0,0.013,1.252232,1.73839
2001-05-22,1478.5,0.0,0.0,-0.001351,1.252232,1.736042
2001-05-23,1456.5,0.0,0.0,-0.01488,1.252232,1.71021
2001-05-24,1459.5,0.0,0.0,0.00206,1.252232,1.713732
2001-05-25,1444.5,0.0,0.0,-0.010277,1.252232,1.696119
2001-05-29,1433.5,0.0,0.0,-0.007615,1.252232,1.683203
2001-05-30,1415.5,0.0,0.0,-0.012557,1.252232,1.662068
2001-05-31,1423.5,0.0,0.0,0.005652,1.252232,1.671461
2001-06-01,1430.5,0.0,0.0,0.004917,1.252232,1.679681
2001-06-04,1435.5,0.0,0.0,0.003495,1.252232,1.685552
2001-06-05,1449.5,0.0,0.0,0.009753,1.252232,1.70199
2001-06-06,1439.5,0.0,0.0,-0.006899,1.252232,1.690248
2001-06-07,1442.5,0.0,0.0,0.002084,1.252232,1.693771
2001-06-08,1431.5,0.0,0.0,-0.007626,1.252232,1.680855
2001-06-11,1421.5,0.0,0.0,-0.006986,1.252232,1.669113
2001-06-12,1420.5,0.0,0.0,-0.000703,1.252232,1.667939
2001-06-13,1409.5,0.0,0.0,-0.007744,1.252232,1.655023
2001-06-14,1379.5,0.0,0.0,-0.021284,1.252232,1.619797
2001-06-15,1383.5,0.0,0.0,0.0029,1.252232,1.624494
2001-06-18,1376.5,0.0,0.0,-0.00506,1.252232,1.616274
2001-06-19,1380.5,0.0,0.0,0.002906,1.252232,1.620971
2001-06-20,1386.5,0.0,0.0,0.004346,1.252232,1.628016
2001-06-21,1399.5,0.0,0.0,0.009376,1.252232,1.643281
2001-06-22,1391.5,0.0,0.0,-0.005716,1.252232,1.633887
2001-06-25,1379.5,0.0,0.0,-0.008624,1.252232,1.619797
2001-06-26,1377.5,0.0,0.0,-0.00145,1.252232,1.617448
2001-06-27,1375.5,0.0,0.0,-0.001452,1.252232,1.6151
2001-06-28,1383.5,0.0,0.0,0.005816,1.252232,1.624494
2001-06-29,1388.5,0.0,0.0,0.003614,1.252232,1.630365
2001-07-02,1403.5,0.5,0.004902,0.010803,1.25837,1.647977
2001-07-03,1401.5,0.5,-0.000713,-0.001425,1.257473,1.645629
2001-07-05,1378.5,0.5,-0.008205,-0.016411,1.247155,1.618623
2001-07-06,1350.5,0.5,-0.010156,-0.020312,1.234489,1.585745
2001-07-09,1357.5,0.5,0.002592,0.005183,1.237688,1.593965
2001-07-10,1343.5,0.5,-0.005157,-0.010313,1.231306,1.577526
2001-07-11,1341.5,0.5,-0.000744,-0.001489,1.23039,1.575178
2001-07-12,1371.5,0.5,0.011182,0.022363,1.244147,1.610403
2001-07-13,1382.5,0.5,0.00401,0.00802,1.249137,1.623319
2001-07-16,1367.5,0.5,-0.005425,-0.01085,1.24236,1.605707
2001-07-17,1376.5,0.5,0.003291,0.006581,1.246448,1.616274
2001-07-18,1368.5,0.5,-0.002906,-0.005812,1.242826,1.606881
2001-07-19,1379.5,0.5,0.004019,0.008038,1.247821,1.619797
2001-07-20,1371.5,0.5,-0.0029,-0.005799,1.244203,1.610403
2001-07-23,1348.5,0.5,-0.008385,-0.01677,1.23377,1.583397
2001-07-24,1334.5,0.5,-0.005191,-0.010382,1.227366,1.566958
2001-07-25,1348.5,0.5,0.005245,0.010491,1.233804,1.583397
2001-07-26,1362.5,0.5,0.005191,0.010382,1.240209,1.599836
2001-07-27,1366.5,0.5,0.001468,0.002936,1.242029,1.604532
2001-07-30,1366.5,0.5,0.0,0.0,1.242029,1.604532
2001-07-31,1371.5,0.5,0.001829,0.003659,1.244301,1.610403
2001-08-01,1378.5,0.0,-0.0005,0.005104,1.243679,1.618623
2001-08-02,1382.5,0.0,0.0,0.002902,1.243679,1.623319
2001-08-03,1376.5,0.0,0.0,-0.00434,1.243679,1.616274
2001-08-06,1359.5,0.0,0.0,-0.01235,1.243679,1.596313
2001-08-07,1364.5,0.0,0.0,0.003678,1.243679,1.602184
2001-08-08,1341.5,0.0,0.0,-0.016856,1.243679,1.575178
2001-08-09,1344.5,0.0,0.0,0.002236,1.243679,1.5787
2001-08-10,1347.5,0.0,0.0,0.002231,1.243679,1.582223
2001-08-13,1348.5,0.0,0.0,0.000742,1.243679,1.583397
2001-08-14,1348.5,0.0,0.0,0.0,1.243679,1.583397
2001-08-15,1337.5,0.0,0.0,-0.008157,1.243679,1.570481
2001-08-16,1341.5,0.0,0.0,0.002991,1.243679,1.575178
2001-08-17,1321.5,0.0,0.0,-0.014909,1.243679,1.551694
2001-08-20,1332.5,0.0,0.0,0.008324,1.243679,1.56461
2001-08-21,1312.5,0.0,0.0,-0.015009,1.243679,1.541126
2001-08-22,1323.5,0.0,0.0,0.008381,1.243679,1.554042
2001-08-23,1319.5,0.0,0.0,-0.003022,1.243679,1.549345
2001-08-24,1344.5,0.0,0.0,0.018947,1.243679,1.5787
2001-08-27,1337.5,0.0,0.0,-0.005206,1.243679,1.570481
2001-08-28,1320.5,0.0,0.0,-0.01271,1.243679,1.55052
2001-08-29,1308.5,0.0,0.0,-0.009087,1.243679,1.536429
2001-08-30,1285.5,0.0,0.0,-0.017577,1.243679,1.509423
2001-08-31,1291.5,0.0,0.0,0.004667,1.243679,1.516468
2001-09-04,1287.5,0.0,0.0,-0.003097,1.243679,1.511771
2001-09-05,1290.5,0.0,0.0,0.00233,1.243679,1.515294
2001-09-06,1260.5,0.0,0.0,-0.023247,1.243679,1.480068
2001-09-07,1239.5,0.0,0.0,-0.01666,1.243679,1.45541
2001-09-10,1252.5,0.0,0.0,0.010488,1.243679,1.470675
2001-09-11,1251.5,0.0,0.0,-0.000798,1.243679,1.4695
2001-09-17,1193.5,0.0,0.0,-0.046344,1.243679,1.401397
2001-09-18,1188.5,0.0,0.0,-0.004189,1.243679,1.395526
2001-09-19,1166.5,0.0,0.0,-0.018511,1.243679,1.369694
2001-09-20,1133.5,0.0,0.0,-0.02829,1.243679,1.330946
2001-09-21,1122.5,0.0,0.0,-0.009704,1.243679,1.31803
2001-09-24,1157.5,0.0,0.0,0.03118,1.243679,1.359126
2001-09-25,1167.5,0.0,0.0,0.008639,1.243679,1.370868
2001-09-26,1163.5,0.0,0.0,-0.003426,1.243679,1.366172
2001-09-27,1172.5,0.0,0.0,0.007735,1.243679,1.376739
2001-09-28,1193.5,0.0,0.0,0.01791,1.243679,1.401397
2001-10-01,1192.5,0.0,0.0,-0.000838,1.243679,1.400223
2001-10-02,1205.5,0.0,0.0,0.010901,1.243679,1.415488
2001-10-03,1223.5,0.0,0.0,0.014932,1.243679,1.436623
2001-10-04,1224.5,0.0,0.0,0.000817,1.243679,1.437797
2001-10-05,1221.5,0.0,0.0,-0.00245,1.243679,1.434275
2001-10-08,1214.5,0.0,0.0,-0.005731,1.243679,1.426055
2001-10-09,1208.5,0.0,0.0,-0.00494,1.243679,1.41901
2001-10-10,1232.5,0.0,0.0,0.019859,1.243679,1.447191
2001-10-11,1249.5,0.0,0.0,0.013793,1.243679,1.467152
2001-10-12,1243.5,0.0,0.0,-0.004802,1.243679,1.460107
2001-10-15,1242.5,0.0,0.0,-0.000804,1.243679,1.458933
2001-10-16,1248.5,0.0,0.0,0.004829,1.243679,1.465978
2001-10-17,1225.5,0.0,0.0,-0.018422,1.243679,1.438971
2001-10-18,1222.5,0.0,0.0,-0.002448,1.243679,1.435449
2001-10-19,1222.5,0.0,0.0,0.0,1.243679,1.435449
2001-10-22,1243.5,0.0,0.0,0.017178,1.243679,1.460107
2001-10-23,1237.5,0.0,0.0,-0.004825,1.243679,1.453062
2001-10-24,1234.5,0.0,0.0,-0.002424,1.243679,1.449539
2001-10-25,1252.5,0.0,0.0,0.014581,1.243679,1.470675
2001-10-26,1251.5,0.0,0.0,-0.000798,1.243679,1.4695
2001-10-29,1222.5,0.0,0.0,-0.023172,1.243679,1.435449
2001-10-30,1208.5,0.0,0.0,-0.011452,1.243679,1.41901
2001-10-31,1210.5,0.0,0.0,0.001655,1.243679,1.421359
2001-11-01,1232.5,0.0,0.0,0.018174,1.243679,1.447191
2001-11-02,1239.5,0.0,0.0,0.00568,1.243679,1.45541
2001-11-05,1253.5,0.0,0.0,0.011295,1.243679,1.471849
2001-11-06,1270.5,0.0,0.0,0.013562,1.243679,1.49181
2001-11-07,1269.5,0.0,0.0,-0.000787,1.243679,1.490636
2001-11-08,1273.5,0.0,0.0,0.003151,1.243679,1.495333
2001-11-09,1273.5,0.0,0.0,0.0,1.243679,1.495333
2001-11-12,1266.5,0.0,0.0,-0.005497,1.243679,1.487113
2001-11-13,1291.5,0.0,0.0,0.019739,1.243679,1.516468
2001-11-14,1293.5,0.0,0.0,0.001549,1.243679,1.518816
2001-11-15,1294.5,0.0,0.0,0.000773,1.243679,1.519991
2001-11-16,1289.5,0.0,0.0,-0.003862,1.243679,1.51412
2001-11-19,1304.5,0.0,0.0,0.011632,1.243679,1.531733
2001-11-20,1293.5,0.0,0.0,-0.008432,1.243679,1.518816
2001-11-21,1286.5,0.0,0.0,-0.005412,1.243679,1.510597
2001-11-23,1302.5,0.0,0.0,0.012437,1.243679,1.529384
2001-11-26,1305.5,0.0,0.0,0.002303,1.243679,1.532907
2001-11-27,1300.5,0.0,0.0,-0.00383,1.243679,1.527036
2001-11-28,1278.5,0.0,0.0,-0.016917,1.243679,1.501204
2001-11-29,1294.5,0.0,0.0,0.012515,1.243679,1.519991
2001-11-30,1289.5,0.0,0.0,-0.003862,1.243679,1.51412
2001-12-03,1278.5,0.5,-0.004765,-0.00853,1.237753,1.501204
2001-12-04,1297.5,0.5,0.007431,0.014861,1.24695,1.523513
2001-12-05,1318.5,0.5,0.008092,0.016185,1.257041,1.548171
2001-12-06,1318.5,0.5,0.0,0.0,1.257041,1.548171
2001-12-07,1310.5,0.5,-0.003034,-0.006068,1.253227,1.538778
2001-12-10,1289.5,0.5,-0.008012,-0.016024,1.243186,1.51412
2001-12-11,1285.5,0.5,-0.001551,-0.003102,1.241258,1.509423
2001-12-12,1287.0,0.5,0.000583,0.001167,1.241982,1.511184
2001-12-13,1264.75,0.5,-0.008644,-0.017288,1.231246,1.485058
2001-12-14,1274.25,0.5,0.003756,0.007511,1.235871,1.496213
2001-12-17,1285.75,0.5,0.004512,0.009025,1.241447,1.509716
2001-12-18,1293.5,0.5,0.003014,0.006028,1.245189,1.518816
2001-12-19,1301.0,0.5,0.002899,0.005798,1.248799,1.527623
2001-12-20,1290.0,0.5,-0.004228,-0.008455,1.24352,1.514707
2001-12-21,1296.25,0.5,0.002422,0.004845,1.246532,1.522045
2001-12-24,1295.0,0.5,-0.000482,-0.000964,1.245931,1.520578
2001-12-26,1300.75,0.5,0.00222,0.00444,1.248697,1.527329
2001-12-27,1307.25,0.5,0.002499,0.004997,1.251817,1.534962
2001-12-28,1307.0,0.5,-9.6e-05,-0.000191,1.251697,1.534668
2001-12-31,1297.0,0.5,-0.003826,-0.007651,1.246909,1.522926
2002-01-02,1301.75,0.5,0.001831,0.003662,1.249192,1.528503
2002-01-03,1314.25,0.5,0.004801,0.009602,1.25519,1.543181
2002-01-04,1323.0,0.5,0.003329,0.006658,1.259368,1.553455
2002-01-07,1314.5,0.5,-0.003212,-0.006425,1.255323,1.543474
2002-01-08,1311.0,0.5,-0.001331,-0.002663,1.253651,1.539365
2002-01-09,1302.25,0.5,-0.003337,-0.006674,1.249468,1.529091
2002-01-10,1306.75,0.5,0.001728,0.003456,1.251626,1.534374
2002-01-11,1295.5,0.5,-0.004305,-0.008609,1.246239,1.521165
2002-01-14,1288.0,0.5,-0.002895,-0.005789,1.242631,1.512358
2002-01-15,1296.75,0.5,0.003397,0.006793,1.246852,1.522633
2002-01-16,1273.75,0.5,-0.008868,-0.017737,1.235795,1.495626
2002-01-17,1282.0,0.5,0.003238,0.006477,1.239797,1.505313
2002-01-18,1276.75,0.5,-0.002048,-0.004095,1.237258,1.499149
2002-01-22,1269.25,0.5,-0.002937,-0.005874,1.233624,1.490342
2002-01-23,1276.75,0.5,0.002955,0.005909,1.237269,1.499149
2002-01-24,1281.0,0.5,0.001664,0.003329,1.239328,1.504139
2002-01-25,1281.0,0.5,0.0,0.0,1.239328,1.504139
2002-01-28,1283.25,0.5,0.000878,0.001756,1.240417,1.506781
2002-01-29,1248.25,0.5,-0.013637,-0.027274,1.223501,1.465684
2002-01-30,1263.25,0.5,0.006008,0.012017,1.230852,1.483297
2002-01-31,1278.25,0.5,0.005937,0.011874,1.23816,1.50091
2002-02-01,1271.25,0.5,-0.002738,-0.005476,1.23477,1.492691
2002-02-04,1243.0,0.5,-0.011111,-0.022222,1.22105,1.45952
2002-02-05,1236.75,0.5,-0.002514,-0.005028,1.21798,1.452181
2002-02-06,1231.0,0.5,-0.002325,-0.004649,1.215149,1.445429
2002-02-07,1224.75,0.5,-0.002539,-0.005077,1.212064,1.438091
2002-02-08,1244.25,0.5,0.007961,0.015922,1.221713,1.460987
2002-02-11,1258.0,0.5,0.005525,0.011051,1.228463,1.477133
2002-02-12,1255.25,0.5,-0.001093,-0.002186,1.227121,1.473904
2002-02-13,1266.5,0.5,0.004481,0.008962,1.23262,1.487113
2002-02-14,1264.5,0.5,-0.00079,-0.001579,1.231646,1.484765
2002-02-15,1252.5,0.5,-0.004745,-0.00949,1.225802,1.470675
2002-02-19,1231.5,0.5,-0.008383,-0.016766,1.215526,1.446017
2002-02-20,1248.75,0.5,0.007004,0.014007,1.224039,1.466271
2002-02-21,1226.75,0.5,-0.008809,-0.017618,1.213257,1.440439
2002-02-22,1239.5,0.5,0.005197,0.010393,1.219562,1.45541
2002-02-25,1257.25,0.5,0.00716,0.01432,1.228294,1.476252
2002-02-26,1255.75,0.5,-0.000597,-0.001193,1.227561,1.474491
2002-02-27,1259.25,0.5,0.001394,0.002787,1.229272,1.4786
2002-02-28,1254.75,0.5,-0.001787,-0.003574,1.227076,1.473317
2002-03-01,1280.25,0.0,-0.0005,0.020323,1.226462,1.503258
2002-03-04,1299.5,0.0,0.0,0.015036,1.226462,1.525862
2002-03-05,1296.75,0.0,0.0,-0.002116,1.226462,1.522633
2002-03-06,1310.25,0.0,0.0,0.010411,1.226462,1.538484
2002-03-07,1307.0,0.0,0.0,-0.00248,1.226462,1.534668
2002-03-08,1311.5,0.0,0.0,0.003443,1.226462,1.539952
2002-03-11,1314.0,0.0,0.0,0.001906,1.226462,1.542887
2002-03-12,1314.5,0.0,0.0,0.000381,1.226462,1.543474
2002-03-13,1302.25,0.0,0.0,-0.009319,1.226462,1.529091
2002-03-14,1300.5,0.0,0.0,-0.001344,1.226462,1.527036
2002-03-15,1311.75,0.0,0.0,0.008651,1.226462,1.540245
2002-03-18,1312.25,0.0,0.0,0.000381,1.226462,1.540833
2002-03-19,1319.25,0.0,0.0,0.005334,1.226462,1.549052
2002-03-20,1297.25,0.0,0.0,-0.016676,1.226462,1.52322
2002-03-21,1297.75,0.0,0.0,0.000385,1.226462,1.523807
2002-03-22,1294.5,0.0,0.0,-0.002504,1.226462,1.519991
2002-03-25,1280.5,0.0,0.0,-0.010815,1.226462,1.503552
2002-03-26,1287.0,0.0,0.0,0.005076,1.226462,1.511184
2002-03-27,1290.0,0.0,0.0,0.002331,1.226462,1.514707
2002-03-28,1294.25,0.0,0.0,0.003295,1.226462,1.519697
2002-04-01,1289.5,0.5,-0.002335,-0.00367,1.223598,1.51412
2002-04-02,1283.0,0.5,-0.00252,-0.005041,1.220514,1.506487
2002-04-03,1275.25,0.5,-0.00302,-0.006041,1.216828,1.497387
2002-04-04,1270.75,0.5,-0.001764,-0.003529,1.214681,1.492104
2002-04-05,1270.5,0.5,-9.8e-05,-0.000197,1.214562,1.49181
2002-04-08,1272.5,0.5,0.000787,0.001574,1.215518,1.494158
2002-04-09,1265.5,0.5,-0.00275,-0.005501,1.212174,1.485939
2002-04-10,1277.0,0.5,0.004544,0.009087,1.217682,1.499442
2002-04-11,1249.0,0.5,-0.010963,-0.021926,1.204332,1.466565
2002-04-12,1257.0,0.5,0.003203,0.006405,1.208189,1.475958
2002-04-15,1249.25,0.5,-0.003083,-0.006165,1.204465,1.466858
2002-04-16,1274.75,0.5,0.010206,0.020412,1.216758,1.4968
2002-04-17,1273.0,0.5,-0.000686,-0.001373,1.215922,1.494745
2002-04-18,1268.0,0.5,-0.001964,-0.003928,1.213535,1.488875
2002-04-19,1271.75,0.5,0.001479,0.002957,1.215329,1.493278
2002-04-22,1253.25,0.5,-0.007273,-0.014547,1.206489,1.471555
2002-04-23,1248.25,0.5,-0.001995,-0.00399,1.204083,1.465684
2002-04-24,1236.75,0.5,-0.004606,-0.009213,1.198536,1.452181
2002-04-25,1237.5,0.5,0.000303,0.000606,1.1989,1.453062
2002-04-26,1217.0,0.5,-0.008283,-0.016566,1.188969,1.428991
2002-04-29,1210.0,0.5,-0.002876,-0.005752,1.18555,1.420771
2002-04-30,1222.25,0.5,0.005062,0.010124,1.191551,1.435155
2002-05-01,1233.5,0.0,-0.0005,0.009204,1.190955,1.448365
2002-05-02,1229.5,0.0,0.0,-0.003243,1.190955,1.443668
2002-05-03,1218.0,0.0,0.0,-0.009353,1.190955,1.430165
2002-05-06,1196.75,0.0,0.0,-0.017447,1.190955,1.405213
2002-05-07,1192.5,0.0,0.0,-0.003551,1.190955,1.400223
2002-05-08,1231.5,0.0,0.0,0.032704,1.190955,1.446017
2002-05-09,1219.0,0.0,0.0,-0.01015,1.190955,1.431339
2002-05-10,1199.0,0.0,0.0,-0.016407,1.190955,1.407855
2002-05-13,1220.5,0.0,0.0,0.017932,1.190955,1.4331
2002-05-14,1243.5,0.0,0.0,0.018845,1.190955,1.460107
2002-05-15,1239.5,0.0,0.0,-0.003217,1.190955,1.45541
2002-05-16,1244.0,0.0,0.0,0.00363,1.190955,1.460694
2002-05-17,1250.25,0.0,0.0,0.005024,1.190955,1.468033
2002-05-20,1238.5,0.0,0.0,-0.009398,1.190955,1.454236
2002-05-21,1228.0,0.0,0.0,-0.008478,1.190955,1.441907
2002-05-22,1230.0,0.0,0.0,0.001629,1.190955,1.444255
2002-05-23,1242.0,0.0,0.0,0.009756,1.190955,1.458346
2002-05-24,1227.5,0.0,0.0,-0.011675,1.190955,1.44132
2002-05-28,1221.5,0.0,0.0,-0.004888,1.190955,1.434275
2002-05-29,1212.75,0.0,0.0,-0.007163,1.190955,1.424
2002-05-30,1210.75,0.0,0.0,-0.001649,1.190955,1.421652
2002-05-31,1212.5,0.0,0.0,0.001445,1.190955,1.423707
2002-06-03,1183.75,0.0,0.0,-0.023711,1.190955,1.389949
2002-06-04,1186.5,0.0,0.0,0.002323,1.190955,1.393178
2002-06-05,1195.5,0.0,0.0,0.007585,1.190955,1.403746
2002-06-06,1174.5,0.0,0.0,-0.017566,1.190955,1.379088
2002-06-07,1173.25,0.0,0.0,-0.001064,1.190955,1.37762
2002-06-10,1177.0,0.0,0.0,0.003196,1.190955,1.382023
2002-06-11,1159.25,0.0,0.0,-0.015081,1.190955,1.361181
2002-06-12,1165.25,0.0,0.0,0.005176,1.190955,1.368226
2002-06-13,1155.75,0.0,0.0,-0.008153,1.190955,1.357072
2002-06-14,1154.0,0.0,0.0,-0.001514,1.190955,1.355017
2002-06-17,1180.5,0.0,0.0,0.022964,1.190955,1.386133
2002-06-18,1189.25,0.0,0.0,0.007412,1.190955,1.396407
2002-06-19,1164.25,0.0,0.0,-0.021022,1.190955,1.367052
2002-06-20,1151.75,0.0,0.0,-0.010737,1.190955,1.352375
2002-06-21,1136.0,0.0,0.0,-0.013675,1.190955,1.333881
2002-06-24,1141.0,0.0,0.0,0.004401,1.190955,1.339752
2002-06-25,1118.5,0.0,0.0,-0.01972,1.190955,1.313333
2002-06-26,1118.75,0.0,0.0,0.000224,1.190955,1.313626
2002-06-27,1136.0,0.0,0.0,0.015419,1.190955,1.333881
2002-06-28,1134.0,0.0,0.0,-0.001761,1.190955,1.331533
2002-07-01,1113.5,0.0,0.0,-0.018078,1.190955,1.307462
2002-07-02,1091.5,0.0,0.0,-0.019758,1.190955,1.28163
2002-07-03,1097.25,0.0,0.0,0.005268,1.190955,1.288381
2002-07-05,1135.0,0.0,0.0,0.034404,1.190955,1.332707
2002-07-08,1122.25,0.0,0.0,-0.011233,1.190955,1.317736
2002-07-09,1098.0,0.0,0.0,-0.021608,1.190955,1.289262
2002-07-10,1063.0,0.0,0.0,-0.031876,1.190955,1.248165
2002-07-11,1071.0,0.0,0.0,0.007526,1.190955,1.257559
2002-07-12,1061.25,0.0,0.0,-0.009104,1.190955,1.24611
2002-07-15,1064.5,0.0,0.0,0.003062,1.190955,1.249927
2002-07-16,1047.25,0.0,0.0,-0.016205,1.190955,1.229672
2002-07-17,1049.0,0.0,0.0,0.001671,1.190955,1.231727
2002-07-18,1019.5,0.0,0.0,-0.028122,1.190955,1.197088
2002-07-19,988.0,0.0,0.0,-0.030897,1.190955,1.160101
2002-07-22,963.75,0.0,0.0,-0.024545,1.190955,1.131627
2002-07-23,940.75,0.0,0.0,-0.023865,1.190955,1.10462
2002-07-24,988.0,0.0,0.0,0.050226,1.190955,1.160101
2002-07-25,980.75,0.0,0.0,-0.007338,1.190955,1.151588
2002-07-26,997.75,0.0,0.0,0.017334,1.190955,1.171549
2002-07-29,1037.75,0.0,0.0,0.04009,1.190955,1.218517
2002-07-30,1049.5,0.0,0.0,0.011323,1.190955,1.232314
2002-07-31,1055.5,0.0,0.0,0.005717,1.190955,1.239359
2002-08-01,1028.0,0.0,0.0,-0.026054,1.190955,1.207069
2002-08-02,1009.0,0.0,0.0,-0.018482,1.190955,1.184759
2002-08-05,978.0,0.0,0.0,-0.030723,1.190955,1.148359
2002-08-06,1005.0,0.0,0.0,0.027607,1.190955,1.180062
2002-08-07,1020.0,0.0,0.0,0.014925,1.190955,1.197675
2002-08-08,1049.75,0.0,0.0,0.029167,1.190955,1.232607
2002-08-09,1051.75,0.0,0.0,0.001905,1.190955,1.234956
2002-08-12,1046.5,0.0,0.0,-0.004992,1.190955,1.228791
2002-08-13,1029.25,0.0,0.0,-0.016484,1.190955,1.208536
2002-08-14,1062.0,0.0,0.0,0.031819,1.190955,1.246991
2002-08-15,1074.5,0.0,0.0,0.01177,1.190955,1.261669
2002-08-16,1072.0,0.0,0.0,-0.002327,1.190955,1.258733
2002-08-19,1093.0,0.0,0.0,0.01959,1.190955,1.283391
2002-08-20,1083.75,0.0,0.0,-0.008463,1.190955,1.27253
2002-08-21,1096.25,0.0,0.0,0.011534,1.190955,1.287207
2002-08-22,1105.0,0.0,0.0,0.007982,1.190955,1.297481
2002-08-23,1085.0,0.0,0.0,-0.0181,1.190955,1.273998
2002-08-26,1091.5,0.0,0.0,0.005991,1.190955,1.28163
2002-08-27,1080.5,0.0,0.0,-0.010078,1.190955,1.268714
2002-08-28,1060.5,0.0,0.0,-0.01851,1.190955,1.24523
2002-08-29,1060.0,0.0,0.0,-0.000471,1.190955,1.244643
2002-08-30,1060.0,0.0,0.0,0.0,1.190955,1.244643
2002-09-03,1021.75,0.5,-0.018542,-0.036085,1.168872,1.19973
2002-09-04,1033.75,0.5,0.005872,0.011745,1.175736,1.21382
2002-09-05,1027.25,0.5,-0.003144,-0.006288,1.17204,1.206188
2002-09-06,1038.5,0.5,0.005476,0.010952,1.178457,1.219398
2002-09-09,1044.5,0.5,0.002889,0.005778,1.181862,1.226443
2002-09-10,1055.0,0.5,0.005026,0.010053,1.187802,1.238772
2002-09-11,1050.0,0.5,-0.00237,-0.004739,1.184988,1.232901
2002-09-12,1033.0,0.5,-0.008095,-0.01619,1.175395,1.21294
2002-09-13,1035.0,0.5,0.000968,0.001936,1.176533,1.215288
2002-09-16,1036.75,0.5,0.000845,0.001691,1.177527,1.217343
2002-09-17,1016.25,0.5,-0.009887,-0.019773,1.165885,1.193272
2002-09-18,1007.5,0.5,-0.004305,-0.00861,1.160866,1.182998
2002-09-19,985.5,0.5,-0.010918,-0.021836,1.148192,1.157166
2002-09-20,986.0,0.5,0.000254,0.000507,1.148483,1.157753
2002-09-23,978.25,0.5,-0.00393,-0.00786,1.143969,1.148653
2002-09-24,964.5,0.5,-0.007028,-0.014056,1.13593,1.132507
2002-09-25,985.0,0.5,0.010627,0.021255,1.148002,1.156578
2002-09-26,998.25,0.5,0.006726,0.013452,1.155723,1.172136
2002-09-27,969.0,0.5,-0.014651,-0.029301,1.138791,1.137791
2002-09-30,958.75,0.5,-0.005289,-0.010578,1.132768,1.125756
2002-10-01,997.75,0.0,-0.0005,0.040678,1.132202,1.171549
2002-10-02,974.25,0.0,0.0,-0.023553,1.132202,1.143956
2002-10-03,964.25,0.0,0.0,-0.010264,1.132202,1.132214
2002-10-04,949.5,0.0,0.0,-0.015297,1.132202,1.114895
2002-10-07,932.25,0.0,0.0,-0.018167,1.132202,1.09464
2002-10-08,944.75,0.0,0.0,0.013408,1.132202,1.109317
2002-10-09,921.5,0.0,0.0,-0.02461,1.132202,1.082017
2002-10-10,946.75,0.0,0.0,0.027401,1.132202,1.111666
2002-10-11,982.25,0.0,0.0,0.037497,1.132202,1.153349
2002-10-14,985.25,0.0,0.0,0.003054,1.132202,1.156872
2002-10-15,1026.5,0.0,0.0,0.041868,1.132202,1.205307
2002-10-16,1006.0,0.0,0.0,-0.019971,1.132202,1.181236
2002-10-17,1022.75,0.0,0.0,0.01665,1.132202,1.200904
2002-10-18,1027.0,0.0,0.0,0.004155,1.132202,1.205894
2002-10-21,1042.5,0.0,0.0,0.015093,1.132202,1.224094
2002-10-22,1035.25,0.0,0.0,-0.006954,1.132202,1.215582
2002-10-23,1042.0,0.0,0.0,0.00652,1.132202,1.223507
2002-10-24,1024.25,0.0,0.0,-0.017035,1.132202,1.202665
2002-10-25,1042.5,0.0,0.0,0.017818,1.132202,1.224094
2002-10-28,1035.5,0.0,0.0,-0.006715,1.132202,1.215875
2002-10-29,1025.25,0.0,0.0,-0.009899,1.132202,1.20384
2002-10-30,1033.5,0.0,0.0,0.008047,1.132202,1.213527
2002-10-31,1029.25,0.0,0.0,-0.004112,1.132202,1.208536
2002-11-01,1042.25,0.5,0.005815,0.012631,1.138786,1.223801
2002-11-04,1051.25,0.5,0.004318,0.008635,1.143702,1.234369
2002-11-05,1057.75,0.5,0.003092,0.006183,1.147238,1.242001
2002-11-06,1069.5,0.5,0.005554,0.011108,1.15361,1.255798
2002-11-07,1046.25,0.5,-0.01087,-0.021739,1.141071,1.228498
2002-11-08,1035.25,0.5,-0.005257,-0.010514,1.135073,1.215582
2002-11-11,1021.5,0.5,-0.006641,-0.013282,1.127535,1.199436
2002-11-12,1028.5,0.5,0.003426,0.006853,1.131398,1.207656
2002-11-13,1029.5,0.5,0.000486,0.000972,1.131948,1.20883
2002-11-14,1046.25,0.5,0.008135,0.01627,1.141156,1.228498
2002-11-15,1052.75,0.5,0.003106,0.006213,1.144701,1.23613
2002-11-18,1043.75,0.5,-0.004275,-0.008549,1.139808,1.225562
2002-11-19,1041.75,0.5,-0.000958,-0.001916,1.138716,1.223214
2002-11-20,1062.5,0.5,0.009959,0.019918,1.150057,1.247578
2002-11-21,1079.25,0.5,0.007882,0.015765,1.159122,1.267246
2002-11-22,1072.5,0.5,-0.003127,-0.006254,1.155497,1.25932
2002-11-25,1073.5,0.5,0.000466,0.000932,1.156036,1.260494
2002-11-26,1055.25,0.5,-0.0085,-0.017,1.146209,1.239065
2002-11-27,1081.75,0.5,0.012556,0.025113,1.160601,1.270181
2002-11-29,1079.75,0.5,-0.000924,-0.001849,1.159529,1.267833
2002-12-02,1079.0,0.5,-0.000347,-0.000695,1.159126,1.266952
2002-12-03,1067.5,0.5,-0.005329,-0.010658,1.152949,1.253449
2002-12-04,1062.75,0.5,-0.002225,-0.00445,1.150384,1.247872
2002-12-05,1052.25,0.5,-0.00494,-0.00988,1.144701,1.235543
2002-12-06,1057.5,0.5,0.002495,0.004989,1.147556,1.241707
2002-12-09,1033.25,0.5,-0.011466,-0.022931,1.134399,1.213233
2002-12-10,1045.75,0.5,0.006049,0.012098,1.141261,1.227911
2002-12-11,1046.0,0.5,0.00012,0.000239,1.141397,1.228204
2002-12-12,1045.75,0.5,-0.00012,-0.000239,1.141261,1.227911
2002-12-13,1031.25,0.5,-0.006933,-0.013866,1.133349,1.210885
2002-12-16,1054.25,0.5,0.011152,0.022303,1.145987,1.237891
2002-12-17,1046.75,0.5,-0.003557,-0.007114,1.141911,1.229085
2002-12-18,1036.25,0.5,-0.005016,-0.010031,1.136184,1.216756
2002-12-19,1029.5,0.5,-0.003257,-0.006514,1.132483,1.20883
2002-12-20,1041.5,0.5,0.005828,0.011656,1.139083,1.22292
2002-12-23,1041.75,0.5,0.00012,0.00024,1.13922,1.223214
2002-12-24,1036.25,0.5,-0.00264,-0.00528,1.136213,1.216756
2002-12-26,1035.5,0.5,-0.000362,-0.000724,1.135801,1.215875
2002-12-27,1016.5,0.5,-0.009174,-0.018349,1.125381,1.193565
2002-12-30,1022.25,0.5,0.002828,0.005657,1.128564,1.200317
2002-12-31,1023.75,0.5,0.000734,0.001467,1.129392,1.202078
2003-01-02,1052.25,0.5,0.013919,0.027839,1.145113,1.235543
2003-01-03,1054.75,0.5,0.001188,0.002376,1.146473,1.238478
2003-01-06,1071.25,0.5,0.007822,0.015644,1.15544,1.257852
2003-01-07,1068.5,0.5,-0.001284,-0.002567,1.153957,1.254623
2003-01-08,1054.75,0.5,-0.006434,-0.012869,1.146533,1.238478
2003-01-09,1069.5,0.5,0.006992,0.013984,1.154549,1.255798
2003-01-10,1071.25,0.5,0.000818,0.001636,1.155494,1.257852
2003-01-13,1071.25,0.5,0.0,0.0,1.155494,1.257852
2003-01-14,1074.0,0.5,0.001284,0.002567,1.156977,1.261081
2003-01-15,1065.75,0.5,-0.003841,-0.007682,1.152533,1.251394
2003-01-16,1061.25,0.5,-0.002111,-0.004222,1.1501,1.24611
2003-01-17,1047.75,0.5,-0.00636,-0.012721,1.142785,1.230259
2003-01-21,1033.25,0.5,-0.00692,-0.013839,1.134877,1.213233
2003-01-22,1022.25,0.5,-0.005323,-0.010646,1.128836,1.200317
2003-01-23,1027.75,0.5,0.00269,0.00538,1.131873,1.206775
2003-01-24,1005.0,0.5,-0.011068,-0.022136,1.119346,1.180062
2003-01-27,992.0,0.5,-0.006468,-0.012935,1.112106,1.164798
2003-01-28,999.25,0.5,0.003654,0.007308,1.11617,1.173311
2003-01-29,1005.5,0.5,0.003127,0.006255,1.119661,1.180649
2003-01-30,984.75,0.5,-0.010318,-0.020636,1.108108,1.156285
2003-01-31,999.5,0.5,0.007489,0.014978,1.116407,1.173604
2003-02-03,1003.25,0.0,-0.0005,0.003752,1.115848,1.178007
2003-02-04,994.0,0.0,0.0,-0.00922,1.115848,1.167146
2003-02-05,989.25,0.0,0.0,-0.004779,1.115848,1.161569
2003-02-06,985.25,0.0,0.0,-0.004043,1.115848,1.156872
2003-02-07,975.25,0.0,0.0,-0.01015,1.115848,1.14513
2003-02-10,980.75,0.0,0.0,0.00564,1.115848,1.151588
2003-02-11,974.5,0.0,0.0,-0.006373,1.115848,1.144249
2003-02-12,961.5,0.0,0.0,-0.01334,1.115848,1.128985
2003-02-13,963.75,0.0,0.0,0.00234,1.115848,1.131627
2003-02-14,981.75,0.0,0.0,0.018677,1.115848,1.152762
2003-02-18,996.25,0.0,0.0,0.01477,1.115848,1.169788
2003-02-19,991.5,0.0,0.0,-0.004768,1.115848,1.164211
2003-02-20,983.5,0.0,0.0,-0.008069,1.115848,1.154817
2003-02-21,992.0,0.0,0.0,0.008643,1.115848,1.164798
2003-02-24,977.25,0.0,0.0,-0.014869,1.115848,1.147478
2003-02-25,984.5,0.0,0.0,0.007419,1.115848,1.155991
2003-02-26,972.5,0.0,0.0,-0.012189,1.115848,1.141901
2003-02-27,983.0,0.0,0.0,0.010797,1.115848,1.15423
2003-02-28,985.75,0.0,0.0,0.002798,1.115848,1.157459
2003-03-03,980.25,0.0,0.0,-0.00558,1.115848,1.151001
2003-03-04,967.0,0.0,0.0,-0.013517,1.115848,1.135443
2003-03-05,974.25,0.0,0.0,0.007497,1.115848,1.143956
2003-03-06,966.5,0.0,0.0,-0.007955,1.115848,1.134856
2003-03-07,973.25,0.0,0.0,0.006984,1.115848,1.142782
2003-03-10,952.5,0.0,0.0,-0.02132,1.115848,1.118417
2003-03-11,945.0,0.0,0.0,-0.007874,1.115848,1.109611
2003-03-12,950.5,0.0,0.0,0.00582,1.115848,1.116069
2003-03-13,978.25,0.0,0.0,0.029195,1.115848,1.148653
2003-03-14,979.0,0.0,0.0,0.000767,1.115848,1.149533
2003-03-17,1007.0,0.0,0.0,0.028601,1.115848,1.182411
2003-03-18,1012.25,0.0,0.0,0.005214,1.115848,1.188575
2003-03-19,1018.75,0.0,0.0,0.006421,1.115848,1.196207
2003-03-20,1020.75,0.0,0.0,0.001963,1.115848,1.198556
2003-03-21,1039.25,0.0,0.0,0.018124,1.115848,1.220278
2003-03-24,1009.5,0.0,0.0,-0.028626,1.115848,1.185346
2003-03-25,1018.25,0.0,0.0,0.008668,1.115848,1.19562
2003-03-26,1014.0,0.0,0.0,-0.004174,1.115848,1.19063
2003-03-27,1013.5,0.0,0.0,-0.000493,1.115848,1.190043
2003-03-28,1009.0,0.0,0.0,-0.00444,1.115848,1.184759
2003-03-31,993.0,0.0,0.0,-0.015857,1.115848,1.165972
2003-04-01,1002.75,0.0,0.0,0.009819,1.115848,1.17742
2003-04-02,1023.25,0.0,0.0,0.020444,1.115848,1.201491
2003-04-03,1019.25,0.0,0.0,-0.003909,1.115848,1.196794
2003-04-04,1024.5,0.0,0.0,0.005151,1.115848,1.202959
2003-04-07,1023.0,0.0,0.0,-0.001464,1.115848,1.201198
2003-04-08,1024.25,0.0,0.0,0.001222,1.115848,1.202665
2003-04-09,1012.75,0.0,0.0,-0.011228,1.115848,1.189162
2003-04-10,1017.75,0.0,0.0,0.004937,1.115848,1.195033
2003-04-11,1014.25,0.0,0.0,-0.003439,1.115848,1.190924
2003-04-14,1032.0,0.0,0.0,0.017501,1.115848,1.211765
2003-04-15,1039.75,0.0,0.0,0.00751,1.115848,1.220865
2003-04-16,1024.75,0.0,0.0,-0.014427,1.115848,1.203253
2003-04-17,1037.25,0.0,0.0,0.012198,1.115848,1.21793
2003-04-21,1039.0,0.0,0.0,0.001687,1.115848,1.219985
2003-04-22,1055.5,0.0,0.0,0.015881,1.115848,1.239359
2003-04-23,1063.5,0.0,0.0,0.007579,1.115848,1.248752
2003-04-24,1055.75,0.0,0.0,-0.007287,1.115848,1.239652
2003-04-25,1044.5,0.0,0.0,-0.010656,1.115848,1.226443
2003-04-28,1059.5,0.0,0.0,0.014361,1.115848,1.244056
2003-04-29,1062.0,0.0,0.0,0.00236,1.115848,1.246991
2003-04-30,1062.0,0.0,0.0,0.0,1.115848,1.246991
2003-05-01,1061.0,1.0,-0.001942,-0.000942,1.113682,1.245817
2003-05-02,1073.5,1.0,0.011781,0.011781,1.126803,1.260494
2003-05-05,1072.25,1.0,-0.001164,-0.001164,1.12549,1.259027
2003-05-06,1080.75,1.0,0.007927,0.007927,1.134413,1.269007
2003-05-07,1075.5,1.0,-0.004858,-0.004858,1.128902,1.262843
2003-05-08,1066.5,1.0,-0.008368,-0.008368,1.119455,1.252275
2003-05-09,1078.25,1.0,0.011017,0.011017,1.131788,1.266072
2003-05-12,1090.25,1.0,0.011129,0.011129,1.144384,1.280162
2003-05-13,1088.75,1.0,-0.001376,-0.001376,1.14281,1.278401
2003-05-14,1086.25,1.0,-0.002296,-0.002296,1.140186,1.275465
2003-05-15,1092.25,1.0,0.005524,0.005524,1.146484,1.28251
2003-05-16,1090.25,1.0,-0.001831,-0.001831,1.144384,1.280162
2003-05-19,1068.5,1.0,-0.01995,-0.01995,1.121554,1.254623
2003-05-20,1065.25,1.0,-0.003042,-0.003042,1.118143,1.250807
2003-05-21,1068.0,1.0,0.002582,0.002582,1.121029,1.254036
2003-05-22,1076.75,1.0,0.008193,0.008193,1.130214,1.26431
2003-05-23,1078.25,1.0,0.001393,0.001393,1.131788,1.266072
2003-05-27,1095.5,1.0,0.015998,0.015998,1.149895,1.286327
2003-05-28,1098.0,1.0,0.002282,0.002282,1.152519,1.289262
2003-05-29,1095.25,1.0,-0.002505,-0.002505,1.149633,1.286033
2003-05-30,1109.25,1.0,0.012782,0.012782,1.164328,1.302472
2003-06-02,1114.25,1.0,0.004508,0.004508,1.169576,1.308343
2003-06-03,1118.25,1.0,0.00359,0.00359,1.173775,1.313039
2003-06-04,1132.25,1.0,0.01252,0.01252,1.18847,1.329478
2003-06-05,1136.75,1.0,0.003974,0.003974,1.193193,1.334762
2003-06-06,1133.75,1.0,-0.002639,-0.002639,1.190044,1.331239
2003-06-09,1123.0,1.0,-0.009482,-0.009482,1.17876,1.318617
2003-06-10,1132.75,1.0,0.008682,0.008682,1.188995,1.330065
2003-06-11,1143.25,1.0,0.009269,0.009269,1.200016,1.342394
2003-06-12,1146.75,1.0,0.003061,0.003061,1.20369,1.346504
2003-06-13,1135.75,1.0,-0.009592,-0.009592,1.192143,1.333588
2003-06-16,1156.5,1.0,0.01827,0.01827,1.213924,1.357952
2003-06-17,1156.75,1.0,0.000216,0.000216,1.214186,1.358246
2003-06-18,1155.5,1.0,-0.001081,-0.001081,1.212874,1.356778
2003-06-19,1141.0,1.0,-0.012549,-0.012549,1.197654,1.339752
2003-06-20,1138.75,1.0,-0.001972,-0.001972,1.195292,1.33711
2003-06-23,1128.25,1.0,-0.009221,-0.009221,1.184271,1.324781
2003-06-24,1128.75,1.0,0.000443,0.000443,1.184796,1.325368
2003-06-25,1119.25,1.0,-0.008416,-0.008416,1.174824,1.314214
2003-06-26,1130.75,1.0,0.010275,0.010275,1.186895,1.327717
2003-06-27,1120.5,1.0,-0.009065,-0.009065,1.176136,1.315681
2003-06-30,1120.5,1.0,0.0,0.0,1.176136,1.315681
2003-07-01,1128.5,1.0,0.00714,0.00714,1.184533,1.325075
2003-07-02,1140.25,1.0,0.010412,0.010412,1.196867,1.338872
2003-07-03,1129.75,1.0,-0.009209,-0.009209,1.185846,1.326543
2003-07-07,1149.75,1.0,0.017703,0.017703,1.206839,1.350026
2003-07-08,1154.75,1.0,0.004349,0.004349,1.212087,1.355897
2003-07-09,1148.25,1.0,-0.005629,-0.005629,1.205264,1.348265
2003-07-10,1136.0,1.0,-0.010668,-0.010668,1.192406,1.333881
2003-07-11,1144.5,1.0,0.007482,0.007482,1.201328,1.343862
2003-07-14,1149.75,1.0,0.004587,0.004587,1.206839,1.350026
2003-07-15,1148.25,1.0,-0.001305,-0.001305,1.205264,1.348265
2003-07-16,1142.25,1.0,-0.005225,-0.005225,1.198966,1.34122
2003-07-17,1128.0,1.0,-0.012475,-0.012475,1.184009,1.324488
2003-07-18,1137.75,1.0,0.008644,0.008644,1.194243,1.335936
2003-07-21,1125.25,1.0,-0.010987,-0.010987,1.181122,1.321259
2003-07-22,1134.0,1.0,0.007776,0.007776,1.190307,1.331533
2003-07-23,1134.75,1.0,0.000661,0.000661,1.191094,1.332414
2003-07-24,1127.5,1.0,-0.006389,-0.006389,1.183484,1.323901
2003-07-25,1144.0,1.0,0.014634,0.014634,1.200803,1.343275
2003-07-28,1141.25,1.0,-0.002404,-0.002404,1.197917,1.340046
2003-07-29,1136.25,1.0,-0.004381,-0.004381,1.192668,1.334175
2003-07-30,1133.75,1.0,-0.0022,-0.0022,1.190044,1.331239
2003-07-31,1136.5,1.0,0.002426,0.002426,1.192931,1.334468
2003-08-01,1126.75,0.5,-0.004789,-0.008579,1.187217,1.32302
2003-08-04,1127.5,0.5,0.000333,0.000666,1.187612,1.323901
2003-08-05,1106.75,0.5,-0.009202,-0.018404,1.176684,1.299536
2003-08-06,1112.25,0.5,0.002485,0.00497,1.179608,1.305994
2003-08-07,1121.75,0.5,0.004271,0.008541,1.184646,1.317149
2003-08-08,1125.25,0.5,0.00156,0.00312,1.186494,1.321259
2003-08-11,1128.5,0.5,0.001444,0.002888,1.188207,1.325075
2003-08-12,1137.25,0.5,0.003877,0.007754,1.192814,1.335349
2003-08-13,1132.0,0.5,-0.002308,-0.004616,1.19006,1.329185
2003-08-14,1135.0,0.5,0.001325,0.00265,1.191637,1.332707
2003-08-15,1137.75,0.5,0.001211,0.002423,1.193081,1.335936
2003-08-18,1146.0,0.5,0.003626,0.007251,1.197407,1.345623
2003-08-19,1150.25,0.5,0.001854,0.003709,1.199627,1.350614
2003-08-20,1146.25,0.5,-0.001739,-0.003478,1.197541,1.345917
2003-08-21,1149.25,0.5,0.001309,0.002617,1.199108,1.349439
2003-08-22,1139.75,0.5,-0.004133,-0.008266,1.194152,1.338285
2003-08-25,1141.0,0.5,0.000548,0.001097,1.194807,1.339752
2003-08-26,1142.75,0.5,0.000767,0.001534,1.195723,1.341807
2003-08-27,1143.0,0.5,0.000109,0.000219,1.195854,1.342101
2003-08-28,1148.5,0.5,0.002406,0.004812,1.198731,1.348559
2003-08-29,1155.0,0.5,0.00283,0.00566,1.202123,1.356191
2003-09-02,1169.25,0.5,0.006169,0.012338,1.209539,1.372923
2003-09-03,1174.25,0.5,0.002138,0.004276,1.212125,1.378794
2003-09-04,1175.5,0.5,0.000532,0.001065,1.21277,1.380262
2003-09-05,1169.5,0.5,-0.002552,-0.005104,1.209675,1.373217
2003-09-08,1177.75,0.5,0.003527,0.007054,1.213942,1.382904
2003-09-09,1171.25,0.5,-0.002759,-0.005519,1.210592,1.375272
2003-09-10,1160.75,0.5,-0.004482,-0.008965,1.205166,1.362943
2003-09-11,1164.0,0.5,0.0014,0.0028,1.206853,1.366759
2003-09-12,1165.25,0.5,0.000537,0.001074,1.207501,1.368226
2003-09-15,1161.25,0.5,-0.001716,-0.003433,1.205428,1.36353
2003-09-16,1176.5,0.5,0.006566,0.013132,1.213343,1.381436
2003-09-17,1174.25,0.5,-0.000956,-0.001912,1.212183,1.378794
2003-09-18,1186.0,0.5,0.005003,0.010006,1.218248,1.392591
2003-09-19,1181.75,0.5,-0.001792,-0.003583,1.216065,1.387601
2003-09-22,1170.0,0.5,-0.004971,-0.009943,1.21002,1.373804
2003-09-23,1174.25,0.5,0.001816,0.003632,1.212217,1.378794
2003-09-24,1156.0,0.5,-0.007771,-0.015542,1.202797,1.357365
2003-09-25,1146.5,0.5,-0.004109,-0.008218,1.197855,1.34621
2003-09-26,1143.25,0.5,-0.001417,-0.002835,1.196157,1.342394
2003-09-29,1153.0,0.5,0.004264,0.008528,1.201258,1.353843
2003-09-30,1142.75,0.5,-0.004445,-0.00889,1.195918,1.341807
2003-10-01,1165.25,0.5,0.009845,0.019689,1.207692,1.368226
2003-10-02,1168.25,0.5,0.001287,0.002575,1.209246,1.371749
2003-10-03,1177.25,0.5,0.003852,0.007704,1.213904,1.382317
2003-10-06,1182.25,0.5,0.002124,0.004247,1.216482,1.388188
2003-10-07,1186.0,0.5,0.001586,0.003172,1.218411,1.392591
2003-10-08,1183.75,0.5,-0.000949,-0.001897,1.217256,1.389949
2003-10-09,1187.25,0.5,0.001478,0.002957,1.219055,1.394059
2003-10-10,1189.25,0.5,0.000842,0.001685,1.220082,1.396407
2003-10-13,1193.25,0.5,0.001682,0.003363,1.222134,1.401104
2003-10-14,1196.25,0.5,0.001257,0.002514,1.22367,1.404626
2003-10-15,1193.25,0.5,-0.001254,-0.002508,1.222136,1.401104
2003-10-16,1198.0,0.5,0.00199,0.003981,1.224568,1.406681
2003-10-17,1186.5,0.5,-0.0048,-0.009599,1.218691,1.393178
2003-10-20,1194.0,0.5,0.003161,0.006321,1.222542,1.401984
2003-10-21,1192.25,0.5,-0.000733,-0.001466,1.221646,1.39993
2003-10-22,1179.25,0.5,-0.005452,-0.010904,1.214986,1.384665
2003-10-23,1177.25,0.5,-0.000848,-0.001696,1.213956,1.382317
2003-10-24,1178.75,0.5,0.000637,0.001274,1.214729,1.384078
2003-10-27,1179.5,0.5,0.000318,0.000636,1.215116,1.384959
2003-10-28,1193.5,0.5,0.005935,0.011869,1.222327,1.401397
2003-10-29,1195.0,0.5,0.000628,0.001257,1.223095,1.403159
2003-10-30,1197.25,0.5,0.000941,0.001883,1.224247,1.405801
2003-10-31,1198.25,0.5,0.000418,0.000835,1.224758,1.406975
2003-11-03,1203.0,1.0,0.003464,0.003964,1.229001,1.412552
2003-11-04,1201.0,1.0,-0.001663,-0.001663,1.226957,1.410204
2003-11-05,1202.25,1.0,0.001041,0.001041,1.228234,1.411671
2003-11-06,1207.25,1.0,0.004159,0.004159,1.233343,1.417542
2003-11-07,1199.25,1.0,-0.006627,-0.006627,1.22517,1.408149
2003-11-10,1195.0,1.0,-0.003544,-0.003544,1.220828,1.403159
2003-11-11,1194.5,1.0,-0.000418,-0.000418,1.220317,1.402571
2003-11-12,1205.75,1.0,0.009418,0.009418,1.23181,1.415781
2003-11-13,1206.75,1.0,0.000829,0.000829,1.232832,1.416955
2003-11-14,1197.75,1.0,-0.007458,-0.007458,1.223637,1.406388
2003-11-17,1192.25,1.0,-0.004592,-0.004592,1.218018,1.39993
2003-11-18,1181.5,1.0,-0.009017,-0.009017,1.207036,1.387307
2003-11-19,1189.75,1.0,0.006983,0.006983,1.215464,1.396994
2003-11-20,1180.75,1.0,-0.007565,-0.007565,1.20627,1.386426
2003-11-21,1185.0,1.0,0.003599,0.003599,1.210612,1.391417
2003-11-24,1198.25,1.0,0.011181,0.011181,1.224148,1.406975
2003-11-25,1202.0,1.0,0.00313,0.00313,1.227979,1.411378
2003-11-26,1205.5,1.0,0.002912,0.002912,1.231555,1.415488
2003-11-28,1206.5,1.0,0.00083,0.00083,1.232576,1.416662
2003-12-01,1217.75,1.0,0.009324,0.009324,1.244069,1.429871
2003-12-02,1215.75,1.0,-0.001642,-0.001642,1.242026,1.427523
2003-12-03,1213.75,1.0,-0.001645,-0.001645,1.239983,1.425175
2003-12-04,1218.25,1.0,0.003708,0.003708,1.24458,1.430459
2003-12-05,1211.0,1.0,-0.005951,-0.005951,1.237174,1.421946
2003-12-08,1217.75,1.0,0.005574,0.005574,1.244069,1.429871
2003-12-09,1209.25,1.0,-0.00698,-0.00698,1.235386,1.419891
2003-12-10,1209.5,1.0,0.000207,0.000207,1.235641,1.420184
2003-12-11,1221.0,1.0,0.009508,0.009508,1.24739,1.433688
2003-12-12,1222.5,1.0,0.001229,0.001229,1.248922,1.435449
2003-12-15,1217.5,1.0,-0.00409,-0.00409,1.243814,1.429578
2003-12-16,1223.5,1.0,0.004928,0.004928,1.249944,1.436623
2003-12-17,1226.25,1.0,0.002248,0.002248,1.252753,1.439852
2003-12-18,1238.5,1.0,0.00999,0.00999,1.265268,1.454236
2003-12-19,1235.5,1.0,-0.002422,-0.002422,1.262203,1.450713
2003-12-22,1242.75,1.0,0.005868,0.005868,1.26961,1.459226
2003-12-23,1243.5,1.0,0.000604,0.000604,1.270376,1.460107
2003-12-24,1243.0,1.0,-0.000402,-0.000402,1.269865,1.45952
2003-12-26,1243.5,1.0,0.000402,0.000402,1.270376,1.460107
2003-12-29,1257.75,1.0,0.01146,0.01146,1.284934,1.476839
2003-12-30,1257.75,1.0,0.0,0.0,1.284934,1.476839
2003-12-31,1260.5,1.0,0.002186,0.002186,1.287743,1.480068
2004-01-02,1259.0,1.0,-0.00119,-0.00119,1.286211,1.478307
2004-01-05,1270.0,1.0,0.008737,0.008737,1.297449,1.491223
2004-01-06,1272.0,1.0,0.001575,0.001575,1.299492,1.493571
2004-01-07,1275.5,1.0,0.002752,0.002752,1.303068,1.497681
2004-01-08,1279.5,1.0,0.003136,0.003136,1.307154,1.502378
2004-01-09,1270.0,1.0,-0.007425,-0.007425,1.297449,1.491223
2004-01-12,1278.25,1.0,0.006496,0.006496,1.305877,1.50091
2004-01-13,1271.25,1.0,-0.005476,-0.005476,1.298726,1.492691
2004-01-14,1281.25,1.0,0.007866,0.007866,1.308942,1.504433
2004-01-15,1283.25,1.0,0.001561,0.001561,1.310985,1.506781
2004-01-16,1288.0,1.0,0.003702,0.003702,1.315838,1.512358
2004-01-20,1287.5,1.0,-0.000388,-0.000388,1.315327,1.511771
2004-01-21,1296.0,1.0,0.006602,0.006602,1.324011,1.521752
2004-01-22,1294.0,1.0,-0.001543,-0.001543,1.321967,1.519404
2004-01-23,1290.25,1.0,-0.002898,-0.002898,1.318136,1.515
2004-01-26,1304.25,1.0,0.010851,0.010851,1.332439,1.531439
2004-01-27,1292.5,1.0,-0.009009,-0.009009,1.320435,1.517642
2004-01-28,1279.25,1.0,-0.010251,-0.010251,1.306899,1.502084
2004-01-29,1280.25,1.0,0.000782,0.000782,1.30792,1.503258
2004-01-30,1280.0,1.0,-0.000195,-0.000195,1.307665,1.502965
2004-02-02,1284.5,1.0,0.003516,0.003516,1.312262,1.508249
2004-02-03,1283.0,1.0,-0.001168,-0.001168,1.31073,1.506487
2004-02-04,1274.0,1.0,-0.007015,-0.007015,1.301535,1.49592
2004-02-05,1276.5,1.0,0.001962,0.001962,1.304089,1.498855
2004-02-06,1289.0,1.0,0.009792,0.009792,1.316859,1.513533
2004-02-09,1290.0,1.0,0.000776,0.000776,1.317881,1.514707
2004-02-10,1293.25,1.0,0.002519,0.002519,1.321201,1.518523
2004-02-11,1305.25,1.0,0.009279,0.009279,1.333461,1.532613
2004-02-12,1301.0,1.0,-0.003256,-0.003256,1.329119,1.527623
2004-02-13,1295.75,1.0,-0.004035,-0.004035,1.323755,1.521458
2004-02-17,1306.5,1.0,0.008296,0.008296,1.334738,1.534081
2004-02-18,1301.25,1.0,-0.004018,-0.004018,1.329374,1.527916
2004-02-19,1297.25,1.0,-0.003074,-0.003074,1.325288,1.52322
2004-02-20,1293.75,1.0,-0.002698,-0.002698,1.321712,1.51911
2004-02-23,1290.0,1.0,-0.002899,-0.002899,1.317881,1.514707
2004-02-24,1288.5,1.0,-0.001163,-0.001163,1.316349,1.512945
2004-02-25,1293.0,1.0,0.003492,0.003492,1.320946,1.518229
2004-02-26,1293.25,1.0,0.000193,0.000193,1.321201,1.518523
2004-02-27,1294.5,1.0,0.000967,0.000967,1.322478,1.519991
2004-03-01,1305.5,1.0,0.008497,0.008497,1.333716,1.532907
2004-03-02,1299.0,1.0,-0.004979,-0.004979,1.327076,1.525274
2004-03-03,1300.75,1.0,0.001347,0.001347,1.328863,1.527329
2004-03-04,1304.25,1.0,0.002691,0.002691,1.332439,1.531439
2004-03-05,1307.75,1.0,0.002684,0.002684,1.336015,1.535549
2004-03-08,1294.0,1.0,-0.010514,-0.010514,1.321967,1.519404
2004-03-09,1289.5,1.0,-0.003478,-0.003478,1.31737,1.51412
2004-03-10,1270.25,1.0,-0.014928,-0.014928,1.297704,1.491516
2004-03-11,1255.5,1.0,-0.011612,-0.011612,1.282635,1.474197
2004-03-12,1269.25,1.0,0.010952,0.010952,1.296683,1.490342
2004-03-15,1256.25,1.0,-0.010242,-0.010242,1.283402,1.475078
2004-03-16,1261.5,1.0,0.004179,0.004179,1.288765,1.481242
2004-03-17,1273.75,1.0,0.009711,0.009711,1.30128,1.495626
2004-03-18,1274.25,1.0,0.000393,0.000393,1.301791,1.496213
2004-03-19,1258.5,1.0,-0.01236,-0.01236,1.2857,1.47772
2004-03-22,1244.5,1.0,-0.011124,-0.011124,1.271398,1.461281
2004-03-23,1242.5,1.0,-0.001607,-0.001607,1.269354,1.458933
2004-03-24,1242.75,1.0,0.000201,0.000201,1.26961,1.459226
2004-03-25,1257.25,1.0,0.011668,0.011668,1.284423,1.476252
2004-03-26,1257.25,1.0,0.0,0.0,1.284423,1.476252
2004-03-29,1273.0,1.0,0.012527,0.012527,1.300514,1.494745
2004-03-30,1277.25,1.0,0.003339,0.003339,1.304855,1.499736
2004-03-31,1276.25,1.0,-0.000783,-0.000783,1.303834,1.498562
2004-04-01,1284.75,0.5,0.00283,0.00666,1.307524,1.508542
2004-04-02,1293.25,0.5,0.003308,0.006616,1.311849,1.518523
2004-04-05,1299.5,0.5,0.002416,0.004833,1.315019,1.525862
2004-04-06,1296.0,0.5,-0.001347,-0.002693,1.313248,1.521752
2004-04-07,1293.5,0.5,-0.000965,-0.001929,1.311981,1.518816
2004-04-08,1290.75,0.5,-0.001063,-0.002126,1.310587,1.515587
2004-04-12,1295.25,0.5,0.001743,0.003486,1.312871,1.520871
2004-04-13,1279.5,0.5,-0.00608,-0.01216,1.304889,1.502378
2004-04-14,1281.0,0.5,0.000586,0.001172,1.305654,1.504139
2004-04-15,1276.25,0.5,-0.001854,-0.003708,1.303233,1.498562
2004-04-16,1285.25,0.5,0.003526,0.007052,1.307829,1.509129
2004-04-19,1285.0,0.5,-9.7e-05,-0.000195,1.307701,1.508836
2004-04-20,1265.75,0.5,-0.00749,-0.014981,1.297906,1.486233
2004-04-21,1273.75,0.5,0.00316,0.00632,1.302008,1.495626
2004-04-22,1288.0,0.5,0.005594,0.011187,1.309291,1.512358
2004-04-23,1290.75,0.5,0.001068,0.002135,1.310689,1.515587
2004-04-26,1289.25,0.5,-0.000581,-0.001162,1.309927,1.513826
2004-04-27,1289.25,0.5,0.0,0.0,1.309927,1.513826
2004-04-28,1274.75,0.5,-0.005623,-0.011247,1.302561,1.4968
2004-04-29,1265.25,0.5,-0.003726,-0.007452,1.297707,1.485646
2004-04-30,1257.25,0.5,-0.003161,-0.006323,1.293605,1.476252
2004-05-03,1267.25,0.5,0.003977,0.007954,1.298749,1.487994
2004-05-04,1266.75,0.5,-0.000197,-0.000395,1.298493,1.487407
2004-05-05,1273.25,0.5,0.002566,0.005131,1.301824,1.495039
2004-05-06,1264.25,0.5,-0.003534,-0.007069,1.297224,1.484471
2004-05-07,1246.75,0.5,-0.006921,-0.013842,1.288245,1.463923
2004-05-10,1234.75,0.5,-0.004813,-0.009625,1.282046,1.449833
2004-05-11,1243.5,0.5,0.003543,0.007086,1.286588,1.460107
2004-05-12,1250.0,0.5,0.002614,0.005227,1.289951,1.467739
2004-05-13,1245.0,0.5,-0.002,-0.004,1.287371,1.461868
2004-05-14,1246.0,0.5,0.000402,0.000803,1.287888,1.463042
2004-05-17,1236.75,0.5,-0.003712,-0.007424,1.283107,1.452181
2004-05-18,1241.5,0.5,0.00192,0.003841,1.285571,1.457758
2004-05-19,1238.0,0.5,-0.00141,-0.002819,1.283759,1.453649
2004-05-20,1241.75,0.5,0.001515,0.003029,1.285704,1.458052
2004-05-21,1243.75,0.5,0.000805,0.001611,1.286739,1.4604
2004-05-24,1247.75,0.5,0.001608,0.003216,1.288808,1.465097
2004-05-25,1263.75,0.5,0.006412,0.012823,1.297071,1.483884
2004-05-26,1267.25,0.5,0.001385,0.00277,1.298868,1.487994
2004-05-27,1274.0,0.5,0.002663,0.005326,1.302327,1.49592
2004-05-28,1271.5,0.5,-0.000981,-0.001962,1.301049,1.492984
2004-06-01,1272.5,0.5,0.000393,0.000786,1.301561,1.494158
2004-06-02,1276.75,0.5,0.00167,0.00334,1.303734,1.499149
2004-06-03,1266.25,0.5,-0.004112,-0.008224,1.298373,1.48682
2004-06-04,1274.5,0.5,0.003258,0.006515,1.302603,1.496507
2004-06-07,1291.5,0.5,0.006669,0.013339,1.31129,1.516468
2004-06-08,1293.25,0.5,0.000678,0.001355,1.312179,1.518523
2004-06-09,1282.75,0.5,-0.00406,-0.008119,1.306852,1.506194
2004-06-10,1287.75,0.5,0.001949,0.003898,1.309399,1.512065
2004-06-11,1287.75,0.5,0.0,0.0,1.309399,1.512065
2004-06-14,1277.0,0.5,-0.004174,-0.008348,1.303933,1.499442
2004-06-15,1285.25,0.5,0.00323,0.00646,1.308145,1.509129
2004-06-16,1284.5,0.5,-0.000292,-0.000584,1.307764,1.508249
2004-06-17,1282.5,0.5,-0.000779,-0.001557,1.306746,1.5059
2004-06-18,1285.5,0.5,0.00117,0.002339,1.308274,1.509423
2004-06-21,1280.75,0.5,-0.001848,-0.003695,1.305857,1.503845
2004-06-22,1286.5,0.5,0.002245,0.00449,1.308788,1.510597
2004-06-23,1295.5,0.5,0.003498,0.006996,1.313366,1.521165
2004-06-24,1292.75,0.5,-0.001061,-0.002123,1.311972,1.517936
2004-06-25,1286.75,0.5,-0.002321,-0.004641,1.308928,1.510891
2004-06-28,1283.25,0.5,-0.00136,-0.00272,1.307147,1.506781
2004-06-29,1287.25,0.5,0.001559,0.003117,1.309185,1.511478
2004-06-30,1292.0,0.5,0.001845,0.00369,1.3116,1.517055
2004-07-01,1277.75,1.0,-0.011529,-0.011029,1.296478,1.500323
2004-07-02,1277.25,1.0,-0.000391,-0.000391,1.295971,1.499736
2004-07-06,1266.5,1.0,-0.008417,-0.008417,1.285063,1.487113
2004-07-07,1269.5,1.0,0.002369,0.002369,1.288107,1.490636
2004-07-08,1262.25,1.0,-0.005711,-0.005711,1.280751,1.482123
2004-07-09,1264.25,1.0,0.001584,0.001584,1.28278,1.484471
2004-07-12,1265.0,1.0,0.000593,0.000593,1.283541,1.485352
2004-07-13,1265.75,1.0,0.000593,0.000593,1.284302,1.486233
2004-07-14,1262.75,1.0,-0.00237,-0.00237,1.281258,1.48271
2004-07-15,1255.0,1.0,-0.006137,-0.006137,1.273395,1.47361
2004-07-16,1254.25,1.0,-0.000598,-0.000598,1.272634,1.472729
2004-07-19,1250.25,1.0,-0.003189,-0.003189,1.268575,1.468033
2004-07-20,1263.5,1.0,0.010598,0.010598,1.282019,1.483591
2004-07-21,1242.0,1.0,-0.017016,-0.017016,1.260204,1.458346
2004-07-22,1245.25,1.0,0.002617,0.002617,1.263502,1.462162
2004-07-23,1237.0,1.0,-0.006625,-0.006625,1.255131,1.452475
2004-07-26,1234.5,1.0,-0.002021,-0.002021,1.252594,1.449539
2004-07-27,1244.0,1.0,0.007695,0.007695,1.262234,1.460694
2004-07-28,1247.0,1.0,0.002412,0.002412,1.265277,1.464217
2004-07-29,1251.75,1.0,0.003809,0.003809,1.270097,1.469794
2004-07-30,1252.5,1.0,0.000599,0.000599,1.270858,1.470675
2004-08-02,1257.0,0.5,0.001296,0.003593,1.272506,1.475958
2004-08-03,1248.75,0.5,-0.003282,-0.006563,1.26833,1.466271
2004-08-04,1248.5,0.5,-0.0001,-0.0002,1.268203,1.465978
2004-08-05,1230.0,0.5,-0.007409,-0.014818,1.258807,1.444255
2004-08-06,1215.0,0.5,-0.006098,-0.012195,1.251131,1.426642
2004-08-09,1215.75,0.5,0.000309,0.000617,1.251517,1.427523
2004-08-10,1227.75,0.5,0.004935,0.00987,1.257694,1.441613
2004-08-11,1227.25,0.5,-0.000204,-0.000407,1.257438,1.441026
2004-08-12,1215.25,0.5,-0.004889,-0.009778,1.25129,1.426936
2004-08-13,1217.75,0.5,0.001029,0.002057,1.252577,1.429871
2004-08-16,1229.0,0.5,0.004619,0.009238,1.258363,1.443081
2004-08-17,1234.5,0.5,0.002238,0.004475,1.261179,1.449539
2004-08-18,1246.0,0.5,0.004658,0.009316,1.267053,1.463042
2004-08-19,1242.75,0.5,-0.001304,-0.002608,1.265401,1.459226
2004-08-20,1250.25,0.5,0.003018,0.006035,1.269219,1.468033
2004-08-23,1247.75,0.5,-0.001,-0.002,1.26795,1.465097
2004-08-24,1249.0,0.5,0.000501,0.001002,1.268585,1.466565
2004-08-25,1255.25,0.5,0.002502,0.005004,1.271759,1.473904
2004-08-26,1256.0,0.5,0.000299,0.000597,1.272139,1.474784
2004-08-27,1259.75,0.5,0.001493,0.002986,1.274038,1.479187
2004-08-30,1250.5,0.5,-0.003671,-0.007343,1.269361,1.468326
2004-08-31,1255.5,0.5,0.001999,0.003998,1.271898,1.474197
2004-09-01,1258.25,0.5,0.001095,0.00219,1.273291,1.477426
2004-09-02,1271.0,0.5,0.005067,0.010133,1.279743,1.492397
2004-09-03,1266.0,0.5,-0.001967,-0.003934,1.277225,1.486526
2004-09-07,1273.75,0.5,0.003061,0.006122,1.281135,1.495626
2004-09-08,1270.25,0.5,-0.001374,-0.002748,1.279375,1.491516
2004-09-09,1269.0,0.5,-0.000492,-0.000984,1.278745,1.490049
2004-09-10,1274.75,0.5,0.002266,0.004531,1.281642,1.4968
2004-09-13,1279.25,0.5,0.001765,0.00353,1.283904,1.502084
2004-09-14,1281.0,0.5,0.000684,0.001368,1.284783,1.504139
2004-09-15,1271.75,0.5,-0.00361,-0.007221,1.280144,1.493278
2004-09-16,1275.5,0.5,0.001474,0.002949,1.282031,1.497681
2004-09-17,1280.0,0.5,0.001764,0.003528,1.284293,1.502965
2004-09-20,1273.25,0.5,-0.002637,-0.005273,1.280906,1.495039
2004-09-21,1278.25,0.5,0.001963,0.003927,1.283421,1.50091
2004-09-22,1264.0,0.5,-0.005574,-0.011148,1.276268,1.484178
2004-09-23,1258.25,0.5,-0.002275,-0.004549,1.273365,1.477426
2004-09-24,1262.5,0.5,0.001689,0.003378,1.275515,1.482416
2004-09-27,1256.25,0.5,-0.002475,-0.00495,1.272358,1.475078
2004-09-28,1260.75,0.5,0.001791,0.003582,1.274637,1.480362
2004-09-29,1266.25,0.5,0.002181,0.004362,1.277417,1.48682
2004-09-30,1266.0,0.5,-9.9e-05,-0.000197,1.277291,1.486526
2004-10-01,1284.25,1.0,0.013915,0.014415,1.295065,1.507955
2004-10-04,1286.5,1.0,0.001752,0.001752,1.297334,1.510597
2004-10-05,1287.5,1.0,0.000777,0.000777,1.298343,1.511771
2004-10-06,1293.75,1.0,0.004854,0.004854,1.304645,1.51911
2004-10-07,1282.5,1.0,-0.008696,-0.008696,1.2933,1.5059
2004-10-08,1273.0,1.0,-0.007407,-0.007407,1.28372,1.494745
2004-10-11,1277.0,1.0,0.003142,0.003142,1.287754,1.499442
2004-10-12,1273.5,1.0,-0.002741,-0.002741,1.284225,1.495333
2004-10-13,1263.25,1.0,-0.008049,-0.008049,1.273888,1.483297
2004-10-14,1254.0,1.0,-0.007322,-0.007322,1.26456,1.472436
2004-10-15,1259.25,1.0,0.004187,0.004187,1.269855,1.4786
2004-10-18,1264.0,1.0,0.003772,0.003772,1.274645,1.484178
2004-10-19,1254.5,1.0,-0.007516,-0.007516,1.265065,1.473023
2004-10-20,1252.75,1.0,-0.001395,-0.001395,1.2633,1.470968
2004-10-21,1258.75,1.0,0.004789,0.004789,1.26935,1.478013
2004-10-22,1247.0,1.0,-0.009335,-0.009335,1.257502,1.464217
2004-10-25,1246.25,1.0,-0.000601,-0.000601,1.256745,1.463336
2004-10-26,1262.5,1.0,0.013039,0.013039,1.273132,1.482416
2004-10-27,1275.75,1.0,0.010495,0.010495,1.286494,1.497975
2004-10-28,1278.5,1.0,0.002156,0.002156,1.289267,1.501204
2004-10-29,1281.25,1.0,0.002151,0.002151,1.29204,1.504433
2004-11-01,1281.75,1.0,0.00039,0.00039,1.292544,1.50502
2004-11-02,1281.5,1.0,-0.000195,-0.000195,1.292292,1.504726
2004-11-03,1296.0,1.0,0.011315,0.011315,1.306914,1.521752
2004-11-04,1311.5,1.0,0.01196,0.01196,1.322545,1.539952
2004-11-05,1318.75,1.0,0.005528,0.005528,1.329856,1.548465
2004-11-08,1317.5,1.0,-0.000948,-0.000948,1.328595,1.546997
2004-11-09,1315.25,1.0,-0.001708,-0.001708,1.326326,1.544355
2004-11-10,1315.75,1.0,0.00038,0.00038,1.326831,1.544942
2004-11-11,1324.75,1.0,0.00684,0.00684,1.335906,1.55551
2004-11-12,1333.75,1.0,0.006794,0.006794,1.344982,1.566078
2004-11-15,1337.0,1.0,0.002437,0.002437,1.348259,1.569894
2004-11-16,1328.5,1.0,-0.006358,-0.006358,1.339688,1.559913
2004-11-17,1335.25,1.0,0.005081,0.005081,1.346495,1.567839
2004-11-18,1336.0,1.0,0.000562,0.000562,1.347251,1.56872
2004-11-19,1323.25,1.0,-0.009543,-0.009543,1.334394,1.553749
2004-11-22,1329.0,1.0,0.004345,0.004345,1.340192,1.5605
2004-11-23,1330.25,1.0,0.000941,0.000941,1.341453,1.561968
2004-11-24,1333.0,1.0,0.002067,0.002067,1.344226,1.565197
2004-11-26,1331.75,1.0,-0.000938,-0.000938,1.342965,1.563729
2004-11-29,1327.0,1.0,-0.003567,-0.003567,1.338175,1.558152
2004-11-30,1325.0,1.0,-0.001507,-0.001507,1.336158,1.555803
2004-12-01,1340.75,1.0,0.011887,0.011887,1.352041,1.574297
2004-12-02,1341.5,1.0,0.000559,0.000559,1.352797,1.575178
2004-12-03,1340.25,1.0,-0.000932,-0.000932,1.351537,1.57371
2004-12-06,1340.25,1.0,0.0,0.0,1.351537,1.57371
2004-12-07,1328.75,1.0,-0.00858,-0.00858,1.33994,1.560207
2004-12-08,1335.0,1.0,0.004704,0.004704,1.346243,1.567545
2004-12-09,1339.5,1.0,0.003371,0.003371,1.350781,1.572829
2004-12-10,1340.75,1.0,0.000933,0.000933,1.352041,1.574297
2004-12-13,1351.25,1.0,0.007831,0.007831,1.362629,1.586626
2004-12-14,1355.25,1.0,0.00296,0.00296,1.366663,1.591323
2004-12-15,1356.0,1.0,0.000553,0.000553,1.367419,1.592203
2004-12-16,1355.25,1.0,-0.000553,-0.000553,1.366663,1.591323
2004-12-17,1347.0,1.0,-0.006087,-0.006087,1.358344,1.581636
2004-12-20,1347.5,1.0,0.000371,0.000371,1.358848,1.582223
2004-12-21,1356.75,1.0,0.006865,0.006865,1.368176,1.593084
2004-12-22,1359.75,1.0,0.002211,0.002211,1.371201,1.596607
2004-12-23,1360.5,1.0,0.000552,0.000552,1.371957,1.597487
2004-12-27,1357.25,1.0,-0.002389,-0.002389,1.36868,1.593671
2004-12-28,1364.25,1.0,0.005157,0.005157,1.375739,1.60189
2004-12-29,1365.75,1.0,0.0011,0.0011,1.377252,1.603652
2004-12-30,1363.5,1.0,-0.001647,-0.001647,1.374983,1.60101
2004-12-31,1362.5,1.0,-0.000733,-0.000733,1.373974,1.599836
2005-01-03,1355.0,1.0,-0.005505,-0.005505,1.366411,1.591029
2005-01-04,1339.75,1.0,-0.011255,-0.011255,1.351033,1.573123
2005-01-05,1332.0,1.0,-0.005785,-0.005785,1.343217,1.564023
2005-01-06,1337.0,1.0,0.003754,0.003754,1.348259,1.569894
2005-01-07,1335.0,1.0,-0.001496,-0.001496,1.346243,1.567545
2005-01-10,1340.5,1.0,0.00412,0.00412,1.351789,1.574003
2005-01-11,1332.75,1.0,-0.005781,-0.005781,1.343974,1.564903
2005-01-12,1336.25,1.0,0.002626,0.002626,1.347503,1.569013
2005-01-13,1326.75,1.0,-0.007109,-0.007109,1.337923,1.557858
2005-01-14,1332.5,1.0,0.004334,0.004334,1.343722,1.56461
2005-01-17,1334.75,1.0,0.001689,0.001689,1.345991,1.567252
2005-01-18,1344.5,1.0,0.007305,0.007305,1.355823,1.5787
2005-01-19,1332.25,1.0,-0.009111,-0.009111,1.343469,1.564316
2005-01-20,1325.25,1.0,-0.005254,-0.005254,1.336411,1.556097
2005-01-21,1317.25,1.0,-0.006037,-0.006037,1.328343,1.546703
2005-01-24,1315.0,1.0,-0.001708,-0.001708,1.326074,1.544062
2005-01-25,1318.5,1.0,0.002662,0.002662,1.329604,1.548171
2005-01-26,1322.0,1.0,0.002655,0.002655,1.333133,1.552281
2005-01-27,1323.5,1.0,0.001135,0.001135,1.334646,1.554042
2005-01-28,1323.5,1.0,0.0,0.0,1.334646,1.554042
2005-01-31,1330.5,1.0,0.005289,0.005289,1.341705,1.562261
2005-02-01,1338.0,1.0,0.005637,0.005637,1.349268,1.571068
2005-02-02,1342.0,1.0,0.00299,0.00299,1.353302,1.575765
2005-02-03,1338.25,1.0,-0.002794,-0.002794,1.34952,1.571361
2005-02-04,1350.75,1.0,0.009341,0.009341,1.362125,1.586039
2005-02-07,1349.5,1.0,-0.000925,-0.000925,1.360865,1.584571
2005-02-08,1351.0,1.0,0.001112,0.001112,1.362377,1.586332
2005-02-09,1341.75,1.0,-0.006847,-0.006847,1.353049,1.575471
2005-02-10,1345.25,1.0,0.002609,0.002609,1.356579,1.579581
2005-02-11,1355.75,1.0,0.007805,0.007805,1.367167,1.59191
2005-02-14,1355.0,1.0,-0.000553,-0.000553,1.366411,1.591029
2005-02-15,1359.5,1.0,0.003321,0.003321,1.370949,1.596313
2005-02-16,1359.25,1.0,-0.000184,-0.000184,1.370697,1.596019
2005-02-17,1349.75,1.0,-0.006989,-0.006989,1.361117,1.584865
2005-02-18,1351.0,1.0,0.000926,0.000926,1.362377,1.586332
2005-02-22,1333.5,1.0,-0.012953,-0.012953,1.34473,1.565784
2005-02-23,1341.5,1.0,0.005999,0.005999,1.352797,1.575178
2005-02-24,1349.5,1.0,0.005963,0.005963,1.360865,1.584571
2005-02-25,1360.75,1.0,0.008336,0.008336,1.372209,1.597781
2005-02-28,1352.75,1.0,-0.005879,-0.005879,1.364142,1.588387
2005-03-01,1358.75,1.0,0.004435,0.004435,1.370193,1.595432
2005-03-02,1358.25,1.0,-0.000368,-0.000368,1.369688,1.594845
2005-03-03,1358.75,1.0,0.000368,0.000368,1.370193,1.595432
2005-03-04,1373.0,1.0,0.010488,0.010488,1.384563,1.612165
2005-03-07,1374.0,1.0,0.000728,0.000728,1.385571,1.613339
2005-03-08,1369.25,1.0,-0.003457,-0.003457,1.380781,1.607761
2005-03-09,1355.75,1.0,-0.009859,-0.009859,1.367167,1.59191
2005-03-10,1358.5,1.0,0.002028,0.002028,1.369941,1.595139
2005-03-11,1349.75,1.0,-0.006441,-0.006441,1.361117,1.584865
2005-03-14,1356.25,1.0,0.004816,0.004816,1.367672,1.592497
2005-03-15,1347.0,1.0,-0.00682,-0.00682,1.358344,1.581636
2005-03-16,1336.25,1.0,-0.007981,-0.007981,1.347503,1.569013
2005-03-17,1338.25,1.0,0.001497,0.001497,1.34952,1.571361
2005-03-18,1335.0,1.0,-0.002429,-0.002429,1.346243,1.567545
2005-03-21,1330.5,1.0,-0.003371,-0.003371,1.341705,1.562261
2005-03-22,1318.5,1.0,-0.009019,-0.009019,1.329604,1.548171
2005-03-23,1318.75,1.0,0.00019,0.00019,1.329856,1.548465
2005-03-24,1319.75,1.0,0.000758,0.000758,1.330864,1.549639
2005-03-28,1321.75,1.0,0.001515,0.001515,1.332881,1.551987
2005-03-29,1314.25,1.0,-0.005674,-0.005674,1.325318,1.543181
2005-03-30,1329.75,1.0,0.011794,0.011794,1.340948,1.561381
2005-03-31,1328.25,1.0,-0.001128,-0.001128,1.339436,1.55962
2005-04-01,1322.0,0.0,-0.001,-0.004705,1.338096,1.552281
2005-04-04,1324.0,0.0,0.0,0.001513,1.338096,1.554629
2005-04-05,1329.5,0.0,0.0,0.004154,1.338096,1.561087
2005-04-06,1333.5,0.0,0.0,0.003009,1.338096,1.565784
2005-04-07,1339.5,0.0,0.0,0.004499,1.338096,1.572829
2005-04-08,1327.75,0.0,0.0,-0.008772,1.338096,1.559032
2005-04-11,1328.0,0.0,0.0,0.000188,1.338096,1.559326
2005-04-12,1334.25,0.0,0.0,0.004706,1.338096,1.566665
2005-04-13,1320.25,0.0,0.0,-0.010493,1.338096,1.550226
2005-04-14,1304.75,0.0,0.0,-0.01174,1.338096,1.532026
2005-04-15,1287.75,0.0,0.0,-0.013029,1.338096,1.512065
2005-04-18,1291.0,0.0,0.0,0.002524,1.338096,1.515881
2005-04-19,1300.0,0.0,0.0,0.006971,1.338096,1.526449
2005-04-20,1284.0,0.0,0.0,-0.012308,1.338096,1.507662
2005-04-21,1305.75,0.0,0.0,0.016939,1.338096,1.5332
2005-04-22,1301.5,0.0,0.0,-0.003255,1.338096,1.52821
2005-04-25,1308.25,0.0,0.0,0.005186,1.338096,1.536136
2005-04-26,1298.0,0.0,0.0,-0.007835,1.338096,1.5241
2005-04-27,1301.5,0.0,0.0,0.002696,1.338096,1.52821
2005-04-28,1287.25,0.0,0.0,-0.010949,1.338096,1.511478
2005-04-29,1302.75,0.0,0.0,0.012041,1.338096,1.529678
2005-05-02,1307.75,0.5,0.001419,0.003838,1.339995,1.535549
2005-05-03,1310.25,0.5,0.000956,0.001912,1.341276,1.538484
2005-05-04,1319.5,0.5,0.00353,0.00706,1.34601,1.549345
2005-05-05,1319.25,0.5,-9.5e-05,-0.000189,1.345883,1.549052
2005-05-06,1315.5,0.5,-0.001421,-0.002843,1.34397,1.544649
2005-05-09,1322.5,0.5,0.002661,0.005321,1.347546,1.552868
2005-05-10,1310.5,0.5,-0.004537,-0.009074,1.341432,1.538778
2005-05-11,1316.75,0.5,0.002385,0.004769,1.344631,1.546116
2005-05-12,1303.5,0.5,-0.005031,-0.010063,1.337866,1.530558
2005-05-13,1301.0,0.5,-0.000959,-0.001918,1.336583,1.527623
2005-05-16,1311.25,0.5,0.003939,0.007879,1.341848,1.539658
2005-05-17,1319.5,0.5,0.003146,0.006292,1.346069,1.549345
2005-05-18,1331.0,0.5,0.004358,0.008715,1.351935,1.562849
2005-05-19,1335.5,0.5,0.00169,0.003381,1.35422,1.568132
2005-05-20,1334.5,0.5,-0.000374,-0.000749,1.353713,1.566958
2005-05-23,1340.5,0.5,0.002248,0.004496,1.356757,1.574003
2005-05-24,1338.0,0.5,-0.000932,-0.001865,1.355491,1.571068
2005-05-25,1336.75,0.5,-0.000467,-0.000934,1.354858,1.5696
2005-05-26,1342.25,0.5,0.002057,0.004114,1.357645,1.576058
2005-05-27,1344.5,0.5,0.000838,0.001676,1.358783,1.5787
2005-05-30,1346.0,0.5,0.000558,0.001116,1.359541,1.580461
2005-05-31,1337.25,0.5,-0.00325,-0.006501,1.355122,1.570187
2005-06-01,1345.5,0.5,0.003085,0.006169,1.359302,1.579874
2005-06-02,1349.5,0.5,0.001486,0.002973,1.361323,1.584571
2005-06-03,1342.75,0.5,-0.002501,-0.005002,1.357918,1.576645
2005-06-06,1342.25,0.5,-0.000186,-0.000372,1.357666,1.576058
2005-06-07,1343.25,0.5,0.000373,0.000745,1.358171,1.577232
2005-06-08,1340.25,0.5,-0.001117,-0.002233,1.356655,1.57371
2005-06-09,1345.25,0.5,0.001865,0.003731,1.359185,1.579581
2005-06-10,1343.25,0.5,-0.000743,-0.001487,1.358175,1.577232
2005-06-13,1346.75,0.5,0.001303,0.002606,1.359944,1.581342
2005-06-14,1349.25,0.5,0.000928,0.001856,1.361207,1.584278
2005-06-15,1351.0,0.5,0.000649,0.001297,1.362089,1.586332
2005-06-16,1355.0,0.5,0.00148,0.002961,1.364106,1.591029
2005-06-17,1359.75,0.5,0.001753,0.003506,1.366497,1.596607
2005-06-20,1359.25,0.5,-0.000184,-0.000368,1.366245,1.596019
2005-06-21,1360.25,0.5,0.000368,0.000736,1.366748,1.597194
2005-06-22,1360.25,0.5,0.0,0.0,1.366748,1.597194
2005-06-23,1343.25,0.5,-0.006249,-0.012498,1.358207,1.577232
2005-06-24,1335.0,0.5,-0.003071,-0.006142,1.354036,1.567545
2005-06-27,1335.5,0.5,0.000187,0.000375,1.35429,1.568132
2005-06-28,1346.0,0.5,0.003931,0.007862,1.359614,1.580461
2005-06-29,1342.25,0.5,-0.001393,-0.002786,1.35772,1.576058
2005-06-30,1334.75,0.5,-0.002794,-0.005588,1.353927,1.567252
2005-07-01,1339.25,0.5,0.001686,0.003371,1.356209,1.572536
2005-07-04,1337.5,0.5,-0.000653,-0.001307,1.355323,1.570481
2005-07-05,1348.25,0.5,0.004019,0.008037,1.36077,1.583103
2005-07-06,1337.5,0.5,-0.003987,-0.007973,1.355345,1.570481
2005-07-07,1342.0,0.5,0.001682,0.003364,1.357625,1.575765
2005-07-08,1355.75,0.5,0.005123,0.010246,1.36458,1.59191
2005-07-11,1362.75,0.5,0.002582,0.005163,1.368103,1.600129
2005-07-12,1364.75,0.5,0.000734,0.001468,1.369106,1.602478
2005-07-13,1367.25,0.5,0.000916,0.001832,1.37036,1.605413
2005-07-14,1371.0,0.5,0.001371,0.002743,1.37224,1.609816
2005-07-15,1370.5,0.5,-0.000182,-0.000365,1.37199,1.609229
2005-07-18,1365.75,0.5,-0.001733,-0.003466,1.369612,1.603652
2005-07-19,1372.5,0.5,0.002471,0.004942,1.372996,1.611578
2005-07-20,1375.75,0.5,0.001184,0.002368,1.374622,1.615394
2005-07-21,1369.25,0.5,-0.002362,-0.004725,1.371375,1.607761
2005-07-22,1376.25,0.5,0.002556,0.005112,1.37488,1.615981
2005-07-25,1373.25,0.5,-0.00109,-0.00218,1.373382,1.612458
2005-07-26,1374.25,0.5,0.000364,0.000728,1.373882,1.613632
2005-07-27,1379.0,0.5,0.001728,0.003456,1.376256,1.61921
2005-07-28,1386.25,0.5,0.002629,0.005257,1.379874,1.627723
2005-07-29,1376.0,0.5,-0.003697,-0.007394,1.374772,1.615687
2005-08-01,1376.75,1.0,4.5e-05,0.000545,1.374834,1.616568
2005-08-02,1384.25,1.0,0.005448,0.005448,1.382324,1.625374
2005-08-03,1387.0,1.0,0.001987,0.001987,1.38507,1.628603
2005-08-04,1377.25,1.0,-0.00703,-0.00703,1.375334,1.617155
2005-08-05,1369.0,1.0,-0.00599,-0.00599,1.367095,1.607468
2005-08-08,1366.5,1.0,-0.001826,-0.001826,1.364599,1.604532
2005-08-09,1373.5,1.0,0.005123,0.005123,1.371589,1.612752
2005-08-10,1373.0,1.0,-0.000364,-0.000364,1.37109,1.612165
2005-08-11,1377.75,1.0,0.00346,0.00346,1.375833,1.617742
2005-08-12,1370.25,1.0,-0.005444,-0.005444,1.368343,1.608936
2005-08-15,1376.75,1.0,0.004744,0.004744,1.374834,1.616568
2005-08-16,1360.75,1.0,-0.011622,-0.011622,1.358857,1.597781
2005-08-17,1360.75,1.0,0.0,0.0,1.358857,1.597781
2005-08-18,1360.25,1.0,-0.000367,-0.000367,1.358357,1.597194
2005-08-19,1363.0,1.0,0.002022,0.002022,1.361103,1.600423
2005-08-22,1363.25,1.0,0.000183,0.000183,1.361353,1.600716
2005-08-23,1360.75,1.0,-0.001834,-0.001834,1.358857,1.597781
2005-08-24,1349.25,1.0,-0.008451,-0.008451,1.347373,1.584278
2005-08-25,1352.75,1.0,0.002594,0.002594,1.350868,1.588387
2005-08-26,1345.25,1.0,-0.005544,-0.005544,1.343378,1.579581
2005-08-29,1353.75,1.0,0.006319,0.006319,1.351866,1.589561
2005-08-30,1347.75,1.0,-0.004432,-0.004432,1.345875,1.582516
2005-08-31,1360.75,1.0,0.009646,0.009646,1.358857,1.597781
2005-09-01,1361.0,1.0,0.000184,0.000184,1.359106,1.598074
2005-09-02,1359.0,1.0,-0.00147,-0.00147,1.357109,1.595726
2005-09-05,1359.75,1.0,0.000552,0.000552,1.357858,1.596607
2005-09-06,1373.5,1.0,0.010112,0.010112,1.371589,1.612752
2005-09-07,1374.75,1.0,0.00091,0.00091,1.372837,1.614219
2005-09-08,1371.25,1.0,-0.002546,-0.002546,1.369342,1.61011
2005-09-09,1381.25,1.0,0.007293,0.007293,1.379328,1.621852
2005-09-12,1379.5,1.0,-0.001267,-0.001267,1.377581,1.619797
2005-09-13,1372.0,1.0,-0.005437,-0.005437,1.370091,1.61099
2005-09-14,1367.5,1.0,-0.00328,-0.00328,1.365597,1.605707
2005-09-15,1366.5,1.0,-0.000731,-0.000731,1.364599,1.604532
2005-09-16,1375.25,1.0,0.006403,0.006403,1.373336,1.614807
2005-09-19,1371.0,1.0,-0.00309,-0.00309,1.369092,1.609816
2005-09-20,1360.5,1.0,-0.007659,-0.007659,1.358607,1.597487
2005-09-21,1349.0,1.0,-0.008453,-0.008453,1.347123,1.583984
2005-09-22,1352.75,1.0,0.00278,0.00278,1.350868,1.588387
2005-09-23,1353.5,1.0,0.000554,0.000554,1.351617,1.589268
2005-09-26,1354.5,1.0,0.000739,0.000739,1.352615,1.590442
2005-09-27,1354.75,1.0,0.000185,0.000185,1.352865,1.590736
2005-09-28,1355.75,1.0,0.000738,0.000738,1.353864,1.59191
2005-09-29,1364.75,1.0,0.006638,0.006638,1.362851,1.602478
2005-09-30,1367.25,1.0,0.001832,0.001832,1.365348,1.605413
2005-10-03,1364.75,1.0,-0.001828,-0.001828,1.362851,1.602478
2005-10-04,1349.75,1.0,-0.010991,-0.010991,1.347872,1.584865
2005-10-05,1333.75,1.0,-0.011854,-0.011854,1.331894,1.566078
2005-10-06,1330.0,1.0,-0.002812,-0.002812,1.328149,1.561674
2005-10-07,1333.0,1.0,0.002256,0.002256,1.331145,1.565197
2005-10-10,1323.0,1.0,-0.007502,-0.007502,1.321159,1.553455
2005-10-11,1321.5,1.0,-0.001134,-0.001134,1.319661,1.551694
2005-10-12,1311.5,1.0,-0.007567,-0.007567,1.309675,1.539952
2005-10-13,1311.0,1.0,-0.000381,-0.000381,1.309176,1.539365
2005-10-14,1323.0,1.0,0.009153,0.009153,1.321159,1.553455
2005-10-17,1327.25,1.0,0.003212,0.003212,1.325403,1.558445
2005-10-18,1314.5,1.0,-0.009606,-0.009606,1.312671,1.543474
2005-10-19,1333.5,1.0,0.014454,0.014454,1.331645,1.565784
2005-10-20,1312.5,1.0,-0.015748,-0.015748,1.310674,1.541126
2005-10-21,1316.75,1.0,0.003238,0.003238,1.314918,1.546116
2005-10-24,1335.5,1.0,0.01424,0.01424,1.333642,1.568132
2005-10-25,1332.0,1.0,-0.002621,-0.002621,1.330147,1.564023
2005-10-26,1329.0,1.0,-0.002252,-0.002252,1.327151,1.5605
2005-10-27,1315.5,1.0,-0.010158,-0.010158,1.31367,1.544649
2005-10-28,1332.75,1.0,0.013113,0.013113,1.330896,1.564903
2005-10-31,1342.75,1.0,0.007503,0.007503,1.340882,1.576645
2005-11-01,1339.25,0.0,-0.001,-0.002607,1.339541,1.572536
2005-11-02,1351.0,0.0,0.0,0.008774,1.339541,1.586332
2005-11-03,1356.75,0.0,0.0,0.004256,1.339541,1.593084
2005-11-04,1355.0,0.0,0.0,-0.00129,1.339541,1.591029
2005-11-07,1355.75,0.0,0.0,0.000554,1.339541,1.59191
2005-11-08,1355.75,0.0,0.0,0.0,1.339541,1.59191
2005-11-09,1356.75,0.0,0.0,0.000738,1.339541,1.593084
2005-11-10,1366.75,0.0,0.0,0.007371,1.339541,1.604826
2005-11-11,1371.0,0.0,0.0,0.00311,1.339541,1.609816
2005-11-14,1370.25,0.0,0.0,-0.000547,1.339541,1.608936
2005-11-15,1365.5,0.0,0.0,-0.003467,1.339541,1.603358
2005-11-16,1367.75,0.0,0.0,0.001648,1.339541,1.606
2005-11-17,1378.25,0.0,0.0,0.007677,1.339541,1.618329
2005-11-18,1383.25,0.0,0.0,0.003628,1.339541,1.6242
2005-11-21,1390.0,0.0,0.0,0.00488,1.339541,1.632126
2005-11-22,1395.0,0.0,0.0,0.003597,1.339541,1.637997
2005-11-23,1401.5,0.0,0.0,0.004659,1.339541,1.645629
2005-11-24,1400.5,0.0,0.0,-0.000714,1.339541,1.644455
2005-11-25,1403.0,0.0,0.0,0.001785,1.339541,1.64739
2005-11-28,1394.0,0.0,0.0,-0.006415,1.339541,1.636823
2005-11-29,1392.25,0.0,0.0,-0.001255,1.339541,1.634768
2005-11-30,1384.0,0.0,0.0,-0.005926,1.339541,1.625081
2005-12-01,1397.5,0.5,0.004377,0.009754,1.345404,1.640932
2005-12-02,1399.0,0.5,0.000537,0.001073,1.346126,1.642694
2005-12-05,1396.5,0.5,-0.000893,-0.001787,1.344923,1.639758
2005-12-06,1398.5,0.5,0.000716,0.001432,1.345887,1.642106
2005-12-07,1391.0,0.5,-0.002681,-0.005363,1.342278,1.6333
2005-12-08,1389.75,0.5,-0.000449,-0.000899,1.341675,1.631832
2005-12-09,1392.25,0.5,0.000899,0.001799,1.342881,1.634768
2005-12-12,1394.0,0.5,0.000628,0.001257,1.343725,1.636823
2005-12-13,1401.75,0.5,0.00278,0.00556,1.34746,1.645923
2005-12-14,1406.75,0.5,0.001783,0.003567,1.349864,1.651794
2005-12-15,1402.5,0.5,-0.001511,-0.003021,1.347825,1.646803
2005-12-16,1399.0,0.5,-0.001248,-0.002496,1.346143,1.642694
2005-12-19,1392.25,0.5,-0.002412,-0.004825,1.342895,1.634768
2005-12-20,1392.75,0.5,0.00018,0.000359,1.343136,1.635355
2005-12-21,1394.75,0.5,0.000718,0.001436,1.344101,1.637703
2005-12-22,1400.25,0.5,0.001972,0.003943,1.346751,1.644161
2005-12-23,1401.25,0.5,0.000357,0.000714,1.347232,1.645336
2005-12-27,1388.75,0.5,-0.00446,-0.008921,1.341223,1.630658
2005-12-28,1390.0,0.5,0.00045,0.0009,1.341826,1.632126
2005-12-29,1384.75,0.5,-0.001888,-0.003777,1.339292,1.625961
2005-12-30,1379.5,0.5,-0.001896,-0.003791,1.336754,1.619797
2006-01-03,1399.5,0.5,0.007249,0.014498,1.346444,1.643281
2006-01-04,1405.25,0.5,0.002054,0.004109,1.34921,1.650032
2006-01-05,1406.0,0.5,0.000267,0.000534,1.34957,1.650913
2006-01-06,1416.5,0.5,0.003734,0.007468,1.354609,1.663242
2006-01-09,1419.75,0.5,0.001147,0.002294,1.356163,1.667058
2006-01-10,1420.75,0.5,0.000352,0.000704,1.356641,1.668232
2006-01-11,1424.5,0.5,0.00132,0.002639,1.358431,1.672635
2006-01-12,1418.25,0.5,-0.002194,-0.004388,1.355451,1.665297
2006-01-13,1417.5,0.5,-0.000264,-0.000529,1.355093,1.664416
2006-01-16,1419.5,0.5,0.000705,0.001411,1.356049,1.666765
2006-01-17,1414.25,0.5,-0.001849,-0.003698,1.353541,1.6606
2006-01-18,1408.5,0.5,-0.002033,-0.004066,1.350789,1.653848
2006-01-19,1413.0,0.5,0.001597,0.003195,1.352947,1.659132
2006-01-20,1389.5,0.5,-0.008316,-0.016631,1.341697,1.631539
2006-01-23,1394.0,0.5,0.001619,0.003239,1.343869,1.636823
2006-01-24,1395.25,0.5,0.000448,0.000897,1.344472,1.63829
2006-01-25,1395.75,0.5,0.000179,0.000358,1.344713,1.638877
2006-01-26,1402.5,0.5,0.002418,0.004836,1.347964,1.646803
2006-01-27,1414.0,0.5,0.0041,0.0082,1.353491,1.660306
2006-01-30,1413.25,0.5,-0.000265,-0.00053,1.353132,1.659426
2006-01-31,1408.25,0.5,-0.001769,-0.003538,1.350738,1.653555
2006-02-01,1412.0,1.0,0.002163,0.002663,1.353659,1.657958
2006-02-02,1396.75,1.0,-0.0108,-0.0108,1.339039,1.640052
2006-02-03,1390.25,1.0,-0.004654,-0.004654,1.332808,1.632419
2006-02-06,1393.5,1.0,0.002338,0.002338,1.335924,1.636236
2006-02-07,1382.25,1.0,-0.008073,-0.008073,1.325139,1.623026
2006-02-08,1393.0,1.0,0.007777,0.007777,1.335444,1.635648
2006-02-09,1390.5,1.0,-0.001795,-0.001795,1.333048,1.632713
2006-02-10,1393.0,1.0,0.001798,0.001798,1.335444,1.635648
2006-02-13,1390.5,1.0,-0.001795,-0.001795,1.333048,1.632713
2006-02-14,1403.0,1.0,0.00899,0.00899,1.345031,1.64739
2006-02-15,1407.0,1.0,0.002851,0.002851,1.348866,1.652087
2006-02-16,1416.5,1.0,0.006752,0.006752,1.357973,1.663242
2006-02-17,1413.75,1.0,-0.001941,-0.001941,1.355337,1.660013
2006-02-20,1413.5,1.0,-0.000177,-0.000177,1.355097,1.659719
2006-02-21,1410.0,1.0,-0.002476,-0.002476,1.351742,1.65561
2006-02-22,1417.0,1.0,0.004965,0.004965,1.358453,1.663829
2006-02-23,1415.0,1.0,-0.001411,-0.001411,1.356535,1.661481
2006-02-24,1417.75,1.0,0.001943,0.001943,1.359172,1.66471
2006-02-27,1418.75,1.0,0.000705,0.000705,1.360131,1.665884
2006-02-28,1407.25,1.0,-0.008106,-0.008106,1.349106,1.652381
2006-03-01,1416.75,0.5,0.002875,0.006751,1.352985,1.663535
2006-03-02,1416.25,0.5,-0.000176,-0.000353,1.352746,1.662948
2006-03-03,1411.25,0.5,-0.001765,-0.00353,1.350358,1.657077
2006-03-06,1404.25,0.5,-0.00248,-0.00496,1.347009,1.648858
2006-03-07,1402.25,0.5,-0.000712,-0.001424,1.34605,1.64651
2006-03-08,1404.25,0.5,0.000713,0.001426,1.34701,1.648858
2006-03-09,1396.75,0.5,-0.00267,-0.005341,1.343413,1.640052
2006-03-10,1407.75,0.5,0.003938,0.007875,1.348703,1.652968
2006-03-13,1410.25,0.5,0.000888,0.001776,1.3499,1.655903
2006-03-14,1423.25,0.5,0.004609,0.009218,1.356122,1.671168
2006-03-15,1428.75,0.5,0.001932,0.003864,1.358742,1.677626
2006-03-16,1431.25,0.5,0.000875,0.00175,1.359931,1.680561
2006-03-17,1432.0,0.5,0.000262,0.000524,1.360287,1.681442
2006-03-20,1430.0,0.5,-0.000698,-0.001397,1.359338,1.679094
2006-03-21,1422.0,0.5,-0.002797,-0.005594,1.355535,1.6697
2006-03-22,1429.0,0.5,0.002461,0.004923,1.358872,1.677919
2006-03-23,1426.25,0.5,-0.000962,-0.001924,1.357564,1.67469
2006-03-24,1427.25,0.5,0.000351,0.000701,1.35804,1.675864
2006-03-27,1425.5,0.5,-0.000613,-0.001226,1.357207,1.67381
2006-03-28,1417.0,0.5,-0.002981,-0.005963,1.353161,1.663829
2006-03-29,1424.5,0.5,0.002646,0.005293,1.356742,1.672635
2006-03-30,1422.0,0.5,-0.000878,-0.001755,1.355552,1.6697
2006-03-31,1417.75,0.5,-0.001494,-0.002989,1.353526,1.66471
2006-04-03,1420.25,0.5,0.000882,0.001763,1.354719,1.667645
2006-04-04,1429.25,0.5,0.003168,0.006337,1.359012,1.678213
2006-04-05,1433.5,0.5,0.001487,0.002974,1.361032,1.683203
2006-04-06,1432.0,0.5,-0.000523,-0.001046,1.36032,1.681442
2006-04-07,1418.5,0.5,-0.004714,-0.009427,1.353908,1.66559
2006-04-10,1420.0,0.5,0.000529,0.001057,1.354624,1.667352
2006-04-11,1408.5,0.5,-0.004049,-0.008099,1.349139,1.653848
2006-04-12,1410.0,0.5,0.000532,0.001065,1.349857,1.65561
2006-04-13,1408.75,0.5,-0.000443,-0.000887,1.349259,1.654142
2006-04-17,1407.5,0.5,-0.000444,-0.000887,1.34866,1.652674
2006-04-18,1428.0,0.5,0.007282,0.014565,1.358482,1.676745
2006-04-19,1429.75,0.5,0.000613,0.001225,1.359314,1.6788
2006-04-20,1431.5,0.5,0.000612,0.001224,1.360146,1.680855
2006-04-21,1431.5,0.5,0.0,0.0,1.360146,1.680855
2006-04-24,1429.0,0.5,-0.000873,-0.001746,1.358958,1.677919
2006-04-25,1424.0,0.5,-0.001749,-0.003499,1.356581,1.672048
2006-04-26,1423.5,0.5,-0.000176,-0.000351,1.356342,1.671461
2006-04-27,1429.5,0.5,0.002107,0.004215,1.359201,1.678506
2006-04-28,1430.5,0.5,0.00035,0.0007,1.359676,1.679681
2006-05-01,1422.75,1.0,-0.005918,-0.005418,1.35163,1.670581
2006-05-02,1432.5,1.0,0.006853,0.006853,1.360893,1.682029
2006-05-03,1426.75,1.0,-0.004014,-0.004014,1.35543,1.675277
2006-05-04,1431.5,1.0,0.003329,0.003329,1.359943,1.680855
2006-05-05,1443.5,1.0,0.008383,0.008383,1.371343,1.694945
2006-05-08,1441.75,1.0,-0.001212,-0.001212,1.36968,1.69289
2006-05-09,1443.75,1.0,0.001387,0.001387,1.37158,1.695239
2006-05-10,1442.25,1.0,-0.001039,-0.001039,1.370155,1.693477
2006-05-11,1426.25,1.0,-0.011094,-0.011094,1.354955,1.67469
2006-05-12,1408.75,1.0,-0.01227,-0.01227,1.33833,1.654142
2006-05-15,1411.75,1.0,0.00213,0.00213,1.34118,1.657665
2006-05-16,1409.5,1.0,-0.001594,-0.001594,1.339043,1.655023
2006-05-17,1383.5,1.0,-0.018446,-0.018446,1.314342,1.624494
2006-05-18,1377.5,1.0,-0.004337,-0.004337,1.308642,1.617448
2006-05-19,1385.25,1.0,0.005626,0.005626,1.316005,1.626548
2006-05-22,1376.5,1.0,-0.006317,-0.006317,1.307692,1.616274
2006-05-23,1367.0,1.0,-0.006902,-0.006902,1.298667,1.605119
2006-05-24,1375.5,1.0,0.006218,0.006218,1.306742,1.6151
2006-05-25,1390.5,1.0,0.010905,0.010905,1.320992,1.632713
2006-05-26,1397.25,1.0,0.004854,0.004854,1.327405,1.640639
2006-05-29,1394.5,1.0,-0.001968,-0.001968,1.324792,1.63741
2006-05-30,1374.5,1.0,-0.014342,-0.014342,1.305792,1.613926
2006-05-31,1386.5,1.0,0.00873,0.00873,1.317192,1.628016
2006-06-01,1400.25,0.5,0.004459,0.009917,1.323065,1.644161
2006-06-02,1402.75,0.5,0.000893,0.001785,1.324246,1.647097
2006-06-05,1384.0,0.5,-0.006683,-0.013367,1.315396,1.625081
2006-06-06,1380.25,0.5,-0.001355,-0.00271,1.313614,1.620678
2006-06-07,1370.5,0.5,-0.003532,-0.007064,1.308974,1.609229
2006-06-08,1370.0,0.5,-0.000182,-0.000365,1.308735,1.608642
2006-06-09,1365.5,0.5,-0.001642,-0.003285,1.306586,1.603358
2006-06-12,1351.0,0.5,-0.005309,-0.010619,1.299649,1.586332
2006-06-13,1336.5,0.5,-0.005366,-0.010733,1.292674,1.569307
2006-06-14,1345.25,0.5,0.003273,0.006547,1.296906,1.579581
2006-06-15,1371.75,0.5,0.009849,0.019699,1.30968,1.610697
2006-06-16,1364.0,0.5,-0.002825,-0.00565,1.30598,1.601597
2006-06-19,1352.5,0.5,-0.004216,-0.008431,1.300475,1.588094
2006-06-20,1356.5,0.5,0.001479,0.002957,1.302398,1.59279
2006-06-21,1365.75,0.5,0.00341,0.006819,1.306838,1.603652
2006-06-22,1360.0,0.5,-0.002105,-0.00421,1.304087,1.5969
2006-06-23,1359.5,0.5,-0.000184,-0.000368,1.303847,1.596313
2006-06-26,1364.25,0.5,0.001747,0.003494,1.306125,1.60189
2006-06-27,1353.75,0.5,-0.003848,-0.007697,1.301099,1.589561
2006-06-28,1361.75,0.5,0.002955,0.00591,1.304943,1.598955
2006-06-29,1386.5,0.5,0.009088,0.018175,1.316802,1.628016
2006-06-30,1383.5,0.5,-0.001082,-0.002164,1.315378,1.624494
2006-07-03,1392.25,0.5,0.003162,0.006325,1.319537,1.634768
2006-07-04,1391.75,0.5,-0.00018,-0.000359,1.3193,1.634181
2006-07-05,1383.75,0.5,-0.002874,-0.005748,1.315508,1.624787
2006-07-06,1386.75,0.5,0.001084,0.002168,1.316934,1.62831
2006-07-07,1379.0,0.5,-0.002794,-0.005589,1.313255,1.61921
2006-07-10,1381.0,0.5,0.000725,0.00145,1.314207,1.621558
2006-07-11,1386.25,0.5,0.001901,0.003802,1.316705,1.627723
2006-07-12,1372.25,0.5,-0.00505,-0.010099,1.310056,1.611284
2006-07-13,1351.5,0.5,-0.007561,-0.015121,1.300151,1.58692
2006-07-14,1346.25,0.5,-0.001942,-0.003885,1.297626,1.580755
2006-07-17,1344.5,0.5,-0.00065,-0.0013,1.296783,1.5787
2006-07-18,1349.75,0.5,0.001952,0.003905,1.299314,1.584865
2006-07-19,1366.5,0.5,0.006205,0.01241,1.307377,1.604532
2006-07-20,1358.25,0.5,-0.003019,-0.006037,1.30343,1.594845
2006-07-21,1348.75,0.5,-0.003497,-0.006994,1.298872,1.58369
2006-07-24,1371.5,0.5,0.008434,0.016867,1.309826,1.610403
2006-07-25,1375.5,0.5,0.001458,0.002917,1.311736,1.6151
2006-07-26,1377.25,0.5,0.000636,0.001272,1.312571,1.617155
2006-07-27,1376.25,0.5,-0.000363,-0.000726,1.312094,1.615981
2006-07-28,1388.25,0.5,0.00436,0.008719,1.317814,1.630071
2006-07-31,1385.75,0.5,-0.0009,-0.001801,1.316628,1.627136
2006-08-01,1380.75,0.5,-0.001804,-0.003608,1.314252,1.621265
2006-08-02,1388.25,0.5,0.002716,0.005432,1.317822,1.630071
2006-08-03,1391.25,0.5,0.00108,0.002161,1.319246,1.633594
2006-08-04,1390.0,0.5,-0.000449,-0.000898,1.318653,1.632126
2006-08-07,1386.25,0.5,-0.001349,-0.002698,1.316874,1.627723
2006-08-08,1380.75,0.5,-0.001984,-0.003968,1.314262,1.621265
2006-08-09,1375.5,0.5,-0.001901,-0.003802,1.311763,1.6151
2006-08-10,1379.5,0.5,0.001454,0.002908,1.313671,1.619797
2006-08-11,1376.25,0.5,-0.001178,-0.002356,1.312123,1.615981
2006-08-14,1377.25,0.5,0.000363,0.000727,1.3126,1.617155
2006-08-15,1391.75,0.5,0.005264,0.010528,1.31951,1.634181
2006-08-16,1403.0,0.5,0.004042,0.008083,1.324843,1.64739
2006-08-17,1405.0,0.5,0.000713,0.001426,1.325787,1.649739
2006-08-18,1411.0,0.5,0.002135,0.00427,1.328618,1.656784
2006-08-21,1406.25,0.5,-0.001683,-0.003366,1.326381,1.651206
2006-08-22,1406.0,0.5,-8.9e-05,-0.000178,1.326264,1.650913
2006-08-23,1401.75,0.5,-0.001511,-0.003023,1.324259,1.645923
2006-08-24,1400.0,0.5,-0.000624,-0.001248,1.323432,1.643868
2006-08-25,1401.5,0.5,0.000536,0.001071,1.324141,1.645629
2006-08-28,1407.75,0.5,0.00223,0.00446,1.327094,1.652968
2006-08-29,1409.0,0.5,0.000444,0.000888,1.327683,1.654436
2006-08-30,1409.0,0.5,0.0,0.0,1.327683,1.654436
2006-08-31,1409.5,0.5,0.000177,0.000355,1.327919,1.655023
2006-09-01,1416.5,1.0,0.004466,0.004966,1.33385,1.663242
2006-09-04,1420.25,1.0,0.002647,0.002647,1.337381,1.667645
2006-09-05,1418.5,1.0,-0.001232,-0.001232,1.335733,1.66559
2006-09-06,1406.75,1.0,-0.008283,-0.008283,1.324668,1.651794
2006-09-07,1400.25,1.0,-0.004621,-0.004621,1.318548,1.644161
2006-09-08,1403.25,1.0,0.002142,0.002142,1.321373,1.647684
2006-09-11,1404.5,1.0,0.000891,0.000891,1.32255,1.649152
2006-09-12,1417.75,1.0,0.009434,0.009434,1.335027,1.66471
2006-09-13,1421.75,1.0,0.002821,0.002821,1.338793,1.669406
2006-09-14,1422.25,1.0,0.000352,0.000352,1.339264,1.669994
2006-09-15,1425.0,1.0,0.001934,0.001934,1.341854,1.673223
2006-09-18,1427.0,1.0,0.001404,0.001404,1.343737,1.675571
2006-09-19,1423.25,1.0,-0.002628,-0.002628,1.340206,1.671168
2006-09-20,1429.25,1.0,0.004216,0.004216,1.345856,1.678213
2006-09-21,1423.0,1.0,-0.004373,-0.004373,1.33997,1.670874
2006-09-22,1418.75,1.0,-0.002987,-0.002987,1.335968,1.665884
2006-09-25,1428.5,1.0,0.006872,0.006872,1.345149,1.677332
2006-09-26,1439.5,1.0,0.0077,0.0077,1.355508,1.690248
2006-09-27,1440.5,1.0,0.000695,0.000695,1.356449,1.691423
2006-09-28,1440.0,1.0,-0.000347,-0.000347,1.355978,1.690835
2006-09-29,1438.25,1.0,-0.001215,-0.001215,1.35433,1.688781
2006-10-02,1433.25,1.0,-0.003476,-0.003476,1.349622,1.68291
2006-10-03,1436.0,1.0,0.001919,0.001919,1.352212,1.686139
2006-10-04,1451.0,1.0,0.010446,0.010446,1.366337,1.703752
2006-10-05,1453.5,1.0,0.001723,0.001723,1.368691,1.706687
2006-10-06,1451.5,1.0,-0.001376,-0.001376,1.366807,1.704339
2006-10-09,1452.0,1.0,0.000344,0.000344,1.367278,1.704926
2006-10-10,1453.5,1.0,0.001033,0.001033,1.368691,1.706687
2006-10-11,1451.75,1.0,-0.001204,-0.001204,1.367043,1.704632
2006-10-12,1463.5,1.0,0.008094,0.008094,1.378107,1.718429
2006-10-13,1466.25,1.0,0.001879,0.001879,1.380697,1.721658
2006-10-16,1468.75,1.0,0.001705,0.001705,1.383051,1.724593
2006-10-17,1464.5,1.0,-0.002894,-0.002894,1.379049,1.719603
2006-10-18,1465.25,1.0,0.000512,0.000512,1.379755,1.720484
2006-10-19,1467.0,1.0,0.001194,0.001194,1.381403,1.722539
2006-10-20,1467.75,1.0,0.000511,0.000511,1.382109,1.723419
2006-10-23,1473.5,1.0,0.003918,0.003918,1.387524,1.730171
2006-10-24,1477.5,1.0,0.002715,0.002715,1.39129,1.734868
2006-10-25,1482.0,1.0,0.003046,0.003046,1.395528,1.740151
2006-10-26,1485.75,1.0,0.00253,0.00253,1.399059,1.744555
2006-10-27,1477.5,1.0,-0.005553,-0.005553,1.39129,1.734868
2006-10-30,1476.0,1.0,-0.001015,-0.001015,1.389878,1.733106
2006-10-31,1476.0,1.0,0.0,0.0,1.389878,1.733106
2006-11-01,1465.75,1.0,-0.006944,-0.006944,1.380226,1.721071
2006-11-02,1464.0,1.0,-0.001194,-0.001194,1.378578,1.719016
2006-11-03,1461.25,1.0,-0.001878,-0.001878,1.375988,1.715787
2006-11-06,1476.5,1.0,0.010436,0.010436,1.390349,1.733693
2006-11-07,1481.75,1.0,0.003556,0.003556,1.395292,1.739858
2006-11-08,1484.25,1.0,0.001687,0.001687,1.397646,1.742793
2006-11-09,1476.75,1.0,-0.005053,-0.005053,1.390584,1.733987
2006-11-10,1477.5,1.0,0.000508,0.000508,1.39129,1.734868
2006-11-13,1480.75,1.0,0.0022,0.0022,1.394351,1.738684
2006-11-14,1490.5,1.0,0.006585,0.006585,1.403532,1.750132
2006-11-15,1494.25,1.0,0.002516,0.002516,1.407063,1.754535
2006-11-16,1497.75,1.0,0.002342,0.002342,1.410359,1.758645
2006-11-17,1497.5,1.0,-0.000167,-0.000167,1.410123,1.758351
2006-11-20,1498.0,1.0,0.000334,0.000334,1.410594,1.758939
2006-11-21,1499.0,1.0,0.000668,0.000668,1.411536,1.760113
2006-11-22,1501.25,1.0,0.001501,0.001501,1.413655,1.762755
2006-11-23,1500.0,1.0,-0.000833,-0.000833,1.412477,1.761287
2006-11-24,1495.75,1.0,-0.002833,-0.002833,1.408475,1.756297
2006-11-27,1476.25,1.0,-0.013037,-0.013037,1.390113,1.7334
2006-11-28,1481.25,1.0,0.003387,0.003387,1.394822,1.739271
2006-11-29,1495.0,1.0,0.009283,0.009283,1.407769,1.755416
2006-11-30,1495.75,1.0,0.000502,0.000502,1.408475,1.756297
2006-12-01,1493.25,1.0,-0.001671,-0.001671,1.406121,1.753361
2006-12-04,1503.5,1.0,0.006864,0.006864,1.415773,1.765397
2006-12-05,1509.5,1.0,0.003991,0.003991,1.421423,1.772442
2006-12-06,1507.5,1.0,-0.001325,-0.001325,1.41954,1.770093
2006-12-07,1501.5,1.0,-0.00398,-0.00398,1.41389,1.763048
2006-12-08,1502.75,1.0,0.000833,0.000833,1.415067,1.764516
2006-12-11,1507.25,1.0,0.002995,0.002995,1.419304,1.7698
2006-12-12,1505.5,1.0,-0.001161,-0.001161,1.417657,1.767745
2006-12-13,1507.0,1.0,0.000996,0.000996,1.419069,1.769506
2006-12-14,1518.75,1.0,0.007797,0.007797,1.430133,1.783303
2006-12-15,1518.75,1.0,0.0,0.0,1.430133,1.783303
2006-12-18,1515.25,1.0,-0.002305,-0.002305,1.426838,1.779193
2006-12-19,1516.75,1.0,0.00099,0.00099,1.42825,1.780955
2006-12-20,1515.75,1.0,-0.000659,-0.000659,1.427309,1.77978
2006-12-21,1510.25,1.0,-0.003629,-0.003629,1.422129,1.773322
2006-12-22,1500.75,1.0,-0.00629,-0.00629,1.413184,1.762168
2006-12-26,1509.25,1.0,0.005664,0.005664,1.421188,1.772148
2006-12-27,1517.5,1.0,0.005466,0.005466,1.428956,1.781835
2006-12-28,1514.25,1.0,-0.002142,-0.002142,1.425896,1.778019
2006-12-29,1509.0,1.0,-0.003467,-0.003467,1.420952,1.771855
2007-01-02,1509.0,1.0,0.0,0.0,1.420952,1.771855
2007-01-03,1505.25,1.0,-0.002485,-0.002485,1.417421,1.767451
2007-01-04,1508.0,1.0,0.001827,0.001827,1.420011,1.77068
2007-01-05,1497.0,1.0,-0.007294,-0.007294,1.409653,1.757764
2007-01-08,1503.0,1.0,0.004008,0.004008,1.415302,1.764809
2007-01-09,1501.0,1.0,-0.001331,-0.001331,1.413419,1.762461
2007-01-10,1505.0,1.0,0.002665,0.002665,1.417186,1.767158
2007-01-11,1511.5,1.0,0.004319,0.004319,1.423306,1.77479
2007-01-12,1521.25,1.0,0.006451,0.006451,1.432488,1.786238
2007-01-15,1524.0,1.0,0.001808,0.001808,1.435077,1.789468
2007-01-16,1519.25,1.0,-0.003117,-0.003117,1.430604,1.78389
2007-01-17,1519.25,1.0,0.0,0.0,1.430604,1.78389
2007-01-18,1513.75,1.0,-0.00362,-0.00362,1.425425,1.777432
2007-01-19,1517.25,1.0,0.002312,0.002312,1.428721,1.781542
2007-01-22,1511.5,1.0,-0.00379,-0.00379,1.423306,1.77479
2007-01-23,1516.0,1.0,0.002977,0.002977,1.427544,1.780074
2007-01-24,1526.75,1.0,0.007091,0.007091,1.437667,1.792697
2007-01-25,1509.75,1.0,-0.011135,-0.011135,1.421659,1.772735
2007-01-26,1508.0,1.0,-0.001159,-0.001159,1.420011,1.77068
2007-01-29,1506.75,1.0,-0.000829,-0.000829,1.418834,1.769213
2007-01-30,1514.5,1.0,0.005144,0.005144,1.426131,1.778313
2007-01-31,1523.5,1.0,0.005943,0.005943,1.434606,1.78888
2007-02-01,1531.25,1.0,0.005087,0.005087,1.441904,1.79798
2007-02-02,1533.5,1.0,0.001469,0.001469,1.444023,1.800622
2007-02-05,1534.25,1.0,0.000489,0.000489,1.444729,1.801503
2007-02-06,1533.75,1.0,-0.000326,-0.000326,1.444258,1.800916
2007-02-07,1536.25,1.0,0.00163,0.00163,1.446612,1.803851
2007-02-08,1534.5,1.0,-0.001139,-0.001139,1.444964,1.801797
2007-02-09,1523.5,1.0,-0.007168,-0.007168,1.434606,1.78888
2007-02-12,1518.5,1.0,-0.003282,-0.003282,1.429898,1.783009
2007-02-13,1530.0,1.0,0.007573,0.007573,1.440727,1.796513
2007-02-14,1539.0,1.0,0.005882,0.005882,1.449202,1.80708
2007-02-15,1540.0,1.0,0.00065,0.00065,1.450144,1.808255
2007-02-16,1539.5,1.0,-0.000325,-0.000325,1.449673,1.807667
2007-02-19,1540.0,1.0,0.000325,0.000325,1.450144,1.808255
2007-02-20,1542.25,1.0,0.001461,0.001461,1.452262,1.810896
2007-02-21,1541.0,1.0,-0.000811,-0.000811,1.451085,1.809429
2007-02-22,1539.75,1.0,-0.000811,-0.000811,1.449908,1.807961
2007-02-23,1534.25,1.0,-0.003572,-0.003572,1.444729,1.801503
2007-02-26,1533.0,1.0,-0.000815,-0.000815,1.443552,1.800035
2007-02-27,1475.75,1.0,-0.037345,-0.037345,1.389642,1.732813
2007-02-28,1489.5,1.0,0.009317,0.009317,1.40259,1.748958
2007-03-01,1485.5,0.5,-0.001843,-0.002685,1.400006,1.744261
2007-03-02,1466.25,0.5,-0.006479,-0.012959,1.390934,1.721658
2007-03-05,1452.75,0.5,-0.004604,-0.009207,1.384531,1.705806
2007-03-06,1476.0,0.5,0.008002,0.016004,1.39561,1.733106
2007-03-07,1473.75,0.5,-0.000762,-0.001524,1.394547,1.730464
2007-03-08,1485.25,0.5,0.003902,0.007803,1.399988,1.743968
2007-03-09,1485.5,0.5,8.4e-05,0.000168,1.400105,1.744261
2007-03-12,1487.5,0.5,0.000673,0.001346,1.401048,1.74661
2007-03-13,1460.0,0.5,-0.009244,-0.018487,1.388097,1.714319
2007-03-14,1469.75,0.5,0.003339,0.006678,1.392732,1.725768
2007-03-15,1471.5,0.5,0.000595,0.001191,1.393561,1.727822
2007-03-16,1467.0,0.5,-0.001529,-0.003058,1.39143,1.722539
2007-03-19,1483.75,0.5,0.005709,0.011418,1.399374,1.742206
2007-03-20,1491.5,0.5,0.002612,0.005223,1.403029,1.751306
2007-03-21,1513.0,0.5,0.007208,0.014415,1.413141,1.776551
2007-03-22,1513.0,0.5,0.0,0.0,1.413141,1.776551
2007-03-23,1515.0,0.5,0.000661,0.001322,1.414075,1.7789
2007-03-26,1513.25,0.5,-0.000578,-0.001155,1.413258,1.776845
2007-03-27,1508.5,0.5,-0.001569,-0.003139,1.41104,1.771268
2007-03-28,1497.5,0.5,-0.003646,-0.007292,1.405895,1.758351
2007-03-29,1499.5,0.5,0.000668,0.001336,1.406834,1.7607
2007-03-30,1499.25,0.5,-8.3e-05,-0.000167,1.406717,1.760406
2007-04-02,1501.25,1.0,0.000834,0.001334,1.40789,1.762755
2007-04-03,1515.25,1.0,0.009326,0.009326,1.42102,1.779193
2007-04-04,1516.5,1.0,0.000825,0.000825,1.422192,1.780661
2007-04-05,1520.75,1.0,0.002803,0.002803,1.426177,1.785651
2007-04-06,1520.75,1.0,0.0,0.0,1.426177,1.785651
2007-04-09,1522.5,1.0,0.001151,0.001151,1.427819,1.787706
2007-04-10,1524.0,1.0,0.000985,0.000985,1.429225,1.789468
2007-04-11,1516.5,1.0,-0.004921,-0.004921,1.422192,1.780661
2007-04-12,1523.5,1.0,0.004616,0.004616,1.428756,1.78888
2007-04-13,1529.25,1.0,0.003774,0.003774,1.434149,1.795632
2007-04-16,1543.5,1.0,0.009318,0.009318,1.447513,1.812364
2007-04-17,1547.0,1.0,0.002268,0.002268,1.450795,1.816474
2007-04-18,1548.25,1.0,0.000808,0.000808,1.451967,1.817942
2007-04-19,1548.25,1.0,0.0,0.0,1.451967,1.817942
2007-04-20,1561.0,1.0,0.008235,0.008235,1.463924,1.832913
2007-04-23,1556.25,1.0,-0.003043,-0.003043,1.45947,1.827335
2007-04-24,1556.5,1.0,0.000161,0.000161,1.459704,1.827629
2007-04-25,1568.75,1.0,0.00787,0.00787,1.471192,1.842013
2007-04-26,1570.75,1.0,0.001275,0.001275,1.473068,1.844361
2007-04-27,1570.0,1.0,-0.000477,-0.000477,1.472365,1.84348
2007-04-30,1556.5,1.0,-0.008599,-0.008599,1.459704,1.827629
2007-05-01,1560.75,1.0,0.00273,0.00273,1.46369,1.832619
2007-05-02,1569.0,1.0,0.005286,0.005286,1.471427,1.842306
2007-05-03,1576.25,1.0,0.004621,0.004621,1.478226,1.850819
2007-05-04,1582.25,1.0,0.003807,0.003807,1.483853,1.857864
2007-05-07,1582.25,1.0,0.0,0.0,1.483853,1.857864
2007-05-08,1580.25,1.0,-0.001264,-0.001264,1.481977,1.855516
2007-05-09,1583.5,1.0,0.002057,0.002057,1.485025,1.859332
2007-05-10,1567.25,1.0,-0.010262,-0.010262,1.469786,1.840251
2007-05-11,1580.25,1.0,0.008295,0.008295,1.481977,1.855516
2007-05-14,1576.75,1.0,-0.002215,-0.002215,1.478695,1.851406
2007-05-15,1576.5,1.0,-0.000159,-0.000159,1.478461,1.851113
2007-05-16,1586.0,1.0,0.006026,0.006026,1.48737,1.862267
2007-05-17,1583.25,1.0,-0.001734,-0.001734,1.484791,1.859038
2007-05-18,1596.0,1.0,0.008053,0.008053,1.496748,1.874009
2007-05-21,1596.0,1.0,0.0,0.0,1.496748,1.874009
2007-05-22,1593.25,1.0,-0.001723,-0.001723,1.494169,1.87078
2007-05-23,1593.5,1.0,0.000157,0.000157,1.494403,1.871074
2007-05-24,1579.5,1.0,-0.008786,-0.008786,1.481274,1.854635
2007-05-25,1585.25,1.0,0.00364,0.00364,1.486666,1.861387
2007-05-28,1586.25,1.0,0.000631,0.000631,1.487604,1.862561
2007-05-29,1590.5,1.0,0.002679,0.002679,1.49159,1.867551
2007-05-30,1602.0,1.0,0.00723,0.00723,1.502375,1.881054
2007-05-31,1601.0,1.0,-0.000624,-0.000624,1.501437,1.87988
2007-06-01,1607.5,1.0,0.00406,0.00406,1.507533,1.887512
2007-06-04,1608.25,1.0,0.000467,0.000467,1.508236,1.888393
2007-06-05,1601.75,1.0,-0.004042,-0.004042,1.50214,1.880761
2007-06-06,1584.5,1.0,-0.010769,-0.010769,1.485963,1.860506
2007-06-07,1557.25,1.0,-0.017198,-0.017198,1.460408,1.828509
2007-06-08,1576.0,1.0,0.01204,0.01204,1.477992,1.850525
2007-06-11,1578.5,1.0,0.001586,0.001586,1.480336,1.853461
2007-06-12,1561.0,1.0,-0.011086,-0.011086,1.463924,1.832913
2007-06-13,1583.75,1.0,0.014574,0.014574,1.48526,1.859625
2007-06-14,1593.0,1.0,0.005841,0.005841,1.493934,1.870487
2007-06-15,1601.25,1.0,0.005179,0.005179,1.501671,1.880174
2007-06-18,1599.5,1.0,-0.001093,-0.001093,1.50003,1.878119
2007-06-19,1602.5,1.0,0.001876,0.001876,1.502844,1.881642
2007-06-20,1580.5,1.0,-0.013729,-0.013729,1.482212,1.855809
2007-06-21,1589.25,1.0,0.005536,0.005536,1.490418,1.866083
2007-06-22,1574.0,1.0,-0.009596,-0.009596,1.476116,1.848177
2007-06-25,1567.0,1.0,-0.004447,-0.004447,1.469551,1.839958
2007-06-26,1551.25,1.0,-0.010051,-0.010051,1.454781,1.821464
2007-06-27,1572.5,1.0,0.013699,0.013699,1.474709,1.846416
2007-06-28,1570.75,1.0,-0.001113,-0.001113,1.473068,1.844361
2007-06-29,1569.0,1.0,-0.001114,-0.001114,1.471427,1.842306
2007-07-02,1584.5,1.0,0.009879,0.009879,1.485963,1.860506
2007-07-03,1589.75,1.0,0.003313,0.003313,1.490887,1.866671
2007-07-04,1592.5,1.0,0.00173,0.00173,1.493466,1.8699
2007-07-05,1588.0,1.0,-0.002826,-0.002826,1.489245,1.864616
2007-07-06,1596.0,1.0,0.005038,0.005038,1.496748,1.874009
2007-07-09,1596.0,1.0,0.0,0.0,1.496748,1.874009
2007-07-10,1573.5,1.0,-0.014098,-0.014098,1.475647,1.84759
2007-07-11,1584.5,1.0,0.006991,0.006991,1.485963,1.860506
2007-07-12,1609.25,1.0,0.01562,0.01562,1.509174,1.889567
2007-07-13,1613.5,1.0,0.002641,0.002641,1.51316,1.894558
2007-07-16,1613.25,1.0,-0.000155,-0.000155,1.512925,1.894264
2007-07-17,1612.25,1.0,-0.00062,-0.00062,1.511987,1.89309
2007-07-18,1608.25,1.0,-0.002481,-0.002481,1.508236,1.888393
2007-07-19,1613.25,1.0,0.003109,0.003109,1.512925,1.894264
2007-07-20,1598.5,1.0,-0.009143,-0.009143,1.499092,1.876945
2007-07-23,1602.5,1.0,0.002502,0.002502,1.502844,1.881642
2007-07-24,1576.0,1.0,-0.016537,-0.016537,1.477992,1.850525
2007-07-25,1578.25,1.0,0.001428,0.001428,1.480102,1.853167
2007-07-26,1541.5,1.0,-0.023285,-0.023285,1.445637,1.810016
2007-07-27,1511.5,1.0,-0.019462,-0.019462,1.417503,1.77479
2007-07-30,1534.25,1.0,0.015051,0.015051,1.438838,1.801503
2007-07-31,1515.5,1.0,-0.012221,-0.012221,1.421254,1.779487
2007-08-01,1523.5,0.0,-0.001,0.005279,1.419833,1.78888
2007-08-02,1535.25,0.0,0.0,0.007713,1.419833,1.802677
2007-08-03,1496.5,0.0,0.0,-0.02524,1.419833,1.757177
2007-08-06,1521.25,0.0,0.0,0.016539,1.419833,1.786238
2007-08-07,1536.0,0.0,0.0,0.009696,1.419833,1.803558
2007-08-08,1557.5,0.0,0.0,0.013997,1.419833,1.828803
2007-08-09,1509.75,0.0,0.0,-0.030658,1.419833,1.772735
2007-08-10,1504.5,0.0,0.0,-0.003477,1.419833,1.766571
2007-08-13,1508.5,0.0,0.0,0.002659,1.419833,1.771268
2007-08-14,1487.75,0.0,0.0,-0.013755,1.419833,1.746903
2007-08-15,1468.0,0.0,0.0,-0.013275,1.419833,1.723713
2007-08-16,1478.0,0.0,0.0,0.006812,1.419833,1.735455
2007-08-17,1503.5,0.0,0.0,0.017253,1.419833,1.765397
2007-08-20,1502.5,0.0,0.0,-0.000665,1.419833,1.764222
2007-08-21,1503.75,0.0,0.0,0.000832,1.419833,1.76569
2007-08-22,1522.25,0.0,0.0,0.012303,1.419833,1.787413
2007-08-23,1520.0,0.0,0.0,-0.001478,1.419833,1.784771
2007-08-24,1537.0,0.0,0.0,0.011184,1.419833,1.804732
2007-08-27,1523.25,0.0,0.0,-0.008946,1.419833,1.788587
2007-08-28,1491.75,0.0,0.0,-0.020679,1.419833,1.7516
2007-08-29,1519.0,0.0,0.0,0.018267,1.419833,1.783597
2007-08-30,1515.0,0.0,0.0,-0.002633,1.419833,1.7789
2007-08-31,1530.25,0.0,0.0,0.010066,1.419833,1.796806
2007-09-03,1530.0,0.5,-0.000582,-0.000163,1.419007,1.796513
2007-09-04,1543.0,0.5,0.004248,0.008497,1.425035,1.811777
2007-09-05,1530.0,0.5,-0.004213,-0.008425,1.419032,1.796513
2007-09-06,1533.0,0.5,0.00098,0.001961,1.420423,1.800035
2007-09-07,1513.25,0.5,-0.006442,-0.012883,1.411274,1.776845
2007-09-10,1508.75,0.5,-0.001487,-0.002974,1.409175,1.771561
2007-09-11,1526.25,0.5,0.0058,0.011599,1.417348,1.792109
2007-09-12,1530.0,0.5,0.001229,0.002457,1.419089,1.796513
2007-09-13,1538.5,0.5,0.002778,0.005556,1.423031,1.806493
2007-09-14,1538.5,0.5,0.0,0.0,1.423031,1.806493
2007-09-17,1530.25,0.5,-0.002681,-0.005362,1.419215,1.796806
2007-09-18,1573.5,0.5,0.014132,0.028263,1.439271,1.84759
2007-09-19,1582.0,0.5,0.002701,0.005402,1.443159,1.857571
2007-09-20,1572.25,0.5,-0.003082,-0.006163,1.438712,1.846122
2007-09-21,1575.0,0.5,0.000875,0.001749,1.43997,1.849351
2007-09-24,1572.25,0.5,-0.000873,-0.001746,1.438713,1.846122
2007-09-25,1569.5,0.5,-0.000875,-0.001749,1.437455,1.842893
2007-09-26,1576.75,0.5,0.00231,0.004619,1.440775,1.851406
2007-09-27,1585.0,0.5,0.002616,0.005232,1.444544,1.861093
2007-09-28,1578.5,0.5,-0.00205,-0.004101,1.441582,1.853461
2007-10-01,1597.0,1.0,0.01122,0.01172,1.457756,1.875183
2007-10-02,1595.0,1.0,-0.001252,-0.001252,1.455931,1.872835
2007-10-03,1591.25,1.0,-0.002351,-0.002351,1.452508,1.868432
2007-10-04,1592.75,1.0,0.000943,0.000943,1.453877,1.870193
2007-10-05,1611.25,1.0,0.011615,0.011615,1.470764,1.891916
2007-10-08,1603.25,1.0,-0.004965,-0.004965,1.463461,1.882522
2007-10-09,1616.75,1.0,0.00842,0.00842,1.475784,1.898374
2007-10-10,1613.75,1.0,-0.001856,-0.001856,1.473046,1.894851
2007-10-11,1605.75,1.0,-0.004957,-0.004957,1.465743,1.885458
2007-10-12,1615.0,1.0,0.005761,0.005761,1.474187,1.896319
2007-10-15,1600.75,1.0,-0.008824,-0.008824,1.461179,1.879587
2007-10-16,1588.0,1.0,-0.007965,-0.007965,1.449541,1.864616
2007-10-17,1593.0,1.0,0.003149,0.003149,1.454105,1.870487
2007-10-18,1587.25,1.0,-0.00361,-0.00361,1.448856,1.863735
2007-10-19,1546.25,1.0,-0.025831,-0.025831,1.411431,1.815593
2007-10-22,1554.0,1.0,0.005012,0.005012,1.418506,1.824693
2007-10-23,1566.0,1.0,0.007722,0.007722,1.429459,1.838784
2007-10-24,1565.75,1.0,-0.00016,-0.00016,1.429231,1.83849
2007-10-25,1565.5,1.0,-0.00016,-0.00016,1.429003,1.838196
2007-10-26,1583.0,1.0,0.011179,0.011179,1.444977,1.858745
2007-10-29,1587.5,1.0,0.002843,0.002843,1.449085,1.864029
2007-10-30,1576.5,1.0,-0.006929,-0.006929,1.439044,1.851113
2007-10-31,1595.5,1.0,0.012052,0.012052,1.456387,1.873422
2007-11-01,1556.25,1.0,-0.0246,-0.0246,1.420559,1.827335
2007-11-02,1558.0,1.0,0.001124,0.001124,1.422157,1.82939
2007-11-05,1546.0,1.0,-0.007702,-0.007702,1.411203,1.8153
2007-11-06,1565.5,1.0,0.012613,0.012613,1.429003,1.838196
2007-11-07,1523.25,1.0,-0.026988,-0.026988,1.390437,1.788587
2007-11-08,1516.0,1.0,-0.00476,-0.00476,1.383819,1.780074
2007-11-09,1495.5,1.0,-0.013522,-0.013522,1.365106,1.756003
2007-11-12,1480.75,1.0,-0.009863,-0.009863,1.351642,1.738684
2007-11-13,1523.75,1.0,0.029039,0.029039,1.390893,1.789174
2007-11-14,1518.5,1.0,-0.003445,-0.003445,1.386101,1.783009
2007-11-15,1498.5,1.0,-0.013171,-0.013171,1.367845,1.759526
2007-11-16,1500.75,1.0,0.001502,0.001502,1.369898,1.762168
2007-11-19,1478.0,1.0,-0.015159,-0.015159,1.349132,1.735455
2007-11-20,1487.5,1.0,0.006428,0.006428,1.357804,1.74661
2007-11-21,1458.25,1.0,-0.019664,-0.019664,1.331104,1.712264
2007-11-22,1466.25,1.0,0.005486,0.005486,1.338407,1.721658
2007-11-23,1482.5,1.0,0.011083,0.011083,1.35324,1.740739
2007-11-26,1449.75,1.0,-0.022091,-0.022091,1.323345,1.702284
2007-11-27,1467.0,1.0,0.011899,0.011899,1.339091,1.722539
2007-11-28,1511.0,1.0,0.029993,0.029993,1.379255,1.774203
2007-11-29,1512.0,1.0,0.000662,0.000662,1.380168,1.775377
2007-11-30,1524.25,1.0,0.008102,0.008102,1.391349,1.789761
2007-12-03,1516.0,0.5,-0.003206,-0.005412,1.386888,1.780074
2007-12-04,1503.75,0.5,-0.00404,-0.00808,1.381285,1.76569
2007-12-05,1527.5,0.5,0.007897,0.015794,1.392193,1.793577
2007-12-06,1548.0,0.5,0.00671,0.013421,1.401535,1.817648
2007-12-07,1547.75,0.5,-8.1e-05,-0.000161,1.401422,1.817355
2007-12-10,1559.25,0.5,0.003715,0.00743,1.406628,1.830858
2007-12-11,1518.5,0.5,-0.013067,-0.026134,1.388248,1.783009
2007-12-12,1530.5,0.5,0.003951,0.007903,1.393733,1.7971
2007-12-13,1528.5,0.5,-0.000653,-0.001307,1.392822,1.794751
2007-12-14,1508.5,0.5,-0.006542,-0.013085,1.38371,1.771268
2007-12-17,1486.75,0.5,-0.007209,-0.014418,1.373735,1.745729
2007-12-18,1496.5,0.5,0.003279,0.006558,1.378239,1.757177
2007-12-19,1495.0,0.5,-0.000501,-0.001002,1.377548,1.755416
2007-12-20,1504.75,0.5,0.003261,0.006522,1.38204,1.766864
2007-12-21,1528.0,0.5,0.007726,0.015451,1.392717,1.794164
2007-12-24,1536.5,0.5,0.002781,0.005563,1.396591,1.804145
2007-12-26,1539.75,0.5,0.001058,0.002115,1.398068,1.807961
2007-12-27,1519.75,0.5,-0.006495,-0.012989,1.388988,1.784477
2007-12-28,1515.5,0.5,-0.001398,-0.002797,1.387046,1.779487
2007-12-31,1507.25,0.5,-0.002722,-0.005444,1.383271,1.7698
2008-01-02,1488.5,0.5,-0.00622,-0.01244,1.374667,1.747784
2008-01-03,1488.75,0.5,8.4e-05,0.000168,1.374782,1.748077
2008-01-04,1453.0,0.5,-0.012007,-0.024013,1.358276,1.7061
2008-01-07,1451.5,0.5,-0.000516,-0.001032,1.357575,1.704339
2008-01-08,1427.0,0.5,-0.00844,-0.016879,1.346117,1.675571
2008-01-09,1441.5,0.5,0.005081,0.010161,1.352956,1.692597
2008-01-10,1451.0,0.5,0.003295,0.00659,1.357415,1.703752
2008-01-11,1437.75,0.5,-0.004566,-0.009132,1.351217,1.688194
2008-01-14,1450.25,0.5,0.004347,0.008694,1.357091,1.702871
2008-01-15,1418.0,0.5,-0.011119,-0.022238,1.342001,1.665003
2008-01-16,1406.0,0.5,-0.004231,-0.008463,1.336323,1.650913
2008-01-17,1369.75,0.5,-0.012891,-0.025782,1.319096,1.608348
2008-01-18,1355.25,0.5,-0.005293,-0.010586,1.312114,1.591323
2008-01-21,1295.5,0.5,-0.022044,-0.044088,1.28319,1.521165
2008-01-22,1339.25,0.5,0.016885,0.033771,1.304857,1.572536
2008-01-23,1372.0,0.5,0.012227,0.024454,1.320812,1.61099
2008-01-24,1382.25,0.5,0.003735,0.007471,1.325746,1.623026
2008-01-25,1364.0,0.5,-0.006602,-0.013203,1.316994,1.601597
2008-01-28,1384.5,0.5,0.007515,0.015029,1.32689,1.625668
2008-01-29,1392.0,0.5,0.002709,0.005417,1.330484,1.634474
2008-01-30,1380.5,0.5,-0.004131,-0.008261,1.324989,1.620971
2008-01-31,1409.5,0.5,0.010503,0.021007,1.338905,1.655023
2008-02-01,1427.0,0.0,-0.0005,0.012416,1.338236,1.675571
2008-02-04,1408.75,0.0,0.0,-0.012789,1.338236,1.654142
2008-02-05,1373.25,0.0,0.0,-0.0252,1.338236,1.612458
2008-02-06,1360.0,0.0,0.0,-0.009649,1.338236,1.5969
2008-02-07,1370.25,0.0,0.0,0.007537,1.338236,1.608936
2008-02-08,1360.25,0.0,0.0,-0.007298,1.338236,1.597194
2008-02-11,1368.25,0.0,0.0,0.005881,1.338236,1.606587
2008-02-12,1379.75,0.0,0.0,0.008405,1.338236,1.62009
2008-02-13,1393.75,0.0,0.0,0.010147,1.338236,1.636529
2008-02-14,1381.0,0.0,0.0,-0.009148,1.338236,1.621558
2008-02-15,1381.25,0.0,0.0,0.000181,1.338236,1.621852
2008-02-18,1398.0,0.0,0.0,0.012127,1.338236,1.641519
2008-02-19,1385.5,0.0,0.0,-0.008941,1.338236,1.626842
2008-02-20,1389.0,0.0,0.0,0.002526,1.338236,1.630952
2008-02-21,1377.0,0.0,0.0,-0.008639,1.338236,1.616861
2008-02-22,1385.5,0.0,0.0,0.006173,1.338236,1.626842
2008-02-25,1401.5,0.0,0.0,0.011548,1.338236,1.645629
2008-02-26,1412.75,0.0,0.0,0.008027,1.338236,1.658839
2008-02-27,1410.5,0.0,0.0,-0.001593,1.338236,1.656197
2008-02-28,1395.75,0.0,0.0,-0.010457,1.338236,1.638877
2008-02-29,1361.25,0.0,0.0,-0.024718,1.338236,1.598368
2008-03-03,1362.0,0.0,0.0,0.000551,1.338236,1.599249
2008-03-04,1357.0,0.0,0.0,-0.003671,1.338236,1.593378
2008-03-05,1365.5,0.0,0.0,0.006264,1.338236,1.603358
2008-03-06,1338.0,0.0,0.0,-0.020139,1.338236,1.571068
2008-03-07,1322.75,0.0,0.0,-0.011398,1.338236,1.553162
2008-03-10,1305.5,0.0,0.0,-0.013041,1.338236,1.532907
2008-03-11,1354.0,0.0,0.0,0.037151,1.338236,1.589855
2008-03-12,1339.5,0.0,0.0,-0.010709,1.338236,1.572829
2008-03-13,1343.25,0.0,0.0,0.0028,1.338236,1.577232
2008-03-14,1321.0,0.0,0.0,-0.016564,1.338236,1.551107
2008-03-17,1307.5,0.0,0.0,-0.01022,1.338236,1.535255
2008-03-18,1362.0,0.0,0.0,0.041683,1.338236,1.599249
2008-03-19,1327.5,0.0,0.0,-0.02533,1.338236,1.558739
2008-03-20,1352.75,0.0,0.0,0.019021,1.338236,1.588387
2008-03-24,1379.5,0.0,0.0,0.019775,1.338236,1.619797
2008-03-25,1379.5,0.0,0.0,0.0,1.338236,1.619797
2008-03-26,1363.5,0.0,0.0,-0.011598,1.338236,1.60101
2008-03-27,1357.75,0.0,0.0,-0.004217,1.338236,1.594258
2008-03-28,1347.0,0.0,0.0,-0.007918,1.338236,1.581636
2008-03-31,1352.0,0.0,0.0,0.003712,1.338236,1.587507
2008-04-01,1398.5,0.5,0.016697,0.034393,1.36058,1.642106
2008-04-02,1399.0,0.5,0.000179,0.000358,1.360823,1.642694
2008-04-03,1401.5,0.5,0.000893,0.001787,1.362039,1.645629
2008-04-04,1400.0,0.5,-0.000535,-0.00107,1.36131,1.643868
2008-04-07,1400.25,0.5,8.9e-05,0.000179,1.361432,1.644161
2008-04-08,1399.0,0.5,-0.000446,-0.000893,1.360824,1.642694
2008-04-09,1388.25,0.5,-0.003842,-0.007684,1.355596,1.630071
2008-04-10,1391.0,0.5,0.00099,0.001981,1.356939,1.6333
2008-04-11,1363.5,0.5,-0.009885,-0.01977,1.343525,1.60101
2008-04-14,1359.25,0.5,-0.001558,-0.003117,1.341431,1.596019
2008-04-15,1364.0,0.5,0.001747,0.003495,1.343775,1.601597
2008-04-16,1399.0,0.5,0.01283,0.02566,1.361016,1.642694
2008-04-17,1400.25,0.5,0.000447,0.000893,1.361624,1.644161
2008-04-18,1416.0,0.5,0.005624,0.011248,1.369282,1.662655
2008-04-21,1416.25,0.5,8.8e-05,0.000177,1.369403,1.662948
2008-04-22,1408.75,0.5,-0.002648,-0.005296,1.365777,1.654142
2008-04-23,1406.5,0.5,-0.000799,-0.001597,1.364686,1.6515
2008-04-24,1414.0,0.5,0.002666,0.005332,1.368324,1.660306
2008-04-25,1425.0,0.5,0.00389,0.007779,1.373647,1.673223
2008-04-28,1425.5,0.5,0.000175,0.000351,1.373888,1.67381
2008-04-29,1419.0,0.5,-0.00228,-0.00456,1.370755,1.666177
2008-04-30,1412.5,0.5,-0.00229,-0.004581,1.367616,1.658545
2008-05-01,1439.5,0.5,0.009558,0.019115,1.380687,1.690248
2008-05-02,1443.75,0.5,0.001476,0.002952,1.382725,1.695239
2008-05-05,1436.25,0.5,-0.002597,-0.005195,1.379134,1.686432
2008-05-06,1448.75,0.5,0.004352,0.008703,1.385135,1.70111
2008-05-07,1423.25,0.5,-0.008801,-0.017601,1.372945,1.671168
2008-05-08,1420.0,0.5,-0.001142,-0.002284,1.371377,1.667352
2008-05-09,1417.0,0.5,-0.001056,-0.002113,1.369929,1.663829
2008-05-12,1432.75,0.5,0.005558,0.011115,1.377542,1.682323
2008-05-13,1432.75,0.5,0.0,0.0,1.377542,1.682323
2008-05-14,1435.75,0.5,0.001047,0.002094,1.378984,1.685845
2008-05-15,1452.5,0.5,0.005833,0.011666,1.387028,1.705513
2008-05-16,1453.75,0.5,0.00043,0.000861,1.387625,1.706981
2008-05-19,1457.75,0.5,0.001376,0.002752,1.389534,1.711677
2008-05-20,1445.0,0.5,-0.004373,-0.008746,1.383457,1.696706
2008-05-21,1420.75,0.5,-0.008391,-0.016782,1.371849,1.668232
2008-05-22,1421.25,0.5,0.000176,0.000352,1.37209,1.668819
2008-05-23,1401.5,0.5,-0.006948,-0.013896,1.362557,1.645629
2008-05-26,1402.75,0.5,0.000446,0.000892,1.363164,1.647097
2008-05-27,1412.75,0.5,0.003564,0.007129,1.368023,1.658839
2008-05-28,1419.5,0.5,0.002389,0.004778,1.371291,1.666765
2008-05-29,1425.75,0.5,0.002201,0.004403,1.37431,1.674103
2008-05-30,1428.5,0.5,0.000964,0.001929,1.375636,1.677332
2008-06-02,1413.5,1.0,-0.011001,-0.010501,1.360503,1.659719
2008-06-03,1406.5,1.0,-0.004952,-0.004952,1.353765,1.6515
2008-06-04,1405.5,1.0,-0.000711,-0.000711,1.352803,1.650326
2008-06-05,1433.25,1.0,0.019744,0.019744,1.379512,1.68291
2008-06-06,1387.5,1.0,-0.03192,-0.03192,1.335478,1.62919
2008-06-09,1391.5,1.0,0.002883,0.002883,1.339328,1.633887
2008-06-10,1384.25,1.0,-0.00521,-0.00521,1.33235,1.625374
2008-06-11,1364.0,1.0,-0.014629,-0.014629,1.312859,1.601597
2008-06-12,1369.25,1.0,0.003849,0.003849,1.317912,1.607761
2008-06-13,1385.75,1.0,0.01205,0.01205,1.333793,1.627136
2008-06-16,1386.0,1.0,0.00018,0.00018,1.334034,1.627429
2008-06-17,1379.0,1.0,-0.005051,-0.005051,1.327296,1.61921
2008-06-18,1364.75,1.0,-0.010334,-0.010334,1.313581,1.602478
2008-06-19,1367.5,1.0,0.002015,0.002015,1.316228,1.605707
2008-06-20,1345.0,1.0,-0.016453,-0.016453,1.294571,1.579287
2008-06-23,1344.25,1.0,-0.000558,-0.000558,1.293849,1.578407
2008-06-24,1341.5,1.0,-0.002046,-0.002046,1.291202,1.575178
2008-06-25,1348.5,1.0,0.005218,0.005218,1.29794,1.583397
2008-06-26,1310.5,1.0,-0.028179,-0.028179,1.261365,1.538778
2008-06-27,1306.0,1.0,-0.003434,-0.003434,1.257033,1.533494
2008-06-30,1309.0,1.0,0.002297,0.002297,1.259921,1.537016
2008-07-01,1312.25,0.0,-0.001,0.002483,1.258661,1.540833
2008-07-02,1288.75,0.0,0.0,-0.017908,1.258661,1.513239
2008-07-03,1291.0,0.0,0.0,0.001746,1.258661,1.515881
2008-07-04,1291.0,0.0,0.0,0.0,1.258661,1.515881
2008-07-07,1277.75,0.0,0.0,-0.010263,1.258661,1.500323
2008-07-08,1299.75,0.0,0.0,0.017218,1.258661,1.526155
2008-07-09,1274.0,0.0,0.0,-0.019812,1.258661,1.49592
2008-07-10,1280.5,0.0,0.0,0.005102,1.258661,1.503552
2008-07-11,1265.75,0.0,0.0,-0.011519,1.258661,1.486233
2008-07-14,1254.25,0.0,0.0,-0.009086,1.258661,1.472729
2008-07-15,1237.0,0.0,0.0,-0.013753,1.258661,1.452475
2008-07-16,1267.0,0.0,0.0,0.024252,1.258661,1.4877
2008-07-17,1279.5,0.0,0.0,0.009866,1.258661,1.502378
2008-07-18,1286.5,0.0,0.0,0.005471,1.258661,1.510597
2008-07-21,1287.5,0.0,0.0,0.000777,1.258661,1.511771
2008-07-22,1300.25,0.0,0.0,0.009903,1.258661,1.526742
2008-07-23,1308.5,0.0,0.0,0.006345,1.258661,1.536429
2008-07-24,1279.75,0.0,0.0,-0.021972,1.258661,1.502671
2008-07-25,1279.75,0.0,0.0,0.0,1.258661,1.502671
2008-07-28,1261.0,0.0,0.0,-0.014651,1.258661,1.480655
2008-07-29,1287.75,0.0,0.0,0.021213,1.258661,1.512065
2008-07-30,1310.75,0.0,0.0,0.017861,1.258661,1.539071
2008-07-31,1293.0,0.0,0.0,-0.013542,1.258661,1.518229
2008-08-01,1286.25,0.0,0.0,-0.00522,1.258661,1.510304
2008-08-04,1274.75,0.0,0.0,-0.008941,1.258661,1.4968
2008-08-05,1309.0,0.0,0.0,0.026868,1.258661,1.537016
2008-08-06,1313.75,0.0,0.0,0.003629,1.258661,1.542594
2008-08-07,1294.0,0.0,0.0,-0.015033,1.258661,1.519404
2008-08-08,1318.25,0.0,0.0,0.01874,1.258661,1.547878
2008-08-11,1331.0,0.0,0.0,0.009672,1.258661,1.562849
2008-08-12,1317.5,0.0,0.0,-0.010143,1.258661,1.546997
2008-08-13,1310.5,0.0,0.0,-0.005313,1.258661,1.538778
2008-08-14,1319.75,0.0,0.0,0.007058,1.258661,1.549639
2008-08-15,1325.75,0.0,0.0,0.004546,1.258661,1.556684
2008-08-18,1308.0,0.0,0.0,-0.013389,1.258661,1.535842
2008-08-19,1294.5,0.0,0.0,-0.010321,1.258661,1.519991
2008-08-20,1299.75,0.0,0.0,0.004056,1.258661,1.526155
2008-08-21,1301.5,0.0,0.0,0.001346,1.258661,1.52821
2008-08-22,1318.25,0.0,0.0,0.01287,1.258661,1.547878
2008-08-25,1292.5,0.0,0.0,-0.019533,1.258661,1.517642
2008-08-26,1297.75,0.0,0.0,0.004062,1.258661,1.523807
2008-08-27,1308.0,0.0,0.0,0.007898,1.258661,1.535842
2008-08-28,1324.0,0.0,0.0,0.012232,1.258661,1.554629
2008-08-29,1308.5,0.0,0.0,-0.011707,1.258661,1.536429
2008-09-01,1308.75,0.0,0.0,0.000191,1.258661,1.536723
2008-09-02,1302.5,0.0,0.0,-0.004776,1.258661,1.529384
2008-09-03,1301.25,0.0,0.0,-0.00096,1.258661,1.527916
2008-09-04,1262.5,0.0,0.0,-0.029779,1.258661,1.482416
2008-09-05,1267.0,0.0,0.0,0.003564,1.258661,1.4877
2008-09-08,1293.0,0.0,0.0,0.020521,1.258661,1.518229
2008-09-09,1252.5,0.0,0.0,-0.031323,1.258661,1.470675
2008-09-10,1259.25,0.0,0.0,0.005389,1.258661,1.4786
2008-09-11,1277.0,0.0,0.0,0.014096,1.258661,1.499442
2008-09-12,1283.5,0.0,0.0,0.00509,1.258661,1.507075
2008-09-15,1221.0,0.0,0.0,-0.048695,1.258661,1.433688
2008-09-16,1241.25,0.0,0.0,0.016585,1.258661,1.457465
2008-09-17,1188.0,0.0,0.0,-0.0429,1.258661,1.394939
2008-09-18,1228.25,0.0,0.0,0.03388,1.258661,1.4422
2008-09-19,1271.0,0.0,0.0,0.034806,1.258661,1.492397
2008-09-22,1238.75,0.0,0.0,-0.025374,1.258661,1.454529
2008-09-23,1212.0,0.0,0.0,-0.021594,1.258661,1.42312
2008-09-24,1218.0,0.0,0.0,0.00495,1.258661,1.430165
2008-09-25,1238.5,0.0,0.0,0.016831,1.258661,1.454236
2008-09-26,1239.5,0.0,0.0,0.000807,1.258661,1.45541
2008-09-29,1144.0,0.0,0.0,-0.077047,1.258661,1.343275
2008-09-30,1192.5,0.0,0.0,0.042395,1.258661,1.400223
2008-10-01,1193.5,0.0,0.0,0.000839,1.258661,1.401397
2008-10-02,1149.5,0.0,0.0,-0.036866,1.258661,1.349733
2008-10-03,1133.25,0.0,0.0,-0.014137,1.258661,1.330652
2008-10-06,1078.25,0.0,0.0,-0.048533,1.258661,1.266072
2008-10-07,1030.75,0.0,0.0,-0.044053,1.258661,1.210298
2008-10-08,1006.0,0.0,0.0,-0.024012,1.258661,1.181236
2008-10-09,937.5,0.0,0.0,-0.068091,1.258661,1.100804
2008-10-10,916.0,0.0,0.0,-0.022933,1.258661,1.075559
2008-10-13,1041.75,0.0,0.0,0.137282,1.258661,1.223214
2008-10-14,1027.25,0.0,0.0,-0.013919,1.258661,1.206188
2008-10-15,928.25,0.0,0.0,-0.096374,1.258661,1.089943
2008-10-16,966.0,0.0,0.0,0.040668,1.258661,1.134269
2008-10-17,958.5,0.0,0.0,-0.007764,1.258661,1.125462
2008-10-20,1015.5,0.0,0.0,0.059468,1.258661,1.192391
2008-10-21,984.75,0.0,0.0,-0.030281,1.258661,1.156285
2008-10-22,927.75,0.0,0.0,-0.057883,1.258661,1.089356
2008-10-23,940.25,0.0,0.0,0.013473,1.258661,1.104033
2008-10-24,891.0,0.0,0.0,-0.05238,1.258661,1.046204
2008-10-27,859.75,0.0,0.0,-0.035073,1.258661,1.009511
2008-10-28,963.75,0.0,0.0,0.120965,1.258661,1.131627
2008-10-29,952.0,0.0,0.0,-0.012192,1.258661,1.11783
2008-10-30,986.5,0.0,0.0,0.036239,1.258661,1.15834
2008-10-31,991.5,0.0,0.0,0.005068,1.258661,1.164211
2008-11-03,994.5,0.0,0.0,0.003026,1.258661,1.167733
2008-11-04,1028.25,0.0,0.0,0.033937,1.258661,1.207362
2008-11-05,983.0,0.0,0.0,-0.044007,1.258661,1.15423
2008-11-06,929.5,0.0,0.0,-0.054425,1.258661,1.091411
2008-11-07,961.25,0.0,0.0,0.034158,1.258661,1.128691
2008-11-10,946.25,0.0,0.0,-0.015605,1.258661,1.111078
2008-11-11,918.0,0.0,0.0,-0.029855,1.258661,1.077908
2008-11-12,878.5,0.0,0.0,-0.043028,1.258661,1.031527
2008-11-13,932.75,0.0,0.0,0.061753,1.258661,1.095227
2008-11-14,886.5,0.0,0.0,-0.049585,1.258661,1.040921
2008-11-17,876.0,0.0,0.0,-0.011844,1.258661,1.028592
2008-11-18,891.5,0.0,0.0,0.017694,1.258661,1.046792
2008-11-19,837.5,0.0,0.0,-0.060572,1.258661,0.983385
2008-11-20,773.25,0.0,0.0,-0.076716,1.258661,0.907943
2008-11-21,817.0,0.0,0.0,0.056579,1.258661,0.959314
2008-11-24,873.0,0.0,0.0,0.068543,1.258661,1.025069
2008-11-25,878.25,0.0,0.0,0.006014,1.258661,1.031233
2008-11-26,911.25,0.0,0.0,0.037575,1.258661,1.069982
2008-11-27,914.25,0.0,0.0,0.003292,1.258661,1.073504
2008-11-28,920.25,0.0,0.0,0.006563,1.258661,1.08055
2008-12-01,840.75,0.0,0.0,-0.08639,1.258661,0.987201
2008-12-02,874.0,0.0,0.0,0.039548,1.258661,1.026243
2008-12-03,893.5,0.0,0.0,0.022311,1.258661,1.04914
2008-12-04,872.5,0.0,0.0,-0.023503,1.258661,1.024482
2008-12-05,897.5,0.0,0.0,0.028653,1.258661,1.053837
2008-12-08,929.75,0.0,0.0,0.035933,1.258661,1.091704
2008-12-09,914.5,0.0,0.0,-0.016402,1.258661,1.073798
2008-12-10,920.75,0.0,0.0,0.006834,1.258661,1.081137
2008-12-11,899.5,0.0,0.0,-0.023079,1.258661,1.056185
2008-12-12,910.5,0.0,0.0,0.012229,1.258661,1.069101
2008-12-15,897.25,0.0,0.0,-0.014552,1.258661,1.053543
2008-12-16,937.75,0.0,0.0,0.045138,1.258661,1.101098
2008-12-17,928.0,0.0,0.0,-0.010397,1.258661,1.08965
2008-12-18,917.5,0.0,0.0,-0.011315,1.258661,1.07732
2008-12-19,906.25,0.0,0.0,-0.012262,1.258661,1.064111
2008-12-22,896.25,0.0,0.0,-0.011034,1.258661,1.052369
2008-12-23,883.5,0.0,0.0,-0.014226,1.258661,1.037398
2008-12-24,890.0,0.0,0.0,0.007357,1.258661,1.04503
2008-12-26,894.0,0.0,0.0,0.004494,1.258661,1.049727
2008-12-29,895.5,0.0,0.0,0.001678,1.258661,1.051488
2008-12-30,913.25,0.0,0.0,0.019821,1.258661,1.07233
2008-12-31,925.0,0.0,0.0,0.012866,1.258661,1.086127
2009-01-02,950.5,0.5,0.013284,0.027568,1.275381,1.116069
2009-01-05,952.5,0.5,0.001052,0.002104,1.276723,1.118417
2009-01-06,955.5,0.5,0.001575,0.00315,1.278733,1.12194
2009-01-07,930.25,0.5,-0.013213,-0.026426,1.261837,1.092291
2009-01-08,931.75,0.5,0.000806,0.001612,1.262855,1.094053
2009-01-09,910.5,0.5,-0.011403,-0.022807,1.248454,1.069101
2009-01-12,893.0,0.5,-0.00961,-0.01922,1.236456,1.048553
2009-01-13,893.5,0.5,0.00028,0.00056,1.236802,1.04914
2009-01-14,864.75,0.5,-0.016088,-0.032177,1.216904,1.015382
2009-01-15,864.25,0.5,-0.000289,-0.000578,1.216552,1.014795
2009-01-16,873.5,0.5,0.005351,0.010703,1.223063,1.025656
2009-01-19,865.0,0.5,-0.004865,-0.009731,1.217112,1.015675
2009-01-20,831.0,0.5,-0.019653,-0.039306,1.193192,0.975753
2009-01-21,861.75,0.5,0.018502,0.037004,1.215268,1.011859
2009-01-22,850.5,0.5,-0.006527,-0.013055,1.207335,0.99865
2009-01-23,848.5,0.5,-0.001176,-0.002352,1.205916,0.996301
2009-01-26,855.75,0.5,0.004272,0.008544,1.211068,1.004814
2009-01-27,864.25,0.5,0.004966,0.009933,1.217083,1.014795
2009-01-28,896.5,0.5,0.018658,0.037316,1.239791,1.052662
2009-01-29,867.75,0.5,-0.016035,-0.032069,1.219911,1.018904
2009-01-30,847.5,0.5,-0.011668,-0.023336,1.205677,0.995127
2009-02-02,846.25,0.0,-0.0005,-0.001475,1.205074,0.993659
2009-02-03,856.75,0.0,0.0,0.012408,1.205074,1.005988
2009-02-04,854.75,0.0,0.0,-0.002334,1.205074,1.00364
2009-02-05,865.5,0.0,0.0,0.012577,1.205074,1.016263
2009-02-06,892.75,0.0,0.0,0.031485,1.205074,1.048259
2009-02-09,890.0,0.0,0.0,-0.00308,1.205074,1.04503
2009-02-10,852.0,0.0,0.0,-0.042697,1.205074,1.000411
2009-02-11,856.5,0.0,0.0,0.005282,1.205074,1.005695
2009-02-12,860.5,0.0,0.0,0.00467,1.205074,1.010392
2009-02-13,845.0,0.0,0.0,-0.018013,1.205074,0.992192
2009-02-16,833.75,0.0,0.0,-0.013314,1.205074,0.978982
2009-02-17,810.5,0.0,0.0,-0.027886,1.205074,0.951682
2009-02-18,804.5,0.0,0.0,-0.007403,1.205074,0.944637
2009-02-19,804.5,0.0,0.0,0.0,1.205074,0.944637
2009-02-20,794.5,0.0,0.0,-0.01243,1.205074,0.932895
2009-02-23,770.0,0.0,0.0,-0.030837,1.205074,0.904127
2009-02-24,793.75,0.0,0.0,0.030844,1.205074,0.932014
2009-02-25,786.5,0.0,0.0,-0.009134,1.205074,0.923501
2009-02-26,777.0,0.0,0.0,-0.012079,1.205074,0.912347
2009-02-27,759.25,0.0,0.0,-0.022844,1.205074,0.891505
2009-03-02,730.5,0.0,0.0,-0.037866,1.205074,0.857747
2009-03-03,714.5,0.0,0.0,-0.021903,1.205074,0.83896
2009-03-04,733.5,0.0,0.0,0.026592,1.205074,0.861269
2009-03-05,711.0,0.0,0.0,-0.030675,1.205074,0.83485
2009-03-06,712.75,0.0,0.0,0.002461,1.205074,0.836905
2009-03-09,701.0,0.0,0.0,-0.016485,1.205074,0.823108
2009-03-10,741.0,0.0,0.0,0.057061,1.205074,0.870076
2009-03-11,745.5,0.0,0.0,0.006073,1.205074,0.87536
2009-03-12,776.5,0.0,0.0,0.041583,1.205074,0.91176
2009-03-13,782.75,0.0,0.0,0.008049,1.205074,0.919098
2009-03-16,782.25,0.0,0.0,-0.000639,1.205074,0.918511
2009-03-17,803.5,0.0,0.0,0.027165,1.205074,0.943463
2009-03-18,819.75,0.0,0.0,0.020224,1.205074,0.962543
2009-03-19,808.25,0.0,0.0,-0.014029,1.205074,0.94904
2009-03-20,792.25,0.0,0.0,-0.019796,1.205074,0.930253
2009-03-23,846.25,0.0,0.0,0.06816,1.205074,0.993659
2009-03-24,831.75,0.0,0.0,-0.017134,1.205074,0.976634
2009-03-25,836.5,0.0,0.0,0.005711,1.205074,0.982211
2009-03-26,855.5,0.0,0.0,0.022714,1.205074,1.004521
2009-03-27,844.25,0.0,0.0,-0.01315,1.205074,0.991311
2009-03-30,812.5,0.0,0.0,-0.037607,1.205074,0.95403
2009-03-31,818.75,0.0,0.0,0.007692,1.205074,0.961369
2009-04-01,837.5,0.0,0.0,0.022901,1.205074,0.983385
2009-04-02,863.75,0.0,0.0,0.031343,1.205074,1.014208
2009-04-03,868.75,0.0,0.0,0.005789,1.205074,1.020079
2009-04-06,858.75,0.0,0.0,-0.011511,1.205074,1.008337
2009-04-07,842.25,0.0,0.0,-0.019214,1.205074,0.988963
2009-04-08,850.75,0.0,0.0,0.010092,1.205074,0.998943
2009-04-09,880.75,0.0,0.0,0.035263,1.205074,1.034169
2009-04-13,882.25,0.0,0.0,0.001703,1.205074,1.03593
2009-04-14,868.5,0.0,0.0,-0.015585,1.205074,1.019785
2009-04-15,876.75,0.0,0.0,0.009499,1.205074,1.029472
2009-04-16,889.75,0.0,0.0,0.014827,1.205074,1.044737
2009-04-17,895.0,0.0,0.0,0.005901,1.205074,1.050901
2009-04-20,861.25,0.0,0.0,-0.037709,1.205074,1.011272
2009-04-21,876.0,0.0,0.0,0.017126,1.205074,1.028592
2009-04-22,865.25,0.0,0.0,-0.012272,1.205074,1.015969
2009-04-23,877.0,0.0,0.0,0.01358,1.205074,1.029766
2009-04-24,894.75,0.0,0.0,0.020239,1.205074,1.050608
2009-04-27,885.0,0.0,0.0,-0.010897,1.205074,1.039159
2009-04-28,880.0,0.0,0.0,-0.00565,1.205074,1.033288
2009-04-29,897.25,0.0,0.0,0.019602,1.205074,1.053543
2009-04-30,898.25,0.0,0.0,0.001115,1.205074,1.054717
2009-05-01,904.25,0.5,0.00284,0.00668,1.208496,1.061762
2009-05-04,931.0,0.5,0.014791,0.029583,1.226372,1.093172
2009-05-05,931.75,0.5,0.000403,0.000806,1.226866,1.094053
2009-05-06,945.5,0.5,0.007379,0.014757,1.235918,1.110198
2009-05-07,935.25,0.5,-0.00542,-0.010841,1.229219,1.098162
2009-05-08,953.0,0.5,0.009489,0.018979,1.240884,1.119004
2009-05-11,937.25,0.5,-0.008263,-0.016527,1.23063,1.100511
2009-05-12,935.0,0.5,-0.0012,-0.002401,1.229152,1.097869
2009-05-13,913.5,0.5,-0.011497,-0.022995,1.215021,1.072624
2009-05-14,917.75,0.5,0.002326,0.004652,1.217847,1.077614
2009-05-15,911.25,0.5,-0.003541,-0.007083,1.213534,1.069982
2009-05-18,935.25,0.5,0.013169,0.026337,1.229515,1.098162
2009-05-19,934.75,0.5,-0.000267,-0.000535,1.229186,1.097575
2009-05-20,928.25,0.5,-0.003477,-0.006954,1.224913,1.089943
2009-05-21,917.0,0.5,-0.00606,-0.01212,1.21749,1.076733
2009-05-22,913.25,0.5,-0.002045,-0.004089,1.215,1.07233
2009-05-25,918.5,0.5,0.002874,0.005749,1.218493,1.078495
2009-05-26,937.0,0.5,0.010071,0.020142,1.230764,1.100217
2009-05-27,920.75,0.5,-0.008671,-0.017343,1.220092,1.081137
2009-05-28,933.25,0.5,0.006788,0.013576,1.228373,1.095814
2009-05-29,946.25,0.5,0.006965,0.01393,1.236929,1.111078
2009-06-01,967.25,1.0,0.021693,0.022193,1.263762,1.135737
2009-06-02,970.75,1.0,0.003619,0.003619,1.268334,1.139846
2009-06-03,960.0,1.0,-0.011074,-0.011074,1.254289,1.127224
2009-06-04,968.75,1.0,0.009115,0.009115,1.265721,1.137498
2009-06-05,968.75,1.0,0.0,0.0,1.265721,1.137498
2009-06-08,967.0,1.0,-0.001806,-0.001806,1.263435,1.135443
2009-06-09,967.75,1.0,0.000776,0.000776,1.264415,1.136324
2009-06-10,968.75,1.0,0.001033,0.001033,1.265721,1.137498
2009-06-11,970.25,1.0,0.001548,0.001548,1.267681,1.139259
2009-06-12,972.75,1.0,0.002577,0.002577,1.270948,1.142195
2009-06-15,951.5,1.0,-0.021845,-0.021845,1.243183,1.117243
2009-06-16,939.75,1.0,-0.012349,-0.012349,1.227831,1.103446
2009-06-17,937.25,1.0,-0.00266,-0.00266,1.224565,1.100511
2009-06-18,945.25,1.0,0.008536,0.008536,1.235017,1.109904
2009-06-19,947.75,1.0,0.002645,0.002645,1.238284,1.11284
2009-06-22,920.5,1.0,-0.028752,-0.028752,1.20268,1.080843
2009-06-23,922.25,1.0,0.001901,0.001901,1.204967,1.082898
2009-06-24,930.0,1.0,0.008403,0.008403,1.215093,1.091998
2009-06-25,948.5,1.0,0.019892,0.019892,1.239264,1.11372
2009-06-26,946.0,1.0,-0.002636,-0.002636,1.235997,1.110785
2009-06-29,953.25,1.0,0.007664,0.007664,1.24547,1.119298
2009-06-30,947.5,1.0,-0.006032,-0.006032,1.237957,1.112546
2009-07-01,951.25,0.5,0.001479,0.003958,1.239788,1.116949
2009-07-02,925.5,0.5,-0.013535,-0.02707,1.223008,1.086714
2009-07-03,925.5,0.5,0.0,0.0,1.223008,1.086714
2009-07-06,927.5,0.5,0.00108,0.002161,1.224329,1.089062
2009-07-07,911.25,0.5,-0.00876,-0.01752,1.213604,1.069982
2009-07-08,905.75,0.5,-0.003018,-0.006036,1.209941,1.063524
2009-07-09,911.0,0.5,0.002898,0.005796,1.213448,1.069688
2009-07-10,906.25,0.5,-0.002607,-0.005214,1.210285,1.064111
2009-07-13,927.5,0.5,0.011724,0.023448,1.224474,1.089062
2009-07-14,933.5,0.5,0.003235,0.006469,1.228435,1.096108
2009-07-15,959.25,0.5,0.013792,0.027584,1.245377,1.126343
2009-07-16,967.75,0.5,0.004431,0.008861,1.250895,1.136324
2009-07-17,969.0,0.5,0.000646,0.001292,1.251703,1.137791
2009-07-20,981.0,0.5,0.006192,0.012384,1.259453,1.151882
2009-07-21,985.5,0.5,0.002294,0.004587,1.262342,1.157166
2009-07-22,981.5,0.5,-0.002029,-0.004059,1.25978,1.152469
2009-07-23,1001.0,0.5,0.009934,0.019868,1.272295,1.175365
2009-07-24,1009.75,0.5,0.004371,0.008741,1.277855,1.18564
2009-07-27,1012.0,0.5,0.001114,0.002228,1.279279,1.188282
2009-07-28,1008.0,0.5,-0.001976,-0.003953,1.276751,1.183585
2009-07-29,1007.0,0.5,-0.000496,-0.000992,1.276118,1.182411
2009-07-30,1014.25,0.5,0.0036,0.0072,1.280711,1.190924
2009-07-31,1016.5,0.5,0.001109,0.002218,1.282132,1.193565
2009-08-03,1032.75,1.0,0.015486,0.015986,1.301987,1.212646
2009-08-04,1036.75,1.0,0.003873,0.003873,1.30703,1.217343
2009-08-05,1032.75,1.0,-0.003858,-0.003858,1.301987,1.212646
2009-08-06,1027.0,1.0,-0.005568,-0.005568,1.294738,1.205894
2009-08-07,1038.5,1.0,0.011198,0.011198,1.309236,1.219398
2009-08-10,1039.5,1.0,0.000963,0.000963,1.310497,1.220572
2009-08-11,1025.0,1.0,-0.013949,-0.013949,1.292217,1.203546
2009-08-12,1034.25,1.0,0.009024,0.009024,1.303878,1.214407
2009-08-13,1045.5,1.0,0.010877,0.010877,1.318061,1.227617
2009-08-14,1037.75,1.0,-0.007413,-0.007413,1.308291,1.218517
2009-08-17,1010.25,1.0,-0.0265,-0.0265,1.273622,1.186227
2009-08-18,1021.5,1.0,0.011136,0.011136,1.287804,1.199436
2009-08-19,1029.0,1.0,0.007342,0.007342,1.29726,1.208243
2009-08-20,1036.75,1.0,0.007532,0.007532,1.30703,1.217343
2009-08-21,1057.5,1.0,0.020014,0.020014,1.33319,1.241707
2009-08-24,1056.5,1.0,-0.000946,-0.000946,1.331929,1.240533
2009-08-25,1058.0,1.0,0.00142,0.00142,1.33382,1.242294
2009-08-26,1058.75,1.0,0.000709,0.000709,1.334765,1.243175
2009-08-27,1061.25,1.0,0.002361,0.002361,1.337917,1.24611
2009-08-28,1059.5,1.0,-0.001649,-0.001649,1.335711,1.244056
2009-08-31,1052.75,1.0,-0.006371,-0.006371,1.327201,1.23613
2009-09-01,1028.5,1.0,-0.023035,-0.023035,1.296629,1.207656
2009-09-02,1026.25,1.0,-0.002188,-0.002188,1.293793,1.205014
2009-09-03,1033.75,1.0,0.007308,0.007308,1.303248,1.21382
2009-09-04,1046.0,1.0,0.01185,0.01185,1.318692,1.228204
2009-09-07,1053.75,1.0,0.007409,0.007409,1.328462,1.237304
2009-09-08,1057.0,1.0,0.003084,0.003084,1.332559,1.24112
2009-09-09,1064.5,1.0,0.007096,0.007096,1.342014,1.249927
2009-09-10,1073.75,1.0,0.00869,0.00869,1.353676,1.260788
2009-09-11,1073.5,1.0,-0.000233,-0.000233,1.353361,1.260494
2009-09-14,1079.75,1.0,0.005822,0.005822,1.36124,1.267833
2009-09-15,1082.25,1.0,0.002315,0.002315,1.364392,1.270769
2009-09-16,1099.75,1.0,0.01617,0.01617,1.386454,1.291317
2009-09-17,1099.0,1.0,-0.000682,-0.000682,1.385509,1.290436
2009-09-18,1097.25,1.0,-0.001592,-0.001592,1.383302,1.288381
2009-09-21,1096.75,1.0,-0.000456,-0.000456,1.382672,1.287794
2009-09-22,1103.5,1.0,0.006155,0.006155,1.391182,1.29572
2009-09-23,1095.25,1.0,-0.007476,-0.007476,1.380781,1.286033
2009-09-24,1080.5,1.0,-0.013467,-0.013467,1.362186,1.268714
2009-09-25,1077.25,1.0,-0.003008,-0.003008,1.358088,1.264898
2009-09-28,1095.25,1.0,0.016709,0.016709,1.380781,1.286033
2009-09-29,1091.0,1.0,-0.00388,-0.00388,1.375423,1.281043
2009-09-30,1089.25,1.0,-0.001604,-0.001604,1.373217,1.278988
2009-10-01,1063.75,1.0,-0.023411,-0.023411,1.341069,1.249046
2009-10-02,1058.0,1.0,-0.005405,-0.005405,1.33382,1.242294
2009-10-05,1072.75,1.0,0.013941,0.013941,1.352415,1.259614
2009-10-06,1084.75,1.0,0.011186,0.011186,1.367544,1.273704
2009-10-07,1089.75,1.0,0.004609,0.004609,1.373847,1.279575
2009-10-08,1100.0,1.0,0.009406,0.009406,1.386769,1.29161
2009-10-09,1104.25,1.0,0.003864,0.003864,1.392127,1.296601
2009-10-12,1107.75,1.0,0.00317,0.00317,1.39654,1.30071
2009-10-13,1105.0,1.0,-0.002483,-0.002483,1.393073,1.297481
2009-10-14,1124.0,1.0,0.017195,0.017195,1.417026,1.319791
2009-10-15,1126.0,1.0,0.001779,0.001779,1.419547,1.322139
2009-10-16,1118.25,1.0,-0.006883,-0.006883,1.409777,1.313039
2009-10-19,1127.25,1.0,0.008048,0.008048,1.421123,1.323607
2009-10-20,1125.75,1.0,-0.001331,-0.001331,1.419232,1.321846
2009-10-21,1114.25,1.0,-0.010215,-0.010215,1.404734,1.308343
2009-10-22,1127.0,1.0,0.011443,0.011443,1.420808,1.323314
2009-10-23,1113.25,1.0,-0.012201,-0.012201,1.403474,1.307168
2009-10-26,1102.5,1.0,-0.009656,-0.009656,1.389921,1.294546
2009-10-27,1096.75,1.0,-0.005215,-0.005215,1.382672,1.287794
2009-10-28,1074.75,1.0,-0.020059,-0.020059,1.354937,1.261962
2009-10-29,1097.75,1.0,0.0214,0.0214,1.383933,1.288968
2009-10-30,1069.25,1.0,-0.025962,-0.025962,1.348003,1.255504
2009-11-02,1075.25,0.5,0.002306,0.005611,1.351111,1.262549
2009-11-03,1078.0,0.5,0.001279,0.002558,1.352839,1.265778
2009-11-04,1083.25,0.5,0.002435,0.00487,1.356133,1.271943
2009-11-05,1099.5,0.5,0.007501,0.015001,1.366305,1.291023
2009-11-06,1102.5,0.5,0.001364,0.002729,1.368169,1.294546
2009-11-09,1128.0,0.5,0.011565,0.023129,1.383991,1.324488
2009-11-10,1128.25,0.5,0.000111,0.000222,1.384144,1.324781
2009-11-11,1132.5,0.5,0.001883,0.003767,1.386751,1.329772
2009-11-12,1123.5,0.5,-0.003974,-0.007947,1.381241,1.319204
2009-11-13,1127.75,0.5,0.001891,0.003783,1.383854,1.324194
2009-11-16,1142.5,0.5,0.00654,0.013079,1.392903,1.341514
2009-11-17,1143.75,0.5,0.000547,0.001094,1.393665,1.342981
2009-11-18,1144.75,0.5,0.000437,0.000874,1.394275,1.344155
2009-11-19,1130.5,0.5,-0.006224,-0.012448,1.385597,1.327423
2009-11-20,1126.25,0.5,-0.00188,-0.003759,1.382992,1.322433
2009-11-23,1140.0,0.5,0.006104,0.012209,1.391434,1.338578
2009-11-24,1139.25,0.5,-0.000329,-0.000658,1.390977,1.337697
2009-11-25,1145.25,0.5,0.002633,0.005267,1.394639,1.344743
2009-11-26,1121.0,0.5,-0.010587,-0.021174,1.379874,1.316268
2009-11-27,1125.75,0.5,0.002119,0.004237,1.382798,1.321846
2009-11-30,1131.0,0.5,0.002332,0.004664,1.386022,1.32801
2009-12-01,1144.75,1.0,0.011657,0.012157,1.402179,1.344155
2009-12-02,1144.25,1.0,-0.000437,-0.000437,1.401567,1.343568
2009-12-03,1134.25,1.0,-0.008739,-0.008739,1.389318,1.331826
2009-12-04,1144.25,1.0,0.008816,0.008816,1.401567,1.343568
2009-12-07,1140.0,1.0,-0.003714,-0.003714,1.396361,1.338578
2009-12-08,1126.25,1.0,-0.012061,-0.012061,1.379519,1.322433
2009-12-09,1131.75,1.0,0.004883,0.004883,1.386256,1.328891
2009-12-10,1138.25,1.0,0.005743,0.005743,1.394218,1.336523
2009-12-11,1144.25,1.0,0.005271,0.005271,1.401567,1.343568
2009-12-14,1149.5,1.0,0.004588,0.004588,1.407998,1.349733
2009-12-15,1145.0,1.0,-0.003915,-0.003915,1.402486,1.344449
2009-12-16,1146.75,1.0,0.001528,0.001528,1.404629,1.346504
2009-12-17,1135.25,1.0,-0.010028,-0.010028,1.390543,1.333001
2009-12-18,1138.75,1.0,0.003083,0.003083,1.39483,1.33711
2009-12-21,1149.25,1.0,0.009221,0.009221,1.407691,1.349439
2009-12-22,1154.5,1.0,0.004568,0.004568,1.414122,1.355604
2009-12-23,1156.5,1.0,0.001732,0.001732,1.416572,1.357952
2009-12-24,1163.0,1.0,0.00562,0.00562,1.424533,1.365584
2009-12-28,1164.0,1.0,0.00086,0.00086,1.425758,1.366759
2009-12-29,1162.75,1.0,-0.001074,-0.001074,1.424227,1.365291
2009-12-30,1163.0,1.0,0.000215,0.000215,1.424533,1.365584
2009-12-31,1151.75,1.0,-0.009673,-0.009673,1.410753,1.352375
2010-01-04,1169.75,1.0,0.015628,0.015628,1.432801,1.37351
2010-01-05,1173.25,1.0,0.002992,0.002992,1.437088,1.37762
2010-01-06,1174.0,1.0,0.000639,0.000639,1.438007,1.378501
2010-01-07,1178.5,1.0,0.003833,0.003833,1.443519,1.383784
2010-01-08,1182.5,1.0,0.003394,0.003394,1.448419,1.388481
2010-01-11,1183.5,1.0,0.000846,0.000846,1.449643,1.389655
2010-01-12,1175.0,1.0,-0.007182,-0.007182,1.439232,1.379675
2010-01-13,1182.25,1.0,0.00617,0.00617,1.448112,1.388188
2010-01-14,1186.25,1.0,0.003383,0.003383,1.453012,1.392884
2010-01-15,1173.25,1.0,-0.010959,-0.010959,1.437088,1.37762
2010-01-18,1177.75,1.0,0.003835,0.003835,1.4426,1.382904
2010-01-19,1186.75,1.0,0.007642,0.007642,1.453624,1.393471
2010-01-20,1175.25,1.0,-0.00969,-0.00969,1.439538,1.379968
2010-01-21,1151.5,1.0,-0.020208,-0.020208,1.410447,1.352081
2010-01-22,1132.0,1.0,-0.016934,-0.016934,1.386562,1.329185
2010-01-25,1133.5,1.0,0.001325,0.001325,1.388399,1.330946
2010-01-26,1128.0,1.0,-0.004852,-0.004852,1.381663,1.324488
2010-01-27,1135.75,1.0,0.006871,0.006871,1.391155,1.333588
2010-01-28,1120.25,1.0,-0.013647,-0.013647,1.37217,1.315388
2010-01-29,1111.5,1.0,-0.007811,-0.007811,1.361452,1.305114
2010-02-01,1127.5,0.5,0.006697,0.014395,1.37057,1.323901
2010-02-02,1138.25,0.5,0.004767,0.009534,1.377104,1.336523
2010-02-03,1137.5,0.5,-0.000329,-0.000659,1.376651,1.335643
2010-02-04,1102.75,0.5,-0.015275,-0.030549,1.355623,1.294839
2010-02-05,1100.75,0.5,-0.000907,-0.001814,1.354393,1.292491
2010-02-08,1097.0,0.5,-0.001703,-0.003407,1.352086,1.288088
2010-02-09,1107.25,0.5,0.004672,0.009344,1.358403,1.300123
2010-02-10,1104.25,0.5,-0.001355,-0.002709,1.356563,1.296601
2010-02-11,1117.5,0.5,0.006,0.011999,1.364701,1.312159
2010-02-12,1120.0,0.5,0.001119,0.002237,1.366228,1.315094
2010-02-15,1116.5,0.5,-0.001563,-0.003125,1.364093,1.310985
2010-02-16,1134.25,0.5,0.007949,0.015898,1.374936,1.331826
2010-02-17,1140.5,0.5,0.002755,0.00551,1.378724,1.339165
2010-02-18,1146.5,0.5,0.00263,0.005261,1.382351,1.34621
2010-02-19,1147.25,0.5,0.000327,0.000654,1.382803,1.347091
2010-02-22,1148.5,0.5,0.000545,0.00109,1.383557,1.348559
2010-02-23,1138.25,0.5,-0.004462,-0.008925,1.377383,1.336523
2010-02-24,1144.5,0.5,0.002745,0.005491,1.381164,1.343862
2010-02-25,1143.25,0.5,-0.000546,-0.001092,1.38041,1.342394
2010-02-26,1144.5,0.5,0.000547,0.001093,1.381165,1.343862
2010-03-01,1155.5,1.0,0.009111,0.009611,1.393749,1.356778
2010-03-02,1158.5,1.0,0.002596,0.002596,1.397367,1.360301
2010-03-03,1159.5,1.0,0.000863,0.000863,1.398573,1.361475
2010-03-04,1163.25,1.0,0.003234,0.003234,1.403097,1.365878
2010-03-05,1177.5,1.0,0.01225,0.01225,1.420285,1.38261
2010-03-08,1178.0,1.0,0.000425,0.000425,1.420888,1.383197
2010-03-09,1181.5,1.0,0.002971,0.002971,1.425109,1.387307
2010-03-10,1186.75,1.0,0.004444,0.004444,1.431442,1.393471
2010-03-11,1191.5,1.0,0.004003,0.004003,1.437171,1.399049
2010-03-12,1192.0,1.0,0.00042,0.00042,1.437774,1.399636
2010-03-15,1191.25,1.0,-0.000629,-0.000629,1.43687,1.398755
2010-03-16,1200.25,1.0,0.007555,0.007555,1.447725,1.409323
2010-03-17,1206.5,1.0,0.005207,0.005207,1.455264,1.416662
2010-03-18,1206.75,1.0,0.000207,0.000207,1.455566,1.416955
2010-03-19,1201.75,1.0,-0.004143,-0.004143,1.449535,1.411084
2010-03-22,1207.5,1.0,0.004785,0.004785,1.45647,1.417836
2010-03-23,1215.0,1.0,0.006211,0.006211,1.465517,1.426642
2010-03-24,1210.0,1.0,-0.004115,-0.004115,1.459486,1.420771
2010-03-25,1208.25,1.0,-0.001446,-0.001446,1.457375,1.418717
2010-03-26,1209.0,1.0,0.000621,0.000621,1.45828,1.419597
2010-03-29,1214.25,1.0,0.004342,0.004342,1.464612,1.425762
2010-03-30,1215.0,1.0,0.000618,0.000618,1.465517,1.426642
2010-03-31,1210.75,1.0,-0.003498,-0.003498,1.46039,1.421652
2010-04-01,1219.25,1.0,0.00702,0.00702,1.470643,1.431633
2010-04-02,1219.25,1.0,0.0,0.0,1.470643,1.431633
2010-04-05,1228.5,1.0,0.007587,0.007587,1.4818,1.442494
2010-04-06,1231.25,1.0,0.002239,0.002239,1.485117,1.445723
2010-04-07,1224.5,1.0,-0.005482,-0.005482,1.476976,1.437797
2010-04-08,1229.25,1.0,0.003879,0.003879,1.482705,1.443375
2010-04-09,1238.0,1.0,0.007118,0.007118,1.493259,1.453649
2010-04-12,1238.0,1.0,0.0,0.0,1.493259,1.453649
2010-04-13,1238.5,1.0,0.000404,0.000404,1.493862,1.454236
2010-04-14,1252.0,1.0,0.0109,0.0109,1.510146,1.470087
2010-04-15,1254.0,1.0,0.001597,0.001597,1.512558,1.472436
2010-04-16,1235.75,1.0,-0.014553,-0.014553,1.490545,1.451007
2010-04-19,1241.0,1.0,0.004248,0.004248,1.496878,1.457171
2010-04-20,1251.0,1.0,0.008058,0.008058,1.508939,1.468913
2010-04-21,1246.0,1.0,-0.003997,-0.003997,1.502909,1.463042
2010-04-22,1247.25,1.0,0.001003,0.001003,1.504416,1.46451
2010-04-23,1257.75,1.0,0.008419,0.008419,1.517081,1.476839
2010-04-26,1253.75,1.0,-0.00318,-0.00318,1.512256,1.472142
2010-04-27,1226.5,1.0,-0.021735,-0.021735,1.479388,1.440146
2010-04-28,1235.5,1.0,0.007338,0.007338,1.490244,1.450713
2010-04-29,1250.75,1.0,0.012343,0.012343,1.508638,1.46862
2010-04-30,1229.0,1.0,-0.01739,-0.01739,1.482403,1.443081
2010-05-03,1244.0,1.0,0.012205,0.012205,1.500496,1.460694
2010-05-04,1218.0,1.0,-0.0209,-0.0209,1.469135,1.430165
2010-05-05,1209.5,1.0,-0.006979,-0.006979,1.458883,1.420184
2010-05-06,1168.0,1.0,-0.034312,-0.034312,1.408826,1.371455
2010-05-07,1152.5,1.0,-0.013271,-0.013271,1.39013,1.353255
2010-05-10,1202.0,1.0,0.04295,0.04295,1.449836,1.411378
2010-05-11,1197.75,1.0,-0.003536,-0.003536,1.44471,1.406388
2010-05-12,1215.25,1.0,0.014611,0.014611,1.465818,1.426936
2010-05-13,1202.25,1.0,-0.010697,-0.010697,1.450138,1.411671
2010-05-14,1180.75,1.0,-0.017883,-0.017883,1.424205,1.386426
2010-05-17,1180.0,1.0,-0.000635,-0.000635,1.4233,1.385546
2010-05-18,1164.25,1.0,-0.013347,-0.013347,1.404303,1.367052
2010-05-19,1155.5,1.0,-0.007516,-0.007516,1.393749,1.356778
2010-05-20,1115.5,1.0,-0.034617,-0.034617,1.345501,1.30981
2010-05-21,1130.0,1.0,0.012999,0.012999,1.362991,1.326836
2010-05-24,1116.5,1.0,-0.011947,-0.011947,1.346707,1.310985
2010-05-25,1118.5,1.0,0.001791,0.001791,1.34912,1.313333
2010-05-26,1106.75,1.0,-0.010505,-0.010505,1.334947,1.299536
2010-05-27,1146.5,1.0,0.035916,0.035916,1.382893,1.34621
2010-05-28,1134.0,1.0,-0.010903,-0.010903,1.367816,1.331533
2010-05-31,1136.25,1.0,0.001984,0.001984,1.37053,1.334175
2010-06-01,1115.0,0.0,-0.001,-0.018702,1.369159,1.309223
2010-06-02,1142.25,0.0,0.0,0.024439,1.369159,1.34122
2010-06-03,1149.0,0.0,0.0,0.005909,1.369159,1.349146
2010-06-04,1111.5,0.0,0.0,-0.032637,1.369159,1.305114
2010-06-07,1093.5,0.0,0.0,-0.016194,1.369159,1.283978
2010-06-08,1104.75,0.0,0.0,0.010288,1.369159,1.297188
2010-06-09,1101.0,0.0,0.0,-0.003394,1.369159,1.292785
2010-06-10,1129.25,0.0,0.0,0.025658,1.369159,1.325955
2010-06-11,1134.75,0.0,0.0,0.00487,1.369159,1.332414
2010-06-14,1136.0,0.0,0.0,0.001102,1.369159,1.333881
2010-06-15,1159.0,0.0,0.0,0.020246,1.369159,1.360888
2010-06-16,1159.25,0.0,0.0,0.000216,1.369159,1.361181
2010-06-17,1161.5,0.0,0.0,0.001941,1.369159,1.363823
2010-06-18,1160.0,0.0,0.0,-0.001291,1.369159,1.362062
2010-06-21,1160.25,0.0,0.0,0.000216,1.369159,1.362355
2010-06-22,1140.25,0.0,0.0,-0.017238,1.369159,1.338872
2010-06-23,1137.25,0.0,0.0,-0.002631,1.369159,1.335349
2010-06-24,1120.25,0.0,0.0,-0.014948,1.369159,1.315388
2010-06-25,1124.5,0.0,0.0,0.003794,1.369159,1.320378
2010-06-28,1120.75,0.0,0.0,-0.003335,1.369159,1.315975
2010-06-29,1085.0,0.0,0.0,-0.031898,1.369159,1.273998
2010-06-30,1076.25,0.0,0.0,-0.008065,1.369159,1.263723
2010-07-01,1071.5,0.0,0.0,-0.004413,1.369159,1.258146
2010-07-02,1064.0,0.0,0.0,-0.007,1.369159,1.24934
2010-07-05,1061.75,0.0,0.0,-0.002115,1.369159,1.246698
2010-07-06,1074.0,0.0,0.0,0.011538,1.369159,1.261081
2010-07-07,1109.0,0.0,0.0,0.032588,1.369159,1.302178
2010-07-08,1116.75,0.0,0.0,0.006988,1.369159,1.311278
2010-07-09,1122.25,0.0,0.0,0.004925,1.369159,1.317736
2010-07-12,1126.25,0.0,0.0,0.003564,1.369159,1.322433
2010-07-13,1139.5,0.0,0.0,0.011765,1.369159,1.337991
2010-07-14,1140.75,0.0,0.0,0.001097,1.369159,1.339459
2010-07-15,1140.25,0.0,0.0,-0.000438,1.369159,1.338872
2010-07-16,1112.75,0.0,0.0,-0.024118,1.369159,1.306581
2010-07-19,1113.5,0.0,0.0,0.000674,1.369159,1.307462
2010-07-20,1129.75,0.0,0.0,0.014594,1.369159,1.326543
2010-07-21,1113.75,0.0,0.0,-0.014162,1.369159,1.307756
2010-07-22,1137.5,0.0,0.0,0.021324,1.369159,1.335643
2010-07-23,1150.25,0.0,0.0,0.011209,1.369159,1.350614
2010-07-26,1159.25,0.0,0.0,0.007824,1.369159,1.361181
2010-07-27,1160.75,0.0,0.0,0.001294,1.369159,1.362943
2010-07-28,1151.75,0.0,0.0,-0.007754,1.369159,1.352375
2010-07-29,1146.75,0.0,0.0,-0.004341,1.369159,1.346504
2010-07-30,1148.0,0.0,0.0,0.00109,1.369159,1.347972
2010-08-02,1171.5,1.0,0.01947,0.02047,1.395817,1.375565
2010-08-03,1168.0,1.0,-0.002988,-0.002988,1.391647,1.371455
2010-08-04,1174.25,1.0,0.005351,0.005351,1.399094,1.378794
2010-08-05,1173.25,1.0,-0.000852,-0.000852,1.397902,1.37762
2010-08-06,1169.25,1.0,-0.003409,-0.003409,1.393136,1.372923
2010-08-09,1175.25,1.0,0.005131,0.005131,1.400285,1.379968
2010-08-10,1169.5,1.0,-0.004893,-0.004893,1.393434,1.373217
2010-08-11,1134.75,1.0,-0.029714,-0.029714,1.35203,1.332414
2010-08-12,1129.0,1.0,-0.005067,-0.005067,1.345179,1.325662
2010-08-13,1125.75,1.0,-0.002879,-0.002879,1.341307,1.321846
2010-08-16,1127.0,1.0,0.00111,0.00111,1.342796,1.323314
2010-08-17,1138.75,1.0,0.010426,0.010426,1.356796,1.33711
2010-08-18,1136.5,1.0,-0.001976,-0.001976,1.354115,1.334468
2010-08-19,1120.5,1.0,-0.014078,-0.014078,1.335052,1.315681
2010-08-20,1120.0,1.0,-0.000446,-0.000446,1.334456,1.315094
2010-08-23,1115.25,1.0,-0.004241,-0.004241,1.328796,1.309517
2010-08-24,1099.5,1.0,-0.014122,-0.014122,1.310031,1.291023
2010-08-25,1104.25,1.0,0.00432,0.00432,1.31569,1.296601
2010-08-26,1094.5,1.0,-0.00883,-0.00883,1.304073,1.285152
2010-08-27,1113.5,1.0,0.01736,0.01736,1.326711,1.307462
2010-08-30,1094.75,1.0,-0.016839,-0.016839,1.304371,1.285446
2010-08-31,1098.0,1.0,0.002969,0.002969,1.308243,1.289262
2010-09-01,1131.5,0.5,0.014755,0.03051,1.327547,1.328597
2010-09-02,1139.25,0.5,0.003425,0.006849,1.332093,1.337697
2010-09-03,1153.25,0.5,0.006144,0.012289,1.340278,1.354136
2010-09-06,1154.25,0.5,0.000434,0.000867,1.340859,1.35531
2010-09-07,1141.0,0.5,-0.00574,-0.011479,1.333163,1.339752
2010-09-08,1149.0,0.5,0.003506,0.007011,1.337837,1.349146
2010-09-09,1152.25,0.5,0.001414,0.002829,1.339729,1.352962
2010-09-10,1159.5,0.5,0.003146,0.006292,1.343943,1.361475
2010-09-13,1171.0,0.5,0.004959,0.009918,1.350608,1.374978
2010-09-14,1170.5,0.5,-0.000213,-0.000427,1.35032,1.374391
2010-09-15,1175.5,0.5,0.002136,0.004272,1.353204,1.380262
2010-09-16,1177.25,0.5,0.000744,0.001489,1.354211,1.382317
2010-09-17,1174.5,0.5,-0.001168,-0.002336,1.352629,1.379088
2010-09-20,1191.25,0.5,0.007131,0.014261,1.362275,1.398755
2010-09-21,1189.5,0.5,-0.000735,-0.001469,1.361274,1.396701
2010-09-22,1184.5,0.5,-0.002102,-0.004203,1.358413,1.39083
2010-09-23,1175.25,0.5,-0.003905,-0.007809,1.353109,1.379968
2010-09-24,1198.0,0.5,0.009679,0.019358,1.366205,1.406681
2010-09-27,1192.5,0.5,-0.002295,-0.004591,1.363069,1.400223
2010-09-28,1196.5,0.5,0.001677,0.003354,1.365355,1.40492
2010-09-29,1195.75,0.5,-0.000313,-0.000627,1.364927,1.404039
2010-09-30,1191.5,0.5,-0.001777,-0.003554,1.362502,1.399049
2010-10-01,1197.0,1.0,0.004116,0.004616,1.36811,1.405507
2010-10-04,1189.5,1.0,-0.006266,-0.006266,1.359538,1.396701
2010-10-05,1209.5,1.0,0.016814,0.016814,1.382397,1.420184
2010-10-06,1210.5,1.0,0.000827,0.000827,1.38354,1.421359
2010-10-07,1211.25,1.0,0.00062,0.00062,1.384397,1.422239
2010-10-08,1215.25,1.0,0.003302,0.003302,1.388969,1.426936
2010-10-11,1217.0,1.0,0.00144,0.00144,1.390969,1.428991
2010-10-12,1219.25,1.0,0.001849,0.001849,1.39354,1.431633
2010-10-13,1229.0,1.0,0.007997,0.007997,1.404684,1.443081
2010-10-14,1228.25,1.0,-0.00061,-0.00061,1.403827,1.4422
2010-10-15,1229.75,1.0,0.001221,0.001221,1.405541,1.443962
2010-10-18,1233.0,1.0,0.002643,0.002643,1.409256,1.447778
2010-10-19,1218.5,1.0,-0.01176,-0.01176,1.392683,1.430752
2010-10-20,1229.5,1.0,0.009027,0.009027,1.405256,1.443668
2010-10-21,1230.5,1.0,0.000813,0.000813,1.406399,1.444842
2010-10-22,1235.5,1.0,0.004063,0.004063,1.412113,1.450713
2010-10-25,1237.5,1.0,0.001619,0.001619,1.414399,1.453062
2010-10-26,1237.5,1.0,0.0,0.0,1.414399,1.453062
2010-10-27,1233.5,1.0,-0.003232,-0.003232,1.409827,1.448365
2010-10-28,1234.0,1.0,0.000405,0.000405,1.410399,1.448952
2010-10-29,1235.25,1.0,0.001013,0.001013,1.411828,1.45042
2010-11-01,1237.75,1.0,0.002024,0.002024,1.414685,1.453355
2010-11-02,1247.5,1.0,0.007877,0.007877,1.425829,1.464804
2010-11-03,1252.0,1.0,0.003607,0.003607,1.430972,1.470087
2010-11-04,1273.25,1.0,0.016973,0.016973,1.45526,1.495039
2010-11-05,1276.75,1.0,0.002749,0.002749,1.45926,1.499149
2010-11-08,1274.75,1.0,-0.001566,-0.001566,1.456974,1.4968
2010-11-09,1265.75,1.0,-0.00706,-0.00706,1.446688,1.486233
2010-11-10,1268.75,1.0,0.00237,0.00237,1.450116,1.489755
2010-11-11,1265.75,1.0,-0.002365,-0.002365,1.446688,1.486233
2010-11-12,1250.25,1.0,-0.012246,-0.012246,1.428972,1.468033
2010-11-15,1250.5,1.0,0.0002,0.0002,1.429258,1.468326
2010-11-16,1229.5,1.0,-0.016793,-0.016793,1.405256,1.443668
2010-11-17,1232.25,1.0,0.002237,0.002237,1.408399,1.446897
2010-11-18,1252.5,1.0,0.016433,0.016433,1.431543,1.470675
2010-11-19,1253.0,1.0,0.000399,0.000399,1.432115,1.471262
2010-11-22,1252.75,1.0,-0.0002,-0.0002,1.431829,1.470968
2010-11-23,1233.0,1.0,-0.015765,-0.015765,1.409256,1.447778
2010-11-24,1251.25,1.0,0.014801,0.014801,1.430115,1.469207
2010-11-25,1254.75,1.0,0.002797,0.002797,1.434115,1.473317
2010-11-26,1238.0,1.0,-0.013349,-0.013349,1.414971,1.453649
2010-11-29,1241.25,1.0,0.002625,0.002625,1.418685,1.457465
2010-11-30,1234.25,1.0,-0.005639,-0.005639,1.410685,1.449246
2010-12-01,1259.25,1.0,0.020255,0.020255,1.439258,1.4786
2010-12-02,1277.5,1.0,0.014493,0.014493,1.460117,1.500029
2010-12-03,1278.25,1.0,0.000587,0.000587,1.460974,1.50091
2010-12-06,1276.75,1.0,-0.001173,-0.001173,1.45926,1.499149
2010-12-07,1278.0,1.0,0.000979,0.000979,1.460689,1.500616
2010-12-08,1283.5,1.0,0.004304,0.004304,1.466975,1.507075
2010-12-09,1287.75,1.0,0.003311,0.003311,1.471832,1.512065
2010-12-10,1295.75,1.0,0.006212,0.006212,1.480976,1.521458
2010-12-13,1296.0,1.0,0.000193,0.000193,1.481262,1.521752
2010-12-14,1296.5,1.0,0.000386,0.000386,1.481833,1.522339
2010-12-15,1291.75,1.0,-0.003664,-0.003664,1.476404,1.516762
2010-12-16,1298.25,1.0,0.005032,0.005032,1.483833,1.524394
2010-12-17,1298.25,1.0,0.0,0.0,1.483833,1.524394
2010-12-20,1301.0,1.0,0.002118,0.002118,1.486976,1.527623
2010-12-21,1310.5,1.0,0.007302,0.007302,1.497834,1.538778
2010-12-22,1314.25,1.0,0.002862,0.002862,1.502121,1.543181
2010-12-23,1312.75,1.0,-0.001141,-0.001141,1.500406,1.54142
2010-12-27,1313.0,1.0,0.00019,0.00019,1.500692,1.541713
2010-12-28,1313.75,1.0,0.000571,0.000571,1.501549,1.542594
2010-12-29,1315.5,1.0,0.001332,0.001332,1.503549,1.544649
2010-12-30,1314.25,1.0,-0.00095,-0.00095,1.502121,1.543181
2010-12-31,1312.75,1.0,-0.001141,-0.001141,1.500406,1.54142
2011-01-03,1325.0,1.0,0.009332,0.009332,1.514407,1.555803
2011-01-04,1325.0,1.0,0.0,0.0,1.514407,1.555803
2011-01-05,1331.5,1.0,0.004906,0.004906,1.521836,1.563436
2011-01-06,1330.0,1.0,-0.001127,-0.001127,1.520122,1.561674
2011-01-07,1327.25,1.0,-0.002068,-0.002068,1.516979,1.558445
2011-01-10,1325.25,1.0,-0.001507,-0.001507,1.514693,1.556097
2011-01-11,1330.25,1.0,0.003773,0.003773,1.520408,1.561968
2011-01-12,1343.25,1.0,0.009773,0.009773,1.535266,1.577232
2011-01-13,1341.0,1.0,-0.001675,-0.001675,1.532694,1.574591
2011-01-14,1349.25,1.0,0.006152,0.006152,1.542124,1.584278
2011-01-17,1345.0,1.0,-0.00315,-0.00315,1.537266,1.579287
2011-01-18,1354.5,1.0,0.007063,0.007063,1.548124,1.590442
2011-01-19,1338.25,1.0,-0.011997,-0.011997,1.529551,1.571361
2011-01-20,1336.0,1.0,-0.001681,-0.001681,1.52698,1.56872
2011-01-21,1339.5,1.0,0.00262,0.00262,1.53098,1.572829
2011-01-24,1348.25,1.0,0.006532,0.006532,1.540981,1.583103
2011-01-25,1347.25,1.0,-0.000742,-0.000742,1.539838,1.581929
2011-01-26,1353.25,1.0,0.004454,0.004454,1.546696,1.588974
2011-01-27,1355.5,1.0,0.001663,0.001663,1.549267,1.591616
2011-01-28,1331.25,1.0,-0.01789,-0.01789,1.521551,1.563142
2011-01-31,1342.25,1.0,0.008263,0.008263,1.534123,1.576058
2011-02-01,1362.5,1.0,0.015087,0.015087,1.557268,1.599836
2011-02-02,1359.75,1.0,-0.002018,-0.002018,1.554125,1.596607
2011-02-03,1363.0,1.0,0.00239,0.00239,1.557839,1.600423
2011-02-04,1367.0,1.0,0.002935,0.002935,1.562411,1.605119
2011-02-07,1375.5,1.0,0.006218,0.006218,1.572126,1.6151
2011-02-08,1381.5,1.0,0.004362,0.004362,1.578984,1.622145
2011-02-09,1379.0,1.0,-0.00181,-0.00181,1.576126,1.61921
2011-02-10,1378.5,1.0,-0.000363,-0.000363,1.575555,1.618623
2011-02-11,1387.0,1.0,0.006166,0.006166,1.58527,1.628603
2011-02-14,1387.5,1.0,0.00036,0.00036,1.585842,1.62919
2011-02-15,1386.0,1.0,-0.001081,-0.001081,1.584127,1.627429
2011-02-16,1392.75,1.0,0.00487,0.00487,1.591842,1.635355
2011-02-17,1397.5,1.0,0.003411,0.003411,1.597271,1.640932
2011-02-18,1402.25,1.0,0.003399,0.003399,1.6027,1.64651
2011-02-21,1389.75,1.0,-0.008914,-0.008914,1.588413,1.631832
2011-02-22,1374.25,1.0,-0.011153,-0.011153,1.570697,1.613632
2011-02-23,1365.25,1.0,-0.006549,-0.006549,1.560411,1.603065
2011-02-24,1362.5,1.0,-0.002014,-0.002014,1.557268,1.599836
2011-02-25,1378.5,1.0,0.011743,0.011743,1.575555,1.618623
2011-02-28,1385.75,1.0,0.005259,0.005259,1.583841,1.627136
2011-03-01,1360.75,1.0,-0.018041,-0.018041,1.555268,1.597781
2011-03-02,1365.5,1.0,0.003491,0.003491,1.560697,1.603358
2011-03-03,1389.5,1.0,0.017576,0.017576,1.588127,1.631539
2011-03-04,1380.0,1.0,-0.006837,-0.006837,1.577269,1.620384
2011-03-07,1368.75,1.0,-0.008152,-0.008152,1.564411,1.607174
2011-03-08,1379.75,1.0,0.008037,0.008037,1.576984,1.62009
2011-03-09,1375.25,1.0,-0.003261,-0.003261,1.57184,1.614807
2011-03-10,1354.0,1.0,-0.015452,-0.015452,1.547553,1.589855
2011-03-11,1365.75,1.0,0.008678,0.008678,1.560982,1.603652
2011-03-14,1355.0,1.0,-0.007871,-0.007871,1.548696,1.591029
2011-03-15,1339.75,1.0,-0.011255,-0.011255,1.531266,1.573123
2011-03-16,1318.5,1.0,-0.015861,-0.015861,1.506978,1.548171
2011-03-17,1333.25,1.0,0.011187,0.011187,1.523837,1.565491
2011-03-18,1338.75,1.0,0.004125,0.004125,1.530123,1.571949
2011-03-21,1357.5,1.0,0.014006,0.014006,1.551553,1.593965
2011-03-22,1352.5,1.0,-0.003683,-0.003683,1.545838,1.588094
2011-03-23,1356.5,1.0,0.002957,0.002957,1.55041,1.59279
2011-03-24,1369.75,1.0,0.009768,0.009768,1.565554,1.608348
2011-03-25,1374.5,1.0,0.003468,0.003468,1.570983,1.613926
2011-03-28,1366.75,1.0,-0.005638,-0.005638,1.562125,1.604826
2011-03-29,1380.75,1.0,0.010243,0.010243,1.578127,1.621265
2011-03-30,1388.25,1.0,0.005432,0.005432,1.586699,1.630071
2011-03-31,1386.25,1.0,-0.001441,-0.001441,1.584413,1.627723
2011-04-01,1392.25,1.0,0.004328,0.004328,1.591271,1.634768
2011-04-04,1393.75,1.0,0.001077,0.001077,1.592985,1.636529
2011-04-05,1391.5,1.0,-0.001614,-0.001614,1.590413,1.633887
2011-04-06,1393.5,1.0,0.001437,0.001437,1.592699,1.636236
2011-04-07,1393.0,1.0,-0.000359,-0.000359,1.592128,1.635648
2011-04-08,1388.25,1.0,-0.00341,-0.00341,1.586699,1.630071
2011-04-11,1384.5,1.0,-0.002701,-0.002701,1.582413,1.625668
2011-04-12,1372.5,1.0,-0.008667,-0.008667,1.568697,1.611578
2011-04-13,1373.5,1.0,0.000729,0.000729,1.56984,1.612752
2011-04-14,1375.25,1.0,0.001274,0.001274,1.57184,1.614807
2011-04-15,1383.25,1.0,0.005817,0.005817,1.580984,1.6242
2011-04-18,1365.5,1.0,-0.012832,-0.012832,1.560697,1.603358
2011-04-19,1373.0,1.0,0.005492,0.005492,1.569269,1.612165
2011-04-20,1393.0,1.0,0.014567,0.014567,1.592128,1.635648
2011-04-21,1395.5,1.0,0.001795,0.001795,1.594985,1.638584
2011-04-25,1395.5,1.0,0.0,0.0,1.594985,1.638584
2011-04-26,1405.25,1.0,0.006987,0.006987,1.606129,1.650032
2011-04-27,1416.5,1.0,0.008006,0.008006,1.618987,1.663242
2011-04-28,1419.75,1.0,0.002294,0.002294,1.622702,1.667058
2011-04-29,1424.25,1.0,0.00317,0.00317,1.627845,1.672342
2011-05-02,1422.25,1.0,-0.001404,-0.001404,1.625559,1.669994
2011-05-03,1416.5,1.0,-0.004043,-0.004043,1.618987,1.663242
2011-05-04,1407.5,1.0,-0.006354,-0.006354,1.608701,1.652674
2011-05-05,1399.5,1.0,-0.005684,-0.005684,1.599557,1.643281
2011-05-06,1399.0,1.0,-0.000357,-0.000357,1.598985,1.642694
2011-05-09,1407.0,1.0,0.005718,0.005718,1.608129,1.652087
2011-05-10,1418.25,1.0,0.007996,0.007996,1.620987,1.665297
2011-05-11,1403.25,1.0,-0.010576,-0.010576,1.603843,1.647684
2011-05-12,1412.25,1.0,0.006414,0.006414,1.61413,1.658252
2011-05-13,1398.5,1.0,-0.009736,-0.009736,1.598414,1.642106
2011-05-16,1389.75,1.0,-0.006257,-0.006257,1.588413,1.631832
2011-05-17,1389.75,1.0,0.0,0.0,1.588413,1.631832
2011-05-18,1403.0,1.0,0.009534,0.009534,1.603557,1.64739
2011-05-19,1406.25,1.0,0.002316,0.002316,1.607272,1.651206
2011-05-20,1392.25,1.0,-0.009956,-0.009956,1.591271,1.634768
2011-05-23,1379.75,1.0,-0.008978,-0.008978,1.576984,1.62009
2011-05-24,1378.0,1.0,-0.001268,-0.001268,1.574984,1.618036
2011-05-25,1381.0,1.0,0.002177,0.002177,1.578412,1.621558
2011-05-26,1391.0,1.0,0.007241,0.007241,1.589842,1.6333
2011-05-27,1394.5,1.0,0.002516,0.002516,1.593842,1.63741
2011-05-30,1395.0,1.0,0.000359,0.000359,1.594414,1.637997
2011-05-31,1408.5,1.0,0.009677,0.009677,1.609843,1.653848
2011-06-01,1376.5,1.0,-0.022719,-0.022719,1.573269,1.616274
2011-06-02,1377.0,1.0,0.000363,0.000363,1.573841,1.616861
2011-06-03,1360.75,1.0,-0.011801,-0.011801,1.555268,1.597781
2011-06-06,1349.5,1.0,-0.008267,-0.008267,1.542409,1.584571
2011-06-07,1349.25,1.0,-0.000185,-0.000185,1.542124,1.584278
2011-06-08,1341.5,1.0,-0.005744,-0.005744,1.533266,1.575178
2011-06-09,1352.0,1.0,0.007827,0.007827,1.545267,1.587507
2011-06-10,1333.75,1.0,-0.013499,-0.013499,1.524408,1.566078
2011-06-13,1336.0,1.0,0.001687,0.001687,1.52698,1.56872
2011-06-14,1354.25,1.0,0.01366,0.01366,1.547838,1.590149
2011-06-15,1329.75,1.0,-0.018091,-0.018091,1.519836,1.561381
2011-06-16,1333.25,1.0,0.002632,0.002632,1.523837,1.565491
2011-06-17,1335.75,1.0,0.001875,0.001875,1.526694,1.568426
2011-06-20,1343.5,1.0,0.005802,0.005802,1.535552,1.577526
2011-06-21,1357.75,1.0,0.010607,0.010607,1.551839,1.594258
2011-06-22,1349.5,1.0,-0.006076,-0.006076,1.542409,1.584571
2011-06-23,1346.75,1.0,-0.002038,-0.002038,1.539266,1.581342
2011-06-24,1333.75,1.0,-0.009653,-0.009653,1.524408,1.566078
2011-06-27,1346.0,1.0,0.009185,0.009185,1.538409,1.580461
2011-06-28,1364.25,1.0,0.013559,0.013559,1.559268,1.60189
2011-06-29,1374.0,1.0,0.007147,0.007147,1.570412,1.613339
2011-06-30,1385.25,1.0,0.008188,0.008188,1.58327,1.626548
2011-07-01,1404.5,1.0,0.013896,0.013896,1.605272,1.649152
2011-07-04,1403.5,1.0,-0.000712,-0.000712,1.604129,1.647977
2011-07-05,1406.5,1.0,0.002138,0.002138,1.607558,1.6515
2011-07-06,1405.5,1.0,-0.000711,-0.000711,1.606415,1.650326
2011-07-07,1421.5,1.0,0.011384,0.011384,1.624702,1.669113
2011-07-08,1411.5,1.0,-0.007035,-0.007035,1.613272,1.657371
2011-07-11,1388.25,1.0,-0.016472,-0.016472,1.586699,1.630071
2011-07-12,1380.5,1.0,-0.005583,-0.005583,1.577841,1.620971
2011-07-13,1382.0,1.0,0.001087,0.001087,1.579555,1.622732
2011-07-14,1376.5,1.0,-0.00398,-0.00398,1.573269,1.616274
2011-07-15,1384.75,1.0,0.005993,0.005993,1.582698,1.625961
2011-07-18,1370.25,1.0,-0.010471,-0.010471,1.566126,1.608936
2011-07-19,1391.0,1.0,0.015143,0.015143,1.589842,1.6333
2011-07-20,1391.0,1.0,0.0,0.0,1.589842,1.6333
2011-07-21,1412.25,1.0,0.015277,0.015277,1.61413,1.658252
2011-07-22,1410.75,1.0,-0.001062,-0.001062,1.612415,1.65649
2011-07-25,1403.25,1.0,-0.005316,-0.005316,1.603843,1.647684
2011-07-26,1396.0,1.0,-0.005167,-0.005167,1.595557,1.639171
2011-07-27,1368.75,1.0,-0.01952,-0.01952,1.564411,1.607174
2011-07-28,1366.5,1.0,-0.001644,-0.001644,1.56184,1.604532
2011-07-29,1358.25,1.0,-0.006037,-0.006037,1.55241,1.594845
2011-08-01,1349.5,0.0,-0.001,-0.006442,1.550858,1.584571
2011-08-02,1317.0,0.0,0.0,-0.024083,1.550858,1.54641
2011-08-03,1324.25,0.0,0.0,0.005505,1.550858,1.554923
2011-08-04,1268.5,0.0,0.0,-0.042099,1.550858,1.489462
2011-08-05,1267.5,0.0,0.0,-0.000788,1.550858,1.488287
2011-08-08,1181.0,0.0,0.0,-0.068245,1.550858,1.38672
2011-08-09,1241.5,0.0,0.0,0.051228,1.550858,1.457758
2011-08-10,1193.25,0.0,0.0,-0.038864,1.550858,1.401104
2011-08-11,1238.25,0.0,0.0,0.037712,1.550858,1.453942
2011-08-12,1246.5,0.0,0.0,0.006663,1.550858,1.463629
2011-08-15,1268.25,0.0,0.0,0.017449,1.550858,1.489168
2011-08-16,1262.0,0.0,0.0,-0.004928,1.550858,1.481829
2011-08-17,1259.75,0.0,0.0,-0.001783,1.550858,1.479187
2011-08-18,1213.25,0.0,0.0,-0.036912,1.550858,1.424588
2011-08-19,1193.75,0.0,0.0,-0.016073,1.550858,1.401691
2011-08-22,1193.0,0.0,0.0,-0.000628,1.550858,1.40081
2011-08-23,1228.25,0.0,0.0,0.029547,1.550858,1.4422
2011-08-24,1241.75,0.0,0.0,0.010991,1.550858,1.458052
2011-08-25,1227.25,0.0,0.0,-0.011677,1.550858,1.441026
2011-08-26,1245.75,0.0,0.0,0.015074,1.550858,1.462749
2011-08-29,1277.75,0.0,0.0,0.025687,1.550858,1.500323
2011-08-30,1274.5,0.0,0.0,-0.002544,1.550858,1.496507
2011-08-31,1288.75,0.0,0.0,0.011181,1.550858,1.513239
2011-09-01,1271.0,0.0,0.0,-0.013773,1.550858,1.492397
2011-09-02,1239.0,0.0,0.0,-0.025177,1.550858,1.454823
2011-09-05,1215.25,0.0,0.0,-0.019169,1.550858,1.426936
2011-09-06,1234.25,0.0,0.0,0.015635,1.550858,1.449246
2011-09-07,1268.75,0.0,0.0,0.027952,1.550858,1.489755
2011-09-08,1255.5,0.0,0.0,-0.010443,1.550858,1.474197
2011-09-09,1227.75,0.0,0.0,-0.022103,1.550858,1.441613
2011-09-12,1233.0,0.0,0.0,0.004276,1.550858,1.447778
2011-09-13,1241.0,0.0,0.0,0.006488,1.550858,1.457171
2011-09-14,1257.5,0.0,0.0,0.013296,1.550858,1.476546
2011-09-15,1280.0,0.0,0.0,0.017893,1.550858,1.502965
2011-09-16,1287.5,0.0,0.0,0.005859,1.550858,1.511771
2011-09-19,1273.5,0.0,0.0,-0.010874,1.550858,1.495333
2011-09-20,1271.5,0.0,0.0,-0.00157,1.550858,1.492984
2011-09-21,1231.5,0.0,0.0,-0.031459,1.550858,1.446017
2011-09-22,1199.25,0.0,0.0,-0.026188,1.550858,1.408149
2011-09-23,1205.5,0.0,0.0,0.005212,1.550858,1.415488
2011-09-26,1233.75,0.0,0.0,0.023434,1.550858,1.448658
2011-09-27,1245.75,0.0,0.0,0.009726,1.550858,1.462749
2011-09-28,1225.0,0.0,0.0,-0.016657,1.550858,1.438384
2011-09-29,1232.0,0.0,0.0,0.005714,1.550858,1.446604
2011-09-30,1201.75,0.0,0.0,-0.024554,1.550858,1.411084
2011-10-03,1162.0,0.0,0.0,-0.033077,1.550858,1.36441
2011-10-04,1189.25,0.0,0.0,0.023451,1.550858,1.396407
2011-10-05,1210.75,0.0,0.0,0.018079,1.550858,1.421652
2011-10-06,1233.75,0.0,0.0,0.018996,1.550858,1.448658
2011-10-07,1230.75,0.0,0.0,-0.002432,1.550858,1.445136
2011-10-10,1266.75,0.0,0.0,0.02925,1.550858,1.487407
2011-10-11,1265.5,0.0,0.0,-0.000987,1.550858,1.485939
2011-10-12,1274.0,0.0,0.0,0.006717,1.550858,1.49592
2011-10-13,1273.5,0.0,0.0,-0.000392,1.550858,1.495333
2011-10-14,1295.0,0.0,0.0,0.016883,1.550858,1.520578
2011-10-17,1269.75,0.0,0.0,-0.019498,1.550858,1.490929
2011-10-18,1298.75,0.0,0.0,0.022839,1.550858,1.524981
2011-10-19,1282.75,0.0,0.0,-0.01232,1.550858,1.506194
2011-10-20,1284.75,0.0,0.0,0.001559,1.550858,1.508542
2011-10-21,1311.0,0.0,0.0,0.020432,1.550858,1.539365
2011-10-24,1322.75,0.0,0.0,0.008963,1.550858,1.553162
2011-10-25,1300.25,0.0,0.0,-0.01701,1.550858,1.526742
2011-10-26,1313.25,0.0,0.0,0.009998,1.550858,1.542007
2011-10-27,1358.25,0.0,0.0,0.034266,1.550858,1.594845
2011-10-28,1356.75,0.0,0.0,-0.001104,1.550858,1.593084
2011-10-31,1325.0,0.0,0.0,-0.023402,1.550858,1.555803
2011-11-01,1300.25,1.0,-0.019679,-0.018679,1.520338,1.526742
2011-11-02,1310.0,1.0,0.007499,0.007499,1.531739,1.538191
2011-11-03,1331.5,1.0,0.016412,0.016412,1.556878,1.563436
2011-11-04,1326.75,1.0,-0.003567,-0.003567,1.551324,1.557858
2011-11-07,1333.25,1.0,0.004899,0.004899,1.558924,1.565491
2011-11-08,1349.0,1.0,0.011813,0.011813,1.57734,1.583984
2011-11-09,1301.5,1.0,-0.035211,-0.035211,1.5218,1.52821
2011-11-10,1313.25,1.0,0.009028,0.009028,1.535539,1.542007
2011-11-11,1337.25,1.0,0.018275,0.018275,1.563601,1.570187
2011-11-14,1328.25,1.0,-0.00673,-0.00673,1.553078,1.55962
2011-11-15,1329.75,1.0,0.001129,0.001129,1.554832,1.561381
2011-11-16,1306.75,1.0,-0.017296,-0.017296,1.527938,1.534374
2011-11-17,1290.5,1.0,-0.012435,-0.012435,1.508938,1.515294
2011-11-18,1289.75,1.0,-0.000581,-0.000581,1.508061,1.514413
2011-11-21,1266.5,1.0,-0.018027,-0.018027,1.480875,1.487113
2011-11-22,1258.5,1.0,-0.006317,-0.006317,1.471521,1.47772
2011-11-23,1235.75,1.0,-0.018077,-0.018077,1.444921,1.451007
2011-11-24,1235.0,1.0,-0.000607,-0.000607,1.444044,1.450126
2011-11-25,1229.25,1.0,-0.004656,-0.004656,1.43732,1.443375
2011-11-28,1266.75,1.0,0.030506,0.030506,1.481168,1.487407
2011-11-29,1271.5,1.0,0.00375,0.00375,1.486722,1.492984
2011-11-30,1321.75,1.0,0.03952,0.03952,1.545477,1.551987
2011-12-01,1319.25,0.5,-0.001446,-0.001891,1.543243,1.549052
2011-12-02,1319.25,0.5,0.0,0.0,1.543243,1.549052
2011-12-05,1330.75,0.5,0.004359,0.008717,1.549969,1.562555
2011-12-06,1330.75,0.5,0.0,0.0,1.549969,1.562555
2011-12-07,1339.75,0.5,0.003382,0.006763,1.555211,1.573123
2011-12-08,1311.0,0.5,-0.01073,-0.021459,1.538524,1.539365
2011-12-09,1335.5,0.5,0.009344,0.018688,1.5529,1.568132
2011-12-12,1311.0,0.5,-0.009173,-0.018345,1.538656,1.539365
2011-12-13,1301.75,0.5,-0.003528,-0.007056,1.533228,1.528503
2011-12-14,1287.75,0.5,-0.005377,-0.010755,1.524983,1.512065
2011-12-15,1293.5,0.5,0.002233,0.004465,1.528387,1.518816
2011-12-16,1291.5,0.5,-0.000773,-0.001546,1.527206,1.516468
2011-12-19,1280.25,0.5,-0.004355,-0.008711,1.520554,1.503258
2011-12-20,1318.0,0.5,0.014743,0.029486,1.542972,1.547584
2011-12-21,1317.75,0.5,-9.5e-05,-0.00019,1.542826,1.547291
2011-12-22,1330.75,0.5,0.004933,0.009865,1.550436,1.562555
2011-12-23,1341.0,0.5,0.003851,0.007702,1.556407,1.574591
2011-12-27,1341.75,0.5,0.00028,0.000559,1.556842,1.575471
2011-12-28,1325.75,0.5,-0.005962,-0.011925,1.54756,1.556684
2011-12-29,1338.75,0.5,0.004903,0.009806,1.555147,1.571949
2011-12-30,1334.5,0.5,-0.001587,-0.003175,1.552679,1.566958
2012-01-03,1353.75,1.0,0.013925,0.014425,1.5743,1.589561
2012-01-04,1354.75,1.0,0.000739,0.000739,1.575463,1.590736
2012-01-05,1354.75,1.0,0.0,0.0,1.575463,1.590736
2012-01-06,1355.5,1.0,0.000554,0.000554,1.576335,1.591616
2012-01-09,1357.0,1.0,0.001107,0.001107,1.578079,1.593378
2012-01-10,1367.75,1.0,0.007922,0.007922,1.590581,1.606
2012-01-11,1369.5,1.0,0.001279,0.001279,1.592616,1.608055
2012-01-12,1373.75,1.0,0.003103,0.003103,1.597558,1.613045
2012-01-13,1371.0,1.0,-0.002002,-0.002002,1.59436,1.609816
2012-01-16,1373.0,1.0,0.001459,0.001459,1.596686,1.612165
2012-01-17,1371.0,1.0,-0.001457,-0.001457,1.59436,1.609816
2012-01-18,1384.25,1.0,0.009664,0.009664,1.609769,1.625374
2012-01-19,1391.75,1.0,0.005418,0.005418,1.618491,1.634181
2012-01-20,1392.75,1.0,0.000719,0.000719,1.619654,1.635355
2012-01-23,1392.75,1.0,0.0,0.0,1.619654,1.635355
2012-01-24,1393.0,1.0,0.00018,0.00018,1.619944,1.635648
2012-01-25,1402.0,1.0,0.006461,0.006461,1.630411,1.646216
2012-01-26,1396.5,1.0,-0.003923,-0.003923,1.624014,1.639758
2012-01-27,1394.25,1.0,-0.001611,-0.001611,1.621398,1.637116
2012-01-30,1390.5,1.0,-0.00269,-0.00269,1.617037,1.632713
2012-01-31,1389.5,1.0,-0.000719,-0.000719,1.615874,1.631539
2012-02-01,1401.75,1.0,0.008816,0.008816,1.63012,1.645923
2012-02-02,1404.25,1.0,0.001783,0.001783,1.633027,1.648858
2012-02-03,1421.0,1.0,0.011928,0.011928,1.652506,1.668526
2012-02-06,1420.5,1.0,-0.000352,-0.000352,1.651924,1.667939
2012-02-07,1426.25,1.0,0.004048,0.004048,1.658611,1.67469
2012-02-08,1428.75,1.0,0.001753,0.001753,1.661519,1.677626
2012-02-09,1429.75,1.0,0.0007,0.0007,1.662681,1.6788
2012-02-10,1421.75,1.0,-0.005595,-0.005595,1.653378,1.669406
2012-02-13,1431.0,1.0,0.006506,0.006506,1.664135,1.680268
2012-02-14,1429.25,1.0,-0.001223,-0.001223,1.6621,1.678213
2012-02-15,1423.75,1.0,-0.003848,-0.003848,1.655704,1.671755
2012-02-16,1436.25,1.0,0.00878,0.00878,1.67024,1.686432
2012-02-17,1441.75,1.0,0.003829,0.003829,1.676636,1.69289
2012-02-20,1448.0,1.0,0.004335,0.004335,1.683905,1.700229
2012-02-21,1441.75,1.0,-0.004316,-0.004316,1.676636,1.69289
2012-02-22,1437.5,1.0,-0.002948,-0.002948,1.671694,1.6879
2012-02-23,1444.75,1.0,0.005043,0.005043,1.680125,1.696413
2012-02-24,1444.25,1.0,-0.000346,-0.000346,1.679544,1.695826
2012-02-27,1449.0,1.0,0.003289,0.003289,1.685068,1.701403
2012-02-28,1453.0,1.0,0.002761,0.002761,1.689719,1.7061
2012-02-29,1444.0,1.0,-0.006194,-0.006194,1.679253,1.695532
2012-03-01,1456.0,1.0,0.00831,0.00831,1.693208,1.709622
2012-03-02,1450.0,1.0,-0.004121,-0.004121,1.686231,1.702577
2012-03-05,1445.75,1.0,-0.002931,-0.002931,1.681288,1.697587
2012-03-06,1423.0,1.0,-0.015736,-0.015736,1.654832,1.670874
2012-03-07,1434.5,1.0,0.008082,0.008082,1.668205,1.684377
2012-03-08,1447.75,1.0,0.009237,0.009237,1.683614,1.699935
2012-03-09,1453.5,1.0,0.003972,0.003972,1.690301,1.706687
2012-03-12,1454.25,1.0,0.000516,0.000516,1.691173,1.707568
2012-03-13,1478.25,1.0,0.016503,0.016503,1.719083,1.735748
2012-03-14,1476.5,1.0,-0.001184,-0.001184,1.717048,1.733693
2012-03-15,1483.75,1.0,0.00491,0.00491,1.725479,1.742206
2012-03-16,1486.5,1.0,0.001853,0.001853,1.728677,1.745435
2012-03-19,1492.0,1.0,0.0037,0.0037,1.735073,1.751893
2012-03-20,1487.75,1.0,-0.002849,-0.002849,1.730131,1.746903
2012-03-21,1485.5,1.0,-0.001512,-0.001512,1.727514,1.744261
2012-03-22,1476.75,1.0,-0.00589,-0.00589,1.717339,1.733987
2012-03-23,1482.0,1.0,0.003555,0.003555,1.723444,1.740151
2012-03-26,1503.0,1.0,0.01417,0.01417,1.747865,1.764809
2012-03-27,1493.75,1.0,-0.006154,-0.006154,1.737108,1.753948
2012-03-28,1487.75,1.0,-0.004017,-0.004017,1.730131,1.746903
2012-03-29,1485.75,1.0,-0.001344,-0.001344,1.727805,1.744555
2012-03-30,1491.75,1.0,0.004038,0.004038,1.734782,1.7516
2012-04-02,1500.0,1.0,0.00553,0.00553,1.744376,1.761287
2012-04-03,1496.25,1.0,-0.0025,-0.0025,1.740016,1.756884
2012-04-04,1481.0,1.0,-0.010192,-0.010192,1.722281,1.738977
2012-04-05,1478.0,1.0,-0.002026,-0.002026,1.718792,1.735455
2012-04-06,1462.75,1.0,-0.010318,-0.010318,1.701058,1.717548
2012-04-09,1462.25,1.0,-0.000342,-0.000342,1.700476,1.716961
2012-04-10,1444.5,1.0,-0.012139,-0.012139,1.679835,1.696119
2012-04-11,1452.0,1.0,0.005192,0.005192,1.688556,1.704926
2012-04-12,1473.75,1.0,0.014979,0.014979,1.71385,1.730464
2012-04-13,1452.75,1.0,-0.014249,-0.014249,1.689429,1.705806
2012-04-16,1451.5,1.0,-0.00086,-0.00086,1.687975,1.704339
2012-04-17,1471.5,1.0,0.013779,0.013779,1.711233,1.727822
2012-04-18,1466.25,1.0,-0.003568,-0.003568,1.705128,1.721658
2012-04-19,1460.25,1.0,-0.004092,-0.004092,1.69815,1.714613
2012-04-20,1462.75,1.0,0.001712,0.001712,1.701058,1.717548
2012-04-23,1450.5,1.0,-0.008375,-0.008375,1.686812,1.703164
2012-04-24,1457.75,1.0,0.004998,0.004998,1.695243,1.711677
2012-04-25,1475.25,1.0,0.012005,0.012005,1.715594,1.732226
2012-04-26,1484.75,1.0,0.00644,0.00644,1.726642,1.74338
2012-04-27,1486.75,1.0,0.001347,0.001347,1.728968,1.745729
2012-04-30,1482.0,1.0,-0.003195,-0.003195,1.723444,1.740151
2012-05-01,1488.25,1.0,0.004217,0.004217,1.730712,1.74749
2012-05-02,1485.25,1.0,-0.002016,-0.002016,1.727223,1.743968
2012-05-03,1473.75,1.0,-0.007743,-0.007743,1.71385,1.730464
2012-05-04,1450.25,1.0,-0.015946,-0.015946,1.686521,1.702871
2012-05-07,1453.5,1.0,0.002241,0.002241,1.690301,1.706687
2012-05-08,1446.5,1.0,-0.004816,-0.004816,1.68216,1.698468
2012-05-09,1438.75,1.0,-0.005358,-0.005358,1.673148,1.689368
2012-05-10,1445.0,1.0,0.004344,0.004344,1.680416,1.696706
2012-05-11,1437.75,1.0,-0.005017,-0.005017,1.671985,1.688194
2012-05-14,1422.0,1.0,-0.010955,-0.010955,1.653669,1.6697
2012-05-15,1416.25,1.0,-0.004044,-0.004044,1.646982,1.662948
2012-05-16,1410.5,1.0,-0.00406,-0.00406,1.640295,1.656197
2012-05-17,1389.25,1.0,-0.015066,-0.015066,1.615583,1.631245
2012-05-18,1378.25,1.0,-0.007918,-0.007918,1.602791,1.618329
2012-05-21,1403.5,1.0,0.01832,0.01832,1.632155,1.647977
2012-05-22,1402.75,1.0,-0.000534,-0.000534,1.631283,1.647097
2012-05-23,1403.75,1.0,0.000713,0.000713,1.632446,1.648271
2012-05-24,1410.75,1.0,0.004987,0.004987,1.640586,1.65649
2012-05-25,1402.5,1.0,-0.005848,-0.005848,1.630992,1.646803
2012-05-28,1409.25,1.0,0.004813,0.004813,1.638842,1.654729
2012-05-29,1421.25,1.0,0.008515,0.008515,1.652797,1.668819
2012-05-30,1396.25,1.0,-0.01759,-0.01759,1.623724,1.639465
2012-05-31,1393.75,1.0,-0.001791,-0.001791,1.620816,1.636529
2012-06-01,1361.5,0.0,-0.001,-0.023139,1.619196,1.598661
2012-06-04,1360.5,0.0,0.0,-0.000734,1.619196,1.597487
2012-06-05,1373.25,0.0,0.0,0.009372,1.619196,1.612458
2012-06-06,1403.5,0.0,0.0,0.022028,1.619196,1.647977
2012-06-07,1404.0,0.0,0.0,0.000356,1.619196,1.648565
2012-06-08,1417.0,0.0,0.0,0.009259,1.619196,1.663829
2012-06-11,1394.75,0.0,0.0,-0.015702,1.619196,1.637703
2012-06-12,1414.75,0.0,0.0,0.014339,1.619196,1.661187
2012-06-13,1403.5,0.0,0.0,-0.007952,1.619196,1.647977
2012-06-14,1420.25,0.0,0.0,0.011934,1.619196,1.667645
2012-06-15,1432.75,0.0,0.0,0.008801,1.619196,1.682323
2012-06-18,1435.0,0.0,0.0,0.00157,1.619196,1.684964
2012-06-19,1444.75,0.0,0.0,0.006794,1.619196,1.696413
2012-06-20,1445.0,0.0,0.0,0.000173,1.619196,1.696706
2012-06-21,1412.75,0.0,0.0,-0.022318,1.619196,1.658839
2012-06-22,1420.0,0.0,0.0,0.005132,1.619196,1.667352
2012-06-25,1401.25,0.0,0.0,-0.013204,1.619196,1.645336
2012-06-26,1410.25,0.0,0.0,0.006423,1.619196,1.655903
2012-06-27,1420.75,0.0,0.0,0.007445,1.619196,1.668232
2012-06-28,1417.5,0.0,0.0,-0.002288,1.619196,1.664416
2012-06-29,1452.75,0.0,0.0,0.024868,1.619196,1.705806
2012-07-02,1452.5,0.5,-0.000586,-0.000172,1.618247,1.705513
2012-07-03,1463.25,0.5,0.003701,0.007401,1.624235,1.718135
2012-07-04,1462.5,0.5,-0.000256,-0.000513,1.623819,1.717255
2012-07-05,1456.25,0.5,-0.002137,-0.004274,1.620349,1.709916
2012-07-06,1447.0,0.5,-0.003176,-0.006352,1.615203,1.699055
2012-07-09,1444.0,0.5,-0.001037,-0.002073,1.613529,1.695532
2012-07-10,1430.0,0.5,-0.004848,-0.009695,1.605707,1.679094
2012-07-11,1431.25,0.5,0.000437,0.000874,1.606409,1.680561
2012-07-12,1423.25,0.5,-0.002795,-0.00559,1.601919,1.671168
2012-07-13,1446.5,0.5,0.008168,0.016336,1.615003,1.698468
2012-07-16,1441.75,0.5,-0.001642,-0.003284,1.612352,1.69289
2012-07-17,1452.75,0.5,0.003815,0.00763,1.618503,1.705806
2012-07-18,1461.75,0.5,0.003098,0.006195,1.623516,1.716374
2012-07-19,1466.75,0.5,0.00171,0.003421,1.626293,1.722245
2012-07-20,1453.25,0.5,-0.004602,-0.009204,1.618808,1.706393
2012-07-23,1438.0,0.5,-0.005247,-0.010494,1.610315,1.688487
2012-07-24,1424.25,0.5,-0.004781,-0.009562,1.602616,1.672342
2012-07-25,1429.25,0.5,0.001755,0.003511,1.605429,1.678213
2012-07-26,1449.75,0.5,0.007172,0.014343,1.616942,1.702284
2012-07-27,1477.0,0.5,0.009398,0.018796,1.632139,1.734281
2012-07-30,1475.0,0.5,-0.000677,-0.001354,1.631034,1.731932
2012-07-31,1466.5,0.5,-0.002881,-0.005763,1.626334,1.721952
2012-08-01,1465.25,0.5,-0.000426,-0.000852,1.625641,1.720484
2012-08-02,1456.75,0.5,-0.002901,-0.005801,1.620926,1.710503
2012-08-03,1484.0,0.5,0.009353,0.018706,1.636086,1.7425
2012-08-06,1484.75,0.5,0.000253,0.000505,1.6365,1.74338
2012-08-07,1491.25,0.5,0.002189,0.004378,1.640082,1.751013
2012-08-08,1493.25,0.5,0.000671,0.001341,1.641182,1.753361
2012-08-09,1495.0,0.5,0.000586,0.001172,1.642143,1.755416
2012-08-10,1496.75,0.5,0.000585,0.001171,1.643105,1.757471
2012-08-13,1497.0,0.5,8.4e-05,0.000167,1.643242,1.757764
2012-08-14,1495.75,0.5,-0.000418,-0.000835,1.642556,1.756297
2012-08-15,1497.75,0.5,0.000669,0.001337,1.643654,1.758645
2012-08-16,1508.25,0.5,0.003505,0.007011,1.649415,1.770974
2012-08-17,1510.0,0.5,0.00058,0.00116,1.650372,1.773029
2012-08-20,1509.25,0.5,-0.000248,-0.000497,1.649962,1.772148
2012-08-21,1507.0,0.5,-0.000745,-0.001491,1.648732,1.769506
2012-08-22,1507.0,0.5,0.0,0.0,1.648732,1.769506
2012-08-23,1494.5,0.5,-0.004147,-0.008295,1.641895,1.754829
2012-08-24,1505.0,0.5,0.003513,0.007026,1.647662,1.767158
2012-08-27,1502.5,0.5,-0.000831,-0.001661,1.646294,1.764222
2012-08-28,1502.25,0.5,-8.3e-05,-0.000166,1.646157,1.763929
2012-08-29,1502.0,0.5,-8.3e-05,-0.000166,1.64602,1.763635
2012-08-30,1491.25,0.5,-0.003579,-0.007157,1.64013,1.751013
2012-08-31,1499.25,0.5,0.002682,0.005365,1.644529,1.760406
2012-09-03,1503.0,1.0,0.002001,0.002501,1.64782,1.764809
2012-09-04,1500.5,1.0,-0.001663,-0.001663,1.645079,1.761874
2012-09-05,1498.25,1.0,-0.0015,-0.0015,1.642612,1.759232
2012-09-06,1525.25,1.0,0.018021,0.018021,1.672214,1.790935
2012-09-07,1532.75,1.0,0.004917,0.004917,1.680437,1.799742
2012-09-10,1520.75,1.0,-0.007829,-0.007829,1.66728,1.785651
2012-09-11,1525.0,1.0,0.002795,0.002795,1.67194,1.790642
2012-09-12,1533.25,1.0,0.00541,0.00541,1.680985,1.800329
2012-09-13,1552.25,1.0,0.012392,0.012392,1.701816,1.822638
2012-09-14,1561.0,1.0,0.005637,0.005637,1.711409,1.832913
2012-09-17,1555.5,1.0,-0.003523,-0.003523,1.705379,1.826455
2012-09-18,1554.5,1.0,-0.000643,-0.000643,1.704282,1.82528
2012-09-19,1555.25,1.0,0.000482,0.000482,1.705105,1.826161
2012-09-20,1555.75,1.0,0.000321,0.000321,1.705653,1.826748
2012-09-21,1553.25,1.0,-0.001607,-0.001607,1.702912,1.823813
2012-09-24,1553.25,1.0,0.0,0.0,1.702912,1.823813
2012-09-25,1538.5,1.0,-0.009496,-0.009496,1.686741,1.806493
2012-09-26,1529.0,1.0,-0.006175,-0.006175,1.676325,1.795338
2012-09-27,1543.0,1.0,0.009156,0.009156,1.691674,1.811777
2012-09-28,1536.0,1.0,-0.004537,-0.004537,1.684,1.803558
2012-10-01,1538.5,1.0,0.001628,0.001628,1.686741,1.806493
2012-10-02,1542.25,1.0,0.002437,0.002437,1.690852,1.810896
2012-10-03,1546.25,1.0,0.002594,0.002594,1.695237,1.815593
2012-10-04,1557.5,1.0,0.007276,0.007276,1.707571,1.828803
2012-10-05,1557.25,1.0,-0.000161,-0.000161,1.707297,1.828509
2012-10-08,1551.75,1.0,-0.003532,-0.003532,1.701267,1.822051
2012-10-09,1538.0,1.0,-0.008861,-0.008861,1.686192,1.805906
2012-10-10,1527.75,1.0,-0.006664,-0.006664,1.674955,1.793871
2012-10-11,1530.25,1.0,0.001636,0.001636,1.677696,1.796806
2012-10-12,1523.5,1.0,-0.004411,-0.004411,1.670295,1.78888
2012-10-15,1538.0,1.0,0.009518,0.009518,1.686192,1.805906
2012-10-16,1551.25,1.0,0.008615,0.008615,1.700719,1.821464
2012-10-17,1558.75,1.0,0.004835,0.004835,1.708942,1.830271
2012-10-18,1553.0,1.0,-0.003689,-0.003689,1.702638,1.823519
2012-10-19,1525.5,1.0,-0.017708,-0.017708,1.672488,1.791229
2012-10-22,1532.25,1.0,0.004425,0.004425,1.679888,1.799155
2012-10-23,1508.0,1.0,-0.015826,-0.015826,1.653302,1.77068
2012-10-24,1507.5,1.0,-0.000332,-0.000332,1.652754,1.770093
2012-10-25,1510.5,1.0,0.00199,0.00199,1.656043,1.773616
2012-10-26,1509.25,1.0,-0.000828,-0.000828,1.654672,1.772148
2012-10-29,1504.5,1.0,-0.003147,-0.003147,1.649465,1.766571
2012-10-30,1513.0,1.0,0.00565,0.00565,1.658784,1.776551
2012-10-31,1503.5,1.0,-0.006279,-0.006279,1.648368,1.765397
2012-11-01,1525.25,0.5,0.006733,0.014466,1.659467,1.790935
2012-11-02,1507.25,0.5,-0.005901,-0.011801,1.649675,1.7698
2012-11-05,1513.5,0.5,0.002073,0.004147,1.653095,1.777138
2012-11-06,1527.25,0.5,0.004542,0.009085,1.660604,1.793284
2012-11-07,1491.5,0.5,-0.011704,-0.023408,1.641169,1.751306
2012-11-08,1476.75,0.5,-0.004945,-0.009889,1.633054,1.733987
2012-11-09,1477.75,0.5,0.000339,0.000677,1.633606,1.735161
2012-11-12,1480.0,0.5,0.000761,0.001523,1.63485,1.737803
2012-11-13,1473.5,0.5,-0.002196,-0.004392,1.63126,1.730171
2012-11-14,1455.0,0.5,-0.006278,-0.012555,1.62102,1.708448
2012-11-15,1453.25,0.5,-0.000601,-0.001203,1.620045,1.706393
2012-11-16,1462.25,0.5,0.003097,0.006193,1.625061,1.716961
2012-11-19,1482.75,0.5,0.00701,0.014019,1.636453,1.741032
2012-11-20,1487.75,0.5,0.001686,0.003372,1.639212,1.746903
2012-11-21,1491.0,0.5,0.001092,0.002185,1.641002,1.750719
2012-11-22,1493.25,0.5,0.000755,0.001509,1.64224,1.753361
2012-11-23,1506.5,0.5,0.004437,0.008873,1.649526,1.768919
2012-11-26,1506.75,0.5,8.3e-05,0.000166,1.649663,1.769213
2012-11-27,1499.5,0.5,-0.002406,-0.004812,1.645694,1.7607
2012-11-28,1508.25,0.5,0.002918,0.005835,1.650496,1.770974
2012-11-29,1514.0,0.5,0.001906,0.003812,1.653642,1.777726
2012-11-30,1517.5,0.5,0.001156,0.002312,1.655554,1.781835
2012-12-03,1507.5,1.0,-0.00709,-0.00659,1.643816,1.770093
2012-12-04,1505.0,1.0,-0.001658,-0.001658,1.64109,1.767158
2012-12-05,1508.5,1.0,0.002326,0.002326,1.644906,1.771268
2012-12-06,1514.5,1.0,0.003977,0.003977,1.651449,1.778313
2012-12-07,1519.0,1.0,0.002971,0.002971,1.656356,1.783597
2012-12-10,1519.0,1.0,0.0,0.0,1.656356,1.783597
2012-12-11,1533.75,1.0,0.00971,0.00971,1.67244,1.800916
2012-12-12,1528.75,1.0,-0.00326,-0.00326,1.666988,1.795045
2012-12-13,1520.25,1.0,-0.00556,-0.00556,1.657719,1.785064
2012-12-14,1519.5,1.0,-0.000493,-0.000493,1.656901,1.784184
2012-12-17,1536.5,1.0,0.011188,0.011188,1.675438,1.804145
2012-12-18,1549.25,1.0,0.008298,0.008298,1.689341,1.819116
2012-12-19,1537.5,1.0,-0.007584,-0.007584,1.676529,1.805319
2012-12-20,1549.5,1.0,0.007805,0.007805,1.689614,1.819409
2012-12-21,1537.25,1.0,-0.007906,-0.007906,1.676256,1.805026
2012-12-24,1527.75,1.0,-0.00618,-0.00618,1.665897,1.793871
2012-12-26,1521.75,1.0,-0.003927,-0.003927,1.659355,1.786826
2012-12-27,1522.5,1.0,0.000493,0.000493,1.660172,1.787706
2012-12-28,1495.5,1.0,-0.017734,-0.017734,1.630731,1.756003
2012-12-31,1532.5,1.0,0.024741,0.024741,1.671077,1.799448
2013-01-02,1565.25,0.5,0.010185,0.02137,1.688097,1.837903
2013-01-03,1563.0,0.5,-0.000719,-0.001437,1.686884,1.835261
2013-01-04,1568.5,0.5,0.001759,0.003519,1.689851,1.841719
2013-01-07,1564.5,0.5,-0.001275,-0.00255,1.687697,1.837022
2013-01-08,1560.25,0.5,-0.001358,-0.002717,1.685404,1.832032
2013-01-09,1565.5,0.5,0.001682,0.003365,1.68824,1.838196
2013-01-10,1578.75,0.5,0.004232,0.008464,1.695384,1.853754
2013-01-11,1576.25,0.5,-0.000792,-0.001584,1.694042,1.850819
2013-01-14,1573.75,0.5,-0.000793,-0.001586,1.692699,1.847884
2013-01-15,1576.0,0.5,0.000715,0.00143,1.693909,1.850525
2013-01-16,1573.25,0.5,-0.000872,-0.001745,1.692431,1.847296
2013-01-17,1584.75,0.5,0.003655,0.00731,1.698616,1.8608
2013-01-18,1588.5,0.5,0.001183,0.002366,1.700626,1.865203
2013-01-21,1592.25,0.5,0.00118,0.002361,1.702633,1.869606
2013-01-22,1599.75,0.5,0.002355,0.00471,1.706643,1.878412
2013-01-23,1594.0,0.5,-0.001797,-0.003594,1.703576,1.871661
2013-01-24,1597.0,0.5,0.000941,0.001882,1.705179,1.875183
2013-01-25,1604.25,0.5,0.00227,0.00454,1.70905,1.883696
2013-01-28,1604.5,0.5,7.8e-05,0.000156,1.709183,1.88399
2013-01-29,1614.25,0.5,0.003038,0.006077,1.714376,1.895438
2013-01-30,1602.5,0.5,-0.003639,-0.007279,1.708137,1.881642
2013-01-31,1604.75,0.5,0.000702,0.001404,1.709336,1.884283
2013-02-01,1616.25,1.0,0.006666,0.007166,1.720731,1.897787
2013-02-04,1601.25,1.0,-0.009281,-0.009281,1.704761,1.880174
2013-02-05,1616.25,1.0,0.009368,0.009368,1.720731,1.897787
2013-02-06,1615.0,1.0,-0.000773,-0.000773,1.7194,1.896319
2013-02-07,1613.75,1.0,-0.000774,-0.000774,1.718069,1.894851
2013-02-08,1622.5,1.0,0.005422,0.005422,1.727385,1.905125
2013-02-11,1621.75,1.0,-0.000462,-0.000462,1.726586,1.904245
2013-02-12,1626.5,1.0,0.002929,0.002929,1.731643,1.909822
2013-02-13,1625.0,1.0,-0.000922,-0.000922,1.730046,1.908061
2013-02-14,1627.5,1.0,0.001538,0.001538,1.732708,1.910996
2013-02-15,1625.75,1.0,-0.001075,-0.001075,1.730845,1.908941
2013-02-18,1627.0,1.0,0.000769,0.000769,1.732176,1.910409
2013-02-19,1637.75,1.0,0.006607,0.006607,1.743621,1.923032
2013-02-20,1615.75,1.0,-0.013433,-0.013433,1.720198,1.8972
2013-02-21,1610.75,1.0,-0.003095,-0.003095,1.714875,1.891329
2013-02-22,1622.75,1.0,0.00745,0.00745,1.727651,1.905419
2013-02-25,1593.5,1.0,-0.018025,-0.018025,1.69651,1.871074
2013-02-26,1602.25,1.0,0.005491,0.005491,1.705826,1.881348
2013-02-27,1625.25,1.0,0.014355,0.014355,1.730313,1.908354
2013-02-28,1621.0,1.0,-0.002615,-0.002615,1.725788,1.903364
2013-03-01,1625.5,1.0,0.002776,0.002776,1.730579,1.908648
2013-03-04,1636.25,1.0,0.006613,0.006613,1.742024,1.92127
2013-03-05,1645.75,1.0,0.005806,0.005806,1.752138,1.932425
2013-03-06,1647.75,1.0,0.001215,0.001215,1.754267,1.934774
2013-03-07,1651.5,1.0,0.002276,0.002276,1.758259,1.939177
2013-03-08,1658.25,1.0,0.004087,0.004087,1.765446,1.947103
2013-03-11,1664.75,1.0,0.00392,0.00392,1.772366,1.954735
2013-03-12,1661.25,1.0,-0.002102,-0.002102,1.76864,1.950625
2013-03-13,1664.5,1.0,0.001956,0.001956,1.7721,1.954441
2013-03-14,1670.5,1.0,0.003605,0.003605,1.778488,1.961487
2013-03-15,1668.0,1.0,-0.001497,-0.001497,1.775826,1.958551
2013-03-18,1661.25,1.0,-0.004047,-0.004047,1.76864,1.950625
2013-03-19,1656.75,1.0,-0.002709,-0.002709,1.763849,1.945341
2013-03-20,1663.5,1.0,0.004074,0.004074,1.771035,1.953267
2013-03-21,1653.5,1.0,-0.006011,-0.006011,1.760389,1.941525
2013-03-22,1666.5,1.0,0.007862,0.007862,1.774229,1.95679
2013-03-25,1661.5,1.0,-0.003,-0.003,1.768906,1.950919
2013-03-26,1671.75,1.0,0.006169,0.006169,1.779819,1.962954
2013-03-27,1671.25,1.0,-0.000299,-0.000299,1.779286,1.962367
2013-03-28,1677.25,1.0,0.00359,0.00359,1.785674,1.969412
2013-04-01,1670.5,1.0,-0.004024,-0.004024,1.778488,1.961487
2013-04-02,1679.0,1.0,0.005088,0.005088,1.787537,1.971467
2013-04-03,1663.0,1.0,-0.009529,-0.009529,1.770503,1.95268
2013-04-04,1669.0,1.0,0.003608,0.003608,1.776891,1.959725
2013-04-05,1660.5,1.0,-0.005093,-0.005093,1.767841,1.949745
2013-04-08,1673.75,1.0,0.00798,0.00798,1.781948,1.965303
2013-04-09,1677.75,1.0,0.00239,0.00239,1.786206,1.969999
2013-04-10,1697.25,1.0,0.011623,0.011623,1.806967,1.992896
2013-04-11,1702.25,1.0,0.002946,0.002946,1.81229,1.998767
2013-04-12,1696.5,1.0,-0.003378,-0.003378,1.806168,1.992015
2013-04-15,1658.0,1.0,-0.022694,-0.022694,1.76518,1.946809
2013-04-16,1683.25,1.0,0.015229,0.015229,1.792062,1.976457
2013-04-17,1660.5,1.0,-0.013516,-0.013516,1.767841,1.949745
2013-04-18,1648.5,1.0,-0.007227,-0.007227,1.755066,1.935654
2013-04-19,1662.0,1.0,0.008189,0.008189,1.769438,1.951506
2013-04-22,1670.5,1.0,0.005114,0.005114,1.778488,1.961487
2013-04-23,1688.0,1.0,0.010476,0.010476,1.797119,1.982035
2013-04-24,1688.5,1.0,0.000296,0.000296,1.797651,1.982622
2013-04-25,1696.25,1.0,0.00459,0.00459,1.805902,1.991722
2013-04-26,1691.0,1.0,-0.003095,-0.003095,1.800313,1.985557
2013-04-29,1702.75,1.0,0.006949,0.006949,1.812822,1.999354
2013-04-30,1706.75,1.0,0.002349,0.002349,1.817081,2.004051
2013-05-01,1691.75,1.0,-0.008789,-0.008789,1.801111,1.986438
2013-05-02,1706.75,1.0,0.008867,0.008867,1.817081,2.004051
2013-05-03,1723.0,1.0,0.009521,0.009521,1.834382,2.023132
2013-05-06,1728.0,1.0,0.002902,0.002902,1.839705,2.029003
2013-05-07,1735.0,1.0,0.004051,0.004051,1.847157,2.037222
2013-05-08,1743.25,1.0,0.004755,0.004755,1.855941,2.046909
2013-05-09,1739.0,1.0,-0.002438,-0.002438,1.851416,2.041919
2013-05-10,1744.0,1.0,0.002875,0.002875,1.856739,2.04779
2013-05-13,1745.25,1.0,0.000717,0.000717,1.85807,2.049257
2013-05-14,1762.5,1.0,0.009884,0.009884,1.876435,2.069512
2013-05-15,1768.75,1.0,0.003546,0.003546,1.883089,2.076851
2013-05-16,1762.5,1.0,-0.003534,-0.003534,1.876435,2.069512
2013-05-17,1777.5,1.0,0.008511,0.008511,1.892405,2.087125
2013-05-20,1779.0,1.0,0.000844,0.000844,1.894002,2.088886
2013-05-21,1780.0,1.0,0.000562,0.000562,1.895066,2.09006
2013-05-22,1770.0,1.0,-0.005618,-0.005618,1.88442,2.078319
2013-05-23,1764.5,1.0,-0.003107,-0.003107,1.878564,2.071861
2013-05-24,1765.0,1.0,0.000283,0.000283,1.879097,2.072448
2013-05-28,1769.0,1.0,0.002266,0.002266,1.883355,2.077144
2013-05-29,1761.5,1.0,-0.00424,-0.00424,1.87537,2.068338
2013-05-30,1768.0,1.0,0.00369,0.00369,1.88229,2.07597
2013-05-31,1743.5,1.0,-0.013857,-0.013857,1.856207,2.047202
2013-06-03,1750.75,1.0,0.004158,0.004158,1.863925,2.055715
2013-06-04,1745.75,1.0,-0.002856,-0.002856,1.858602,2.049844
2013-06-05,1722.5,1.0,-0.013318,-0.013318,1.833849,2.022544
2013-06-06,1737.25,1.0,0.008563,0.008563,1.849553,2.039864
2013-06-07,1753.0,1.0,0.009066,0.009066,1.866321,2.058357
2013-06-10,1756.5,1.0,0.001997,0.001997,1.870047,2.062467
2013-06-11,1741.5,1.0,-0.00854,-0.00854,1.854077,2.044854
2013-06-12,1724.25,1.0,-0.009905,-0.009905,1.835712,2.024599
2013-06-13,1751.25,1.0,0.015659,0.015659,1.864458,2.056302
2013-06-14,1738.75,1.0,-0.007138,-0.007138,1.85115,2.041625
2013-06-17,1754.0,1.0,0.008771,0.008771,1.867385,2.059531
2013-06-18,1765.5,1.0,0.006556,0.006556,1.879629,2.073035
2013-06-19,1744.0,1.0,-0.012178,-0.012178,1.856739,2.04779
2013-06-20,1704.25,1.0,-0.022792,-0.022792,1.814419,2.001115
2013-06-21,1704.25,1.0,0.0,0.0,1.814419,2.001115
2013-06-24,1686.5,1.0,-0.010415,-0.010415,1.795522,1.980274
2013-06-25,1701.75,1.0,0.009042,0.009042,1.811758,1.99818
2013-06-26,1715.75,1.0,0.008227,0.008227,1.826663,2.014619
2013-06-27,1726.75,1.0,0.006411,0.006411,1.838374,2.027535
2013-06-28,1719.5,1.0,-0.004199,-0.004199,1.830655,2.019022
2013-07-01,1727.0,1.0,0.004362,0.004362,1.83864,2.027828
2013-07-02,1727.5,1.0,0.00029,0.00029,1.839172,2.028415
2013-07-03,1729.25,1.0,0.001013,0.001013,1.841036,2.03047
2013-07-05,1747.5,1.0,0.010554,0.010554,1.860465,2.051899
2013-07-08,1755.75,1.0,0.004721,0.004721,1.869249,2.061586
2013-07-09,1765.75,1.0,0.005696,0.005696,1.879895,2.073328
2013-07-10,1768.75,1.0,0.001699,0.001699,1.883089,2.076851
2013-07-11,1790.25,1.0,0.012155,0.012155,1.905979,2.102096
2013-07-12,1790.5,1.0,0.00014,0.00014,1.906245,2.102389
2013-07-15,1797.75,1.0,0.004049,0.004049,1.913964,2.110902
2013-07-16,1791.5,1.0,-0.003477,-0.003477,1.90731,2.103564
2013-07-17,1795.75,1.0,0.002372,0.002372,1.911834,2.108554
2013-07-18,1800.75,1.0,0.002784,0.002784,1.917158,2.114425
2013-07-19,1809.75,1.0,0.004998,0.004998,1.926739,2.124993
2013-07-22,1810.5,1.0,0.000414,0.000414,1.927538,2.125873
2013-07-23,1808.5,1.0,-0.001105,-0.001105,1.925409,2.123525
2013-07-24,1804.0,1.0,-0.002488,-0.002488,1.920618,2.118241
2013-07-25,1804.25,1.0,0.000139,0.000139,1.920884,2.118535
2013-07-26,1806.75,1.0,0.001386,0.001386,1.923545,2.12147
2013-07-29,1802.75,1.0,-0.002214,-0.002214,1.919287,2.116773
2013-07-30,1805.0,1.0,0.001248,0.001248,1.921682,2.119415
2013-07-31,1800.75,1.0,-0.002355,-0.002355,1.917158,2.114425
2013-08-01,1820.5,1.0,0.010968,0.010968,1.938184,2.137615
2013-08-02,1824.25,1.0,0.00206,0.00206,1.942177,2.142018
2013-08-05,1822.75,1.0,-0.000822,-0.000822,1.94058,2.140257
2013-08-06,1814.25,1.0,-0.004663,-0.004663,1.93153,2.130277
2013-08-07,1808.5,1.0,-0.003169,-0.003169,1.925409,2.123525
2013-08-08,1814.0,1.0,0.003041,0.003041,1.931264,2.129983
2013-08-09,1806.5,1.0,-0.004135,-0.004135,1.923279,2.121177
2013-08-12,1807.25,1.0,0.000415,0.000415,1.924078,2.122057
2013-08-13,1811.0,1.0,0.002075,0.002075,1.92807,2.12646
2013-08-14,1802.25,1.0,-0.004832,-0.004832,1.918755,2.116186
2013-08-15,1776.0,1.0,-0.014565,-0.014565,1.890808,2.085364
2013-08-16,1771.25,1.0,-0.002675,-0.002675,1.885751,2.079786
2013-08-19,1765.25,1.0,-0.003387,-0.003387,1.879363,2.072741
2013-08-20,1770.75,1.0,0.003116,0.003116,1.885218,2.079199
2013-08-21,1756.75,1.0,-0.007906,-0.007906,1.870313,2.062761
2013-08-22,1775.0,1.0,0.010389,0.010389,1.889743,2.08419
2013-08-23,1781.75,1.0,0.003803,0.003803,1.896929,2.092115
2013-08-26,1774.5,1.0,-0.004069,-0.004069,1.889211,2.083602
2013-08-27,1748.5,1.0,-0.014652,-0.014652,1.86153,2.053073
2013-08-28,1752.5,1.0,0.002288,0.002288,1.865789,2.05777
2013-08-29,1757.0,1.0,0.002568,0.002568,1.870579,2.063054
2013-08-30,1751.5,1.0,-0.00313,-0.00313,1.864724,2.056596
2013-09-03,1759.25,0.5,0.001712,0.004425,1.867917,2.065696
2013-09-04,1773.75,0.5,0.004121,0.008242,1.875615,2.082722
2013-09-05,1773.25,0.5,-0.000141,-0.000282,1.87535,2.082135
2013-09-06,1773.75,0.5,0.000141,0.000282,1.875615,2.082722
2013-09-09,1789.25,0.5,0.004369,0.008739,1.88381,2.100922
2013-09-10,1802.75,0.5,0.003773,0.007545,1.890917,2.116773
2013-09-11,1809.0,0.5,0.001733,0.003467,1.894195,2.124112
2013-09-12,1805.0,0.5,-0.001106,-0.002211,1.8921,2.119415
2013-09-13,1808.75,0.5,0.001039,0.002078,1.894066,2.123818
2013-09-16,1818.0,0.5,0.002557,0.005114,1.898909,2.13468
2013-09-17,1825.0,0.5,0.001925,0.00385,1.902565,2.142899
2013-09-18,1844.5,0.5,0.005342,0.010685,1.912729,2.165796
2013-09-19,1844.25,0.5,-6.8e-05,-0.000136,1.912599,2.165502
2013-09-20,1829.25,0.5,-0.004067,-0.008133,1.904822,2.147889
2013-09-23,1819.5,0.5,-0.002665,-0.00533,1.899745,2.136441
2013-09-24,1819.25,0.5,-6.9e-05,-0.000137,1.899615,2.136147
2013-09-25,1812.5,0.5,-0.001855,-0.00371,1.896091,2.128222
2013-09-26,1819.25,0.5,0.001862,0.003724,1.899621,2.136147
2013-09-27,1813.25,0.5,-0.001649,-0.003298,1.896489,2.129102
2013-09-30,1801.0,0.5,-0.003378,-0.006756,1.890082,2.114718
2013-10-01,1816.25,1.0,0.007968,0.008468,1.905142,2.132625
2013-10-02,1809.75,1.0,-0.003579,-0.003579,1.898324,2.124993
2013-10-03,1796.5,1.0,-0.007321,-0.007321,1.884425,2.109435
2013-10-04,1811.5,1.0,0.00835,0.00835,1.900159,2.127047
2013-10-07,1794.5,1.0,-0.009384,-0.009384,1.882327,2.107086
2013-10-08,1777.25,1.0,-0.009613,-0.009613,1.864233,2.086831
2013-10-09,1775.5,1.0,-0.000985,-0.000985,1.862397,2.084777
2013-10-10,1811.75,1.0,0.020417,0.020417,1.900421,2.127341
2013-10-11,1825.75,1.0,0.007727,0.007727,1.915107,2.14378
2013-10-14,1831.5,1.0,0.003149,0.003149,1.921138,2.150531
2013-10-15,1819.0,1.0,-0.006825,-0.006825,1.908026,2.135854
2013-10-16,1840.5,1.0,0.01182,0.01182,1.930579,2.161099
2013-10-17,1855.25,1.0,0.008014,0.008014,1.94605,2.178418
2013-10-18,1863.25,1.0,0.004312,0.004312,1.954442,2.187812
2013-10-21,1864.75,1.0,0.000805,0.000805,1.956015,2.189573
2013-10-22,1876.25,1.0,0.006167,0.006167,1.968078,2.203076
2013-10-23,1868.5,1.0,-0.004131,-0.004131,1.959949,2.193976
2013-10-24,1875.25,1.0,0.003613,0.003613,1.967029,2.201902
2013-10-25,1880.75,1.0,0.002933,0.002933,1.972799,2.20836
2013-10-28,1885.0,1.0,0.00226,0.00226,1.977257,2.213351
2013-10-29,1894.25,1.0,0.004907,0.004907,1.986959,2.224212
2013-10-30,1887.5,1.0,-0.003563,-0.003563,1.979879,2.216286
2013-10-31,1881.75,1.0,-0.003046,-0.003046,1.973847,2.209534
2013-11-01,1881.25,1.0,-0.000266,-0.000266,1.973323,2.208947
2013-11-04,1889.5,1.0,0.004385,0.004385,1.981977,2.218634
2013-11-05,1883.5,1.0,-0.003175,-0.003175,1.975683,2.211589
2013-11-06,1892.5,1.0,0.004778,0.004778,1.985124,2.222157
2013-11-07,1872.25,1.0,-0.0107,-0.0107,1.963883,2.19838
2013-11-08,1893.25,1.0,0.011216,0.011216,1.98591,2.223038
2013-11-11,1894.25,1.0,0.000528,0.000528,1.986959,2.224212
2013-11-12,1891.75,1.0,-0.00132,-0.00132,1.984337,2.221276
2013-11-13,1905.25,1.0,0.007136,0.007136,1.998498,2.237128
2013-11-14,1914.25,1.0,0.004724,0.004724,2.007938,2.247696
2013-11-15,1920.0,1.0,0.003004,0.003004,2.01397,2.254447
2013-11-18,1915.5,1.0,-0.002344,-0.002344,2.009249,2.249163
2013-11-19,1912.0,1.0,-0.001827,-0.001827,2.005578,2.245054
2013-11-20,1906.5,1.0,-0.002877,-0.002877,1.999809,2.238596
2013-11-21,1920.5,1.0,0.007343,0.007343,2.014494,2.255034
2013-11-22,1928.0,1.0,0.003905,0.003905,2.022361,2.263841
2013-11-25,1929.0,1.0,0.000519,0.000519,2.02341,2.265015
2013-11-26,1928.75,1.0,-0.00013,-0.00013,2.023148,2.264721
2013-11-27,1931.0,1.0,0.001167,0.001167,2.025508,2.267363
2013-11-28,1935.625,1.0,0.002395,0.002395,2.030359,2.272794
2013-11-29,1930.75,1.0,-0.002519,-0.002519,2.025246,2.26707
2013-12-02,1927.0,1.0,-0.001942,-0.001942,2.021312,2.262667
2013-12-03,1918.25,1.0,-0.004541,-0.004541,2.012134,2.252392
2013-12-04,1918.75,1.0,0.000261,0.000261,2.012658,2.25298
2013-12-05,1911.0,1.0,-0.004039,-0.004039,2.004529,2.24388
2013-12-06,1931.5,1.0,0.010727,0.010727,2.026032,2.26795
2013-12-09,1935.75,1.0,0.0022,0.0022,2.03049,2.272941
2013-12-10,1930.0,1.0,-0.00297,-0.00297,2.024459,2.266189
2013-12-11,1907.5,1.0,-0.011658,-0.011658,2.000858,2.23977
2013-12-12,1901.5,1.0,-0.003145,-0.003145,1.994564,2.232725
2013-12-13,1901.75,1.0,0.000131,0.000131,1.994826,2.233018
2013-12-16,1913.0,1.0,0.005916,0.005916,2.006627,2.246228
2013-12-17,1905.75,1.0,-0.00379,-0.00379,1.999022,2.237715
2013-12-18,1937.25,1.0,0.016529,0.016529,2.032064,2.274702
2013-12-19,1934.75,1.0,-0.00129,-0.00129,2.029441,2.271767
2013-12-20,1947.0,1.0,0.006332,0.006332,2.042291,2.28615
2013-12-23,1956.25,1.0,0.004751,0.004751,2.051994,2.297012
2013-12-24,1961.75,1.0,0.002812,0.002812,2.057763,2.30347
2013-12-26,1969.5,1.0,0.003951,0.003951,2.065892,2.31257
2013-12-27,1969.25,1.0,-0.000127,-0.000127,2.06563,2.312276
2013-12-30,1967.75,1.0,-0.000762,-0.000762,2.064057,2.310515
2013-12-31,1979.0,1.0,0.005717,0.005717,2.075857,2.323725
2014-01-02,1959.0,1.0,-0.010106,-0.010106,2.054878,2.300241
2014-01-03,1958.0,1.0,-0.00051,-0.00051,2.053829,2.299067
2014-01-06,1953.25,1.0,-0.002426,-0.002426,2.048847,2.293489
2014-01-07,1963.25,1.0,0.00512,0.00512,2.059336,2.305231
2014-01-08,1965.0,1.0,0.000891,0.000891,2.061172,2.307286
2014-01-09,1965.75,1.0,0.000382,0.000382,2.061959,2.308167
2014-01-10,1970.25,1.0,0.002289,0.002289,2.066679,2.31345
2014-01-13,1947.75,1.0,-0.01142,-0.01142,2.043078,2.287031
2014-01-14,1965.75,1.0,0.009241,0.009241,2.061959,2.308167
2014-01-15,1974.25,1.0,0.004324,0.004324,2.070875,2.318147
2014-01-16,1969.0,1.0,-0.002659,-0.002659,2.065368,2.311983
2014-01-17,1967.0,1.0,-0.001016,-0.001016,2.06327,2.309634
2014-01-21,1971.25,1.0,0.002161,0.002161,2.067728,2.314625
2014-01-22,1971.75,1.0,0.000254,0.000254,2.068252,2.315212
2014-01-23,1956.5,1.0,-0.007734,-0.007734,2.052256,2.297305
2014-01-24,1914.25,1.0,-0.021595,-0.021595,2.007938,2.247696
2014-01-27,1908.25,1.0,-0.003134,-0.003134,2.001644,2.240651
2014-01-28,1920.75,1.0,0.006551,0.006551,2.014756,2.255328
2014-01-29,1904.25,1.0,-0.00859,-0.00859,1.997449,2.235954
2014-01-30,1913.75,1.0,0.004989,0.004989,2.007414,2.247109
2014-01-31,1910.5,1.0,-0.001698,-0.001698,2.004005,2.243292
2014-02-03,1865.75,0.5,-0.012212,-0.023423,1.979532,2.190747
2014-02-04,1876.75,0.5,0.002948,0.005896,1.985368,2.203663
2014-02-05,1877.0,0.5,6.7e-05,0.000133,1.9855,2.203957
2014-02-06,1899.75,0.5,0.00606,0.01212,1.997533,2.23067
2014-02-07,1926.0,0.5,0.006909,0.013818,2.011333,2.261492
2014-02-10,1927.5,0.5,0.000389,0.000779,2.012116,2.263254
2014-02-11,1946.25,0.5,0.004864,0.009728,2.021903,2.28527
2014-02-12,1950.0,0.5,0.000963,0.001927,2.023851,2.289673
2014-02-13,1957.0,0.5,0.001795,0.00359,2.027483,2.297892
2014-02-14,1967.75,0.5,0.002747,0.005493,2.033052,2.310515
2014-02-18,1970.25,0.5,0.000635,0.00127,2.034344,2.31345
2014-02-19,1958.0,0.5,-0.003109,-0.006217,2.028019,2.299067
2014-02-20,1968.75,0.5,0.002745,0.00549,2.033586,2.311689
2014-02-21,1966.75,0.5,-0.000508,-0.001016,2.032554,2.309341
2014-02-24,1978.75,0.5,0.003051,0.006101,2.038754,2.323431
2014-02-25,1979.0,0.5,6.3e-05,0.000126,2.038883,2.323725
2014-02-26,1974.5,0.5,-0.001137,-0.002274,2.036565,2.318441
2014-02-27,1986.75,0.5,0.003102,0.006204,2.042883,2.332825
2014-02-28,1993.25,0.5,0.001636,0.003272,2.046224,2.340457
2014-03-03,1976.0,1.0,-0.009154,-0.008654,2.027493,2.320202
2014-03-04,2004.5,1.0,0.014423,0.014423,2.056735,2.353666
2014-03-05,2005.0,1.0,0.000249,0.000249,2.057248,2.354254
2014-03-06,2009.25,1.0,0.00212,0.00212,2.061609,2.359244
2014-03-07,2008.6875,1.0,-0.00028,-0.00028,2.061032,2.358583
2014-03-10,2009.75,1.0,0.000529,0.000529,2.062122,2.359831
2014-03-11,2000.25,1.0,-0.004727,-0.004727,2.052375,2.348676
2014-03-12,2001.0,1.0,0.000375,0.000375,2.053144,2.349557
2014-03-13,1980.5,1.0,-0.010245,-0.010245,2.03211,2.325486
2014-03-14,1972.75,1.0,-0.003913,-0.003913,2.024158,2.316386
2014-03-17,1990.75,1.0,0.009124,0.009124,2.042627,2.337521
2014-03-18,2003.75,1.0,0.00653,0.00653,2.055966,2.352786
2014-03-19,1992.25,1.0,-0.005739,-0.005739,2.044166,2.339283
2014-03-20,2006.25,1.0,0.007027,0.007027,2.058531,2.355721
2014-03-21,1997.0,1.0,-0.004611,-0.004611,2.04904,2.34486
2014-03-25,1999.25,1.0,0.001127,0.001127,2.051349,2.347502
2014-03-26,1982.25,1.0,-0.008503,-0.008503,2.033906,2.327541
2014-03-27,1980.0,1.0,-0.001135,-0.001135,2.031597,2.324899
2014-03-28,1988.0,1.0,0.00404,0.00404,2.039805,2.334292
2014-03-31,2004.25,1.0,0.008174,0.008174,2.056479,2.353373
2014-04-01,2014.5,1.0,0.005114,0.005114,2.066996,2.365408
2014-04-02,2019.75,1.0,0.002606,0.002606,2.072383,2.371573
2014-04-03,2017.0,1.0,-0.001362,-0.001362,2.069561,2.368344
2014-04-07,1981.75,1.0,-0.017476,-0.017476,2.033393,2.326954
2014-04-10,1967.25,1.0,-0.007317,-0.007317,2.018515,2.309928
2014-04-11,1951.75,1.0,-0.007879,-0.007879,2.002611,2.291728
2014-04-14,1954.5,1.0,0.001409,0.001409,2.005433,2.294957
2014-04-15,1971.25,1.0,0.00857,0.00857,2.022619,2.314625
2014-04-16,1990.75,1.0,0.009892,0.009892,2.042627,2.337521
2014-04-17,2001.5,1.0,0.0054,0.0054,2.053657,2.350144
2014-04-21,2005.0,1.0,0.001749,0.001749,2.057248,2.354254
2014-04-22,2017.75,1.0,0.006359,0.006359,2.070331,2.369224
2014-04-23,2009.75,1.0,-0.003965,-0.003965,2.062122,2.359831
2014-04-25,1996.0,1.0,-0.006842,-0.006842,2.048014,2.343686
2014-04-28,1998.975,1.0,0.00149,0.00149,2.051066,2.347179
2014-04-30,2018.5,1.0,0.009768,0.009768,2.0711,2.370105
2014-05-01,2017.5,1.0,-0.000495,-0.000495,2.070074,2.368931
2014-05-02,2014.25,1.0,-0.001611,-0.001611,2.06674,2.365115
2014-05-05,2019.0,1.0,0.002358,0.002358,2.071613,2.370692
2014-05-06,2005.0,1.0,-0.006934,-0.006934,2.057248,2.354254
2014-05-07,2009.25,1.0,0.00212,0.00212,2.061609,2.359244
2014-05-08,2011.25,1.0,0.000995,0.000995,2.063661,2.361592
2014-05-09,2011.5,1.0,0.000124,0.000124,2.063918,2.361886
2014-05-12,2032.0,1.0,0.010191,0.010191,2.084952,2.385957
2014-05-13,2033.75,1.0,0.000861,0.000861,2.086748,2.388012
2014-05-14,2023.5,1.0,-0.00504,-0.00504,2.076231,2.375976
2014-05-15,2008.5,1.0,-0.007413,-0.007413,2.06084,2.358363
2014-05-16,2015.0,1.0,0.003236,0.003236,2.067509,2.365995
2014-05-19,2020.75,1.0,0.002854,0.002854,2.073409,2.372747
2014-05-20,2012.5,1.0,-0.004083,-0.004083,2.064944,2.36306
2014-05-21,2024.5,1.0,0.005963,0.005963,2.077257,2.37715
2014-05-22,2030.0,1.0,0.002717,0.002717,2.0829,2.383608
2014-05-23,2038.25,1.0,0.004064,0.004064,2.091365,2.393295
2014-05-27,2046.875,1.0,0.004232,0.004232,2.100215,2.403423
2014-05-28,2047.5,1.0,0.000305,0.000305,2.100856,2.404157
2014-05-29,2056.25,1.0,0.004274,0.004274,2.109834,2.414431
2014-05-30,2056.0625,1.0,-9.1e-05,-9.1e-05,2.109642,2.414211
2014-06-02,2061.5,1.0,0.002645,0.002645,2.115221,2.420595
2014-06-03,2062.5,1.0,0.000485,0.000485,2.116247,2.42177
2014-06-04,2065.75,1.0,0.001576,0.001576,2.119582,2.425586
2014-06-05,2078.5,1.0,0.006172,0.006172,2.132664,2.440557
2014-06-06,2085.25,1.0,0.003248,0.003248,2.13959,2.448482
2014-06-09,2088.5,1.0,0.001559,0.001559,2.142924,2.452298
2014-06-10,2089.0,1.0,0.000239,0.000239,2.143437,2.452886
2014-06-11,2084.0,1.0,-0.002393,-0.002393,2.138307,2.447015
2014-06-12,2070.25,1.0,-0.006598,-0.006598,2.124199,2.430869
2014-06-13,2075.25,1.0,0.002415,0.002415,2.129329,2.43674
2014-06-16,2076.25,1.0,0.000482,0.000482,2.130355,2.437915
2014-06-17,2081.5,1.0,0.002529,0.002529,2.135742,2.444079
2014-06-18,2096.5,1.0,0.007206,0.007206,2.151133,2.461692
2014-06-19,2097.25,1.0,0.000358,0.000358,2.151902,2.462573
2014-06-20,2101.5,1.0,0.002026,0.002026,2.156263,2.467563
2014-06-23,2100.5,1.0,-0.000476,-0.000476,2.155237,2.466389
2014-06-24,2090.25,1.0,-0.00488,-0.00488,2.14472,2.454353
2014-06-25,2097.0,1.0,0.003229,0.003229,2.151646,2.462279
2014-06-26,2096.0,1.0,-0.000477,-0.000477,2.15062,2.461105
2014-06-27,2098.5,1.0,0.001193,0.001193,2.153185,2.46404
2014-06-30,2101.0,1.0,0.001191,0.001191,2.15575,2.466976
2014-07-01,2112.75,1.0,0.005593,0.005593,2.167806,2.480773
2014-07-02,2114.0,1.0,0.000592,0.000592,2.169089,2.48224
2014-07-03,2124.75,1.0,0.005085,0.005085,2.180119,2.494863
2014-07-07,2117.75,1.0,-0.003295,-0.003295,2.172937,2.486644
2014-07-08,2106.75,1.0,-0.005194,-0.005194,2.16165,2.473727
2014-07-09,2113.75,1.0,0.003323,0.003323,2.168832,2.481947
2014-07-10,2104.5,1.0,-0.004376,-0.004376,2.159341,2.471086
2014-07-11,2109.25,1.0,0.002257,0.002257,2.164215,2.476663
2014-07-14,2118.0,1.0,0.004148,0.004148,2.173193,2.486937
2014-07-15,2115.0,1.0,-0.001416,-0.001416,2.170115,2.483415
2014-07-16,2122.25,1.0,0.003428,0.003428,2.177554,2.491927
2014-07-17,2100.25,1.0,-0.010366,-0.010366,2.154981,2.466095
2014-07-18,2118.0,1.0,0.008451,0.008451,2.173193,2.486937
2014-07-21,2113.75,1.0,-0.002007,-0.002007,2.168832,2.481947
2014-07-22,2122.75,1.0,0.004258,0.004258,2.178067,2.492515
2014-07-23,2127.5,1.0,0.002238,0.002238,2.182941,2.498092
2014-07-24,2128.0,1.0,0.000235,0.000235,2.183454,2.498679
2014-07-25,2119.125,1.0,-0.004171,-0.004171,2.174347,2.488258
2014-07-28,2119.75,1.0,0.000295,0.000295,2.174989,2.488992
2014-07-29,2118.375,1.0,-0.000649,-0.000649,2.173578,2.487377
2014-07-30,2107.875,1.0,-0.004957,-0.004957,2.162804,2.475048
2014-08-06,2061.75,1.0,-0.021882,-0.021882,2.115477,2.420889
2014-08-07,2055.625,1.0,-0.002971,-0.002971,2.109193,2.413697
2014-08-08,2061.375,1.0,0.002797,0.002797,2.115093,2.420449
2014-08-11,2079.5,1.0,0.008793,0.008793,2.13369,2.441731
2014-08-12,2077.0,1.0,-0.001202,-0.001202,2.131125,2.438795
2014-08-13,2091.0,1.0,0.00674,0.00674,2.14549,2.455234
2014-08-14,2100.5,1.0,0.004543,0.004543,2.155237,2.466389
2014-08-15,2099.0,1.0,-0.000714,-0.000714,2.153698,2.464627
2014-08-18,2115.0,1.0,0.007623,0.007623,2.170115,2.483415
2014-08-19,2124.25,1.0,0.004374,0.004374,2.179606,2.494276
2014-08-20,2130.5,1.0,0.002942,0.002942,2.186019,2.501615
2014-08-21,2136.5,1.0,0.002816,0.002816,2.192175,2.50866
2014-08-22,2133.75,1.0,-0.001287,-0.001287,2.189354,2.505431
2014-08-25,2142.25,1.0,0.003984,0.003984,2.198075,2.515411
2014-08-26,2145.25,1.0,0.0014,0.0014,2.201153,2.518934
2014-08-27,2144.25,1.0,-0.000466,-0.000466,2.200127,2.51776
2014-08-28,2144.25,1.0,0.0,0.0,2.200127,2.51776
2014-08-29,2147.25,1.0,0.001399,0.001399,2.203205,2.521282
2014-09-02,2146.75,1.0,-0.000233,-0.000233,2.202692,2.520695
2014-09-03,2146.25,1.0,-0.000233,-0.000233,2.202179,2.520108
2014-09-04,2144.5,1.0,-0.000815,-0.000815,2.200384,2.518053
2014-09-05,2152.5,1.0,0.00373,0.00373,2.208592,2.527447
2014-09-08,2147.75,1.0,-0.002207,-0.002207,2.203718,2.521869
2014-09-09,2134.75,1.0,-0.006053,-0.006053,2.19038,2.506605
2014-09-10,2141.75,1.0,0.003279,0.003279,2.197562,2.514824
2014-09-11,2143.25,1.0,0.0007,0.0007,2.199101,2.516585
2014-09-12,2131.0,1.0,-0.005716,-0.005716,2.186532,2.502202
2014-09-15,2130.5,1.0,-0.000235,-0.000235,2.186019,2.501615
2014-09-16,2146.5,1.0,0.00751,0.00751,2.202436,2.520402
2014-09-17,2148.5,1.0,0.000932,0.000932,2.204488,2.52275
2014-09-18,2158.75,1.0,0.004771,0.004771,2.215005,2.534785
2014-09-19,2157.5,1.0,-0.000579,-0.000579,2.213723,2.533318
2014-09-22,2140.25,1.0,-0.007995,-0.007995,2.196023,2.513063
2014-09-23,2135.25,1.0,-0.002336,-0.002336,2.190893,2.507192
2014-09-24,2146.0,1.0,0.005035,0.005035,2.201923,2.519814
2014-09-25,2117.0,1.0,-0.013514,-0.013514,2.172167,2.485763
2014-09-26,2129.25,1.0,0.005786,0.005786,2.184736,2.500147
2014-09-29,2126.5,1.0,-0.001292,-0.001292,2.181915,2.496918
2014-09-30,2124.5,1.0,-0.000941,-0.000941,2.179863,2.494569
2014-10-01,2092.75,0.5,-0.007972,-0.014945,2.162484,2.457289
2014-10-02,2094.5,0.5,0.000418,0.000836,2.163388,2.459344
2014-10-03,2115.25,0.5,0.004953,0.009907,2.174104,2.483708
2014-10-06,2110.5,0.5,-0.001123,-0.002246,2.171663,2.478131
2014-10-07,2087.5,0.5,-0.005449,-0.010898,2.15983,2.451124
2014-10-08,2118.0,0.5,0.007305,0.014611,2.175608,2.486937
2014-10-09,2080.0,0.5,-0.008971,-0.017941,2.156092,2.442318
2014-10-10,2059.75,0.5,-0.004868,-0.009736,2.145596,2.41854
2014-10-13,2020.5,0.5,-0.009528,-0.019056,2.125153,2.372453
2014-10-14,2029.5,0.5,0.002227,0.004454,2.129886,2.383021
2014-10-15,2009.75,0.5,-0.004866,-0.009731,2.119523,2.359831
2014-10-16,2005.0,0.5,-0.001182,-0.002363,2.117018,2.354254
2014-10-17,2035.25,0.5,0.007544,0.015087,2.132988,2.389773
2014-10-20,2051.75,0.5,0.004054,0.008107,2.141634,2.409147
2014-10-21,2087.0,0.5,0.00859,0.01718,2.160031,2.450537
2014-10-22,2077.0,0.5,-0.002396,-0.004792,2.154857,2.438795
2014-10-23,2099.25,0.5,0.005356,0.010713,2.166399,2.464921
2014-10-24,2112.0,0.5,0.003037,0.006074,2.172977,2.479892
2014-10-27,2111.75,0.5,-5.9e-05,-0.000118,2.172849,2.479598
2014-10-28,2134.5,0.5,0.005387,0.010773,2.184553,2.506311
2014-10-29,2126.75,0.5,-0.001815,-0.003631,2.180587,2.497211
2014-10-30,2143.25,0.5,0.003879,0.007758,2.189046,2.516585
2014-10-31,2164.5,0.5,0.004957,0.009915,2.199898,2.541537
2014-11-03,2166.0,1.0,0.000193,0.000693,2.200323,2.543298
2014-11-04,2161.0,1.0,-0.002308,-0.002308,2.195243,2.537427
2014-11-05,2171.75,1.0,0.004975,0.004975,2.206164,2.55005
2014-11-06,2180.5,1.0,0.004029,0.004029,2.215052,2.560324
2014-11-07,2181.25,1.0,0.000344,0.000344,2.215814,2.561205
2014-11-10,2187.25,1.0,0.002751,0.002751,2.221909,2.56825
2014-11-11,2189.0,1.0,0.0008,0.0008,2.223687,2.570305
2014-11-12,2189.0,1.0,0.0,0.0,2.223687,2.570305
2014-11-13,2189.25,1.0,0.000114,0.000114,2.223941,2.570598
2014-11-14,2190.5,1.0,0.000571,0.000571,2.225211,2.572066
2014-11-17,2192.75,1.0,0.001027,0.001027,2.227496,2.574708
2014-11-18,2204.25,1.0,0.005245,0.005245,2.239179,2.588211
2014-11-19,2201.0,1.0,-0.001474,-0.001474,2.235877,2.584395
2014-11-20,2204.5,1.0,0.00159,0.00159,2.239433,2.588505
2014-11-21,2214.25,1.0,0.004423,0.004423,2.249337,2.599953
2014-11-24,2221.75,1.0,0.003387,0.003387,2.256956,2.608759
2014-11-25,2221.5,1.0,-0.000113,-0.000113,2.256702,2.608466
2014-11-26,2226.0,1.0,0.002026,0.002026,2.261273,2.61375
2014-11-27,2227.875,1.0,0.000842,0.000842,2.263178,2.615951
2014-11-28,2221.25,1.0,-0.002974,-0.002974,2.256448,2.608172
2014-12-01,2205.25,1.0,-0.007203,-0.007203,2.240195,2.589385
2014-12-02,2219.25,1.0,0.006348,0.006348,2.254416,2.605824
2014-12-03,2227.5,1.0,0.003717,0.003717,2.262797,2.615511
2014-12-04,2225.25,1.0,-0.00101,-0.00101,2.260511,2.612869
2014-12-05,2229.75,1.0,0.002022,0.002022,2.265083,2.618153
2014-12-08,2215.0,1.0,-0.006615,-0.006615,2.250099,2.600834
2014-12-09,2215.0,1.0,0.0,0.0,2.250099,2.600834
2014-12-10,2181.0,1.0,-0.01535,-0.01535,2.21556,2.560911
2014-12-11,2188.25,1.0,0.003324,0.003324,2.222925,2.569424
2014-12-12,2157.25,1.0,-0.014167,-0.014167,2.191434,2.533024
2014-12-15,2141.5,1.0,-0.007301,-0.007301,2.175434,2.514531
2014-12-16,2131.5,1.0,-0.00467,-0.00467,2.165276,2.502789
2014-12-17,2167.75,1.0,0.017007,0.017007,2.2021,2.545353
2014-12-18,2208.25,1.0,0.018683,0.018683,2.243242,2.592908
2014-12-19,2234.0,1.0,0.011661,0.011661,2.2694,2.623143
2014-12-22,2231.75,1.0,-0.001007,-0.001007,2.267114,2.620501
2014-12-23,2238.75,1.0,0.003137,0.003137,2.274225,2.628721
2014-12-24,2238.5,1.0,-0.000112,-0.000112,2.273971,2.628427
2014-12-29,2246.0,1.0,0.00335,0.00335,2.28159,2.637234
2014-12-30,2235.75,1.0,-0.004564,-0.004564,2.271178,2.625198
2014-12-31,2220.25,1.0,-0.006933,-0.006933,2.255432,2.606998
2015-01-02,2208.75,1.0,-0.00518,-0.00518,2.24375,2.593495
2015-01-05,2175.75,1.0,-0.014941,-0.014941,2.210227,2.554747
2015-01-06,2160.75,1.0,-0.006894,-0.006894,2.194989,2.537134
2015-01-07,2176.0,1.0,0.007058,0.007058,2.210481,2.55504
2015-01-08,2212.75,1.0,0.016889,0.016889,2.247813,2.598192
2015-01-09,2203.0,1.0,-0.004406,-0.004406,2.237909,2.586743
2015-01-12,2179.0,1.0,-0.010894,-0.010894,2.213529,2.558563
2015-01-13,2178.75,1.0,-0.000115,-0.000115,2.213275,2.558269
2015-01-14,2162.0,1.0,-0.007688,-0.007688,2.196259,2.538602
2015-01-15,2150.5,1.0,-0.005319,-0.005319,2.184577,2.525098
2015-01-16,2169.75,1.0,0.008951,0.008951,2.204132,2.547702
2015-01-19,2169.125,1.0,-0.000288,-0.000288,2.203497,2.546968
2015-01-20,2177.0,1.0,0.00363,0.00363,2.211497,2.556214
2015-01-21,2186.5,1.0,0.004364,0.004364,2.221147,2.567369
2015-01-22,2215.75,1.0,0.013378,0.013378,2.250861,2.601714
2015-01-23,2207.5,1.0,-0.003723,-0.003723,2.24248,2.592027
2015-01-26,2213.0,1.0,0.002492,0.002492,2.248067,2.598485
2015-01-27,2185.75,1.0,-0.012314,-0.012314,2.220386,2.566489
2015-01-28,2156.5,1.0,-0.013382,-0.013382,2.190672,2.532143
2015-01-29,2175.0,1.0,0.008579,0.008579,2.209465,2.553866
2015-01-30,2151.25,1.0,-0.01092,-0.01092,2.185339,2.525979
2015-02-02,2174.25,0.0,-0.001,0.010691,2.183153,2.552985
2015-02-03,2200.25,0.0,0.0,0.011958,2.183153,2.583514
2015-02-04,2197.5,0.0,0.0,-0.00125,2.183153,2.580285
2015-02-05,2216.0,0.0,0.0,0.008419,2.183153,2.602008
2015-02-06,2204.75,0.0,0.0,-0.005077,2.183153,2.588798
2015-02-09,2202.5,0.0,0.0,-0.001021,2.183153,2.586156
2015-02-10,2225.5,0.0,0.0,0.010443,2.183153,2.613163
2015-02-11,2223.75,0.0,0.0,-0.000786,2.183153,2.611108
2015-02-12,2243.5,0.0,0.0,0.008881,2.183153,2.634298
2015-02-13,2251.25,0.0,0.0,0.003454,2.183153,2.643398
2015-02-16,2247.375,0.0,0.0,-0.001721,2.183153,2.638848
2015-02-17,2255.25,0.0,0.0,0.003504,2.183153,2.648095
2015-02-18,2255.75,0.0,0.0,0.000222,2.183153,2.648682
2015-02-19,2255.25,0.0,0.0,-0.000222,2.183153,2.648095
2015-02-20,2266.5,0.0,0.0,0.004988,2.183153,2.661305
2015-02-23,2262.0,0.0,0.0,-0.001985,2.183153,2.656021
2015-02-24,2274.0,0.0,0.0,0.005305,2.183153,2.670111
2015-02-25,2269.5,0.0,0.0,-0.001979,2.183153,2.664827
2015-02-26,2267.75,0.0,0.0,-0.000771,2.183153,2.662772
2015-02-27,2269.875,0.0,0.0,0.000937,2.183153,2.665267
2015-03-02,2274.5,1.0,0.001038,0.002038,2.185419,2.670698
2015-03-03,2265.5,1.0,-0.003957,-0.003957,2.176771,2.66013
2015-03-04,2256.0,1.0,-0.004193,-0.004193,2.167643,2.648976
2015-03-05,2260.25,1.0,0.001884,0.001884,2.171727,2.653966
2015-03-06,2228.25,1.0,-0.014158,-0.014158,2.14098,2.616392
2015-03-09,2237.25,1.0,0.004039,0.004039,2.149628,2.626959
2015-03-10,2201.5,1.0,-0.015979,-0.015979,2.115278,2.584982
2015-03-11,2199.5,1.0,-0.000908,-0.000908,2.113356,2.582634
2015-03-12,2223.25,1.0,0.010798,0.010798,2.136176,2.610521
2015-03-13,2209.5,1.0,-0.006185,-0.006185,2.122964,2.594376
2015-03-16,2235.25,1.0,0.011654,0.011654,2.147706,2.624611
2015-03-17,2233.5,1.0,-0.000783,-0.000783,2.146024,2.622556
2015-03-18,2260.5,1.0,0.012089,0.012089,2.171967,2.654259
2015-03-19,2249.25,1.0,-0.004977,-0.004977,2.161158,2.64105
2015-03-20,2266.75,1.0,0.00778,0.00778,2.177972,2.661598
2015-03-23,2262.25,1.0,-0.001985,-0.001985,2.173648,2.656314
2015-03-24,2252.25,1.0,-0.00442,-0.00442,2.16404,2.644572
2015-03-25,2221.0,1.0,-0.013875,-0.013875,2.134014,2.607879
2015-03-26,2215.25,1.0,-0.002589,-0.002589,2.128489,2.601127
2015-03-27,2220.0,1.0,0.002144,0.002144,2.133053,2.606705
2015-03-30,2246.25,1.0,0.011824,0.011824,2.158275,2.637527
2015-03-31,2229.5,1.0,-0.007457,-0.007457,2.142181,2.617859
2015-04-01,2216.5,1.0,-0.005831,-0.005831,2.12969,2.602595
2015-04-02,2229.5,1.0,0.005865,0.005865,2.142181,2.617859
2015-04-06,2237.875,1.0,0.003756,0.003756,2.150228,2.627693
2015-04-07,2237.5,1.0,-0.000168,-0.000168,2.149868,2.627253
2015-04-08,2239.75,1.0,0.001006,0.001006,2.15203,2.629895
2015-04-09,2250.25,1.0,0.004688,0.004688,2.162118,2.642224
2015-04-10,2261.75,1.0,0.005111,0.005111,2.173168,2.655727
2015-04-13,2253.0,1.0,-0.003869,-0.003869,2.164761,2.645453
2015-04-14,2255.25,1.0,0.000999,0.000999,2.166923,2.648095
2015-04-15,2267.75,1.0,0.005543,0.005543,2.178933,2.662772
2015-04-16,2265.25,1.0,-0.001102,-0.001102,2.176531,2.659837
2015-04-17,2240.25,1.0,-0.011036,-0.011036,2.15251,2.630482
2015-04-20,2260.5,1.0,0.009039,0.009039,2.171967,2.654259
2015-04-21,2257.0,1.0,-0.001548,-0.001548,2.168604,2.65015
2015-04-22,2268.25,1.0,0.004984,0.004984,2.179413,2.663359
2015-04-23,2276.0,1.0,0.003417,0.003417,2.18686,2.672459
2015-04-24,2279.0,1.0,0.001318,0.001318,2.189742,2.675982
2015-04-27,2268.5,1.0,-0.004607,-0.004607,2.179654,2.663653
2015-04-28,2273.5,1.0,0.002204,0.002204,2.184458,2.669524
2015-04-29,2266.0,1.0,-0.003299,-0.003299,2.177252,2.660717
2015-04-30,2248.75,1.0,-0.007613,-0.007613,2.160677,2.640463
2015-05-01,2268.25,0.5,0.003836,0.008671,2.168965,2.663359
2015-05-04,2275.75,0.5,0.001653,0.003307,2.172551,2.672166
2015-05-05,2251.25,0.5,-0.005383,-0.010766,2.160856,2.643398
2015-05-06,2241.75,0.5,-0.00211,-0.00422,2.156297,2.632243
2015-05-07,2251.0,0.5,0.002063,0.004126,2.160746,2.643105
2015-05-08,2278.75,0.5,0.006164,0.012328,2.174064,2.675688
2015-05-11,2268.25,0.5,-0.002304,-0.004608,2.169056,2.663359
2015-05-12,2262.5,0.5,-0.001267,-0.002535,2.166306,2.656608
2015-05-13,2260.75,0.5,-0.000387,-0.000773,2.165469,2.654553
2015-05-14,2284.0,0.5,0.005142,0.010284,2.176604,2.681853
2015-05-15,2285.0,0.5,0.000219,0.000438,2.17708,2.683027
2015-05-18,2293.0,0.5,0.001751,0.003501,2.180891,2.692421
2015-05-19,2291.25,0.5,-0.000382,-0.000763,2.180059,2.690366
2015-05-20,2291.0,0.5,-5.5e-05,-0.000109,2.17994,2.690072
2015-05-21,2296.25,0.5,0.001146,0.002292,2.182438,2.696237
2015-05-22,2292.25,0.5,-0.000871,-0.001742,2.180537,2.69154
2015-05-25,2291.625,0.5,-0.000136,-0.000273,2.18024,2.690806
2015-05-26,2269.0,0.5,-0.004936,-0.009873,2.169477,2.66424
2015-05-27,2291.0,0.5,0.004848,0.009696,2.179994,2.690072
2015-05-28,2286.25,0.5,-0.001037,-0.002073,2.177735,2.684495
2015-05-29,2274.0,0.5,-0.002679,-0.005358,2.1719,2.670111
2015-06-01,2276.0,1.0,0.00038,0.00088,2.172725,2.672459
2015-06-02,2275.0,1.0,-0.000439,-0.000439,2.17177,2.671285
2015-06-03,2279.75,1.0,0.002088,0.002088,2.176304,2.676863
2015-06-04,2258.5,1.0,-0.009321,-0.009321,2.156019,2.651911
2015-06-05,2258.0,1.0,-0.000221,-0.000221,2.155541,2.651324
2015-06-08,2248.25,1.0,-0.004318,-0.004318,2.146234,2.639876
2015-06-09,2247.25,1.0,-0.000445,-0.000445,2.145279,2.638701
2015-06-10,2272.5,1.0,0.011236,0.011236,2.169383,2.66835
2015-06-11,2274.5,1.0,0.00088,0.00088,2.171293,2.670698
2015-06-12,2261.0,1.0,-0.005935,-0.005935,2.158405,2.654846
2015-06-15,2250.75,1.0,-0.004533,-0.004533,2.14862,2.642811
2015-06-16,2262.0,1.0,0.004998,0.004998,2.15936,2.656021
2015-06-17,2267.75,1.0,0.002542,0.002542,2.164849,2.662772
2015-06-18,2287.5,1.0,0.008709,0.008709,2.183703,2.685963
2015-06-19,2280.0,1.0,-0.003279,-0.003279,2.176543,2.677156
2015-06-22,2289.5,1.0,0.004167,0.004167,2.185612,2.688311
2015-06-23,2291.25,1.0,0.000764,0.000764,2.187283,2.690366
2015-06-24,2276.5,1.0,-0.006438,-0.006438,2.173202,2.673046
2015-06-25,2269.5,1.0,-0.003075,-0.003075,2.166519,2.664827
2015-06-26,2267.5,1.0,-0.000881,-0.000881,2.16461,2.662479
2015-06-29,2227.75,1.0,-0.01753,-0.01753,2.126664,2.615805
2015-06-30,2233.75,1.0,0.002693,0.002693,2.132392,2.62285
2015-07-01,2242.5,0.5,0.001459,0.003917,2.135502,2.633124
2015-07-02,2244.75,0.5,0.000502,0.001003,2.136573,2.635766
2015-07-03,2239.875,0.5,-0.001086,-0.002172,2.134253,2.630042
2015-07-06,2233.75,0.5,-0.001367,-0.002735,2.131335,2.62285
2015-07-07,2247.5,0.5,0.003078,0.006156,2.137895,2.638995
2015-07-08,2216.5,0.5,-0.006897,-0.013793,2.123151,2.602595
2015-07-09,2224.25,0.5,0.001748,0.003497,2.126863,2.611695
2015-07-10,2247.5,0.5,0.005226,0.010453,2.137979,2.638995
2015-07-13,2268.5,0.5,0.004672,0.009344,2.147967,2.663653
2015-07-14,2278.0,0.5,0.002094,0.004188,2.152465,2.674808
2015-07-15,2275.0,0.5,-0.000658,-0.001317,2.151047,2.671285
2015-07-16,2292.25,0.5,0.003791,0.007582,2.159202,2.69154
2015-07-17,2294.5,0.5,0.000491,0.000982,2.160262,2.694182
2015-07-20,2296.25,0.5,0.000381,0.000763,2.161086,2.696237
2015-07-21,2288.75,0.5,-0.001633,-0.003266,2.157557,2.68743
2015-07-22,2279.75,0.5,-0.001966,-0.003932,2.153314,2.676863
2015-07-23,2269.25,0.5,-0.002303,-0.004606,2.148356,2.664534
2015-07-24,2248.25,0.5,-0.004627,-0.009254,2.138415,2.639876
2015-07-27,2233.25,0.5,-0.003336,-0.006672,2.131281,2.622263
2015-07-28,2261.25,0.5,0.006269,0.012538,2.144642,2.65514
2015-07-29,2277.0,0.5,0.003483,0.006965,2.152111,2.673634
2015-07-30,2277.5,0.5,0.00011,0.00022,2.152347,2.674221
2015-07-31,2271.25,0.5,-0.001372,-0.002744,2.149394,2.666882
2015-08-03,2263.25,1.0,-0.004022,-0.003522,2.140749,2.657488
2015-08-04,2259.5,1.0,-0.001657,-0.001657,2.137202,2.653085
2015-08-05,2270.0,1.0,0.004647,0.004647,2.147133,2.665414
2015-08-06,2254.75,1.0,-0.006718,-0.006718,2.132709,2.647508
2015-08-07,2246.25,1.0,-0.00377,-0.00377,2.124669,2.637527
2015-08-10,2272.25,1.0,0.011575,0.011575,2.149262,2.668056
2015-08-11,2253.75,1.0,-0.008142,-0.008142,2.131763,2.646334
2015-08-12,2256.0,1.0,0.000998,0.000998,2.133891,2.648976
2015-08-13,2254.5,1.0,-0.000665,-0.000665,2.132472,2.647214
2015-08-14,2263.25,1.0,0.003881,0.003881,2.140749,2.657488
2015-08-17,2272.25,1.0,0.003977,0.003977,2.149262,2.668056
2015-08-18,2268.5,1.0,-0.00165,-0.00165,2.145714,2.663653
2015-08-19,2257.5,1.0,-0.004849,-0.004849,2.13531,2.650737
2015-08-20,2213.5,1.0,-0.019491,-0.019491,2.093691,2.599072
2015-08-21,2154.25,1.0,-0.026768,-0.026768,2.037648,2.529502
2015-08-24,2078.25,1.0,-0.035279,-0.035279,1.965762,2.440263
2015-08-25,2052.5,1.0,-0.01239,-0.01239,1.941406,2.410028
2015-08-26,2109.25,1.0,0.027649,0.027649,1.995084,2.476663
2015-08-27,2151.25,1.0,0.019912,0.019912,2.034811,2.525979
2015-08-28,2152.0,1.0,0.000349,0.000349,2.03552,2.52686
2015-08-31,2148.375,1.0,-0.001684,-0.001684,2.032091,2.522603
2015-09-02,2118.25,0.0,-0.001,-0.014022,2.030059,2.487231
2015-09-03,2128.25,0.0,0.0,0.004721,2.030059,2.498973
2015-09-04,2098.75,0.0,0.0,-0.013861,2.030059,2.464334
2015-09-07,2107.625,0.0,0.0,0.004229,2.030059,2.474755
2015-09-08,2142.25,0.0,0.0,0.016428,2.030059,2.515411
2015-09-09,2110.75,0.0,0.0,-0.014704,2.030059,2.478424
2015-09-10,2126.0,0.0,0.0,0.007225,2.030059,2.496331
2015-09-11,2135.0,0.0,0.0,0.004233,2.030059,2.506898
2015-09-14,2127.25,0.0,0.0,-0.00363,2.030059,2.497798
2015-09-15,2155.5,0.0,0.0,0.01328,2.030059,2.530969
2015-09-16,2170.75,0.0,0.0,0.007075,2.030059,2.548876
2015-09-17,2163.25,0.0,0.0,-0.003455,2.030059,2.540069
2015-09-18,2130.75,0.0,0.0,-0.015024,2.030059,2.501908
2015-09-21,2145.125,0.0,0.0,0.006746,2.030059,2.518787
2015-09-22,2114.75,0.0,0.0,-0.01416,2.030059,2.483121
2015-09-23,2114.75,0.0,0.0,0.0,2.030059,2.483121
2015-09-24,2108.75,0.0,0.0,-0.002837,2.030059,2.476076
2015-09-25,2107.75,0.0,0.0,-0.000474,2.030059,2.474902
2015-09-28,2058.25,0.0,0.0,-0.023485,2.030059,2.416779
2015-09-29,2060.5,0.0,0.0,0.001093,2.030059,2.419421
2015-09-30,2095.0,0.0,0.0,0.016744,2.030059,2.459931
2015-10-01,2099.0,0.0,0.0,0.001909,2.030059,2.464627
2015-10-02,2124.5,0.0,0.0,0.012149,2.030059,2.494569
2015-10-05,2162.5,0.0,0.0,0.017887,2.030059,2.539189
2015-10-06,2155.5,0.0,0.0,-0.003237,2.030059,2.530969
2015-10-07,2171.0,0.0,0.0,0.007191,2.030059,2.549169
2015-10-08,2190.75,0.0,0.0,0.009097,2.030059,2.57236
2015-10-09,2193.0,0.0,0.0,0.001027,2.030059,2.575001
2015-10-12,2193.25,0.0,0.0,0.000114,2.030059,2.575295
2015-10-13,2181.25,0.0,0.0,-0.005471,2.030059,2.561205
2015-10-14,2169.75,0.0,0.0,-0.005272,2.030059,2.547702
2015-10-15,2201.25,0.0,0.0,0.014518,2.030059,2.584689
2015-10-16,2209.25,0.0,0.0,0.003634,2.030059,2.594082
2015-10-19,2210.75,0.0,0.0,0.000679,2.030059,2.595843
2015-10-20,2209.0,0.0,0.0,-0.000792,2.030059,2.593789
2015-10-21,2195.75,0.0,0.0,-0.005998,2.030059,2.57823
2015-10-22,2230.5,0.0,0.0,0.015826,2.030059,2.619034
2015-10-23,2254.5,0.0,0.0,0.01076,2.030059,2.647214
2015-10-26,2247.5,0.0,0.0,-0.003105,2.030059,2.638995
2015-10-27,2245.75,0.0,0.0,-0.000779,2.030059,2.63694
2015-10-28,2269.0,0.0,0.0,0.010353,2.030059,2.66424
2015-11-02,2280.75,1.0,0.004178,0.005178,2.038542,2.678037
2015-11-03,2287.0,1.0,0.00274,0.00274,2.044128,2.685375
2015-11-04,2280.5,1.0,-0.002842,-0.002842,2.038318,2.677743
2015-11-05,2279.75,1.0,-0.000329,-0.000329,2.037648,2.676863
2015-11-06,2276.5,1.0,-0.001426,-0.001426,2.034743,2.673046
2015-11-09,2254.25,1.0,-0.009774,-0.009774,2.014856,2.646921
2015-11-10,2260.5,1.0,0.002773,0.002773,2.020442,2.654259
2015-11-11,2257.0,1.0,-0.001548,-0.001548,2.017314,2.65015
2015-11-12,2234.5,1.0,-0.009969,-0.009969,1.997203,2.62373
2015-11-13,2203.75,1.0,-0.013761,-0.013761,1.969719,2.587624
2015-11-16,2232.25,1.0,0.012933,0.012933,1.995192,2.621088
2015-11-17,2230.0,1.0,-0.001008,-0.001008,1.993181,2.618447
2015-11-18,2259.75,1.0,0.013341,0.013341,2.019772,2.653379
2015-11-19,2265.5,1.0,0.002545,0.002545,2.024911,2.66013
2015-11-20,2269.75,1.0,0.001876,0.001876,2.02871,2.665121
2015-11-23,2269.5,1.0,-0.00011,-0.00011,2.028487,2.664827
2015-11-24,2270.0,1.0,0.00022,0.00022,2.028934,2.665414
2015-11-25,2273.75,1.0,0.001652,0.001652,2.032285,2.669817
2015-11-26,2280.125,1.0,0.002804,0.002804,2.037983,2.677303
2015-11-27,2275.75,1.0,-0.001919,-0.001919,2.034073,2.672166
2015-11-30,2267.75,1.0,-0.003515,-0.003515,2.026922,2.662772
2015-12-01,2285.25,1.0,0.007717,0.007717,2.042564,2.683321
2015-12-02,2267.25,1.0,-0.007877,-0.007877,2.026476,2.662185
2015-12-03,2236.5,1.0,-0.013563,-0.013563,1.998991,2.626079
2015-12-04,2273.5,1.0,0.016544,0.016544,2.032062,2.669524
2015-12-07,2266.5,1.0,-0.003079,-0.003079,2.025805,2.661305
2015-12-08,2243.5,1.0,-0.010148,-0.010148,2.005248,2.634298
2015-12-09,2227.5,1.0,-0.007132,-0.007132,1.990947,2.615511
2015-12-10,2234.0,1.0,0.002918,0.002918,1.996757,2.623143
2015-12-11,2194.75,1.0,-0.017569,-0.017569,1.961675,2.577056
2015-12-14,2205.0,1.0,0.00467,0.00467,1.970836,2.589092
2015-12-15,2232.0,1.0,0.012245,0.012245,1.994969,2.620795
2015-12-16,2257.5,1.0,0.011425,0.011425,2.017761,2.650737
2015-12-17,2218.75,1.0,-0.017165,-0.017165,1.983126,2.605237
2015-12-21,2205.25,1.0,-0.006085,-0.006085,1.97106,2.589385
2015-12-22,2224.75,1.0,0.008843,0.008843,1.988489,2.612282
2015-12-23,2246.75,1.0,0.009889,0.009889,2.008153,2.638114
2015-12-28,2241.25,1.0,-0.002448,-0.002448,2.003237,2.631656
2015-12-29,2265.25,1.0,0.010708,0.010708,2.024688,2.659837
2015-12-30,2249.75,1.0,-0.006843,-0.006843,2.010834,2.641637
2015-12-31,2231.5,1.0,-0.008112,-0.008112,1.994522,2.620208
2016-01-04,2180.75,0.5,-0.011871,-0.022743,1.970845,2.560618
2016-01-05,2202.0,0.5,0.004872,0.009744,1.980447,2.585569
2016-01-06,2177.25,0.5,-0.00562,-0.01124,1.969317,2.556508
2016-01-07,2130.5,0.5,-0.010736,-0.021472,1.948174,2.501615
2016-01-08,2105.5,0.5,-0.005867,-0.011734,1.936744,2.47226
2016-01-11,2112.5,0.5,0.001662,0.003325,1.939964,2.480479
2016-01-12,2125.5,0.5,0.003077,0.006154,1.945933,2.495744
2016-01-13,2076.5,0.5,-0.011527,-0.023053,1.923502,2.438208
2016-01-14,2107.0,0.5,0.007344,0.014688,1.937629,2.474021
2016-01-15,2064.25,0.5,-0.010145,-0.02029,1.917972,2.423824
2016-01-18,2066.125,0.5,0.000454,0.000908,1.918843,2.426026
2016-01-19,2058.0,0.5,-0.001966,-0.003932,1.91507,2.416486
2016-01-20,2055.25,0.5,-0.000668,-0.001336,1.913791,2.413257
2016-01-21,2056.0,0.5,0.000182,0.000365,1.91414,2.414137
2016-01-22,2088.25,0.5,0.007843,0.015686,1.929152,2.452005
2016-01-25,2064.5,0.5,-0.005687,-0.011373,1.918182,2.424118
2016-01-26,2090.5,0.5,0.006297,0.012594,1.930261,2.454647
2016-01-27,2069.75,0.5,-0.004963,-0.009926,1.920681,2.430282
2016-01-28,2078.0,0.5,0.001993,0.003986,1.924509,2.439969
2016-01-29,2123.0,0.5,0.010828,0.021655,1.945347,2.492808
2016-02-01,2126.0,0.0,-0.0005,0.001413,1.944374,2.496331
2016-02-02,2092.25,0.0,0.0,-0.015875,1.944374,2.456702
2016-02-03,2100.5,0.0,0.0,0.003943,1.944374,2.466389
2016-02-04,2102.5,0.0,0.0,0.000952,1.944374,2.468737
2016-02-05,2067.75,0.0,0.0,-0.016528,1.944374,2.427934
2016-02-08,2041.75,0.0,0.0,-0.012574,1.944374,2.397405
2016-02-09,2043.0,0.0,0.0,0.000612,1.944374,2.398873
2016-02-10,2039.25,0.0,0.0,-0.001836,1.944374,2.39447
2016-02-11,2018.5,0.0,0.0,-0.010175,1.944374,2.370105
2016-02-12,2053.0,0.0,0.0,0.017092,1.944374,2.410615
2016-02-15,2077.125,0.0,0.0,0.011751,1.944374,2.438942
2016-02-16,2086.0,0.0,0.0,0.004273,1.944374,2.449363
2016-02-17,2117.0,0.0,0.0,0.014861,1.944374,2.485763
2016-02-18,2108.5,0.0,0.0,-0.004015,1.944374,2.475782
2016-02-19,2108.5,0.0,0.0,0.0,1.944374,2.475782
2016-02-22,2135.5,0.0,0.0,0.012805,1.944374,2.507485
2016-02-23,2111.75,0.0,0.0,-0.011122,1.944374,2.479598
2016-02-24,2122.0,0.0,0.0,0.004854,1.944374,2.491634
2016-02-25,2144.0,0.0,0.0,0.010368,1.944374,2.517466
2016-02-26,2139.0,0.0,0.0,-0.002332,1.944374,2.511595
2016-02-29,2122.5,0.0,0.0,-0.007714,1.944374,2.492221
2016-03-01,2169.0,0.0,0.0,0.021908,1.944374,2.546821
2016-03-02,2178.0,0.0,0.0,0.004149,1.944374,2.557389
2016-03-03,2185.0,0.0,0.0,0.003214,1.944374,2.565608
2016-03-04,2190.75,0.0,0.0,0.002632,1.944374,2.57236
2016-03-07,2195.0,0.0,0.0,0.00194,1.944374,2.57735
2016-03-08,2173.0,0.0,0.0,-0.010023,1.944374,2.551518
2016-03-09,2182.25,0.0,0.0,0.004257,1.944374,2.562379
2016-03-10,2181.25,0.0,0.0,-0.000458,1.944374,2.561205
2016-03-11,2215.5,0.0,0.0,0.015702,1.944374,2.601421
2016-03-14,2213.5,0.0,0.0,-0.000903,1.944374,2.599072
2016-03-15,2210.5,0.0,0.0,-0.001355,1.944374,2.59555
2016-03-16,2221.0,0.0,0.0,0.00475,1.944374,2.607879
2016-03-17,2234.75,0.0,0.0,0.006191,1.944374,2.624024
2016-03-18,2242.0,0.0,0.0,0.003244,1.944374,2.632537
2016-03-21,2247.0,0.0,0.0,0.00223,1.944374,2.638408
2016-03-22,2247.25,0.0,0.0,0.000111,1.944374,2.638701
2016-03-23,2233.5,0.0,0.0,-0.006119,1.944374,2.622556
2016-03-24,2233.0,0.0,0.0,-0.000224,1.944374,2.621969
2016-03-28,2232.625,0.0,0.0,-0.000168,1.944374,2.621529
2016-03-29,2250.75,0.0,0.0,0.008118,1.944374,2.642811
2016-03-30,2264.25,0.0,0.0,0.005998,1.944374,2.658663
2016-03-31,2256.0,0.0,0.0,-0.003644,1.944374,2.648976
2016-04-01,2266.0,1.0,0.003433,0.004433,1.951049,2.660717
2016-04-04,2262.5,1.0,-0.001545,-0.001545,1.948035,2.656608
2016-04-05,2244.0,1.0,-0.008177,-0.008177,1.932106,2.634885
2016-04-06,2263.75,1.0,0.008801,0.008801,1.949111,2.658076
2016-04-07,2240.25,1.0,-0.010381,-0.010381,1.928878,2.630482
2016-04-08,2245.0,1.0,0.00212,0.00212,1.932967,2.636059
2016-04-11,2238.75,1.0,-0.002784,-0.002784,1.927586,2.628721
2016-04-12,2258.5,1.0,0.008822,0.008822,1.944591,2.651911
2016-04-13,2280.0,1.0,0.00952,0.00952,1.963103,2.677156
2016-04-14,2280.25,1.0,0.00011,0.00011,1.963318,2.67745
2016-04-15,2279.75,1.0,-0.000219,-0.000219,1.962887,2.676863
2016-04-18,2291.25,1.0,0.005044,0.005044,1.972789,2.690366
2016-04-19,2299.5,1.0,0.003601,0.003601,1.979892,2.700053
2016-04-20,2300.75,1.0,0.000544,0.000544,1.980969,2.701521
2016-04-21,2289.25,1.0,-0.004998,-0.004998,1.971067,2.688017
2016-04-22,2289.75,1.0,0.000218,0.000218,1.971498,2.688604
2016-04-25,2287.5,1.0,-0.000983,-0.000983,1.96956,2.685963
2016-04-26,2293.25,1.0,0.002514,0.002514,1.974511,2.692714
2016-04-27,2294.0,1.0,0.000327,0.000327,1.975157,2.693595
2016-04-28,2278.0,1.0,-0.006975,-0.006975,1.961381,2.674808
2016-04-29,2264.0,1.0,-0.006146,-0.006146,1.949327,2.658369
2016-05-02,2279.5,1.0,0.006846,0.006846,1.962672,2.676569
2016-05-03,2261.5,1.0,-0.007896,-0.007896,1.947174,2.655434
2016-05-04,2251.25,1.0,-0.004532,-0.004532,1.938349,2.643398
2016-05-05,2247.75,1.0,-0.001555,-0.001555,1.935335,2.639288
2016-05-06,2257.5,1.0,0.004338,0.004338,1.94373,2.650737
2016-05-09,2258.75,1.0,0.000554,0.000554,1.944806,2.652205
2016-05-10,2282.25,1.0,0.010404,0.010404,1.96504,2.679798
2016-05-11,2264.25,1.0,-0.007887,-0.007887,1.949542,2.658663
2016-05-12,2264.5,1.0,0.00011,0.00011,1.949757,2.658956
2016-05-13,2247.25,1.0,-0.007618,-0.007618,1.934905,2.638701
2016-05-16,2267.5,1.0,0.009011,0.009011,1.95234,2.662479
2016-05-17,2248.25,1.0,-0.00849,-0.00849,1.935766,2.639876
2016-05-18,2247.25,1.0,-0.000445,-0.000445,1.934905,2.638701
2016-05-19,2242.5,1.0,-0.002114,-0.002114,1.930815,2.633124
2016-05-20,2254.0,1.0,0.005128,0.005128,1.940716,2.646627
2016-05-23,2249.5,1.0,-0.001996,-0.001996,1.936842,2.641343
2016-05-24,2277.75,1.0,0.012558,0.012558,1.961165,2.674514
2016-05-25,2292.5,1.0,0.006476,0.006476,1.973865,2.691833
2016-05-26,2293.25,1.0,0.000327,0.000327,1.974511,2.692714
2016-05-27,2302.0,1.0,0.003816,0.003816,1.982045,2.702988
2016-05-30,2306.125,1.0,0.001792,0.001792,1.985597,2.707832
2016-05-31,2297.25,1.0,-0.003848,-0.003848,1.977955,2.697411
2016-06-01,2302.5,1.0,0.002285,0.002285,1.982475,2.703575
2016-06-02,2308.25,1.0,0.002497,0.002497,1.987426,2.710327
2016-06-03,2302.0,1.0,-0.002708,-0.002708,1.982045,2.702988
2016-06-06,2312.75,1.0,0.00467,0.00467,1.991301,2.715611
2016-06-07,2315.0,1.0,0.000973,0.000973,1.993238,2.718253
2016-06-08,2322.5,1.0,0.00324,0.00324,1.999696,2.727059
2016-06-09,2319.75,1.0,-0.001184,-0.001184,1.997328,2.72383
2016-06-10,2300.75,1.0,-0.008191,-0.008191,1.980969,2.701521
2016-06-13,2283.0,1.0,-0.007715,-0.007715,1.965686,2.680679
2016-06-14,2279.75,1.0,-0.001424,-0.001424,1.962887,2.676863
2016-06-15,2276.5,1.0,-0.001426,-0.001426,1.960089,2.673046
2016-06-16,2283.75,1.0,0.003185,0.003185,1.966331,2.681559
2016-06-17,2272.25,1.0,-0.005036,-0.005036,1.95643,2.668056
2016-06-20,2287.0,1.0,0.006491,0.006491,1.96913,2.685375
2016-06-21,2294.0,1.0,0.003061,0.003061,1.975157,2.693595
2016-06-22,2290.75,1.0,-0.001417,-0.001417,1.972359,2.689779
2016-06-23,2318.0,1.0,0.011896,0.011896,1.995821,2.721775
2016-06-24,2239.25,1.0,-0.033973,-0.033973,1.928017,2.629308
2016-06-27,2200.5,1.0,-0.017305,-0.017305,1.894652,2.583808
2016-06-28,2240.75,1.0,0.018291,0.018291,1.929308,2.631069
2016-06-29,2279.0,1.0,0.01707,0.01707,1.962242,2.675982
2016-06-30,2300.5,1.0,0.009434,0.009434,1.980753,2.701227
2016-07-01,2309.25,0.5,0.001402,0.003804,1.98353,2.711501
2016-07-04,2312.375,0.5,0.000677,0.001353,1.984872,2.715171
2016-07-05,2295.5,0.5,-0.003649,-0.007298,1.97763,2.695356
2016-07-06,2306.0,0.5,0.002287,0.004574,1.982153,2.707685
2016-07-07,2304.5,0.5,-0.000325,-0.00065,1.981508,2.705924
2016-07-08,2334.0,0.5,0.006401,0.012801,1.994191,2.740562
2016-07-11,2343.75,0.5,0.002089,0.004177,1.998356,2.752011
2016-07-12,2358.0,0.5,0.00304,0.00608,2.004431,2.768743
2016-07-13,2358.75,0.5,0.000159,0.000318,2.00475,2.769624
2016-07-14,2369.75,0.5,0.002332,0.004663,2.009424,2.78254
2016-07-15,2367.5,0.5,-0.000475,-0.000949,2.00847,2.779898
2016-07-18,2372.5,0.5,0.001056,0.002112,2.010591,2.785769
2016-07-19,2373.25,0.5,0.000158,0.000316,2.010909,2.786649
2016-07-20,2380.5,0.5,0.001527,0.003055,2.01398,2.795162
2016-07-21,2372.0,0.5,-0.001785,-0.003571,2.010385,2.785182
2016-07-22,2381.0,0.5,0.001897,0.003794,2.014199,2.795749
2016-07-25,2375.5,0.5,-0.001155,-0.00231,2.011872,2.789291
2016-07-26,2376.25,0.5,0.000158,0.000316,2.01219,2.790172
2016-07-27,2375.25,0.5,-0.00021,-0.000421,2.011767,2.788998
2016-07-28,2377.75,0.5,0.000526,0.001053,2.012825,2.791933
2016-07-29,2384.0,0.5,0.001314,0.002629,2.015471,2.799272
2016-08-01,2378.25,1.0,-0.002912,-0.002412,2.009602,2.79252
2016-08-02,2366.5,1.0,-0.004941,-0.004941,1.999673,2.778724
2016-08-03,2370.5,1.0,0.00169,0.00169,2.003053,2.78342
2016-08-04,2372.5,1.0,0.000844,0.000844,2.004743,2.785769
2016-08-05,2390.25,1.0,0.007482,0.007482,2.019742,2.806611
2016-08-08,2389.25,1.0,-0.000418,-0.000418,2.018897,2.805437
2016-08-09,2391.25,1.0,0.000837,0.000837,2.020587,2.807785
2016-08-10,2386.25,1.0,-0.002091,-0.002091,2.016362,2.801914
2016-08-11,2395.25,1.0,0.003772,0.003772,2.023967,2.812482
2016-08-12,2393.75,1.0,-0.000626,-0.000626,2.022699,2.81072
2016-08-15,2399.75,1.0,0.002507,0.002507,2.027769,2.817766
2016-08-16,2390.5,1.0,-0.003855,-0.003855,2.019953,2.806904
2016-08-17,2393.5,1.0,0.001255,0.001255,2.022488,2.810427
2016-08-18,2396.75,1.0,0.001358,0.001358,2.025234,2.814243
2016-08-19,2395.25,1.0,-0.000626,-0.000626,2.023967,2.812482
2016-08-22,2395.25,1.0,0.0,0.0,2.023967,2.812482
2016-08-23,2398.75,1.0,0.001461,0.001461,2.026924,2.816591
2016-08-24,2388.75,1.0,-0.004169,-0.004169,2.018474,2.804849
2016-08-25,2386.75,1.0,-0.000837,-0.000837,2.016784,2.802501
2016-08-26,2382.25,1.0,-0.001885,-0.001885,2.012982,2.797217
2016-08-29,2392.75,1.0,0.004408,0.004408,2.021854,2.809546
2016-08-30,2389.0,1.0,-0.001567,-0.001567,2.018685,2.805143
2016-08-31,2383.75,1.0,-0.002198,-0.002198,2.014249,2.798978
2016-09-01,2380.5,0.5,-0.001182,-0.001363,2.011869,2.795162
2016-09-02,2391.5,0.5,0.00231,0.004621,2.016517,2.808078
2016-09-05,2390.625,0.5,-0.000183,-0.000366,2.016148,2.807051
2016-09-06,2398.0,0.5,0.001542,0.003085,2.019258,2.815711
2016-09-07,2398.25,0.5,5.2e-05,0.000104,2.019364,2.816004
2016-09-08,2391.0,0.5,-0.001512,-0.003023,2.016311,2.807491
2016-09-09,2336.5,0.5,-0.011397,-0.022794,1.993332,2.743498
2016-09-12,2371.0,0.5,0.007383,0.014766,2.008048,2.784008
2016-09-13,2342.75,0.5,-0.005957,-0.011915,1.996085,2.750837
2016-09-14,2334.0,0.5,-0.001867,-0.003735,1.992358,2.740562
2016-09-15,2357.75,0.5,0.005088,0.010176,2.002494,2.768449
2016-09-16,2352.0,0.5,-0.001219,-0.002439,2.000053,2.761698
2016-09-19,2353.0,0.5,0.000213,0.000425,2.000478,2.762872
2016-09-20,2350.5,0.5,-0.000531,-0.001062,1.999415,2.759937
2016-09-21,2376.25,0.5,0.005478,0.010955,2.010367,2.790172
2016-09-22,2388.25,0.5,0.002525,0.00505,2.015443,2.804262
2016-09-23,2378.75,0.5,-0.001989,-0.003978,2.011435,2.793107
2016-09-26,2360.0,0.5,-0.003941,-0.007882,2.003507,2.771091
2016-09-27,2372.75,0.5,0.002701,0.005403,2.008919,2.786062
2016-09-28,2383.0,0.5,0.00216,0.00432,2.013258,2.798098
2016-09-29,2368.75,0.5,-0.00299,-0.00598,2.007239,2.781366
2016-09-30,2379.0,0.5,0.002164,0.004327,2.011582,2.793401
2016-10-03,2373.5,1.0,-0.002812,-0.002312,2.005925,2.786943
2016-10-04,2364.75,1.0,-0.003687,-0.003687,1.99853,2.776669
2016-10-05,2373.5,1.0,0.0037,0.0037,2.005925,2.786943
2016-10-06,2376.5,1.0,0.001264,0.001264,2.008461,2.790466
2016-10-07,2366.5,1.0,-0.004208,-0.004208,2.000009,2.778724
2016-10-10,2379.25,1.0,0.005388,0.005388,2.010785,2.793695
2016-10-11,2354.5,1.0,-0.010402,-0.010402,1.989868,2.764633
2016-10-12,2351.5,1.0,-0.001274,-0.001274,1.987332,2.761111
2016-10-13,2346.5,1.0,-0.002126,-0.002126,1.983107,2.75524
2016-10-14,2347.0,1.0,0.000213,0.000213,1.983529,2.755827
2016-10-17,2343.875,1.0,-0.001331,-0.001331,1.980888,2.752158
2016-10-18,2352.25,1.0,0.003573,0.003573,1.987966,2.761991
2016-10-19,2358.5,1.0,0.002657,0.002657,1.993248,2.76933
2016-10-20,2357.0,1.0,-0.000636,-0.000636,1.991981,2.767569
2016-10-21,2354.75,1.0,-0.000955,-0.000955,1.990079,2.764927
2016-10-24,2364.5,1.0,0.004141,0.004141,1.998319,2.776375
2016-10-25,2358.5,1.0,-0.002538,-0.002538,1.993248,2.76933
2016-10-26,2353.75,1.0,-0.002014,-0.002014,1.989234,2.763753
2016-10-27,2344.0,1.0,-0.004142,-0.004142,1.980994,2.752304
2016-10-28,2343.75,1.0,-0.000107,-0.000107,1.980783,2.752011
2016-10-31,2343.5,1.0,-0.000107,-0.000107,1.980571,2.751717
2016-11-01,2322.0,0.0,-0.001,-0.009174,1.978591,2.726472
2016-11-02,2310.25,0.0,0.0,-0.00506,1.978591,2.712675
2016-11-03,2303.25,0.0,0.0,-0.00303,1.978591,2.704456
2016-11-04,2301.5,0.0,0.0,-0.00076,1.978591,2.702401
2016-11-07,2350.0,0.0,0.0,0.021073,1.978591,2.759349
2016-11-08,2354.75,0.0,0.0,0.002021,1.978591,2.764927
2016-11-09,2380.5,0.0,0.0,0.010935,1.978591,2.795162
2016-11-10,2386.75,0.0,0.0,0.002625,1.978591,2.802501
2016-11-11,2381.5,0.0,0.0,-0.0022,1.978591,2.796337
2016-11-14,2381.25,0.0,0.0,-0.000105,1.978591,2.796043
2016-11-15,2398.5,0.0,0.0,0.007244,1.978591,2.816298
2016-11-16,2392.5,0.0,0.0,-0.002502,1.978591,2.809253
2016-11-17,2404.0,0.0,0.0,0.004807,1.978591,2.822756
2016-11-18,2400.0,0.0,0.0,-0.001664,1.978591,2.818059
2016-11-21,2412.25,0.0,0.0,0.005104,1.978591,2.832443
2016-11-22,2420.75,0.0,0.0,0.003524,1.978591,2.842424
2016-11-23,2421.0,0.0,0.0,0.000103,1.978591,2.842717
2016-11-24,2426.625,0.0,0.0,0.002323,1.978591,2.849322
2016-11-25,2431.5,0.0,0.0,0.002009,1.978591,2.855046
2016-11-28,2420.5,0.0,0.0,-0.004524,1.978591,2.84213
2016-11-29,2425.875,0.0,0.0,0.002221,1.978591,2.848441
2016-11-30,2419.75,0.0,0.0,-0.002525,1.978591,2.841249
2016-12-01,2411.5,1.0,-0.004409,-0.003409,1.969866,2.831562
2016-12-02,2413.25,1.0,0.000726,0.000726,1.971296,2.833617
2016-12-05,2423.5,1.0,0.004247,0.004247,1.979669,2.845653
2016-12-06,2430.5,1.0,0.002888,0.002888,1.985387,2.853872
2016-12-07,2456.75,1.0,0.0108,0.0108,2.006829,2.884694
2016-12-08,2467.0,1.0,0.004172,0.004172,2.015202,2.89673
2016-12-09,2480.0,1.0,0.00527,0.00527,2.025821,2.911994
2016-12-12,2478.0,1.0,-0.000806,-0.000806,2.024188,2.909646
2016-12-13,2493.75,1.0,0.006356,0.006356,2.037053,2.928139
2016-12-14,2478.0,1.0,-0.006316,-0.006316,2.024188,2.909646
2016-12-15,2485.0,1.0,0.002825,0.002825,2.029906,2.917865
2016-12-16,2480.75,1.0,-0.00171,-0.00171,2.026434,2.912875
2016-12-19,2483.5,1.0,0.001109,0.001109,2.02868,2.916104
2016-12-20,2491.75,1.0,0.003322,0.003322,2.03542,2.925791
2016-12-21,2485.5,1.0,-0.002508,-0.002508,2.030314,2.918452
2016-12-22,2483.0,1.0,-0.001006,-0.001006,2.028272,2.915517
2016-12-23,2485.75,1.0,0.001108,0.001108,2.030518,2.918746
2016-12-27,2487.0,1.0,0.000503,0.000503,2.03154,2.920214
2016-12-28,2471.5,1.0,-0.006232,-0.006232,2.018878,2.902014
2016-12-29,2470.25,1.0,-0.000506,-0.000506,2.017857,2.900546
2016-12-30,2460.25,1.0,-0.004048,-0.004048,2.009688,2.888804
2017-01-03,2469.0,1.0,0.003557,0.003557,2.016836,2.899078
2017-01-04,2490.25,1.0,0.008607,0.008607,2.034194,2.92403
2017-01-05,2489.75,1.0,-0.000201,-0.000201,2.033786,2.923443
2017-01-06,2496.5,1.0,0.002711,0.002711,2.0393,2.931369
2017-01-09,2490.0,1.0,-0.002604,-0.002604,2.03399,2.923736
2017-01-10,2489.75,1.0,-0.0001,-0.0001,2.033786,2.923443
2017-01-11,2496.25,1.0,0.002611,0.002611,2.039096,2.931075
2017-01-12,2489.25,1.0,-0.002804,-0.002804,2.033377,2.922856
2017-01-13,2496.75,1.0,0.003013,0.003013,2.039504,2.931662
2017-01-16,2492.875,1.0,-0.001552,-0.001552,2.036339,2.927112
2017-01-17,2488.5,1.0,-0.001755,-0.001755,2.032765,2.921975
2017-01-18,2492.25,1.0,0.001507,0.001507,2.035828,2.926378
2017-01-19,2485.25,1.0,-0.002809,-0.002809,2.03011,2.918159
2017-01-20,2491.25,1.0,0.002414,0.002414,2.035011,2.925204
2017-01-23,2487.25,1.0,-0.001606,-0.001606,2.031744,2.920507
2017-01-24,2500.25,1.0,0.005227,0.005227,2.042363,2.935772
2017-01-25,2519.5,1.0,0.007699,0.007699,2.058088,2.958375
2017-01-26,2519.25,1.0,-9.9e-05,-9.9e-05,2.057883,2.958081
2017-01-27,2515.25,1.0,-0.001588,-0.001588,2.054616,2.953385
2017-01-30,2501.25,1.0,-0.005566,-0.005566,2.04318,2.936946
2017-01-31,2501.0,1.0,-0.0001,-0.0001,2.042976,2.936652
2017-02-01,2501.25,1.0,0.0001,0.0001,2.04318,2.936946
2017-02-02,2501.5,1.0,0.0001,0.0001,2.043384,2.937239
2017-02-03,2517.75,1.0,0.006496,0.006496,2.056658,2.95632
2017-02-06,2512.25,1.0,-0.002184,-0.002184,2.052165,2.949862
2017-02-07,2513.25,1.0,0.000398,0.000398,2.052982,2.951036
2017-02-08,2516.5,1.0,0.001293,0.001293,2.055637,2.954852
2017-02-09,2528.75,1.0,0.004868,0.004868,2.065644,2.969236
2017-02-10,2538.0,1.0,0.003658,0.003658,2.0732,2.980097
2017-02-13,2551.75,1.0,0.005418,0.005418,2.084431,2.996243
2017-02-14,2563.25,1.0,0.004507,0.004507,2.093825,3.009746
2017-02-15,2574.75,1.0,0.004486,0.004486,2.103219,3.023249
2017-02-16,2571.25,1.0,-0.001359,-0.001359,2.10036,3.019139
2017-02-17,2573.5,1.0,0.000875,0.000875,2.102198,3.021781
2017-02-20,2579.125,1.0,0.002186,0.002186,2.106793,3.028386
2017-02-21,2587.0,1.0,0.003053,0.003053,2.113226,3.037633
2017-02-22,2586.0,1.0,-0.000387,-0.000387,2.112409,3.036459
2017-02-23,2587.75,1.0,0.000677,0.000677,2.113839,3.038513
2017-02-24,2588.75,1.0,0.000386,0.000386,2.114655,3.039688
2017-02-27,2593.5,1.0,0.001835,0.001835,2.118535,3.045265
2017-02-28,2587.0,1.0,-0.002506,-0.002506,2.113226,3.037633
2017-03-01,2618.25,1.0,0.01208,0.01208,2.138753,3.074326
2017-03-02,2606.0,1.0,-0.004679,-0.004679,2.128746,3.059942
2017-03-03,2606.25,1.0,9.6e-05,9.6e-05,2.12895,3.060236
2017-03-06,2600.0,1.0,-0.002398,-0.002398,2.123845,3.052897
2017-03-07,2592.75,1.0,-0.002788,-0.002788,2.117923,3.044384
2017-03-08,2588.5,1.0,-0.001639,-0.001639,2.114451,3.039394
2017-03-09,2589.75,1.0,0.000483,0.000483,2.115472,3.040862
2017-03-10,2596.5,1.0,0.002606,0.002606,2.120986,3.048788
2017-03-13,2600.0,1.0,0.001348,0.001348,2.123845,3.052897
2017-03-14,2592.25,1.0,-0.002981,-0.002981,2.117514,3.043797
2017-03-15,2608.0,1.0,0.006076,0.006076,2.13038,3.062291
2017-03-16,2608.25,1.0,9.6e-05,9.6e-05,2.130584,3.062584
2017-03-17,2604.0,1.0,-0.001629,-0.001629,2.127113,3.057594
2017-03-20,2598.25,1.0,-0.002208,-0.002208,2.122416,3.050842
2017-03-21,2569.75,1.0,-0.010969,-0.010969,2.099135,3.017378
2017-03-22,2571.0,1.0,0.000486,0.000486,2.100156,3.018846
2017-03-23,2570.0,1.0,-0.000389,-0.000389,2.099339,3.017672
2017-03-24,2571.5,1.0,0.000584,0.000584,2.100564,3.019433
2017-03-27,2567.5,1.0,-0.001556,-0.001556,2.097297,3.014736
2017-03-28,2582.5,1.0,0.005842,0.005842,2.10955,3.032349
2017-03-29,2586.25,1.0,0.001452,0.001452,2.112613,3.036752
2017-03-30,2592.75,1.0,0.002513,0.002513,2.117923,3.044384
2017-03-31,2588.5,1.0,-0.001639,-0.001639,2.114451,3.039394
2017-04-03,2584.75,1.0,-0.001449,-0.001449,2.111388,3.034991
2017-04-04,2586.75,1.0,0.000774,0.000774,2.113022,3.037339
2017-04-05,2573.75,1.0,-0.005026,-0.005026,2.102402,3.022075
2017-04-06,2582.25,1.0,0.003303,0.003303,2.109346,3.032055
2017-04-07,2581.75,1.0,-0.000194,-0.000194,2.108937,3.031468
2017-04-10,2581.25,1.0,-0.000194,-0.000194,2.108529,3.030881
2017-04-11,2579.5,1.0,-0.000678,-0.000678,2.107099,3.028826
2017-04-12,2572.75,1.0,-0.002617,-0.002617,2.101586,3.020901
2017-04-13,2554.25,1.0,-0.007191,-0.007191,2.086474,2.999178
2017-04-17,2573.5,1.0,0.007536,0.007536,2.102198,3.021781
2017-04-18,2566.5,1.0,-0.00272,-0.00272,2.09648,3.013562
2017-04-19,2563.25,1.0,-0.001266,-0.001266,2.093825,3.009746
2017-04-20,2580.5,1.0,0.00673,0.00673,2.107916,3.030001
2017-04-21,2575.75,1.0,-0.001841,-0.001841,2.104036,3.024423
2017-04-24,2597.25,1.0,0.008347,0.008347,2.121599,3.049668
2017-04-25,2613.25,1.0,0.00616,0.00616,2.134669,3.068455
2017-04-26,2611.75,1.0,-0.000574,-0.000574,2.133443,3.066694
2017-04-27,2614.75,1.0,0.001149,0.001149,2.135894,3.070217
2017-04-28,2609.25,1.0,-0.002103,-0.002103,2.131401,3.063759
2017-05-01,2614.25,1.0,0.001916,0.001916,2.135485,3.06963
2017-05-02,2615.75,1.0,0.000574,0.000574,2.136711,3.071391
2017-05-03,2612.0,1.0,-0.001434,-0.001434,2.133647,3.066988
2017-05-04,2613.0,1.0,0.000383,0.000383,2.134464,3.068162
2017-05-05,2624.75,1.0,0.004497,0.004497,2.144062,3.081959
2017-05-08,2623.5,1.0,-0.000476,-0.000476,2.143041,3.080491
2017-05-09,2622.25,1.0,-0.000476,-0.000476,2.14202,3.079023
2017-05-10,2624.25,1.0,0.000763,0.000763,2.143654,3.081371
2017-05-11,2619.25,1.0,-0.001905,-0.001905,2.13957,3.0755
2017-05-12,2617.0,1.0,-0.000859,-0.000859,2.137732,3.072859
2017-05-15,2628.0,1.0,0.004203,0.004203,2.146717,3.085775
2017-05-16,2626.5,1.0,-0.000571,-0.000571,2.145492,3.084013
2017-05-17,2585.5,1.0,-0.01561,-0.01561,2.112001,3.035872
2017-05-18,2591.75,1.0,0.002417,0.002417,2.117106,3.04321
2017-05-19,2611.0,1.0,0.007427,0.007427,2.132831,3.065813
2017-05-22,2620.625,1.0,0.003686,0.003686,2.140693,3.077115
2017-05-23,2626.75,1.0,0.002337,0.002337,2.145696,3.084307
2017-05-24,2630.5,1.0,0.001428,0.001428,2.148759,3.08871
2017-05-25,2642.0,1.0,0.004372,0.004372,2.158153,3.102213
2017-05-26,2642.75,1.0,0.000284,0.000284,2.158766,3.103094
2017-05-29,2643.625,1.0,0.000331,0.000331,2.159481,3.104121
2017-05-30,2639.0,1.0,-0.001749,-0.001749,2.155703,3.098691
2017-05-31,2642.25,1.0,0.001232,0.001232,2.158358,3.102507
2017-06-01,2658.5,1.0,0.00615,0.00615,2.171632,3.121588
2017-06-02,2665.75,1.0,0.002727,0.002727,2.177554,3.1301
2017-06-05,2663.75,1.0,-0.00075,-0.00075,2.17592,3.127752
2017-06-06,2659.5,1.0,-0.001595,-0.001595,2.172448,3.122762
2017-06-07,2660.0,1.0,0.000188,0.000188,2.172857,3.123349
2017-06-08,2661.25,1.0,0.00047,0.00047,2.173878,3.124817
2017-06-09,2659.75,1.0,-0.000564,-0.000564,2.172653,3.123055
2017-06-12,2657.75,1.0,-0.000752,-0.000752,2.171019,3.120707
2017-06-13,2668.5,1.0,0.004045,0.004045,2.1798,3.133329
2017-06-14,2666.75,1.0,-0.000656,-0.000656,2.178371,3.131275
2017-06-15,2662.5,1.0,-0.001594,-0.001594,2.174899,3.126284
2017-06-16,2661.75,1.0,-0.000282,-0.000282,2.174286,3.125404
2017-06-19,2680.0,1.0,0.006856,0.006856,2.189194,3.146833
2017-06-20,2667.5,1.0,-0.004664,-0.004664,2.178983,3.132155
2017-06-21,2664.0,1.0,-0.001312,-0.001312,2.176124,3.128046
2017-06-22,2662.5,1.0,-0.000563,-0.000563,2.174899,3.126284
2017-06-23,2665.75,1.0,0.001221,0.001221,2.177554,3.1301
2017-06-26,2666.5,1.0,0.000281,0.000281,2.178167,3.130981
2017-06-27,2649.75,1.0,-0.006282,-0.006282,2.164484,3.111313
2017-06-28,2669.5,1.0,0.007454,0.007454,2.180617,3.134504
2017-06-29,2650.5,1.0,-0.007117,-0.007117,2.165097,3.112194
2017-06-30,2651.25,1.0,0.000283,0.000283,2.165709,3.113075
2017-07-03,2654.5,1.0,0.001226,0.001226,2.168364,3.116891
2017-07-04,2655.625,1.0,0.000424,0.000424,2.169283,3.118212
2017-07-05,2659.0,1.0,0.001271,0.001271,2.17204,3.122175
2017-07-06,2639.5,1.0,-0.007334,-0.007334,2.156111,3.099278
2017-07-07,2653.75,1.0,0.005399,0.005399,2.167752,3.11601
2017-07-12,2670.5,1.0,0.006312,0.006312,2.181434,3.135678
2017-07-13,2676.75,1.0,0.00234,0.00234,2.186539,3.143016
2017-07-14,2687.25,1.0,0.003923,0.003923,2.195116,3.155346
2017-07-17,2690.25,1.0,0.001116,0.001116,2.197567,3.158868
2017-07-18,2690.75,1.0,0.000186,0.000186,2.197975,3.159455
2017-07-19,2702.75,1.0,0.00446,0.00446,2.207778,3.173545
2017-07-20,2703.5,1.0,0.000277,0.000277,2.20839,3.174426
2017-07-21,2700.25,1.0,-0.001202,-0.001202,2.205736,3.17061
2017-07-24,2697.5,1.0,-0.001018,-0.001018,2.203489,3.167381
2017-07-25,2706.25,1.0,0.003244,0.003244,2.210637,3.177655
2017-07-26,2705.0,1.0,-0.000462,-0.000462,2.209616,3.176187
2017-07-27,2702.5,1.0,-0.000924,-0.000924,2.207574,3.173252
2017-07-28,2701.75,1.0,-0.000278,-0.000278,2.206961,3.172371
2017-07-31,2699.25,1.0,-0.000925,-0.000925,2.204919,3.169436
2017-08-01,2705.0,1.0,0.00213,0.00213,2.209616,3.176187
2017-08-02,2704.0,1.0,-0.00037,-0.00037,2.208799,3.175013
2017-08-03,2701.0,1.0,-0.001109,-0.001109,2.206348,3.171491
2017-08-04,2702.75,1.0,0.000648,0.000648,2.207778,3.173545
2017-08-07,2708.25,1.0,0.002035,0.002035,2.212271,3.180004
2017-08-08,2702.75,1.0,-0.002031,-0.002031,2.207778,3.173545
2017-08-09,2705.0,1.0,0.000832,0.000832,2.209616,3.176187
2017-08-10,2665.0,1.0,-0.014787,-0.014787,2.176941,3.12922
2017-08-11,2671.5,1.0,0.002439,0.002439,2.182251,3.136852
2017-08-14,2696.25,1.0,0.009264,0.009264,2.202468,3.165913
2017-08-15,2695.5,1.0,-0.000278,-0.000278,2.201856,3.165033
2017-08-16,2697.25,1.0,0.000649,0.000649,2.203285,3.167087
2017-08-17,2655.5,1.0,-0.015479,-0.015479,2.169181,3.118065
2017-08-18,2656.0,1.0,0.000188,0.000188,2.169589,3.118652
2017-08-21,2659.5,1.0,0.001318,0.001318,2.172448,3.122762
2017-08-22,2684.0,1.0,0.009212,0.009212,2.192462,3.151529
2017-08-23,2671.0,1.0,-0.004844,-0.004844,2.181842,3.136265
2017-08-24,2673.0,1.0,0.000749,0.000749,2.183476,3.138613
2017-08-25,2672.75,1.0,-9.4e-05,-9.4e-05,2.183272,3.13832
2017-08-28,2675.25,1.0,0.000935,0.000935,2.185314,3.141255
2017-08-29,2678.0,1.0,0.001028,0.001028,2.18756,3.144484
2017-08-30,2687.0,1.0,0.003361,0.003361,2.194912,3.155052
2017-08-31,2701.0,1.0,0.00521,0.00521,2.206348,3.171491
2017-09-01,2704.5,1.0,0.001296,0.001296,2.209207,3.1756
2017-09-04,2696.875,1.0,-0.002819,-0.002819,2.202979,3.166647
2017-09-05,2691.0,1.0,-0.002178,-0.002178,2.19818,3.159749
2017-09-06,2695.5,1.0,0.001672,0.001672,2.201856,3.165033
2017-09-07,2697.25,1.0,0.000649,0.000649,2.203285,3.167087
2017-09-08,2692.75,1.0,-0.001668,-0.001668,2.199609,3.161804
2017-09-11,2719.0,1.0,0.009748,0.009748,2.221052,3.192626
2017-09-12,2727.25,1.0,0.003034,0.003034,2.227791,3.202313
2017-09-13,2727.75,1.0,0.000183,0.000183,2.228199,3.2029
2017-09-14,2726.5,1.0,-0.000458,-0.000458,2.227178,3.201433
2017-09-15,2732.5,1.0,0.002201,0.002201,2.23208,3.208478
2017-09-18,2735.0,1.0,0.000915,0.000915,2.234122,3.211413
2017-09-19,2736.0,1.0,0.000366,0.000366,2.234939,3.212587
2017-09-20,2738.25,1.0,0.000822,0.000822,2.236776,3.215229
2017-09-21,2733.25,1.0,-0.001826,-0.001826,2.232692,3.209358
2017-09-22,2732.25,1.0,-0.000366,-0.000366,2.231875,3.208184
2017-09-25,2730.0,1.0,-0.000823,-0.000823,2.230037,3.205542
2017-09-26,2727.875,1.0,-0.000778,-0.000778,2.228302,3.203047
2017-09-27,2737.0,1.0,0.003345,0.003345,2.235755,3.213762
2017-09-28,2740.5,1.0,0.001279,0.001279,2.238614,3.217871
2017-09-29,2749.75,1.0,0.003375,0.003375,2.24617,3.228732
2017-10-02,2759.75,1.0,0.003637,0.003637,2.254339,3.240474
2017-10-03,2765.5,1.0,0.002084,0.002084,2.259036,3.247226
2017-10-04,2768.75,1.0,0.001175,0.001175,2.261691,3.251042
2017-10-05,2781.75,1.0,0.004695,0.004695,2.27231,3.266307
2017-10-06,2777.25,1.0,-0.001618,-0.001618,2.268634,3.261023
2017-10-09,2776.0,1.0,-0.00045,-0.00045,2.267613,3.259555
2017-10-10,2780.75,1.0,0.001711,0.001711,2.271493,3.265132
2017-10-11,2785.5,1.0,0.001708,0.001708,2.275373,3.27071
2017-10-12,2781.0,1.0,-0.001616,-0.001616,2.271697,3.265426
2017-10-13,2785.5,1.0,0.001618,0.001618,2.275373,3.27071
2017-10-16,2788.75,1.0,0.001167,0.001167,2.278028,3.274526
2017-10-17,2788.125,1.0,-0.000224,-0.000224,2.277518,3.273792
2017-10-18,2792.75,1.0,0.001659,0.001659,2.281296,3.279223
2017-10-19,2793.25,1.0,0.000179,0.000179,2.281704,3.27981
2017-10-20,2805.5,1.0,0.004386,0.004386,2.291711,3.294194
2017-10-23,2796.75,1.0,-0.003119,-0.003119,2.284563,3.283919
2017-10-24,2799.5,1.0,0.000983,0.000983,2.286809,3.287148
2017-10-25,2790.5,1.0,-0.003215,-0.003215,2.279458,3.276581
2017-10-26,2794.0,1.0,0.001254,0.001254,2.282317,3.28069
2017-10-27,2810.5,1.0,0.005906,0.005906,2.295795,3.300065
2017-10-30,2801.0,1.0,-0.00338,-0.00338,2.288035,3.28891
2017-10-31,2805.25,1.0,0.001517,0.001517,2.291506,3.2939
2017-11-01,2805.25,1.0,0.0,0.0,2.291506,3.2939
2017-11-02,2810.0,1.0,0.001693,0.001693,2.295386,3.299477
2017-11-03,2813.75,1.0,0.001335,0.001335,2.29845,3.303881
2017-11-06,2820.0,1.0,0.002221,0.002221,2.303555,3.311219
2017-11-07,2818.5,1.0,-0.000532,-0.000532,2.30233,3.309458
2017-11-08,2823.25,1.0,0.001685,0.001685,2.30621,3.315036
2017-11-09,2816.25,1.0,-0.002479,-0.002479,2.300492,3.306816
2017-11-10,2811.75,1.0,-0.001598,-0.001598,2.296816,3.301532
2017-11-13,2814.5,1.0,0.000978,0.000978,2.299062,3.304761
2017-11-14,2809.5,1.0,-0.001777,-0.001777,2.294978,3.29889
2017-11-15,2797.5,1.0,-0.004271,-0.004271,2.285176,3.2848
2017-11-16,2817.25,1.0,0.00706,0.00706,2.301309,3.30799
2017-11-17,2809.75,1.0,-0.002662,-0.002662,2.295182,3.299184
2017-11-20,2815.0,1.0,0.001868,0.001868,2.299471,3.305348
2017-11-21,2829.5,1.0,0.005151,0.005151,2.311315,3.322374
2017-11-22,2827.5,1.0,-0.000707,-0.000707,2.309682,3.320026
2017-11-23,2829.375,1.0,0.000663,0.000663,2.311213,3.322227
2017-11-24,2834.0,1.0,0.001635,0.001635,2.314991,3.327658
2017-11-27,2834.25,1.0,8.8e-05,8.8e-05,2.315195,3.327952
2017-11-28,2858.0,1.0,0.00838,0.00838,2.334596,3.355839
2017-11-30,2873.75,1.0,0.005511,0.005511,2.347461,3.374332
2017-12-01,2877.0,1.0,0.001131,0.001131,2.350116,3.378148
2017-12-04,2870.75,1.0,-0.002172,-0.002172,2.345011,3.37081
2017-12-05,2861.0,1.0,-0.003396,-0.003396,2.337046,3.359361
2017-12-06,2861.75,1.0,0.000262,0.000262,2.337659,3.360242
2017-12-07,2872.25,1.0,0.003669,0.003669,2.346236,3.372571
2017-12-08,2883.75,1.0,0.004004,0.004004,2.35563,3.386074
2017-12-11,2894.5,1.0,0.003728,0.003728,2.364411,3.398697
2017-12-12,2898.0,1.0,0.001209,0.001209,2.36727,3.402806
2017-12-13,2897.5,1.0,-0.000173,-0.000173,2.366862,3.402219
2017-12-14,2886.25,1.0,-0.003883,-0.003883,2.357672,3.38901
2017-12-15,2914.0,1.0,0.009615,0.009615,2.38034,3.421593
2017-12-17,2918.75,1.0,0.00163,0.00163,2.38422,3.427171
2017-12-18,2921.0,1.0,0.000771,0.000771,2.386058,3.429813
2017-12-19,2927.75,1.0,0.002311,0.002311,2.391572,3.437739
2017-12-20,2922.5,1.0,-0.001793,-0.001793,2.387284,3.431574
2017-12-21,2915.0,1.0,-0.002566,-0.002566,2.381157,3.422768
2017-12-22,2922.5,1.0,0.002573,0.002573,2.387284,3.431574
2017-12-25,2921.0,1.0,-0.000513,-0.000513,2.386058,3.429813
2017-12-26,2920.0,1.0,-0.000342,-0.000342,2.385241,3.428639
2017-12-27,2918.75,1.0,-0.000428,-0.000428,2.38422,3.427171
2017-12-28,2918.0,1.0,-0.000257,-0.000257,2.383608,3.42629
2017-12-29,2920.75,1.0,0.000942,0.000942,2.385854,3.429519
2018-01-01,2913.5,1.0,-0.002482,-0.002482,2.379932,3.421006
2018-01-02,2912.75,1.0,-0.000257,-0.000257,2.379319,3.420126
2018-01-03,2943.0,1.0,0.010385,0.010385,2.404029,3.455645
2018-01-04,2956.0,1.0,0.004417,0.004417,2.414649,3.470909
2018-01-05,2958.5,1.0,0.000846,0.000846,2.416691,3.473845
2018-01-07,2978.5,1.0,0.00676,0.00676,2.433028,3.497329
2018-01-08,2977.25,1.0,-0.00042,-0.00042,2.432007,3.495861
2018-01-09,2978.5,1.0,0.00042,0.00042,2.433028,3.497329
2018-01-10,2982.75,1.0,0.001427,0.001427,2.4365,3.502319
2018-01-11,3002.25,1.0,0.006538,0.006538,2.452428,3.525216
2018-01-12,3021.5,1.0,0.006412,0.006412,2.468153,3.547819
2018-01-14,3028.25,1.0,0.002234,0.002234,2.473667,3.555745
2018-01-15,3025.5,1.0,-0.000908,-0.000908,2.471421,3.552516
2018-01-16,3030.25,1.0,0.00157,0.00157,2.475301,3.558093
2018-01-17,3037.75,1.0,0.002475,0.002475,2.481427,3.5669
2018-01-18,3040.0,1.0,0.000741,0.000741,2.483265,3.569541
2018-01-19,3027.0,1.0,-0.004276,-0.004276,2.472646,3.554277
2018-01-21,3040.25,1.0,0.004377,0.004377,2.483469,3.569835
2018-01-22,3058.0,1.0,0.005838,0.005838,2.497969,3.590677
2018-01-23,3073.5,1.0,0.005069,0.005069,2.51063,3.608877
2018-01-24,3073.75,1.0,8.1e-05,8.1e-05,2.510834,3.60917
2018-01-25,3070.0,1.0,-0.00122,-0.00122,2.507771,3.604767
2018-01-26,3077.25,1.0,0.002362,0.002362,2.513693,3.61328
2018-01-28,3109.5,1.0,0.01048,0.01048,2.540037,3.651148
2018-01-29,3106.25,1.0,-0.001045,-0.001045,2.537382,3.647332
2018-01-30,3076.5,1.0,-0.009577,-0.009577,2.513081,3.612399
2018-01-31,3050.0,1.0,-0.008614,-0.008614,2.491434,3.581283
2018-02-01,3056.0,1.0,0.001967,0.001967,2.496335,3.588329
2018-02-02,3005.5,1.0,-0.016525,-0.016525,2.455083,3.529032
2018-02-04,2973.5,1.0,-0.010647,-0.010647,2.428944,3.491458
2018-02-05,2919.25,1.0,-0.018244,-0.018244,2.384629,3.427758
2018-02-06,2922.5,1.0,0.001113,0.001113,2.387284,3.431574
2018-02-07,2900.75,1.0,-0.007442,-0.007442,2.369517,3.406035
2018-02-08,2904.5,1.0,0.001293,0.001293,2.37258,3.410439
2018-02-09,2850.75,1.0,-0.018506,-0.018506,2.328674,3.347326
2018-02-11,2867.0,1.0,0.0057,0.0057,2.341948,3.366406
2018-02-12,2868.5,1.0,0.000523,0.000523,2.343173,3.368168
2018-02-13,2880.25,1.0,0.004096,0.004096,2.352771,3.381964
2018-02-14,2900.0,1.0,0.006857,0.006857,2.368904,3.405155
2018-02-15,2968.75,1.0,0.023707,0.023707,2.425064,3.48588
2018-02-16,2969.0,1.0,8.4e-05,8.4e-05,2.425268,3.486174
2018-02-18,2973.0,1.0,0.001347,0.001347,2.428535,3.490871
2018-02-19,2977.5,1.0,0.001514,0.001514,2.432211,3.496155
2018-02-20,2962.25,1.0,-0.005122,-0.005122,2.419754,3.478248
2018-02-21,2947.75,1.0,-0.004895,-0.004895,2.407909,3.461222
2018-02-22,2924.0,1.0,-0.008057,-0.008057,2.388509,3.433335
2018-02-23,2957.5,1.0,0.011457,0.011457,2.415874,3.472671
2018-02-25,2985.0,1.0,0.009298,0.009298,2.438338,3.504961
2018-02-26,2985.0,1.0,0.0,0.0,2.438338,3.504961
2018-02-27,3011.0,1.0,0.00871,0.00871,2.459576,3.53549
2018-02-28,2949.75,1.0,-0.020342,-0.020342,2.409543,3.463571
2018-03-01,2912.5,0.5,-0.006814,-0.012628,2.393124,3.419832
2018-03-02,2912.0,0.5,-8.6e-05,-0.000172,2.392919,3.419245
2018-03-04,2914.0,0.5,0.000343,0.000687,2.393741,3.421593
2018-03-05,2951.5,0.5,0.006434,0.012869,2.409143,3.465626
2018-03-06,2959.25,0.5,0.001313,0.002626,2.412306,3.474726
2018-03-07,2926.25,0.5,-0.005576,-0.011151,2.398856,3.435977
2018-03-08,2962.0,0.5,0.006109,0.012217,2.413509,3.477955
2018-03-09,2971.0,0.5,0.001519,0.003038,2.417176,3.488522
2018-03-11,3024.0,0.5,0.00892,0.017839,2.438736,3.550754
2018-03-12,3022.0,0.5,-0.000331,-0.000661,2.437929,3.548406
2018-03-13,2986.0,0.5,-0.005956,-0.011913,2.423408,3.506135
2018-03-14,2972.5,0.5,-0.002261,-0.004521,2.41793,3.490284
2018-03-15,2978.0,0.5,0.000925,0.00185,2.420167,3.496742
2018-03-16,2972.0,0.5,-0.001007,-0.002015,2.417729,3.489696
2018-03-18,2972.0,0.5,0.0,0.0,2.417729,3.489696
2018-03-19,2965.75,0.5,-0.001051,-0.002103,2.415187,3.482358
2018-03-20,2942.25,0.5,-0.003962,-0.007924,2.405618,3.454764
2018-03-21,2944.5,0.5,0.000382,0.000765,2.406538,3.457406
2018-03-22,2935.25,0.5,-0.001571,-0.003141,2.402758,3.446545
2018-03-23,2848.75,0.5,-0.014735,-0.029469,2.367354,3.344977
2018-03-25,2823.25,0.5,-0.004476,-0.008951,2.356758,3.315036
2018-03-26,2875.75,0.5,0.009298,0.018596,2.378671,3.376681
2018-03-27,2835.25,0.5,-0.007042,-0.014083,2.361921,3.329126
2018-03-28,2826.0,0.5,-0.001631,-0.003262,2.358068,3.318265
2018-03-29,2855.75,0.5,0.005264,0.010527,2.37048,3.353197
2018-04-01,2854.5,0.0,-0.0005,-0.000438,2.369295,3.351729
2018-04-02,2796.0,0.0,0.0,-0.020494,2.369295,3.283039
2018-04-03,2829.0,0.0,0.0,0.011803,2.369295,3.321787
2018-04-04,2820.0,0.0,0.0,-0.003181,2.369295,3.311219
2018-04-05,2881.5,0.0,0.0,0.021809,2.369295,3.383432
2018-04-06,2860.5,0.0,0.0,-0.007288,2.369295,3.358774
2018-04-08,2833.0,0.0,0.0,-0.009614,2.369295,3.326484
2018-04-09,2837.25,0.0,0.0,0.0015,2.369295,3.331474
2018-04-10,2873.25,0.0,0.0,0.012688,2.369295,3.373745
2018-04-11,2861.5,0.0,0.0,-0.004089,2.369295,3.359948
2018-04-12,2863.25,0.0,0.0,0.000612,2.369295,3.362003
2018-04-13,2886.0,0.0,0.0,0.007946,2.369295,3.388716
2018-04-15,2892.25,0.0,0.0,0.002166,2.369295,3.396055
2018-04-16,2899.75,0.0,0.0,0.002593,2.369295,3.404861
2018-04-17,2925.25,0.0,0.0,0.008794,2.369295,3.434803
2018-04-18,2928.25,0.0,0.0,0.001026,2.369295,3.438326
2018-04-19,2926.25,0.0,0.0,-0.000683,2.369295,3.435977
2018-04-20,2890.75,0.0,0.0,-0.012132,2.369295,3.394293
2018-04-22,2896.0,0.0,0.0,0.001816,2.369295,3.400458
2018-04-23,2889.25,0.0,0.0,-0.002331,2.369295,3.392532
2018-04-24,2894.5,0.0,0.0,0.001817,2.369295,3.398697
2018-04-25,2848.0,0.0,0.0,-0.016065,2.369295,3.344097
2018-04-26,2893.75,0.0,0.0,0.016064,2.369295,3.397816
2018-04-27,2889.25,0.0,0.0,-0.001555,2.369295,3.392532
2018-04-29,2891.5,0.0,0.0,0.000779,2.369295,3.395174
2018-04-30,2865.75,0.0,0.0,-0.008905,2.369295,3.364939
2018-05-01,2867.25,0.0,0.0,0.000523,2.369295,3.3667
2018-05-02,2846.25,0.0,0.0,-0.007324,2.369295,3.342042
2018-05-03,2850.0,0.0,0.0,0.001318,2.369295,3.346445
2018-05-04,2882.25,0.0,0.0,0.011316,2.369295,3.384313
2018-05-06,2888.0,0.0,0.0,0.001995,2.369295,3.391064
2018-05-07,2888.25,0.0,0.0,8.7e-05,2.369295,3.391358
2018-05-08,2889.0,0.0,0.0,0.00026,2.369295,3.392239
2018-05-09,2888.5,0.0,0.0,-0.000173,2.369295,3.391652
2018-05-10,2919.0,0.0,0.0,0.010559,2.369295,3.427464
2018-05-11,2935.75,0.0,0.0,0.005738,2.369295,3.447132
2018-05-13,2954.75,0.0,0.0,0.006472,2.369295,3.469442
2018-05-14,2954.75,0.0,0.0,0.0,2.369295,3.469442
2018-05-15,2941.75,0.0,0.0,-0.0044,2.369295,3.454177
2018-05-16,2941.25,0.0,0.0,-0.00017,2.369295,3.45359
2018-05-17,2935.75,0.0,0.0,-0.00187,2.369295,3.447132
2018-05-18,2943.75,0.0,0.0,0.002725,2.369295,3.456526
2018-05-20,2948.5,0.0,0.0,0.001614,2.369295,3.462103
2018-05-21,2951.5,0.0,0.0,0.001017,2.369295,3.465626
2018-05-22,2944.75,0.0,0.0,-0.002287,2.369295,3.4577
2018-05-23,2937.0,0.0,0.0,-0.002632,2.369295,3.4486
2018-05-24,2947.25,0.0,0.0,0.00349,2.369295,3.460635
2018-05-25,2950.25,0.0,0.0,0.001018,2.369295,3.464158
2018-05-27,2948.0,0.0,0.0,-0.000763,2.369295,3.461516
2018-05-28,2949.0,0.0,0.0,0.000339,2.369295,3.46269
2018-05-29,2928.25,0.0,0.0,-0.007036,2.369295,3.438326
2018-05-30,2943.75,0.0,0.0,0.005293,2.369295,3.456526
2018-05-31,2943.25,0.0,0.0,-0.00017,2.369295,3.455938
2018-06-01,2952.25,0.5,0.001029,0.003058,2.371733,3.466506
2018-06-03,2952.5,0.5,4.2e-05,8.5e-05,2.371833,3.4668
2018-06-04,2958.0,0.5,0.000931,0.001863,2.374043,3.473258
2018-06-05,2970.0,0.5,0.002028,0.004057,2.378858,3.487348
2018-06-06,2974.25,0.5,0.000715,0.001431,2.38056,3.492338
2018-06-07,2996.0,0.5,0.003656,0.007313,2.389264,3.517877
2018-06-08,2984.5,0.5,-0.001919,-0.003838,2.384679,3.504374
2018-06-10,2992.0,0.5,0.001256,0.002513,2.387675,3.51318
2018-06-11,3001.5,0.5,0.001588,0.003175,2.391466,3.524335
2018-06-12,3005.5,0.5,0.000666,0.001333,2.393059,3.529032
2018-06-13,2993.0,0.5,-0.00208,-0.004159,2.388083,3.514354
2018-06-14,2987.75,0.5,-0.000877,-0.001754,2.385988,3.50819
2018-06-15,3000.0,0.5,0.00205,0.0041,2.39088,3.522574
2018-06-17,2997.75,0.5,-0.000375,-0.00075,2.389983,3.519932
2018-06-18,2986.25,0.5,-0.001918,-0.003836,2.385399,3.506429
2018-06-19,2980.5,0.5,-0.000963,-0.001925,2.383102,3.499677
2018-06-20,2985.75,0.5,0.000881,0.001761,2.385201,3.505842
2018-06-21,2991.25,0.5,0.000921,0.001842,2.387398,3.5123
2018-06-22,2974.0,0.5,-0.002883,-0.005767,2.380514,3.492045
2018-06-24,2972.25,0.5,-0.000294,-0.000588,2.379814,3.48999
2018-06-25,2957.0,0.5,-0.002565,-0.005131,2.373709,3.472084
2018-06-26,2943.0,0.5,-0.002367,-0.004735,2.36809,3.455645
2018-06-27,2935.0,0.5,-0.001359,-0.002718,2.364871,3.446251
2018-06-28,2922.0,0.5,-0.002215,-0.004429,2.359634,3.430987
2018-06-29,2945.5,0.5,0.004021,0.008042,2.369122,3.45858
2018-07-01,2937.25,0.5,-0.0014,-0.002801,2.365804,3.448893
2018-07-02,2942.0,0.5,0.000809,0.001617,2.367717,3.454471
2018-07-03,2927.75,0.5,-0.002422,-0.004844,2.361983,3.437739
2018-07-04,2932.75,0.5,0.000854,0.001708,2.364,3.443609
2018-07-05,2953.25,0.5,0.003495,0.00699,2.372262,3.46768
2018-07-06,2956.5,0.5,0.00055,0.0011,2.373568,3.471497
2018-07-08,2980.25,0.5,0.004017,0.008033,2.383101,3.499384
2018-07-09,2986.5,0.5,0.001049,0.002097,2.3856,3.506722
2018-07-10,3011.0,0.5,0.004102,0.008204,2.395385,3.53549
2018-07-11,2988.25,0.5,-0.003778,-0.007556,2.386336,3.508777
2018-07-12,2999.25,0.5,0.001841,0.003681,2.390728,3.521693
2018-07-13,3019.25,0.5,0.003334,0.006668,2.398699,3.545177
2018-07-15,3021.5,0.5,0.000373,0.000745,2.399593,3.547819
2018-07-16,3011.5,0.5,-0.001655,-0.00331,2.395622,3.536077
2018-07-17,3025.75,0.5,0.002366,0.004732,2.40129,3.552809
2018-07-18,3030.25,0.5,0.000744,0.001487,2.403076,3.558093
2018-07-19,3020.25,0.5,-0.00165,-0.0033,2.39911,3.546351
2018-07-20,3017.25,0.5,-0.000497,-0.000993,2.397919,3.542829
2018-07-22,3016.5,0.5,-0.000124,-0.000249,2.397621,3.541948
2018-07-23,3026.25,0.5,0.001616,0.003232,2.401496,3.553396
2018-07-24,3030.0,0.5,0.00062,0.001239,2.402984,3.5578
2018-07-25,3033.25,0.5,0.000536,0.001073,2.404272,3.561616
2018-07-26,3049.5,0.5,0.002679,0.005357,2.410713,3.580696
2018-07-27,3032.0,0.5,-0.002869,-0.005739,2.403795,3.560148
2018-07-29,3029.75,0.5,-0.000371,-0.000742,2.402904,3.557506
2018-07-30,3019.75,0.5,-0.00165,-0.003301,2.398938,3.545764
2018-07-31,3021.0,0.5,0.000207,0.000414,2.399435,3.547232
2018-08-01,3028.25,1.0,0.0019,0.0024,2.403993,3.555745
2018-08-02,3017.5,1.0,-0.00355,-0.00355,2.395459,3.543122
2018-08-03,3042.0,1.0,0.008119,0.008119,2.414909,3.57189
2018-08-05,3054.5,1.0,0.004109,0.004109,2.424832,3.586567
2018-08-06,3063.5,1.0,0.002946,0.002946,2.431977,3.597135
2018-08-07,3075.25,1.0,0.003835,0.003835,2.441304,3.610932
2018-08-08,3071.75,1.0,-0.001138,-0.001138,2.438526,3.606822
2018-08-09,3068.25,1.0,-0.001139,-0.001139,2.435747,3.602712
2018-08-10,3054.75,1.0,-0.0044,-0.0044,2.42503,3.586861
2018-08-12,3046.0,1.0,-0.002864,-0.002864,2.418084,3.576587
2018-08-13,3040.0,1.0,-0.00197,-0.00197,2.413321,3.569541
2018-08-14,3055.5,1.0,0.005099,0.005099,2.425626,3.587741
2018-08-15,3035.75,1.0,-0.006464,-0.006464,2.409947,3.564551
2018-08-16,3059.25,1.0,0.007741,0.007741,2.428603,3.592145
2018-08-17,3066.75,1.0,0.002452,0.002452,2.434557,3.600951
2018-08-19,3067.5,1.0,0.000245,0.000245,2.435152,3.601832
2018-08-20,3070.75,1.0,0.001059,0.001059,2.437732,3.605648
2018-08-21,3069.5,1.0,-0.000407,-0.000407,2.43674,3.60418
2018-08-22,3076.5,1.0,0.002281,0.002281,2.442297,3.612399
2018-08-23,3072.5,1.0,-0.0013,-0.0013,2.439121,3.607703
2018-08-24,3091.5,1.0,0.006184,0.006184,2.454205,3.630012
2018-08-26,3096.5,1.0,0.001617,0.001617,2.458174,3.635883
2018-08-27,3113.0,1.0,0.005329,0.005329,2.471272,3.655257
2018-08-28,3114.0,1.0,0.000321,0.000321,2.472066,3.656432
2018-08-29,3117.5,1.0,0.001124,0.001124,2.474845,3.660541
2018-08-30,3116.5,1.0,-0.000321,-0.000321,2.474051,3.659367
2018-08-31,3117.25,1.0,0.000241,0.000241,2.474646,3.660248
2018-09-02,3121.0,1.0,0.001203,0.001203,2.477623,3.664651
2018-09-03,3118.0,1.0,-0.000961,-0.000961,2.475242,3.661128
2018-09-04,3124.75,1.0,0.002165,0.002165,2.4806,3.669054
2018-09-05,3103.5,1.0,-0.006801,-0.006801,2.463731,3.644103
2018-09-06,3097.75,1.0,-0.001853,-0.001853,2.459166,3.637351
2018-09-07,3089.5,1.0,-0.002663,-0.002663,2.452617,3.627664
2018-09-09,3089.75,1.0,8.1e-05,8.1e-05,2.452815,3.627957
2018-09-10,3093.25,1.0,0.001133,0.001133,2.455594,3.632067
2018-09-11,3097.5,1.0,0.001374,0.001374,2.458968,3.637057
2018-09-12,3101.625,1.0,0.001332,0.001332,2.462242,3.641901
2018-09-13,3101.0,1.0,-0.000202,-0.000202,2.461746,3.641167
2018-09-14,3119.5,1.0,0.005966,0.005966,2.476432,3.66289
2018-09-16,3114.0,1.0,-0.001763,-0.001763,2.472066,3.656432
2018-09-17,3114.0,1.0,0.0,0.0,2.472066,3.656432
2018-09-18,3107.25,1.0,-0.002168,-0.002168,2.466708,3.648506
2018-09-19,3120.5,1.0,0.004264,0.004264,2.477226,3.664064
2018-09-20,3148.5,1.0,0.008973,0.008973,2.499454,3.696941
2018-09-21,3151.75,1.0,0.001032,0.001032,2.502034,3.700757
2018-09-23,3136.25,1.0,-0.004918,-0.004918,2.48973,3.682557
2018-09-24,3134.5,1.0,-0.000558,-0.000558,2.48834,3.680503
2018-09-25,3134.25,1.0,-8e-05,-8e-05,2.488142,3.680209
2018-09-26,3120.25,1.0,-0.004467,-0.004467,2.477028,3.66377
2018-09-27,3130.25,1.0,0.003205,0.003205,2.484966,3.675512
2018-09-28,3130.0,1.0,-8e-05,-8e-05,2.484768,3.675219
2018-09-30,3136.5,1.0,0.002077,0.002077,2.489928,3.682851
2018-10-01,3141.75,1.0,0.001674,0.001674,2.494096,3.689015
2018-10-02,3130.25,1.0,-0.00366,-0.00366,2.484966,3.675512
2018-10-03,3143.0,1.0,0.004073,0.004073,2.495088,3.690483
2018-10-04,3116.25,1.0,-0.008511,-0.008511,2.473852,3.659074
2018-10-05,3118.5,1.0,0.000722,0.000722,2.475639,3.661715
2018-10-07,3099.5,1.0,-0.006093,-0.006093,2.460555,3.639406
2018-10-08,3097.75,1.0,-0.000565,-0.000565,2.459166,3.637351
2018-10-09,3097.75,1.0,0.0,0.0,2.459166,3.637351
2018-10-10,3098.0,1.0,8.1e-05,8.1e-05,2.459365,3.637645
2018-10-11,2982.75,1.0,-0.037201,-0.037201,2.367873,3.502319
2018-10-12,2977.0,1.0,-0.001928,-0.001928,2.363308,3.495567
2018-10-14,2976.0,1.0,-0.000336,-0.000336,2.362514,3.494393
2018-10-15,2966.0,1.0,-0.00336,-0.00336,2.354576,3.482651
2018-10-16,2967.0,1.0,0.000337,0.000337,2.35537,3.483826
2018-10-17,3030.5,1.0,0.021402,0.021402,2.405779,3.558387
2018-10-18,2981.25,1.0,-0.016251,-0.016251,2.366682,3.500558
2018-10-19,2990.25,1.0,0.003019,0.003019,2.373827,3.511125
2018-10-21,2966.5,1.0,-0.007942,-0.007942,2.354973,3.483238
2018-10-22,2984.5,1.0,0.006068,0.006068,2.369262,3.504374
2018-10-23,2932.25,1.0,-0.017507,-0.017507,2.327783,3.443022
2018-10-24,2940.0,1.0,0.002643,0.002643,2.333935,3.452122
2018-10-25,2880.0,1.0,-0.020408,-0.020408,2.286304,3.381671
2018-10-26,2883.25,1.0,0.001128,0.001128,2.288884,3.385487
2018-10-28,2882.25,1.0,-0.000347,-0.000347,2.28809,3.384313
2018-10-29,2847.75,1.0,-0.01197,-0.01197,2.260702,3.343803
2018-10-30,2868.0,1.0,0.007111,0.007111,2.276778,3.367581
2018-10-31,2904.25,1.0,0.012639,0.012639,2.305555,3.410145
2018-11-01,2942.25,0.0,-0.001,0.013084,2.30325,3.454764
2018-11-02,2966.75,0.0,0.0,0.008327,2.30325,3.483532
2018-11-04,2923.75,0.0,0.0,-0.014494,2.30325,3.433042
2018-11-05,2926.75,0.0,0.0,0.001026,2.30325,3.436564
2018-11-06,2951.25,0.0,0.0,0.008371,2.30325,3.465332
2018-11-07,3025.25,0.0,0.0,0.025074,2.30325,3.552222
2018-11-08,3015.5,0.0,0.0,-0.003223,2.30325,3.540774
2018-11-09,3013.25,0.0,0.0,-0.000746,2.30325,3.538132
2018-11-11,2986.75,0.0,0.0,-0.008794,2.30325,3.507016
2018-11-12,2997.0,0.0,0.0,0.003432,2.30325,3.519051
2018-11-13,2943.0,0.0,0.0,-0.018018,2.30325,3.455645
2018-11-14,2936.75,0.0,0.0,-0.002124,2.30325,3.448306
2018-11-15,2941.75,0.0,0.0,0.001703,2.30325,3.454177
2018-11-16,2951.5,0.0,0.0,0.003314,2.30325,3.465626
2018-11-18,2941.75,0.0,0.0,-0.003303,2.30325,3.454177
2018-11-19,2943.75,0.0,0.0,0.00068,2.30325,3.456526
2018-11-20,2847.0,0.0,0.0,-0.032866,2.30325,3.342923
2018-11-21,2862.75,0.0,0.0,0.005532,2.30325,3.361416
2018-11-22,2862.75,0.0,0.0,0.0,2.30325,3.361416
2018-11-23,2846.0,0.0,0.0,-0.005851,2.30325,3.341748
2018-11-25,2846.25,0.0,0.0,8.8e-05,2.30325,3.342042
2018-11-26,2852.25,0.0,0.0,0.002108,2.30325,3.349087
2018-11-27,2873.5,0.0,0.0,0.00745,2.30325,3.374039
2018-11-28,2950.5,0.0,0.0,0.026797,2.30325,3.464451
2018-11-29,2943.5,0.0,0.0,-0.002372,2.30325,3.456232
2018-11-30,2948.5,0.0,0.0,0.001699,2.30325,3.462103
2018-12-02,3011.5,0.0,0.0,0.021367,2.30325,3.536077
2018-12-03,3017.0,0.0,0.0,0.001826,2.30325,3.542535
2018-12-04,2980.75,0.0,0.0,-0.012015,2.30325,3.499971
2018-12-05,2920.5,0.0,0.0,-0.020213,2.30325,3.429226
2018-12-06,2876.0,0.0,0.0,-0.015237,2.30325,3.376974
2018-12-07,2844.25,0.0,0.0,-0.01104,2.30325,3.339694
2018-12-09,2823.0,0.0,0.0,-0.007471,2.30325,3.314742
2018-12-10,2824.75,0.0,0.0,0.00062,2.30325,3.316797
2018-12-11,2844.75,0.0,0.0,0.00708,2.30325,3.340281
2018-12-12,2864.0,0.0,0.0,0.006767,2.30325,3.362884
2018-12-13,2873.0,0.0,0.0,0.003142,2.30325,3.373452
2018-12-14,2851.75,0.0,0.0,-0.007396,2.30325,3.3485
2018-12-16,2830.5,0.0,0.0,-0.007452,2.30325,3.323548
2018-12-17,2777.75,0.0,0.0,-0.018636,2.30325,3.26161
2018-12-18,2782.0,0.0,0.0,0.00153,2.30325,3.2666
2018-12-19,2720.0,0.0,0.0,-0.022286,2.30325,3.1938
2018-12-20,2708.75,0.0,0.0,-0.004136,2.30325,3.180591
2018-12-21,2634.75,0.0,0.0,-0.027319,2.30325,3.0937
2018-12-23,2639.25,0.0,0.0,0.001708,2.30325,3.098984
2018-12-24,2651.0,0.0,0.0,0.004452,2.30325,3.112781
2018-12-25,2567.5,0.0,0.0,-0.031498,2.30325,3.014736
2018-12-26,2563.0,0.0,0.0,-0.001753,2.30325,3.009452
2018-12-27,2685.25,0.0,0.0,0.047698,2.30325,3.152997
2018-12-28,2710.25,0.0,0.0,0.00931,2.30325,3.182352
2018-12-30,2722.75,0.0,0.0,0.004612,2.30325,3.197029
2018-12-31,2728.25,0.0,0.0,0.00202,2.30325,3.203487
2019-01-01,2739.0,0.0,0.0,0.00394,2.30325,3.21611
2019-01-02,2704.0,0.0,0.0,-0.012778,2.30325,3.175013
2019-01-03,2671.0,0.0,0.0,-0.012204,2.30325,3.136265
2019-01-04,2692.5,0.0,0.0,0.008049,2.30325,3.16151
2019-01-06,2760.25,0.0,0.0,0.025162,2.30325,3.241061
2019-01-07,2772.25,0.0,0.0,0.004347,2.30325,3.255152
2019-01-08,2780.0,0.0,0.0,0.002796,2.30325,3.264252
2019-01-09,2804.25,0.0,0.0,0.008723,2.30325,3.292726
2019-01-10,2790.25,0.0,0.0,-0.004992,2.30325,3.276287
2019-01-11,2817.0,0.0,0.0,0.009587,2.30325,3.307697
2019-01-13,2805.25,0.0,0.0,-0.004171,2.30325,3.2939
2019-01-14,2795.5,0.0,0.0,-0.003476,2.30325,3.282452
2019-01-15,2818.5,0.0,0.0,0.008228,2.30325,3.309458
2019-01-16,2834.25,0.0,0.0,0.005588,2.30325,3.327952
2019-01-17,2857.75,0.0,0.0,0.008291,2.30325,3.355545
2019-01-18,2893.5,0.0,0.0,0.01251,2.30325,3.397522
2019-01-20,2890.25,0.0,0.0,-0.001123,2.30325,3.393706
2019-01-21,2887.25,0.0,0.0,-0.001038,2.30325,3.390184
2019-01-22,2873.25,0.0,0.0,-0.004849,2.30325,3.373745
2019-01-23,2860.25,0.0,0.0,-0.004524,2.30325,3.358481
2019-01-24,2858.75,0.0,0.0,-0.000524,2.30325,3.356719
2019-01-25,2870.0,0.0,0.0,0.003935,2.30325,3.369929
2019-01-27,2880.75,0.0,0.0,0.003746,2.30325,3.382552
2019-01-28,2874.0,0.0,0.0,-0.002343,2.30325,3.374626
2019-01-29,2858.25,0.0,0.0,-0.00548,2.30325,3.356132
2019-01-30,2903.75,0.0,0.0,0.015919,2.30325,3.409558
2019-01-31,2907.5,0.0,0.0,0.001291,2.30325,3.413961
2019-02-01,2928.0,1.0,0.006051,0.007051,2.317186,3.438032
2019-02-03,2925.0,1.0,-0.001025,-0.001025,2.314812,3.434509
2019-02-04,2926.75,1.0,0.000598,0.000598,2.316197,3.436564
2019-02-05,2940.25,1.0,0.004613,0.004613,2.32688,3.452416
2019-02-06,2951.25,1.0,0.003741,0.003741,2.335586,3.465332
2019-02-07,2946.5,1.0,-0.001609,-0.001609,2.331827,3.459755
2019-02-08,2930.0,1.0,-0.0056,-0.0056,2.318769,3.44038
2019-02-10,2928.25,1.0,-0.000597,-0.000597,2.317384,3.438326
2019-02-11,2928.0,1.0,-8.5e-05,-8.5e-05,2.317186,3.438032
2019-02-12,2944.25,1.0,0.00555,0.00555,2.330046,3.457113
2019-02-13,2972.0,1.0,0.009425,0.009425,2.352007,3.489696
2019-02-14,2979.0,1.0,0.002355,0.002355,2.357547,3.497916
2019-02-15,2954.5,1.0,-0.008224,-0.008224,2.338158,3.469148
2019-02-17,3000.75,1.0,0.015654,0.015654,2.374759,3.523454
2019-02-18,3000.25,1.0,-0.000167,-0.000167,2.374364,3.522867
2019-02-19,2998.25,1.0,-0.000667,-0.000667,2.372781,3.520519
2019-02-20,3000.0,1.0,0.000584,0.000584,2.374166,3.522574
2019-02-21,3014.5,1.0,0.004833,0.004833,2.385641,3.5396
2019-02-22,2998.5,1.0,-0.005308,-0.005308,2.372979,3.520813
2019-02-24,3022.75,1.0,0.008087,0.008087,2.39217,3.549287
2019-02-25,3017.0,1.0,-0.001902,-0.001902,2.387619,3.542535
2019-02-26,3009.5,1.0,-0.002486,-0.002486,2.381684,3.533729
2019-02-27,3007.5,1.0,-0.000665,-0.000665,2.380101,3.53138
2019-02-28,3011.0,1.0,0.001164,0.001164,2.382871,3.53549
2019-03-01,3019.75,1.0,0.002906,0.002906,2.389796,3.545764
2019-03-03,3039.5,1.0,0.00654,0.00654,2.405426,3.568954
2019-03-04,3038.5,1.0,-0.000329,-0.000329,2.404634,3.56778
2019-03-05,3012.75,1.0,-0.008475,-0.008475,2.384256,3.537545
2019-03-06,2992.5,1.0,-0.006721,-0.006721,2.36823,3.513767
2019-03-07,2987.5,1.0,-0.001671,-0.001671,2.364273,3.507896
2019-03-08,2963.5,1.0,-0.008033,-0.008033,2.34528,3.479716
2019-03-10,2965.75,1.0,0.000759,0.000759,2.347061,3.482358
2019-03-11,2971.0,1.0,0.00177,0.00177,2.351216,3.488522
2019-03-12,3014.5,1.0,0.014642,0.014642,2.385641,3.5396
2019-03-13,3010.5,1.0,-0.001327,-0.001327,2.382475,3.534903
2019-03-14,3033.75,1.0,0.007723,0.007723,2.400875,3.562203
2019-03-15,3047.0,1.0,0.004368,0.004368,2.411361,3.577761
2019-03-17,3044.0,1.0,-0.000985,-0.000985,2.408987,3.574238
2019-03-18,3050.5,1.0,0.002135,0.002135,2.414131,3.58187
2019-03-19,3060.5,1.0,0.003278,0.003278,2.422045,3.593612
2019-03-20,3044.25,1.0,-0.00531,-0.00531,2.409185,3.574532
2019-03-21,3039.75,1.0,-0.001478,-0.001478,2.405624,3.569248
2019-03-22,3024.75,1.0,-0.004935,-0.004935,2.393753,3.551635
2019-03-24,3028.25,1.0,0.001157,0.001157,2.396523,3.555745
2019-03-25,3008.75,1.0,-0.006439,-0.006439,2.381091,3.532848
2019-03-26,3030.5,1.0,0.007229,0.007229,2.398303,3.558387
2019-03-27,3027.75,1.0,-0.000907,-0.000907,2.396127,3.555158
2019-03-28,3022.75,1.0,-0.001651,-0.001651,2.39217,3.549287
2019-03-29,3056.75,1.0,0.011248,0.011248,2.419077,3.589209
2019-03-31,3069.75,1.0,0.004253,0.004253,2.429365,3.604474
2019-04-01,3089.0,1.0,0.006271,0.006271,2.444599,3.627077
2019-04-02,3083.75,1.0,-0.0017,-0.0017,2.440445,3.620912
2019-04-03,3096.75,1.0,0.004216,0.004216,2.450733,3.636177
2019-04-04,3094.25,1.0,-0.000807,-0.000807,2.448754,3.633241
2019-04-05,3105.5,1.0,0.003636,0.003636,2.457657,3.646451
2019-04-07,3115.25,1.0,0.00314,0.00314,2.465373,3.657899
2019-04-08,3115.5,1.0,8e-05,8e-05,2.465571,3.658193
2019-04-09,3112.5,1.0,-0.000963,-0.000963,2.463197,3.65467
2019-04-10,3112.0,1.0,-0.000161,-0.000161,2.462801,3.654083
2019-04-11,3112.0,1.0,0.0,0.0,2.462801,3.654083
2019-04-12,3111.5,1.0,-0.000161,-0.000161,2.462406,3.653496
2019-04-14,3128.5,1.0,0.005464,0.005464,2.475859,3.673457
2019-04-15,3127.75,1.0,-0.00024,-0.00024,2.475266,3.672577
2019-04-16,3129.0,1.0,0.0004,0.0004,2.476255,3.674045
2019-04-17,3117.75,1.0,-0.003595,-0.003595,2.467352,3.660835
2019-04-18,3112.75,1.0,-0.001604,-0.001604,2.463395,3.654964
2019-04-21,3129.0,1.0,0.00522,0.00522,2.476255,3.674045
2019-04-22,3121.5,1.0,-0.002397,-0.002397,2.47032,3.665238
2019-04-23,3130.0,1.0,0.002723,0.002723,2.477046,3.675219
2019-04-24,3151.75,1.0,0.006949,0.006949,2.494259,3.700757
2019-04-25,3144.0,1.0,-0.002459,-0.002459,2.488126,3.691657
2019-04-26,3141.25,1.0,-0.000875,-0.000875,2.485949,3.688428
2019-04-28,3157.75,1.0,0.005253,0.005253,2.499007,3.707803
2019-04-29,3159.0,1.0,0.000396,0.000396,2.499997,3.70927
2019-04-30,3158.25,1.0,-0.000237,-0.000237,2.499403,3.70839
2019-05-01,3176.25,1.0,0.005699,0.005699,2.513648,3.729525
2019-05-02,3136.5,1.0,-0.012515,-0.012515,2.48219,3.682851
2019-05-03,3164.75,1.0,0.009007,0.009007,2.504547,3.716022
2019-05-05,3112.5,1.0,-0.01651,-0.01651,2.463197,3.65467
2019-05-06,3109.75,1.0,-0.000884,-0.000884,2.461021,3.651441
2019-05-07,3144.0,1.0,0.011014,0.011014,2.488126,3.691657
2019-05-08,3108.0,1.0,-0.01145,-0.01145,2.459636,3.649386
2019-05-09,3085.25,1.0,-0.00732,-0.00732,2.441632,3.622674
2019-05-10,3085.5,1.0,8.1e-05,8.1e-05,2.44183,3.622967
2019-05-12,3074.25,1.0,-0.003646,-0.003646,2.432926,3.609758
2019-05-13,3072.5,1.0,-0.000569,-0.000569,2.431542,3.607703
2019-05-14,3036.5,1.0,-0.011717,-0.011717,2.403052,3.565432
2019-05-15,3073.5,1.0,0.012185,0.012185,2.432333,3.608877
2019-05-16,3064.75,1.0,-0.002847,-0.002847,2.425408,3.598603
2019-05-17,3079.75,1.0,0.004894,0.004894,2.437279,3.616216
2019-05-19,3088.0,1.0,0.002679,0.002679,2.443808,3.625903
2019-05-20,3084.5,1.0,-0.001133,-0.001133,2.441038,3.621793
2019-05-21,3071.75,1.0,-0.004134,-0.004134,2.430948,3.606822
2019-05-22,3080.0,1.0,0.002686,0.002686,2.437477,3.616509
2019-05-23,3055.75,1.0,-0.007873,-0.007873,2.418286,3.588035
2019-05-24,3049.25,1.0,-0.002127,-0.002127,2.413142,3.580403
2019-05-26,3048.0,1.0,-0.00041,-0.00041,2.412153,3.578935
2019-05-27,3051.75,1.0,0.00123,0.00123,2.41512,3.583338
2019-05-28,3052.25,1.0,0.000164,0.000164,2.415516,3.583925
2019-05-29,2997.25,1.0,-0.018019,-0.018019,2.37199,3.519345
2019-05-30,3006.25,1.0,0.003003,0.003003,2.379112,3.529913
2019-05-31,2968.75,1.0,-0.012474,-0.012474,2.349435,3.48588
2019-06-02,2953.25,0.0,-0.001,-0.005221,2.347086,3.46768
2019-06-03,2957.5,0.0,0.0,0.001439,2.347086,3.472671
2019-06-04,2967.25,0.0,0.0,0.003297,2.347086,3.484119
2019-06-05,3045.25,0.0,0.0,0.026287,2.347086,3.575706
2019-06-06,3062.25,0.0,0.0,0.005582,2.347086,3.595667
2019-06-07,3066.0,0.0,0.0,0.001225,2.347086,3.60007
2019-06-09,3104.75,0.0,0.0,0.012639,2.347086,3.64557
2019-06-10,3107.0,0.0,0.0,0.000725,2.347086,3.648212
2019-06-11,3111.5,0.0,0.0,0.001448,2.347086,3.653496
2019-06-12,3095.25,0.0,0.0,-0.005223,2.347086,3.634416
2019-06-13,3112.25,0.0,0.0,0.005492,2.347086,3.654377
2019-06-14,3107.25,0.0,0.0,-0.001607,2.347086,3.648506
2019-06-16,3112.75,0.0,0.0,0.00177,2.347086,3.654964
2019-06-17,3112.25,0.0,0.0,-0.000161,2.347086,3.654377
2019-06-18,3109.0,0.0,0.0,-0.001044,2.347086,3.650561
2019-06-19,3146.0,0.0,0.0,0.011901,2.347086,3.694006
2019-06-20,3171.75,0.0,0.0,0.008185,2.347086,3.724241
2019-06-21,3164.25,0.0,0.0,-0.002365,2.347086,3.715435
2019-06-23,3168.75,0.0,0.0,0.001422,2.347086,3.720719
2019-06-24,3172.5,0.0,0.0,0.001183,2.347086,3.725122
2019-06-25,3157.5,0.0,0.0,-0.004728,2.347086,3.707509
2019-06-26,3131.25,0.0,0.0,-0.008314,2.347086,3.676686
2019-06-27,3145.75,0.0,0.0,0.004631,2.347086,3.693712
2019-06-28,3168.0,0.0,0.0,0.007073,2.347086,3.719838
2019-06-30,3184.75,0.0,0.0,0.005287,2.347086,3.739506
2019-07-01,3190.75,1.0,0.000884,0.001884,2.34916,3.746551
2019-07-02,3192.875,1.0,0.000666,0.000666,2.350725,3.749046
2019-07-03,3190.75,1.0,-0.000666,-0.000666,2.34916,3.746551
2019-07-04,3211.75,1.0,0.006582,0.006582,2.364621,3.771209
2019-07-05,3203.625,1.0,-0.00253,-0.00253,2.358639,3.761669
2019-07-07,3202.0,1.0,-0.000507,-0.000507,2.357443,3.75976
2019-07-08,3192.0,1.0,-0.003123,-0.003123,2.350081,3.748019
2019-07-09,3181.0,1.0,-0.003446,-0.003446,2.341982,3.735102
2019-07-10,3189.0,1.0,0.002515,0.002515,2.347872,3.744496
2019-07-11,3209.75,1.0,0.006507,0.006507,2.363149,3.76886
2019-07-12,3221.75,1.0,0.003739,0.003739,2.371984,3.782951
2019-07-14,3226.5,1.0,0.001474,0.001474,2.375481,3.788528
2019-07-15,3233.0,1.0,0.002015,0.002015,2.380266,3.79616
2019-07-16,3220.25,1.0,-0.003944,-0.003944,2.370879,3.781189
2019-07-17,3196.0,1.0,-0.00753,-0.00753,2.353026,3.752715
2019-07-18,3211.0,1.0,0.004693,0.004693,2.364069,3.770328
2019-07-19,3190.5,1.0,-0.006384,-0.006384,2.348976,3.746257
2019-07-21,3192.5,1.0,0.000627,0.000627,2.350449,3.748606
2019-07-22,3202.25,1.0,0.003054,0.003054,2.357627,3.760054
2019-07-23,3221.25,1.0,0.005933,0.005933,2.371616,3.782364
2019-07-24,3234.875,1.0,0.00423,0.00423,2.381647,3.798362
2019-07-25,3219.75,1.0,-0.004676,-0.004676,2.370511,3.780602
2019-07-26,3237.75,1.0,0.00559,0.00559,2.383764,3.801738
2019-07-28,3236.75,1.0,-0.000309,-0.000309,2.383027,3.800564
2019-07-29,3235.0,1.0,-0.000541,-0.000541,2.381739,3.798509
2019-07-30,3236.75,1.0,0.000541,0.000541,2.383027,3.800564
2019-07-31,3195.5,1.0,-0.012744,-0.012744,2.352657,3.752128
2019-08-01,3165.125,0.5,-0.005253,-0.009506,2.340299,3.716462
2019-08-02,3145.625,0.5,-0.00308,-0.006161,2.33309,3.693565
2019-08-04,3140.5,0.5,-0.000815,-0.001629,2.33119,3.687548
2019-08-05,3114.75,0.5,-0.0041,-0.008199,2.321633,3.657312
2019-08-06,3054.75,0.5,-0.009632,-0.019263,2.299272,3.586861
2019-08-07,3093.875,0.5,0.006404,0.012808,2.313996,3.632801
2019-08-08,3153.375,0.5,0.009616,0.019232,2.336247,3.702665
2019-08-09,3133.0,0.5,-0.003231,-0.006461,2.328699,3.678741
2019-08-11,3127.25,0.5,-0.000918,-0.001835,2.326562,3.67199
2019-08-12,3138.25,0.5,0.001759,0.003517,2.330654,3.684906
2019-08-13,3087.75,0.5,-0.008046,-0.016092,2.311902,3.625609
2019-08-14,3054.0,0.5,-0.005465,-0.01093,2.299267,3.58598
2019-08-15,3061.875,0.5,0.001289,0.002579,2.302231,3.595227
2019-08-16,3104.75,0.5,0.007001,0.014003,2.31835,3.64557
2019-08-18,3119.25,0.5,0.002335,0.00467,2.323764,3.662596
2019-08-19,3137.0,0.5,0.002845,0.00569,2.330376,3.683438
2019-08-20,3139.0,0.5,0.000319,0.000638,2.331119,3.685786
2019-08-21,3142.5,0.5,0.000558,0.001115,2.332418,3.689896
2019-08-22,3139.75,0.5,-0.000438,-0.000875,2.331398,3.686667
2019-08-23,3146.25,0.5,0.001035,0.00207,2.333811,3.694299
2019-08-25,3037.5,0.5,-0.017282,-0.034565,2.293477,3.566606
2019-08-26,3096.5,0.5,0.009712,0.019424,2.315751,3.635883
2019-08-27,3090.25,0.5,-0.001009,-0.002018,2.313414,3.628545
2019-08-28,3101.75,0.5,0.001861,0.003721,2.317718,3.642048
2019-08-29,3096.25,0.5,-0.000887,-0.001773,2.315664,3.63559
2019-08-30,3139.25,0.5,0.006944,0.013888,2.331743,3.68608
2019-09-01,3122.25,0.5,-0.002708,-0.005415,2.32543,3.666119
2019-09-02,3124.75,0.5,0.0004,0.000801,2.326361,3.669054
2019-09-03,3117.75,0.5,-0.00112,-0.00224,2.323755,3.660835
2019-09-04,3143.25,0.5,0.004089,0.008179,2.333258,3.690777
2019-09-05,3185.75,0.5,0.006761,0.013521,2.349032,3.74068
2019-09-06,3194.75,0.5,0.001413,0.002825,2.35235,3.751248
2019-09-08,3195.0,0.5,3.9e-05,7.8e-05,2.352442,3.751541
2019-09-09,3200.75,0.5,0.0009,0.0018,2.354559,3.758293
2019-09-10,3193.5,0.5,-0.001133,-0.002265,2.351892,3.74978
2019-09-11,3194.75,0.5,0.000196,0.000391,2.352353,3.751248
2019-09-12,3221.25,0.5,0.004147,0.008295,2.362109,3.782364
2019-09-13,3231.25,0.5,0.001552,0.003104,2.365775,3.794106
2019-09-15,3203.5,0.5,-0.004294,-0.008588,2.355617,3.761522
2019-09-16,3205.5,0.5,0.000312,0.000624,2.356352,3.76387
2019-09-17,3209.0,0.5,0.000546,0.001092,2.357638,3.76798
2019-09-18,3215.75,0.5,0.001052,0.002103,2.360118,3.775906
2019-09-19,3210.25,0.5,-0.000855,-0.00171,2.3581,3.769448
2019-09-20,3224.25,0.5,0.002181,0.004361,2.363242,3.785886
2019-09-22,3214.75,0.5,-0.001473,-0.002946,2.35976,3.774731
2019-09-23,3214.0,0.5,-0.000117,-0.000233,2.359485,3.773851
2019-09-24,3217.5,0.5,0.000544,0.001089,2.360769,3.77796
2019-09-25,3187.0,0.5,-0.00474,-0.009479,2.34958,3.742148
2019-09-26,3194.0,0.5,0.001098,0.002196,2.35216,3.750367
2019-09-27,3196.0,0.5,0.000313,0.000626,2.352897,3.752715
2019-09-29,3182.75,0.5,-0.002073,-0.004146,2.34802,3.737157
2019-09-30,3185.75,0.5,0.000471,0.000943,2.349126,3.74068
2019-10-01,3203.75,0.5,0.002825,0.00565,2.355763,3.761815
2019-10-02,3155.25,0.5,-0.007569,-0.015139,2.337931,3.704867
2019-10-03,3103.5,0.5,-0.008201,-0.016401,2.318759,3.644103
2019-10-04,3118.5,0.5,0.002417,0.004833,2.324362,3.661715
2019-10-06,3151.25,0.5,0.005251,0.010502,2.336567,3.70017
2019-10-07,3149.5,0.5,-0.000278,-0.000555,2.335919,3.698115
2019-10-08,3157.25,0.5,0.00123,0.002461,2.338793,3.707215
2019-10-09,3110.75,0.5,-0.007364,-0.014728,2.32157,3.652616
2019-10-10,3127.5,0.5,0.002692,0.005385,2.32782,3.672283
2019-10-11,3164.5,0.5,0.005915,0.011831,2.34159,3.715728
2019-10-13,3193.5,0.5,0.004582,0.009164,2.352319,3.74978
2019-10-14,3186.25,0.5,-0.001135,-0.00227,2.349649,3.741267
2019-10-15,3187.0,0.5,0.000118,0.000235,2.349925,3.742148
2019-10-16,3204.0,0.5,0.002667,0.005334,2.356193,3.762109
2019-10-17,3197.75,0.5,-0.000975,-0.001951,2.353895,3.75477
2019-10-18,3205.0,0.5,0.001134,0.002267,2.356563,3.763283
2019-10-20,3203.25,0.5,-0.000273,-0.000546,2.35592,3.761228
2019-10-21,3204.0,0.5,0.000117,0.000234,2.356196,3.762109
2019-10-22,3223.25,0.5,0.003004,0.006008,2.363274,3.784712
2019-10-23,3202.25,0.5,-0.003258,-0.006515,2.355575,3.760054
2019-10-24,3220.0,0.5,0.002771,0.005543,2.362104,3.780896
2019-10-25,3219.25,0.5,-0.000116,-0.000233,2.361829,3.780015
2019-10-27,3236.0,0.5,0.002602,0.005203,2.367973,3.799683
2019-10-28,3236.75,0.5,0.000116,0.000232,2.368247,3.800564
2019-10-29,3250.0,0.5,0.002047,0.004094,2.373095,3.816122
2019-10-30,3245.5,0.5,-0.000692,-0.001385,2.371452,3.810838
2019-10-31,3259.25,0.5,0.002118,0.004237,2.376475,3.826983
2019-11-01,3255.5,1.0,-0.001651,-0.001151,2.372553,3.82258
2019-11-03,3279.25,1.0,0.007295,0.007295,2.389861,3.850467
2019-11-04,3282.0,1.0,0.000839,0.000839,2.391865,3.853696
2019-11-05,3293.0,1.0,0.003352,0.003352,2.399882,3.866612
2019-11-06,3283.25,1.0,-0.002961,-0.002961,2.392776,3.855164
2019-11-07,3286.75,1.0,0.001066,0.001066,2.395327,3.859273
2019-11-08,3291.5,1.0,0.001445,0.001445,2.398789,3.864851
2019-11-10,3300.5,1.0,0.002734,0.002734,2.405348,3.875418
2019-11-11,3290.5,1.0,-0.00303,-0.00303,2.39806,3.863676
2019-11-12,3303.25,1.0,0.003875,0.003875,2.407352,3.878647
2019-11-13,3297.25,1.0,-0.001816,-0.001816,2.402979,3.871602
2019-11-14,3302.0,1.0,0.001441,0.001441,2.406441,3.87718
2019-11-15,3319.75,1.0,0.005376,0.005376,2.419377,3.898021
2019-11-17,3326.0,1.0,0.001883,0.001883,2.423932,3.90536
2019-11-18,3330.5,1.0,0.001353,0.001353,2.427211,3.910644
2019-11-19,3337.5,1.0,0.002102,0.002102,2.432313,3.918863
2019-11-20,3324.5,1.0,-0.003895,-0.003895,2.422839,3.903599
2019-11-21,3315.25,1.0,-0.002782,-0.002782,2.416098,3.892738
2019-11-22,3318.25,1.0,0.000905,0.000905,2.418284,3.89626
2019-11-24,3330.75,1.0,0.003767,0.003767,2.427394,3.910938
2019-11-25,3331.75,1.0,0.0003,0.0003,2.428122,3.912112
2019-11-26,3345.0,1.0,0.003977,0.003977,2.437779,3.92767
2019-11-27,3356.5,1.0,0.003438,0.003438,2.44616,3.941173
2019-11-28,3357.0,1.0,0.000149,0.000149,2.446524,3.94176
2019-11-29,3356.0,1.0,-0.000298,-0.000298,2.445795,3.940586
2019-12-01,3359.25,1.0,0.000968,0.000968,2.448164,3.944402
2019-12-02,3363.75,1.0,0.00134,0.00134,2.451443,3.949686
2019-12-03,3331.5,1.0,-0.009588,-0.009588,2.42794,3.911818
2019-12-04,3305.5,1.0,-0.007804,-0.007804,2.408992,3.881289
2019-12-05,3325.0,1.0,0.005899,0.005899,2.423203,3.904186
2019-12-06,3336.0,1.0,0.003308,0.003308,2.43122,3.917102
2019-12-08,3358.0,1.0,0.006595,0.006595,2.447253,3.942934
2019-12-09,3355.5,1.0,-0.000744,-0.000744,2.445431,3.939999
2019-12-10,3348.5,1.0,-0.002086,-0.002086,2.44033,3.931779
2019-12-11,3347.75,1.0,-0.000224,-0.000224,2.439783,3.930899
2019-12-12,3359.0,1.0,0.00336,0.00336,2.447982,3.944108
2019-12-13,3393.75,1.0,0.010345,0.010345,2.473307,3.984912
2019-12-15,3388.0,1.0,-0.001694,-0.001694,2.469116,3.97816
2019-12-16,3393.25,1.0,0.00155,0.00155,2.472943,3.984325
2019-12-17,3409.25,1.0,0.004715,0.004715,2.484603,4.003112
2019-12-18,3402.5,1.0,-0.00198,-0.00198,2.479684,3.995186
2019-12-19,3408.75,1.0,0.001837,0.001837,2.484239,4.002525
2019-12-20,3418.75,1.0,0.002934,0.002934,2.491527,4.014266
2019-12-22,3437.75,1.0,0.005558,0.005558,2.505373,4.036576
2019-12-23,3435.75,1.0,-0.000582,-0.000582,2.503916,4.034228
2019-12-24,3437.75,1.0,0.000582,0.000582,2.505373,4.036576
2019-12-25,3437.0,1.0,-0.000218,-0.000218,2.504827,4.035695
2019-12-26,3439.5,1.0,0.000727,0.000727,2.506649,4.038631
2019-12-27,3457.75,1.0,0.005306,0.005306,2.519949,4.06006
2019-12-29,3450.25,1.0,-0.002169,-0.002169,2.514483,4.051253
2019-12-30,3451.5,1.0,0.000362,0.000362,2.515394,4.052721
2019-12-31,3436.75,1.0,-0.004274,-0.004274,2.504645,4.035402
2020-01-01,3447.0,1.0,0.002982,0.002982,2.512115,4.047437
2020-01-02,3449.5,1.0,0.000725,0.000725,2.513937,4.050373
2020-01-03,3443.5,1.0,-0.001739,-0.001739,2.509564,4.043328
2020-01-05,3433.25,1.0,-0.002977,-0.002977,2.502094,4.031292
2020-01-06,3433.25,1.0,0.0,0.0,2.502094,4.031292
2020-01-07,3458.25,1.0,0.007282,0.007282,2.520313,4.060647
2020-01-08,3435.5,1.0,-0.006578,-0.006578,2.503734,4.033934
2020-01-09,3475.0,1.0,0.011498,0.011498,2.532521,4.080315
2020-01-10,3493.5,1.0,0.005324,0.005324,2.546003,4.102037
2020-01-12,3476.75,1.0,-0.004795,-0.004795,2.533796,4.08237
2020-01-13,3483.0,1.0,0.001798,0.001798,2.538351,4.089708
2020-01-14,3499.25,1.0,0.004666,0.004666,2.550194,4.108789
2020-01-15,3492.25,1.0,-0.002,-0.002,2.545092,4.100569
2020-01-16,3509.0,1.0,0.004796,0.004796,2.557299,4.120237
2020-01-17,3528.0,1.0,0.005415,0.005415,2.571146,4.142547
2020-01-19,3537.5,1.0,0.002693,0.002693,2.57807,4.153702
2020-01-20,3535.75,1.0,-0.000495,-0.000495,2.576794,4.151647
2020-01-21,3519.75,1.0,-0.004525,-0.004525,2.565134,4.13286
2020-01-22,3544.75,1.0,0.007103,0.007103,2.583353,4.162215
2020-01-23,3523.25,1.0,-0.006065,-0.006065,2.567684,4.136969
2020-01-24,3539.0,1.0,0.00447,0.00447,2.579163,4.155463
2020-01-26,3468.25,1.0,-0.019992,-0.019992,2.527601,4.072389
2020-01-27,3470.0,1.0,0.000505,0.000505,2.528877,4.074444
2020-01-28,3472.25,1.0,0.000648,0.000648,2.530516,4.077086
2020-01-29,3494.25,1.0,0.006336,0.006336,2.54655,4.102918
2020-01-30,3461.0,1.0,-0.009516,-0.009516,2.522318,4.063876
2020-01-31,3497.5,1.0,0.010546,0.010546,2.548918,4.106734
2020-02-02,3441.5,1.0,-0.016011,-0.016011,2.508106,4.040979
2020-02-03,3451.75,1.0,0.002978,0.002978,2.515576,4.053015
2020-02-04,3480.0,1.0,0.008184,0.008184,2.536164,4.086186
2020-02-05,3502.75,1.0,0.006537,0.006537,2.552744,4.112898
2020-02-06,3560.25,1.0,0.016416,0.016416,2.594649,4.180414
2020-02-07,3555.25,1.0,-0.001404,-0.001404,2.591005,4.174544
2020-02-09,3520.75,1.0,-0.009704,-0.009704,2.565862,4.134034
2020-02-10,3540.25,1.0,0.005539,0.005539,2.580074,4.156931
2020-02-11,3572.25,1.0,0.009039,0.009039,2.603395,4.194505
2020-02-12,3575.0,1.0,0.00077,0.00077,2.605399,4.197734
2020-02-13,3576.25,1.0,0.00035,0.00035,2.60631,4.199202
2020-02-14,3592.5,1.0,0.004544,0.004544,2.618153,4.218282
2020-02-16,3597.25,1.0,0.001322,0.001322,2.621614,4.22386
2020-02-17,3599.0,1.0,0.000486,0.000486,2.62289,4.225914
2020-02-18,3579.75,1.0,-0.005349,-0.005349,2.608861,4.203311
2020-02-19,3587.75,1.0,0.002235,0.002235,2.614691,4.212705
2020-02-20,3595.5,1.0,0.00216,0.00216,2.620339,4.221805
2020-02-21,3562.0,1.0,-0.009317,-0.009317,2.595925,4.182469
2020-02-23,3507.75,1.0,-0.01523,-0.01523,2.556388,4.118769
2020-02-24,3502.0,1.0,-0.001639,-0.001639,2.552198,4.112018
2020-02-25,3467.0,1.0,-0.009994,-0.009994,2.52669,4.070921
2020-02-26,3344.25,1.0,-0.035405,-0.035405,2.437232,3.926789
2020-02-27,3293.5,1.0,-0.015175,-0.015175,2.400246,3.867199
2020-02-28,3128.5,1.0,-0.050099,-0.050099,2.279997,3.673457
2020-03-01,3128.75,0.0,-0.001,8e-05,2.277717,3.673751
2020-03-02,3176.0,0.0,0.0,0.015102,2.277717,3.729231
2020-03-03,3279.5,0.0,0.0,0.032588,2.277717,3.85076
2020-03-04,3243.25,0.0,0.0,-0.011054,2.277717,3.808196
2020-03-05,3300.25,0.0,0.0,0.017575,2.277717,3.875125
2020-03-06,3190.5,0.0,0.0,-0.033255,2.277717,3.746257
2020-03-08,3049.75,0.0,0.0,-0.044115,2.277717,3.58099
2020-03-09,3028.5,0.0,0.0,-0.006968,2.277717,3.556038
2020-03-10,3056.75,0.0,0.0,0.009328,2.277717,3.589209
2020-03-11,2994.0,0.0,0.0,-0.020528,2.277717,3.515529
2020-03-12,2838.0,0.0,0.0,-0.052104,2.277717,3.332355
2020-03-13,2731.5,0.0,0.0,-0.037526,2.277717,3.207303
2020-03-15,2776.75,0.0,0.0,0.016566,2.277717,3.260436
2020-03-16,2776.75,0.0,0.0,0.0,2.277717,3.260436
2020-03-17,2712.5,0.0,0.0,-0.023139,2.277717,3.184994
2020-03-18,2614.75,0.0,0.0,-0.036037,2.277717,3.070217
2020-03-19,2541.25,0.0,0.0,-0.02811,2.277717,2.983914
2020-03-20,2609.25,0.0,0.0,0.026758,2.277717,3.063759
2020-03-22,2412.0,0.0,0.0,-0.075596,2.277717,2.832149
2020-03-23,2422.75,0.0,0.0,0.004457,2.277717,2.844772
2020-03-24,2515.75,0.0,0.0,0.038386,2.277717,2.953972
2020-03-25,2663.0,0.0,0.0,0.058531,2.277717,3.126871
2020-03-26,2653.75,0.0,0.0,-0.003474,2.277717,3.11601
2020-03-27,2808.75,0.0,0.0,0.058408,2.277717,3.29801
2020-03-29,2708.0,0.0,0.0,-0.03587,2.277717,3.17971
2020-03-30,2754.75,0.0,0.0,0.017264,2.277717,3.234603
2020-03-31,2847.75,0.0,0.0,0.03376,2.277717,3.343803
2020-04-01,2720.5,0.0,0.0,-0.044684,2.277717,3.194387
2020-04-02,2703.5,0.0,0.0,-0.006249,2.277717,3.174426
2020-04-03,2714.75,0.0,0.0,0.004161,2.277717,3.187636
2020-04-05,2740.0,0.0,0.0,0.009301,2.277717,3.217284
2020-04-06,2802.25,0.0,0.0,0.022719,2.277717,3.290378
2020-04-07,2913.0,0.0,0.0,0.039522,2.277717,3.420419
2020-04-08,2868.75,0.0,0.0,-0.015191,2.277717,3.368461
2020-04-09,2958.0,0.0,0.0,0.031111,2.277717,3.473258
2020-04-12,2965.25,0.0,0.0,0.002451,2.277717,3.481771
2020-04-13,2957.0,0.0,0.0,-0.002782,2.277717,3.472084
2020-04-14,3019.0,0.0,0.0,0.020967,2.277717,3.544883
2020-04-15,3045.25,0.0,0.0,0.008695,2.277717,3.575706
2020-04-16,3005.25,0.0,0.0,-0.013135,2.277717,3.528738
2020-04-17,3098.0,0.0,0.0,0.030863,2.277717,3.637645
2020-04-19,3070.5,0.0,0.0,-0.008877,2.277717,3.605354
2020-04-20,3076.25,0.0,0.0,0.001873,2.277717,3.612106
2020-04-21,3011.25,0.0,0.0,-0.02113,2.277717,3.535783
2020-04-22,2978.0,0.0,0.0,-0.011042,2.277717,3.496742
2020-04-23,3009.5,0.0,0.0,0.010578,2.277717,3.533729
2020-04-24,2985.5,0.0,0.0,-0.007975,2.277717,3.505548
2020-04-26,3036.5,0.0,0.0,0.017083,2.277717,3.565432
2020-04-27,3067.5,0.0,0.0,0.010209,2.277717,3.601832
2020-04-28,3084.75,0.0,0.0,0.005623,2.277717,3.622087
2020-04-29,3110.75,0.0,0.0,0.008429,2.277717,3.652616
2020-04-30,3177.25,0.0,0.0,0.021377,2.277717,3.730699
2020-05-01,3061.25,0.5,-0.018755,-0.03651,2.234999,3.594493
2020-05-03,2998.5,0.5,-0.010249,-0.020498,2.212093,3.520813
2020-05-04,3031.0,0.5,0.005419,0.010839,2.224081,3.558974
2020-05-05,3068.25,0.5,0.006145,0.01229,2.237747,3.602712
2020-05-06,3094.25,0.5,0.004237,0.008474,2.247229,3.633241
2020-05-07,3072.25,0.5,-0.003555,-0.00711,2.23924,3.607409
2020-05-08,3139.75,0.5,0.010985,0.021971,2.263839,3.686667
2020-05-10,3159.25,0.5,0.003105,0.006211,2.270869,3.709564
2020-05-11,3157.75,0.5,-0.000237,-0.000475,2.27033,3.707803
2020-05-12,3131.0,0.5,-0.004236,-0.008471,2.260713,3.676393
2020-05-13,3073.0,0.5,-0.009262,-0.018524,2.239774,3.60829
2020-05-14,3023.0,0.5,-0.008135,-0.016271,2.221553,3.54958
2020-05-15,3066.25,0.5,0.007153,0.014307,2.237445,3.600364
2020-05-17,3089.5,0.5,0.003791,0.007583,2.245927,3.627664
2020-05-18,3103.0,0.5,0.002185,0.00437,2.250834,3.643516
2020-05-19,3193.5,0.5,0.014583,0.029165,2.283657,3.74978
2020-05-20,3150.5,0.5,-0.006732,-0.013465,2.268283,3.69929
2020-05-21,3172.5,0.5,0.003492,0.006983,2.276203,3.725122
2020-05-22,3136.25,0.5,-0.005713,-0.011426,2.263198,3.682557
2020-05-24,3187.0,0.5,0.008091,0.016182,2.28151,3.742148
2020-05-25,3186.5,0.5,-7.8e-05,-0.000157,2.281331,3.741561
2020-05-26,3231.25,0.5,0.007022,0.014044,2.29735,3.794106
2020-05-27,3233.75,0.5,0.000387,0.000774,2.298238,3.797041
2020-05-28,3261.5,0.5,0.004291,0.008581,2.308099,3.829625
2020-05-29,3246.5,0.5,-0.0023,-0.004599,2.302792,3.812012
2020-05-31,3246.75,0.5,3.9e-05,7.7e-05,2.30288,3.812306
2020-06-01,3273.5,1.0,0.007739,0.008239,2.320702,3.843715
2020-06-02,3268.75,1.0,-0.001451,-0.001451,2.317335,3.838138
2020-06-03,3339.0,1.0,0.021491,0.021491,2.367138,3.920625
2020-06-04,3331.75,1.0,-0.002171,-0.002171,2.361998,3.912112
2020-06-05,3356.0,1.0,0.007278,0.007278,2.37919,3.940586
2020-06-07,3429.5,1.0,0.021901,0.021901,2.431297,4.026889
2020-06-08,3410.0,1.0,-0.005686,-0.005686,2.417472,4.003992
2020-06-09,3442.5,1.0,0.009531,0.009531,2.440513,4.042153
2020-06-10,3436.0,1.0,-0.001888,-0.001888,2.435905,4.034521
2020-06-11,3231.625,1.0,-0.059481,-0.059481,2.291016,3.794546
2020-06-12,3248.75,1.0,0.005299,0.005299,2.303156,3.814654
2020-06-14,3217.5,1.0,-0.009619,-0.009619,2.281002,3.77796
2020-06-15,3170.5,1.0,-0.014608,-0.014608,2.247682,3.722773
2020-06-16,3350.5,1.0,0.056773,0.056773,2.375291,3.934128
2020-06-17,3350.5,1.0,0.0,0.0,2.375291,3.934128
2020-06-18,3332.5,1.0,-0.005372,-0.005372,2.36253,3.912992
2020-06-19,3291.625,1.0,-0.012266,-0.012266,2.333552,3.864997
2020-06-21,3286.0,1.0,-0.001709,-0.001709,2.329564,3.858393
2020-06-22,3343.0,1.0,0.017346,0.017346,2.369974,3.925321
2020-06-23,3348.5,1.0,0.001645,0.001645,2.373873,3.931779
2020-06-24,3281.25,1.0,-0.020084,-0.020084,2.326197,3.852815
2020-06-25,3261.0,1.0,-0.006171,-0.006171,2.311841,3.829038
2020-06-26,3239.125,1.0,-0.006708,-0.006708,2.296333,3.803352
2020-06-28,3232.5,1.0,-0.002045,-0.002045,2.291636,3.795573
2020-06-29,3239.25,1.0,0.002088,0.002088,2.296421,3.803499
2020-06-30,3274.0,1.0,0.010728,0.010728,2.321057,3.844302
2020-07-01,3316.5,1.0,0.012981,0.012981,2.351187,3.894205
2020-07-02,3347.25,1.0,0.009272,0.009272,2.372987,3.930312
2020-07-03,3367.5,1.0,0.00605,0.00605,2.387342,3.954089
2020-07-05,3367.25,1.0,-7.4e-05,-7.4e-05,2.387165,3.953796
2020-07-06,3396.0,1.0,0.008538,0.008538,2.407547,3.987554
2020-07-07,3390.25,1.0,-0.001693,-0.001693,2.403471,3.980802
2020-07-08,3395.625,1.0,0.001585,0.001585,2.407281,3.987113
2020-07-09,3392.0,1.0,-0.001068,-0.001068,2.404711,3.982857
2020-07-10,3347.0,1.0,-0.013267,-0.013267,2.372809,3.930018
2020-07-12,3418.75,1.0,0.021437,0.021437,2.423675,4.014266
2020-07-13,3425.5,1.0,0.001974,0.001974,2.428461,4.022192
2020-07-14,3394.5,1.0,-0.00905,-0.00905,2.406484,3.985792
2020-07-15,3437.75,1.0,0.012741,0.012741,2.437145,4.036576
2020-07-16,3433.5,1.0,-0.001236,-0.001236,2.434132,4.031586
2020-07-17,3434.0,1.0,0.000146,0.000146,2.434487,4.032173
2020-07-19,3453.5,1.0,0.005679,0.005679,2.448311,4.05507
2020-07-20,3430.25,1.0,-0.006732,-0.006732,2.431828,4.02777
2020-07-21,3493.0,1.0,0.018293,0.018293,2.476314,4.10145
2020-07-22,3485.5,1.0,-0.002147,-0.002147,2.470997,4.092644
2020-07-23,3512.5,1.0,0.007746,0.007746,2.490138,4.124347
2020-07-24,3439.0,1.0,-0.020925,-0.020925,2.438031,4.038044
2020-07-26,3431.75,1.0,-0.002108,-0.002108,2.432892,4.029531
2020-07-27,3448.25,1.0,0.004808,0.004808,2.444589,4.048905
2020-07-28,3465.0,1.0,0.004858,0.004858,2.456464,4.068573
2020-07-29,3449.25,1.0,-0.004545,-0.004545,2.445298,4.050079
2020-07-30,3471.75,1.0,0.006523,0.006523,2.461249,4.076499
2020-07-31,3490.25,1.0,0.005329,0.005329,2.474364,4.098221
2020-08-02,3496.5,1.0,0.001791,0.001791,2.478795,4.10556
2020-08-03,3493.75,1.0,-0.000787,-0.000787,2.476846,4.102331
2020-08-04,3526.5,1.0,0.009374,0.009374,2.500063,4.140786
2020-08-05,3544.0,1.0,0.004962,0.004962,2.51247,4.161334
2020-08-06,3553.25,1.0,0.00261,0.00261,2.519027,4.172195
2020-08-07,3564.0,1.0,0.003025,0.003025,2.526648,4.184818
2020-08-09,3574.0,1.0,0.002806,0.002806,2.533738,4.19656
2020-08-10,3581.75,1.0,0.002168,0.002168,2.539232,4.20566
2020-08-11,3591.25,1.0,0.002652,0.002652,2.545967,4.216814
2020-08-12,3576.75,1.0,-0.004038,-0.004038,2.535687,4.199789
2020-08-13,3600.0,1.0,0.0065,0.0065,2.55217,4.227089
2020-08-14,3605.75,1.0,0.001597,0.001597,2.556247,4.23384
2020-08-16,3602.75,1.0,-0.000832,-0.000832,2.55412,4.230318
2020-08-17,3603.5,1.0,0.000208,0.000208,2.554651,4.231198
2020-08-18,3608.5,1.0,0.001388,0.001388,2.558196,4.237069
2020-08-19,3621.5,1.0,0.003603,0.003603,2.567412,4.252334
2020-08-20,3589.5,1.0,-0.008836,-0.008836,2.544726,4.21476
2020-08-21,3619.0,1.0,0.008218,0.008218,2.56564,4.249398
2020-08-23,3629.75,1.0,0.00297,0.00297,2.573261,4.262021
2020-08-24,3639.5,1.0,0.002686,0.002686,2.580173,4.273469
2020-08-25,3675.0,1.0,0.009754,0.009754,2.60534,4.315153
2020-08-26,3672.5,1.0,-0.00068,-0.00068,2.603568,4.312217
2020-08-27,3708.5,1.0,0.009803,0.009803,2.62909,4.354488
2020-08-28,3736.0,1.0,0.007415,0.007415,2.648585,4.386779
2020-08-30,3751.0,1.0,0.004015,0.004015,2.659219,4.404391
2020-08-31,3748.25,1.0,-0.000733,-0.000733,2.65727,4.401162
2020-09-01,3741.5,1.0,-0.001801,-0.001801,2.652485,4.393237
2020-09-02,3772.0,1.0,0.008152,0.008152,2.674107,4.429049
2020-09-03,3693.75,1.0,-0.020745,-0.020745,2.618633,4.337169
2020-09-04,3649.875,1.0,-0.011878,-0.011878,2.587528,4.285651
2020-09-06,3637.0,1.0,-0.003528,-0.003528,2.578401,4.270534
2020-09-07,3629.75,1.0,-0.001993,-0.001993,2.573261,4.262021
2020-09-08,3671.75,1.0,0.011571,0.011571,2.603036,4.311337
2020-09-09,3566.0,1.0,-0.028801,-0.028801,2.528066,4.187166
2020-09-10,3572.625,1.0,0.001858,0.001858,2.532763,4.194945
2020-09-11,3597.25,1.0,0.006893,0.006893,2.550221,4.22386
2020-09-13,3593.5,1.0,-0.001042,-0.001042,2.547562,4.219456
2020-09-14,3613.5,1.0,0.005566,0.005566,2.561741,4.24294
2020-09-15,3624.25,1.0,0.002975,0.002975,2.569362,4.255563
2020-09-16,3642.75,1.0,0.005105,0.005105,2.582477,4.277285
2020-09-17,3567.75,1.0,-0.020589,-0.020589,2.529307,4.189221
2020-09-18,3595.0,1.0,0.007638,0.007638,2.548625,4.221218
2020-09-20,3557.0,1.0,-0.01057,-0.01057,2.521686,4.176598
2020-09-21,3544.75,1.0,-0.003444,-0.003444,2.513001,4.162215
2020-09-22,3507.75,1.0,-0.010438,-0.010438,2.486771,4.118769
2020-09-23,3546.5,1.0,0.011047,0.011047,2.514242,4.164269
2020-09-24,3455.5,1.0,-0.025659,-0.025659,2.449729,4.057418
2020-09-25,3491.75,1.0,0.010491,0.010491,2.475428,4.099982
2020-09-27,3537.75,1.0,0.013174,0.013174,2.508039,4.153995
2020-09-28,3551.25,1.0,0.003816,0.003816,2.517609,4.169847
2020-09-29,3591.0,1.0,0.011193,0.011193,2.54579,4.216521
2020-09-30,3594.5,1.0,0.000975,0.000975,2.548271,4.220631
2020-10-01,3622.5,1.0,0.00779,0.00779,2.568121,4.253508
2020-10-02,3569.5,1.0,-0.014631,-0.014631,2.530548,4.191276
2020-10-04,3604.5,1.0,0.009805,0.009805,2.55536,4.232372
2020-10-05,3602.0,1.0,-0.000694,-0.000694,2.553588,4.229437
2020-10-06,3637.0,1.0,0.009717,0.009717,2.578401,4.270534
2020-10-07,3611.25,1.0,-0.00708,-0.00708,2.560146,4.240298
2020-10-08,3673.75,1.0,0.017307,0.017307,2.604454,4.313685
2020-10-09,3689.25,1.0,0.004219,0.004219,2.615443,4.331885
2020-10-11,3712.75,1.0,0.00637,0.00637,2.632103,4.359479
2020-10-12,3722.75,1.0,0.002693,0.002693,2.639192,4.371221
2020-10-13,3761.0,1.0,0.010275,0.010275,2.666309,4.416133
2020-10-14,3760.0,1.0,-0.000266,-0.000266,2.6656,4.414959
2020-10-15,3704.5,1.0,-0.014761,-0.014761,2.626254,4.349792
2020-10-16,3723.0,1.0,0.004994,0.004994,2.639369,4.371514
2020-10-18,3720.0,1.0,-0.000806,-0.000806,2.637242,4.367992
2020-10-19,3728.75,1.0,0.002352,0.002352,2.643446,4.378266
2020-10-20,3679.0,1.0,-0.013342,-0.013342,2.608176,4.31985
2020-10-21,3695.5,1.0,0.004485,0.004485,2.619874,4.339224
2020-10-22,3657.75,1.0,-0.010215,-0.010215,2.593111,4.294898
2020-10-23,3682.75,1.0,0.006835,0.006835,2.610835,4.324253
2020-10-25,3681.75,1.0,-0.000272,-0.000272,2.610126,4.323079
2020-10-26,3669.0,1.0,-0.003463,-0.003463,2.601087,4.308108
2020-10-27,3647.25,1.0,-0.005928,-0.005928,2.585667,4.282569
2020-10-28,3604.75,1.0,-0.011653,-0.011653,2.555538,4.232666
2020-10-29,3544.5,1.0,-0.016714,-0.016714,2.512824,4.161921
2020-10-30,3476.0,1.0,-0.019326,-0.019326,2.464262,4.081489
2020-11-01,3495.0,0.0,-0.001,0.005466,2.461798,4.103799
2020-11-02,3510.25,0.0,0.0,0.004363,2.461798,4.121705
2020-11-03,3560.5,0.0,0.0,0.014315,2.461798,4.180708
2020-11-04,3616.0,0.0,0.0,0.015588,2.461798,4.245876
2020-11-05,3699.0,0.0,0.0,0.022954,2.461798,4.343334
2020-11-06,3726.5,0.0,0.0,0.007434,2.461798,4.375624
2020-11-08,3779.75,0.0,0.0,0.01429,2.461798,4.438149
2020-11-09,3794.25,0.0,0.0,0.003836,2.461798,4.455175
2020-11-10,3779.5,0.0,0.0,-0.003887,2.461798,4.437856
2020-11-11,3793.5,0.0,0.0,0.003704,2.461798,4.454295
2020-11-12,3787.75,0.0,0.0,-0.001516,2.461798,4.447543
2020-11-13,3782.5,0.0,0.0,-0.001386,2.461798,4.441379
2020-11-15,3850.5,0.0,0.0,0.017978,2.461798,4.521224
2020-11-16,3855.0,0.0,0.0,0.001169,2.461798,4.526507
2020-11-17,3852.25,0.0,0.0,-0.000713,2.461798,4.523278
2020-11-18,3831.5,0.0,0.0,-0.005386,2.461798,4.498914
2020-11-19,3815.0,0.0,0.0,-0.004306,2.461798,4.47954
2020-11-20,3804.25,0.0,0.0,-0.002818,2.461798,4.466917
2020-11-22,3800.0,0.0,0.0,-0.001117,2.461798,4.461927
2020-11-23,3818.5,0.0,0.0,0.004868,2.461798,4.483649
2020-11-24,3875.25,0.0,0.0,0.014862,2.461798,4.550285
2020-11-25,3869.75,0.0,0.0,-0.001419,2.461798,4.543827
2020-11-26,3879.25,0.0,0.0,0.002455,2.461798,4.554982
2020-11-27,3873.5,0.0,0.0,-0.001482,2.461798,4.54823
2020-11-29,3884.25,0.0,0.0,0.002775,2.461798,4.560852
2020-11-30,3847.5,0.0,0.0,-0.009461,2.461798,4.517701
2020-12-01,3895.75,1.0,0.011541,0.012541,2.490208,4.574356
2020-12-02,3899.0,1.0,0.000834,0.000834,2.492286,4.578172
2020-12-03,3908.25,1.0,0.002372,0.002372,2.498199,4.589033
2020-12-04,3914.75,1.0,0.001663,0.001663,2.502353,4.596665
2020-12-06,3941.75,1.0,0.006897,0.006897,2.519612,4.628368
2020-12-07,3931.0,1.0,-0.002727,-0.002727,2.512741,4.615746
2020-12-08,3922.25,1.0,-0.002226,-0.002226,2.507148,4.605472
2020-12-09,3914.875,1.0,-0.00188,-0.00188,2.502433,4.596812
2020-12-10,3909.25,1.0,-0.001437,-0.001437,2.498838,4.590207
2020-12-11,3903.5,1.0,-0.001471,-0.001471,2.495162,4.583456
2020-12-14,3895.25,1.0,-0.002113,-0.002113,2.489889,4.573769
2020-12-15,3937.5,1.0,0.010847,0.010847,2.516896,4.623378
2020-12-16,3944.5,1.0,0.001778,0.001778,2.52137,4.631597
2020-12-17,3965.25,1.0,0.00526,0.00526,2.534634,4.655962
2020-12-18,3967.25,1.0,0.000504,0.000504,2.535912,4.65831
2020-12-21,3935.0,1.0,-0.008129,-0.008129,2.515297,4.620443
2020-12-22,3925.5,1.0,-0.002414,-0.002414,2.509225,4.609288
2020-12-23,3935.75,1.0,0.002611,0.002611,2.515777,4.621323
2020-12-24,3945.75,1.0,0.002541,0.002541,2.522169,4.633065
2020-12-28,3980.25,1.0,0.008744,0.008744,2.544222,4.673575
2020-12-29,3975.0,1.0,-0.001319,-0.001319,2.540866,4.66741
2020-12-30,3975.5,1.0,0.000126,0.000126,2.541186,4.667997
2020-12-31,3999.5,1.0,0.006037,0.006037,2.556527,4.696178
2021-01-04,3946.75,1.0,-0.013189,-0.013189,2.522808,4.634239
2021-01-05,3968.25,1.0,0.005448,0.005448,2.536551,4.659485
2021-01-06,4000.0,1.0,0.008001,0.008001,2.556846,4.696765
2021-01-07,4046.75,1.0,0.011688,0.011688,2.586729,4.751659
2021-01-08,4072.75,1.0,0.006425,0.006425,2.603349,4.782188
2021-01-11,4042.5,1.0,-0.007427,-0.007427,2.584013,4.746668
2021-01-12,4043.25,1.0,0.000186,0.000186,2.584492,4.747549
2021-01-13,4056.5,1.0,0.003277,0.003277,2.592962,4.763107
2021-01-14,4040.5,1.0,-0.003944,-0.003944,2.582734,4.74432
2021-01-15,4013.0,1.0,-0.006806,-0.006806,2.565156,4.71203
2021-01-19,4044.75,1.0,0.007912,0.007912,2.585451,4.74931
2021-01-20,4091.0,1.0,0.011435,0.011435,2.615014,4.803617
2021-01-21,4097.25,1.0,0.001528,0.001528,2.61901,4.810955
2021-01-22,4080.75,1.0,-0.004027,-0.004027,2.608463,4.791581
2021-01-25,4097.75,1.0,0.004166,0.004166,2.619329,4.811542
2021-01-26,4097.25,1.0,-0.000122,-0.000122,2.61901,4.810955
2021-01-27,3984.5,1.0,-0.027518,-0.027518,2.546938,4.678565
2021-01-28,4018.75,1.0,0.008596,0.008596,2.568831,4.718781
2021-01-29,3947.25,1.0,-0.017792,-0.017792,2.523128,4.634827
2021-02-01,4014.5,1.0,0.017037,0.017037,2.566115,4.713791
2021-02-02,4079.0,1.0,0.016067,0.016067,2.607344,4.789526
2021-02-03,4083.25,1.0,0.001042,0.001042,2.610061,4.794517
2021-02-04,4117.25,1.0,0.008327,0.008327,2.631794,4.834439
2021-02-05,4135.5,1.0,0.004433,0.004433,2.643459,4.855868
2021-02-08,4161.25,1.0,0.006227,0.006227,2.659919,4.886103
2021-02-09,4161.5,1.0,6e-05,6e-05,2.660079,4.886397
2021-02-10,4159.0,1.0,-0.000601,-0.000601,2.658481,4.883462
2021-02-11,4156.5,1.0,-0.000601,-0.000601,2.656883,4.880526
2021-02-12,4181.875,1.0,0.006105,0.006105,2.673103,4.910321
2021-02-16,4180.0,1.0,-0.000448,-0.000448,2.671904,4.90812
2021-02-17,4177.75,1.0,-0.000538,-0.000538,2.670466,4.905478
2021-02-18,4161.5,1.0,-0.00389,-0.00389,2.660079,4.886397
2021-02-19,4150.0,1.0,-0.002763,-0.002763,2.652728,4.872894
2021-02-22,4124.375,1.0,-0.006175,-0.006175,2.636348,4.842805
2021-02-23,4126.75,1.0,0.000576,0.000576,2.637866,4.845594
2021-02-24,4174.25,1.0,0.01151,0.01151,2.668229,4.901368
2021-02-25,4078.75,1.0,-0.022878,-0.022878,2.607184,4.789233
2021-02-26,4058.5,1.0,-0.004965,-0.004965,2.59424,4.765455
2021-03-01,4154.0,0.5,0.011265,0.023531,2.623465,4.877591
2021-03-02,4117.5,0.5,-0.004393,-0.008787,2.61194,4.834733
2021-03-03,4065.75,0.5,-0.006284,-0.012568,2.595526,4.773968
2021-03-04,4017.5,0.5,-0.005934,-0.011867,2.580125,4.717313
2021-03-05,4091.25,0.5,0.009179,0.018357,2.603807,4.80391
2021-03-08,4080.25,0.5,-0.001344,-0.002689,2.600306,4.790994
2021-03-09,4122.5,0.5,0.005177,0.010355,2.613769,4.840604
2021-03-10,4158.75,0.5,0.004397,0.008793,2.625261,4.883168
2021-03-11,4187.25,0.5,0.003427,0.006853,2.634256,4.916632
2021-03-12,4193.5,0.5,0.000746,0.001493,2.636222,4.923971
2021-03-15,4217.25,0.5,0.002832,0.005664,2.643687,4.951858
2021-03-16,4218.0,0.5,8.9e-05,0.000178,2.643922,4.952739
2021-03-17,4221.75,0.5,0.000445,0.000889,2.645098,4.957142
2021-03-18,4171.0,0.5,-0.006011,-0.012021,2.629199,4.897552
2021-03-19,4157.25,0.5,-0.001648,-0.003297,2.624865,4.881407
2021-03-22,4193.25,0.5,0.00433,0.00866,2.636231,4.923678
2021-03-23,4164.25,0.5,-0.003458,-0.006916,2.627115,4.889626
2021-03-24,4143.25,0.5,-0.002521,-0.005043,2.62049,4.864968
2021-03-25,4167.75,0.5,0.002957,0.005913,2.628238,4.893736
2021-03-26,4222.75,0.5,0.006598,0.013197,2.64558,4.958316
2021-03-29,4223.5,0.5,8.9e-05,0.000178,2.645815,4.959197
2021-03-30,4210.0,0.5,-0.001598,-0.003196,2.641587,4.943345
2021-03-31,4226.75,0.5,0.001989,0.003979,2.646841,4.963013
2021-04-01,4270.375,1.0,0.009821,0.010321,2.672837,5.014237
2021-04-05,4330.75,1.0,0.014138,0.014138,2.710625,5.085129
2021-04-06,4327.0,1.0,-0.000866,-0.000866,2.708278,5.080726
2021-04-07,4335.75,1.0,0.002022,0.002022,2.713755,5.091
2021-04-08,4358.5,1.0,0.005247,0.005247,2.727994,5.117713
2021-04-09,4374.5,1.0,0.003671,0.003671,2.738009,5.1365
2021-04-12,4383.0,1.0,0.001943,0.001943,2.743329,5.14648
2021-04-13,4394.75,1.0,0.002681,0.002681,2.750683,5.160277
2021-04-14,4383.75,1.0,-0.002503,-0.002503,2.743798,5.147361
2021-04-15,4423.0,1.0,0.008954,0.008954,2.768365,5.193448
2021-04-16,4432.75,1.0,0.002204,0.002204,2.774467,5.204896
2021-04-19,4417.0,1.0,-0.003553,-0.003553,2.764609,5.186403
2021-04-20,4380.75,1.0,-0.008207,-0.008207,2.74192,5.143838
2021-04-21,4417.25,1.0,0.008332,0.008332,2.764766,5.186696
2021-04-22,4390.5,1.0,-0.006056,-0.006056,2.748023,5.155287
2021-04-23,4426.5,1.0,0.0082,0.0082,2.770555,5.197558
2021-04-26,4441.75,1.0,0.003445,0.003445,2.7801,5.215464
2021-04-27,4440.75,1.0,-0.000225,-0.000225,2.779475,5.21429
2021-04-28,4445.25,1.0,0.001013,0.001013,2.782291,5.219574
2021-04-29,4460.5,1.0,0.003431,0.003431,2.791836,5.23748
2021-04-30,4441.0,1.0,-0.004372,-0.004372,2.779631,5.214583
2021-05-03,4444.0,1.0,0.000676,0.000676,2.781509,5.218106
2021-05-04,4418.75,1.0,-0.005682,-0.005682,2.765705,5.188458
2021-05-05,4418.75,1.0,0.0,0.0,2.765705,5.188458
2021-05-06,4456.75,1.0,0.0086,0.0086,2.789489,5.233077
2021-05-07,4487.25,1.0,0.006844,0.006844,2.808579,5.26889
2021-05-10,4436.25,1.0,-0.011366,-0.011366,2.776658,5.209006
2021-05-11,4400.5,1.0,-0.008059,-0.008059,2.754282,5.167029
2021-05-12,4312.5,1.0,-0.019998,-0.019998,2.699203,5.0637
2021-05-13,4371.25,1.0,0.013623,0.013623,2.735974,5.132684
2021-05-14,4433.75,1.0,0.014298,0.014298,2.775093,5.206071
2021-05-17,4421.0,1.0,-0.002876,-0.002876,2.767113,5.1911
2021-05-18,4375.25,1.0,-0.010348,-0.010348,2.738478,5.13738
2021-05-19,4368.25,1.0,-0.0016,-0.0016,2.734097,5.129161
2021-05-20,4412.5,1.0,0.01013,0.01013,2.761793,5.181119
2021-05-21,4418.25,1.0,0.001303,0.001303,2.765392,5.187871
2021-05-24,4459.75,1.0,0.009393,0.009393,2.791367,5.2366
2021-05-25,4449.0,1.0,-0.00241,-0.00241,2.784638,5.223977
2021-05-26,4454.25,1.0,0.00118,0.00118,2.787924,5.230141
2021-05-27,4471.75,1.0,0.003929,0.003929,2.798878,5.25069
2021-05-28,4463.75,1.0,-0.001789,-0.001789,2.79387,5.241296
2021-06-01,4459.0,1.0,-0.001064,-0.001064,2.790897,5.235719
2021-06-02,4467.25,1.0,0.00185,0.00185,2.796061,5.245406
2021-06-03,4451.75,1.0,-0.00347,-0.00347,2.78636,5.227206
2021-06-04,4488.25,1.0,0.008199,0.008199,2.809205,5.270064
2021-06-07,4487.75,1.0,-0.000111,-0.000111,2.808892,5.269477
2021-06-08,4485.75,1.0,-0.000446,-0.000446,2.80764,5.267129
2021-06-09,4482.75,1.0,-0.000669,-0.000669,2.805762,5.263606
2021-06-10,4499.5,1.0,0.003737,0.003737,2.816246,5.283274
2021-06-11,4506.0,1.0,0.001445,0.001445,2.820315,5.290906
2021-06-14,4516.25,1.0,0.002275,0.002275,2.82673,5.302941
2021-06-15,4507.5,1.0,-0.001937,-0.001937,2.821254,5.292667
2021-06-16,4472.5,1.0,-0.007765,-0.007765,2.799347,5.25157
2021-06-17,4485.5,1.0,0.002907,0.002907,2.807484,5.266835
2021-06-18,4411.75,1.0,-0.016442,-0.016442,2.761323,5.180238
2021-06-21,4488.5,1.0,0.017397,0.017397,2.809361,5.270358
2021-06-22,4506.75,1.0,0.004066,0.004066,2.820784,5.291787
2021-06-23,4503.5,1.0,-0.000721,-0.000721,2.81875,5.28797
2021-06-24,4532.25,1.0,0.006384,0.006384,2.836745,5.321728
2021-06-25,4544.5,1.0,0.002703,0.002703,2.844412,5.336112
2021-06-28,4551.25,1.0,0.001485,0.001485,2.848637,5.344038
2021-06-29,4554.25,1.0,0.000659,0.000659,2.850514,5.347561
2021-06-30,4563.5,1.0,0.002031,0.002031,2.856304,5.358422
2021-07-01,4579.5,1.0,0.003506,0.003506,2.866318,5.377209
2021-07-02,4608.75,1.0,0.006387,0.006387,2.884626,5.411554
2021-07-06,4598.25,1.0,-0.002278,-0.002278,2.878054,5.399225
2021-07-07,4621.75,1.0,0.005111,0.005111,2.892763,5.426819
2021-07-08,4580.25,1.0,-0.008979,-0.008979,2.866788,5.37809
2021-07-09,4632.0,1.0,0.011299,0.011299,2.899178,5.438854
2021-07-12,4645.75,1.0,0.002968,0.002968,2.907785,5.454999
2021-07-13,4629.25,1.0,-0.003552,-0.003552,2.897457,5.435625
2021-07-14,4636.25,1.0,0.001512,0.001512,2.901838,5.443844
2021-07-15,4618.0,1.0,-0.003936,-0.003936,2.890416,5.422415
2021-07-16,4588.5,1.0,-0.006388,-0.006388,2.871952,5.387777
2021-07-19,4531.0,1.0,-0.012531,-0.012531,2.835962,5.320261
2021-07-20,4589.0,1.0,0.012801,0.012801,2.872265,5.388364
2021-07-21,4625.25,1.0,0.007899,0.007899,2.894954,5.430928
2021-07-22,4641.0,1.0,0.003405,0.003405,2.904811,5.449422
2021-07-23,4669.25,1.0,0.006087,0.006087,2.922493,5.482593
2021-07-26,4685.0,1.0,0.003373,0.003373,2.932351,5.501086
2021-07-27,4653.5,1.0,-0.006724,-0.006724,2.912635,5.464099
2021-07-28,4662.0,1.0,0.001827,0.001827,2.917955,5.47408
2021-07-29,4667.0,1.0,0.001073,0.001073,2.921085,5.479951
2021-07-30,4665.25,1.0,-0.000375,-0.000375,2.91999,5.477896
2021-08-02,4653.75,1.0,-0.002465,-0.002465,2.912792,5.464393
2021-08-03,4678.75,1.0,0.005372,0.005372,2.928439,5.493747
2021-08-04,4666.5,1.0,-0.002618,-0.002618,2.920772,5.479364
2021-08-05,4691.0,1.0,0.00525,0.00525,2.936107,5.508131
2021-08-06,4700.25,1.0,0.001972,0.001972,2.941896,5.518993
2021-08-09,4697.5,1.0,-0.000585,-0.000585,2.940175,5.515764
2021-08-10,4699.5,1.0,0.000426,0.000426,2.941427,5.518112
2021-08-11,4711.5,1.0,0.002553,0.002553,2.948938,5.532202
2021-08-12,4726.0,1.0,0.003078,0.003078,2.958013,5.549228
2021-08-13,4729.75,1.0,0.000793,0.000793,2.96036,5.553631
2021-08-16,4742.0,1.0,0.00259,0.00259,2.968028,5.568015
2021-08-17,4707.5,1.0,-0.007275,-0.007275,2.946434,5.527505
2021-08-18,4658.5,1.0,-0.010409,-0.010409,2.915765,5.46997
2021-08-19,4673.25,1.0,0.003166,0.003166,2.924997,5.487289
2021-08-20,4707.5,1.0,0.007329,0.007329,2.946434,5.527505
2021-08-23,4751.25,1.0,0.009294,0.009294,2.973817,5.578876
2021-08-24,4753.75,1.0,0.000526,0.000526,2.975382,5.581812
2021-08-25,4763.5,1.0,0.002051,0.002051,2.981484,5.59326
2021-08-26,4740.0,1.0,-0.004933,-0.004933,2.966776,5.565667
2021-08-27,4777.5,1.0,0.007911,0.007911,2.990247,5.609699
2021-08-30,4800.0,1.0,0.00471,0.00471,3.00433,5.636118
2021-08-31,4798.0,1.0,-0.000417,-0.000417,3.003078,5.63377
2021-09-01,4792.75,1.0,-0.001094,-0.001094,2.999792,5.627605
2021-09-02,4806.5,1.0,0.002869,0.002869,3.008398,5.64375
2021-09-03,4803.75,1.0,-0.000572,-0.000572,3.006677,5.640521
2021-09-07,4787.75,1.0,-0.003331,-0.003331,2.996663,5.621734
2021-09-08,4781.25,1.0,-0.001358,-0.001358,2.992594,5.614102
2021-09-09,4760.75,1.0,-0.004288,-0.004288,2.979763,5.590031
2021-09-10,4731.25,1.0,-0.006197,-0.006197,2.961299,5.555392
2021-09-13,4746.0,1.0,0.003118,0.003118,2.970531,5.572712
2021-09-14,4716.5,1.0,-0.006216,-0.006216,2.952067,5.538073
2021-09-15,4755.75,1.0,0.008322,0.008322,2.976634,5.58416
2021-09-16,4739.5,1.0,-0.003417,-0.003417,2.966463,5.56508
2021-09-17,4687.5,1.0,-0.010972,-0.010972,2.933916,5.504022
2021-09-20,4622.25,1.0,-0.01392,-0.01392,2.893076,5.427406
2021-09-21,4615.5,1.0,-0.00146,-0.00146,2.888851,5.41948
2021-09-22,4665.5,1.0,0.010833,0.010833,2.920146,5.478189
2021-09-23,4718.25,1.0,0.011306,0.011306,2.953162,5.540128
2021-09-24,4725.25,1.0,0.001484,0.001484,2.957544,5.548347
2021-09-27,4708.5,1.0,-0.003545,-0.003545,2.94706,5.52868
2021-09-28,4625.75,1.0,-0.017575,-0.017575,2.895266,5.431515
2021-09-29,4635.75,1.0,0.002162,0.002162,2.901525,5.443257
2021-09-30,4577.75,1.0,-0.012511,-0.012511,2.865223,5.375154
2021-10-01,4629.0,0.0,-0.001,0.011195,2.862358,5.435331
2021-10-04,4573.25,0.0,0.0,-0.012044,2.862358,5.36987
2021-10-05,4614.0,0.0,0.0,0.008911,2.862358,5.417719
2021-10-06,4634.5,0.0,0.0,0.004443,2.862358,5.441789
2021-10-07,4669.5,0.0,0.0,0.007552,2.862358,5.482886
2021-10-08,4659.0,0.0,0.0,-0.002249,2.862358,5.470557
2021-10-11,4626.5,0.0,0.0,-0.006976,2.862358,5.432396
2021-10-12,4608.0,0.0,0.0,-0.003999,2.862358,5.410673
2021-10-13,4634.5,0.0,0.0,0.005751,2.862358,5.441789
2021-10-14,4714.75,0.0,0.0,0.017316,2.862358,5.536018
2021-10-15,4744.5,0.0,0.0,0.00631,2.862358,5.570951
2021-10-18,4755.25,0.0,0.0,0.002266,2.862358,5.583573
2021-10-19,4794.5,0.0,0.0,0.008254,2.862358,5.62966
2021-10-20,4804.25,0.0,0.0,0.002034,2.862358,5.641108
2021-10-21,4811.25,0.0,0.0,0.001457,2.862358,5.649328
2021-10-22,4808.5,0.0,0.0,-0.000572,2.862358,5.646099
2021-10-25,4844.5,0.0,0.0,0.007487,2.862358,5.68837
2021-10-26,4842.5,0.0,0.0,-0.000413,2.862358,5.686021
2021-10-27,4827.0,0.0,0.0,-0.003201,2.862358,5.667821
2021-10-28,4857.75,0.0,0.0,0.00637,2.862358,5.703928
2021-10-29,4881.75,0.0,0.0,0.004941,2.862358,5.732108
2021-11-01,4885.0,1.0,-0.000334,0.000666,2.861401,5.735924
2021-11-02,4900.75,1.0,0.003224,0.003224,2.870627,5.754418
2021-11-03,4931.0,1.0,0.006173,0.006173,2.888346,5.789937
2021-11-04,4952.0,1.0,0.004259,0.004259,2.900647,5.814595
2021-11-05,4965.0,1.0,0.002625,0.002625,2.908261,5.82986
2021-11-08,4971.25,1.0,0.001259,0.001259,2.911922,5.837198
2021-11-09,4954.5,1.0,-0.003369,-0.003369,2.902111,5.817531
2021-11-10,4923.5,1.0,-0.006257,-0.006257,2.883953,5.781131
2021-11-11,4925.75,1.0,0.000457,0.000457,2.885271,5.783773
2021-11-12,4960.25,1.0,0.007004,0.007004,2.905479,5.824282
2021-11-15,4960.25,1.0,0.0,0.0,2.905479,5.824282
2021-11-16,4975.75,1.0,0.003125,0.003125,2.914558,5.842482
2021-11-17,4964.5,1.0,-0.002261,-0.002261,2.907969,5.829273
2021-11-18,4984.5,1.0,0.004029,0.004029,2.919684,5.852756
2021-11-19,4977.0,1.0,-0.001505,-0.001505,2.91529,5.84395
2021-11-22,4963.25,1.0,-0.002763,-0.002763,2.907236,5.827805
2021-11-23,4964.0,1.0,0.000151,0.000151,2.907676,5.828685
2021-11-24,4979.75,1.0,0.003173,0.003173,2.916901,5.847179
2021-11-26,4858.25,1.0,-0.024399,-0.024399,2.845732,5.704515
2021-11-29,4935.0,1.0,0.015798,0.015798,2.890689,5.794634
2021-11-30,4864.75,1.0,-0.014235,-0.014235,2.84954,5.712147
2021-12-01,4786.75,0.5,-0.008517,-0.016034,2.825271,5.62056
2021-12-02,4864.5,0.5,0.008121,0.016243,2.848216,5.711853
2021-12-03,4812.5,0.5,-0.005345,-0.01069,2.832992,5.650796
2021-12-06,4874.5,0.5,0.006442,0.012883,2.851241,5.723595
2021-12-07,4974.25,0.5,0.010232,0.020464,2.880415,5.840721
2021-12-08,4977.0,0.5,0.000276,0.000553,2.881211,5.84395
2021-12-09,4947.75,0.5,-0.002939,-0.005877,2.872744,5.809605
2021-12-10,4991.5,0.5,0.004421,0.008842,2.885445,5.860976
2021-12-13,4950.25,0.5,-0.004132,-0.008264,2.873523,5.81254
2021-12-14,4916.0,0.5,-0.003459,-0.006919,2.863582,5.772324
2021-12-15,4989.25,0.5,0.00745,0.0149,2.884916,5.858334
2021-12-16,4952.0,0.5,-0.003733,-0.007466,2.874147,5.814595
2021-12-17,4906.0,0.5,-0.004645,-0.009289,2.860797,5.760582
2021-12-20,4856.0,0.5,-0.005096,-0.010192,2.846219,5.701873
2021-12-21,4928.75,0.5,0.007491,0.014981,2.86754,5.787295
2021-12-22,4976.0,0.5,0.004793,0.009587,2.881285,5.842776
2021-12-23,5002.5,0.5,0.002663,0.005326,2.888957,5.873892
2021-12-27,5069.0,0.5,0.006647,0.013293,2.908159,5.951976
2021-12-28,5067.75,0.5,-0.000123,-0.000247,2.9078,5.950508
2021-12-29,5070.75,0.5,0.000296,0.000592,2.908661,5.95403
2021-12-30,5059.25,0.5,-0.001134,-0.002268,2.905363,5.940527
2021-12-31,5048.25,0.5,-0.001087,-0.002174,2.902204,5.927611
2022-01-03,5071.25,1.0,0.004056,0.004556,2.913976,5.954618
2022-01-04,5070.5,1.0,-0.000148,-0.000148,2.913545,5.953737
2022-01-05,4978.75,1.0,-0.018095,-0.018095,2.860824,5.846005
2022-01-06,4980.5,1.0,0.000351,0.000351,2.86183,5.84806
2022-01-07,4954.25,1.0,-0.005271,-0.005271,2.846747,5.817237
2022-01-10,4949.25,1.0,-0.001009,-0.001009,2.843874,5.811366
2022-01-11,4991.0,1.0,0.008436,0.008436,2.867863,5.860389
2022-01-12,5005.5,1.0,0.002905,0.002905,2.876195,5.877414
2022-01-13,4939.25,1.0,-0.013235,-0.013235,2.838127,5.799624
2022-01-14,4941.5,1.0,0.000456,0.000456,2.83942,5.802266
2022-01-18,4863.75,1.0,-0.015734,-0.015734,2.794745,5.710973
2022-01-19,4811.25,1.0,-0.010794,-0.010794,2.764578,5.649328
2022-01-20,4743.0,1.0,-0.014186,-0.014186,2.725361,5.569189
2022-01-21,4668.25,1.0,-0.01576,-0.01576,2.682409,5.481418
2022-01-24,4694.25,1.0,0.00557,0.00557,2.697349,5.511947
2022-01-25,4593.0,1.0,-0.021569,-0.021569,2.63917,5.393061
2022-01-26,4625.5,1.0,0.007076,0.007076,2.657845,5.431222
2022-01-27,4630.75,1.0,0.001135,0.001135,2.660861,5.437386
2022-01-28,4706.5,1.0,0.016358,0.016358,2.704388,5.526331
2022-01-31,4778.5,1.0,0.015298,0.015298,2.745759,5.610873
2022-02-01,4836.25,0.0,-0.001,0.012085,2.743014,5.678683
2022-02-02,4835.25,0.0,0.0,-0.000207,2.743014,5.677508
2022-02-03,4808.75,0.0,0.0,-0.005481,2.743014,5.646392
2022-02-04,4772.25,0.0,0.0,-0.00759,2.743014,5.603534
2022-02-07,4770.25,0.0,0.0,-0.000419,2.743014,5.601186
2022-02-08,4805.0,0.0,0.0,0.007285,2.743014,5.641989
2022-02-09,4868.0,0.0,0.0,0.013111,2.743014,5.715963
2022-02-10,4781.75,0.0,0.0,-0.017718,2.743014,5.614689
2022-02-11,4704.75,0.0,0.0,-0.016103,2.743014,5.524276
2022-02-14,4681.25,0.0,0.0,-0.004995,2.743014,5.496683
2022-02-15,4743.75,0.0,0.0,0.013351,2.743014,5.57007
2022-02-16,4751.75,0.0,0.0,0.001686,2.743014,5.579463
2022-02-17,4661.5,0.0,0.0,-0.018993,2.743014,5.473493
2022-02-18,4630.25,0.0,0.0,-0.006704,2.743014,5.436799
2022-02-22,4599.0,0.0,0.0,-0.006749,2.743014,5.400106
2022-02-23,4501.75,0.0,0.0,-0.021146,2.743014,5.285916
2022-02-24,4556.0,0.0,0.0,0.012051,2.743014,5.349615
2022-02-25,4667.25,0.0,0.0,0.024418,2.743014,5.480244
2022-02-28,4654.75,0.0,0.0,-0.002678,2.743014,5.465567
2022-03-01,4597.0,0.0,0.0,-0.012407,2.743014,5.397757
2022-03-02,4660.5,0.0,0.0,0.013813,2.743014,5.472318
2022-03-03,4652.0,0.0,0.0,-0.001824,2.743014,5.462338
2022-03-04,4607.0,0.0,0.0,-0.009673,2.743014,5.409499
2022-03-07,4472.75,0.0,0.0,-0.02914,2.743014,5.251864
2022-03-08,4439.0,0.0,0.0,-0.007546,2.743014,5.212235
2022-03-09,4567.25,0.0,0.0,0.028892,2.743014,5.362825
2022-03-10,4542.75,0.0,0.0,-0.005364,2.743014,5.334057
2022-03-11,4491.5,0.0,0.0,-0.011282,2.743014,5.27388
2022-03-14,4466.0,0.0,0.0,-0.005677,2.743014,5.243938
2022-03-15,4544.75,0.0,0.0,0.017633,2.743014,5.336406
2022-03-16,4657.0,0.0,0.0,0.024699,2.743014,5.468209
2022-03-17,4679.0,0.0,0.0,0.004724,2.743014,5.494041
2022-03-18,4759.75,0.0,0.0,0.017258,2.743014,5.588857
2022-03-21,4753.25,0.0,0.0,-0.001366,2.743014,5.581225
2022-03-22,4800.5,0.0,0.0,0.009941,2.743014,5.636705
2022-03-23,4743.75,0.0,0.0,-0.011822,2.743014,5.57007
2022-03-24,4811.0,0.0,0.0,0.014177,2.743014,5.649034
2022-03-25,4830.75,0.0,0.0,0.004105,2.743014,5.672225
2022-03-28,4864.75,0.0,0.0,0.007038,2.743014,5.712147
2022-03-29,4916.0,0.0,0.0,0.010535,2.743014,5.772324
2022-03-30,4896.25,0.0,0.0,-0.004017,2.743014,5.749134
2022-03-31,4835.75,0.0,0.0,-0.012356,2.743014,5.678095
2022-04-01,4833.25,0.5,-0.000758,-0.000517,2.740933,5.67516
2022-04-04,4870.75,0.5,0.003879,0.007759,2.751566,5.719192
2022-04-05,4821.0,0.5,-0.005107,-0.010214,2.737514,5.660776
2022-04-06,4765.75,0.5,-0.00573,-0.01146,2.721828,5.595902
2022-04-07,4789.75,0.5,0.002518,0.005036,2.728681,5.624083
2022-04-08,4778.25,0.5,-0.0012,-0.002401,2.725405,5.610579
2022-04-11,4704.75,0.5,-0.007691,-0.015382,2.704444,5.524276
2022-04-12,4689.25,0.5,-0.001647,-0.003295,2.699989,5.506076
2022-04-13,4733.0,0.5,0.004665,0.00933,2.712584,5.557447
2022-04-14,4682.25,0.5,-0.005361,-0.010723,2.698041,5.497857
2022-04-18,4694.25,0.5,0.001281,0.002563,2.701499,5.511947
2022-04-19,4735.75,0.5,0.00442,0.008841,2.71344,5.560676
2022-04-20,4764.0,0.5,0.002983,0.005965,2.721533,5.593847
2022-04-21,4680.5,0.5,-0.008764,-0.017527,2.697683,5.495802
2022-04-22,4546.0,0.5,-0.014368,-0.028736,2.658922,5.337874
2022-04-25,4589.0,0.5,0.004729,0.009459,2.671497,5.388364
2022-04-26,4435.5,0.5,-0.016725,-0.03345,2.626817,5.208125
2022-04-27,4506.25,0.5,0.007975,0.015951,2.647767,5.291199
2022-04-28,4555.0,0.5,0.005409,0.010818,2.662089,5.348441
2022-04-29,4431.75,0.5,-0.013529,-0.027058,2.626074,5.203722
2022-05-02,4441.0,0.0,-0.0005,0.002087,2.624761,5.214583
2022-05-03,4469.0,0.0,0.0,0.006305,2.624761,5.247461
2022-05-04,4581.0,0.0,0.0,0.025062,2.624761,5.37897
2022-05-05,4445.75,0.0,0.0,-0.029524,2.624761,5.220161
2022-05-06,4405.5,0.0,0.0,-0.009054,2.624761,5.1729
2022-05-09,4284.25,0.0,0.0,-0.027522,2.624761,5.030529
2022-05-10,4286.25,0.0,0.0,0.000467,2.624761,5.032877
2022-05-11,4237.75,0.0,0.0,-0.011315,2.624761,4.975929
2022-05-12,4204.75,0.0,0.0,-0.007787,2.624761,4.937181
2022-05-13,4308.75,0.0,0.0,0.024734,2.624761,5.059297
2022-05-16,4295.0,0.0,0.0,-0.003191,2.624761,5.043152
2022-05-17,4385.25,0.0,0.0,0.021013,2.624761,5.149122
2022-05-18,4208.75,0.0,0.0,-0.040249,2.624761,4.941878
2022-05-19,4193.0,0.0,0.0,-0.003742,2.624761,4.923384
2022-05-20,4196.75,0.0,0.0,0.000894,2.624761,4.927787
2022-05-23,4272.75,0.0,0.0,0.018109,2.624761,5.017026
2022-05-24,4244.75,0.0,0.0,-0.006553,2.624761,4.984148
2022-05-25,4264.75,0.0,0.0,0.004712,2.624761,5.007632
2022-05-26,4345.5,0.0,0.0,0.018934,2.624761,5.102448
2022-05-27,4450.5,0.0,0.0,0.024163,2.624761,5.225738
2022-05-31,4427.0,0.0,0.0,-0.00528,2.624761,5.198145
2022-06-01,4391.75,0.0,0.0,-0.007963,2.624761,5.156755
2022-06-02,4472.5,0.0,0.0,0.018387,2.624761,5.25157
2022-06-03,4404.25,0.0,0.0,-0.01526,2.624761,5.171432
2022-06-06,4415.5,0.0,0.0,0.002554,2.624761,5.184642
2022-06-07,4445.5,0.0,0.0,0.006794,2.624761,5.219867
2022-06-08,4411.0,0.0,0.0,-0.007761,2.624761,5.179358
2022-06-09,4317.75,0.0,0.0,-0.02114,2.624761,5.069864
2022-06-10,4199.75,0.0,0.0,-0.027329,2.624761,4.93131
2022-06-13,4050.5,0.0,0.0,-0.035538,2.624761,4.756062
2022-06-14,4035.5,0.0,0.0,-0.003703,2.624761,4.738449
2022-06-15,4086.75,0.0,0.0,0.0127,2.624761,4.798626
2022-06-16,3973.0,0.0,0.0,-0.027834,2.624761,4.665062
2022-06-17,3968.75,0.0,0.0,-0.00107,2.624761,4.660072
2022-06-21,4062.5,0.0,0.0,0.023622,2.624761,4.770152
2022-06-22,4053.25,0.0,0.0,-0.002277,2.624761,4.759291
2022-06-23,4077.25,0.0,0.0,0.005921,2.624761,4.787471
2022-06-24,4207.75,0.0,0.0,0.032007,2.624761,4.940703
2022-06-27,4203.0,0.0,0.0,-0.001129,2.624761,4.935126
2022-06-28,4121.0,0.0,0.0,-0.01951,2.624761,4.838842
2022-06-29,4116.0,0.0,0.0,-0.001213,2.624761,4.832971
2022-06-30,4074.0,0.0,0.0,-0.010204,2.624761,4.783655
2022-07-01,4120.25,0.0,0.0,0.011352,2.624761,4.837962
2022-07-05,4126.75,0.0,0.0,0.001578,2.624761,4.845594
2022-07-06,4147.0,0.0,0.0,0.004907,2.624761,4.869371
2022-07-07,4192.25,0.0,0.0,0.010912,2.624761,4.922503
2022-07-08,4198.5,0.0,0.0,0.001491,2.624761,4.929842
2022-07-11,4155.0,0.0,0.0,-0.010361,2.624761,4.878765
2022-07-12,4116.5,0.0,0.0,-0.009266,2.624761,4.833558
2022-07-13,4089.0,0.0,0.0,-0.00668,2.624761,4.801268
2022-07-14,4089.0,0.0,0.0,0.0,2.624761,4.801268
2022-07-15,4159.75,0.0,0.0,0.017303,2.624761,4.884342
2022-07-18,4131.25,0.0,0.0,-0.006851,2.624761,4.850878
2022-07-19,4238.25,0.0,0.0,0.0259,2.624761,4.976516
2022-07-20,4246.75,0.0,0.0,0.002006,2.624761,4.986497
2022-07-21,4284.25,0.0,0.0,0.00883,2.624761,5.030529
2022-07-22,4256.25,0.0,0.0,-0.006536,2.624761,4.997652
2022-07-25,4255.25,0.0,0.0,-0.000235,2.624761,4.996477
2022-07-26,4232.25,0.0,0.0,-0.005405,2.624761,4.969471
2022-07-27,4313.5,0.0,0.0,0.019198,2.624761,5.064874
2022-07-28,4398.0,0.0,0.0,0.01959,2.624761,5.164093
2022-07-29,4425.5,0.0,0.0,0.006253,2.624761,5.196383
2022-08-01,4416.0,0.5,-0.001573,-0.002147,2.620631,5.185229
2022-08-02,4389.25,0.5,-0.003029,-0.006058,2.612694,5.153819
2022-08-03,4445.5,0.5,0.006408,0.012815,2.629435,5.219867
2022-08-04,4444.75,0.5,-8.4e-05,-0.000169,2.629213,5.218987
2022-08-05,4434.75,0.5,-0.001125,-0.00225,2.626256,5.207245
2022-08-08,4443.75,0.5,0.001015,0.002029,2.62892,5.217812
2022-08-09,4422.25,0.5,-0.002419,-0.004838,2.622561,5.192567
2022-08-10,4504.0,0.5,0.009243,0.018486,2.646801,5.288558
2022-08-11,4511.75,0.5,0.00086,0.001721,2.649078,5.297657
2022-08-12,4573.75,0.5,0.006871,0.013742,2.66728,5.370457
2022-08-15,4587.5,0.5,0.001503,0.003006,2.671289,5.386602
2022-08-16,4603.25,0.5,0.001717,0.003433,2.675875,5.405096
2022-08-17,4573.75,0.5,-0.003204,-0.006409,2.667301,5.370457
2022-08-18,4581.25,0.5,0.00082,0.00164,2.669488,5.379264
2022-08-19,4521.5,0.5,-0.006521,-0.013042,2.65208,5.309106
2022-08-22,4439.5,0.5,-0.009068,-0.018136,2.628031,5.212822
2022-08-23,4421.0,0.5,-0.002084,-0.004167,2.622555,5.1911
2022-08-24,4442.5,0.5,0.002432,0.004863,2.628932,5.216345
2022-08-25,4488.25,0.5,0.005149,0.010298,2.642469,5.270064
2022-08-26,4335.75,0.5,-0.016989,-0.033978,2.597577,5.091
2022-08-29,4328.75,0.5,-0.000807,-0.001614,2.59548,5.08278
2022-08-30,4279.5,0.5,-0.005689,-0.011377,2.580715,5.024952
2022-08-31,4253.5,0.5,-0.003038,-0.006075,2.572875,4.994423
2022-09-01,4261.0,0.0,-0.0005,0.001763,2.571589,5.003229
2022-09-02,4226.25,0.0,0.0,-0.008155,2.571589,4.962426
2022-09-06,4201.75,0.0,0.0,-0.005797,2.571589,4.933658
2022-09-07,4273.75,0.0,0.0,0.017136,2.571589,5.0182
2022-09-08,4304.0,0.0,0.0,0.007078,2.571589,5.053719
2022-09-09,4361.25,0.0,0.0,0.013302,2.571589,5.120942
2022-09-12,4414.25,0.0,0.0,0.012152,2.571589,5.183174
2022-09-13,4232.5,0.0,0.0,-0.041173,2.571589,4.969765
2022-09-14,4251.0,0.0,0.0,0.004371,2.571589,4.991487
2022-09-15,4187.25,0.0,0.0,-0.014996,2.571589,4.916632
2022-09-16,4179.75,0.0,0.0,-0.001791,2.571589,4.907826
2022-09-19,4200.0,0.0,0.0,0.004845,2.571589,4.931603
2022-09-20,4157.0,0.0,0.0,-0.010238,2.571589,4.881113
2022-09-21,4074.0,0.0,0.0,-0.019966,2.571589,4.783655
2022-09-22,4051.0,0.0,0.0,-0.005646,2.571589,4.756649
2022-09-23,3988.75,0.0,0.0,-0.015367,2.571589,4.683555
2022-09-26,3944.5,0.0,0.0,-0.011094,2.571589,4.631597
2022-09-27,3942.5,0.0,0.0,-0.000507,2.571589,4.629249
2022-09-28,4007.0,0.0,0.0,0.01636,2.571589,4.704984
2022-09-29,3936.0,0.0,0.0,-0.017719,2.571589,4.621617
2022-09-30,3881.5,0.0,0.0,-0.013847,2.571589,4.557623
2022-10-03,3971.75,0.0,0.0,0.023251,2.571589,4.663594
2022-10-04,4080.75,0.0,0.0,0.027444,2.571589,4.791581
2022-10-05,4073.0,0.0,0.0,-0.001899,2.571589,4.782481
2022-10-06,4028.25,0.0,0.0,-0.010987,2.571589,4.729936
2022-10-07,3928.0,0.0,0.0,-0.024887,2.571589,4.612223
2022-10-10,3904.75,0.0,0.0,-0.005919,2.571589,4.584923
2022-10-11,3885.5,0.0,0.0,-0.00493,2.571589,4.56232
2022-10-12,3870.5,0.0,0.0,-0.003861,2.571589,4.544707
2022-10-13,3957.5,0.0,0.0,0.022478,2.571589,4.646862
2022-10-14,3873.75,0.0,0.0,-0.021162,2.571589,4.548523
2022-10-17,3976.75,0.0,0.0,0.026589,2.571589,4.669465
2022-10-18,4035.25,0.0,0.0,0.014711,2.571589,4.738155
2022-10-19,3987.5,0.0,0.0,-0.011833,2.571589,4.682088
2022-10-20,3954.0,0.0,0.0,-0.008401,2.571589,4.642752
2022-10-21,4049.25,0.0,0.0,0.02409,2.571589,4.754594
2022-10-24,4082.75,0.0,0.0,0.008273,2.571589,4.793929
2022-10-25,4130.5,0.0,0.0,0.011696,2.571589,4.849997
2022-10-26,4131.0,0.0,0.0,0.000121,2.571589,4.850584
2022-10-27,4068.75,0.0,0.0,-0.015069,2.571589,4.777491
2022-10-28,4200.25,0.0,0.0,0.03232,2.571589,4.931897
2022-10-31,4160.0,0.0,0.0,-0.009583,2.571589,4.884636
2022-11-01,4139.0,0.0,0.0,-0.005048,2.571589,4.859978
2022-11-02,4045.5,0.0,0.0,-0.02259,2.571589,4.750191
2022-11-03,4002.75,0.0,0.0,-0.010567,2.571589,4.699994
2022-11-04,4050.0,0.0,0.0,0.011804,2.571589,4.755475
2022-11-07,4089.5,0.0,0.0,0.009753,2.571589,4.801855
2022-11-08,4110.0,0.0,0.0,0.005013,2.571589,4.825926
2022-11-09,4033.5,0.0,0.0,-0.018613,2.571589,4.736101
2022-11-10,4250.25,0.0,0.0,0.053737,2.571589,4.990606
2022-11-11,4276.75,0.0,0.0,0.006235,2.571589,5.021723
2022-11-14,4252.25,0.0,0.0,-0.005729,2.571589,4.992955
2022-11-15,4272.0,0.0,0.0,0.004645,2.571589,5.016145
2022-11-16,4251.25,0.0,0.0,-0.004857,2.571589,4.991781
2022-11-17,4238.25,0.0,0.0,-0.003058,2.571589,4.976516
2022-11-18,4248.75,0.0,0.0,0.002477,2.571589,4.988845
2022-11-21,4235.25,0.0,0.0,-0.003177,2.571589,4.972994
2022-11-22,4286.5,0.0,0.0,0.012101,2.571589,5.033171
2022-11-23,4316.5,0.0,0.0,0.006999,2.571589,5.068397
2022-11-25,4311.5,0.0,0.0,-0.001158,2.571589,5.062526
2022-11-28,4248.75,0.0,0.0,-0.014554,2.571589,4.988845
2022-11-29,4239.5,0.0,0.0,-0.002177,2.571589,4.977984
2022-11-30,4370.25,0.0,0.0,0.030841,2.571589,5.131509
2022-12-01,4354.75,1.0,-0.004547,-0.003547,2.559897,5.113309
2022-12-02,4344.0,1.0,-0.002469,-0.002469,2.553577,5.100687
2022-12-05,4283.5,1.0,-0.013927,-0.013927,2.518013,5.029648
2022-12-06,4222.25,1.0,-0.014299,-0.014299,2.482008,4.957729
2022-12-07,4211.75,1.0,-0.002487,-0.002487,2.475835,4.9454
2022-12-08,4241.5,1.0,0.007064,0.007064,2.493324,4.980332
2022-12-09,4208.75,1.0,-0.007721,-0.007721,2.474072,4.941878
2022-12-12,4264.0,1.0,0.013127,0.013127,2.50655,5.006752
2022-12-13,4298.25,1.0,0.008032,0.008032,2.526684,5.046968
2022-12-14,4283.0,1.0,-0.003548,-0.003548,2.517719,5.029061
2022-12-15,4167.0,1.0,-0.027084,-0.027084,2.44953,4.892855
2022-12-16,4116.75,1.0,-0.012059,-0.012059,2.419991,4.833852
2022-12-19,4086.5,1.0,-0.007348,-0.007348,2.402208,4.798333
2022-12-20,4098.25,1.0,0.002875,0.002875,2.409116,4.812129
2022-12-21,4158.75,1.0,0.014762,0.014762,2.44468,4.883168
2022-12-22,4092.5,1.0,-0.01593,-0.01593,2.405736,4.805378
2022-12-23,4113.0,1.0,0.005009,0.005009,2.417786,4.829449
2022-12-27,4100.75,1.0,-0.002978,-0.002978,2.410585,4.815065
2022-12-28,4055.0,1.0,-0.011156,-0.011156,2.383692,4.761346
2022-12-29,4114.0,1.0,0.01455,0.01455,2.418374,4.830623
2022-12-30,4112.75,1.0,-0.000304,-0.000304,2.417639,4.829155
2023-01-03,4088.0,0.0,-0.001,-0.006018,2.415222,4.800094
2023-01-04,4116.0,0.0,0.0,0.006849,2.415222,4.832971
2023-01-05,4077.5,0.0,0.0,-0.009354,2.415222,4.787765
2023-01-06,4158.5,0.0,0.0,0.019865,2.415222,4.882874
2023-01-09,4158.25,0.0,0.0,-6e-05,2.415222,4.882581
2023-01-10,4186.0,0.0,0.0,0.006673,2.415222,4.915165
2023-01-11,4237.0,0.0,0.0,0.012183,2.415222,4.975048
2023-01-12,4247.5,0.0,0.0,0.002478,2.415222,4.987377
2023-01-13,4263.75,0.0,0.0,0.003826,2.415222,5.006458
2023-01-17,4253.75,0.0,0.0,-0.002345,2.415222,4.994716
2023-01-18,4190.5,0.0,0.0,-0.014869,2.415222,4.920449
2023-01-19,4165.0,0.0,0.0,-0.006085,2.415222,4.890507
2023-01-20,4232.75,0.0,0.0,0.016267,2.415222,4.970058
2023-01-23,4281.75,0.0,0.0,0.011576,2.415222,5.027593
2023-01-24,4283.5,0.0,0.0,0.000409,2.415222,5.029648
2023-01-25,4274.25,0.0,0.0,-0.002159,2.415222,5.018787
2023-01-26,4312.5,0.0,0.0,0.008949,2.415222,5.0637
2023-01-27,4328.75,0.0,0.0,0.003768,2.415222,5.08278
2023-01-30,4284.5,0.0,0.0,-0.010222,2.415222,5.030823
2023-01-31,4330.5,0.0,0.0,0.010736,2.415222,5.084835
2023-02-01,4387.25,0.5,0.006052,0.013105,2.429839,5.151471
2023-02-02,4409.5,0.5,0.002536,0.005072,2.436001,5.177596
2023-02-03,4390.75,0.5,-0.002126,-0.004252,2.430822,5.15558
2023-02-06,4368.0,0.5,-0.002591,-0.005181,2.424524,5.128867
2023-02-07,4411.0,0.5,0.004922,0.009844,2.436458,5.179358
2023-02-08,4377.25,0.5,-0.003826,-0.007651,2.427137,5.139729
2023-02-09,4342.5,0.5,-0.003969,-0.007939,2.417503,5.098926
2023-02-10,4344.25,0.5,0.000201,0.000403,2.41799,5.10098
2023-02-13,4394.25,0.5,0.005755,0.011509,2.431905,5.15969
2023-02-14,4385.75,0.5,-0.000967,-0.001934,2.429553,5.149709
2023-02-15,4404.25,0.5,0.002109,0.004218,2.434677,5.171432
2023-02-16,4340.5,0.5,-0.007237,-0.014475,2.417056,5.096577
2023-02-17,4330.5,0.5,-0.001152,-0.002304,2.414272,5.084835
2023-02-21,4252.5,0.5,-0.009006,-0.018012,2.392529,4.993248
2023-02-22,4253.25,0.5,8.8e-05,0.000176,2.39274,4.994129
2023-02-23,4260.0,0.5,0.000794,0.001587,2.394639,5.002055
2023-02-24,4219.25,0.5,-0.004783,-0.009566,2.383186,4.954207
2023-02-27,4236.25,0.5,0.002015,0.004029,2.387987,4.974168
2023-02-28,4214.25,0.5,-0.002597,-0.005193,2.381786,4.948336
2023-03-01,4205.75,0.5,-0.001008,-0.002017,2.379384,4.938355
2023-03-02,4230.0,0.5,0.002883,0.005766,2.386244,4.966829
2023-03-03,4297.75,0.5,0.008008,0.016017,2.405354,5.046381
2023-03-06,4300.0,0.5,0.000262,0.000524,2.405983,5.049022
2023-03-07,4235.25,0.5,-0.007529,-0.015058,2.387868,4.972994
2023-03-08,4244.0,0.5,0.001033,0.002066,2.390335,4.983268
2023-03-09,4164.0,0.5,-0.009425,-0.01885,2.367806,4.889332
2023-03-10,4122.0,0.5,-0.005043,-0.010086,2.355865,4.840016
2023-03-13,4103.5,0.5,-0.002244,-0.004488,2.350578,4.818294
2023-03-14,4163.5,0.5,0.007311,0.014622,2.367763,4.888745
2023-03-15,4134.0,0.5,-0.003543,-0.007085,2.359374,4.854107
2023-03-16,4204.75,0.5,0.008557,0.017114,2.379564,4.937181
2023-03-17,4156.25,0.5,-0.005767,-0.011535,2.36584,4.880232
2023-03-20,4196.0,0.5,0.004782,0.009564,2.377153,4.926907
2023-03-21,4247.5,0.5,0.006137,0.012274,2.391742,4.987377
2023-03-22,4180.25,0.5,-0.007916,-0.015833,2.372808,4.908413
2023-03-23,4196.0,0.5,0.001884,0.003768,2.377278,4.926907
2023-03-24,4219.0,0.5,0.002741,0.005481,2.383793,4.953913
2023-03-27,4223.5,0.5,0.000533,0.001067,2.385064,4.959197
2023-03-28,4215.0,0.5,-0.001006,-0.002013,2.382664,4.949216
2023-03-29,4266.5,0.5,0.006109,0.012218,2.39722,5.009687
2023-03-30,4291.5,0.5,0.00293,0.00586,2.404244,5.039042
2023-03-31,4348.0,0.5,0.006583,0.013166,2.42007,5.105384
2023-04-03,4362.0,1.0,0.00272,0.00322,2.426653,5.121822
2023-04-04,4341.5,1.0,-0.0047,-0.0047,2.415248,5.097751
2023-04-05,4323.0,1.0,-0.004261,-0.004261,2.404956,5.076029
2023-04-06,4339.25,1.0,0.003759,0.003759,2.413996,5.095109
2023-04-10,4347.75,1.0,0.001959,0.001959,2.418725,5.10509
2023-04-11,4346.75,1.0,-0.00023,-0.00023,2.418169,5.103916
2023-04-12,4325.75,1.0,-0.004831,-0.004831,2.406486,5.079258
2023-04-13,4377.25,1.0,0.011905,0.011905,2.435136,5.139729
2023-04-14,4380.25,1.0,0.000685,0.000685,2.436805,5.143251
2023-04-17,4385.25,1.0,0.001141,0.001141,2.439587,5.149122
2023-04-18,4387.5,1.0,0.000513,0.000513,2.440839,5.151764
2023-04-19,4382.0,1.0,-0.001254,-0.001254,2.437779,5.145306
2023-04-20,4362.25,1.0,-0.004507,-0.004507,2.426792,5.122116
2023-04-21,4361.75,1.0,-0.000115,-0.000115,2.426513,5.121529
2023-04-24,4366.0,1.0,0.000974,0.000974,2.428878,5.126519
2023-04-25,4317.75,1.0,-0.011051,-0.011051,2.402036,5.069864
2023-04-26,4294.0,1.0,-0.005501,-0.005501,2.388823,5.041977
2023-04-27,4366.5,1.0,0.016884,0.016884,2.429156,5.127106
2023-04-28,4399.25,1.0,0.0075,0.0075,2.447375,5.165561
2023-05-01,4388.0,1.0,-0.002557,-0.002557,2.441117,5.152351
2023-05-02,4341.75,1.0,-0.01054,-0.01054,2.415387,5.098045
2023-05-03,4304.75,1.0,-0.008522,-0.008522,2.394803,5.0546
2023-05-04,4283.0,1.0,-0.005053,-0.005053,2.382704,5.029061
2023-05-05,4357.5,1.0,0.017394,0.017394,2.424149,5.116538
2023-05-08,4360.0,1.0,0.000574,0.000574,2.42554,5.119474
2023-05-09,4343.75,1.0,-0.003727,-0.003727,2.4165,5.100393
2023-05-10,4361.25,1.0,0.004029,0.004029,2.426235,5.120942
2023-05-11,4353.75,1.0,-0.00172,-0.00172,2.422063,5.112135
2023-05-12,4340.5,1.0,-0.003043,-0.003043,2.414692,5.096577
2023-05-15,4357.25,1.0,0.003859,0.003859,2.42401,5.116245
2023-05-16,4336.0,1.0,-0.004877,-0.004877,2.412188,5.091293
2023-05-17,4379.5,1.0,0.010032,0.010032,2.436388,5.142371
2023-05-18,4424.0,1.0,0.010161,0.010161,2.461144,5.194622
2023-05-19,4406.75,1.0,-0.003899,-0.003899,2.451548,5.174367
2023-05-22,4416.25,1.0,0.002156,0.002156,2.456833,5.185522
2023-05-23,4367.75,1.0,-0.010982,-0.010982,2.429851,5.128574
2023-05-24,4359.25,1.0,-0.001946,-0.001946,2.425123,5.118593
2023-05-25,4367.25,1.0,0.001835,0.001835,2.429573,5.127987
2023-05-26,4427.5,1.0,0.013796,0.013796,2.463091,5.198732
2023-05-30,4422.5,1.0,-0.001129,-0.001129,2.46031,5.192861
2023-05-31,4396.0,1.0,-0.005992,-0.005992,2.445567,5.161745
2023-06-01,4440.0,1.0,0.010009,0.010009,2.470045,5.213409
2023-06-02,4498.25,1.0,0.013119,0.013119,2.502451,5.281806
2023-06-05,4488.75,1.0,-0.002112,-0.002112,2.497166,5.270651
2023-06-06,4501.0,1.0,0.002729,0.002729,2.503981,5.285035
2023-06-07,4482.25,1.0,-0.004166,-0.004166,2.49355,5.263019
2023-06-08,4508.0,1.0,0.005745,0.005745,2.507875,5.293254
2023-06-09,4514.5,1.0,0.001442,0.001442,2.511491,5.300887
2023-06-12,4557.0,1.0,0.009414,0.009414,2.535134,5.35079
2023-06-13,4584.0,1.0,0.005925,0.005925,2.550155,5.382493
2023-06-14,4590.75,1.0,0.001473,0.001473,2.55391,5.390419
2023-06-15,4633.5,1.0,0.009312,0.009312,2.577692,5.440615
2023-06-16,4625.0,1.0,-0.001834,-0.001834,2.572964,5.430635
2023-06-20,4596.5,1.0,-0.006162,-0.006162,2.557109,5.39717
2023-06-21,4576.0,1.0,-0.00446,-0.00446,2.545704,5.373099
2023-06-22,4591.25,1.0,0.003333,0.003333,2.554188,5.391006
2023-06-23,4554.5,1.0,-0.008004,-0.008004,2.533743,5.347854
2023-06-26,4540.75,1.0,-0.003019,-0.003019,2.526094,5.331709
2023-06-27,4580.75,1.0,0.008809,0.008809,2.548347,5.378677
2023-06-28,4588.75,1.0,0.001746,0.001746,2.552797,5.38807
2023-06-29,4601.75,1.0,0.002833,0.002833,2.560029,5.403335
2023-06-30,4648.5,1.0,0.010159,0.010159,2.586037,5.458228
2023-07-03,4658.25,1.0,0.002097,0.002097,2.591461,5.469677
2023-07-05,4648.0,1.0,-0.0022,-0.0022,2.585759,5.457641
2023-07-06,4610.75,1.0,-0.008014,-0.008014,2.565036,5.413902
2023-07-07,4604.0,1.0,-0.001464,-0.001464,2.561281,5.405977
2023-07-10,4611.25,1.0,0.001575,0.001575,2.565314,5.41449
2023-07-11,4638.25,1.0,0.005855,0.005855,2.580335,5.446193
2023-07-12,4675.5,1.0,0.008031,0.008031,2.601058,5.489931
2023-07-13,4705.5,1.0,0.006416,0.006416,2.617747,5.525157
2023-07-14,4701.25,1.0,-0.000903,-0.000903,2.615383,5.520167
2023-07-17,4716.0,1.0,0.003137,0.003137,2.623589,5.537486
2023-07-18,4749.0,1.0,0.006997,0.006997,2.641947,5.576234
2023-07-19,4761.75,1.0,0.002685,0.002685,2.64904,5.591205
2023-07-20,4732.25,1.0,-0.006195,-0.006195,2.632629,5.556567
2023-07-21,4730.0,1.0,-0.000475,-0.000475,2.631377,5.553925
2023-07-24,4751.5,1.0,0.004545,0.004545,2.643338,5.57917
2023-07-25,4770.5,1.0,0.003999,0.003999,2.653908,5.601479
2023-07-26,4758.25,1.0,-0.002568,-0.002568,2.647093,5.587096
2023-07-27,4733.25,1.0,-0.005254,-0.005254,2.633185,5.557741
2023-07-28,4773.0,1.0,0.008398,0.008398,2.655299,5.604415
2023-07-31,4783.25,1.0,0.002147,0.002147,2.661001,5.61645
2023-08-01,4764.25,1.0,-0.003972,-0.003972,2.650431,5.594141
2023-08-02,4700.5,1.0,-0.013381,-0.013381,2.614966,5.519286
2023-08-03,4690.75,1.0,-0.002074,-0.002074,2.609542,5.507838
2023-08-04,4664.0,1.0,-0.005703,-0.005703,2.59466,5.476428
2023-08-07,4706.0,1.0,0.009005,0.009005,2.618025,5.525744
2023-08-08,4683.25,1.0,-0.004834,-0.004834,2.605369,5.499031
2023-08-09,4659.25,1.0,-0.005125,-0.005125,2.592018,5.470851
2023-08-10,4652.75,1.0,-0.001395,-0.001395,2.588402,5.463218
2023-08-11,4650.25,1.0,-0.000537,-0.000537,2.587011,5.460283
2023-08-14,4672.5,1.0,0.004785,0.004785,2.599389,5.486409
2023-08-15,4618.5,1.0,-0.011557,-0.011557,2.569348,5.423002
2023-08-16,4585.5,1.0,-0.007145,-0.007145,2.550989,5.384254
2023-08-17,4544.5,1.0,-0.008941,-0.008941,2.52818,5.336112
2023-08-18,4546.0,1.0,0.00033,0.00033,2.529015,5.337874
2023-08-21,4575.5,1.0,0.006489,0.006489,2.545426,5.372512
2023-08-22,4566.25,1.0,-0.002022,-0.002022,2.54028,5.361651
2023-08-23,4641.5,1.0,0.01648,0.01648,2.582143,5.450009
2023-08-24,4549.75,1.0,-0.019767,-0.019767,2.531101,5.342277
2023-08-25,4579.25,1.0,0.006484,0.006484,2.547512,5.376915
2023-08-28,4610.25,1.0,0.00677,0.00677,2.564758,5.413315
2023-08-29,4674.0,1.0,0.013828,0.013828,2.600223,5.48817
2023-08-30,4693.0,1.0,0.004065,0.004065,2.610793,5.51048
2023-08-31,4683.25,1.0,-0.002078,-0.002078,2.605369,5.499031
2023-09-01,4685.0,1.0,0.000374,0.000374,2.606343,5.501086
2023-09-05,4666.5,1.0,-0.003949,-0.003949,2.596051,5.479364
2023-09-06,4635.5,1.0,-0.006643,-0.006643,2.578805,5.442964
2023-09-07,4623.0,1.0,-0.002697,-0.002697,2.571851,5.428286
2023-09-08,4629.5,1.0,0.001406,0.001406,2.575467,5.435919
2023-09-11,4654.25,1.0,0.005346,0.005346,2.589236,5.46498
2023-09-12,4630.5,1.0,-0.005103,-0.005103,2.576023,5.437093
2023-09-13,4638.75,1.0,0.001782,0.001782,2.580613,5.44678
2023-09-14,4674.5,1.0,0.007707,0.007707,2.600501,5.488757
2023-09-15,4615.75,1.0,-0.012568,-0.012568,2.567818,5.419773
2023-09-18,4619.25,1.0,0.000758,0.000758,2.569765,5.423883
2023-09-19,4608.75,1.0,-0.002273,-0.002273,2.563924,5.411554
2023-09-20,4561.0,1.0,-0.010361,-0.010361,2.53736,5.355486
2023-09-21,4485.75,1.0,-0.016499,-0.016499,2.495497,5.267129
2023-09-22,4479.5,1.0,-0.001393,-0.001393,2.49202,5.25979
2023-09-25,4499.5,1.0,0.004465,0.004465,2.503146,5.283274
2023-09-26,4436.25,1.0,-0.014057,-0.014057,2.467959,5.209006
2023-09-27,4438.5,1.0,0.000507,0.000507,2.469211,5.211648
2023-09-28,4459.0,1.0,0.004619,0.004619,2.480615,5.235719
2023-09-29,4446.0,1.0,-0.002915,-0.002915,2.473383,5.220454
2023-10-02,4442.75,0.0,-0.001,-0.000731,2.47091,5.216638
2023-10-03,4379.5,0.0,0.0,-0.014237,2.47091,5.142371
2023-10-04,4407.5,0.0,0.0,0.006393,2.47091,5.175248
2023-10-05,4405.25,0.0,0.0,-0.00051,2.47091,5.172606
2023-10-06,4462.0,0.0,0.0,0.012882,2.47091,5.239241
2023-10-09,4485.5,0.0,0.0,0.005267,2.47091,5.266835
2023-10-10,4508.25,0.0,0.0,0.005072,2.47091,5.293548
2023-10-11,4535.75,0.0,0.0,0.0061,2.47091,5.325838
2023-10-12,4497.5,0.0,0.0,-0.008433,2.47091,5.280925
2023-10-13,4468.25,0.0,0.0,-0.006504,2.47091,5.24658
2023-10-16,4522.75,0.0,0.0,0.012197,2.47091,5.310574
2023-10-17,4516.75,0.0,0.0,-0.001327,2.47091,5.303528
2023-10-18,4464.25,0.0,0.0,-0.011623,2.47091,5.241883
2023-10-19,4413.25,0.0,0.0,-0.011424,2.47091,5.182
2023-10-20,4361.25,0.0,0.0,-0.011783,2.47091,5.120942
2023-10-23,4367.5,0.0,0.0,0.001433,2.47091,5.12828
2023-10-24,4387.0,0.0,0.0,0.004465,2.47091,5.151177
2023-10-25,4327.75,0.0,0.0,-0.013506,2.47091,5.081606
2023-10-26,4277.25,0.0,0.0,-0.011669,2.47091,5.02231
2023-10-27,4253.25,0.0,0.0,-0.005611,2.47091,4.994129
2023-10-30,4301.75,0.0,0.0,0.011403,2.47091,5.051077
2023-10-31,4320.75,0.0,0.0,0.004417,2.47091,5.073387
2023-11-01,4375.0,0.0,0.0,0.012556,2.47091,5.137087
2023-11-02,4450.0,0.0,0.0,0.017143,2.47091,5.225151
2023-11-03,4495.25,0.0,0.0,0.010169,2.47091,5.278283
2023-11-06,4497.0,0.0,0.0,0.000389,2.47091,5.280338
2023-11-07,4514.25,0.0,0.0,0.003836,2.47091,5.300593
2023-11-08,4510.25,0.0,0.0,-0.000886,2.47091,5.295896
2023-11-09,4481.5,0.0,0.0,-0.006374,2.47091,5.262138
2023-11-10,4541.25,0.0,0.0,0.013333,2.47091,5.332296
2023-11-13,4544.75,0.0,0.0,0.000771,2.47091,5.336406
2023-11-14,4631.25,0.0,0.0,0.019033,2.47091,5.437973
2023-11-15,4630.75,0.0,0.0,-0.000108,2.47091,5.437386
2023-11-16,4645.25,0.0,0.0,0.003131,2.47091,5.454412
2023-11-17,4640.5,0.0,0.0,-0.001023,2.47091,5.448835
2023-11-20,4678.0,0.0,0.0,0.008081,2.47091,5.492867
2023-11-21,4664.75,0.0,0.0,-0.002832,2.47091,5.477309
2023-11-22,4682.5,0.0,0.0,0.003805,2.47091,5.498151
2023-11-24,4685.0,0.0,0.0,0.000534,2.47091,5.501086
2023-11-27,4678.25,0.0,0.0,-0.001441,2.47091,5.49316
2023-11-28,4680.75,0.0,0.0,0.000534,2.47091,5.496096
2023-11-29,4679.75,0.0,0.0,-0.000214,2.47091,5.494922
2023-11-30,4688.5,0.0,0.0,0.00187,2.47091,5.505196
2023-12-01,4720.75,1.0,0.005879,0.006879,2.485435,5.543063
2023-12-04,4689.25,1.0,-0.006673,-0.006673,2.468851,5.506076
2023-12-05,4690.0,1.0,0.00016,0.00016,2.469245,5.506957
2023-12-06,4673.25,1.0,-0.003571,-0.003571,2.460427,5.487289
2023-12-07,4702.5,1.0,0.006259,0.006259,2.475827,5.521634
2023-12-08,4724.25,1.0,0.004625,0.004625,2.487278,5.547173
2023-12-11,4741.25,1.0,0.003598,0.003598,2.496228,5.567134
2023-12-12,4764.75,1.0,0.004956,0.004956,2.508601,5.594728
2023-12-13,4822.75,1.0,0.012173,0.012173,2.539137,5.662831
2023-12-14,4832.75,1.0,0.002074,0.002074,2.544402,5.674573
2023-12-15,4833.75,1.0,0.000207,0.000207,2.544929,5.675747
2023-12-18,4854.5,1.0,0.004293,0.004293,2.555853,5.700112
2023-12-19,4882.5,1.0,0.005768,0.005768,2.570595,5.732989
2023-12-20,4817.5,1.0,-0.013313,-0.013313,2.536373,5.656666
2023-12-21,4860.0,1.0,0.008822,0.008822,2.558749,5.70657
2023-12-22,4863.5,1.0,0.00072,0.00072,2.560592,5.710679
2023-12-26,4891.25,1.0,0.005706,0.005706,2.575202,5.743263
2023-12-27,4899.0,1.0,0.001584,0.001584,2.579282,5.752363
2023-12-28,4897.75,1.0,-0.000255,-0.000255,2.578624,5.750895
2023-12-29,4877.0,1.0,-0.004237,-0.004237,2.567699,5.726531
2024-01-02,4852.75,1.0,-0.004972,-0.004972,2.554932,5.698057
2024-01-03,4813.0,1.0,-0.008191,-0.008191,2.534004,5.651383
2024-01-04,4796.5,1.0,-0.003428,-0.003428,2.525317,5.632008
2024-01-05,4799.75,1.0,0.000678,0.000678,2.527028,5.635825
2024-01-08,4862.25,1.0,0.013022,0.013022,2.559934,5.709212
2024-01-09,4854.75,1.0,-0.001542,-0.001542,2.555985,5.700405
2024-01-10,4884.5,1.0,0.006128,0.006128,2.571648,5.735337
2024-01-11,4876.25,1.0,-0.001689,-0.001689,2.567304,5.72565
2024-01-12,4875.5,1.0,-0.000154,-0.000154,2.56691,5.72477
2024-01-16,4863.25,1.0,-0.002513,-0.002513,2.56046,5.710386
2024-01-17,4833.5,1.0,-0.006117,-0.006117,2.544797,5.675454
2024-01-18,4875.0,1.0,0.008586,0.008586,2.566646,5.724182
2024-01-19,4934.0,1.0,0.012103,0.012103,2.597709,5.79346
2024-01-22,4945.0,1.0,0.002229,0.002229,2.603501,5.806376
2024-01-23,4965.25,1.0,0.004095,0.004095,2.614162,5.830153
2024-01-24,4965.75,1.0,0.000101,0.000101,2.614425,5.83074
2024-01-25,4983.25,1.0,0.003524,0.003524,2.623639,5.851289
2024-01-26,4977.0,1.0,-0.001254,-0.001254,2.620349,5.84395
2024-01-29,5014.5,1.0,0.007535,0.007535,2.640092,5.887982
2024-01-30,4997.75,1.0,-0.00334,-0.00334,2.631273,5.868314
2024-01-31,4936.0,1.0,-0.012356,-0.012356,2.598762,5.795808
2024-02-01,5023.25,1.0,0.017676,0.017676,2.644699,5.898256
2024-02-02,5037.0,1.0,0.002737,0.002737,2.651938,5.914401
2024-02-05,5024.5,1.0,-0.002482,-0.002482,2.645357,5.899724
2024-02-06,5036.5,1.0,0.002388,0.002388,2.651675,5.913814
2024-02-07,5079.75,1.0,0.008587,0.008587,2.674446,5.964598
2024-02-08,5078.75,1.0,-0.000197,-0.000197,2.673919,5.963424
2024-02-09,5106.25,1.0,0.005415,0.005415,2.688398,5.995714
2024-02-12,5100.0,1.0,-0.001224,-0.001224,2.685107,5.988376
2024-02-13,5037.5,1.0,-0.012255,-0.012255,2.652201,5.914989
2024-02-14,5081.75,1.0,0.008784,0.008784,2.675499,5.966947
2024-02-15,5114.75,1.0,0.006494,0.006494,2.692873,6.005695
2024-02-16,5078.75,1.0,-0.007038,-0.007038,2.673919,5.963424
2024-02-20,5053.75,1.0,-0.004922,-0.004922,2.660757,5.934069
2024-02-21,5083.0,1.0,0.005788,0.005788,2.676157,5.968414
2024-02-22,5157.5,1.0,0.014657,0.014657,2.71538,6.055892
2024-02-23,5159.0,1.0,0.000291,0.000291,2.71617,6.057653
2024-02-26,5141.75,1.0,-0.003344,-0.003344,2.707088,6.037398
2024-02-27,5154.5,1.0,0.00248,0.00248,2.713801,6.052369
2024-02-28,5133.75,1.0,-0.004026,-0.004026,2.702876,6.028004
2024-02-29,5165.0,1.0,0.006087,0.006087,2.719329,6.064698
2024-03-01,5203.0,1.0,0.007357,0.007357,2.739336,6.109317
2024-03-04,5198.5,1.0,-0.000865,-0.000865,2.736966,6.104033
2024-03-05,5155.5,1.0,-0.008272,-0.008272,2.714327,6.053543
2024-03-06,5177.5,1.0,0.004267,0.004267,2.72591,6.079375
2024-03-07,5221.5,1.0,0.008498,0.008498,2.749076,6.13104
2024-03-08,5196.25,1.0,-0.004836,-0.004836,2.735782,6.101391
2024-03-11,5192.5,1.0,-0.000722,-0.000722,2.733807,6.096988
2024-03-12,5239.25,1.0,0.009003,0.009003,2.758421,6.151882
2024-03-13,5236.75,1.0,-0.000477,-0.000477,2.757105,6.148946
2024-03-14,5217.75,1.0,-0.003628,-0.003628,2.747101,6.126637
2024-03-15,5183.25,1.0,-0.006612,-0.006612,2.728937,6.086127
2024-03-18,5214.5,1.0,0.006029,0.006029,2.74539,6.12282
2024-03-19,5239.5,1.0,0.004794,0.004794,2.758553,6.152175
2024-03-20,5296.25,1.0,0.010831,0.010831,2.788431,6.218811
2024-03-21,5307.5,1.0,0.002124,0.002124,2.794354,6.23202
2024-03-22,5289.75,1.0,-0.003344,-0.003344,2.785009,6.211178
2024-03-25,5280.75,1.0,-0.001701,-0.001701,2.78027,6.200611
2024-03-26,5272.5,1.0,-0.001562,-0.001562,2.775927,6.190924
2024-03-27,5308.25,1.0,0.00678,0.00678,2.794749,6.232901
2024-03-28,5304.25,1.0,-0.000754,-0.000754,2.792643,6.228204
