date,USDKRW,DXY
1981-04-13,675.4,
1981-04-14,676.7,
1981-04-15,676.7,
1981-04-16,676.7,
1981-04-17,676.75,
1981-04-20,676.7,
1981-04-21,676.7,
1981-04-22,676.7,
1981-04-23,676.7,
1981-04-24,678.1,
1981-04-27,678.1,
1981-04-28,678.1,
1981-04-29,678.1,
1981-04-30,678.9,
1981-05-01,679.6,
1981-05-04,679.6,
1981-05-05,679.6,
1981-05-06,680.1,
1981-05-07,680.1,
1981-05-08,680.4,
1981-05-11,680.4,
1981-05-12,680.8,
1981-05-13,680.8,
1981-05-14,682.1,
1981-05-15,682.8,
1981-05-18,682.9,
1981-05-19,682.9,
1981-05-20,683.1,
1981-05-21,683.1,
1981-05-22,683.1,
1981-05-26,683.8,
1981-05-27,684.1,
1981-05-28,684.4,
1981-05-29,684.4,
1981-06-01,684.4,
1981-06-02,684.4,
1981-06-03,684.4,
1981-06-04,684.4,
1981-06-05,684.6,
1981-06-08,684.6,
1981-06-09,684.6,
1981-06-10,684.6,
1981-06-11,684.6,
1981-06-12,684.6,
1981-06-15,684.6,
1981-06-16,684.6,
1981-06-17,684.6,
1981-06-18,684.6,
1981-06-19,684.6,
1981-06-22,684.6,
1981-06-23,684.6,
1981-06-24,684.6,
1981-06-25,684.6,
1981-06-26,683.2,
1981-06-29,683.2,
1981-06-30,683.2,
1981-07-01,683.2,
1981-07-02,685.8,
1981-07-03,686.1,
1981-07-06,686.1,
1981-07-07,686.7,
1981-07-08,686.7,
1981-07-09,686.7,
1981-07-10,686.7,
1981-07-13,686.7,
1981-07-14,686.7,
1981-07-15,686.7,
1981-07-16,686.7,
1981-07-17,686.7,
1981-07-20,686.7,
1981-07-21,686.7,
1981-07-22,686.7,
1981-07-23,686.7,
1981-07-24,686.7,
1981-07-27,686.7,
1981-07-28,686.7,
1981-07-29,686.7,
1981-07-30,686.7,
1981-07-31,686.95,
1981-08-03,687.25,
1981-08-04,687.55,
1981-08-05,687.85,
1981-08-06,687.85,
1981-08-07,687.85,
1981-08-10,687.85,
1981-08-11,687.85,
1981-08-12,687.85,
1981-08-13,687.85,
1981-08-14,687.85,
1981-08-17,687.85,
1981-08-18,687.85,
1981-08-19,687.85,
1981-08-20,687.85,
1981-08-21,687.85,
1981-08-24,687.85,
1981-08-25,687.85,
1981-08-26,687.85,
1981-08-27,687.85,
1981-08-28,687.85,
1981-08-31,687.85,
1981-09-01,687.85,
1981-09-02,687.85,
1981-09-03,687.85,
1981-09-04,687.85,
1981-09-08,687.85,
1981-09-09,687.85,
1981-09-10,687.85,
1981-09-11,687.85,
1981-09-14,688.1,
1981-09-15,688.1,
1981-09-16,688.1,
1981-09-17,688.1,
1981-09-18,688.1,
1981-09-21,688.1,
1981-09-22,688.1,
1981-09-23,688.1,
1981-09-24,688.1,
1981-09-25,681.25,
1981-09-28,681.25,
1981-09-29,681.25,
1981-09-30,681.25,
1981-10-01,681.25,
1981-10-02,681.25,
1981-10-05,688.1,
1981-10-06,681.25,
1981-10-07,681.25,
1981-10-08,681.25,
1981-10-09,681.25,
1981-10-13,681.25,
1981-10-14,681.25,
1981-10-15,681.25,
1981-10-16,685.25,
1981-10-19,685.25,
1981-10-20,685.25,
1981-10-21,685.25,
1981-10-22,685.25,
1981-10-23,685.25,
1981-10-26,685.25,
1981-10-27,685.25,
1981-10-28,685.25,
1981-10-29,685.25,
1981-10-30,688.25,
1981-11-02,688.25,
1981-11-04,688.25,
1981-11-05,688.25,
1981-11-06,688.25,
1981-11-09,688.25,
1981-11-10,688.25,
1981-11-12,688.45,
1981-11-13,688.45,
1981-11-16,688.45,
1981-11-17,688.45,
1981-11-18,688.45,
1981-11-19,688.45,
1981-11-20,688.45,
1981-11-23,688.45,
1981-11-24,688.45,
1981-11-25,688.8,
1981-11-27,689.9,
1981-11-30,689.9,
1981-12-01,689.9,
1981-12-02,689.9,
1981-12-03,691.2,
1981-12-04,691.75,
1981-12-07,691.75,
1981-12-08,691.75,
1981-12-09,691.75,
1981-12-10,691.75,
1981-12-11,691.75,
1981-12-14,695.3,
1981-12-15,695.3,
1981-12-16,695.3,
1981-12-17,695.3,
1981-12-18,696.45,
1981-12-21,696.45,
1981-12-22,696.45,
1981-12-23,696.45,
1981-12-24,696.45,
1981-12-28,696.45,
1981-12-29,700.15,
1981-12-30,700.75,
1981-12-31,700.75,
1982-01-04,701.25,
1982-01-05,701.25,
1982-01-06,701.25,
1982-01-07,702.35,
1982-01-08,702.95,
1982-01-11,702.95,
1982-01-12,702.95,
1982-01-13,704.25,
1982-01-14,705.55,
1982-01-15,705.55,
1982-01-18,705.55,
1982-01-19,706.85,
1982-01-20,706.85,
1982-01-21,707.15,
1982-01-22,707.15,
1982-01-25,707.15,
1982-01-26,707.15,
1982-01-27,708.35,
1982-01-28,708.35,
1982-01-29,708.55,
1982-02-01,708.55,
1982-02-02,708.85,
1982-02-03,709.25,
1982-02-04,709.25,
1982-02-05,709.25,
1982-02-08,709.25,
1982-02-09,709.25,
1982-02-10,709.75,
1982-02-11,709.75,
1982-02-16,710.8,
1982-02-17,710.8,
1982-02-18,710.8,
1982-02-19,710.8,
1982-02-22,710.8,
1982-02-23,710.8,
1982-02-24,710.8,
1982-02-25,710.8,
1982-02-26,711.45,
1982-03-01,712.15,
1982-03-02,712.15,
1982-03-03,712.15,
1982-03-04,712.45,
1982-03-05,712.45,
1982-03-08,712.45,
1982-03-09,712.45,
1982-03-10,712.45,
1982-03-11,712.45,
1982-03-12,712.45,
1982-03-15,714.55,
1982-03-16,714.55,
1982-03-17,715.15,
1982-03-18,715.15,
1982-03-19,715.55,
1982-03-22,716.25,
1982-03-23,716.95,
1982-03-24,716.95,
1982-03-25,716.95,
1982-03-26,717.45,
1982-03-29,718.15,
1982-03-30,718.15,
1982-03-31,718.15,
1982-04-01,718.15,
1982-04-02,719.15,
1982-04-05,719.15,
1982-04-06,719.15,
1982-04-07,719.95,
1982-04-08,719.95,
1982-04-09,721.25,
1982-04-12,721.25,
1982-04-13,721.25,
1982-04-14,721.25,
1982-04-15,721.25,
1982-04-16,721.85,
1982-04-19,721.85,
1982-04-20,721.85,
1982-04-21,721.85,
1982-04-22,721.85,
1982-04-23,721.95,
1982-04-26,721.95,
1982-04-27,721.95,
1982-04-28,721.95,
1982-04-29,721.95,
1982-04-30,721.95,
1982-05-03,721.95,
1982-05-04,721.95,
1982-05-05,721.95,
1982-05-06,721.95,
1982-05-07,721.95,
1982-05-10,721.95,
1982-05-11,721.95,
1982-05-12,721.95,
1982-05-13,721.95,
1982-05-14,723.95,
1982-05-17,724.55,
1982-05-18,724.55,
1982-05-19,725.35,
1982-05-20,725.35,
1982-05-21,725.35,
1982-05-24,725.35,
1982-05-25,725.35,
1982-05-26,728.95,
1982-05-27,728.95,
1982-05-28,731.75,
1982-06-01,731.75,
1982-06-02,734.75,
1982-06-03,734.75,
1982-06-04,735.75,
1982-06-07,735.75,
1982-06-08,737.05,
1982-06-09,737.05,
1982-06-10,737.05,
1982-06-11,738.55,
1982-06-14,738.55,
1982-06-15,738.55,
1982-06-16,738.55,
1982-06-17,739.55,
1982-06-18,739.55,
1982-06-21,740.05,
1982-06-22,740.05,
1982-06-23,740.05,
1982-06-24,740.05,
1982-06-25,741.3,
1982-06-28,741.3,
1982-06-29,741.3,
1982-06-30,741.3,
1982-07-01,741.3,
1982-07-02,744.0,
1982-07-06,744.0,
1982-07-07,744.0,
1982-07-08,744.0,
1982-07-09,744.0,
1982-07-12,744.0,
1982-07-13,744.0,
1982-07-14,744.0,
1982-07-15,744.0,
1982-07-16,741.65,
1982-07-19,741.65,
1982-07-20,741.65,
1982-07-21,741.65,
1982-07-22,741.65,
1982-07-23,743.0,
1982-07-26,743.0,
1982-07-27,743.0,
1982-07-28,743.0,
1982-07-29,743.0,
1982-07-30,743.8,
1982-08-02,743.8,
1982-08-03,743.8,
1982-08-04,743.8,
1982-08-05,743.8,
1982-08-06,743.8,
1982-08-09,743.8,
1982-08-10,743.8,
1982-08-11,743.8,
1982-08-12,743.8,
1982-08-13,744.9,
1982-08-16,744.9,
1982-08-17,744.9,
1982-08-18,744.9,
1982-08-19,744.9,
1982-08-20,744.9,
1982-08-23,744.9,
1982-08-24,744.9,
1982-08-25,744.9,
1982-08-26,744.9,
1982-08-27,744.9,
1982-08-30,744.9,
1982-08-31,744.9,
1982-09-01,744.9,
1982-09-02,744.9,
1982-09-03,744.9,
1982-09-07,744.9,
1982-09-08,744.9,
1982-09-09,744.9,
1982-09-10,744.9,
1982-09-13,744.9,
1982-09-14,742.75,
1982-09-15,742.75,
1982-09-16,742.75,
1982-09-17,742.75,
1982-09-20,742.75,
1982-09-21,742.75,
1982-09-22,742.75,
1982-09-23,742.75,
1982-09-24,742.75,
1982-09-27,742.75,
1982-09-28,743.05,
1982-09-29,743.05,
1982-09-30,743.05,
1982-10-01,743.05,
1982-10-04,743.05,
1982-10-05,743.25,
1982-10-06,743.25,
1982-10-07,743.25,
1982-10-08,743.45,
1982-10-12,743.45,
1982-10-13,743.45,
1982-10-14,743.45,
1982-10-15,743.45,
1982-10-18,743.45,
1982-10-19,743.45,
1982-10-20,743.45,
1982-10-21,743.55,
1982-10-22,743.55,
1982-10-25,744.1,
1982-10-26,744.55,
1982-10-27,744.55,
1982-10-28,744.55,
1982-10-29,744.65,
1982-11-01,745.05,
1982-11-03,745.05,
1982-11-04,746.15,
1982-11-05,745.55,
1982-11-08,745.55,
1982-11-09,745.65,
1982-11-10,745.65,
1982-11-12,745.65,
1982-11-15,745.65,
1982-11-16,745.65,
1982-11-17,745.65,
1982-11-18,745.65,
1982-11-19,745.65,
1982-11-22,745.65,
1982-11-23,745.65,
1982-11-24,745.65,
1982-11-26,745.65,
1982-11-29,745.65,
1982-11-30,745.65,
1982-12-01,745.65,
1982-12-02,745.65,
1982-12-03,745.65,
1982-12-06,745.65,
1982-12-07,745.65,
1982-12-08,745.65,
1982-12-09,745.65,
1982-12-10,745.65,
1982-12-13,745.65,
1982-12-14,745.65,
1982-12-15,745.65,
1982-12-16,745.65,
1982-12-17,745.65,
1982-12-20,745.65,
1982-12-21,746.95,
1982-12-22,746.95,
1982-12-23,746.95,
1982-12-24,746.95,
1982-12-27,747.85,
1982-12-28,747.85,
1982-12-29,747.85,
1982-12-30,747.85,
1982-12-31,747.95,
1983-01-03,747.85,
1983-01-04,747.85,
1983-01-05,748.95,
1983-01-06,748.95,
1983-01-07,748.95,
1983-01-10,749.1,
1983-01-11,749.1,
1983-01-12,749.1,
1983-01-13,749.1,
1983-01-14,749.1,
1983-01-17,749.75,
1983-01-18,749.75,
1983-01-19,749.75,
1983-01-20,750.85,
1983-01-21,750.85,
1983-01-24,751.15,
1983-01-25,751.15,
1983-01-26,751.15,
1983-01-27,751.15,
1983-01-28,751.15,
1983-01-31,751.15,
1983-02-01,751.15,
1983-02-02,752.25,
1983-02-03,752.25,
1983-02-04,752.25,
1983-02-07,752.25,
1983-02-08,752.25,
1983-02-09,752.25,
1983-02-10,752.25,
1983-02-11,752.25,
1983-02-14,752.25,
1983-02-15,752.25,
1983-02-16,752.25,
1983-02-17,752.25,
1983-02-18,752.25,
1983-02-22,752.25,
1983-02-23,752.25,
1983-02-24,752.25,
1983-02-25,752.25,
1983-02-28,752.25,
1983-03-01,752.25,
1983-03-02,754.75,
1983-03-03,754.75,
1983-03-04,754.75,
1983-03-07,754.75,
1983-03-08,754.75,
1983-03-09,755.45,
1983-03-10,755.45,
1983-03-11,755.45,
1983-03-14,756.65,
1983-03-15,756.65,
1983-03-16,756.65,
1983-03-17,757.25,
1983-03-18,758.75,
1983-03-21,758.75,
1983-03-22,758.75,
1983-03-23,761.55,
1983-03-24,761.55,
1983-03-25,761.55,
1983-03-28,761.55,
1983-03-29,763.55,
1983-03-30,763.55,
1983-03-31,763.55,
1983-04-01,763.55,
1983-04-04,763.55,
1983-04-05,763.55,
1983-04-06,763.55,
1983-04-07,763.55,
1983-04-08,763.55,
1983-04-11,765.15,
1983-04-12,765.15,
1983-04-13,765.15,
1983-04-14,765.15,
1983-04-15,765.75,
1983-04-18,765.75,
1983-04-19,766.05,
1983-04-20,766.05,
1983-04-21,766.25,
1983-04-22,766.25,
1983-04-25,766.25,
1983-04-26,766.25,
1983-04-27,766.25,
1983-04-28,767.15,
1983-04-29,767.15,
1983-05-02,767.15,
1983-05-03,767.15,
1983-05-04,767.15,
1983-05-05,767.15,
1983-05-06,767.15,
1983-05-09,767.15,
1983-05-10,767.15,
1983-05-11,766.85,
1983-05-12,767.15,
1983-05-13,767.15,
1983-05-16,767.15,
1983-05-17,767.15,
1983-05-18,767.15,
1983-05-19,767.15,
1983-05-20,767.15,
1983-05-23,768.95,
1983-05-24,769.95,
1983-05-25,769.95,
1983-05-26,769.95,
1983-05-27,770.75,
1983-05-31,770.75,
1983-06-01,772.25,
1983-06-02,773.25,
1983-06-03,773.25,
1983-06-06,773.45,
1983-06-07,774.45,
1983-06-08,774.65,
1983-06-09,775.65,
1983-06-10,775.65,
1983-06-13,775.65,
1983-06-14,775.65,
1983-06-15,776.05,
1983-06-16,777.05,
1983-06-17,777.05,
1983-06-20,777.05,
1983-06-21,777.05,
1983-06-22,777.05,
1983-06-23,777.05,
1983-06-24,777.05,
1983-06-27,777.05,
1983-06-28,777.05,
1983-06-29,777.35,
1983-06-30,777.35,
1983-07-01,777.35,
1983-07-05,777.35,
1983-07-06,778.35,
1983-07-07,778.35,
1983-07-08,778.35,
1983-07-11,778.95,
1983-07-12,779.85,
1983-07-13,779.85,
1983-07-14,779.85,
1983-07-15,779.85,
1983-07-18,780.45,
1983-07-19,780.45,
1983-07-20,780.45,
1983-07-21,780.45,
1983-07-22,780.45,
1983-07-25,780.45,
1983-07-26,781.45,
1983-07-27,781.45,
1983-07-28,781.95,
1983-07-29,781.95,
1983-08-01,784.25,
1983-08-02,784.25,
1983-08-03,784.25,
1983-08-04,784.25,
1983-08-05,785.15,
1983-08-08,785.15,
1983-08-09,786.65,
1983-08-10,786.65,
1983-08-11,786.65,
1983-08-12,788.15,
1983-08-15,788.15,
1983-08-16,788.15,
1983-08-17,788.15,
1983-08-18,788.15,
1983-08-19,788.15,
1983-08-22,788.15,
1983-08-23,788.15,
1983-08-24,788.15,
1983-08-25,788.15,
1983-08-26,788.15,
1983-08-29,788.65,
1983-08-30,789.65,
1983-08-31,790.25,
1983-09-01,790.35,
1983-09-02,790.35,
1983-09-06,790.75,
1983-09-07,790.75,
1983-09-08,790.75,
1983-09-09,790.75,
1983-09-12,790.75,
1983-09-13,790.75,
1983-09-14,790.75,
1983-09-15,790.95,
1983-09-16,790.95,
1983-09-19,790.95,
1983-09-20,790.95,
1983-09-21,790.95,
1983-09-22,790.95,
1983-09-23,790.95,
1983-09-26,790.95,
1983-09-27,790.95,
1983-09-28,790.95,
1983-09-29,790.95,
1983-09-30,790.95,
1983-10-03,790.95,
1983-10-04,790.95,
1983-10-05,790.95,
1983-10-06,790.95,
1983-10-07,790.95,
1983-10-11,790.95,
1983-10-12,790.95,
1983-10-13,790.95,
1983-10-14,790.95,
1983-10-17,791.05,
1983-10-18,791.05,
1983-10-19,791.05,
1983-10-20,791.15,
1983-10-21,791.15,
1983-10-24,791.15,
1983-10-25,792.15,
1983-10-26,792.15,
1983-10-27,792.25,
1983-10-28,792.65,
1983-10-31,793.05,
1983-11-01,794.05,
1983-11-02,794.75,
1983-11-03,795.25,
1983-11-04,795.25,
1983-11-07,795.25,
1983-11-09,796.75,
1983-11-10,796.75,
1983-11-14,796.75,
1983-11-15,796.75,
1983-11-16,796.75,
1983-11-17,796.75,
1983-11-18,796.75,
1983-11-21,796.75,
1983-11-22,796.75,
1983-11-23,796.75,
1983-11-25,796.75,
1983-11-28,796.75,
1983-11-29,797.25,
1983-11-30,797.25,
1983-12-01,797.25,
1983-12-02,797.25,
1983-12-05,797.25,
1983-12-06,798.25,
1983-12-07,798.25,
1983-12-08,798.25,
1983-12-09,798.45,
1983-12-12,798.45,
1983-12-13,799.75,
1983-12-14,799.75,
1983-12-15,799.95,
1983-12-16,799.95,
1983-12-19,799.95,
1983-12-20,800.15,
1983-12-21,800.15,
1983-12-22,800.15,
1983-12-23,800.15,
1983-12-27,800.15,
1983-12-28,800.15,
1983-12-29,800.15,
1983-12-30,800.15,
1984-01-03,800.15,
1984-01-04,800.15,
1984-01-05,800.15,
1984-01-06,800.15,
1984-01-09,800.15,
1984-01-10,800.15,
1984-01-11,800.15,
1984-01-12,800.15,
1984-01-13,800.15,
1984-01-16,800.15,
1984-01-17,800.15,
1984-01-18,800.15,
1984-01-19,800.15,
1984-01-20,798.6,
1984-01-23,800.0,
1984-01-24,800.8,
1984-01-25,801.6,
1984-01-26,801.3,
1984-01-27,800.7,
1984-01-30,800.7,
1984-01-31,801.3,
1984-02-01,800.7,
1984-02-02,800.7,
1984-02-03,800.6,
1984-02-06,800.6,
1984-02-07,800.6,
1984-02-08,800.3,
1984-02-09,800.3,
1984-02-10,799.3,
1984-02-14,799.3,
1984-02-15,799.3,
1984-02-16,799.3,
1984-02-17,799.3,
1984-02-21,799.3,
1984-02-22,798.7,
1984-02-23,799.3,
1984-02-24,797.1,
1984-02-27,796.1,
1984-02-28,797.1,
1984-02-29,795.3,
1984-03-01,795.3,
1984-03-02,795.4,
1984-03-05,794.4,
1984-03-06,793.4,
1984-03-07,792.4,
1984-03-08,792.4,
1984-03-09,793.3,
1984-03-12,794.3,
1984-03-13,795.3,
1984-03-14,794.3,
1984-03-15,793.3,
1984-03-16,794.3,
1984-03-19,795.3,
1984-03-20,796.3,
1984-03-21,795.7,
1984-03-22,796.7,
1984-03-23,796.6,
1984-03-26,795.6,
1984-03-27,794.6,
1984-03-28,793.6,
1984-03-29,793.9,
1984-03-30,792.9,
1984-04-02,793.8,
1984-04-03,794.4,
1984-04-04,795.4,
1984-04-05,795.4,
1984-04-06,795.4,
1984-04-09,796.3,
1984-04-10,795.4,
1984-04-11,795.9,
1984-04-12,794.9,
1984-04-13,795.2,
1984-04-16,796.0,
1984-04-17,797.0,
1984-04-18,796.0,
1984-04-19,796.4,
1984-04-20,797.2,
1984-04-23,797.6,
1984-04-24,797.4,
1984-04-25,798.4,
1984-04-26,798.4,
1984-04-27,798.6,
1984-04-30,799.6,
1984-05-01,800.6,
1984-05-02,801.4,
1984-05-03,801.3,
1984-05-04,800.3,
1984-05-07,800.3,
1984-05-08,800.3,
1984-05-09,801.3,
1984-05-10,802.0,
1984-05-11,802.5,
1984-05-14,802.7,
1984-05-15,803.1,
1984-05-16,802.2,
1984-05-17,801.1,
1984-05-18,802.2,
1984-05-21,803.2,
1984-05-22,803.2,
1984-05-23,802.2,
1984-05-24,801.2,
1984-05-25,801.2,
1984-05-29,800.2,
1984-05-30,801.2,
1984-05-31,800.3,
1984-06-01,800.5,
1984-06-04,799.5,
1984-06-05,798.5,
1984-06-06,798.5,
1984-06-07,799.5,
1984-06-08,800.1,
1984-06-11,800.5,
1984-06-12,800.6,
1984-06-13,801.6,
1984-06-14,801.4,
1984-06-15,801.4,
1984-06-18,801.7,
1984-06-19,802.4,
1984-06-20,802.7,
1984-06-21,803.7,
1984-06-22,804.7,
1984-06-25,805.4,
1984-06-26,806.4,
1984-06-27,805.4,
1984-06-28,805.4,
1984-06-29,806.4,
1984-07-02,805.5,
1984-07-03,806.5,
1984-07-05,807.6,
1984-07-06,808.6,
1984-07-09,809.3,
1984-07-10,810.3,
1984-07-11,810.1,
1984-07-12,811.1,
1984-07-13,811.8,
1984-07-16,810.8,
1984-07-17,810.8,
1984-07-18,811.2,
1984-07-19,812.2,
1984-07-20,812.2,
1984-07-23,813.2,
1984-07-24,814.2,
1984-07-25,813.8,
1984-07-26,812.8,
1984-07-27,811.8,
1984-07-30,812.8,
1984-07-31,813.5,
1984-08-01,814.1,
1984-08-02,813.8,
1984-08-03,813.0,
1984-08-06,812.0,
1984-08-07,812.3,
1984-08-08,813.3,
1984-08-09,812.3,
1984-08-10,811.3,
1984-08-13,810.3,
1984-08-14,811.3,
1984-08-15,811.3,
1984-08-16,810.3,
1984-08-17,810.0,
1984-08-20,809.8,
1984-08-21,810.7,
1984-08-22,811.7,
1984-08-23,811.0,
1984-08-24,810.4,
1984-08-27,810.2,
1984-08-28,811.2,
1984-08-29,811.3,
1984-08-30,810.3,
1984-08-31,810.8,
1984-09-04,811.9,
1984-09-05,812.9,
1984-09-06,813.9,
1984-09-07,813.7,
1984-09-10,814.7,
1984-09-11,815.6,
1984-09-12,815.5,
1984-09-13,815.2,
1984-09-14,816.2,
1984-09-17,816.2,
1984-09-18,816.5,
1984-09-19,817.5,
1984-09-20,816.9,
1984-09-21,817.9,
1984-09-24,818.4,
1984-09-25,817.4,
1984-09-26,816.4,
1984-09-27,817.4,
1984-09-28,816.4,
1984-10-01,817.3,
1984-10-02,818.3,
1984-10-03,818.3,
1984-10-04,817.3,
1984-10-05,818.3,
1984-10-09,818.8,
1984-10-10,819.8,
1984-10-11,820.8,
1984-10-12,821.8,
1984-10-15,821.1,
1984-10-16,822.1,
1984-10-17,822.7,
1984-10-18,821.7,
1984-10-19,822.3,
1984-10-22,821.3,
1984-10-23,821.3,
1984-10-24,820.3,
1984-10-25,819.3,
1984-10-26,818.5,
1984-10-29,819.5,
1984-10-30,820.5,
1984-10-31,819.5,
1984-11-01,818.5,
1984-11-02,817.5,
1984-11-05,816.5,
1984-11-07,816.1,
1984-11-08,815.1,
1984-11-09,816.1,
1984-11-13,816.9,
1984-11-14,816.5,
1984-11-15,816.9,
1984-11-16,817.9,
1984-11-19,818.0,
1984-11-20,819.0,
1984-11-21,820.0,
1984-11-23,821.0,
1984-11-26,821.8,
1984-11-27,822.8,
1984-11-28,822.1,
1984-11-29,823.1,
1984-11-30,823.2,
1984-12-03,824.2,
1984-12-04,825.2,
1984-12-05,824.2,
1984-12-06,823.6,
1984-12-07,823.7,
1984-12-10,824.2,
1984-12-11,824.8,
1984-12-12,824.6,
1984-12-13,824.9,
1984-12-14,825.2,
1984-12-17,825.8,
1984-12-18,825.6,
1984-12-19,825.0,
1984-12-20,825.9,
1984-12-21,826.9,
1984-12-24,827.1,
1984-12-26,827.1,
1984-12-27,828.1,
1984-12-28,829.1,
1984-12-31,829.5,
1985-01-02,829.5,
1985-01-03,829.5,
1985-01-04,830.5,
1985-01-07,831.3,
1985-01-08,832.3,
1985-01-09,831.3,
1985-01-10,832.3,
1985-01-11,831.3,
1985-01-14,832.3,
1985-01-15,833.3,
1985-01-16,834.3,
1985-01-17,833.7,
1985-01-18,833.3,
1985-01-22,832.2,
1985-01-23,832.2,
1985-01-24,832.9,
1985-01-25,832.6,
1985-01-28,832.4,
1985-01-29,832.9,
1985-01-30,832.7,
1985-01-31,832.7,
1985-02-01,833.3,
1985-02-04,834.3,
1985-02-05,835.3,
1985-02-06,836.0,
1985-02-07,836.7,
1985-02-08,837.2,
1985-02-11,837.4,
1985-02-13,838.4,
1985-02-14,839.0,
1985-02-15,838.0,
1985-02-19,839.0,
1985-02-20,839.0,
1985-02-21,841.0,
1985-02-25,844.1,
1985-02-26,846.1,
1985-02-27,846.0,
1985-02-28,845.0,
1985-03-01,845.0,
1985-03-04,847.0,
1985-03-05,847.6,
1985-03-06,849.6,
1985-03-07,849.6,
1985-03-08,849.7,
1985-03-11,849.6,
1985-03-12,848.6,
1985-03-13,849.4,
1985-03-14,849.2,
1985-03-15,851.5,
1985-03-18,853.5,
1985-03-19,848.6,
1985-03-20,852.5,
1985-03-21,853.4,
1985-03-22,852.9,
1985-03-25,852.4,
1985-03-26,854.3,
1985-03-27,854.0,
1985-03-28,853.5,
1985-03-29,853.0,
1985-04-01,852.5,
1985-04-02,855.0,
1985-04-03,858.0,
1985-04-04,857.5,
1985-04-05,857.5,
1985-04-08,860.2,
1985-04-09,862.2,
1985-04-10,861.9,
1985-04-11,861.4,
1985-04-12,860.9,
1985-04-15,860.4,
1985-04-16,859.9,
1985-04-17,859.4,
1985-04-18,860.9,
1985-04-19,860.5,
1985-04-22,860.0,
1985-04-23,862.0,
1985-04-24,865.6,
1985-04-25,866.6,
1985-04-26,867.6,
1985-04-29,868.6,
1985-04-30,868.1,
1985-05-01,867.7,
1985-05-02,868.7,
1985-05-03,869.7,
1985-05-06,870.7,
1985-05-07,871.7,
1985-05-08,871.2,
1985-05-09,871.0,
1985-05-10,870.5,
1985-05-13,870.4,
1985-05-14,869.9,
1985-05-15,869.4,
1985-05-16,870.4,
1985-05-17,871.4,
1985-05-20,870.9,
1985-05-21,870.4,
1985-05-22,871.3,
1985-05-23,872.3,
1985-05-24,873.3,
1985-05-28,872.8,
1985-05-29,873.8,
1985-05-30,873.7,
1985-05-31,873.2,
1985-06-03,873.1,
1985-06-04,872.6,
1985-06-05,873.6,
1985-06-06,873.6,
1985-06-07,873.5,
1985-06-10,874.5,
1985-06-11,875.5,
1985-06-12,875.3,
1985-06-13,875.1,
1985-06-14,875.5,
1985-06-17,875.0,
1985-06-18,875.6,
1985-06-19,875.1,
1985-06-20,874.6,
1985-06-21,875.6,
1985-06-24,876.6,
1985-06-25,876.4,
1985-06-26,876.3,
1985-06-27,876.3,
1985-06-28,876.2,
1985-07-01,876.0,
1985-07-02,875.5,
1985-07-03,876.5,
1985-07-05,876.1,
1985-07-08,875.6,
1985-07-09,875.1,
1985-07-10,874.6,
1985-07-11,874.4,
1985-07-12,875.4,
1985-07-15,875.2,
1985-07-16,875.0,
1985-07-17,875.0,
1985-07-18,874.8,
1985-07-19,875.4,
1985-07-22,876.9,
1985-07-23,878.2,
1985-07-24,878.0,
1985-07-25,879.2,
1985-07-26,879.1,
1985-07-29,878.9,
1985-07-30,878.7,
1985-07-31,878.5,
1985-08-01,878.3,
1985-08-02,880.4,
1985-08-05,882.9,
1985-08-06,882.7,
1985-08-07,885.0,
1985-08-08,886.4,
1985-08-09,886.2,
1985-08-12,886.0,
1985-08-13,885.8,
1985-08-14,885.6,
1985-08-15,885.6,
1985-08-16,885.4,
1985-08-19,885.2,
1985-08-20,885.2,
1985-08-21,885.7,
1985-08-22,885.9,
1985-08-23,885.7,
1985-08-26,885.9,
1985-08-27,886.9,
1985-08-28,887.1,
1985-08-29,886.9,
1985-08-30,887.3,
1985-09-03,891.1,
1985-09-04,892.9,
1985-09-05,892.9,
1985-09-06,893.7,
1985-09-09,894.2,
1985-09-10,894.7,
1985-09-11,894.5,
1985-09-12,894.3,
1985-09-13,894.86,
1985-09-16,894.6,
1985-09-17,894.4,
1985-09-18,894.2,
1985-09-19,894.7,
1985-09-20,894.5,
1985-09-23,894.3,
1985-09-24,894.1,
1985-09-25,894.6,
1985-09-26,894.4,
1985-09-30,894.0,
1985-10-01,894.0,
1985-10-02,893.8,
1985-10-03,893.8,
1985-10-04,893.6,
1985-10-07,893.4,
1985-10-08,893.9,
1985-10-09,893.9,
1985-10-10,893.7,
1985-10-11,894.2,
1985-10-15,894.3,
1985-10-16,894.7,
1985-10-17,895.2,
1985-10-18,895.0,
1985-10-21,894.8,
1985-10-22,894.7,
1985-10-23,895.2,
1985-10-24,895.2,
1985-10-25,895.7,
1985-10-28,895.4,
1985-10-29,895.1,
1985-10-30,894.8,
1985-10-31,894.5,
1985-11-01,894.2,
1985-11-04,893.9,
1985-11-05,893.6,
1985-11-06,894.1,
1985-11-07,893.8,
1985-11-08,893.5,
1985-11-12,894.5,
1985-11-13,894.1,
1985-11-14,893.7,
1985-11-15,893.3,
1985-11-18,893.8,
1985-11-19,893.5,
1985-11-20,893.1,
1985-11-21,893.2,
1985-11-22,892.8,
1985-11-25,892.4,
1985-11-26,892.0,
1985-11-27,892.5,
1985-11-29,891.7,
1985-12-02,891.4,
1985-12-03,891.9,
1985-12-04,892.4,
1985-12-05,892.0,
1985-12-06,892.5,
1985-12-09,892.8,
1985-12-10,893.3,
1985-12-11,893.8,
1985-12-12,894.3,
1985-12-13,893.9,
1985-12-16,893.8,
1985-12-17,893.7,
1985-12-18,893.3,
1985-12-19,893.3,
1985-12-20,894.1,
1985-12-23,893.7,
1985-12-24,893.4,
1985-12-26,893.4,
1985-12-27,893.3,
1985-12-30,892.9,
1985-12-31,892.5,
1986-01-02,892.5,
1986-01-03,892.5,
1986-01-06,893.0,
1986-01-07,892.6,
1986-01-08,892.2,
1986-01-09,892.7,
1986-01-10,893.2,
1986-01-13,893.1,
1986-01-14,893.6,
1986-01-15,893.6,
1986-01-16,893.2,
1986-01-17,892.8,
1986-01-21,893.8,
1986-01-22,893.6,
1986-01-23,893.3,
1986-01-24,893.0,
1986-01-27,892.6,
1986-01-28,892.2,
1986-01-29,891.8,
1986-01-30,891.4,
1986-01-31,891.0,
1986-02-03,890.6,
1986-02-04,890.3,
1986-02-05,890.8,
1986-02-06,890.4,
1986-02-07,890.0,
1986-02-10,890.0,
1986-02-11,889.7,
1986-02-12,889.3,
1986-02-13,888.9,
1986-02-14,888.5,
1986-02-18,887.7,
1986-02-19,887.9,
1986-02-20,887.5,
1986-02-21,887.1,
1986-02-24,887.6,
1986-02-25,887.2,
1986-02-26,886.8,
1986-02-27,886.5,
1986-02-28,886.1,
1986-03-03,886.6,
1986-03-04,886.5,
1986-03-05,886.1,
1986-03-06,886.6,
1986-03-07,887.1,
1986-03-10,886.7,
1986-03-11,887.2,
1986-03-12,887.0,
1986-03-13,886.6,
1986-03-14,887.1,
1986-03-17,886.7,
1986-03-18,886.3,
1986-03-19,885.9,
1986-03-20,886.4,
1986-03-21,886.0,
1986-03-24,885.9,
1986-03-25,886.4,
1986-03-26,886.9,
1986-03-27,887.4,
1986-03-28,887.0,
1986-03-31,887.5,
1986-04-01,887.1,
1986-04-02,887.6,
1986-04-03,888.1,
1986-04-04,888.6,
1986-04-07,889.1,
1986-04-08,889.6,
1986-04-09,889.2,
1986-04-10,888.8,
1986-04-11,888.4,
1986-04-14,888.0,
1986-04-15,888.5,
1986-04-16,888.8,
1986-04-17,888.4,
1986-04-18,888.4,
1986-04-21,887.6,
1986-04-22,887.2,
1986-04-23,886.8,
1986-04-24,886.4,
1986-04-25,886.8,
1986-04-28,887.3,
1986-04-29,886.9,
1986-04-30,887.4,
1986-05-01,887.9,
1986-05-02,888.4,
1986-05-05,888.9,
1986-05-06,888.5,
1986-05-07,889.0,
1986-05-08,888.6,
1986-05-09,888.2,
1986-05-12,887.8,
1986-05-13,887.4,
1986-05-14,887.9,
1986-05-15,888.4,
1986-05-16,888.4,
1986-05-19,888.9,
1986-05-20,888.4,
1986-05-21,889.4,
1986-05-22,889.4,
1986-05-23,889.9,
1986-05-27,891.4,
1986-05-28,891.5,
1986-05-29,891.1,
1986-05-30,891.6,
1986-06-02,892.1,
1986-06-03,892.6,
1986-06-04,892.1,
1986-06-05,891.6,
1986-06-06,891.6,
1986-06-09,891.1,
1986-06-10,891.6,
1986-06-11,891.1,
1986-06-12,890.6,
1986-06-13,890.1,
1986-06-16,890.6,
1986-06-17,890.1,
1986-06-18,890.6,
1986-06-19,890.1,
1986-06-20,890.4,
1986-06-23,890.9,
1986-06-24,890.5,
1986-06-25,890.0,
1986-06-26,889.5,
1986-06-27,889.4,
1986-06-30,888.9,
1986-07-01,888.4,
1986-07-02,887.9,
1986-07-03,887.9,
1986-07-07,886.9,
1986-07-08,887.4,
1986-07-09,886.9,
1986-07-10,889.0,
1986-07-11,889.2,
1986-07-14,889.7,
1986-07-15,889.6,
1986-07-16,889.1,
1986-07-17,889.1,
1986-07-18,888.6,
1986-07-21,888.5,
1986-07-22,888.0,
1986-07-23,888.1,
1986-07-24,888.6,
1986-07-25,889.1,
1986-07-28,889.6,
1986-07-29,889.0,
1986-07-30,889.4,
1986-07-31,889.0,
1986-08-01,888.4,
1986-08-04,887.8,
1986-08-05,888.2,
1986-08-06,888.6,
1986-08-07,888.0,
1986-08-08,887.4,
1986-08-11,887.8,
1986-08-12,887.2,
1986-08-13,887.6,
1986-08-14,886.8,
1986-08-15,886.8,
1986-08-18,886.2,
1986-08-19,886.3,
1986-08-20,885.6,
1986-08-21,884.7,
1986-08-22,884.8,
1986-08-25,884.2,
1986-08-26,884.5,
1986-08-27,884.5,
1986-08-28,885.0,
1986-08-29,885.1,
1986-09-02,883.3,
1986-09-03,883.3,
1986-09-04,883.5,
1986-09-05,883.5,
1986-09-08,883.8,
1986-09-09,884.3,
1986-09-10,884.1,
1986-09-11,883.2,
1986-09-12,883.7,
1986-09-15,883.5,
1986-09-16,882.6,
1986-09-17,882.6,
1986-09-18,883.1,
1986-09-19,883.1,
1986-09-22,882.2,
1986-09-23,882.7,
1986-09-24,883.2,
1986-09-25,882.5,
1986-09-26,882.6,
1986-09-29,882.4,
1986-09-30,881.0,
1986-10-01,881.0,
1986-10-02,881.0,
1986-10-03,881.1,
1986-10-06,880.9,
1986-10-07,879.5,
1986-10-08,879.7,
1986-10-09,879.7,
1986-10-10,879.6,
1986-10-14,878.3,
1986-10-15,878.0,
1986-10-16,878.1,
1986-10-17,878.6,
1986-10-20,877.7,
1986-10-21,877.8,
1986-10-22,878.0,
1986-10-23,878.0,
1986-10-24,878.3,
1986-10-27,878.6,
1986-10-28,878.5,
1986-10-29,877.1,
1986-10-30,877.1,
1986-10-31,877.2,
1986-11-03,877.5,
1986-11-04,877.6,
1986-11-05,876.7,
1986-11-06,876.6,
1986-11-07,876.0,
1986-11-10,875.5,
1986-11-12,872.9,
1986-11-13,871.5,
1986-11-14,871.6,
1986-11-17,871.5,
1986-11-18,872.0,
1986-11-19,872.5,
1986-11-20,872.1,
1986-11-21,872.3,
1986-11-24,872.8,
1986-11-25,872.9,
1986-11-26,871.5,
1986-11-28,870.3,
1986-12-01,868.9,
1986-12-02,867.9,
1986-12-03,868.4,
1986-12-04,868.7,
1986-12-05,869.2,
1986-12-08,869.7,
1986-12-09,870.2,
1986-12-10,870.4,
1986-12-11,871.0,
1986-12-12,870.5,
1986-12-15,871.1,
1986-12-16,870.8,
1986-12-17,871.3,
1986-12-18,869.8,
1986-12-19,868.4,
1986-12-22,867.0,
1986-12-23,865.6,
1986-12-24,865.5,
1986-12-26,865.4,
1986-12-29,865.3,
1986-12-30,865.2,
1986-12-31,865.2,
1987-01-02,865.2,
1987-01-05,864.7,
1987-01-06,865.0,
1987-01-07,864.7,
1987-01-08,864.5,
1987-01-09,864.4,
1987-01-12,864.1,
1987-01-13,863.5,
1987-01-14,862.9,
1987-01-15,862.5,
1987-01-16,861.7,
1987-01-20,861.4,
1987-01-21,861.8,
1987-01-22,862.2,
1987-01-23,861.8,
1987-01-26,861.8,
1987-01-27,861.7,
1987-01-28,861.7,
1987-01-29,861.1,
1987-01-30,860.6,
1987-02-02,861.8,
1987-02-03,860.8,
1987-02-04,860.2,
1987-02-05,860.5,
1987-02-06,860.9,
1987-02-09,861.3,
1987-02-10,860.7,
1987-02-11,860.1,
1987-02-12,860.3,
1987-02-13,860.5,
1987-02-17,860.1,
1987-02-18,859.8,
1987-02-19,860.1,
1987-02-20,860.4,
1987-02-23,859.8,
1987-02-24,859.6,
1987-02-25,859.7,
1987-02-26,859.0,
1987-02-27,858.6,
1987-03-02,858.7,
1987-03-03,858.8,
1987-03-04,858.9,
1987-03-05,858.9,
1987-03-06,859.0,
1987-03-09,858.5,
1987-03-10,858.5,
1987-03-11,858.7,
1987-03-12,858.3,
1987-03-13,858.1,
1987-03-16,857.5,
1987-03-17,856.6,
1987-03-18,855.7,
1987-03-19,855.8,
1987-03-20,854.9,
1987-03-23,854.2,
1987-03-24,853.3,
1987-03-25,852.4,
1987-03-26,852.5,
1987-03-27,852.6,
1987-03-30,851.7,
1987-03-31,850.8,
1987-04-01,850.8,
1987-04-02,850.9,
1987-04-03,850.2,
1987-04-06,849.3,
1987-04-07,849.4,
1987-04-08,848.1,
1987-04-09,848.2,
1987-04-10,847.0,
1987-04-13,845.8,
1987-04-14,844.6,
1987-04-15,843.4,
1987-04-16,843.5,
1987-04-17,843.6,
1987-04-20,843.6,
1987-04-21,842.4,
1987-04-22,842.4,
1987-04-23,842.5,
1987-04-24,841.3,
1987-04-27,840.1,
1987-04-28,838.9,
1987-04-29,839.0,
1987-04-30,837.9,
1987-05-01,838.0,
1987-05-04,836.8,
1987-05-05,836.8,
1987-05-06,835.6,
1987-05-07,835.7,
1987-05-08,835.8,
1987-05-11,835.9,
1987-05-12,836.0,
1987-05-13,834.9,
1987-05-14,835.0,
1987-05-15,833.2,
1987-05-18,831.4,
1987-05-19,829.6,
1987-05-20,829.6,
1987-05-21,827.8,
1987-05-22,827.9,
1987-05-26,828.0,
1987-05-27,828.1,
1987-05-28,828.2,
1987-05-29,826.4,
1987-06-01,826.5,
1987-06-02,826.6,
1987-06-03,824.7,
1987-06-04,824.8,
1987-06-05,824.9,
1987-06-08,822.7,
1987-06-09,820.5,
1987-06-10,818.3,
1987-06-11,817.1,
1987-06-12,817.2,
1987-06-15,817.3,
1987-06-16,817.4,
1987-06-17,816.2,
1987-06-18,816.3,
1987-06-19,815.1,
1987-06-22,815.2,
1987-06-23,815.3,
1987-06-24,815.4,
1987-06-25,813.9,
1987-06-26,814.0,
1987-06-29,812.5,
1987-06-30,812.6,
1987-07-01,812.7,
1987-07-02,811.8,
1987-07-03,811.9,
1987-07-06,812.0,
1987-07-07,812.1,
1987-07-08,812.2,
1987-07-09,812.3,
1987-07-10,811.4,
1987-07-13,811.6,
1987-07-14,811.7,
1987-07-15,811.7,
1987-07-16,811.5,
1987-07-17,811.5,
1987-07-20,811.7,
1987-07-21,811.9,
1987-07-22,811.8,
1987-07-23,811.9,
1987-07-24,811.7,
1987-07-27,811.5,
1987-07-28,811.6,
1987-07-29,811.7,
1987-07-30,811.8,
1987-07-31,811.7,
1987-08-03,811.7,
1987-08-04,812.0,
1987-08-05,812.2,
1987-08-06,812.0,
1987-08-07,812.2,
1987-08-10,812.3,
1987-08-11,812.4,
1987-08-12,812.5,
1987-08-13,812.4,
1987-08-14,812.3,
1987-08-17,812.2,
1987-08-18,812.2,
1987-08-19,811.8,
1987-08-20,811.6,
1987-08-21,811.5,
1987-08-24,811.3,
1987-08-25,811.2,
1987-08-26,811.4,
1987-08-27,811.5,
1987-08-28,811.3,
1987-08-31,811.4,
1987-09-01,811.3,
1987-09-02,811.1,
1987-09-03,810.8,
1987-09-04,810.5,
1987-09-08,810.3,
1987-09-09,810.0,
1987-09-10,810.1,
1987-09-11,810.2,
1987-09-14,810.3,
1987-09-15,810.4,
1987-09-16,810.1,
1987-09-17,809.8,
1987-09-18,809.9,
1987-09-21,809.6,
1987-09-22,809.7,
1987-09-23,809.8,
1987-09-24,809.9,
1987-09-25,809.6,
1987-09-28,809.3,
1987-09-29,809.4,
1987-09-30,809.5,
1987-10-01,809.5,
1987-10-02,809.6,
1987-10-05,809.7,
1987-10-06,809.8,
1987-10-07,809.8,
1987-10-08,809.8,
1987-10-09,809.8,
1987-10-13,809.2,
1987-10-14,809.3,
1987-10-15,809.0,
1987-10-16,808.5,
1987-10-19,808.6,
1987-10-20,808.0,
1987-10-21,808.1,
1987-10-22,808.2,
1987-10-23,808.3,
1987-10-26,807.5,
1987-10-27,807.5,
1987-10-28,806.7,
1987-10-29,805.9,
1987-10-30,805.1,
1987-11-02,805.1,
1987-11-03,804.3,
1987-11-04,804.2,
1987-11-05,804.1,
1987-11-06,803.2,
1987-11-09,803.1,
1987-11-10,802.6,
1987-11-12,802.2,
1987-11-13,802.3,
1987-11-16,802.4,
1987-11-17,802.5,
1987-11-18,802.0,
1987-11-19,801.5,
1987-11-20,801.2,
1987-11-23,801.1,
1987-11-24,800.8,
1987-11-25,800.9,
1987-11-27,800.3,
1987-11-30,800.0,
1987-12-01,799.7,
1987-12-02,799.8,
1987-12-03,799.5,
1987-12-04,799.2,
1987-12-07,799.3,
1987-12-08,799.4,
1987-12-09,799.1,
1987-12-10,798.8,
1987-12-11,798.7,
1987-12-14,798.5,
1987-12-15,798.7,
1987-12-16,798.7,
1987-12-17,798.6,
1987-12-18,798.3,
1987-12-21,798.4,
1987-12-22,798.1,
1987-12-23,797.8,
1987-12-24,797.9,
1987-12-28,797.1,
1987-12-29,796.3,
1987-12-30,795.8,
1987-12-31,795.9,
1988-01-04,795.1,
1988-01-05,795.2,
1988-01-06,795.3,
1988-01-07,795.4,
1988-01-08,795.5,
1988-01-11,794.7,
1988-01-12,793.9,
1988-01-13,793.1,
1988-01-14,791.9,
1988-01-15,791.1,
1988-01-19,791.3,
1988-01-20,790.1,
1988-01-21,788.9,
1988-01-22,788.1,
1988-01-25,788.2,
1988-01-26,788.3,
1988-01-27,787.5,
1988-01-28,786.3,
1988-01-29,785.1,
1988-02-01,785.2,
1988-02-02,785.3,
1988-02-03,784.1,
1988-02-04,783.3,
1988-02-05,783.4,
1988-02-08,783.5,
1988-02-09,783.6,
1988-02-10,781.9,
1988-02-11,780.1,
1988-02-12,778.4,
1988-02-16,776.8,
1988-02-17,775.1,
1988-02-18,775.1,
1988-02-19,773.4,
1988-02-22,771.7,
1988-02-23,769.8,
1988-02-24,767.9,
1988-02-25,767.9,
1988-02-26,766.2,
1988-02-29,764.3,
1988-03-01,764.3,
1988-03-02,764.4,
1988-03-03,764.5,
1988-03-04,764.6,
1988-03-07,763.7,
1988-03-08,762.2,
1988-03-09,760.7,
1988-03-10,760.7,
1988-03-11,759.8,
1988-03-14,758.2,
1988-03-15,757.3,
1988-03-16,757.4,
1988-03-17,756.5,
1988-03-18,756.6,
1988-03-21,755.7,
1988-03-22,754.2,
1988-03-23,754.2,
1988-03-24,753.3,
1988-03-25,751.8,
1988-03-28,750.9,
1988-03-29,749.4,
1988-03-30,749.5,
1988-03-31,749.6,
1988-04-01,748.1,
1988-04-04,746.6,
1988-04-05,746.6,
1988-04-06,746.7,
1988-04-07,746.8,
1988-04-08,746.9,
1988-04-11,746.2,
1988-04-12,746.3,
1988-04-13,746.4,
1988-04-14,746.5,
1988-04-15,745.8,
1988-04-18,744.1,
1988-04-19,744.2,
1988-04-20,744.3,
1988-04-21,743.6,
1988-04-22,743.7,
1988-04-25,743.8,
1988-04-26,743.8,
1988-04-27,743.9,
1988-04-28,744.0,
1988-04-29,743.3,
1988-05-02,743.4,
1988-05-03,743.5,
1988-05-04,743.6,
1988-05-05,743.6,
1988-05-06,742.7,
1988-05-09,741.8,
1988-05-10,740.9,
1988-05-11,740.0,
1988-05-12,739.1,
1988-05-13,739.2,
1988-05-16,738.3,
1988-05-17,738.4,
1988-05-18,738.5,
1988-05-19,738.6,
1988-05-20,737.7,
1988-05-23,737.8,
1988-05-24,736.9,
1988-05-25,735.9,
1988-05-26,736.0,
1988-05-27,736.1,
1988-05-31,736.2,
1988-06-01,736.3,
1988-06-02,736.4,
1988-06-03,736.5,
1988-06-06,735.6,
1988-06-07,734.7,
1988-06-08,733.2,
1988-06-09,732.6,
1988-06-10,731.9,
1988-06-13,731.9,
1988-06-14,732.0,
1988-06-15,732.1,
1988-06-16,732.2,
1988-06-17,731.5,
1988-06-20,731.6,
1988-06-21,731.7,
1988-06-22,731.9,
1988-06-23,731.9,
1988-06-24,732.0,
1988-06-27,732.1,
1988-06-28,732.2,
1988-06-29,731.5,
1988-06-30,731.6,
1988-07-01,731.4,
1988-07-05,731.6,
1988-07-06,730.8,
1988-07-07,730.0,
1988-07-08,729.2,
1988-07-11,729.3,
1988-07-12,729.4,
1988-07-13,728.7,
1988-07-14,728.8,
1988-07-15,728.9,
1988-07-18,729.0,
1988-07-19,729.1,
1988-07-20,728.3,
1988-07-21,727.7,
1988-07-22,727.2,
1988-07-25,726.7,
1988-07-26,726.8,
1988-07-27,726.9,
1988-07-28,727.0,
1988-07-29,726.6,
1988-08-01,726.7,
1988-08-02,726.3,
1988-08-03,726.0,
1988-08-04,726.1,
1988-08-05,726.2,
1988-08-08,726.3,
1988-08-09,726.4,
1988-08-10,726.5,
1988-08-11,726.6,
1988-08-12,726.1,
1988-08-15,725.6,
1988-08-16,725.7,
1988-08-17,725.8,
1988-08-18,725.9,
1988-08-19,725.6,
1988-08-22,725.3,
1988-08-23,725.4,
1988-08-24,725.5,
1988-08-25,725.1,
1988-08-26,724.6,
1988-08-29,724.7,
1988-08-30,724.8,
1988-08-31,724.9,
1988-09-01,725.0,
1988-09-02,725.0,
1988-09-06,724.2,
1988-09-07,723.7,
1988-09-08,723.2,
1988-09-09,723.3,
1988-09-12,722.9,
1988-09-13,723.0,
1988-09-14,722.7,
1988-09-15,722.8,
1988-09-16,722.9,
1988-09-19,722.9,
1988-09-20,722.5,
1988-09-21,722.6,
1988-09-22,722.7,
1988-09-23,722.6,
1988-09-26,722.5,
1988-09-27,722.6,
1988-09-28,722.3,
1988-09-29,721.8,
1988-09-30,721.9,
1988-10-03,721.9,
1988-10-04,721.4,
1988-10-05,720.9,
1988-10-06,721.0,
1988-10-07,720.1,
1988-10-11,717.7,
1988-10-12,716.2,
1988-10-13,714.7,
1988-10-14,713.2,
1988-10-17,711.7,
1988-10-18,710.8,
1988-10-19,710.9,
1988-10-20,710.0,
1988-10-21,708.5,
1988-10-24,707.0,
1988-10-25,707.1,
1988-10-26,707.2,
1988-10-27,705.7,
1988-10-28,704.2,
1988-10-31,704.3,
1988-11-01,702.7,
1988-11-02,702.8,
1988-11-03,701.3,
1988-11-04,700.4,
1988-11-07,700.5,
1988-11-08,699.6,
1988-11-09,699.7,
1988-11-10,698.2,
1988-11-14,695.9,
1988-11-15,696.0,
1988-11-16,695.2,
1988-11-17,694.4,
1988-11-18,693.6,
1988-11-21,693.7,
1988-11-22,692.9,
1988-11-23,692.1,
1988-11-25,690.7,
1988-11-28,690.8,
1988-11-29,690.9,
1988-11-30,690.3,
1988-12-01,689.8,
1988-12-02,689.2,
1988-12-05,688.7,
1988-12-06,688.1,
1988-12-07,688.2,
1988-12-08,688.3,
1988-12-09,687.8,
1988-12-12,687.5,
1988-12-13,687.6,
1988-12-14,687.7,
1988-12-15,687.4,
1988-12-16,687.5,
1988-12-19,687.6,
1988-12-20,687.7,
1988-12-21,687.8,
1988-12-22,687.3,
1988-12-23,687.4,
1988-12-27,687.5,
1988-12-28,687.6,
1988-12-29,687.7,
1988-12-30,687.4,
1989-01-03,686.9,
1989-01-04,686.4,
1989-01-05,686.5,
1989-01-06,686.6,
1989-01-09,686.7,
1989-01-10,686.8,
1989-01-11,686.8,
1989-01-12,686.5,
1989-01-13,685.8,
1989-01-17,686.0,
1989-01-18,685.3,
1989-01-19,685.4,
1989-01-20,685.5,
1989-01-23,684.6,
1989-01-24,683.9,
1989-01-25,683.0,
1989-01-26,683.1,
1989-01-27,683.2,
1989-01-30,683.3,
1989-01-31,683.4,
1989-02-01,683.5,
1989-02-02,683.6,
1989-02-03,682.9,
1989-02-06,683.0,
1989-02-07,683.0,
1989-02-08,683.1,
1989-02-09,682.4,
1989-02-10,681.5,
1989-02-13,680.6,
1989-02-14,680.7,
1989-02-15,679.8,
1989-02-16,678.9,
1989-02-17,679.0,
1989-02-21,678.2,
1989-02-22,678.3,
1989-02-23,677.3,
1989-02-24,677.3,
1989-02-27,676.5,
1989-02-28,675.8,
1989-03-01,675.8,
1989-03-02,675.9,
1989-03-03,676.0,
1989-03-06,675.3,
1989-03-07,675.4,
1989-03-08,675.4,
1989-03-09,675.6,
1989-03-13,675.7,
1989-03-14,675.8,
1989-03-15,675.7,
1989-03-16,675.8,
1989-03-17,675.9,
1989-03-20,676.0,
1989-03-21,676.1,
1989-03-22,676.0,
1989-03-23,675.95,
1989-03-24,675.4,
1989-03-27,675.5,
1989-03-28,675.6,
1989-03-29,675.7,
1989-03-30,675.8,
1989-03-31,674.6,
1989-04-03,673.7,
1989-04-04,672.5,
1989-04-06,671.3,
1989-04-07,670.4,
1989-04-10,670.1,
1989-04-11,670.2,
1989-04-12,670.2,
1989-04-13,670.3,
1989-04-14,670.0,
1989-04-17,670.1,
1989-04-18,669.6,
1989-04-19,669.3,
1989-04-20,669.4,
1989-04-21,668.9,
1989-04-24,668.6,
1989-04-25,668.7,
1989-04-26,668.8,
1989-04-27,668.9,
1989-04-28,668.9,
1989-05-01,669.0,
1989-05-02,669.1,
1989-05-03,669.1,
1989-05-04,669.1,
1989-05-05,669.1,
1989-05-08,669.1,
1989-05-09,669.1,
1989-05-10,669.1,
1989-05-11,669.1,
1989-05-15,669.2,
1989-05-16,669.3,
1989-05-17,669.2,
1989-05-18,669.3,
1989-05-19,669.4,
1989-05-22,669.4,
1989-05-23,669.5,
1989-05-24,669.5,
1989-05-25,669.5,
1989-05-26,669.4,
1989-05-30,669.3,
1989-05-31,669.4,
1989-06-01,669.3,
1989-06-02,669.3,
1989-06-05,669.2,
1989-06-07,669.3,
1989-06-08,669.2,
1989-06-09,669.2,
1989-06-12,669.3,
1989-06-13,669.6,
1989-06-14,669.5,
1989-06-15,669.8,
1989-06-16,669.7,
1989-06-19,669.6,
1989-06-20,669.5,
1989-06-21,669.4,
1989-06-22,669.3,
1989-06-23,669.2,
1989-06-26,669.1,
1989-06-27,669.4,
1989-06-28,669.5,
1989-06-29,669.8,
1989-06-30,669.9,
1989-07-03,669.9,
1989-07-05,669.8,
1989-07-06,669.7,
1989-07-07,669.6,
1989-07-10,669.7,
1989-07-11,669.6,
1989-07-12,669.9,
1989-07-13,669.8,
1989-07-14,669.7,
1989-07-17,670.0,
1989-07-18,670.3,
1989-07-19,670.4,
1989-07-20,670.3,
1989-07-21,670.2,
1989-07-24,670.1,
1989-07-25,670.3,
1989-07-26,667.2,
1989-07-27,670.1,
1989-07-28,670.0,
1989-07-31,670.1,
1989-08-01,670.0,
1989-08-02,669.9,
1989-08-03,670.0,
1989-08-04,670.15,
1989-08-07,670.5,
1989-08-08,670.8,
1989-08-09,670.7,
1989-08-10,670.8,
1989-08-11,670.7,
1989-08-14,671.0,
1989-08-16,671.3,
1989-08-17,671.2,
1989-08-18,673.0,
1989-08-21,671.4,
1989-08-22,671.5,
1989-08-23,671.4,
1989-08-24,671.5,
1989-08-25,671.7,
1989-08-28,671.8,
1989-08-29,671.9,
1989-08-30,671.8,
1989-08-31,671.9,
1989-09-01,672.2,
1989-09-05,672.6,
1989-09-06,672.8,
1989-09-07,672.7,
1989-09-08,672.9,
1989-09-11,673.0,
1989-09-12,673.1,
1989-09-14,673.0,
1989-09-18,673.0,
1989-09-19,672.9,
1989-09-20,672.78,
1989-09-21,672.68,
1989-09-22,672.57,
1989-09-25,672.6,
1989-09-26,672.5,
1989-09-27,672.6,
1989-09-28,672.5,
1989-09-29,672.7,
1989-10-04,672.9,
1989-10-05,673.0,
1989-10-06,673.2,
1989-10-10,673.5,
1989-10-11,673.8,
1989-10-12,674.1,
1989-10-13,674.0,
1989-10-16,673.9,
1989-10-17,673.8,
1989-10-18,674.1,
1989-10-19,674.0,
1989-10-20,673.9,
1989-10-23,674.1,
1989-10-24,674.2,
1989-10-25,674.1,
1989-10-26,674.0,
1989-10-27,674.2,
1989-10-30,674.3,
1989-10-31,674.2,
1989-11-01,674.4,
1989-11-02,674.6,
1989-11-03,674.7,
1989-11-06,674.6,
1989-11-07,674.8,
1989-11-08,674.7,
1989-11-09,674.6,
1989-11-10,674.7,
1989-11-13,674.8,
1989-11-14,675.0,
1989-11-15,674.9,
1989-11-16,674.8,
1989-11-17,674.9,
1989-11-20,675.0,
1989-11-21,675.1,
1989-11-22,675.0,
1989-11-24,675.8,
1989-11-27,675.3,
1989-11-28,675.2,
1989-11-29,675.5,
1989-11-30,675.3,
1989-12-01,675.3,
1989-12-04,675.6,
1989-12-05,675.9,
1989-12-06,676.2,
1989-12-07,676.1,
1989-12-08,676.0,
1989-12-11,676.5,
1989-12-12,676.4,
1989-12-13,676.2,
1989-12-14,676.1,
1989-12-15,677.0,
1989-12-18,677.9,
1989-12-19,677.8,
1989-12-20,678.5,
1989-12-21,679.4,
1989-12-22,679.3,
1989-12-26,680.1,
1989-12-27,680.8,
1989-12-28,680.6,
1989-12-29,681.4,
1990-01-03,683.5,
1990-01-04,684.2,
1990-01-05,683.7,
1990-01-08,683.6,
1990-01-09,684.0,
1990-01-10,684.7,
1990-01-11,685.2,
1990-01-12,685.6,
1990-01-16,685.7,
1990-01-17,686.6,
1990-01-18,686.5,
1990-01-19,687.2,
1990-01-22,687.9,
1990-01-23,688.4,
1990-01-24,687.9,
1990-01-25,687.8,
1990-01-29,687.7,
1990-01-30,688.3,
1990-01-31,689.0,
1990-02-01,689.5,
1990-02-02,690.1,
1990-02-05,690.8,
1990-02-06,690.7,
1990-02-07,690.5,
1990-02-08,691.0,
1990-02-09,691.8,
1990-02-12,691.7,
1990-02-13,691.6,
1990-02-14,692.4,
1990-02-15,692.3,
1990-02-16,692.8,
1990-02-20,693.1,
1990-02-21,693.1,
1990-02-22,693.5,
1990-02-23,694.3,
1990-02-26,695.1,
1990-02-27,696.0,
1990-02-28,696.7,
1990-03-02,696.7,
1990-03-05,695.9,
1990-03-06,697.4,
1990-03-07,698.3,
1990-03-08,699.6,
1990-03-09,700.8,
1990-03-12,701.1,
1990-03-13,701.4,
1990-03-14,701.3,
1990-03-15,700.9,
1990-03-16,699.9,
1990-03-19,699.0,
1990-03-20,699.7,
1990-03-21,700.1,
1990-03-22,700.5,
1990-03-23,700.9,
1990-03-26,702.2,
1990-03-27,703.8,
1990-03-28,704.1,
1990-03-29,703.1,
1990-03-30,703.7,
1990-04-02,704.9,
1990-04-03,706.6,
1990-04-04,708.4,
1990-04-05,708.4,
1990-04-06,709.0,
1990-04-09,709.4,
1990-04-10,709.7,
1990-04-11,709.8,
1990-04-12,709.0,
1990-04-13,709.2,
1990-04-16,709.3,
1990-04-17,709.7,
1990-04-18,709.9,
1990-04-19,709.8,
1990-04-20,708.5,
1990-04-23,707.9,
1990-04-24,707.9,
1990-04-25,708.4,
1990-04-26,709.0,
1990-04-27,709.4,
1990-04-30,709.8,
1990-05-01,709.2,
1990-05-03,708.6,
1990-05-04,708.3,
1990-05-07,708.6,
1990-05-08,710.1,
1990-05-09,710.7,
1990-05-10,710.3,
1990-05-11,710.4,
1990-05-14,710.5,
1990-05-15,710.9,
1990-05-16,711.3,
1990-05-17,711.7,
1990-05-18,712.0,
1990-05-21,712.8,
1990-05-22,714.5,
1990-05-23,714.8,
1990-05-24,714.3,
1990-05-25,714.6,
1990-05-29,714.8,
1990-05-30,715.3,
1990-05-31,715.1,
1990-06-01,714.1,
1990-06-04,714.3,
1990-06-05,715.9,
1990-06-06,715.9,
1990-06-07,716.5,
1990-06-08,717.1,
1990-06-11,717.9,
1990-06-12,718.7,
1990-06-13,719.0,
1990-06-14,718.9,
1990-06-15,718.6,
1990-06-18,719.0,
1990-06-19,719.5,
1990-06-20,719.3,
1990-06-21,718.9,
1990-06-22,719.0,
1990-06-25,719.6,
1990-06-26,719.6,
1990-06-27,719.4,
1990-06-28,719.3,
1990-06-29,719.0,
1990-07-02,718.8,
1990-07-03,718.3,
1990-07-05,718.7,
1990-07-06,718.8,
1990-07-09,719.6,
1990-07-10,720.3,
1990-07-11,720.2,
1990-07-12,719.7,
1990-07-13,718.8,
1990-07-16,718.8,
1990-07-18,718.7,
1990-07-19,718.4,
1990-07-20,718.2,
1990-07-23,718.4,
1990-07-24,718.4,
1990-07-25,718.4,
1990-07-26,718.2,
1990-07-27,718.2,
1990-07-30,718.1,
1990-07-31,717.9,
1990-08-01,716.9,
1990-08-02,716.3,
1990-08-03,716.2,
1990-08-06,717.1,
1990-08-07,717.9,
1990-08-08,718.3,
1990-08-09,717.8,
1990-08-10,718.2,
1990-08-13,719.1,
1990-08-14,719.9,
1990-08-16,719.7,
1990-08-17,720.5,
1990-08-20,720.3,
1990-08-21,719.4,
1990-08-22,719.0,
1990-08-23,718.3,
1990-08-24,718.5,
1990-08-27,718.7,
1990-08-28,718.0,
1990-08-29,717.6,
1990-08-30,717.2,
1990-08-31,716.8,
1990-09-04,716.2,
1990-09-05,716.9,
1990-09-06,717.8,
1990-09-07,718.6,
1990-09-10,719.1,
1990-09-11,719.0,
1990-09-12,718.1,
1990-09-13,718.3,
1990-09-14,718.8,
1990-09-17,719.3,
1990-09-18,719.3,
1990-09-19,718.4,
1990-09-20,717.9,
1990-09-21,718.0,
1990-09-24,718.0,
1990-09-25,717.1,
1990-09-26,716.7,
1990-09-27,716.3,
1990-09-28,715.8,
1990-10-01,715.7,
1990-10-05,715.7,
1990-10-10,716.7,
1990-10-11,717.1,
1990-10-12,717.3,
1990-10-15,718.0,
1990-10-16,718.8,
1990-10-17,718.4,
1990-10-18,717.6,
1990-10-19,718.3,
1990-10-22,718.8,
1990-10-23,718.8,
1990-10-24,719.7,
1990-10-25,719.3,
1990-10-26,718.5,
1990-10-29,717.6,
1990-10-30,716.8,
1990-10-31,716.6,
1990-11-01,716.4,
1990-11-02,716.7,
1990-11-05,717.4,
1990-11-06,718.2,
1990-11-07,718.3,
1990-11-08,718.3,
1990-11-09,718.1,
1990-11-13,717.9,
1990-11-14,717.3,
1990-11-15,716.8,
1990-11-16,716.5,
1990-11-19,717.0,
1990-11-20,717.0,
1990-11-21,717.2,
1990-11-23,717.4,
1990-11-26,716.8,
1990-11-27,716.1,
1990-11-28,715.7,
1990-11-29,715.6,
1990-11-30,715.9,
1990-12-03,715.8,
1990-12-04,715.2,
1990-12-05,716.0,
1990-12-06,716.8,
1990-12-07,717.1,
1990-12-10,717.7,
1990-12-11,718.3,
1990-12-12,718.3,
1990-12-13,718.5,
1990-12-14,719.1,
1990-12-17,719.8,
1990-12-18,720.2,
1990-12-19,720.2,
1990-12-20,720.3,
1990-12-21,719.7,
1990-12-24,719.2,
1990-12-26,719.9,
1990-12-27,720.4,
1990-12-28,719.8,
1990-12-31,719.2,
1991-01-03,719.5,
1991-01-04,718.8,
1991-01-07,719.5,
1991-01-08,719.9,
1991-01-09,720.2,
1991-01-10,720.3,
1991-01-11,718.1,
1991-01-14,720.6,
1991-01-15,721.1,
1991-01-16,721.3,
1991-01-17,721.3,
1991-01-18,721.4,
1991-01-22,721.8,
1991-01-23,722.2,
1991-01-24,722.3,
1991-01-25,721.6,
1991-01-28,721.2,
1991-01-29,721.6,
1991-01-30,722.0,
1991-01-31,721.8,
1991-02-01,721.5,
1991-02-04,722.2,
1991-02-05,723.0,
1991-02-06,722.9,
1991-02-07,721.4,
1991-02-08,723.9,
1991-02-11,724.8,
1991-02-12,721.4,
1991-02-13,721.4,
1991-02-19,724.1,
1991-02-20,725.0,
1991-02-21,724.4,
1991-02-22,724.8,
1991-02-25,725.7,
1991-02-26,726.6,
1991-02-27,727.2,
1991-02-28,727.2,
1991-03-04,727.0,
1991-03-05,727.9,
1991-03-06,727.7,
1991-03-07,727.5,
1991-03-08,727.6,
1991-03-11,727.6,
1991-03-12,725.4,
1991-03-13,725.1,
1991-03-14,728.1,
1991-03-15,727.9,
1991-03-18,728.3,
1991-03-19,728.7,
1991-03-20,728.9,
1991-03-21,728.6,
1991-03-22,728.1,
1991-03-25,728.4,
1991-03-27,728.6,
1991-03-28,728.2,
1991-03-29,727.3,
1991-04-01,727.5,
1991-04-02,727.9,
1991-04-03,728.2,
1991-04-04,728.2,
1991-04-08,728.6,
1991-04-09,729.0,
1991-04-10,729.0,
1991-04-11,728.7,
1991-04-12,728.7,
1991-04-15,729.0,
1991-04-16,729.3,
1991-04-17,728.9,
1991-04-18,728.0,
1991-04-19,727.6,
1991-04-22,728.4,
1991-04-23,729.1,
1991-04-24,728.7,
1991-04-25,727.7,
1991-04-26,727.5,
1991-04-29,727.5,
1991-04-30,728.0,
1991-05-01,727.3,
1991-05-02,727.3,
1991-05-03,726.4,
1991-05-06,725.8,
1991-05-07,726.3,
1991-05-08,727.0,
1991-05-09,727.2,
1991-05-10,728.9,
1991-05-13,729.8,
1991-05-14,730.4,
1991-05-15,730.7,
1991-05-16,729.6,
1991-05-17,728.5,
1991-05-20,728.3,
1991-05-22,728.8,
1991-05-23,729.6,
1991-05-24,728.9,
1991-05-28,728.0,
1991-05-29,727.2,
1991-05-30,726.0,
1991-05-31,725.8,
1991-06-03,725.4,
1991-06-04,726.6,
1991-06-05,728.9,
1991-06-07,728.7,
1991-06-10,728.9,
1991-06-11,729.9,
1991-06-12,729.4,
1991-06-13,722.9,
1991-06-14,726.8,
1991-06-17,726.1,
1991-06-18,728.4,
1991-06-19,728.4,
1991-06-21,728.0,
1991-06-24,723.9,
1991-06-25,731.4,
1991-06-26,732.1,
1991-06-27,730.3,
1991-06-28,727.4,
1991-07-01,725.9,
1991-07-02,728.1,
1991-07-03,730.3,
1991-07-05,731.7,
1991-07-08,732.5,
1991-07-09,733.2,
1991-07-10,734.1,
1991-07-11,734.3,
1991-07-12,734.5,
1991-07-15,734.4,
1991-07-16,734.8,
1991-07-17,734.8,
1991-07-18,734.5,
1991-07-19,731.1,
1991-07-22,734.2,
1991-07-23,733.5,
1991-07-24,732.4,
1991-07-25,730.0,
1991-07-26,728.0,
1991-07-29,728.4,
1991-07-30,729.1,
1991-07-31,729.0,
1991-08-01,728.7,
1991-08-02,729.4,
1991-08-05,729.6,
1991-08-06,730.9,
1991-08-07,731.0,
1991-08-08,730.9,
1991-08-09,731.7,
1991-08-12,732.8,
1991-08-13,735.1,
1991-08-14,736.8,
1991-08-15,736.8,
1991-08-16,736.8,
1991-08-19,734.2,
1991-08-20,737.3,
1991-08-21,736.5,
1991-08-22,734.1,
1991-08-23,733.7,
1991-08-26,734.8,
1991-08-27,736.1,
1991-08-28,735.9,
1991-08-29,736.1,
1991-08-30,736.7,
1991-09-03,740.2,
1991-09-04,744.2,
1991-09-05,743.8,
1991-09-06,743.4,
1991-09-09,744.6,
1991-09-10,746.2,
1991-09-11,744.9,
1991-09-12,743.9,
1991-09-13,744.6,
1991-09-16,745.3,
1991-09-17,745.5,
1991-09-18,741.7,
1991-09-19,739.7,
1991-09-20,742.0,
1991-09-24,745.2,
1991-09-25,747.0,
1991-09-26,744.9,
1991-09-27,746.4,
1991-09-30,745.9,
1991-10-01,746.0,
1991-10-02,747.5,
1991-10-07,751.4,
1991-10-08,755.4,
1991-10-09,755.4,
1991-10-10,755.0,
1991-10-11,755.2,
1991-10-15,754.6,
1991-10-16,754.3,
1991-10-17,754.0,
1991-10-18,754.7,
1991-10-21,753.9,
1991-10-22,752.6,
1991-10-23,752.5,
1991-10-24,754.5,
1991-10-25,754.8,
1991-10-28,754.9,
1991-10-29,754.7,
1991-10-30,754.6,
1991-10-31,754.8,
1991-11-01,756.4,
1991-11-04,757.3,
1991-11-05,757.7,
1991-11-06,756.2,
1991-11-07,756.0,
1991-11-08,756.8,
1991-11-12,756.6,
1991-11-13,756.7,
1991-11-14,755.8,
1991-11-15,756.4,
1991-11-18,757.0,
1991-11-19,757.4,
1991-11-20,757.3,
1991-11-21,758.5,
1991-11-22,759.3,
1991-11-25,759.4,
1991-11-26,758.9,
1991-11-27,758.6,
1991-11-29,759.0,
1991-12-02,759.0,
1991-12-03,758.9,
1991-12-04,758.7,
1991-12-05,759.1,
1991-12-06,759.6,
1991-12-09,759.5,
1991-12-10,760.4,
1991-12-11,761.0,
1991-12-12,761.4,
1991-12-13,761.1,
1991-12-16,761.8,
1991-12-17,762.5,
1991-12-18,762.7,
1991-12-19,762.7,
1991-12-20,762.9,
1991-12-23,763.2,
1991-12-24,763.5,
1991-12-26,763.3,
1991-12-27,764.0,
1991-12-30,764.7,
1991-12-31,765.3,
1992-01-02,765.3,
1992-01-03,765.3,
1992-01-06,763.5,
1992-01-07,763.8,
1992-01-08,765.5,
1992-01-09,766.1,
1992-01-10,767.1,
1992-01-13,766.9,
1992-01-14,767.5,
1992-01-15,767.5,
1992-01-16,767.7,
1992-01-17,767.9,
1992-01-21,768.2,
1992-01-22,768.8,
1992-01-23,769.0,
1992-01-24,769.1,
1992-01-27,769.0,
1992-01-28,769.0,
1992-01-29,768.1,
1992-01-30,767.1,
1992-01-31,766.5,
1992-02-03,766.8,
1992-02-05,766.8,
1992-02-06,766.8,
1992-02-07,768.3,
1992-02-10,768.8,
1992-02-11,769.5,
1992-02-12,769.5,
1992-02-13,768.5,
1992-02-14,768.8,
1992-02-18,769.9,
1992-02-19,770.9,
1992-02-20,771.0,
1992-02-21,772.0,
1992-02-24,772.5,
1992-02-25,772.8,
1992-02-26,771.6,
1992-02-27,771.9,
1992-02-28,772.4,
1992-03-02,772.4,
1992-03-03,773.2,
1992-03-04,772.8,
1992-03-05,772.9,
1992-03-06,772.9,
1992-03-09,772.8,
1992-03-11,773.6,
1992-03-12,774.1,
1992-03-13,774.6,
1992-03-16,775.3,
1992-03-17,776.0,
1992-03-18,775.7,
1992-03-19,777.0,
1992-03-20,778.0,
1992-03-23,777.9,
1992-03-25,778.4,
1992-03-26,778.6,
1992-03-27,778.6,
1992-03-30,779.0,
1992-03-31,779.7,
1992-04-01,779.6,
1992-04-02,779.6,
1992-04-03,779.6,
1992-04-06,780.3,
1992-04-07,781.5,
1992-04-08,783.0,
1992-04-09,782.9,
1992-04-10,784.0,
1992-04-13,784.3,
1992-04-14,784.9,
1992-04-15,785.2,
1992-04-16,785.1,
1992-04-17,784.3,
1992-04-20,782.2,
1992-04-21,782.4,
1992-04-22,783.9,
1992-04-23,784.7,
1992-04-24,784.5,
1992-04-27,783.2,
1992-04-28,783.6,
1992-04-29,783.9,
1992-04-30,783.4,
1992-05-01,783.0,
1992-05-04,783.1,
1992-05-06,785.2,
1992-05-07,786.9,
1992-05-08,787.0,
1992-05-11,787.3,
1992-05-12,788.1,
1992-05-13,786.7,
1992-05-14,787.1,
1992-05-15,787.8,
1992-05-18,788.3,
1992-05-19,789.4,
1992-05-20,788.1,
1992-05-21,787.5,
1992-05-22,788.7,
1992-05-26,789.6,
1992-05-27,790.1,
1992-05-28,787.9,
1992-05-29,787.9,
1992-06-01,788.2,
1992-06-02,789.8,
1992-06-03,790.9,
1992-06-04,791.1,
1992-06-05,792.0,
1992-06-08,792.4,
1992-06-09,792.3,
1992-06-10,791.8,
1992-06-11,793.5,
1992-06-12,794.0,
1992-06-15,794.0,
1992-06-16,794.3,
1992-06-17,795.0,
1992-06-18,795.6,
1992-06-19,796.1,
1992-06-22,796.1,
1992-06-23,796.3,
1992-06-24,795.3,
1992-06-25,795.6,
1992-06-26,795.1,
1992-06-29,794.9,
1992-06-30,794.9,
1992-07-01,793.2,
1992-07-02,791.2,
1992-07-03,789.4,
1992-07-06,788.8,
1992-07-07,789.9,
1992-07-08,789.3,
1992-07-09,789.6,
1992-07-10,783.7,
1992-07-13,790.2,
1992-07-14,790.5,
1992-07-15,790.8,
1992-07-16,791.0,
1992-07-20,789.5,
1992-07-21,789.8,
1992-07-22,790.0,
1992-07-23,789.7,
1992-07-24,789.9,
1992-07-27,790.5,
1992-07-28,791.4,
1992-07-29,791.3,
1992-07-30,787.5,
1992-07-31,791.2,
1992-08-03,790.3,
1992-08-04,791.8,
1992-08-05,792.7,
1992-08-06,792.3,
1992-08-07,792.3,
1992-08-10,791.9,
1992-08-11,793.4,
1992-08-12,793.1,
1992-08-13,792.7,
1992-08-14,793.3,
1992-08-17,793.8,
1992-08-18,794.7,
1992-08-19,794.6,
1992-08-20,793.8,
1992-08-21,793.8,
1992-08-24,793.9,
1992-08-25,793.3,
1992-08-26,791.6,
1992-08-27,789.9,
1992-08-28,789.9,
1992-08-31,790.7,
1992-09-01,788.9,
1992-09-02,788.3,
1992-09-03,788.6,
1992-09-04,789.2,
1992-09-08,788.1,
1992-09-14,787.4,
1992-09-15,789.1,
1992-09-16,789.1,
1992-09-17,787.6,
1992-09-18,787.4,
1992-09-21,787.7,
1992-09-22,788.8,
1992-09-23,789.1,
1992-09-24,789.1,
1992-09-25,789.2,
1992-09-28,789.5,
1992-09-29,790.9,
1992-09-30,789.7,
1992-10-01,788.3,
1992-10-02,787.8,
1992-10-05,788.7,
1992-10-06,789.7,
1992-10-07,787.9,
1992-10-08,787.0,
1992-10-09,787.3,
1992-10-13,787.8,
1992-10-14,787.4,
1992-10-15,786.2,
1992-10-16,785.9,
1992-10-19,786.1,
1992-10-20,785.5,
1992-10-21,785.1,
1992-10-22,786.0,
1992-10-23,785.9,
1992-10-26,785.8,
1992-10-27,786.4,
1992-10-28,786.5,
1992-10-29,785.7,
1992-10-30,785.6,
1992-11-02,785.5,
1992-11-03,785.2,
1992-11-04,785.1,
1992-11-05,785.1,
1992-11-06,785.2,
1992-11-09,785.1,
1992-11-10,785.6,
1992-11-12,785.5,
1992-11-13,785.2,
1992-11-16,785.5,
1992-11-17,786.5,
1992-11-18,788.2,
1992-11-19,789.5,
1992-11-20,789.3,
1992-11-23,790.6,
1992-11-24,791.4,
1992-11-25,789.6,
1992-11-27,788.5,
1992-11-30,788.2,
1992-12-01,787.8,
1992-12-02,788.4,
1992-12-03,789.1,
1992-12-04,788.5,
1992-12-07,789.4,
1992-12-08,791.1,
1992-12-09,792.4,
1992-12-10,792.6,
1992-12-11,792.2,
1992-12-14,793.3,
1992-12-15,794.1,
1992-12-16,793.6,
1992-12-17,792.4,
1992-12-18,792.4,
1992-12-21,791.9,
1992-12-22,794.0,
1992-12-23,793.7,
1992-12-24,792.5,
1992-12-28,792.3,
1992-12-29,792.8,
1992-12-30,792.4,
1992-12-31,791.5,
1993-01-04,789.7,
1993-01-05,791.3,
1993-01-06,793.4,
1993-01-07,794.2,
1993-01-08,795.0,
1993-01-11,795.6,
1993-01-12,795.1,
1993-01-13,794.2,
1993-01-14,795.3,
1993-01-15,796.4,
1993-01-19,795.8,
1993-01-20,794.2,
1993-01-21,794.5,
1993-01-25,795.6,
1993-01-26,797.3,
1993-01-27,797.4,
1993-01-28,796.5,
1993-01-29,796.2,
1993-02-01,797.1,
1993-02-02,798.9,
1993-02-03,799.3,
1993-02-04,799.1,
1993-02-05,799.1,
1993-02-08,800.5,
1993-02-09,801.1,
1993-02-10,800.8,
1993-02-11,799.7,
1993-02-12,795.6,
1993-02-16,799.8,
1993-02-17,800.2,
1993-02-18,799.7,
1993-02-19,799.9,
1993-02-22,800.0,
1993-02-23,799.4,
1993-02-24,798.6,
1993-02-25,798.4,
1993-02-26,798.6,
1993-03-01,798.0,
1993-03-02,798.0,
1993-03-03,797.5,
1993-03-04,797.6,
1993-03-05,796.5,
1993-03-08,795.9,
1993-03-09,795.9,
1993-03-10,795.9,
1993-03-11,795.2,
1993-03-12,796.6,
1993-03-15,796.8,
1993-03-16,795.3,
1993-03-17,795.4,
1993-03-18,796.0,
1993-03-19,795.8,
1993-03-22,796.0,
1993-03-23,796.0,
1993-03-24,796.2,
1993-03-25,796.2,
1993-03-26,796.4,
1993-03-29,796.4,
1993-03-30,796.9,
1993-03-31,797.1,
1993-04-01,797.1,
1993-04-02,798.3,
1993-04-05,798.7,
1993-04-06,798.7,
1993-04-07,799.6,
1993-04-08,799.3,
1993-04-09,799.1,
1993-04-12,798.9,
1993-04-13,799.0,
1993-04-14,798.8,
1993-04-15,792.9,
1993-04-16,799.0,
1993-04-19,798.8,
1993-04-20,799.1,
1993-04-21,798.9,
1993-04-22,798.7,
1993-04-23,799.1,
1993-04-26,799.1,
1993-04-27,799.2,
1993-04-28,799.2,
1993-04-29,799.0,
1993-04-30,799.0,
1993-05-03,799.1,
1993-05-04,799.9,
1993-05-06,799.9,
1993-05-07,800.4,
1993-05-10,801.4,
1993-05-11,802.6,
1993-05-12,803.5,
1993-05-13,802.5,
1993-05-14,803.0,
1993-05-17,804.9,
1993-05-18,805.1,
1993-05-19,804.3,
1993-05-20,805.4,
1993-05-21,805.8,
1993-05-24,805.0,
1993-05-25,804.4,
1993-05-26,804.5,
1993-05-27,804.5,
1993-05-28,804.5,
1993-06-01,805.4,
1993-06-02,806.5,
1993-06-03,806.1,
1993-06-04,806.9,
1993-06-07,807.0,
1993-06-08,806.4,
1993-06-09,806.1,
1993-06-10,805.0,
1993-06-11,804.5,
1993-06-14,804.4,
1993-06-15,804.7,
1993-06-16,805.2,
1993-06-17,805.1,
1993-06-18,805.2,
1993-06-21,805.4,
1993-06-22,806.6,
1993-06-23,807.4,
1993-06-24,806.4,
1993-06-25,805.8,
1993-06-28,806.1,
1993-06-29,807.0,
1993-06-30,806.9,
1993-07-01,806.4,
1993-07-02,806.3,
1993-07-06,807.6,
1993-07-07,807.6,
1993-07-08,807.3,
1993-07-09,807.6,
1993-07-12,808.3,
1993-07-13,809.4,
1993-07-14,809.1,
1993-07-15,809.4,
1993-07-16,810.7,
1993-07-19,811.0,
1993-07-20,812.0,
1993-07-21,811.2,
1993-07-22,811.0,
1993-07-23,811.7,
1993-07-26,811.9,
1993-07-27,812.2,
1993-07-28,810.8,
1993-07-29,809.9,
1993-07-30,809.8,
1993-08-02,809.8,
1993-08-03,809.9,
1993-08-04,809.5,
1993-08-05,809.2,
1993-08-06,809.7,
1993-08-09,811.4,
1993-08-10,812.3,
1993-08-11,811.1,
1993-08-12,812.3,
1993-08-13,813.1,
1993-08-16,812.4,
1993-08-17,813.6,
1993-08-18,813.6,
1993-08-19,813.1,
1993-08-20,813.8,
1993-08-23,814.1,
1993-08-24,813.9,
1993-08-25,812.9,
1993-08-26,812.2,
1993-08-27,811.5,
1993-08-30,811.7,
1993-08-31,811.6,
1993-09-01,811.3,
1993-09-02,811.5,
1993-09-03,810.6,
1993-09-07,811.5,
1993-09-08,811.3,
1993-09-09,810.6,
1993-09-10,810.5,
1993-09-13,810.7,
1993-09-14,811.8,
1993-09-15,812.0,
1993-09-16,811.9,
1993-09-17,812.2,
1993-09-20,813.3,
1993-09-21,814.3,
1993-09-22,812.9,
1993-09-23,812.1,
1993-09-24,812.1,
1993-09-27,812.1,
1993-09-28,812.0,
1993-09-29,812.0,
1993-09-30,812.0,
1993-10-01,812.0,
1993-10-04,812.3,
1993-10-05,815.2,
1993-10-06,816.3,
1993-10-07,815.3,
1993-10-08,814.6,
1993-10-12,815.4,
1993-10-13,814.6,
1993-10-14,813.8,
1993-10-15,813.6,
1993-10-18,813.5,
1993-10-19,812.7,
1993-10-20,812.8,
1993-10-21,812.7,
1993-10-22,812.4,
1993-10-25,812.3,
1993-10-26,812.2,
1993-10-27,812.6,
1993-10-28,812.6,
1993-10-29,812.1,
1993-11-01,811.4,
1993-11-02,810.8,
1993-11-03,810.5,
1993-11-04,810.5,
1993-11-05,810.3,
1993-11-08,810.4,
1993-11-09,804.5,
1993-11-10,804.5,
1993-11-12,808.6,
1993-11-15,809.1,
1993-11-16,810.1,
1993-11-17,810.8,
1993-11-18,811.3,
1993-11-19,810.7,
1993-11-22,809.5,
1993-11-23,809.8,
1993-11-24,810.3,
1993-11-26,810.9,
1993-11-29,811.0,
1993-11-30,810.8,
1993-12-01,811.0,
1993-12-02,811.4,
1993-12-03,812.0,
1993-12-06,812.5,
1993-12-07,812.4,
1993-12-08,812.6,
1993-12-09,812.6,
1993-12-10,812.5,
1993-12-13,812.4,
1993-12-14,813.1,
1993-12-15,814.0,
1993-12-16,813.9,
1993-12-17,813.6,
1993-12-20,813.6,
1993-12-21,814.8,
1993-12-22,814.9,
1993-12-23,813.7,
1993-12-24,811.5,
1993-12-27,811.0,
1993-12-28,811.3,
1993-12-29,811.4,
1993-12-30,811.6,
1993-12-31,811.3,
1994-01-03,810.4,
1994-01-04,811.3,
1994-01-05,812.2,
1994-01-06,814.5,
1994-01-07,816.2,
1994-01-10,816.6,
1994-01-11,815.2,
1994-01-12,814.9,
1994-01-13,814.5,
1994-01-14,814.2,
1994-01-18,815.5,
1994-01-19,815.2,
1994-01-20,813.8,
1994-01-21,813.7,
1994-01-24,813.4,
1994-01-25,812.2,
1994-01-26,812.3,
1994-01-27,811.9,
1994-01-28,811.6,
1994-01-31,811.3,
1994-02-01,812.0,
1994-02-02,811.1,
1994-02-03,810.9,
1994-02-04,810.8,
1994-02-07,809.4,
1994-02-08,811.9,
1994-02-09,811.9,
1994-02-10,811.9,
1994-02-11,811.9,
1994-02-14,814.2,
1994-02-15,815.6,
1994-02-16,814.0,
1994-02-17,814.2,
1994-02-18,813.7,
1994-02-22,812.6,
1994-02-23,812.5,
1994-02-24,811.5,
1994-02-25,811.3,
1994-02-28,811.2,
1994-03-01,811.2,
1994-03-02,811.8,
1994-03-03,810.3,
1994-03-04,810.6,
1994-03-07,810.2,
1994-03-08,809.5,
1994-03-09,812.0,
1994-03-10,811.8,
1994-03-11,810.8,
1994-03-14,809.6,
1994-03-15,810.2,
1994-03-16,810.4,
1994-03-17,809.7,
1994-03-18,809.5,
1994-03-21,810.0,
1994-03-22,810.4,
1994-03-23,810.7,
1994-03-24,811.2,
1994-03-25,811.2,
1994-03-28,812.2,
1994-03-29,812.0,
1994-03-30,810.8,
1994-03-31,809.7,
1994-04-01,810.4,
1994-04-04,811.1,
1994-04-05,811.1,
1994-04-06,813.0,
1994-04-07,812.5,
1994-04-08,812.4,
1994-04-11,814.3,
1994-04-12,813.5,
1994-04-13,813.5,
1994-04-14,812.6,
1994-04-15,812.4,
1994-04-18,812.0,
1994-04-19,812.2,
1994-04-20,811.6,
1994-04-21,810.6,
1994-04-22,810.6,
1994-04-25,810.4,
1994-04-26,810.6,
1994-04-27,810.4,
1994-04-28,810.2,
1994-04-29,810.5,
1994-05-02,810.7,
1994-05-03,811.1,
1994-05-04,810.3,
1994-05-05,810.3,
1994-05-06,809.2,
1994-05-09,809.6,
1994-05-10,811.5,
1994-05-11,810.0,
1994-05-12,809.4,
1994-05-13,809.1,
1994-05-16,809.2,
1994-05-17,809.5,
1994-05-18,809.5,
1994-05-19,809.4,
1994-05-20,809.6,
1994-05-23,809.7,
1994-05-24,809.3,
1994-05-25,809.4,
1994-05-26,809.7,
1994-05-27,809.8,
1994-05-31,809.3,
1994-06-01,809.3,
1994-06-02,809.7,
1994-06-03,809.6,
1994-06-06,809.5,
1994-06-07,809.5,
1994-06-08,809.6,
1994-06-09,809.5,
1994-06-10,809.5,
1994-06-13,809.5,
1994-06-14,809.9,
1994-06-15,810.2,
1994-06-16,810.0,
1994-06-17,809.5,
1994-06-20,810.0,
1994-06-21,811.7,
1994-06-22,812.1,
1994-06-23,810.2,
1994-06-24,809.4,
1994-06-27,809.6,
1994-06-28,810.4,
1994-06-29,809.6,
1994-06-30,808.7,
1994-07-01,808.3,
1994-07-05,809.5,
1994-07-06,809.7,
1994-07-07,808.9,
1994-07-08,809.1,
1994-07-11,808.8,
1994-07-12,809.0,
1994-07-13,809.3,
1994-07-14,809.1,
1994-07-15,809.6,
1994-07-18,810.2,
1994-07-19,810.5,
1994-07-20,809.2,
1994-07-21,808.5,
1994-07-22,808.3,
1994-07-25,807.1,
1994-07-26,805.8,
1994-07-27,805.8,
1994-07-28,805.6,
1994-07-29,805.5,
1994-08-01,805.8,
1994-08-02,806.0,
1994-08-03,805.8,
1994-08-04,805.9,
1994-08-05,805.8,
1994-08-08,805.9,
1994-08-09,806.9,
1994-08-10,808.0,
1994-08-11,807.8,
1994-08-12,807.5,
1994-08-15,809.0,
1994-08-16,809.0,
1994-08-17,809.3,
1994-08-18,807.9,
1994-08-19,806.9,
1994-08-22,807.5,
1994-08-23,807.2,
1994-08-24,806.8,
1994-08-25,805.7,
1994-08-26,805.4,
1994-08-29,805.3,
1994-08-30,804.8,
1994-08-31,806.9,
1994-09-01,803.3,
1994-09-02,803.7,
1994-09-06,804.4,
1994-09-07,804.4,
1994-09-08,804.7,
1994-09-09,804.5,
1994-09-12,804.0,
1994-09-13,803.7,
1994-09-14,803.2,
1994-09-15,803.4,
1994-09-16,803.2,
1994-09-19,802.8,
1994-09-20,802.8,
1994-09-21,802.8,
1994-09-22,802.8,
1994-09-23,804.1,
1994-09-26,805.7,
1994-09-27,806.0,
1994-09-28,803.8,
1994-09-29,802.2,
1994-09-30,802.0,
1994-10-03,801.3,
1994-10-04,801.3,
1994-10-05,803.4,
1994-10-06,803.6,
1994-10-07,801.9,
1994-10-11,802.2,
1994-10-12,803.4,
1994-10-13,803.8,
1994-10-14,802.3,
1994-10-17,801.9,
1994-10-18,803.2,
1994-10-19,802.9,
1994-10-20,801.9,
1994-10-21,802.1,
1994-10-24,801.5,
1994-10-25,800.6,
1994-10-26,801.1,
1994-10-27,800.7,
1994-10-28,800.4,
1994-10-31,800.0,
1994-11-01,800.2,
1994-11-02,800.3,
1994-11-03,800.5,
1994-11-04,800.4,
1994-11-07,800.3,
1994-11-08,800.1,
1994-11-09,800.9,
1994-11-10,800.1,
1994-11-14,800.2,
1994-11-15,800.1,
1994-11-16,799.7,
1994-11-17,799.4,
1994-11-18,799.3,
1994-11-21,799.1,
1994-11-22,798.8,
1994-11-23,798.5,
1994-11-25,798.3,
1994-11-28,798.0,
1994-11-29,797.5,
1994-11-30,797.4,
1994-12-01,797.6,
1994-12-02,797.1,
1994-12-05,795.3,
1994-12-06,794.9,
1994-12-07,794.4,
1994-12-08,794.2,
1994-12-09,794.4,
1994-12-12,794.7,
1994-12-13,795.8,
1994-12-14,795.8,
1994-12-15,796.0,
1994-12-16,796.3,
1994-12-19,790.6,
1994-12-20,796.2,
1994-12-21,795.2,
1994-12-22,794.6,
1994-12-23,794.3,
1994-12-27,794.2,
1994-12-28,793.6,
1994-12-29,793.2,
1994-12-30,792.7,
1995-01-03,791.8,
1995-01-04,791.6,
1995-01-05,792.4,
1995-01-06,792.7,
1995-01-09,793.4,
1995-01-10,794.1,
1995-01-11,794.3,
1995-01-12,793.3,
1995-01-13,793.1,
1995-01-17,795.8,
1995-01-18,795.1,
1995-01-19,795.6,
1995-01-20,795.5,
1995-01-23,795.6,
1995-01-24,795.4,
1995-01-25,793.2,
1995-01-26,790.5,
1995-01-27,788.4,
1995-01-30,789.9,
1995-01-31,789.8,
1995-02-01,789.8,
1995-02-02,789.8,
1995-02-03,792.0,
1995-02-06,794.7,
1995-02-07,795.2,
1995-02-08,793.0,
1995-02-09,793.4,
1995-02-10,793.9,
1995-02-13,796.6,
1995-02-14,796.3,
1995-02-15,794.1,
1995-02-16,794.4,
1995-02-17,797.5,
1995-02-21,795.9,
1995-02-22,791.8,
1995-02-23,791.8,
1995-02-24,791.2,
1995-02-27,790.2,
1995-02-28,789.1,
1995-03-01,789.1,
1995-03-02,791.0,
1995-03-03,792.6,
1995-03-06,793.9,
1995-03-07,790.8,
1995-03-08,788.8,
1995-03-09,788.2,
1995-03-10,787.0,
1995-03-13,786.4,
1995-03-14,783.0,
1995-03-15,783.8,
1995-03-16,782.3,
1995-03-17,781.8,
1995-03-20,778.8,
1995-03-21,777.5,
1995-03-22,775.9,
1995-03-23,771.4,
1995-03-24,769.5,
1995-03-27,773.9,
1995-03-28,772.7,
1995-03-29,774.2,
1995-03-30,774.6,
1995-03-31,774.5,
1995-04-03,774.4,
1995-04-04,772.9,
1995-04-05,773.9,
1995-04-06,774.1,
1995-04-07,775.0,
1995-04-10,772.8,
1995-04-11,770.8,
1995-04-12,771.8,
1995-04-13,772.6,
1995-04-14,773.4,
1995-04-17,773.2,
1995-04-18,771.8,
1995-04-19,770.7,
1995-04-20,769.3,
1995-04-21,768.7,
1995-04-24,767.4,
1995-04-25,765.8,
1995-04-26,764.9,
1995-04-27,764.8,
1995-04-28,763.9,
1995-05-01,764.8,
1995-05-02,764.8,
1995-05-03,765.1,
1995-05-04,765.3,
1995-05-05,765.3,
1995-05-08,765.5,
1995-05-09,763.6,
1995-05-10,762.9,
1995-05-11,763.3,
1995-05-12,764.1,
1995-05-15,766.3,
1995-05-16,766.2,
1995-05-17,765.5,
1995-05-18,764.9,
1995-05-19,764.5,
1995-05-22,763.7,
1995-05-23,764.3,
1995-05-24,764.8,
1995-05-25,763.3,
1995-05-26,763.1,
1995-05-30,763.1,
1995-05-31,763.1,
1995-06-01,762.0,
1995-06-02,761.8,
1995-06-05,763.8,
1995-06-06,763.8,
1995-06-07,764.9,
1995-06-08,764.0,
1995-06-09,763.5,
1995-06-12,767.3,
1995-06-13,766.9,
1995-06-14,765.1,
1995-06-15,766.2,
1995-06-16,765.4,
1995-06-19,764.3,
1995-06-20,763.8,
1995-06-21,763.5,
1995-06-22,763.5,
1995-06-23,763.6,
1995-06-26,763.3,
1995-06-27,763.3,
1995-06-28,762.7,
1995-06-29,761.6,
1995-06-30,761.1,
1995-07-03,761.0,
1995-07-05,760.1,
1995-07-06,759.1,
1995-07-07,759.0,
1995-07-10,760.2,
1995-07-11,760.6,
1995-07-12,760.7,
1995-07-13,760.3,
1995-07-14,760.1,
1995-07-17,762.1,
1995-07-18,762.1,
1995-07-19,761.2,
1995-07-20,759.9,
1995-07-21,759.5,
1995-07-24,759.1,
1995-07-25,759.2,
1995-07-26,759.1,
1995-07-27,759.1,
1995-07-28,759.0,
1995-07-31,759.5,
1995-08-01,760.1,
1995-08-02,760.2,
1995-08-03,760.5,
1995-08-04,758.5,
1995-08-07,762.0,
1995-08-08,761.6,
1995-08-09,761.2,
1995-08-10,761.0,
1995-08-11,761.3,
1995-08-14,763.1,
1995-08-15,763.1,
1995-08-16,765.0,
1995-08-17,773.2,
1995-08-18,766.6,
1995-08-21,777.7,
1995-08-22,776.3,
1995-08-23,776.9,
1995-08-24,777.5,
1995-08-25,777.0,
1995-08-28,774.3,
1995-08-29,774.8,
1995-08-30,765.4,
1995-08-31,773.4,
1995-09-01,773.2,
1995-09-05,769.9,
1995-09-06,770.9,
1995-09-07,771.0,
1995-09-08,771.0,
1995-09-11,771.8,
1995-09-12,773.8,
1995-09-13,775.8,
1995-09-14,775.1,
1995-09-15,776.3,
1995-09-18,777.2,
1995-09-19,775.8,
1995-09-20,775.0,
1995-09-21,770.2,
1995-09-22,770.4,
1995-09-25,769.3,
1995-09-26,768.9,
1995-09-27,768.4,
1995-09-28,768.5,
1995-09-29,768.3,
1995-10-02,768.4,
1995-10-03,768.4,
1995-10-04,767.3,
1995-10-05,769.4,
1995-10-06,768.7,
1995-10-10,769.3,
1995-10-11,768.0,
1995-10-12,768.3,
1995-10-13,768.5,
1995-10-16,768.4,
1995-10-17,767.4,
1995-10-18,766.6,
1995-10-19,766.3,
1995-10-20,767.0,
1995-10-23,765.5,
1995-10-24,765.8,
1995-10-25,765.4,
1995-10-26,765.8,
1995-10-27,766.0,
1995-10-30,765.4,
1995-10-31,765.2,
1995-11-01,766.1,
1995-11-02,770.0,
1995-11-03,771.7,
1995-11-06,771.7,
1995-11-07,772.0,
1995-11-08,770.3,
1995-11-09,769.5,
1995-11-10,769.2,
1995-11-13,768.8,
1995-11-14,769.8,
1995-11-15,768.6,
1995-11-16,768.8,
1995-11-17,770.1,
1995-11-20,774.2,
1995-11-21,769.2,
1995-11-22,768.6,
1995-11-24,768.9,
1995-11-27,769.0,
1995-11-28,768.9,
1995-11-29,769.3,
1995-11-30,770.7,
1995-12-01,770.0,
1995-12-04,769.4,
1995-12-05,769.8,
1995-12-06,769.7,
1995-12-07,769.8,
1995-12-08,769.7,
1995-12-11,769.4,
1995-12-12,770.7,
1995-12-13,769.7,
1995-12-14,771.1,
1995-12-15,771.7,
1995-12-18,771.8,
1995-12-19,771.5,
1995-12-20,771.7,
1995-12-21,772.5,
1995-12-22,772.7,
1995-12-26,772.8,
1995-12-27,772.5,
1995-12-28,773.8,
1995-12-29,775.8,
1996-01-02,775.8,
1996-01-03,778.5,
1996-01-04,787.3,
1996-01-05,788.3,
1996-01-08,788.3,
1996-01-09,787.2,
1996-01-10,787.9,
1996-01-11,792.2,
1996-01-12,790.6,
1996-01-16,792.7,
1996-01-17,791.7,
1996-01-18,789.7,
1996-01-19,790.0,
1996-01-22,789.4,
1996-01-23,787.6,
1996-01-24,787.3,
1996-01-25,786.2,
1996-01-26,785.6,
1996-01-29,783.3,
1996-01-30,784.9,
1996-01-31,785.3,
1996-02-01,784.8,
1996-02-02,781.5,
1996-02-05,778.2,
1996-02-06,777.6,
1996-02-07,781.7,
1996-02-08,780.8,
1996-02-09,780.5,
1996-02-12,778.6,
1996-02-13,779.1,
1996-02-14,778.5,
1996-02-15,778.0,
1996-02-16,779.9,
1996-02-20,779.9,
1996-02-21,779.4,
1996-02-22,778.9,
1996-02-23,780.3,
1996-02-26,780.0,
1996-02-27,779.3,
1996-02-28,782.5,
1996-02-29,782.8,
1996-03-01,782.8,
1996-03-04,779.7,
1996-03-05,779.3,
1996-03-06,777.7,
1996-03-07,778.3,
1996-03-08,777.5,
1996-03-11,780.8,
1996-03-12,780.6,
1996-03-13,780.3,
1996-03-14,780.7,
1996-03-15,780.7,
1996-03-18,781.8,
1996-03-19,781.8,
1996-03-20,782.3,
1996-03-21,784.4,
1996-03-22,786.7,
1996-03-25,782.1,
1996-03-26,782.8,
1996-03-27,782.3,
1996-03-28,782.7,
1996-03-29,782.3,
1996-04-01,781.7,
1996-04-02,780.3,
1996-04-03,780.3,
1996-04-04,780.1,
1996-04-05,780.1,
1996-04-08,780.1,
1996-04-09,780.8,
1996-04-10,782.2,
1996-04-11,782.2,
1996-04-12,782.8,
1996-04-15,782.8,
1996-04-16,781.9,
1996-04-17,781.7,
1996-04-18,779.9,
1996-04-19,779.1,
1996-04-22,778.9,
1996-04-23,779.2,
1996-04-24,778.9,
1996-04-25,779.6,
1996-04-26,779.1,
1996-04-29,779.2,
1996-04-30,778.3,
1996-05-01,778.3,
1996-05-02,778.6,
1996-05-03,778.3,
1996-05-06,778.3,
1996-05-07,778.3,
1996-05-08,778.4,
1996-05-09,778.5,
1996-05-10,778.5,
1996-05-13,778.3,
1996-05-14,778.2,
1996-05-15,778.4,
1996-05-16,779.3,
1996-05-17,780.2,
1996-05-20,781.0,
1996-05-21,780.1,
1996-05-22,781.6,
1996-05-23,781.6,
1996-05-24,781.6,
1996-05-28,786.8,
1996-05-29,788.3,
1996-05-30,788.3,
1996-05-31,788.0,
1996-06-03,785.8,
1996-06-04,786.6,
1996-06-05,787.0,
1996-06-06,787.0,
1996-06-07,787.6,
1996-06-10,790.8,
1996-06-11,792.5,
1996-06-12,794.9,
1996-06-13,797.8,
1996-06-14,796.4,
1996-06-17,798.9,
1996-06-18,798.4,
1996-06-19,799.2,
1996-06-20,807.0,
1996-06-21,807.3,
1996-06-24,811.6,
1996-06-25,811.0,
1996-06-26,808.8,
1996-06-27,809.0,
1996-06-28,811.4,
1996-07-01,809.9,
1996-07-02,812.8,
1996-07-03,806.0,
1996-07-05,813.7,
1996-07-08,814.2,
1996-07-09,810.3,
1996-07-10,811.2,
1996-07-11,812.6,
1996-07-12,814.0,
1996-07-15,813.7,
1996-07-16,813.5,
1996-07-17,813.5,
1996-07-18,814.4,
1996-07-19,814.1,
1996-07-22,814.0,
1996-07-23,813.3,
1996-07-24,814.3,
1996-07-25,813.4,
1996-07-26,814.3,
1996-07-29,817.0,
1996-07-30,813.5,
1996-07-31,813.0,
1996-08-01,813.2,
1996-08-02,813.8,
1996-08-05,814.5,
1996-08-06,814.3,
1996-08-07,814.3,
1996-08-08,814.3,
1996-08-09,814.5,
1996-08-12,814.8,
1996-08-13,817.0,
1996-08-14,821.4,
1996-08-15,821.4,
1996-08-16,820.1,
1996-08-19,819.5,
1996-08-20,819.9,
1996-08-21,818.9,
1996-08-22,819.3,
1996-08-23,818.4,
1996-08-26,818.2,
1996-08-27,819.1,
1996-08-28,819.5,
1996-08-29,819.8,
1996-08-30,819.3,
1996-09-03,818.9,
1996-09-04,818.8,
1996-09-05,818.3,
1996-09-06,819.2,
1996-09-09,819.6,
1996-09-10,822.8,
1996-09-11,821.6,
1996-09-12,823.2,
1996-09-13,821.0,
1996-09-16,829.0,
1996-09-17,829.2,
1996-09-18,828.5,
1996-09-19,824.3,
1996-09-20,820.2,
1996-09-23,821.3,
1996-09-24,821.4,
1996-09-25,821.4,
1996-09-26,821.4,
1996-09-27,821.4,
1996-09-30,826.5,
1996-10-01,821.0,
1996-10-02,821.7,
1996-10-03,821.7,
1996-10-04,824.8,
1996-10-07,828.1,
1996-10-08,829.1,
1996-10-09,829.5,
1996-10-10,833.9,
1996-10-11,829.1,
1996-10-15,829.5,
1996-10-16,828.2,
1996-10-17,826.7,
1996-10-18,827.4,
1996-10-21,829.3,
1996-10-22,827.7,
1996-10-23,827.0,
1996-10-24,827.5,
1996-10-25,829.5,
1996-10-28,833.0,
1996-10-29,834.5,
1996-10-30,833.5,
1996-10-31,828.5,
1996-11-01,827.0,
1996-11-04,828.0,
1996-11-05,828.0,
1996-11-06,830.0,
1996-11-07,833.1,
1996-11-08,833.5,
1996-11-12,831.0,
1996-11-13,831.0,
1996-11-14,831.0,
1996-11-15,831.0,
1996-11-18,830.0,
1996-11-19,830.0,
1996-11-20,832.0,
1996-11-21,832.0,
1996-11-22,830.0,
1996-11-25,830.0,
1996-11-26,832.0,
1996-11-27,832.0,
1996-11-29,829.1,
1996-12-02,832.0,
1996-12-03,833.0,
1996-12-04,832.0,
1996-12-05,832.5,
1996-12-06,833.5,
1996-12-09,837.0,
1996-12-10,838.0,
1996-12-11,842.0,
1996-12-12,849.0,
1996-12-13,848.0,
1996-12-16,845.0,
1996-12-17,845.0,
1996-12-18,844.0,
1996-12-19,844.3,
1996-12-20,845.0,
1996-12-23,845.0,
1996-12-24,847.0,
1996-12-26,846.5,
1996-12-27,847.0,
1996-12-30,847.0,
1996-12-31,847.5,
1997-01-02,857.5,
1997-01-03,846.5,
1997-01-06,845.5,
1997-01-07,846.0,
1997-01-08,846.5,
1997-01-09,849.0,
1997-01-10,848.5,
1997-01-13,859.0,
1997-01-14,850.0,
1997-01-15,851.0,
1997-01-16,851.0,
1997-01-17,850.0,
1997-01-21,853.0,
1997-01-22,856.0,
1997-01-23,855.5,
1997-01-24,856.5,
1997-01-27,857.5,
1997-01-28,861.0,
1997-01-29,861.5,
1997-01-30,867.0,
1997-01-31,867.0,
1997-02-03,869.0,
1997-02-04,871.0,
1997-02-05,872.0,
1997-02-06,868.0,
1997-02-07,872.0,
1997-02-10,871.5,
1997-02-11,871.5,
1997-02-12,871.5,
1997-02-13,877.5,
1997-02-14,877.0,
1997-02-18,873.0,
1997-02-19,862.5,
1997-02-20,857.0,
1997-02-21,859.0,
1997-02-24,867.0,
1997-02-25,864.0,
1997-02-26,864.0,
1997-02-27,866.0,
1997-02-28,866.0,
1997-03-03,864.5,
1997-03-04,866.5,
1997-03-05,870.0,
1997-03-06,871.5,
1997-03-07,871.5,
1997-03-10,877.0,
1997-03-11,880.5,
1997-03-12,879.5,
1997-03-13,880.5,
1997-03-14,881.5,
1997-03-17,882.0,
1997-03-18,885.0,
1997-03-19,887.0,
1997-03-20,886.5,
1997-03-21,887.0,
1997-03-24,890.0,
1997-03-25,891.0,
1997-03-26,892.0,
1997-03-27,896.0,
1997-03-28,897.5,
1997-03-31,898.0,
1997-04-01,898.0,
1997-04-02,897.0,
1997-04-03,897.0,
1997-04-04,895.0,
1997-04-07,896.0,
1997-04-08,896.0,
1997-04-09,896.0,
1997-04-10,895.0,
1997-04-11,895.0,
1997-04-14,896.5,
1997-04-15,897.0,
1997-04-16,896.0,
1997-04-17,894.5,
1997-04-18,896.0,
1997-04-21,895.0,
1997-04-22,895.0,
1997-04-23,894.5,
1997-04-24,895.0,
1997-04-25,894.5,
1997-04-28,894.5,
1997-04-29,895.0,
1997-04-30,894.0,
1997-05-01,895.0,
1997-05-02,895.0,
1997-05-05,895.0,
1997-05-06,897.0,
1997-05-07,897.5,
1997-05-08,896.0,
1997-05-09,896.0,
1997-05-12,894.0,
1997-05-13,895.5,
1997-05-14,895.0,
1997-05-15,894.0,
1997-05-16,894.0,
1997-05-19,894.0,
1997-05-20,893.5,
1997-05-21,893.5,
1997-05-22,894.0,
1997-05-23,891.0,
1997-05-27,894.5,
1997-05-28,895.0,
1997-05-29,895.0,
1997-05-30,893.5,
1997-06-02,893.5,
1997-06-03,893.5,
1997-06-04,893.5,
1997-06-05,893.0,
1997-06-06,893.0,
1997-06-09,893.5,
1997-06-10,893.5,
1997-06-11,893.0,
1997-06-12,892.0,
1997-06-13,890.0,
1997-06-16,891.0,
1997-06-17,890.0,
1997-06-18,890.0,
1997-06-19,890.5,
1997-06-20,890.0,
1997-06-23,890.0,
1997-06-24,889.5,
1997-06-25,890.0,
1997-06-26,890.0,
1997-06-27,890.0,
1997-06-30,890.0,
1997-07-01,890.0,
1997-07-02,890.5,
1997-07-03,889.0,
1997-07-07,889.0,
1997-07-08,890.0,
1997-07-09,890.0,
1997-07-10,891.0,
1997-07-11,892.0,
1997-07-14,893.5,
1997-07-15,894.0,
1997-07-16,896.0,
1997-07-17,896.0,
1997-07-18,897.0,
1997-07-21,894.5,
1997-07-22,896.5,
1997-07-23,896.5,
1997-07-24,895.0,
1997-07-25,894.0,
1997-07-28,893.5,
1997-07-29,894.0,
1997-07-30,894.0,
1997-07-31,892.0,
1997-08-01,891.5,
1997-08-04,891.0,
1997-08-05,893.0,
1997-08-06,895.5,
1997-08-07,895.5,
1997-08-08,896.5,
1997-08-11,895.5,
1997-08-12,896.5,
1997-08-13,897.0,
1997-08-14,897.0,
1997-08-15,897.0,
1997-08-18,900.5,
1997-08-19,900.5,
1997-08-20,901.0,
1997-08-21,898.9,
1997-08-22,902.0,
1997-08-25,907.0,
1997-08-26,902.0,
1997-08-27,905.0,
1997-08-28,905.0,
1997-08-29,905.0,
1997-09-02,905.6,
1997-09-03,907.0,
1997-09-04,909.0,
1997-09-05,909.0,
1997-09-08,910.0,
1997-09-09,911.0,
1997-09-10,911.0,
1997-09-11,911.0,
1997-09-12,911.0,
1997-09-15,911.0,
1997-09-16,911.0,
1997-09-17,911.0,
1997-09-18,912.0,
1997-09-19,916.0,
1997-09-22,916.0,
1997-09-23,916.0,
1997-09-24,916.0,
1997-09-25,917.0,
1997-09-26,918.0,
1997-09-29,917.0,
1997-09-30,917.0,
1997-10-01,915.0,
1997-10-02,916.0,
1997-10-03,916.0,
1997-10-06,916.0,
1997-10-07,917.0,
1997-10-08,918.0,
1997-10-09,918.0,
1997-10-10,918.0,
1997-10-14,914.2,
1997-10-15,917.0,
1997-10-16,918.0,
1997-10-17,918.0,
1997-10-20,927.0,
1997-10-21,930.0,
1997-10-22,919.0,
1997-10-23,923.0,
1997-10-24,932.0,
1997-10-27,945.0,
1997-10-28,965.0,
1997-10-29,970.0,
1997-10-30,965.0,
1997-10-31,970.0,
1997-11-03,976.0,
1997-11-04,965.0,
1997-11-05,974.0,
1997-11-06,975.3,
1997-11-07,985.0,
1997-11-10,999.0,
1997-11-12,995.0,
1997-11-13,992.0,
1997-11-14,992.0,
1997-11-18,1020.0,
1997-11-19,1040.0,
1997-11-20,1139.0,
1997-11-21,1060.0,
1997-11-24,1085.0,
1997-11-25,1122.0,
1997-11-26,1110.0,
1997-11-28,1169.5,
1997-12-01,1188.0,
1997-12-02,1228.0,
1997-12-03,1199.0,
1997-12-04,1163.0,
1997-12-05,1233.0,
1997-12-08,1342.4,
1997-12-09,1465.7,
1997-12-10,1565.9,
1997-12-12,1710.0,
1997-12-15,1563.9,
1997-12-16,1430.0,
1997-12-17,1485.0,
1997-12-18,1485.0,
1997-12-19,1580.0,
1997-12-22,1710.0,
1997-12-23,1960.0,
1997-12-24,1835.0,
1997-12-26,1506.0,
1997-12-29,1450.0,
1997-12-30,1640.0,
1997-12-31,1695.0,
1998-01-02,1695.0,
1998-01-05,1790.0,
1998-01-06,1748.0,
1998-01-07,1753.0,
1998-01-08,1790.0,
1998-01-09,1812.0,
1998-01-12,1739.0,
1998-01-13,1765.0,
1998-01-14,1670.0,
1998-01-15,1608.0,
1998-01-16,1624.0,
1998-01-20,1647.0,
1998-01-21,1725.0,
1998-01-22,1760.0,
1998-01-23,1748.0,
1998-01-26,1682.0,
1998-01-27,1682.0,
1998-01-28,1690.0,
1998-01-29,1690.0,
1998-01-30,1528.0,
1998-02-02,1556.0,
1998-02-03,1620.0,
1998-02-04,1608.0,
1998-02-05,1608.0,
1998-02-06,1557.0,
1998-02-09,1558.0,
1998-02-10,1586.0,
1998-02-11,1603.0,
1998-02-12,1629.0,
1998-02-13,1623.0,
1998-02-17,1692.0,
1998-02-18,1711.0,
1998-02-19,1674.0,
1998-02-20,1661.0,
1998-02-23,1663.0,
1998-02-24,1656.0,
1998-02-25,1644.0,
1998-02-26,1656.0,
1998-02-27,1635.0,
1998-03-02,1553.0,
1998-03-04,1566.0,
1998-03-05,1605.0,
1998-03-06,1638.0,
1998-03-09,1616.0,
1998-03-10,1597.0,
1998-03-11,1582.0,
1998-03-12,1551.0,
1998-03-13,1528.0,
1998-03-16,1466.0,
1998-03-17,1470.0,
1998-03-18,1487.0,
1998-03-19,1476.0,
1998-03-20,1451.0,
1998-03-23,1371.0,
1998-03-24,1379.0,
1998-03-25,1391.0,
1998-03-26,1398.0,
1998-03-27,1380.5,
1998-03-30,1385.0,
1998-03-31,1386.0,
1998-04-01,1392.0,
1998-04-02,1416.0,
1998-04-03,1449.0,
1998-04-06,1476.0,
1998-04-07,1437.0,
1998-04-08,1416.0,
1998-04-09,1393.0,
1998-04-10,1387.0,
1998-04-13,1405.0,
1998-04-14,1400.0,
1998-04-15,1395.0,
1998-04-16,1388.0,
1998-04-17,1387.0,
1998-04-20,1385.0,
1998-04-21,1379.0,
1998-04-22,1377.0,
1998-04-23,1373.0,
1998-04-24,1366.0,
1998-04-27,1365.0,
1998-04-28,1351.0,
1998-04-29,1339.0,
1998-04-30,1338.0,
1998-05-01,1338.0,
1998-05-04,1349.0,
1998-05-05,1349.0,
1998-05-06,1371.0,
1998-05-07,1406.0,
1998-05-08,1389.0,
1998-05-11,1393.0,
1998-05-12,1393.0,
1998-05-13,1420.0,
1998-05-14,1425.0,
1998-05-15,1440.0,
1998-05-18,1448.0,
1998-05-19,1445.0,
1998-05-20,1412.0,
1998-05-21,1393.0,
1998-05-22,1385.0,
1998-05-26,1397.0,
1998-05-27,1415.0,
1998-05-28,1404.0,
1998-05-29,1409.0,
1998-06-01,1400.0,
1998-06-02,1406.0,
1998-06-03,1392.0,
1998-06-04,1394.0,
1998-06-05,1396.0,
1998-06-08,1400.0,
1998-06-09,1399.0,
1998-06-10,1395.0,
1998-06-11,1395.0,
1998-06-12,1400.0,
1998-06-15,1437.0,
1998-06-16,1435.0,
1998-06-17,1423.0,
1998-06-18,1396.0,
1998-06-19,1395.0,
1998-06-22,1396.0,
1998-06-23,1386.0,
1998-06-24,1382.0,
1998-06-25,1375.0,
1998-06-26,1388.0,
1998-06-29,1385.0,
1998-06-30,1376.0,
1998-07-01,1373.0,
1998-07-02,1370.0,
1998-07-03,1358.0,
1998-07-06,1348.0,
1998-07-07,1348.0,
1998-07-08,1334.0,
1998-07-09,1310.0,
1998-07-10,1316.0,
1998-07-13,1314.0,
1998-07-14,1291.0,
1998-07-15,1285.0,
1998-07-16,1286.0,
1998-07-17,1286.0,
1998-07-20,1290.0,
1998-07-21,1293.0,
1998-07-22,1292.0,
1998-07-23,1277.0,
1998-07-24,1247.5,
1998-07-27,1212.0,
1998-07-28,1259.0,
1998-07-29,1245.0,
1998-07-30,1236.0,
1998-07-31,1232.0,
1998-08-03,1250.0,
1998-08-04,1242.0,
1998-08-05,1270.0,
1998-08-06,1333.0,
1998-08-07,1330.0,
1998-08-10,1345.0,
1998-08-11,1340.0,
1998-08-12,1338.0,
1998-08-13,1340.0,
1998-08-14,1327.0,
1998-08-17,1335.0,
1998-08-18,1320.0,
1998-08-19,1305.0,
1998-08-20,1302.0,
1998-08-21,1302.0,
1998-08-24,1306.0,
1998-08-25,1309.0,
1998-08-26,1312.0,
1998-08-27,1320.0,
1998-08-28,1338.0,
1998-08-31,1336.0,
1998-09-01,1356.0,
1998-09-02,1342.0,
1998-09-03,1332.0,
1998-09-04,1344.0,
1998-09-08,1358.0,
1998-09-09,1363.0,
1998-09-10,1370.0,
1998-09-11,1370.0,
1998-09-14,1392.0,
1998-09-15,1383.0,
1998-09-16,1377.0,
1998-09-17,1385.0,
1998-09-18,1387.5,
1998-09-21,1395.0,
1998-09-22,1399.0,
1998-09-23,1402.0,
1998-09-24,1393.0,
1998-09-25,1388.0,
1998-09-28,1383.8,
1998-09-29,1373.0,
1998-09-30,1393.0,
1998-10-01,1390.0,
1998-10-02,1390.0,
1998-10-05,1389.0,
1998-10-06,1389.0,
1998-10-07,1382.0,
1998-10-08,1365.0,
1998-10-09,1335.0,
1998-10-13,1350.0,
1998-10-14,1350.0,
1998-10-15,1336.0,
1998-10-16,1326.0,
1998-10-19,1328.0,
1998-10-20,1330.0,
1998-10-21,1326.0,
1998-10-22,1324.0,
1998-10-23,1322.0,
1998-10-26,1316.0,
1998-10-27,1321.0,
1998-10-28,1320.0,
1998-10-29,1317.0,
1998-10-30,1321.0,
1998-11-02,1320.0,
1998-11-03,1316.0,
1998-11-04,1313.0,
1998-11-05,1318.0,
1998-11-06,1313.0,
1998-11-09,1316.3,
1998-11-10,1318.0,
1998-11-12,1317.9,
1998-11-13,1319.0,
1998-11-16,1317.0,
1998-11-17,1300.0,
1998-11-18,1300.0,
1998-11-19,1292.0,
1998-11-20,1268.0,
1998-11-23,1248.0,
1998-11-24,1260.0,
1998-11-25,1255.0,
1998-11-27,1248.0,
1998-11-30,1247.0,
1998-12-01,1246.0,
1998-12-02,1240.0,
1998-12-03,1230.0,
1998-12-04,1217.0,
1998-12-07,1210.0,
1998-12-08,1217.0,
1998-12-09,1217.0,
1998-12-10,1208.0,
1998-12-11,1210.0,
1998-12-14,1205.0,
1998-12-15,1213.0,
1998-12-16,1210.0,
1998-12-17,1211.0,
1998-12-18,1210.0,
1998-12-21,1196.0,
1998-12-22,1204.0,
1998-12-23,1209.0,
1998-12-24,1208.5,
1998-12-28,1210.3,
1998-12-29,1210.0,
1998-12-30,1203.0,
1998-12-31,1206.0,
1999-01-04,1187.5,100.0
1999-01-05,1166.0,100.0885942221664
1999-01-06,1160.0,100.87780579657525
1999-01-07,1151.0,100.60247710733343
1999-01-08,1174.0,101.28834032963164
1999-01-11,1175.0,100.98704586427205
1999-01-12,1180.0,101.33985565647481
1999-01-13,1175.0,100.66291417337663
1999-01-14,1187.5,100.65802601529028
1999-01-15,1185.0,101.36570874272037
1999-01-19,1176.5,101.11606136537623
1999-01-20,1168.0,101.29028779488084
1999-01-21,1174.0,101.23614834876415
1999-01-22,1181.0,101.2971694340027
1999-01-25,1181.0,101.24551383045612
1999-01-26,1177.0,101.23516595370224
1999-01-27,1176.0,102.03615114816597
1999-01-28,1176.5,102.68308574493263
1999-01-29,1176.0,102.67444613698747
1999-02-01,1176.0,102.99233202033453
1999-02-02,1171.0,102.47851877941416
1999-02-03,1171.5,102.53093004684698
1999-02-04,1171.6,102.50520280202076
1999-02-05,1171.2,102.7590510399202
1999-02-08,1177.0,102.83780893147703
1999-02-09,1177.0,102.89276893802838
1999-02-10,1179.0,102.7579134320775
1999-02-11,1176.4,102.95726973960308
1999-02-12,1176.7,102.99437193578576
1999-02-16,1176.0,104.04454995480005
1999-02-17,1176.0,103.91078408342634
1999-02-18,1183.0,103.98119487173085
1999-02-19,1206.0,105.08788358962467
1999-02-22,1218.0,105.30824363567514
1999-02-23,1213.0,105.78578834185197
1999-02-24,1219.0,106.11740072268834
1999-02-25,1225.0,105.18648776606568
1999-02-26,1224.5,105.65155099360533
1999-03-01,1222.0,106.50348339139346
1999-03-02,1225.5,106.25381081988354
1999-03-03,1230.4,106.70357437086078
1999-03-04,1241.0,107.36718113222209
1999-03-05,1243.0,107.06216725135864
1999-03-08,1240.5,106.57917356200724
1999-03-09,1236.5,106.66095360756457
1999-03-10,1234.9,105.85978856674889
1999-03-11,1231.0,105.9940298667489
1999-03-12,1235.0,105.85562408984555
1999-03-15,1232.0,105.89256469117862
1999-03-16,1230.0,105.99559483212437
1999-03-17,1228.0,105.32283571573177
1999-03-18,1226.0,105.36005429935548
1999-03-19,1220.0,105.703961401541
1999-03-22,1224.0,105.86925658715863
1999-03-23,1226.5,105.74035263763014
1999-03-24,1224.4,105.62559506365493
1999-03-25,1225.0,106.1380244405548
1999-03-26,1223.7,107.32446400255795
1999-03-29,1226.2,107.47944254390734
1999-03-30,1230.0,107.44311690684543
1999-03-31,1228.0,106.66390879685281
1999-04-01,1225.0,107.07334152935334
1999-04-02,1225.2,107.11527249085523
1999-04-05,1228.0,107.78649442426574
1999-04-06,1231.0,106.90190488598526
1999-04-07,1223.0,107.28589550445547
1999-04-08,1227.0,106.79732382836534
1999-04-09,1226.0,107.17461141075643
1999-04-12,1225.0,106.63202773069521
1999-04-13,1223.0,106.97748560320863
1999-04-14,1220.0,106.85144051879124
1999-04-15,1220.0,107.26119609337289
1999-04-16,1221.0,107.28017013701978
1999-04-19,1215.0,107.82346898762418
1999-04-20,1200.0,107.72115003962712
1999-04-21,1195.0,108.06415099760248
1999-04-22,1198.0,108.07317155742926
1999-04-23,1195.0,107.70544167438224
1999-04-26,1190.0,108.03434114981742
1999-04-27,1185.0,107.73589278338802
1999-04-28,1182.0,107.83409432019639
1999-04-29,1176.0,107.98194786259977
1999-04-30,1189.0,108.15578147503588
1999-05-03,1191.0,108.16927368958719
1999-05-04,1197.1,108.03609819907788
1999-05-05,1199.0,107.09651704877014
1999-05-06,1203.0,106.67700675516652
1999-05-07,1203.0,106.70062038370806
1999-05-10,1201.2,106.68443192215105
1999-05-11,1199.0,107.18781090948558
1999-05-12,1206.0,107.5856588740883
1999-05-13,1206.5,107.94051233243945
1999-05-14,1208.0,107.94373799033511
1999-05-17,1207.0,107.84620886157259
1999-05-18,1201.0,107.8467773188302
1999-05-19,1200.0,108.25094128839979
1999-05-20,1200.0,108.31671145827042
1999-05-21,1194.5,108.68426893549675
1999-05-24,1189.5,108.53773412033233
1999-05-25,1186.6,108.481524124717
1999-05-26,1191.2,109.27997169362732
1999-05-27,1188.7,109.4414500360321
1999-05-28,1186.1,109.42171187175376
1999-06-01,1187.4,109.19462003426754
1999-06-02,1186.2,109.90221713802768
1999-06-03,1185.0,109.95698817857296
1999-06-04,1184.0,110.12658865817768
1999-06-07,1184.0,110.32011301551893
1999-06-08,1178.5,109.11310520384959
1999-06-09,1166.5,109.0287440037927
1999-06-10,1167.5,108.71919140124217
1999-06-11,1168.0,108.28309639603452
1999-06-14,1171.0,109.23257208860207
1999-06-15,1167.0,109.36309284805017
1999-06-16,1165.0,110.12881542804678
1999-06-17,1167.0,109.78845342067277
1999-06-18,1164.0,109.6704141908687
1999-06-21,1166.0,110.25005912834361
1999-06-22,1160.0,110.1690397034763
1999-06-23,1163.0,110.3728999918831
1999-06-24,1158.0,109.93006745273209
1999-06-25,1156.0,109.25188893140076
1999-06-28,1157.0,109.86754490222668
1999-06-29,1157.5,110.1359349396963
1999-06-30,1157.5,110.33542497020142
1999-07-01,1165.0,110.83922409972395
1999-07-02,1164.1,110.72576995230646
1999-07-06,1168.0,110.90216086100436
1999-07-07,1173.0,111.18612890504723
1999-07-08,1181.0,111.45904234811812
1999-07-09,1188.0,111.60117268895122
1999-07-12,1184.0,111.93781685375406
1999-07-13,1176.0,111.57668430607274
1999-07-14,1184.0,111.14624010163882
1999-07-15,1184.0,111.07663567327296
1999-07-16,1183.0,111.27361879217176
1999-07-19,1188.0,111.09061688774558
1999-07-20,1194.0,109.50633084288732
1999-07-21,1201.0,108.72607680606208
1999-07-22,1209.0,108.67622613473111
1999-07-23,1208.8,108.73625518810073
1999-07-26,1209.0,107.65232530895418
1999-07-27,1204.0,107.76863969901092
1999-07-28,1198.1,107.59404591231936
1999-07-29,1205.0,106.80467240553239
1999-07-30,1204.0,106.82988821804433
1999-08-02,1201.0,107.06428959206373
1999-08-03,1199.0,106.8876935749988
1999-08-04,1202.0,106.19341815196314
1999-08-05,1202.0,106.02654582154564
1999-08-06,1200.0,106.3615161638602
1999-08-09,1198.0,107.06329514319069
1999-08-10,1199.3,106.42879973629563
1999-08-11,1202.0,107.09427602128738
1999-08-12,1210.0,107.31035271472626
1999-08-13,1207.0,107.72447856571003
1999-08-16,1204.0,107.73786717960773
1999-08-17,1206.0,107.8250631694657
1999-08-18,1203.0,107.76644000482352
1999-08-19,1200.0,106.64304320554051
1999-08-20,1201.0,106.63568558553862
1999-08-23,1198.0,107.3886602795403
1999-08-24,1199.0,107.7630145986498
1999-08-25,1192.0,108.0991410192773
1999-08-26,1191.0,108.36036213186483
1999-08-27,1183.0,108.11990342584886
1999-08-30,1184.5,108.16764442204581
1999-08-31,1181.0,106.86859855878102
1999-09-01,1185.0,106.83994045235438
1999-09-02,1191.0,106.135008841755
1999-09-03,1192.0,106.81226203467718
1999-09-07,1194.0,107.04896174089629
1999-09-08,1195.0,106.84940658311902
1999-09-09,1191.0,106.5874139186187
1999-09-10,1192.0,107.76026584240701
1999-09-13,1191.0,107.40153081229222
1999-09-14,1195.0,107.30237512540869
1999-09-15,1192.0,107.22523480296456
1999-09-16,1199.0,107.10687078175992
1999-09-17,1204.0,107.47064337698707
1999-09-20,1201.0,107.34685083940013
1999-09-21,1203.0,106.68778852525062
1999-09-22,1210.0,106.25479329919692
1999-09-23,1209.0,106.85964469300286
1999-09-24,1213.0,106.47184240167711
1999-09-27,1211.0,106.9351963557906
1999-09-28,1218.0,106.36263867130752
1999-09-29,1218.0,105.83866403489026
1999-09-30,1217.0,105.67084312750335
1999-10-01,1216.0,104.89030118391997
1999-10-04,1213.0,105.13040930602659
1999-10-05,1207.0,105.2751650029977
1999-10-06,1204.0,105.2686194926474
1999-10-07,1202.0,105.22913009546772
1999-10-08,1204.0,105.78136407510063
1999-10-12,1205.0,104.93687807536952
1999-10-13,1205.2,105.01170879432085
1999-10-14,1207.5,104.67719520964498
1999-10-15,1206.0,103.88469501019345
1999-10-18,1204.0,104.02959683318248
1999-10-19,1206.0,104.25067491268466
1999-10-20,1205.0,104.80918821645594
1999-10-21,1206.0,104.37992384831156
1999-10-22,1205.5,105.23523739908615
1999-10-25,1205.5,105.20313022646678
1999-10-26,1204.0,105.74267465882478
1999-10-27,1200.0,105.99958239387237
1999-10-28,1200.0,106.30276064750973
1999-10-29,1200.0,106.15705375196248
1999-11-01,1196.0,106.30047175042402
1999-11-02,1194.0,106.19485754026776
1999-11-03,1191.0,106.46280097969174
1999-11-04,1185.0,106.74559778978295
1999-11-05,1187.0,107.36520323572891
1999-11-08,1183.4,107.6048563067814
1999-11-09,1185.0,107.20449397922968
1999-11-10,1180.0,106.88114206260866
1999-11-12,1170.0,107.83291977492577
1999-11-15,1181.8,107.69763569405863
1999-11-16,1178.0,107.94160375040572
1999-11-17,1176.0,107.20140416366135
1999-11-18,1174.0,108.00281729272244
1999-11-19,1173.8,107.90672389450305
1999-11-22,1174.0,107.59819294399888
1999-11-23,1170.0,107.94222479280633
1999-11-24,1162.0,108.72109458361844
1999-11-26,1159.0,108.67170030464207
1999-11-29,1160.0,109.04134204956216
1999-11-30,1159.5,109.1650187708737
1999-12-01,1157.5,109.38926055687945
1999-12-02,1150.0,109.71269754535254
1999-12-03,1150.5,109.67564297448374
1999-12-06,1150.2,107.92756448410674
1999-12-07,1139.0,108.02209566962443
1999-12-08,1125.0,107.82291691680554
1999-12-09,1130.0,108.44051416107811
1999-12-10,1132.8,108.49520518880325
1999-12-13,1128.0,108.89346827870884
1999-12-14,1134.0,109.40606069057142
1999-12-15,1135.0,109.44835245362353
1999-12-16,1131.0,108.60782098344313
1999-12-17,1130.5,109.23141549194585
1999-12-20,1135.0,109.35117719253819
1999-12-21,1134.5,109.0022802101872
1999-12-22,1131.7,109.0228024073141
1999-12-23,1131.0,108.38551087254815
1999-12-24,1132.6,108.77061990393634
1999-12-27,1133.7,108.54352881027847
1999-12-28,1143.0,108.97983963749044
1999-12-29,1142.5,109.09496578097318
1999-12-30,1133.0,109.33221668187716
1999-12-31,1136.0,108.89683356189242
2000-01-03,1128.0,108.16290481327341
2000-01-04,1122.5,107.28219761122547
2000-01-05,1135.0,107.17605191040431
2000-01-06,1146.5,107.43893085920767
2000-01-07,1138.0,107.68825323658872
2000-01-10,1133.5,108.04610398333938
2000-01-11,1147.0,107.60345951493254
2000-01-12,1144.5,107.82912231546966
2000-01-13,1135.5,107.89990161777436
2000-01-14,1125.0,108.93287383682937
2000-01-18,1127.0,108.89734807759477
2000-01-19,1134.0,108.90757151250972
2000-01-20,1126.0,108.67942025825661
2000-01-21,1128.0,108.82285344327153
2000-01-24,1124.5,109.42745595066798
2000-01-25,1127.0,109.35622981601647
2000-01-26,1127.8,109.61292002026349
2000-01-27,1125.0,110.3531818535581
2000-01-28,1121.0,111.86729453558245
2000-01-31,1124.0,111.98213841089913
2000-02-01,1127.0,112.1774116452294
2000-02-02,1131.0,112.05147960544296
2000-02-03,1130.5,111.08447840354492
2000-02-04,1130.0,112.09026329394722
2000-02-07,1129.6,112.08993938603831
2000-02-08,1129.5,111.47586538953679
2000-02-09,1124.0,110.99935714259556
2000-02-10,1121.0,111.38766774179349
2000-02-11,1115.0,111.67601616389067
2000-02-14,1128.0,112.17298979753811
2000-02-15,1128.0,111.80417009266927
2000-02-16,1126.0,111.70671586383135
2000-02-17,1128.0,111.68413707647531
2000-02-18,1129.0,111.8946947110967
2000-02-22,1135.0,110.32849022263034
2000-02-23,1136.0,110.79379014864855
2000-02-24,1144.0,111.38157382181777
2000-02-25,1137.0,112.60423737467092
2000-02-28,1135.0,113.00813587686349
2000-02-29,1131.31,113.43858548537735
2000-03-01,1128.5,112.52036398976203
2000-03-02,1120.5,113.32738400915932
2000-03-03,1120.5,113.33842698386907
2000-03-06,1119.3,113.52211177775025
2000-03-07,1118.7,113.56447913153794
2000-03-08,1119.2,113.54937144668027
2000-03-09,1123.0,112.65884152573285
2000-03-10,1120.2,112.83929585063532
2000-03-13,1121.0,112.82160167797765
2000-03-14,1118.4,112.83106780702963
2000-03-15,1118.5,112.59490183511836
2000-03-16,1118.0,112.51894844548512
2000-03-17,1117.3,112.72388551593568
2000-03-20,1118.18,112.65740323753016
2000-03-21,1117.0,112.7046025549514
2000-03-22,1113.0,113.44976424018397
2000-03-23,1110.0,112.79467940999146
2000-03-24,1108.7,112.3404500493462
2000-03-27,1112.1,112.93767576490042
2000-03-28,1112.5,112.88388653342919
2000-03-29,1109.4,113.56789818462111
2000-03-30,1107.5,112.9876569722924
2000-03-31,1105.5,112.70580442356994
2000-04-03,1113.0,113.07915429723523
2000-04-04,1114.0,112.9533571162488
2000-04-05,1115.5,112.49155048993771
2000-04-06,1112.0,113.0066619847971
2000-04-07,1107.5,113.02876820722904
2000-04-10,1110.5,113.21875489227003
2000-04-11,1110.0,113.26140205270461
2000-04-12,1108.5,113.41734838740756
2000-04-13,1107.0,113.63773656587273
2000-04-14,1111.2,113.32074247608426
2000-04-17,1113.8,113.3639314184195
2000-04-18,1110.0,114.04584041123577
2000-04-19,1109.5,114.85023523427189
2000-04-20,1109.0,114.8429074390504
2000-04-21,1108.5,114.90170883496734
2000-04-24,1108.8,114.73237925534741
2000-04-25,1108.5,115.73856946965549
2000-04-26,1108.1,116.28268351502936
2000-04-27,1111.0,117.42687209207067
2000-04-28,1110.0,117.78459251897041
2000-05-01,1110.0,117.61213608725168
2000-05-02,1110.1,118.01050729601631
2000-05-03,1110.0,119.58728583903341
2000-05-04,1111.5,119.52875455058515
2000-05-05,1111.0,119.35376240649818
2000-05-08,1109.7,119.38606726311936
2000-05-09,1109.5,118.88465506269188
2000-05-10,1109.2,118.42367016396828
2000-05-11,1113.0,119.05477713648077
2000-05-12,1113.5,118.38741129243182
2000-05-15,1114.9,118.13951442445783
2000-05-16,1115.0,118.90870152893102
2000-05-17,1115.6,120.19864613597848
2000-05-18,1118.8,119.88632094153947
2000-05-19,1122.5,119.59455900393586
2000-05-22,1131.5,118.8875176719149
2000-05-23,1135.0,119.10416206659386
2000-05-24,1133.5,118.71722130407254
2000-05-25,1129.9,118.90534652551435
2000-05-26,1137.5,116.75385683846994
2000-05-30,1137.0,116.55202954071767
2000-05-31,1130.0,116.57111817476572
2000-06-01,1133.0,116.86493866082317
2000-06-02,1125.2,115.51387648330271
2000-06-05,1118.0,115.06148287128953
2000-06-06,1117.0,113.91807710174642
2000-06-07,1113.2,113.66176419602799
2000-06-08,1116.0,114.29228733622854
2000-06-09,1115.5,114.54414153169049
2000-06-12,1113.4,114.31086670873839
2000-06-13,1114.4,113.68801797351102
2000-06-14,1114.5,113.97038856732135
2000-06-15,1115.0,114.36650919450571
2000-06-16,1116.4,113.36191883184934
2000-06-19,1122.22,113.46601165861883
2000-06-20,1120.0,113.97521720314337
2000-06-21,1119.3,114.89041326484569
2000-06-22,1118.8,115.06565852355543
2000-06-23,1119.5,115.56610524888733
2000-06-26,1118.2,115.6111202377225
2000-06-27,1118.3,115.09906501183826
2000-06-28,1116.5,115.01206876003079
2000-06-29,1115.0,114.33187580148842
2000-06-30,1115.15,114.30445627793848
2000-07-03,1113.9,114.34123891909681
2000-07-05,1117.5,114.460168225282
2000-07-06,1117.5,114.6576753943649
2000-07-07,1119.0,115.00817767251306
2000-07-10,1118.5,114.62626027985462
2000-07-11,1116.7,114.77782251709198
2000-07-12,1115.7,115.79028191056246
2000-07-13,1111.3,116.33945497628189
2000-07-14,1113.0,116.0149595059394
2000-07-17,1113.1,116.36318462332407
2000-07-18,1113.7,116.51775117689468
2000-07-19,1112.3,117.19514590896911
2000-07-20,1111.6,116.54269800349923
2000-07-21,1113.0,116.2336883372823
2000-07-24,1114.2,116.40129109315203
2000-07-25,1116.0,115.79943839633502
2000-07-26,1115.6,115.68043724371232
2000-07-27,1115.0,116.42496472184014
2000-07-28,1117.0,117.30712184732484
2000-07-31,1116.9,117.27340944862512
2000-08-01,1115.8,117.56604843662033
2000-08-02,1115.8,118.19748034440057
2000-08-03,1115.0,118.94287986264584
2000-08-04,1116.0,118.62210150027423
2000-08-07,1118.0,118.36440815558389
2000-08-08,1116.5,119.08705258996632
2000-08-09,1115.3,119.21066714619309
2000-08-10,1114.5,118.60661992957944
2000-08-11,1116.0,118.82947991249006
2000-08-14,1117.0,119.00995649698152
2000-08-15,1116.3,118.15783001639029
2000-08-16,1115.2,118.05000117938836
2000-08-17,1115.0,117.96090363116836
2000-08-18,1115.1,118.73297412831427
2000-08-21,1114.5,119.09013202808065
2000-08-22,1114.14,119.67973122774002
2000-08-23,1114.8,119.50997244463908
2000-08-24,1114.2,118.95904476920282
2000-08-25,1114.1,119.07125570063533
2000-08-28,1111.9,119.19560142650134
2000-08-29,1110.2,119.60635352251288
2000-08-30,1108.6,120.02860084232834
2000-08-31,1108.8,120.41477365190664
2000-09-01,1105.7,119.2150387490284
2000-09-05,1105.5,120.35480490223135
2000-09-06,1107.4,122.07809738776454
2000-09-07,1111.0,121.5774388778247
2000-09-08,1109.5,122.61117277257351
2000-09-11,1109.5,123.02689753032384
2000-09-12,1109.5,123.5479538525916
2000-09-13,1110.0,123.07318288947559
2000-09-14,1115.2,123.4173856008457
2000-09-15,1119.9,123.88125897725888
2000-09-18,1140.0,124.28785189110519
2000-09-19,1127.0,124.28063857391813
2000-09-20,1127.0,124.6570185724618
2000-09-21,1128.0,123.59079938826343
2000-09-22,1135.0,121.42047322643253
2000-09-25,1126.0,121.88269238082786
2000-09-26,1120.0,121.14909749437312
2000-09-27,1114.0,121.28485087456082
2000-09-28,1115.9,121.17044909471598
2000-09-29,1115.3,120.97486675374131
2000-10-02,1118.18,121.54483375764254
2000-10-03,1120.0,122.17065883366571
2000-10-04,1120.0,122.36241145341197
2000-10-05,1120.0,122.76580898557322
2000-10-06,1119.0,122.84659501433728
2000-10-10,1121.9,122.68978122349645
2000-10-11,1124.0,122.18855143139655
2000-10-12,1124.0,122.72301073589875
2000-10-13,1132.0,123.59560100858621
2000-10-16,1130.0,124.6371003864323
2000-10-17,1136.0,124.47553569852887
2000-10-18,1140.0,125.46396978569366
2000-10-19,1140.0,125.40265023200848
2000-10-20,1132.0,125.5426762048612
2000-10-23,1141.0,125.64727457219385
2000-10-24,1138.0,125.69129749530788
2000-10-25,1140.0,126.8074575244177
2000-10-26,1140.0,126.93594105784389
2000-10-27,1138.0,125.53562779812145
2000-10-30,1140.0,125.33556141038521
2000-10-31,1139.0,124.83948140868948
2000-11-01,1138.3,123.85389088150079
2000-11-02,1134.8,123.83750927687416
2000-11-03,1136.3,123.48063660207924
2000-11-06,1135.0,123.88801652724561
2000-11-07,1139.0,123.90809523956196
2000-11-08,1136.5,124.32588283150392
2000-11-09,1132.0,124.18489920620812
2000-11-10,1137.0,123.71898952483782
2000-11-13,1141.0,123.80445055678115
2000-11-14,1139.0,124.27933074227226
2000-11-15,1138.7,124.51337412964921
2000-11-16,1141.3,124.96428078073322
2000-11-17,1144.5,125.14277407809004
2000-11-20,1157.0,125.58601319912341
2000-11-21,1168.0,125.98407451088256
2000-11-22,1179.0,126.30854398026442
2000-11-24,1191.0,126.91942670470168
2000-11-27,1189.0,125.46731182672463
2000-11-28,1189.0,124.90200312371297
2000-11-29,1204.0,124.77972510168232
2000-11-30,1217.0,123.61090364675069
2000-12-01,1211.0,122.83188938972802
2000-12-04,1220.0,121.69543065965745
2000-12-05,1204.0,122.37607573594576
2000-12-06,1201.0,121.59384910401471
2000-12-07,1201.0,121.44364160827541
2000-12-08,1192.0,121.923134005847
2000-12-11,1184.0,122.29704316739587
2000-12-12,1191.0,122.46345123416835
2000-12-13,1192.1,122.74282971438434
2000-12-14,1203.0,121.6306774831914
2000-12-15,1208.0,120.51047836681013
2000-12-18,1206.0,121.03281578150371
2000-12-19,1209.0,121.42626364653765
2000-12-20,1218.0,119.96327670529797
2000-12-21,1228.8,119.49121096738898
2000-12-22,1237.3,118.5175275159261
2000-12-26,1252.5,118.06471664177637
2000-12-27,1260.0,118.02011204230853
2000-12-28,1253.0,118.39928531584802
2000-12-29,1267.0,117.18468083980655
2001-01-02,1279.0,116.59350923794227
2001-01-03,1271.5,116.42479290944684
2001-01-04,1265.0,116.88972703421582
2001-01-05,1264.7,116.26579155024633
2001-01-08,1263.6,116.6121809566959
2001-01-09,1253.3,117.5021674819489
2001-01-10,1270.0,117.50345430837001
2001-01-11,1279.2,116.57751279639727
2001-01-12,1279.2,117.05372346159244
2001-01-16,1283.8,118.06504091491571
2001-01-17,1279.0,118.78912047608911
2001-01-18,1286.0,117.53210216401476
2001-01-19,1276.12,118.17598744268872
2001-01-22,1275.1,118.02571853524611
2001-01-23,1275.1,117.89846366020755
2001-01-24,1275.8,119.25858186339386
2001-01-25,1277.5,119.39078828314555
2001-01-26,1281.9,119.44987930679349
2001-01-29,1266.0,119.6016873196264
2001-01-30,1265.5,118.71564289519233
2001-01-31,1258.0,118.46775136867112
2001-02-01,1257.0,117.5375732180788
2001-02-02,1249.5,117.88337052048286
2001-02-05,1263.0,117.52899624307716
2001-02-06,1259.0,118.42914368480525
2001-02-07,1270.0,118.36201483478413
2001-02-08,1267.0,119.78901094965116
2001-02-09,1265.0,119.21585612176368
2001-02-12,1264.1,119.1505170632813
2001-02-13,1255.5,119.83655082956015
2001-02-14,1252.5,119.80264541894883
2001-02-15,1242.0,120.88858123015906
2001-02-16,1244.0,120.03287396914715
2001-02-20,1234.0,120.70478964712345
2001-02-21,1240.0,121.04557442672335
2001-02-22,1241.1,121.08197790681967
2001-02-23,1249.1,120.78809314230462
2001-02-26,1247.1,120.83850158469777
2001-02-27,1249.5,120.48698181548588
2001-02-28,1254.8,119.94499591018808
2001-03-01,1253.1,119.25975615416695
2001-03-02,1268.0,118.93988349525843
2001-03-05,1275.0,119.39259545452185
2001-03-06,1265.5,119.12046919975498
2001-03-07,1274.5,119.71372568043397
2001-03-08,1272.0,119.56408677380851
2001-03-09,1269.1,119.3085726718788
2001-03-12,1280.0,119.61177351684259
2001-03-13,1276.0,120.9905511747234
2001-03-14,1278.0,121.26231348513959
2001-03-15,1286.0,122.30498283329526
2001-03-16,1295.0,123.65122126782434
2001-03-19,1298.0,123.17239600714448
2001-03-20,1297.01,122.47579651679264
2001-03-21,1310.0,123.41194081898486
2001-03-22,1324.0,124.38136488583277
2001-03-23,1310.0,123.61986856949721
2001-03-26,1310.7,123.25608307596293
2001-03-27,1312.0,123.81873288159422
2001-03-28,1302.0,123.97997283147231
2001-03-29,1323.0,124.84828421928535
2001-03-30,1332.0,125.39044256559389
2001-04-02,1350.0,125.26845563159851
2001-04-03,1350.0,124.04017662179548
2001-04-04,1369.0,123.20195818617078
2001-04-05,1352.0,123.50206255005227
2001-04-06,1342.1,122.97013800626218
2001-04-09,1341.9,122.90674376600066
2001-04-10,1334.0,124.01963817782844
2001-04-11,1326.0,124.38370361420274
2001-04-12,1316.1,123.53316006499249
2001-04-13,1325.3,123.99170855556824
2001-04-16,1330.0,124.28284209344466
2001-04-17,1325.0,124.66479368278713
2001-04-18,1316.0,124.59217920601138
2001-04-19,1299.0,123.38048463770062
2001-04-20,1313.1,122.31118912402756
2001-04-23,1314.5,122.94757735310323
2001-04-24,1307.0,123.17058081529622
2001-04-25,1307.9,122.91654168148466
2001-04-26,1317.0,122.69659470797889
2001-04-27,1328.0,123.52839794554019
2001-04-30,1319.0,123.98087554350577
2001-05-01,1319.0,123.14858261248267
2001-05-02,1310.0,123.21686111976474
2001-05-03,1296.0,123.48309308490293
2001-05-04,1292.5,123.05037287898428
2001-05-07,1297.1,123.25238983290377
2001-05-08,1304.0,124.01683744658135
2001-05-09,1301.9,124.2032443765821
2001-05-10,1307.0,124.72549995091616
2001-05-11,1298.0,125.05396210212935
2001-05-14,1298.0,125.28882796162064
2001-05-15,1303.7,124.82270802679155
2001-05-16,1310.0,124.28894018345414
2001-05-17,1302.1,124.22144157486414
2001-05-18,1304.1,124.78374738864987
2001-05-21,1303.0,124.72463441812722
2001-05-22,1305.0,125.86050830287778
2001-05-23,1287.0,126.17717314858757
2001-05-24,1286.0,126.56680970053384
2001-05-25,1289.3,126.469362197728
2001-05-29,1290.0,126.62663439558543
2001-05-30,1290.0,126.3915358122083
2001-05-31,1282.0,127.45845746250232
2001-06-01,1286.0,127.47350481602952
2001-06-04,1285.0,127.63938390385341
2001-06-05,1287.0,127.18071424239332
2001-06-06,1286.0,127.90266092594207
2001-06-07,1286.0,127.33886294636909
2001-06-08,1286.0,127.53866998707419
2001-06-11,1289.0,128.56701093420972
2001-06-12,1291.0,128.0319718125858
2001-06-13,1293.0,127.25315315822566
2001-06-14,1293.0,126.49491641257326
2001-06-15,1293.0,126.33476111685823
2001-06-18,1293.0,126.61240810623329
2001-06-19,1305.0,127.13463847146018
2001-06-20,1305.0,127.7279449904764
2001-06-21,1303.0,127.27095120619659
2001-06-22,1304.0,127.043090404573
2001-06-25,1303.0,126.54575902883644
2001-06-26,1301.0,126.39629500322125
2001-06-27,1300.0,126.46209078879023
2001-06-28,1304.0,128.1205529277785
2001-06-29,1303.0,128.063869966407
2001-07-02,1303.0,128.08437110065898
2001-07-03,1295.0,127.98216250225383
2001-07-05,1297.0,129.26430745271034
2001-07-06,1299.0,128.31229608162772
2001-07-09,1297.0,128.22240089407538
2001-07-10,1300.0,127.39523528131902
2001-07-11,1309.0,126.65238192203584
2001-07-12,1301.0,127.50777101146134
2001-07-13,1308.0,127.76759157475034
2001-07-16,1315.0,127.62264950612378
2001-07-17,1316.0,127.5293712125966
2001-07-18,1312.0,125.81301516451754
2001-07-19,1305.0,125.84867487943033
2001-07-20,1305.0,125.44993903016338
2001-07-23,1315.0,126.11525442589753
2001-07-24,1315.0,125.30200247955443
2001-07-25,1310.0,124.79226413546404
2001-07-26,1300.0,125.07709863442648
2001-07-27,1300.0,125.14827193755313
2001-07-30,1305.0,125.37381438864054
2001-07-31,1303.0,125.3571793017229
2001-08-01,1297.0,124.8975338269334
2001-08-02,1289.0,124.59854045322145
2001-08-03,1287.0,124.231462878376
2001-08-06,1294.0,124.7029428838168
2001-08-07,1290.0,124.9928322846588
2001-08-08,1285.0,124.89249111741245
2001-08-09,1289.0,123.8455658712774
2001-08-10,1284.0,123.20505914867806
2001-08-13,1284.0,122.96116632505162
2001-08-14,1289.0,122.41632002131975
2001-08-15,1284.0,121.24230298846997
2001-08-16,1284.0,121.03105795555607
2001-08-17,1284.0,120.9128608508453
2001-08-20,1286.0,121.41218589272584
2001-08-21,1284.0,121.38211877329175
2001-08-22,1283.0,120.6032324338738
2001-08-23,1284.0,120.88229564209392
2001-08-24,1281.0,121.34233272258055
2001-08-27,1281.0,121.50883707082959
2001-08-28,1281.0,121.45355048732695
2001-08-29,1282.0,121.46183413332673
2001-08-30,1284.0,120.8703581323068
2001-08-31,1284.0,121.41253990263318
2001-09-04,1281.0,123.60132195141043
2001-09-05,1282.0,123.43262848320383
2001-09-06,1282.0,123.0261572354496
2001-09-07,1290.0,122.05286999577088
2001-09-10,1290.0,122.72237802856725
2001-09-12,1284.5,121.66377836780434
2001-09-13,1290.0,121.40223063892525
2001-09-14,1295.0,120.26292757606906
2001-09-17,1298.5,120.31308959896138
2001-09-18,1296.0,120.05216178487744
2001-09-19,1287.0,119.30899766864226
2001-09-20,1298.0,119.6664176837769
2001-09-21,1298.0,121.18890028043894
2001-09-24,1307.0,120.95058725797135
2001-09-25,1308.0,120.17878509549408
2001-09-26,1300.0,120.134772070409
2001-09-27,1300.0,120.83770444816639
2001-09-28,1302.0,121.44339423110438
2001-10-01,1308.0,121.00453188406323
2001-10-02,1309.0,121.27550107194405
2001-10-03,1309.0,120.8341486421094
2001-10-04,1313.0,121.13950586464864
2001-10-05,1312.0,120.81089269084958
2001-10-09,1307.0,121.08515567025327
2001-10-10,1308.0,121.55291234342273
2001-10-11,1302.0,122.67946278220529
2001-10-12,1299.0,121.84347546187442
2001-10-15,1299.0,121.83029190673376
2001-10-16,1300.0,121.75598914952589
2001-10-17,1300.0,121.97143733952763
2001-10-18,1300.0,122.45569007350338
2001-10-19,1302.0,122.87069261551959
2001-10-22,1303.0,123.9424960943456
2001-10-23,1304.0,124.09617917446603
2001-10-24,1296.0,123.76896359146737
2001-10-25,1296.0,123.36270151417249
2001-10-26,1297.0,123.71527185596572
2001-10-29,1294.0,122.40504776912172
2001-10-30,1298.0,122.25923158902403
2001-10-31,1296.0,122.99255403450347
2001-11-01,1296.0,122.36190321670881
2001-11-02,1296.0,122.40930651042325
2001-11-05,1296.0,123.10221420975446
2001-11-06,1295.0,122.8689348358951
2001-11-07,1292.0,122.53941328858718
2001-11-08,1285.0,123.30476387538293
2001-11-09,1283.0,123.13916670591428
2001-11-13,1288.0,124.52422296162078
2001-11-14,1284.0,124.33977696472857
2001-11-15,1283.0,124.65745233864662
2001-11-16,1283.0,124.42081186603127
2001-11-19,1284.0,125.2782858285963
2001-11-20,1283.0,124.70425850330652
2001-11-21,1280.0,125.33188789700885
2001-11-23,1270.0,125.65017934487499
2001-11-26,1265.0,125.2238595640023
2001-11-27,1265.0,125.15557370576907
2001-11-28,1272.0,124.43245324898261
2001-11-29,1269.0,124.38798651171065
2001-11-30,1273.0,123.52816008937101
2001-12-03,1278.0,124.24927651239003
2001-12-04,1274.1,124.2298142660057
2001-12-05,1270.9,124.63579828312805
2001-12-06,1274.4,124.08016409793677
2001-12-07,1274.0,124.17516106164175
2001-12-10,1282.6,124.4833744356485
2001-12-11,1278.3,124.27119373138373
2001-12-12,1274.4,123.77396422374441
2001-12-13,1274.6,123.46148301489838
2001-12-14,1285.9,122.91749475987314
2001-12-17,1293.5,122.94376172641724
2001-12-18,1291.9,123.2708173154808
2001-12-19,1292.2,123.55774429516455
2001-12-20,1300.2,123.91293625427822
2001-12-21,1308.9,125.12590580432033
2001-12-24,1308.2,126.17017355630513
2001-12-26,1318.0,126.17347977713837
2001-12-27,1329.1,125.54534837020279
2001-12-28,1323.0,125.69303759755007
2001-12-31,1313.5,124.82517856694878
2002-01-02,1317.4,123.89797487978232
2002-01-03,1312.7,124.25331410876717
2002-01-04,1308.7,124.48686885307498
2002-01-07,1302.0,124.68383010081536
2002-01-08,1309.5,124.91265446115895
2002-01-09,1311.9,125.35903846643798
2002-01-10,1312.3,124.92903778488993
2002-01-11,1315.5,124.99123968839527
2002-01-14,1312.3,124.68311744196696
2002-01-15,1316.9,124.76462664605731
2002-01-16,1315.8,125.67226704969875
2002-01-17,1317.3,126.18632031142164
2002-01-18,1320.5,125.81974038288453
2002-01-22,1320.4,126.10610523472808
2002-01-23,1331.5,126.15092592060502
2002-01-24,1330.5,126.73102166091293
2002-01-25,1327.6,128.11755294764706
2002-01-28,1321.3,128.5090409566333
2002-01-29,1313.6,127.922248416215
2002-01-30,1311.0,127.76109753545195
2002-01-31,1314.4,128.48148411134943
2002-02-01,1317.6,128.233203836859
2002-02-04,1322.5,127.38756459462248
2002-02-05,1316.8,127.72236366129889
2002-02-06,1316.7,127.57248787585493
2002-02-07,1318.2,127.59411285446188
2002-02-08,1320.2,127.30983115683206
2002-02-11,1320.2,126.57355739301556
2002-02-12,1320.2,126.49185512467622
2002-02-13,1324.5,126.92367724452495
2002-02-14,1316.2,126.94779632502741
2002-02-15,1315.2,126.80370502015788
2002-02-19,1321.0,126.57662718589198
2002-02-20,1320.0,127.22717407807681
2002-02-21,1318.8,127.21655978520637
2002-02-22,1322.0,126.70454112473082
2002-02-25,1323.9,127.17704080492315
2002-02-26,1325.4,127.6424348771072
2002-02-27,1327.3,128.09897207031227
2002-02-28,1323.8,127.86260812469253
2002-03-01,1323.8,127.72399420252793
2002-03-04,1318.2,126.96817293393138
2002-03-05,1316.4,127.05438588661004
2002-03-06,1316.3,126.09325122225268
2002-03-07,1314.5,125.35854007973093
2002-03-08,1314.3,125.96423538330018
2002-03-11,1317.0,125.79062239812974
2002-03-12,1318.5,126.0538271045555
2002-03-13,1320.5,126.1099486999504
2002-03-14,1320.5,125.55837918460234
2002-03-15,1322.8,125.41294023426758
2002-03-18,1325.5,125.63760764074817
2002-03-19,1326.5,125.96092572839002
2002-03-20,1325.8,125.48666948633313
2002-03-21,1326.8,125.49186790205256
2002-03-22,1328.4,126.03815384871271
2002-03-25,1331.5,126.40027981758493
2002-03-26,1329.3,126.36026440508364
2002-03-27,1331.5,126.78896105863862
2002-03-28,1327.0,126.94170735778918
2002-03-29,1325.9,126.89626625493538
2002-04-01,1327.5,125.97396708485736
2002-04-02,1329.0,126.22602982855219
2002-04-03,1329.0,125.91877955637496
2002-04-04,1330.5,126.13756262733222
2002-04-05,1330.5,125.78191162551913
2002-04-08,1328.2,126.3395607841951
2002-04-09,1329.6,125.89348584553133
2002-04-10,1329.2,125.81931780777832
2002-04-11,1330.0,125.51973608730127
2002-04-12,1332.0,125.94309288988629
2002-04-15,1327.9,125.87265987405065
2002-04-16,1325.6,125.4523730082435
2002-04-17,1318.7,124.78999216263273
2002-04-18,1313.2,124.53236392515326
2002-04-19,1312.2,124.63856288264074
2002-04-22,1308.8,124.72520530252403
2002-04-23,1306.3,124.54468930262543
2002-04-24,1307.0,124.32208540320885
2002-04-25,1297.6,123.49017440999688
2002-04-26,1297.6,123.43246030463352
2002-04-29,1293.6,122.9771194841406
2002-04-30,1294.0,123.29366611920166
2002-05-01,1294.0,122.47212250438625
2002-05-02,1288.0,122.835434806582
2002-05-03,1284.0,121.84276246832472
2002-05-06,1281.2,121.5853517984641
2002-05-07,1279.5,121.88562206031601
2002-05-08,1285.4,123.04516125137457
2002-05-09,1282.4,122.508506282956
2002-05-10,1280.0,122.1208520886497
2002-05-13,1277.4,122.21368865685932
2002-05-14,1279.3,123.15658281006004
2002-05-15,1277.5,122.47213221028073
2002-05-16,1269.8,122.23058494651177
2002-05-17,1261.6,120.92733752773331
2002-05-20,1253.6,120.81842627810981
2002-05-21,1249.6,120.74262312098129
2002-05-22,1242.2,120.10097600632395
2002-05-23,1241.1,120.48895332776652
2002-05-24,1238.2,120.57624511665955
2002-05-28,1232.5,119.9285163870841
2002-05-29,1229.3,119.74309064386193
2002-05-30,1222.5,118.99222475135076
2002-05-31,1219.3,119.39527035963707
2002-06-03,1230.0,118.9288489990519
2002-06-04,1215.1,118.72217665846127
2002-06-05,1219.0,119.13520785536807
2002-06-06,1230.0,118.5718110478226
2002-06-07,1233.0,118.65499558152025
2002-06-10,1225.5,118.72711195812613
2002-06-11,1220.5,118.77376864675037
2002-06-12,1228.6,118.53849843185968
2002-06-13,1228.6,118.75125574023677
2002-06-14,1231.1,118.61467729519659
2002-06-17,1225.1,118.56626266285656
2002-06-18,1229.0,118.15902861064791
2002-06-19,1225.0,117.57797514848622
2002-06-20,1220.0,116.47411267845546
2002-06-21,1214.4,115.66818551460173
2002-06-24,1208.5,114.9503182315157
2002-06-25,1208.7,115.83627612649703
2002-06-26,1198.9,114.3700962741451
2002-06-27,1197.9,113.7322614930557
2002-06-28,1205.0,114.08755242819961
2002-07-01,1201.3,113.78509155787418
2002-07-02,1200.8,114.23201105598339
2002-07-03,1202.8,114.42748542094309
2002-07-05,1199.9,115.17722656297111
2002-07-08,1195.0,113.80788275027521
2002-07-09,1177.2,113.07201315535582
2002-07-10,1174.4,113.49899781842953
2002-07-11,1174.5,112.99828486191217
2002-07-12,1177.0,113.24729847659835
2002-07-15,1171.6,111.84830801362727
2002-07-16,1166.8,111.67539675843915
2002-07-17,1166.8,111.84029736494288
2002-07-18,1169.8,112.03815877460369
2002-07-19,1165.6,111.13316921960754
2002-07-22,1160.6,111.7645727408038
2002-07-23,1168.21,113.38147215231767
2002-07-24,1170.1,113.06821512214998
2002-07-25,1165.9,112.67799712254421
2002-07-26,1185.4,113.94862505184672
2002-07-29,1195.0,114.81295195625698
2002-07-30,1188.0,113.92231347505438
2002-07-31,1183.0,114.7159689320021
2002-08-01,1182.8,114.35487808170238
2002-08-02,1184.3,113.98387624916069
2002-08-05,1197.5,114.35891623666198
2002-08-06,1209.0,116.40556257913546
2002-08-07,1206.0,115.47827975818419
2002-08-08,1206.7,116.30383005685707
2002-08-09,1203.5,115.66692072790234
2002-08-12,1201.0,114.95417860970845
2002-08-13,1204.0,114.8448203665735
2002-08-14,1186.3,113.77577691354989
2002-08-15,1186.0,114.27761010490707
2002-08-16,1188.9,114.17558221255335
2002-08-19,1194.0,114.93643264614568
2002-08-20,1195.0,114.94162994118942
2002-08-21,1192.0,114.63425835161163
2002-08-22,1193.7,115.68665204800723
2002-08-23,1202.5,115.39036150364
2002-08-26,1205.3,115.30432336625404
2002-08-27,1199.8,114.39808063603199
2002-08-28,1200.0,114.36126512659256
2002-08-29,1205.0,114.20274785818194
2002-08-30,1201.9,114.46782327865745
2002-09-03,1200.5,112.98730331016631
2002-09-04,1195.1,113.4029688247885
2002-09-05,1191.2,113.50793714725879
2002-09-06,1196.6,114.04662121893467
2002-09-09,1196.8,114.29815831723751
2002-09-10,1194.1,115.00320499210713
2002-09-11,1210.0,115.40259170418896
2002-09-12,1201.0,115.15081352020862
2002-09-13,1203.7,115.36541576186085
2002-09-16,1220.0,115.676026057754
2002-09-17,1218.6,116.11016266824505
2002-09-18,1213.0,115.00384631503755
2002-09-19,1210.0,114.67117780194523
2002-09-20,1210.0,114.69673857963916
2002-09-23,1220.3,115.00037007974313
2002-09-24,1232.0,115.00738577923697
2002-09-25,1235.0,114.9880437347477
2002-09-26,1228.6,115.34227349046088
2002-09-27,1227.9,115.23977199463938
2002-09-30,1227.7,114.21359066638936
2002-10-01,1227.5,114.4507908971216
2002-10-02,1230.4,114.68340503329512
2002-10-03,1230.4,114.43184343902905
2002-10-04,1232.4,114.85664814945375
2002-10-07,1240.7,115.1085183632341
2002-10-08,1254.0,115.35219542156393
2002-10-09,1246.5,114.68920314465726
2002-10-10,1257.8,114.70409720156906
2002-10-11,1260.3,114.78767496099283
2002-10-15,1260.0,115.22483523212215
2002-10-16,1246.9,115.06173625100145
2002-10-17,1249.0,115.91177057798949
2002-10-18,1244.0,116.13693622059395
2002-10-21,1240.0,115.8429788417067
2002-10-22,1250.0,115.4897669298521
2002-10-23,1231.9,115.42824521345553
2002-10-24,1231.9,115.68887829571268
2002-10-25,1231.6,115.40728634064072
2002-10-28,1233.5,114.6352506295002
2002-10-29,1227.4,114.47148295283009
2002-10-30,1234.0,114.6618834902532
2002-10-31,1224.0,114.1960114783068
2002-11-01,1225.8,113.43199174669518
2002-11-04,1223.0,113.68103970710087
2002-11-05,1230.0,113.23871363203479
2002-11-06,1229.0,113.46491137586564
2002-11-07,1212.2,112.27916262613391
2002-11-08,1202.0,111.69659503595629
2002-11-12,1200.5,112.00372027607298
2002-11-13,1197.2,112.4663573095681
2002-11-14,1206.7,112.72978948727945
2002-11-15,1203.3,112.41167579505006
2002-11-18,1212.0,112.55334527896083
2002-11-19,1203.5,112.34730353929994
2002-11-20,1211.5,113.15630053933623
2002-11-21,1218.0,113.42956598826362
2002-11-22,1206.9,113.55565114782846
2002-11-25,1215.0,113.779363462462
2002-11-26,1201.1,114.06759493922497
2002-11-27,1197.4,114.30701766205422
2002-11-29,1198.7,113.90579661702611
2002-12-02,1220.0,114.13304150786941
2002-12-03,1217.6,113.6791862039406
2002-12-04,1216.5,113.53220544741819
2002-12-05,1221.0,113.61259383696502
2002-12-06,1221.0,112.80081805024287
2002-12-09,1209.0,112.637643988848
2002-12-10,1213.0,112.86365668567385
2002-12-11,1208.0,112.69579894667467
2002-12-12,1208.0,111.79994653288286
2002-12-13,1205.0,111.2443826811568
2002-12-16,1203.4,111.40714746142845
2002-12-17,1204.0,110.87563892996013
2002-12-18,1202.0,110.91597516288046
2002-12-19,1202.0,111.11971572240553
2002-12-20,1205.0,110.72044337461357
2002-12-23,1201.0,111.21548335539026
2002-12-24,1200.9,110.43478134828469
2002-12-26,1200.0,110.06157543688695
2002-12-27,1198.0,109.75064837575711
2002-12-30,1197.2,109.27742829184378
2002-12-31,1186.3,109.07620634258055
2003-01-02,1190.0,110.14096620931437
2003-01-03,1197.3,109.62763767041164
2003-01-06,1189.0,109.11581930004479
2003-01-07,1185.0,109.5985225682006
2003-01-08,1186.0,109.32447440287153
2003-01-09,1182.0,109.21475042200828
2003-01-10,1181.0,108.68791394365635
2003-01-13,1177.0,108.6390480838213
2003-01-14,1176.0,108.22483296454875
2003-01-15,1175.0,108.18702212644281
2003-01-16,1171.0,108.22293323862993
2003-01-17,1173.5,107.51427727371056
2003-01-21,1178.0,107.54411724408882
2003-01-22,1176.9,107.12490352968594
2003-01-23,1166.1,106.73202557483592
2003-01-24,1166.1,106.2625334323486
2003-01-27,1164.6,106.29342570155256
2003-01-28,1173.0,106.36366638420995
2003-01-29,1168.0,105.97067199121125
2003-01-30,1165.0,106.66990759447634
2003-01-31,1165.0,107.05077211660397
2003-02-03,1184.0,106.92934568904106
2003-02-04,1177.0,106.01833465088538
2003-02-05,1174.3,106.29307206080004
2003-02-06,1173.0,106.44997488292881
2003-02-07,1184.5,106.7345721315944
2003-02-10,1196.6,107.30940139800849
2003-02-11,1206.0,107.30159777581524
2003-02-12,1199.4,107.53467192703657
2003-02-13,1203.5,106.55738787821979
2003-02-14,1196.5,106.85838726057462
2003-02-18,1199.0,107.40179957558102
2003-02-19,1193.0,107.08869566701227
2003-02-20,1191.4,106.47745602328462
2003-02-21,1194.0,106.83947685170261
2003-02-24,1187.1,106.67061938912902
2003-02-25,1192.0,106.6724165584911
2003-02-26,1186.0,106.52404623334593
2003-02-27,1186.0,106.82601208354355
2003-02-28,1193.7,106.8125087961497
2003-03-03,1184.6,106.39727081403628
2003-03-04,1197.0,105.97522762226681
2003-03-05,1199.2,105.19659691708196
2003-03-06,1218.0,104.97111776590683
2003-03-07,1219.0,104.78766834270562
2003-03-10,1243.0,104.51507816185593
2003-03-11,1225.8,104.84622128520061
2003-03-12,1245.0,104.80828711109314
2003-03-13,1241.0,106.02110461038863
2003-03-14,1241.5,107.14052736317804
2003-03-17,1249.8,108.02998952624577
2003-03-18,1254.8,108.01074650596951
2003-03-19,1258.0,108.357272086013
2003-03-20,1245.0,108.15166618058292
2003-03-21,1254.0,108.8784873919708
2003-03-24,1251.1,108.01023292941572
2003-03-25,1251.0,107.75581414828605
2003-03-26,1244.4,107.67440666044833
2003-03-27,1247.0,107.47072808659554
2003-03-28,1260.0,107.14819095465144
2003-03-31,1252.0,105.92514650347707
2003-04-01,1262.0,105.97202754287295
2003-04-02,1255.4,107.10380963168815
2003-04-03,1256.0,107.26049714889734
2003-04-04,1258.0,107.57199148990952
2003-04-07,1257.8,108.36331774386235
2003-04-08,1253.5,107.75653083087148
2003-04-09,1246.0,107.5355629220581
2003-04-10,1230.0,106.72253710075641
2003-04-11,1229.6,107.12434146526203
2003-04-14,1225.0,106.96755146559896
2003-04-15,1220.0,106.80054010127434
2003-04-16,1217.0,106.31931240153995
2003-04-17,1207.0,105.96000278231622
2003-04-18,1204.0,106.18571104860455
2003-04-21,1209.0,106.60771615489857
2003-04-22,1219.0,105.59931066540598
2003-04-23,1219.0,105.76428962545984
2003-04-24,1220.5,105.04747900132489
2003-04-25,1238.5,105.11936160546914
2003-04-28,1222.5,105.3992300582867
2003-04-29,1219.0,105.2660026836936
2003-04-30,1215.5,103.9578134965693
2003-05-01,1213.0,103.34530441428676
2003-05-02,1213.0,103.73206748514332
2003-05-05,1217.0,103.15472452364064
2003-05-06,1201.0,102.47974620761018
2003-05-07,1199.0,102.48389326982364
2003-05-08,1199.0,101.74205638171715
2003-05-09,1202.0,101.5432777059953
2003-05-12,1192.0,101.13302611792605
2003-05-13,1196.0,101.42463278998996
2003-05-14,1200.0,101.25432135364488
2003-05-15,1196.4,101.34782348763619
2003-05-16,1199.9,100.83485263150587
2003-05-19,1195.0,99.97584196932638
2003-05-20,1202.0,99.87214785850468
2003-05-21,1194.3,99.8062559190978
2003-05-22,1195.4,100.02564150512195
2003-05-23,1194.4,99.5884620839758
2003-05-27,1198.9,99.21278541177824
2003-05-28,1200.5,100.09832960254542
2003-05-29,1207.1,99.41134950175915
2003-05-30,1210.0,99.93538821363283
2003-06-02,1203.0,99.92724530408478
2003-06-03,1201.5,100.39289108959716
2003-06-04,1201.0,100.11853699815228
2003-06-05,1200.3,98.80505488262114
2003-06-06,1200.3,100.00636659827691
2003-06-09,1196.7,99.79880374557568
2003-06-10,1194.5,100.04731249436952
2003-06-11,1195.4,99.40412338296694
2003-06-12,1193.4,99.36448126621269
2003-06-13,1192.0,98.91890928041933
2003-06-16,1190.3,98.80386351234655
2003-06-17,1185.0,98.99357780555175
2003-06-18,1185.0,99.59225000121059
2003-06-19,1200.0,99.95810320824786
2003-06-20,1190.6,100.38620695515452
2003-06-23,1190.3,100.62038474721365
2003-06-24,1193.0,101.05635601170397
2003-06-25,1187.2,100.24089877976138
2003-06-26,1186.9,101.57601627387159
2003-06-27,1194.6,101.73492955986175
2003-06-30,1196.0,101.35143266968909
2003-07-01,1192.0,100.75275686142623
2003-07-02,1187.2,100.86326627315478
2003-07-03,1183.7,100.86366349484825
2003-07-07,1182.1,102.04880562009669
2003-07-08,1180.3,102.80786324888953
2003-07-09,1179.2,102.48203294185822
2003-07-10,1178.5,102.04208211675801
2003-07-11,1180.0,102.52468457421516
2003-07-14,1176.3,102.56882160879745
2003-07-15,1180.0,103.25274249695556
2003-07-16,1180.0,103.4920923028481
2003-07-17,1180.0,103.96855145972044
2003-07-18,1181.0,103.58673326483637
2003-07-21,1178.6,102.80222558071458
2003-07-22,1183.0,103.11804751878809
2003-07-23,1180.9,101.93134959236806
2003-07-24,1179.9,102.20030459359398
2003-07-25,1180.2,101.56617135420595
2003-07-28,1183.0,101.67459753523386
2003-07-29,1178.7,101.94882852067569
2003-07-30,1180.0,102.76470940110362
2003-07-31,1181.0,103.67757622101443
2003-08-01,1185.0,103.45472488942082
2003-08-04,1182.0,103.025428043981
2003-08-05,1187.9,102.87859586291519
2003-08-06,1186.0,102.873831131642
2003-08-07,1185.0,102.37006181980198
2003-08-08,1181.1,102.86122566326621
2003-08-11,1180.0,102.60077459777753
2003-08-12,1179.0,102.91519877254892
2003-08-13,1179.8,102.8546397563424
2003-08-14,1178.0,103.38817552723657
2003-08-15,1178.0,103.36605864637879
2003-08-18,1180.0,104.20309922497653
2003-08-19,1179.2,104.39416918831022
2003-08-20,1175.6,104.29984680795478
2003-08-21,1173.0,105.0826066554416
2003-08-22,1168.0,105.85652945843378
2003-08-25,1171.0,105.64351832313282
2003-08-26,1170.0,105.60376657588196
2003-08-27,1178.0,105.59578841763548
2003-08-28,1179.0,105.56522313418814
2003-08-29,1175.0,104.7982943578107
2003-09-02,1178.0,105.47762038637524
2003-09-03,1174.3,105.5675490463183
2003-09-04,1178.0,105.23276136149708
2003-09-05,1171.0,104.08205112539072
2003-09-08,1173.0,103.73488542175443
2003-09-09,1170.0,103.27277588492146
2003-09-10,1170.0,103.35562663856307
2003-09-11,1174.0,103.37579124248089
2003-09-12,1174.0,102.55001694309537
2003-09-15,1172.9,102.65550185427118
2003-09-16,1170.0,103.45499476433592
2003-09-17,1172.0,102.81141545681459
2003-09-18,1171.0,102.61233088792696
2003-09-19,1166.0,101.59977305505144
2003-09-22,1152.0,100.51979261403167
2003-09-23,1154.0,100.31707453463568
2003-09-24,1150.5,100.37540603525575
2003-09-25,1152.0,100.251125347306
2003-09-26,1150.0,100.31189953343885
2003-09-29,1150.6,99.62917041567728
2003-09-30,1150.2,99.30282817244193
2003-10-01,1151.9,98.83810666382468
2003-10-02,1150.0,98.64093903590799
2003-10-03,1148.0,99.48579354109917
2003-10-06,1151.5,98.75293144708006
2003-10-07,1149.0,98.21494593358348
2003-10-08,1150.0,98.1148280336867
2003-10-09,1148.7,98.738754418655
2003-10-10,1146.0,97.85751481343249
2003-10-14,1175.0,98.35939791861269
2003-10-15,1170.5,98.81635469331204
2003-10-16,1174.9,98.6367759871043
2003-10-17,1179.0,98.87598229555628
2003-10-20,1182.0,98.78653284723505
2003-10-21,1182.0,98.65542105220088
2003-10-22,1182.0,97.63137031195352
2003-10-23,1190.0,97.80120446659471
2003-10-24,1186.0,97.53354192772714
2003-10-27,1183.0,97.85705137598995
2003-10-28,1186.0,98.24688738161619
2003-10-29,1179.0,98.26479792426147
2003-10-30,1177.0,98.11303455413949
2003-10-31,1184.0,98.97450515919822
2003-11-03,1186.0,100.20196987650401
2003-11-04,1186.0,99.73985670763905
2003-11-05,1187.0,99.92740431211644
2003-11-06,1181.0,100.37125835763207
2003-11-07,1180.0,99.65098511557674
2003-11-10,1175.0,99.32767325136793
2003-11-12,1173.0,98.5618079465298
2003-11-13,1171.0,98.10129392194081
2003-11-14,1171.3,97.97729125148939
2003-11-17,1183.0,98.06445652651774
2003-11-18,1181.0,96.98600116517503
2003-11-19,1178.0,97.04324020178521
2003-11-20,1191.9,97.0682032892162
2003-11-21,1195.7,96.94956402409318
2003-11-24,1207.0,97.98098992329527
2003-11-25,1203.0,97.84822330238374
2003-11-26,1203.0,96.94803179890802
2003-11-28,1202.1,96.47120321357521
2003-12-01,1200.0,96.71868009166005
2003-12-02,1195.5,95.87314232085004
2003-12-03,1196.0,95.77392514843224
2003-12-04,1192.0,95.97546297720129
2003-12-05,1191.0,95.38844781112454
2003-12-08,1187.0,94.9035947316884
2003-12-09,1186.0,94.87396414109631
2003-12-10,1186.0,95.07313758227218
2003-12-11,1187.8,95.45696514165459
2003-12-12,1185.1,94.68779398917212
2003-12-15,1183.0,94.65751391558543
2003-12-16,1192.0,94.47810622212732
2003-12-17,1188.7,94.16251971076292
2003-12-18,1189.0,94.26287896386334
2003-12-19,1194.0,94.31873204788589
2003-12-22,1195.0,94.06369789304044
2003-12-23,1196.0,94.05614652487908
2003-12-24,1200.0,93.59152427544771
2003-12-26,1199.9,93.69489462788201
2003-12-29,1198.0,93.47731325303755
2003-12-30,1197.4,93.22083961224378
2003-12-31,1192.0,92.74382384548122
2004-01-02,1195.1,92.69717808876621
2004-01-05,1192.1,92.02026342262116
2004-01-06,1186.0,91.52940626976321
2004-01-07,1187.0,92.10445636753865
2004-01-08,1182.5,91.45143110747256
2004-01-09,1181.7,90.96948972129007
2004-01-12,1175.0,91.20792129091645
2004-01-13,1181.0,91.53568879245658
2004-01-14,1180.3,91.68074206635285
2004-01-15,1187.0,92.54635483058445
2004-01-16,1186.2,93.71326479377564
2004-01-20,1190.0,92.62949756442488
2004-01-21,1189.0,92.43772428388637
2004-01-22,1189.0,91.75458204261729
2004-01-23,1185.0,92.53200525538126
2004-01-26,1181.0,92.82675144662717
2004-01-27,1180.0,92.21394966924629
2004-01-28,1172.0,92.37069702500601
2004-01-29,1173.0,93.80146037414133
2004-01-30,1174.0,93.37976722803943
2004-02-02,1171.0,93.5594958448428
2004-02-03,1169.0,92.74290470376717
2004-02-04,1168.4,92.80871095081635
2004-02-05,1166.1,92.51838338518368
2004-02-06,1168.1,92.00420755718292
2004-02-09,1166.3,92.05792614759282
2004-02-10,1162.1,91.70740404941733
2004-02-11,1160.6,91.1313750890672
2004-02-12,1161.0,91.15012602678756
2004-02-13,1160.0,91.45862960470421
2004-02-17,1158.2,90.90116197801338
2004-02-18,1152.2,91.19448094916518
2004-02-19,1165.0,91.98331996370453
2004-02-20,1167.4,93.03725978045264
2004-02-23,1180.0,92.87617034687361
2004-02-24,1180.0,92.09684205750153
2004-02-25,1170.2,93.25506870884321
2004-02-26,1178.5,93.74359789556294
2004-02-27,1179.0,93.73799020429364
2004-03-01,1179.0,93.67824877092984
2004-03-02,1174.0,95.16269258289013
2004-03-03,1178.0,95.9170255392826
2004-03-04,1171.0,95.12101166930577
2004-03-05,1173.0,94.10748236816305
2004-03-08,1173.7,94.33922185738763
2004-03-09,1173.0,93.95585822168923
2004-03-10,1171.5,95.2545164543826
2004-03-11,1171.0,94.9848068703087
2004-03-12,1181.0,95.5388116105973
2004-03-15,1175.5,95.14848779997818
2004-03-16,1171.0,94.7790012000198
2004-03-17,1167.0,95.08349380066369
2004-03-18,1158.0,93.68639186981375
2004-03-19,1157.0,94.40236913742585
2004-03-22,1161.0,93.71665243961542
2004-03-23,1160.5,93.99832194336946
2004-03-24,1155.0,94.59073128157742
2004-03-25,1158.0,94.897019855357
2004-03-26,1157.9,95.21400014902781
2004-03-29,1157.8,94.82630716698905
2004-03-30,1154.0,94.43171559010433
2004-03-31,1146.7,93.74823986546832
2004-04-01,1141.4,93.24828335106778
2004-04-02,1141.8,94.80265741097278
2004-04-05,1144.0,95.51873770486615
2004-04-06,1150.4,94.98047015590795
2004-04-07,1143.5,94.43730501151603
2004-04-08,1145.0,95.10490930358363
2004-04-09,1144.0,95.09914380606284
2004-04-12,1141.9,95.18764696010292
2004-04-13,1141.4,96.24019520491834
2004-04-14,1158.0,96.56869152363396
2004-04-15,1154.0,96.81846957941632
2004-04-16,1163.0,95.96192897721046
2004-04-19,1154.0,96.07448622293296
2004-04-20,1155.0,96.77089143538382
2004-04-21,1156.0,97.36798869792617
2004-04-22,1160.0,97.3810088598047
2004-04-23,1159.0,97.66310498448456
2004-04-26,1156.0,97.12262965817634
2004-04-27,1153.0,96.7366080535003
2004-04-28,1157.0,97.54505570856342
2004-04-29,1171.0,96.94292704216626
2004-04-30,1173.6,96.87288621468613
2004-05-03,1173.0,97.09222363246325
2004-05-04,1172.0,96.17087241867802
2004-05-05,1168.0,95.52588675462572
2004-05-06,1167.0,96.06055772629543
2004-05-07,1172.0,97.56933585248993
2004-05-10,1191.0,98.1942340665163
2004-05-11,1189.0,98.3227912637167
2004-05-12,1182.0,97.61690942753475
2004-05-13,1186.0,98.50784998890423
2004-05-14,1187.0,98.12367827835105
2004-05-17,1183.0,97.2250520492669
2004-05-18,1185.0,97.44018055698162
2004-05-19,1174.0,96.85942178455753
2004-05-20,1179.0,97.40390894145928
2004-05-21,1176.0,96.74515202873174
2004-05-24,1179.0,96.94589197382282
2004-05-25,1179.5,96.1338478021093
2004-05-26,1180.0,96.04733131659131
2004-05-27,1170.0,94.81306097277445
2004-05-28,1165.0,95.11997571639388
2004-06-01,1161.0,95.16994034621638
2004-06-02,1164.8,94.89763727607638
2004-06-03,1164.7,95.22971506248027
2004-06-04,1164.0,94.91536801117907
2004-06-07,1160.0,94.35659293705166
2004-06-08,1159.0,94.61476053361297
2004-06-09,1155.0,95.60173667473038
2004-06-10,1160.0,95.44263759459743
2004-06-11,1164.1,96.24807071158943
2004-06-14,1164.0,96.10021692055663
2004-06-15,1163.4,95.49518772392145
2004-06-16,1158.0,96.31352663856558
2004-06-17,1157.5,95.99630201695066
2004-06-18,1160.0,95.3753764080121
2004-06-21,1157.0,95.44249605745611
2004-06-22,1159.0,95.62924796595057
2004-06-23,1160.0,95.63931816833166
2004-06-24,1156.0,94.89664282828548
2004-06-25,1150.0,95.16130380927927
2004-06-28,1153.0,94.84401844433756
2004-06-29,1152.0,95.38569975455438
2004-06-30,1156.0,95.19787070991708
2004-07-01,1153.0,95.0842200425651
2004-07-02,1155.2,94.23584591815991
2004-07-06,1155.0,94.32952973590454
2004-07-07,1152.2,93.6288424846015
2004-07-08,1151.0,93.62233548127796
2004-07-09,1149.6,93.60921548909668
2004-07-12,1147.6,93.45635693354949
2004-07-13,1149.6,94.23690291662254
2004-07-14,1152.6,93.7527258489448
2004-07-15,1161.7,93.87974774293431
2004-07-16,1164.7,93.28524871612294
2004-07-19,1157.7,93.235058024155
2004-07-20,1160.6,93.65235178669793
2004-07-21,1158.6,94.83098440078926
2004-07-22,1162.6,94.38546382699836
2004-07-23,1166.6,95.35056946701327
2004-07-26,1162.0,95.31422294928224
2004-07-27,1166.0,95.98297960970785
2004-07-28,1168.0,96.09259245455797
2004-07-29,1168.4,95.98441599282508
2004-07-30,1170.0,96.14570200885873
2004-08-02,1165.0,96.04361604248923
2004-08-03,1165.3,95.83103891744061
2004-08-04,1168.0,95.84654442166415
2004-08-05,1164.0,95.93646489359192
2004-08-06,1163.0,94.42848540170974
2004-08-09,1157.0,94.62554278899323
2004-08-10,1155.1,94.42801294754798
2004-08-11,1158.0,94.98239073150027
2004-08-12,1158.0,95.1114650079282
2004-08-13,1162.7,94.1097291934208
2004-08-16,1160.0,94.22504851314011
2004-08-17,1157.7,94.25694681243746
2004-08-18,1157.9,94.39898608448932
2004-08-19,1155.3,93.87381711352965
2004-08-20,1153.7,94.16392043337771
2004-08-23,1153.7,94.9240783273962
2004-08-24,1154.2,95.54857966932107
2004-08-25,1157.1,95.66171513318272
2004-08-26,1154.0,95.66999525008819
2004-08-27,1152.0,95.95271439551213
2004-08-30,1153.0,95.9048132904654
2004-08-31,1152.0,95.04462378961432
2004-09-01,1149.0,95.12552614705238
2004-09-02,1151.0,95.15256267569727
2004-09-03,1150.3,95.94090047274398
2004-09-07,1150.9,95.53506859241301
2004-09-08,1149.3,95.07243663092446
2004-09-09,1146.0,95.00675289110566
2004-09-10,1146.0,94.41833441512763
2004-09-13,1145.2,94.76503497553156
2004-09-14,1145.3,94.51341291886672
2004-09-15,1148.0,95.462624567231
2004-09-16,1145.9,95.20178264780247
2004-09-17,1147.0,95.16575052185364
2004-09-20,1146.4,95.14990156234909
2004-09-21,1147.0,94.59118137687683
2004-09-22,1148.0,94.62978537915475
2004-09-23,1147.8,94.36210147407878
2004-09-24,1150.0,94.59311305410633
2004-09-27,1150.0,94.34122745915396
2004-09-28,1155.0,94.3901992750631
2004-09-29,1153.0,94.38465522218209
2004-09-30,1152.0,93.61342056047467
2004-10-01,1149.0,93.77940006397903
2004-10-04,1150.0,94.66728664592225
2004-10-05,1149.0,94.39419988836687
2004-10-06,1153.0,94.49262289535768
2004-10-07,1151.0,94.50255707518086
2004-10-08,1149.0,93.54169185341338
2004-10-12,1146.0,94.14262880970013
2004-10-13,1149.0,94.41083033414353
2004-10-14,1145.0,93.66433153212374
2004-10-15,1146.0,93.13075845553024
2004-10-18,1144.0,92.97259704732669
2004-10-19,1145.0,92.8747187134432
2004-10-20,1141.0,92.1420308003026
2004-10-21,1140.0,92.01581064079535
2004-10-22,1140.5,91.9182656449257
2004-10-25,1134.0,90.95123280109404
2004-10-26,1131.0,91.07996687434718
2004-10-27,1124.0,91.27660563362176
2004-10-28,1124.9,91.00343640822567
2004-10-29,1120.0,91.05978257503273
2004-11-01,1119.0,91.16265664197873
2004-11-02,1115.0,91.32244684620255
2004-11-03,1116.0,90.77650870092654
2004-11-04,1112.0,90.27450032353627
2004-11-05,1110.0,89.86589733828471
2004-11-08,1105.0,89.8175837793757
2004-11-09,1102.0,89.85787951428846
2004-11-10,1111.0,90.09624821797388
2004-11-12,1104.0,89.58820412477621
2004-11-15,1092.0,89.84491727070458
2004-11-16,1091.0,89.55580031607224
2004-11-17,1078.0,89.15562620173885
2004-11-18,1069.0,89.51616112765859
2004-11-19,1068.0,88.84315019897119
2004-11-22,1064.0,88.90062081500355
2004-11-23,1065.0,88.67852880848989
2004-11-24,1066.0,88.19574672716422
2004-11-26,1046.0,87.49525898748503
2004-11-29,1047.7,87.5603716902328
2004-11-30,1048.0,87.70395939804017
2004-12-01,1045.0,87.32825866979947
2004-12-02,1041.0,87.63470178939215
2004-12-03,1046.5,86.98349639295897
2004-12-06,1040.0,86.82999007482483
2004-12-07,1041.0,86.84603991359374
2004-12-08,1058.0,88.10666346035883
2004-12-09,1055.0,88.0918023157577
2004-12-10,1067.0,88.41711444147947
2004-12-13,1061.3,87.89225916923779
2004-12-14,1058.0,88.19120728700865
2004-12-15,1061.0,87.15435551344203
2004-12-16,1055.0,87.93626226667016
2004-12-17,1060.0,87.82103523193425
2004-12-20,1058.0,87.32183563623845
2004-12-21,1055.0,87.56642223210405
2004-12-22,1053.0,87.64018097445037
2004-12-23,1050.0,87.12391744522202
2004-12-24,1047.8,86.86819033896887
2004-12-27,1046.5,86.25011446067127
2004-12-28,1042.4,86.32127761678234
2004-12-29,1041.0,86.7275592620463
2004-12-30,1041.0,86.3015359736431
2004-12-31,1035.1,86.62043328165852
2005-01-03,1038.0,86.99490444674298
2005-01-04,1038.0,88.18554804183083
2005-01-05,1046.3,88.11090244712692
2005-01-06,1058.0,88.83623250422997
2005-01-07,1051.0,89.40168718302323
2005-01-10,1053.0,88.9860375474853
2005-01-11,1045.0,88.59729674301383
2005-01-12,1042.0,87.77048248658348
2005-01-13,1036.0,88.19328908854216
2005-01-14,1043.0,88.83272723621573
2005-01-18,1035.8,89.10120624848005
2005-01-19,1031.0,89.14944559038689
2005-01-20,1031.85,89.65204827699161
2005-01-21,1037.85,89.11295506506268
2005-01-24,1031.85,89.14078793441539
2005-01-25,1030.85,89.87963593350266
2005-01-26,1031.45,89.0013038177737
2005-01-27,1027.85,89.26618111901789
2005-01-28,1024.0,89.35569240251253
2005-01-31,1026.85,89.28158703719821
2005-02-01,1027.35,89.51096688805032
2005-02-02,1027.8,89.51000865783348
2005-02-03,1024.85,89.86263740215541
2005-02-04,1027.0,89.92635524930365
2005-02-07,1029.0,90.93917203649721
2005-02-08,1036.0,90.96973334396647
2005-02-09,1039.0,90.93036070427883
2005-02-10,1044.0,90.38822082264639
2005-02-11,1033.0,90.4893711938944
2005-02-14,1024.85,89.6806925631008
2005-02-15,1026.55,89.60117498154594
2005-02-16,1027.0,89.81545795429837
2005-02-17,1025.45,89.23011143725421
2005-02-18,1024.0,89.28506743021508
2005-02-22,1004.85,88.32687469214407
2005-02-23,1002.85,88.59118188534705
2005-02-24,1006.85,88.66884140689072
2005-02-25,1007.85,88.63935672893079
2005-02-28,1000.85,88.04810704643043
2005-03-01,1003.85,88.5312585666963
2005-03-02,1006.85,88.89127807553281
2005-03-03,1005.85,88.96761474137521
2005-03-04,1008.0,88.23252075866009
2005-03-07,1004.45,88.53028209428143
2005-03-08,1004.05,87.68038540375653
2005-03-09,1000.95,87.41383848907029
2005-03-10,1000.05,87.32622970132087
2005-03-11,997.5,87.04272575068948
2005-03-14,1000.55,87.7968616234332
2005-03-15,1003.65,87.84756319049781
2005-03-16,1003.55,87.24127043139023
2005-03-17,1000.7,87.51835644726458
2005-03-18,1004.85,87.84384597146581
2005-03-21,1009.0,88.70007730331405
2005-03-22,1009.35,88.41907049077926
2005-03-23,1008.0,89.658836163068
2005-03-24,1013.35,89.9411944086693
2005-03-25,1014.2,90.00557231028009
2005-03-28,1017.85,90.50123144025939
2005-03-29,1023.85,90.25447872152971
2005-03-30,1023.0,90.07147185762793
2005-03-31,1015.4,89.87131932176817
2005-04-01,1012.0,90.3401424553173
2005-04-04,1013.0,90.76461828213425
2005-04-05,1017.0,90.73365180207767
2005-04-06,1013.0,90.63675245869977
2005-04-07,1012.0,90.43341859973829
2005-04-08,1015.0,90.38834961662789
2005-04-11,1015.0,90.06217686595221
2005-04-12,1016.0,90.6528564951421
2005-04-13,1011.0,90.26486307235331
2005-04-14,1019.0,90.95084814713114
2005-04-15,1018.0,90.3104547165431
2005-04-18,1017.0,89.74913714204591
2005-04-19,1013.0,89.60625880440442
2005-04-20,1009.0,89.33942146495932
2005-04-21,1008.0,89.34065910344188
2005-04-22,1004.0,89.27443205726382
2005-04-25,999.0,89.65821684733363
2005-04-26,998.7,89.89536089096677
2005-04-27,1002.7,89.9994288784499
2005-04-28,1002.0,90.09732891463734
2005-04-29,997.0,89.97008031931207
2005-05-02,1001.0,90.39611887240964
2005-05-03,1002.0,90.28099694436011
2005-05-04,997.5,89.93184047245346
2005-05-05,999.6,89.83661658622468
2005-05-06,999.0,90.43156333476206
2005-05-09,1001.0,90.48979698061197
2005-05-10,999.01,90.32830747979428
2005-05-11,997.0,90.81942004867264
2005-05-12,999.5,91.43591930862394
2005-05-13,1000.0,91.93565826715717
2005-05-16,1009.0,92.14958324784659
2005-05-17,1004.0,92.03631008443814
2005-05-18,1003.0,91.92461444021274
2005-05-19,1006.0,92.14870868303643
2005-05-20,1007.0,92.65931299122836
2005-05-23,1004.0,92.43942943431905
2005-05-24,1003.0,92.36943164277699
2005-05-25,1000.0,92.34046885184264
2005-05-26,1002.0,92.87553121791184
2005-05-27,1000.0,92.54819343688564
2005-05-31,1005.0,93.53322981720818
2005-06-01,1010.0,94.19436673954839
2005-06-02,1013.0,93.99600116922345
2005-06-03,1006.0,94.162387529411
2005-06-06,1003.0,93.7534705063141
2005-06-07,1004.7,93.62518491075876
2005-06-08,1005.6,93.42440884764245
2005-06-09,1005.0,94.19571022370586
2005-06-10,1006.72,94.7883743815762
2005-06-13,1016.0,95.55318459384662
2005-06-14,1014.5,95.46096552692985
2005-06-15,1014.0,94.90149097797267
2005-06-16,1012.9,94.95459930656978
2005-06-17,1008.1,94.09199972945098
2005-06-20,1011.9,94.66940764327246
2005-06-21,1008.0,94.5802777128027
2005-06-22,1009.2,94.71524976363115
2005-06-23,1010.5,95.12235509821564
2005-06-24,1013.5,94.98760978580401
2005-06-27,1013.5,94.6491739418145
2005-06-28,1023.5,95.16018844497657
2005-06-29,1030.0,95.12715713049104
2005-06-30,1034.5,95.31063566605653
2005-07-01,1033.0,96.39984851867017
2005-07-05,1050.0,96.69099985259301
2005-07-06,1048.0,96.67251090117915
2005-07-07,1051.0,96.66737036835006
2005-07-08,1054.0,96.65161261526003
2005-07-11,1040.5,95.72986615035258
2005-07-12,1035.0,94.7596232464579
2005-07-13,1040.0,95.58806854296488
2005-07-14,1032.0,95.58919071938323
2005-07-15,1038.0,96.01377426701838
2005-07-18,1032.5,95.68957449043572
2005-07-19,1043.5,96.386979089047
2005-07-20,1043.5,96.28147358658147
2005-07-21,1035.0,95.4501230569249
2005-07-22,1018.5,95.72607066512388
2005-07-25,1024.0,95.88851947323292
2005-07-26,1029.5,96.32123765001889
2005-07-27,1029.0,96.13783235947383
2005-07-28,1027.7,95.66770239016836
2005-07-29,1026.5,95.5335611733503
2005-08-01,1024.5,95.01334776610321
2005-08-02,1019.5,94.80298067089721
2005-08-03,1016.0,94.08949216938274
2005-08-04,1013.5,93.85813659511038
2005-08-05,1016.0,94.3211341097058
2005-08-08,1016.0,94.0168211087456
2005-08-09,1014.0,94.12573301759736
2005-08-10,1011.6,93.90022132549522
2005-08-11,1013.1,93.19408049122833
2005-08-12,1014.1,93.08093474526125
2005-08-15,1015.0,93.43550895694847
2005-08-16,1016.4,93.54302241884906
2005-08-17,1017.1,93.9120467247177
2005-08-18,1022.1,94.732435537467
2005-08-19,1028.15,94.91667576060455
2005-08-22,1021.15,94.23285712271269
2005-08-23,1028.0,94.32240653770037
2005-08-24,1029.15,94.24856633532706
2005-08-25,1026.4,93.72284751058234
2005-08-26,1028.7,93.68018760458818
2005-08-29,1030.0,94.20006657857986
2005-08-30,1039.2,94.60390101739323
2005-08-31,1039.0,93.7551871304836
2005-09-01,1030.75,92.90316963207788
2005-09-02,1024.75,92.32302708779889
2005-09-06,1024.4,92.58780911939715
2005-09-07,1026.4,92.85528995763327
2005-09-08,1026.8,93.08337080537885
2005-09-09,1024.3,92.76817142203846
2005-09-12,1026.0,93.67567973205227
2005-09-13,1025.65,93.90943294012402
2005-09-14,1025.41,93.73105659464952
2005-09-15,1025.05,94.2363165483755
2005-09-16,1029.8,94.35807126192044
2005-09-19,1027.3,94.54810596923429
2005-09-20,1030.25,94.46583565351176
2005-09-21,1027.7,94.23307782912113
2005-09-22,1027.7,94.65923984934815
2005-09-23,1035.25,95.2437431790775
2005-09-26,1033.2,95.55088780383466
2005-09-27,1035.0,95.8465849259276
2005-09-28,1039.2,95.83738199785502
2005-09-29,1039.4,95.75062877331014
2005-09-30,1042.4,95.42153213748371
2005-10-03,1043.4,96.38710723482467
2005-10-04,1042.75,96.41859700357769
2005-10-05,1039.7,96.00049854075915
2005-10-06,1039.2,95.18533696041237
2005-10-07,1037.3,95.35082218831917
2005-10-11,1040.75,95.98699913810087
2005-10-12,1042.25,95.81502637799674
2005-10-13,1049.0,96.58531399283564
2005-10-14,1042.2,95.66634489177876
2005-10-17,1048.0,95.99530101999657
2005-10-18,1053.0,96.660256954681
2005-10-19,1052.8,96.25878715059956
2005-10-20,1053.8,96.23175973703303
2005-10-21,1059.8,96.4942311363021
2005-10-24,1055.9,96.21888456555281
2005-10-25,1047.4,95.45066485050444
2005-10-26,1045.0,95.67698114963777
2005-10-27,1039.4,95.21863525043516
2005-10-28,1042.4,95.64567590480614
2005-10-31,1043.5,96.32296357311968
2005-11-01,1042.4,96.3800318059885
2005-11-02,1039.0,95.98035225634472
2005-11-03,1045.0,96.56368967009725
2005-11-04,1049.0,97.57264792318355
2005-11-07,1048.15,97.78244842338756
2005-11-08,1046.65,97.82911932762002
2005-11-09,1046.4,98.00697149588729
2005-11-10,1046.4,98.10526127414954
2005-11-14,1037.0,98.7205953661944
2005-11-15,1034.9,98.57945750230166
2005-11-16,1037.0,98.85982345944734
2005-11-17,1034.4,98.56993917439647
2005-11-18,1035.9,98.47410213713704
2005-11-21,1038.1,98.39746597767996
2005-11-22,1045.2,98.37893870634068
2005-11-23,1035.4,97.88732738556891
2005-11-25,1041.4,98.3921871098067
2005-11-28,1039.4,97.83975597072937
2005-11-29,1036.1,98.01210324515895
2005-11-30,1037.4,97.93481157402407
2005-12-01,1036.9,98.53685512319012
2005-12-02,1035.15,98.47723333219218
2005-12-05,1036.4,97.89524993801534
2005-12-06,1034.05,97.8714063199914
2005-12-07,1035.4,98.28434961160764
2005-12-08,1034.05,97.51500642708167
2005-12-09,1033.6,97.55546889712086
2005-12-12,1033.4,96.54228288942711
2005-12-13,1025.0,96.85540527846108
2005-12-14,1012.0,95.839704980409
2005-12-15,1014.95,96.32401308550676
2005-12-16,1015.9,95.94271853188474
2005-12-19,1014.8,96.141468779375
2005-12-20,1016.5,97.19099450253441
2005-12-21,1018.1,97.4660562877987
2005-12-22,1016.05,97.01934917155798
2005-12-23,1013.5,97.18354089462639
2005-12-27,1012.2,97.33802244213565
2005-12-28,1013.05,97.2568045658224
2005-12-29,1009.0,97.42193148796123
2005-12-30,1010.0,97.49931242962832
2006-01-03,1002.9,96.33963354165421
2006-01-04,998.1,95.59217706164611
2006-01-05,994.2,95.58207452643464
2006-01-06,989.2,95.09384224351308
2006-01-09,977.4,95.61375418404828
2006-01-10,981.8,95.59276780431313
2006-01-11,977.4,95.10680583240384
2006-01-12,973.8,95.70349323009914
2006-01-13,987.3,95.29626329188952
2006-01-17,989.0,95.68866494945269
2006-01-18,991.9,95.65467162163935
2006-01-19,985.0,95.45749587248982
2006-01-20,986.6,95.39802411280438
2006-01-23,981.4,94.26102246795878
2006-01-24,975.5,94.198174503768
2006-01-25,968.5,94.46574784145776
2006-01-26,968.8,94.68194727700107
2006-01-27,970.5,95.3176401556877
2006-01-30,970.5,95.58380732590021
2006-01-31,958.9,95.07267856737245
2006-02-01,962.0,95.51622151257293
2006-02-02,971.95,95.54199955401452
2006-02-03,969.9,96.17619593902697
2006-02-06,963.0,96.5531100959536
2006-02-07,967.3,96.46034710340435
2006-02-08,970.3,96.79372916005843
2006-02-09,972.2,96.57389715262923
2006-02-10,967.6,96.73188778545783
2006-02-13,976.3,96.86068112969431
2006-02-14,969.4,96.9466437128482
2006-02-15,973.5,97.01620185777418
2006-02-16,974.1,97.11451828867514
2006-02-17,972.3,96.96490845687762
2006-02-21,968.4,96.90978094516494
2006-02-22,974.1,96.93828754405575
2006-02-23,969.1,96.64120971824106
2006-02-24,966.3,96.90944172942639
2006-02-27,968.4,96.89535651634284
2006-02-28,970.9,96.40983093208293
2006-03-01,970.5,96.63085298540571
2006-03-02,968.7,96.02588516489111
2006-03-03,971.0,95.92727290879782
2006-03-06,974.7,96.23089502363239
2006-03-07,976.3,97.01280477580013
2006-03-08,981.95,96.9603637362334
2006-03-09,981.8,96.94105874598397
2006-03-10,979.9,97.32107013205591
2006-03-13,980.4,96.99503712154858
2006-03-14,976.7,96.19636167940008
2006-03-15,974.5,96.10430223009546
2006-03-16,974.8,95.47106285719208
2006-03-17,970.8,95.1161976307979
2006-03-20,966.8,95.33301892179428
2006-03-21,968.1,96.01082836638999
2006-03-22,973.3,95.85585300974623
2006-03-23,975.0,96.60974985904069
2006-03-24,979.2,96.3139548183314
2006-03-27,975.4,96.284489408253
2006-03-28,976.5,96.0215485273424
2006-03-29,974.9,96.48240451800665
2006-03-30,975.7,95.76627907367993
2006-03-31,971.4,95.82475553467222
2006-04-03,970.4,95.9704907584408
2006-04-04,962.8,95.07409929762244
2006-04-05,957.1,95.0148952322162
2006-04-06,953.1,95.22902209093208
2006-04-07,952.8,95.85998059860268
2006-04-10,953.4,96.00970174583252
2006-04-11,954.6,95.75059035146617
2006-04-12,960.2,95.82660705921971
2006-04-13,961.2,95.82304583230255
2006-04-14,957.9,95.8606606146317
2006-04-17,955.4,94.73698300376525
2006-04-18,953.4,94.65602254792555
2006-04-19,945.2,94.15291298651545
2006-04-20,948.1,94.3275243484097
2006-04-21,948.0,94.18922759934198
2006-04-24,939.6,93.7932921830403
2006-04-25,944.9,93.52852794650934
2006-04-26,946.4,93.21922365497404
2006-04-27,944.6,92.73893024476139
2006-04-28,942.8,92.04994903279028
2006-05-01,942.7,91.9452134762869
2006-05-02,939.6,91.7073527064312
2006-05-03,934.0,91.70539710068374
2006-05-04,939.4,91.46910790805431
2006-05-05,939.3,91.07579351153242
2006-05-08,927.4,91.07320250718293
2006-05-09,931.6,90.80967105942261
2006-05-10,928.8,90.47410088339721
2006-05-11,935.2,90.06845016528831
2006-05-12,932.77,89.95852020638716
2006-05-15,943.2,90.31047886118156
2006-05-16,944.8,90.33279155187097
2006-05-17,936.8,90.81817738728647
2006-05-18,946.5,90.54683834813332
2006-05-19,946.0,90.93418968571132
2006-05-22,951.5,90.35470801364274
2006-05-23,944.6,90.37151451939764
2006-05-24,949.2,91.09313334910946
2006-05-25,948.7,90.72544746463034
2006-05-26,945.3,91.06751000104285
2006-05-30,945.3,90.19618987100318
2006-05-31,945.3,90.4436841454146
2006-06-01,946.9,90.52263785259694
2006-06-02,947.9,89.93718888446737
2006-06-05,942.7,89.75828113452847
2006-06-06,942.8,90.72024710411948
2006-06-07,948.0,90.85812880639969
2006-06-08,953.1,91.84778834377963
2006-06-09,954.2,91.73515899893327
2006-06-12,956.6,91.92916272483914
2006-06-13,961.4,92.19047272856197
2006-06-14,961.8,91.86744372582353
2006-06-15,959.3,92.019412590703
2006-06-16,955.2,92.03048716240262
2006-06-19,960.9,92.34034508826676
2006-06-20,956.5,92.27563540108846
2006-06-21,955.6,91.6553214698176
2006-06-22,955.0,92.38563844408868
2006-06-23,955.8,92.81477081064392
2006-06-26,959.2,92.68369137782514
2006-06-27,958.6,92.46010504948242
2006-06-28,957.5,92.82151512137087
2006-06-29,960.4,92.75337936325532
2006-06-30,948.5,91.16538431726003
2006-07-03,944.5,91.16742292986885
2006-07-05,946.6,91.5963841001562
2006-07-06,949.2,91.37498495937373
2006-07-07,947.6,90.86255613978888
2006-07-10,941.6,91.34201834132374
2006-07-11,946.6,91.40330059371672
2006-07-12,948.5,91.82929432225913
2006-07-13,949.0,91.92812265103053
2006-07-14,953.7,92.16541385261556
2006-07-17,953.5,92.9357246206967
2006-07-18,958.3,93.10605255637088
2006-07-19,957.6,92.72458367837271
2006-07-20,951.7,92.2382023493464
2006-07-21,949.7,91.94074581066731
2006-07-24,951.4,92.33795436652551
2006-07-25,951.9,92.71652438823729
2006-07-26,954.3,92.35090533360285
2006-07-27,952.0,91.5860391998359
2006-07-28,953.6,91.37567123195457
2006-07-31,954.9,91.24718942465954
2006-08-01,955.7,91.22730865672844
2006-08-02,962.0,91.00130149857135
2006-08-03,965.4,91.14251961644362
2006-08-04,964.6,90.35862018437672
2006-08-07,962.3,90.47267288727534
2006-08-08,963.4,90.6515487660919
2006-08-09,959.3,90.4267261249632
2006-08-10,957.6,91.22306719112159
2006-08-11,961.4,91.25123120044557
2006-08-14,965.6,91.44745150747876
2006-08-15,965.5,91.11069747995869
2006-08-16,964.9,90.63471346907706
2006-08-17,960.6,90.61383080247687
2006-08-18,958.3,91.06663010985886
2006-08-21,956.4,90.46105182017122
2006-08-22,956.1,91.07330960294912
2006-08-23,955.4,91.03350965938236
2006-08-24,958.9,91.2171429052821
2006-08-25,961.8,91.28651620432555
2006-08-28,963.7,91.1721500648997
2006-08-29,960.8,91.23322840102274
2006-08-30,961.1,90.90524163737578
2006-08-31,961.1,91.08478185794179
2006-09-01,960.3,90.88325628486834
2006-09-05,956.5,90.97312280781941
2006-09-06,957.0,91.18550529889625
2006-09-07,956.1,91.35650191678151
2006-09-08,956.2,91.92942330073828
2006-09-11,957.3,91.8985069967766
2006-09-12,959.2,91.85405447398685
2006-09-13,958.7,91.7455081112652
2006-09-14,957.4,91.52165606338704
2006-09-15,956.2,92.0386870183585
2006-09-18,956.2,91.94044996512997
2006-09-19,951.8,91.85104464838798
2006-09-20,950.7,91.73566766170211
2006-09-21,944.1,91.4712254777271
2006-09-22,946.7,91.06300514544962
2006-09-25,943.7,91.30292975113333
2006-09-26,943.7,91.68110381669128
2006-09-27,943.4,91.70874471077097
2006-09-28,944.6,91.78416969010725
2006-09-29,946.0,91.9107374269188
2006-10-02,947.6,91.54337322351051
2006-10-03,947.6,91.67367033590808
2006-10-04,948.9,91.96588222116374
2006-10-05,948.9,91.93786307617272
2006-10-06,948.9,92.50866619009875
2006-10-10,959.2,93.0234883356841
2006-10-11,957.9,92.98820611989944
2006-10-12,957.6,93.04864954641793
2006-10-13,953.9,93.27162067772264
2006-10-16,955.2,93.09551322036206
2006-10-17,954.2,92.72086627114554
2006-10-18,955.2,93.04717185616914
2006-10-19,957.1,92.48834778002713
2006-10-20,957.1,92.32547010053875
2006-10-23,959.3,92.81708417085629
2006-10-24,958.2,92.67993238171964
2006-10-25,955.5,92.51852742040155
2006-10-26,949.5,92.03547093533675
2006-10-27,947.2,91.55597420838572
2006-10-30,944.3,91.55925369827557
2006-10-31,942.2,91.20040346506453
2006-11-01,939.1,91.28563297305794
2006-11-02,938.7,91.29800796460428
2006-11-03,937.0,91.73383606391565
2006-11-06,942.1,91.75117169528626
2006-11-07,938.2,91.13009667686082
2006-11-08,934.7,91.32419705750775
2006-11-09,936.2,91.0457453882103
2006-11-10,933.7,90.85566099857522
2006-11-13,934.7,91.2713480228405
2006-11-14,936.7,91.26568942012756
2006-11-15,941.1,91.37069977279249
2006-11-16,937.2,91.36356000099302
2006-11-17,938.5,91.27466339173876
2006-11-20,935.2,91.37405486156729
2006-11-21,935.0,91.29455701735586
2006-11-22,933.6,90.50586102873594
2006-11-24,931.8,89.58217037722687
2006-11-27,930.3,89.38612854537442
2006-11-28,930.5,89.14807503282151
2006-11-29,930.4,89.26923486464736
2006-11-30,929.0,88.59973147316218
2006-12-01,928.3,88.29450274634837
2006-12-04,927.1,88.2709614003528
2006-12-05,924.1,88.22306790908445
2006-12-06,915.7,88.39276534085441
2006-12-07,913.7,88.48002224467824
2006-12-08,919.8,89.00578404245132
2006-12-11,925.4,89.05556127761189
2006-12-12,922.3,88.99698814422987
2006-12-13,922.1,89.11353454546723
2006-12-14,920.5,89.34821063456607
2006-12-15,922.8,89.7883264310901
2006-12-18,926.9,89.95985558542209
2006-12-19,931.6,89.26446756965952
2006-12-20,925.7,89.32603189280918
2006-12-21,927.2,89.37626400746335
2006-12-22,928.3,89.70446358423864
2006-12-26,929.6,89.73029691073097
2006-12-27,929.1,89.77508499275865
2006-12-28,929.4,89.60893276562655
2006-12-29,930.0,89.48988197495801
2007-01-02,925.4,88.99789629527832
2007-01-03,926.0,89.77235471031085
2007-01-04,931.3,90.16724271345961
2007-01-05,934.1,90.57183639472171
2007-01-08,937.9,90.4580122924084
2007-01-09,938.3,90.69104301027075
2007-01-10,937.7,90.977185468699
2007-01-11,938.6,91.18284804285065
2007-01-12,939.6,90.9334524861434
2007-01-16,938.1,90.99795570927797
2007-01-17,936.7,90.79156495646447
2007-01-18,936.4,90.93560892337935
2007-01-19,936.2,90.75645614305839
2007-01-22,940.5,90.86618621724344
2007-01-23,940.0,90.5325006425849
2007-01-24,935.5,90.83128643804312
2007-01-25,935.9,90.72821176712871
2007-01-26,940.5,91.19968360634263
2007-01-29,940.1,91.05138700133243
2007-01-30,942.2,90.9952523417794
2007-01-31,941.0,90.71001799952678
2007-02-01,937.0,90.49746505010515
2007-02-02,937.0,90.88520410382537
2007-02-05,935.5,90.98063453019229
2007-02-06,932.5,90.76354912915842
2007-02-07,933.2,90.57601427502358
2007-02-08,934.5,90.64150450552995
2007-02-09,934.3,90.77631849360057
2007-02-12,937.4,91.03703309131818
2007-02-13,939.4,90.68972525988364
2007-02-14,938.2,90.05485317134627
2007-02-15,934.2,89.93565492096093
2007-02-16,936.0,89.9347217639422
2007-02-20,938.2,90.06802690561115
2007-02-21,938.2,90.1603222692981
2007-02-22,938.7,90.14073024971995
2007-02-23,937.5,89.91200328138602
2007-02-26,938.5,89.90667621586702
2007-02-27,938.5,89.2897284997208
2007-02-28,942.3,89.40286744099518
2007-03-01,941.4,89.60221617125076
2007-03-02,947.4,89.56830166817437
2007-03-05,949.1,90.04094928047954
2007-03-06,947.6,89.96464857057883
2007-03-07,947.1,89.77352032453693
2007-03-08,945.6,90.00555963283946
2007-03-09,945.1,90.07898693076847
2007-03-12,943.8,89.69939630264484
2007-03-13,944.3,89.55080415344058
2007-03-14,946.2,89.39332849682037
2007-03-15,944.1,89.37441582605014
2007-03-16,944.6,89.02623795056085
2007-03-19,943.6,89.14713722799625
2007-03-20,941.3,89.01385234255773
2007-03-21,937.7,88.96471558814304
2007-03-22,937.9,88.68999418778294
2007-03-23,937.2,88.97789146489583
2007-03-26,937.65,88.82673978773036
2007-03-27,940.7,88.72115045917218
2007-03-28,939.6,88.76419456768203
2007-03-29,940.4,88.82977296541796
2007-03-30,941.1,88.58244162462525
2007-04-02,937.0,88.57494221085695
2007-04-03,936.4,88.7588383955578
2007-04-04,936.1,88.74654971450762
2007-04-05,932.1,88.43340009814027
2007-04-06,931.6,88.7429896309156
2007-04-09,932.6,88.83276963683065
2007-04-10,933.6,88.41699832715112
2007-04-11,932.2,88.39666013254535
2007-04-12,931.6,88.09614585324049
2007-04-13,929.0,87.98135002281094
2007-04-16,931.4,87.77799995508146
2007-04-17,928.6,87.5146001419043
2007-04-18,927.9,87.42089470203666
2007-04-19,928.5,87.3053665978184
2007-04-20,927.4,87.31790043713278
2007-04-23,926.1,87.38791290558784
2007-04-24,927.25,87.2074883106579
2007-04-25,926.6,87.04419661786702
2007-04-26,928.55,87.47406393206217
2007-04-27,929.0,87.26098696367833
2007-04-30,931.0,87.04230225943307
2007-05-01,930.7,87.34317882512194
2007-05-02,929.8,87.41561082879741
2007-05-03,926.7,87.57928360909737
2007-05-04,927.3,87.45823322120694
2007-05-07,922.3,87.27503636693007
2007-05-08,922.7,87.67623081116666
2007-05-09,923.2,87.58423934942392
2007-05-10,925.65,87.87244469175347
2007-05-11,926.1,87.88162164720116
2007-05-14,923.15,87.75634838879098
2007-05-15,924.2,87.38022296064821
2007-05-16,923.6,87.86819740227425
2007-05-17,927.8,88.03736823782496
2007-05-18,934.0,87.86584230423726
2007-05-21,929.9,88.15551972984483
2007-05-22,931.7,88.06222387888793
2007-05-23,931.2,87.90356314098324
2007-05-24,932.7,88.15262186105655
2007-05-25,928.0,88.05176335050518
2007-05-29,927.5,87.9127839108974
2007-05-30,930.8,88.22194449076318
2007-05-31,927.4,88.04241125857459
2007-06-01,928.1,88.0625047694377
2007-06-04,927.3,87.74577527461258
2007-06-05,926.5,87.56241439324428
2007-06-06,926.8,87.66579835171507
2007-06-07,926.5,87.92904356559356
2007-06-08,932.3,88.47156459094097
2007-06-11,931.7,88.47578766784547
2007-06-12,930.2,88.63031135801472
2007-06-13,931.5,88.85232658372745
2007-06-14,929.7,88.88477793037187
2007-06-15,927.6,88.66139910318732
2007-06-18,928.4,88.5327327409157
2007-06-19,927.6,88.33984963587892
2007-06-20,927.6,88.22976793435889
2007-06-21,926.6,88.41931886851006
2007-06-22,927.9,88.21348392289178
2007-06-25,926.2,88.1728145181306
2007-06-26,926.1,88.03548988864556
2007-06-27,927.4,88.11070118072563
2007-06-28,926.6,87.91849424895557
2007-06-29,922.6,87.71630294310738
2007-07-02,921.3,87.04444814354883
2007-07-03,917.7,87.12234674640206
2007-07-05,921.7,87.24600812172443
2007-07-06,919.4,87.09163618047388
2007-07-09,920.9,87.09523945184836
2007-07-10,919.6,86.5841543237818
2007-07-11,919.1,86.38780902093386
2007-07-12,918.4,86.28956454880816
2007-07-13,916.4,86.16887423312701
2007-07-16,917.9,86.11982938513157
2007-07-17,917.9,86.15283545080898
2007-07-18,916.2,85.9551470802297
2007-07-19,915.7,85.98755734078723
2007-07-20,914.7,85.7838180244201
2007-07-23,914.9,85.87480457491212
2007-07-24,913.8,85.70475698700324
2007-07-25,913.6,86.23716531293307
2007-07-26,917.9,86.11336132261258
2007-07-27,921.4,86.53273126436522
2007-07-30,923.0,86.46270254343615
2007-07-31,919.0,86.33399280198941
2007-08-01,924.9,86.38398451286602
2007-08-02,922.6,86.35791088247927
2007-08-03,922.5,85.83979408482982
2007-08-06,923.1,85.8274086275059
2007-08-07,922.6,86.13448252146235
2007-08-08,923.8,85.89796273592253
2007-08-09,922.7,86.3183241519729
2007-08-10,931.5,86.32155793616086
2007-08-13,929.1,86.67644190544489
2007-08-14,932.2,86.988990339381
2007-08-15,932.0,87.4555329492182
2007-08-16,945.9,87.5011111556973
2007-08-17,950.2,86.97202082713143
2007-08-20,942.6,87.11145604549378
2007-08-21,943.2,87.0764745843398
2007-08-22,943.8,86.88391780427742
2007-08-23,941.4,86.77538598626033
2007-08-24,941.45,86.39407105683605
2007-08-27,938.3,86.36758022755767
2007-08-28,939.4,86.41305470476036
2007-08-29,941.7,86.22097851159161
2007-08-30,940.1,86.35655105971635
2007-08-31,938.1,86.39368416857484
2007-09-03,938.1,86.39368416857484
2007-09-04,938.8,86.55637649631625
2007-09-05,937.8,86.13477274957347
2007-09-06,938.7,86.03085897195871
2007-09-07,937.7,85.51856763511903
2007-09-10,939.9,85.40636928411256
2007-09-11,936.5,85.1976469828896
2007-09-12,931.6,84.90203056144125
2007-09-13,927.4,85.06978366000627
2007-09-14,927.9,85.30272287720408
2007-09-17,929.4,85.29832059060271
2007-09-18,929.8,85.26691058022364
2007-09-19,924.8,84.91128301609503
2007-09-20,918.7,83.9499793575002
2007-09-21,920.7,84.11358048927067
2007-09-24,919.1,83.9991088273991
2007-09-25,920.7,83.81979722385508
2007-09-26,920.8,83.998393200406
2007-09-27,919.9,83.9171994715496
2007-09-28,913.6,83.39495056980465
2007-10-01,914.5,83.3938573507043
2007-10-02,915.7,83.72451006453021
2007-10-03,915.5,83.90867781709028
2007-10-04,916.3,83.9162308550831
2007-10-05,915.9,83.68150398014907
2007-10-08,915.9,83.68150398014907
2007-10-09,918.2,84.01877528045335
2007-10-10,919.3,83.70985098735122
2007-10-11,915.5,83.47839090808046
2007-10-12,917.6,83.68260037737173
2007-10-15,916.7,83.46144457589457
2007-10-16,917.5,83.66433981941674
2007-10-17,917.3,83.4402141100322
2007-10-18,916.0,82.97982665787681
2007-10-19,915.5,82.95386233349143
2007-10-22,916.8,83.56631044574421
2007-10-23,918.0,82.99635576410475
2007-10-24,917.5,83.00581912292205
2007-10-25,915.0,82.74662259344618
2007-10-26,908.9,82.34271021086653
2007-10-29,910.2,82.26680493821715
2007-10-30,906.7,82.15005891364545
2007-10-31,903.2,81.97052211142709
2007-11-01,907.0,82.05113236012203
2007-11-02,908.0,81.76074309402459
2007-11-05,907.5,81.76841058153333
2007-11-06,906.2,81.33205063314809
2007-11-07,905.2,80.65582906354436
2007-11-08,907.0,80.58007321671869
2007-11-09,910.4,80.64889944143133
2007-11-13,914.6,81.0986664367825
2007-11-14,913.1,80.98039156893535
2007-11-15,919.1,81.2293121637836
2007-11-16,917.3,81.15249556890639
2007-11-19,920.5,81.1155863923163
2007-11-20,921.8,80.59572194968102
2007-11-21,932.8,80.36959299453954
2007-11-22,932.8,80.36959299453954
2007-11-23,930.5,80.32909755649388
2007-11-26,929.0,80.1327265109319
2007-11-27,931.8,80.44107622381391
2007-11-28,931.2,80.82451252701087
2007-11-29,928.3,80.76749629306669
2007-11-30,920.9,81.26156244027841
2007-12-03,923.8,81.27222902994312
2007-12-04,922.3,80.93723662119042
2007-12-05,923.0,81.53745287257298
2007-12-06,921.8,81.66581102333436
2007-12-07,918.9,81.58386041644943
2007-12-10,923.3,81.36039385111464
2007-12-11,923.7,81.47466217171923
2007-12-12,926.1,81.4921047633663
2007-12-13,925.25,82.02092307014898
2007-12-14,929.8,82.7289268275178
2007-12-17,933.4,82.91725820918681
2007-12-18,938.35,82.87786827362528
2007-12-19,939.2,83.1662778740354
2007-12-20,943.4,83.07176126392132
2007-12-21,940.3,83.11017980538428
2007-12-24,939.2,82.97060922514162
2007-12-26,938.7,82.53116764157
2007-12-27,940.0,82.0931087656111
2007-12-28,935.6,81.50466603310684
2007-12-31,935.8,81.91221656968949
2008-01-02,936.6,81.2423833546554
2008-01-03,936.2,81.2374877537719
2008-01-04,938.1,80.97678151994168
2008-01-07,940.0,81.50108360989873
2008-01-08,939.0,81.34180317451674
2008-01-09,937.1,81.70776506455238
2008-01-10,937.2,81.43953472862594
2008-01-11,937.2,81.28055541802334
2008-01-14,937.0,80.86948953420116
2008-01-15,935.2,80.80530443046048
2008-01-16,942.5,81.60069906678164
2008-01-17,945.7,81.39172419724234
2008-01-18,945.9,81.74384342045002
2008-01-22,946.9,81.72241306401075
2008-01-23,953.2,81.74461468540667
2008-01-24,948.6,81.02909993475237
2008-01-25,948.2,81.28932964612488
2008-01-28,948.7,80.7684434878492
2008-01-29,941.5,80.85054205600714
2008-01-30,945.0,80.76082128784758
2008-01-31,943.4,80.55589487799044
2008-02-01,944.5,80.50611992236813
2008-02-04,941.3,80.55900063085043
2008-02-05,943.1,81.4512688659551
2008-02-06,941.4,81.37498610719678
2008-02-07,941.3,82.1021817735708
2008-02-08,944.6,81.9914371864887
2008-02-11,945.0,81.93246078627725
2008-02-12,943.9,81.5830804035855
2008-02-13,945.3,81.76325637636789
2008-02-14,944.3,81.42705411354376
2008-02-15,944.6,81.3163526465667
2008-02-19,944.1,81.22182783204363
2008-02-20,947.5,81.64164535155226
2008-02-21,948.2,80.8880851179452
2008-02-22,948.2,80.79618217989669
2008-02-25,948.2,80.77570239396623
2008-02-26,946.5,80.39567065942138
2008-02-27,938.1,79.26940012926426
2008-02-28,937.2,79.02423567651951
2008-02-29,942.8,78.87215612230983
2008-03-03,947.1,78.83046420864166
2008-03-04,947.45,78.73755357042346
2008-03-05,948.15,78.56107824605091
2008-03-06,952.7,78.119305332323
2008-03-07,956.8,78.17529013877889
2008-03-10,966.1,77.98084367000438
2008-03-11,966.4,78.28379380082842
2008-03-12,969.3,77.5808611440461
2008-03-13,982.1,77.01481517792469
2008-03-14,997.1,76.93461995498345
2008-03-17,1021.45,76.2483745566493
2008-03-18,1008.4,76.22356865239334
2008-03-19,1008.55,77.00106572998385
2008-03-20,1009.15,77.8560443417073
2008-03-21,1002.0,77.80179075289577
2008-03-24,993.7,78.12009209352118
2008-03-25,975.8,77.28086943332308
2008-03-26,993.1,76.64153725729992
2008-03-27,990.08,76.54052183728368
2008-03-28,992.4,76.7692899678556
2008-03-31,988.6,76.70617663804795
2008-04-01,979.0,77.56588028651963
2008-04-02,975.7,77.57507942549982
2008-04-03,977.2,77.21826028082458
2008-04-04,973.5,76.9727151000815
2008-04-07,974.6,77.20928308059209
2008-04-08,975.7,77.33037243631746
2008-04-09,975.7,76.9455139560925
2008-04-10,975.0,77.10842464782324
2008-04-11,975.8,76.92834400996762
2008-04-14,979.3,76.73642114580176
2008-04-15,991.3,76.94975534245562
2008-04-16,989.1,76.24418509436512
2008-04-17,991.6,76.49407396318797
2008-04-18,1000.0,77.29264147655053
2008-04-21,997.5,76.76750445639308
2008-04-22,996.8,76.16983932539603
2008-04-23,990.7,76.82977706705115
2008-04-24,995.65,77.62349848416757
2008-04-25,994.0,77.7006255326184
2008-04-28,996.3,77.64152004702126
2008-04-29,1001.55,77.74004857712023
2008-04-30,1005.0,77.90254172704968
2008-05-01,1004.0,78.33426525159489
2008-05-02,1009.0,78.56722418685067
2008-05-05,1007.8,78.34554712869078
2008-05-06,1015.0,77.99588785586839
2008-05-07,1030.0,78.73977486096179
2008-05-08,1040.5,78.53046408218738
2008-05-09,1044.0,78.26099637093749
2008-05-12,1043.0,77.99534118056404
2008-05-13,1047.0,78.19323042209909
2008-05-14,1047.0,78.44807869608418
2008-05-15,1043.0,78.28507242286462
2008-05-16,1037.0,77.80203892456126
2008-05-19,1041.0,78.1373284146694
2008-05-20,1047.0,77.43835640861353
2008-05-21,1039.0,77.02701034002436
2008-05-22,1044.0,77.272551107278
2008-05-23,1045.5,76.92318410933659
2008-05-27,1041.0,77.2346715901322
2008-05-28,1033.5,77.6250994786793
2008-05-29,1030.0,78.02309828918591
2008-05-30,1028.5,77.94295784565614
2008-06-02,1022.3,77.98084537312617
2008-06-03,1016.8,78.40739370791232
2008-06-04,1019.0,78.48619901452017
2008-06-05,1023.0,78.27583205646079
2008-06-06,1030.5,77.56971333904448
2008-06-09,1032.0,77.68607058000732
2008-06-10,1027.5,78.72283244517305
2008-06-11,1030.3,78.285658937646
2008-06-12,1033.3,79.02108662937802
2008-06-13,1044.0,79.20423707933534
2008-06-16,1038.5,78.75926144332462
2008-06-17,1021.8,78.64284346330561
2008-06-18,1029.25,78.67785838420892
2008-06-19,1028.0,78.5695489201672
2008-06-20,1031.5,78.13183001182783
2008-06-23,1036.8,78.6787760624378
2008-06-24,1032.5,78.27162976401428
2008-06-25,1034.3,78.41547684166561
2008-06-26,1041.3,77.65447221577742
2008-06-27,1041.75,77.47961055467495
2008-06-30,1046.8,77.54916370184812
2008-07-01,1050.5,77.41085398298718
2008-07-02,1036.5,77.09012604615897
2008-07-03,1044.5,77.77447768935168
2008-07-07,1044.5,78.09167162014914
2008-07-08,1026.25,78.09436350519661
2008-07-09,1000.0,77.66296174894464
2008-07-10,998.2,77.58249601240955
2008-07-11,1000.3,77.02200617454226
2008-07-14,1003.8,76.94546024346091
2008-07-15,1006.3,76.67682354014092
2008-07-16,1006.75,76.936128931008
2008-07-17,1011.0,76.98875271618455
2008-07-18,1013.0,77.14275133846078
2008-07-21,1017.0,77.05359089739994
2008-07-22,1014.0,77.38416825763186
2008-07-23,1009.0,77.73727804676572
2008-07-24,1006.8,77.99802489770627
2008-07-25,1007.0,77.95267189441117
2008-07-28,1006.0,77.71259191502816
2008-07-29,1006.0,78.40473507526089
2008-07-30,1012.3,78.46985365054427
2008-07-31,1011.5,78.39182360742784
2008-08-01,1015.75,78.43832317627773
2008-08-04,1016.75,78.63311428987099
2008-08-05,1017.0,79.04209634747507
2008-08-06,1015.5,79.40972676314375
2008-08-07,1016.0,79.66508019443141
2008-08-08,1028.0,80.98577474568646
2008-08-11,1030.0,81.3088919402122
2008-08-12,1034.2,81.51945667320936
2008-08-13,1039.5,81.61166378796261
2008-08-14,1039.5,81.81560697381991
2008-08-15,1039.3,82.48090343423172
2008-08-18,1042.8,82.29915936060517
2008-08-19,1051.3,82.23086323702583
2008-08-20,1047.3,82.4698954238829
2008-08-21,1053.6,81.46177256063395
2008-08-22,1062.3,82.00994766150764
2008-08-25,1077.8,81.88959120278035
2008-08-26,1087.5,82.60443129613391
2008-08-27,1084.0,82.56067174931212
2008-08-28,1081.3,82.60760431212319
2008-08-29,1089.0,82.6989259534695
2008-09-02,1134.45,83.47831866231543
2008-09-03,1147.9,83.50459278288191
2008-09-04,1130.3,84.00884124608578
2008-09-05,1117.8,84.23891845072448
2008-09-08,1081.2,85.06467947285834
2008-09-09,1099.5,84.72039872037861
2008-09-10,1091.3,85.51501613709578
2008-09-11,1110.0,85.78092319103757
2008-09-12,1106.5,84.61153157749038
2008-09-15,1117.85,84.44587369300243
2008-09-16,1159.75,84.56425890492726
2008-09-17,1115.5,84.31327382488672
2008-09-18,1152.4,83.40454339189338
2008-09-19,1139.5,83.43593749119105
2008-09-22,1127.3,82.01802996956091
2008-09-23,1146.5,81.78568224874257
2008-09-24,1153.5,82.15215781811496
2008-09-25,1148.8,82.26831552614611
2008-09-26,1160.1,82.41595218539943
2008-09-29,1185.75,83.34529161615546
2008-09-30,1206.3,84.8849848856744
2008-10-01,1194.85,84.96839591254174
2008-10-02,1222.9,85.89296985756845
2008-10-03,1220.9,86.0679597576936
2008-10-06,1267.4,87.18280310087769
2008-10-07,1328.4,86.5937138582358
2008-10-08,1415.25,86.44722577454297
2008-10-09,1381.4,86.90860571733188
2008-10-10,1306.4,87.82772759236336
2008-10-14,1207.25,87.00687796690102
2008-10-15,1237.5,87.5320392218464
2008-10-16,1369.5,88.24185893136867
2008-10-17,1333.3,88.02505020443185
2008-10-20,1315.0,88.93199942245654
2008-10-21,1320.1,90.0519870434568
2008-10-22,1418.5,91.63664184755217
2008-10-23,1408.7,91.31645778000767
2008-10-24,1430.8,92.18049219557015
2008-10-27,1441.7,93.45842985119323
2008-10-28,1467.7,93.55663544155762
2008-10-29,1426.9,91.05588149151727
2008-10-30,1250.18,91.06380938886674
2008-10-31,1277.5,91.98289524738257
2008-11-03,1262.0,91.9043971218389
2008-11-04,1287.9,90.35673110344106
2008-11-05,1266.3,90.15452782963582
2008-11-06,1330.8,91.70553029508736
2008-11-07,1310.0,91.66727860732622
2008-11-10,1326.18,91.88544163901186
2008-11-12,1354.5,93.22490088471243
2008-11-13,1392.5,93.63260693665165
2008-11-14,1399.3,92.64622908201099
2008-11-17,1410.0,92.63232478740568
2008-11-18,1447.4,92.87067543217235
2008-11-19,1445.9,93.34172005431932
2008-11-20,1496.0,94.0497311535692
2008-11-21,1493.3,94.15974692419083
2008-11-24,1507.9,91.88218831544002
2008-11-25,1501.4,90.9035436898962
2008-11-26,1477.3,92.04762544961423
2008-11-28,1468.0,92.58265015369761
2008-12-01,1439.4,93.03124031233476
2008-12-02,1463.5,92.53132491432017
2008-12-03,1467.8,92.97637129498841
2008-12-04,1479.0,92.1231418810567
2008-12-05,1475.6,93.4592449966974
2008-12-08,1445.0,91.64561411528616
2008-12-09,1439.0,91.74252108091822
2008-12-10,1393.0,91.32402826196655
2008-12-11,1354.5,89.69883591482693
2008-12-12,1369.0,89.6618031895749
2008-12-15,1360.9,87.96743366097834
2008-12-16,1347.4,87.21158196371515
2008-12-17,1324.0,84.45914383203888
2008-12-18,1285.0,85.06914424488676
2008-12-19,1287.9,87.0554089674245
2008-12-22,1308.0,86.7957729394021
2008-12-23,1331.0,86.85128238610793
2008-12-24,1304.3,86.91934511458963
2008-12-26,1298.9,86.56185705302065
2008-12-29,1262.0,85.74543159774014
2008-12-30,1257.4,86.52905753008007
2008-12-31,1262.0,87.1005957173072
2009-01-02,1318.3,86.99311089198237
2009-01-05,1313.5,88.61852661778603
2009-01-06,1307.0,89.06773429439608
2009-01-07,1292.3,87.41216469566866
2009-01-08,1328.25,87.32561366243587
2009-01-09,1347.5,88.09557856622078
2009-01-12,1349.0,88.94435108566451
2009-01-13,1353.0,90.06722474997382
2009-01-14,1353.0,90.18546234134736
2009-01-15,1391.5,90.71741907224333
2009-01-16,1351.5,89.98342202938208
2009-01-20,1351.5,91.89719483136786
2009-01-21,1368.0,92.19127937006148
2009-01-22,1374.0,91.75908020580036
2009-01-23,1390.8,92.2904388000271
2009-01-26,1390.8,90.64214917820918
2009-01-27,1390.0,90.41240943613745
2009-01-28,1369.0,89.76434089651556
2009-01-29,1369.0,91.09958469031767
2009-01-30,1380.0,92.01192531943427
2009-02-02,1390.0,92.1893602157094
2009-02-03,1394.5,90.95413410585007
2009-02-04,1378.4,91.5929484993638
2009-02-05,1384.2,91.79530604571016
2009-02-06,1368.7,91.69692551288344
2009-02-09,1374.0,90.48891643245199
2009-02-10,1388.0,91.19366259428706
2009-02-11,1390.0,91.83486582408985
2009-02-12,1394.0,92.27709142892988
2009-02-13,1403.5,92.0078849609317
2009-02-17,1454.8,93.87524354252544
2009-02-18,1459.0,94.17694124457621
2009-02-19,1480.7,93.57851140553626
2009-02-20,1519.5,93.44387448773045
2009-02-23,1495.5,93.0810169290478
2009-02-24,1516.0,93.53075998250036
2009-02-25,1515.7,93.83754761413456
2009-02-26,1512.8,93.73199219389086
2009-02-27,1532.8,94.33659727983947
2009-03-02,1570.1,95.05165386750254
2009-03-03,1551.2,95.35954592871272
2009-03-04,1550.95,94.97364633839251
2009-03-05,1567.1,95.19421791007977
2009-03-06,1549.6,94.5688901174534
2009-03-09,1541.0,95.2304293231079
2009-03-10,1501.0,94.33997966156369
2009-03-11,1466.0,94.18643060063458
2009-03-12,1494.75,94.20712694362426
2009-03-13,1481.2,93.55604289760586
2009-03-16,1435.0,92.91654032021825
2009-03-17,1415.75,93.19125702256041
2009-03-18,1409.0,92.45698847654758
2009-03-19,1388.5,88.46114334490333
2009-03-20,1396.5,89.61918684623541
2009-03-23,1382.9,89.63424737256928
2009-03-24,1378.9,89.68292036615141
2009-03-25,1362.2,89.67609282460057
2009-03-26,1334.8,89.79654005787141
2009-03-27,1350.9,91.00004556627242
2009-03-30,1391.9,91.94496936305723
2009-03-31,1372.3,91.52415268100359
2009-04-01,1378.25,91.59869640034846
2009-04-02,1329.5,90.22745765954134
2009-04-03,1335.5,90.20055057217596
2009-04-06,1304.5,90.78287086066722
2009-04-07,1317.5,91.09841841369058
2009-04-08,1349.5,91.06287107143476
2009-04-09,1316.0,91.74550359624575
2009-04-10,1328.0,91.7264914114576
2009-04-13,1328.9,90.56565851676254
2009-04-14,1319.5,90.60928751699544
2009-04-15,1333.0,91.01389183277644
2009-04-16,1331.0,91.01978601771889
2009-04-17,1327.0,91.96577768453267
2009-04-20,1330.0,92.79416362584898
2009-04-21,1349.0,92.3428158033624
2009-04-22,1345.5,92.22860496270758
2009-04-23,1343.0,91.86111966616349
2009-04-24,1338.2,90.47413650239666
2009-04-27,1338.4,91.03780668989073
2009-04-28,1351.8,91.51927273536688
2009-04-29,1335.7,90.08882243189653
2009-04-30,1277.0,90.60001551408679
2009-05-01,1277.0,90.46857573601562
2009-05-04,1267.5,89.85548634822425
2009-05-05,1267.5,89.69004714556965
2009-05-06,1272.0,89.91458428180768
2009-05-07,1257.3,89.56113433008956
2009-05-08,1242.25,89.03057532843427
2009-05-11,1232.9,88.30220067640269
2009-05-12,1238.0,88.13589927663524
2009-05-13,1239.0,88.22091894193855
2009-05-14,1264.0,88.21958753695586
2009-05-15,1252.0,88.40976342010046
2009-05-18,1260.5,88.54560655207709
2009-05-19,1244.5,87.90531661690781
2009-05-20,1246.0,86.92044229156953
2009-05-21,1245.0,86.67355780535992
2009-05-22,1242.0,85.5809651281786
2009-05-26,1264.25,85.66336669637374
2009-05-27,1264.4,85.84341173503573
2009-05-28,1261.8,86.05856645068533
2009-05-29,1249.0,84.96319143835996
2009-06-01,1232.7,84.50291791290077
2009-06-02,1234.2,84.11018931380767
2009-06-03,1232.1,84.62185642442589
2009-06-04,1246.25,84.88107226024074
2009-06-05,1247.5,86.09253246271024
2009-06-08,1247.4,86.66562219977706
2009-06-09,1258.5,85.67339712250352
2009-06-10,1253.5,85.83512784704607
2009-06-11,1248.7,85.15030528047633
2009-06-12,1246.0,85.5342310577518
2009-06-15,1257.0,86.87451045397533
2009-06-16,1255.7,86.14707886227113
2009-06-17,1269.0,86.35109313150576
2009-06-18,1263.5,85.81966225226235
2009-06-19,1264.2,85.61074331696598
2009-06-22,1278.6,86.52106370851791
2009-06-23,1281.7,85.70066161289994
2009-06-24,1273.0,85.62417479985166
2009-06-25,1285.1,86.19602356812966
2009-06-26,1278.3,85.46817369633213
2009-06-29,1278.0,85.52679995975754
2009-06-30,1273.5,85.81992856420996
2009-07-01,1256.9,84.94902805470588
2009-07-02,1270.7,85.78458220695147
2009-07-03,1265.7,85.95034045279102
2009-07-06,1267.0,86.12349699402345
2009-07-07,1268.7,86.11668169976151
2009-07-08,1277.5,86.4042932888513
2009-07-09,1277.7,85.47294506980852
2009-07-10,1288.4,85.93164118862971
2009-07-13,1309.0,85.71738030775104
2009-07-14,1294.2,85.58653523957307
2009-07-15,1270.6,84.8941880062656
2009-07-16,1266.0,84.8601834651164
2009-07-17,1254.5,84.96453281099778
2009-07-20,1244.0,84.48274180738156
2009-07-21,1245.5,84.38908258947562
2009-07-22,1251.1,84.24718742713645
2009-07-23,1244.8,83.98763020663384
2009-07-24,1245.0,84.2609511955334
2009-07-27,1242.4,84.27044906074825
2009-07-28,1236.3,84.15363818294172
2009-07-29,1243.8,85.04302864746472
2009-07-30,1230.5,84.84149472597305
2009-07-31,1222.2,83.66181339718085
2009-08-03,1214.0,82.96041080177575
2009-08-04,1219.9,83.10648476218807
2009-08-05,1225.5,83.09619728273069
2009-08-06,1225.0,83.42840602179274
2009-08-07,1224.0,84.45424308447973
2009-08-10,1227.6,84.70092857637178
2009-08-11,1242.7,84.67222386058287
2009-08-12,1242.0,84.25873970567656
2009-08-13,1237.2,83.87882211071246
2009-08-14,1239.5,84.12727765576811
2009-08-17,1258.5,84.7930180862151
2009-08-18,1246.4,84.84560731659168
2009-08-19,1251.4,83.83118450950477
2009-08-20,1245.5,83.94242117509532
2009-08-21,1242.5,83.60934323922523
2009-08-24,1240.5,83.55047973907898
2009-08-25,1247.8,83.4024806825124
2009-08-26,1248.8,84.18840443879326
2009-08-27,1247.3,83.95720692096162
2009-08-28,1244.8,83.46309969759973
2009-08-31,1248.0,83.48917196361663
2009-09-01,1245.0,84.14475711648807
2009-09-02,1246.2,83.96795490708907
2009-09-03,1244.0,83.79433546524812
2009-09-04,1237.3,83.69474923430438
2009-09-08,1228.2,82.60912353972748
2009-09-09,1220.5,82.27152584041721
2009-09-10,1223.0,82.26544729188329
2009-09-11,1221.0,81.92050623344745
2009-09-14,1220.5,82.0378951944237
2009-09-15,1217.4,82.05237839217972
2009-09-16,1205.5,81.63673971074519
2009-09-17,1206.0,81.4709071646145
2009-09-18,1207.0,81.81465914815497
2009-09-21,1202.35,82.00615821165493
2009-09-22,1201.75,81.35456493311166
2009-09-23,1194.0,81.5767382601828
2009-09-24,1190.7,82.0549592643918
2009-09-25,1184.25,82.0490251823716
2009-09-28,1192.0,82.09735174559434
2009-09-29,1187.5,82.58754826692946
2009-09-30,1175.0,82.05939828029285
2009-10-01,1173.35,82.52597222903776
2009-10-02,1182.0,82.39339876621615
2009-10-05,1165.25,82.10411425644047
2009-10-06,1166.0,81.50146129515102
2009-10-07,1167.0,81.83449629595071
2009-10-08,1166.25,81.23774422936415
2009-10-09,1164.3,81.67581931674438
2009-10-13,1166.0,81.14716729618956
2009-10-14,1157.5,80.83130762171977
2009-10-15,1158.0,80.638553781207
2009-10-16,1155.0,80.89328835993494
2009-10-19,1166.0,80.5894222081991
2009-10-20,1182.0,80.89822800764173
2009-10-21,1179.9,80.32252531222426
2009-10-22,1188.0,80.44776069783366
2009-10-23,1189.0,80.56072714092691
2009-10-26,1178.4,80.953547923233
2009-10-27,1190.0,81.45641845809149
2009-10-28,1185.4,81.62785027115919
2009-10-29,1187.2,81.30234098048224
2009-10-30,1182.0,81.52940922152618
2009-11-02,1181.0,81.28840025949837
2009-11-03,1188.1,81.88879369814451
2009-11-04,1172.7,81.16706573997
2009-11-05,1174.8,81.03319403249738
2009-11-06,1167.6,81.06674791309078
2009-11-09,1154.6,80.27164313740946
2009-11-10,1161.1,80.36894583602128
2009-11-12,1160.5,80.85846271341873
2009-11-13,1156.3,80.58531619008971
2009-11-16,1152.0,80.11945664189585
2009-11-17,1155.0,80.78142434836619
2009-11-18,1153.5,80.149420495275
2009-11-19,1161.5,80.57032346263362
2009-11-20,1157.9,80.82168324576948
2009-11-23,1152.0,80.3540021581269
2009-11-24,1154.5,80.47268864107492
2009-11-25,1153.0,79.70476424850594
2009-11-27,1173.4,80.22992952652214
2009-11-30,1164.4,80.05970955405326
2009-12-01,1154.0,79.52301787385527
2009-12-02,1149.0,79.71616372770563
2009-12-03,1150.0,79.84876306923671
2009-12-04,1151.0,80.77878972788444
2009-12-07,1152.45,81.03508753564832
2009-12-08,1151.22,81.33926123123284
2009-12-09,1160.0,81.32404894741923
2009-12-10,1165.0,81.35710653520287
2009-12-11,1162.5,81.96153241788517
2009-12-14,1156.0,81.69343805336354
2009-12-15,1156.5,82.39902364661283
2009-12-16,1160.3,82.00343269393288
2009-12-17,1172.9,83.30912901388287
2009-12-18,1171.2,83.43350004727657
2009-12-21,1185.4,83.29405314344282
2009-12-22,1179.0,83.73191201279575
2009-12-23,1182.0,83.27192613021462
2009-12-24,1173.07,83.21943764283306
2009-12-28,1168.0,83.00167973719311
2009-12-29,1166.0,83.21739107579074
2009-12-30,1163.65,83.42073048185105
2009-12-31,1163.65,83.280415520873
2010-01-04,1149.0,82.84013448581139
2010-01-05,1138.2,82.84209315058224
2010-01-06,1130.0,82.91970344033003
2010-01-07,1135.0,83.43048818896992
2010-01-08,1127.75,83.14047262288139
2010-01-11,1120.0,82.2482720134251
2010-01-12,1120.25,82.21085436699336
2010-01-13,1122.0,82.26694259412825
2010-01-14,1122.5,82.2018904622048
2010-01-15,1123.0,82.6132330159772
2010-01-19,1129.3,82.99708723750054
2010-01-20,1133.5,83.84378481568748
2010-01-21,1141.0,83.73544173827517
2010-01-22,1153.0,83.65705286769023
2010-01-25,1146.0,83.64354099283263
2010-01-26,1163.1,84.06057159990071
2010-01-27,1162.0,83.993915881758
2010-01-28,1151.4,84.22270475298404
2010-01-29,1158.7,84.94225627967015
2010-02-01,1165.75,84.88322193137014
2010-02-02,1158.95,84.57004620127879
2010-02-03,1148.1,84.8857932235121
2010-02-04,1145.9,85.42287665313968
2010-02-05,1168.95,86.15134411757597
2010-02-08,1170.0,85.72397253894874
2010-02-09,1158.0,85.32297618897982
2010-02-10,1161.0,85.6793404314405
2010-02-11,1156.2,85.80811363654458
2010-02-12,1151.0,85.89187102216093
2010-02-16,1147.0,85.35604214874141
2010-02-17,1144.0,85.90395888422258
2010-02-18,1144.2,86.29680408812641
2010-02-19,1153.0,86.54888063870813
2010-02-22,1149.2,86.18927487030014
2010-02-23,1155.0,86.35749772703583
2010-02-24,1156.0,86.23132692524315
2010-02-25,1166.2,86.73700486355303
2010-02-26,1159.0,85.80232542859859
2010-03-01,1153.0,86.57693596291342
2010-03-02,1147.0,86.2810034733039
2010-03-03,1141.0,85.387000524198
2010-03-04,1145.5,86.18289352254506
2010-03-05,1139.5,86.11266773523433
2010-03-08,1131.5,86.12394392510043
2010-03-09,1135.15,86.20326070288364
2010-03-10,1128.1,86.0155860303835
2010-03-11,1133.43,85.90967806972493
2010-03-12,1128.33,85.40495763038636
2010-03-15,1134.5,85.93619423242987
2010-03-16,1133.0,85.33558299588576
2010-03-17,1128.0,85.31602752576714
2010-03-18,1131.5,85.92033973749878
2010-03-19,1133.58,86.3655588772904
2010-03-22,1135.5,86.30175748768585
2010-03-23,1136.8,86.2842586076838
2010-03-24,1137.0,87.45963425270487
2010-03-25,1142.3,87.51547346995936
2010-03-26,1138.0,87.3612404079554
2010-03-29,1135.0,87.00578701193139
2010-03-30,1131.0,87.17450676241968
2010-03-31,1131.2,86.63293160490127
2010-04-01,1126.3,86.3876679961984
2010-04-02,1125.9,86.90189052503904
2010-04-05,1122.8,86.73438304120518
2010-04-06,1123.9,87.14831269724115
2010-04-07,1120.0,87.1916195154149
2010-04-08,1123.0,87.13049546801635
2010-04-09,1117.0,86.67660667663988
2010-04-12,1114.0,86.16667650332742
2010-04-13,1123.7,86.0535001435112
2010-04-14,1111.5,85.67088679456155
2010-04-15,1107.0,86.23626984740241
2010-04-16,1110.0,86.48070152868767
2010-04-19,1118.1,86.74500017572075
2010-04-20,1117.8,86.66574955358391
2010-04-21,1107.6,86.91001676522097
2010-04-22,1108.2,87.29527712904321
2010-04-23,1108.5,87.17893015956213
2010-04-26,1104.0,87.1733408105222
2010-04-27,1110.0,87.76375660481425
2010-04-28,1118.0,88.39160259305717
2010-04-29,1114.8,87.74260227531455
2010-04-30,1108.0,87.55063664339959
2010-05-03,1118.4,88.17640112305553
2010-05-04,1115.0,88.9508509721894
2010-05-05,1115.0,89.63266550268655
2010-05-06,1140.9,90.57535982588023
2010-05-07,1155.3,90.47072238469389
2010-05-10,1131.8,89.71186042026373
2010-05-11,1133.75,90.25115446140757
2010-05-12,1144.02,90.63672444818768
2010-05-13,1129.2,91.05452714754738
2010-05-14,1130.0,92.05611507462876
2010-05-17,1152.75,92.69687268415981
2010-05-18,1146.0,92.36094593782599
2010-05-19,1163.9,92.69392920433158
2010-05-20,1193.5,92.45736837572557
2010-05-21,1193.0,91.35711488353344
2010-05-24,1213.65,92.19122436671181
2010-05-25,1250.0,92.95771398347195
2010-05-26,1253.2,93.09403941415843
2010-05-27,1222.95,92.18518254163891
2010-05-28,1194.5,92.25527958746795
2010-06-01,1216.0,92.6084637738367
2010-06-02,1216.5,92.99623690203374
2010-06-03,1198.5,93.0815084610889
2010-06-04,1201.5,94.1712973971366
2010-06-07,1235.61,94.41462835277703
2010-06-08,1233.99,94.1613157342473
2010-06-09,1247.3,93.6831688714301
2010-06-10,1250.4,93.15918675733155
2010-06-11,1245.9,93.54544940134973
2010-06-14,1221.2,92.34091452321105
2010-06-15,1229.0,91.98634938352237
2010-06-16,1211.0,91.98043692975057
2010-06-17,1212.8,91.73814277907007
2010-06-18,1202.55,91.70078018723703
2010-06-21,1173.6,91.55031094118269
2010-06-22,1182.95,91.83249401890187
2010-06-23,1187.1,91.78230681519265
2010-06-24,1188.9,91.83882349278167
2010-06-25,1215.1,91.53842757262623
2010-06-28,1202.85,91.45802537454456
2010-06-29,1216.85,92.07733126210196
2010-06-30,1220.85,91.76606299073553
2010-07-01,1227.0,90.71747774602528
2010-07-02,1228.5,90.20636947812598
2010-07-06,1222.0,89.75314929666501
2010-07-07,1221.55,89.93523416894901
2010-07-08,1209.4,89.62129482561026
2010-07-09,1197.5,89.78259756160438
2010-07-12,1203.35,90.18834120541227
2010-07-13,1212.5,89.27643597599764
2010-07-14,1201.55,89.10967809874856
2010-07-15,1201.5,88.34286253663701
2010-07-16,1202.5,88.31880505139429
2010-07-19,1216.0,88.25143947800493
2010-07-20,1206.4,88.49774917458468
2010-07-21,1203.5,88.82543861501196
2010-07-22,1202.95,88.28416661217645
2010-07-23,1198.5,88.4059282937012
2010-07-26,1191.0,87.81672007114803
2010-07-27,1181.95,87.96349076276574
2010-07-28,1185.0,87.80349292177404
2010-07-29,1185.35,87.40050166314128
2010-07-30,1182.0,87.15468857373396
2010-08-02,1172.5,86.52165668653143
2010-08-03,1167.2,86.15957300926321
2010-08-04,1167.25,86.59409616711284
2010-08-05,1166.0,86.52300913426144
2010-08-06,1161.0,85.92319845135074
2010-08-09,1160.0,86.21414403412008
2010-08-10,1168.6,87.02920017491485
2010-08-11,1182.0,87.9366003959441
2010-08-12,1185.9,88.16992402666266
2010-08-13,1183.7,88.63323541457576
2010-08-16,1186.9,88.09703320296903
2010-08-17,1176.0,87.88493727438511
2010-08-18,1174.0,87.89040665969326
2010-08-19,1172.15,88.10366353913595
2010-08-20,1183.2,88.94343705314337
2010-08-23,1181.6,88.96504494772854
2010-08-24,1191.0,88.85494658685441
2010-08-25,1196.15,89.06593692444041
2010-08-26,1190.1,88.61911788140115
2010-08-27,1195.1,88.5093079069409
2010-08-30,1191.0,88.83047942338459
2010-08-31,1198.0,88.77540518465352
2010-09-01,1184.0,88.15649194118886
2010-09-02,1178.0,88.11795099838567
2010-09-03,1173.0,87.80298546570063
2010-09-07,1177.0,88.47460620067947
2010-09-08,1171.5,88.25941876590664
2010-09-09,1166.75,88.36215306442861
2010-09-10,1164.85,88.37101827492188
2010-09-13,1159.0,87.46054615632127
2010-09-14,1159.5,86.71456340282475
2010-09-15,1158.0,87.14318969347171
2010-09-16,1161.0,86.9140566152021
2010-09-17,1160.0,87.06404635254336
2010-09-20,1160.5,86.9123673890663
2010-09-21,1160.0,86.6419843739005
2010-09-22,1150.0,85.40774536969681
2010-09-23,1150.65,85.49743799299229
2010-09-24,1154.2,84.86553082204382
2010-09-27,1146.0,84.85036337513839
2010-09-28,1145.5,84.41255989049101
2010-09-29,1139.0,84.15091559925222
2010-09-30,1140.1,84.36180180022403
2010-10-01,1130.25,83.6327167313484
2010-10-04,1122.25,83.8914944574653
2010-10-05,1129.85,83.2124865826435
2010-10-06,1117.4,82.76688081685464
2010-10-07,1114.0,82.76256203214905
2010-10-08,1120.7,82.64507149530728
2010-10-12,1130.15,82.97579706876813
2010-10-13,1119.0,82.45750352812638
2010-10-14,1110.4,81.91805347782523
2010-10-15,1109.6,82.20804157445097
2010-10-18,1115.0,82.36253633591268
2010-10-19,1126.7,83.26003714845129
2010-10-20,1124.9,82.59558372237628
2010-10-21,1128.4,82.57326544989286
2010-10-22,1125.6,82.96145332695694
2010-10-25,1115.6,82.40899530785858
2010-10-26,1122.0,82.93248077409837
2010-10-27,1130.0,83.4477196185637
2010-10-28,1123.0,82.6440863825791
2010-10-29,1124.0,82.63731116835397
2010-11-01,1116.73,82.64402830864918
2010-11-02,1111.0,82.12539830258895
2010-11-03,1109.8,82.20730645265958
2010-11-04,1106.53,81.10329608814155
2010-11-05,1107.7,81.90567372732723
2010-11-08,1114.0,82.34604746504395
2010-11-09,1111.4,82.6143699583378
2010-11-10,1109.6,83.3276103772928
2010-11-12,1127.2,83.45136194013507
2010-11-15,1134.7,83.9090210553746
2010-11-16,1129.8,84.63910845566706
2010-11-17,1143.75,84.38174731023936
2010-11-18,1129.9,84.15996699339905
2010-11-19,1131.15,84.0686735781908
2010-11-22,1126.0,84.20697339994011
2010-11-23,1162.0,85.10051165480388
2010-11-24,1146.0,85.22600688142111
2010-11-26,1153.95,85.92891226414703
2010-11-29,1164.05,86.60986840277586
2010-11-30,1157.2,86.72245227557431
2010-12-01,1149.0,86.23595671735752
2010-12-02,1148.0,85.71929107064763
2010-12-03,1136.5,84.94607103684771
2010-12-06,1136.7,85.3521165078242
2010-12-07,1130.0,85.16596726479601
2010-12-08,1142.5,85.66646062995589
2010-12-09,1140.0,85.78759276259517
2010-12-10,1143.0,85.5828166090647
2010-12-13,1144.9,84.84893940150923
2010-12-14,1139.0,84.8280552725128
2010-12-15,1154.95,85.3499450120218
2010-12-16,1155.0,85.7881196240599
2010-12-17,1155.05,86.13590224147512
2010-12-20,1154.1,86.18523711998361
2010-12-21,1155.15,86.1731587003341
2010-12-22,1153.9,86.320221559754
2010-12-23,1151.9,86.17972452847843
2010-12-27,1148.9,85.99673390359969
2010-12-28,1143.0,85.92155541865087
2010-12-29,1143.0,85.55435551059632
2010-12-30,1130.6,85.17038939680153
2011-01-03,1124.3,84.58965088942335
2011-01-04,1124.2,84.94931629502986
2011-01-05,1127.3,85.72841626072874
2011-01-06,1121.0,86.3187253654508
2011-01-07,1120.2,86.59096463804016
2011-01-10,1128.1,86.52630704696905
2011-01-11,1124.0,86.432828830552
2011-01-12,1111.6,85.95195530338266
2011-01-13,1111.2,84.59884711963464
2011-01-14,1114.55,84.80463746477523
2011-01-18,1111.0,84.40007211583062
2011-01-19,1113.2,83.94884410185071
2011-01-20,1124.1,84.45309007516553
2011-01-21,1118.0,83.72508052139494
2011-01-24,1118.0,83.3901211409673
2011-01-25,1121.6,83.53347118998016
2011-01-26,1116.0,83.26064167960658
2011-01-27,1114.3,83.33861967639861
2011-01-28,1115.6,83.59472079468398
2011-01-31,1119.1,83.04246733229394
2011-02-01,1113.6,82.55223302649173
2011-02-02,1113.6,82.62571282144171
2011-02-03,1113.6,83.06071451917789
2011-02-04,1113.6,83.46671788583527
2011-02-07,1103.6,83.5876374721273
2011-02-08,1100.9,83.05274571070366
2011-02-09,1107.4,83.19151915769643
2011-02-10,1120.9,83.46441379277819
2011-02-11,1126.3,84.02793660156047
2011-02-14,1125.9,84.12561037192665
2011-02-15,1121.3,84.03439259229076
2011-02-16,1115.3,83.80057874155246
2011-02-17,1114.5,83.38196776875951
2011-02-18,1111.0,83.0980766676729
2011-02-22,1125.35,83.18585775357646
2011-02-23,1125.2,82.71873758966201
2011-02-24,1130.55,82.48660680709611
2011-02-25,1125.0,82.64610314317498
2011-02-28,1123.7,82.35012965393345
2011-03-01,1123.5,82.21679815351743
2011-03-02,1121.0,81.96218464529538
2011-03-03,1115.4,81.87480065067071
2011-03-04,1117.5,81.73113946106098
2011-03-07,1115.35,81.76717784326674
2011-03-08,1115.0,82.10150698327726
2011-03-09,1114.45,82.05879875892794
2011-03-10,1123.7,82.52069999790554
2011-03-11,1126.0,82.21464276355397
2011-03-14,1127.0,81.73589696092007
2011-03-15,1135.6,81.78234548509128
2011-03-16,1132.6,81.9509489730741
2011-03-17,1133.1,81.2468456787781
2011-03-18,1126.0,81.08062559557249
2011-03-21,1121.5,80.82011307809051
2011-03-22,1120.6,80.6483696959003
2011-03-23,1124.1,81.07902942724132
2011-03-24,1118.6,80.79362342528593
2011-03-25,1110.7,81.13835886907968
2011-03-28,1111.5,81.3807089428497
2011-03-29,1112.2,81.55300022791697
2011-03-30,1100.5,81.5459085747875
2011-03-31,1097.25,81.19021142869295
2011-04-01,1086.7,81.154467527503
2011-04-04,1086.45,81.16782359754102
2011-04-05,1086.5,81.10833437573172
2011-04-06,1084.0,80.76510870328897
2011-04-07,1088.6,80.90029890252477
2011-04-08,1082.0,80.29927152832329
2011-04-11,1085.5,80.15624654746759
2011-04-12,1091.8,80.17866088333464
2011-04-13,1086.3,80.04431662851191
2011-04-14,1086.55,79.97066135741372
2011-04-15,1087.0,80.01936950433077
2011-04-18,1088.0,80.86956155909098
2011-04-19,1085.7,80.33260507381463
2011-04-20,1076.5,79.55912949331564
2011-04-21,1079.5,79.08108664586638
2011-04-22,1080.8,79.29669858783038
2011-04-25,1081.1,79.18534497617357
2011-04-26,1083.6,79.03357712810389
2011-04-27,1078.8,79.00546964983236
2011-04-28,1072.9,78.34212434166773
2011-04-29,1068.4,78.1163817424975
2011-05-02,1065.5,77.94093443746992
2011-05-03,1071.3,77.98733402475509
2011-05-04,1076.3,78.08749655610067
2011-05-05,1081.3,79.07553979198988
2011-05-06,1085.1,79.40356388169815
2011-05-09,1081.0,80.15646685471617
2011-05-10,1082.2,79.94766257836805
2011-05-11,1076.0,80.20599067568693
2011-05-12,1088.0,80.47127490580384
2011-05-13,1086.8,80.92684362170898
2011-05-16,1091.7,80.57844808040133
2011-05-17,1088.3,80.97153791925808
2011-05-18,1087.6,80.53658760109505
2011-05-19,1086.0,80.61778148195677
2011-05-20,1082.7,80.85698348615531
2011-05-23,1097.8,81.57050310151828
2011-05-24,1093.2,81.21178473947549
2011-05-25,1101.6,81.10642122038705
2011-05-26,1089.0,81.05843287931135
2011-05-27,1082.2,80.09769256573077
2011-05-31,1078.0,79.83209041109453
2011-06-01,1076.2,79.60373718277717
2011-06-02,1081.4,79.776348461739
2011-06-03,1077.0,78.99394333181232
2011-06-06,1078.55,78.96926341495457
2011-06-07,1081.8,78.71879646008131
2011-06-08,1080.0,79.01939589666145
2011-06-09,1082.8,79.2121146636099
2011-06-10,1084.0,79.93685760679061
2011-06-13,1085.2,79.88874249532417
2011-06-14,1082.4,79.48678015067186
2011-06-15,1083.0,80.59416608850782
2011-06-16,1091.15,80.93065610217307
2011-06-17,1085.8,80.15609552255954
2011-06-20,1082.25,80.160205947519
2011-06-21,1078.45,79.8169514233457
2011-06-22,1073.85,79.82427192767042
2011-06-23,1082.85,80.87879492634191
2011-06-24,1078.7,80.80392356326024
2011-06-27,1084.95,80.57131571190973
2011-06-28,1080.3,80.20713908857992
2011-06-29,1073.0,79.861839581327
2011-06-30,1066.3,79.49272974034245
2011-07-01,1065.05,79.54240542459402
2011-07-05,1065.0,79.68074561923225
2011-07-06,1066.5,80.21076435141138
2011-07-07,1063.9,80.16304839304877
2011-07-08,1056.9,80.40400493238519
2011-07-11,1057.6,81.2468889050676
2011-07-12,1064.05,81.18979091286143
2011-07-13,1055.1,80.35594975203608
2011-07-14,1055.55,80.31164876812727
2011-07-15,1058.0,80.33375291474553
2011-07-18,1061.85,80.91160052917341
2011-07-19,1059.6,80.31428091479084
2011-07-20,1053.95,80.15049567915536
2011-07-21,1054.5,79.31749022637652
2011-07-22,1050.25,79.36995100601804
2011-07-25,1053.45,79.31881309336823
2011-07-26,1049.2,78.73403096353825
2011-07-27,1052.5,79.18159860807894
2011-07-28,1051.55,79.42316002659017
2011-07-29,1054.0,78.9445265417527
2011-08-01,1051.3,79.64767647750672
2011-08-02,1052.4,79.52788083234135
2011-08-03,1058.85,79.16548621766631
2011-08-04,1061.5,80.2296011482198
2011-08-05,1067.2,80.16528914656371
2011-08-08,1082.9,79.7536419127
2011-08-09,1087.45,79.73168665981005
2011-08-10,1080.1,79.82773358336276
2011-08-11,1078.2,79.75704755084526
2011-08-12,1078.9,79.76801464991567
2011-08-15,1078.8,78.9696701014636
2011-08-16,1068.05,79.07689222113379
2011-08-17,1068.55,78.8542540450017
2011-08-18,1076.75,79.40654986227945
2011-08-19,1087.2,78.9968563314586
2011-08-22,1083.15,79.20331895695162
2011-08-23,1077.2,78.97596702610443
2011-08-24,1083.65,79.18180853538958
2011-08-25,1088.25,79.36926887295105
2011-08-26,1079.5,79.0075055711468
2011-08-29,1073.45,78.85486534778944
2011-08-30,1072.15,79.16730573943215
2011-08-31,1063.9,79.16163388309513
2011-09-01,1061.4,79.61689642523676
2011-09-02,1064.85,79.89997592451007
2011-09-06,1076.9,81.15778604114448
2011-09-07,1070.65,80.89929071135792
2011-09-08,1075.3,81.2610374571482
2011-09-09,1077.1,82.47035155403883
2011-09-12,1076.75,82.67122347555296
2011-09-13,1076.75,82.43195593548869
2011-09-14,1107.45,82.3481067225254
2011-09-15,1113.25,81.70446957844372
2011-09-16,1112.4,81.98042864767177
2011-09-19,1139.4,82.6450098657305
2011-09-20,1140.0,82.39460937449597
2011-09-21,1152.4,82.4338101409721
2011-09-22,1179.7,83.9887856877411
2011-09-23,1164.9,83.59432101248841
2011-09-26,1181.0,83.58533998101095
2011-09-27,1164.5,83.02924434430923
2011-09-28,1171.9,82.9947922816824
2011-09-29,1172.6,83.04565424951309
2011-09-30,1180.9,83.90401465233343
2011-10-03,1180.0,84.65042873581903
2011-10-04,1197.5,84.84646156993885
2011-10-05,1186.5,84.57419031442618
2011-10-06,1184.0,84.23822334794997
2011-10-07,1170.5,83.59081598311111
2011-10-11,1171.15,82.98607837956348
2011-10-12,1164.5,82.30360069797618
2011-10-13,1157.75,82.6239783614678
2011-10-14,1156.0,82.06756127605838
2011-10-17,1148.35,82.35513703666756
2011-10-18,1149.5,82.63039506006838
2011-10-19,1133.5,82.31523120425375
2011-10-20,1147.0,82.81525121017472
2011-10-21,1147.2,81.67427848795548
2011-10-24,1133.2,81.38611018717768
2011-10-25,1131.25,81.4975607247455
2011-10-26,1134.65,81.80732127792004
2011-10-27,1106.6,80.25269592236621
2011-10-28,1102.5,80.25987209988892
2011-10-31,1112.05,81.3529395830565
2011-11-01,1122.05,82.79233785570445
2011-11-02,1120.65,82.19341870681329
2011-11-03,1127.4,82.40399010048979
2011-11-04,1110.6,82.39997794069195
2011-11-07,1117.3,82.46939344317836
2011-11-08,1118.1,82.20121758265057
2011-11-09,1118.85,83.04496636958788
2011-11-10,1131.85,83.03753251472274
2011-11-14,1126.05,82.89530052243467
2011-11-15,1128.5,83.3938767590658
2011-11-16,1134.15,83.49748595269162
2011-11-17,1132.15,83.41652775206705
2011-11-18,1138.5,83.45421186284585
2011-11-21,1143.0,83.6326357256014
2011-11-22,1146.65,83.73280442000811
2011-11-23,1159.7,84.5689519108508
2011-11-25,1162.0,85.09703433946575
2011-11-28,1152.5,84.60671378562598
2011-11-29,1139.5,84.42844107869736
2011-11-30,1140.05,83.76461675966897
2011-12-01,1126.55,83.64800992797714
2011-12-02,1128.0,84.13898626100911
2011-12-05,1124.5,83.72852349919599
2011-12-06,1128.5,84.05379479675393
2011-12-07,1129.05,84.00004606310378
2011-12-08,1133.55,84.36113520071514
2011-12-09,1146.6,84.15481121392025
2011-12-12,1149.2,85.04639248469452
2011-12-13,1157.0,85.50413422796363
2011-12-14,1158.3,86.21572383548644
2011-12-15,1156.95,85.89372225780922
2011-12-16,1158.5,85.8029957126849
2011-12-19,1175.5,85.83161786713528
2011-12-20,1157.0,85.38544981325883
2011-12-21,1150.8,85.60110595487049
2011-12-22,1154.0,85.53326760508823
2011-12-23,1149.0,85.59566903880457
2011-12-27,1155.65,85.34813460262072
2011-12-28,1157.0,86.14375319774828
2011-12-29,1156.5,86.03491563414464
2011-12-30,1158.5,85.68337409883009
2012-01-03,1143.7,85.115833607221
2012-01-04,1147.35,85.71542853482555
2012-01-05,1155.55,86.59008526218507
2012-01-06,1160.0,86.87436400319385
2012-01-09,1158.8,86.76748035858724
2012-01-10,1153.55,86.46756291332048
2012-01-11,1159.55,87.04214950829437
2012-01-12,1151.25,86.4622146309949
2012-01-13,1150.35,87.14565211518355
2012-01-17,1142.85,86.71151998553984
2012-01-18,1139.0,86.29951231092944
2012-01-19,1133.6,85.7680420598826
2012-01-20,1133.0,85.69056850656445
2012-01-23,1125.4,85.23885728223811
2012-01-24,1129.25,85.51212968261665
2012-01-25,1129.05,85.7276931606181
2012-01-26,1120.1,84.70547923930036
2012-01-27,1120.5,84.44394663298576
2012-01-30,1128.0,84.6817862627175
2012-01-31,1125.7,84.97440754404838
2012-02-01,1126.35,84.29500318028745
2012-02-02,1115.65,84.36239259955373
2012-02-03,1116.0,84.65451551169292
2012-02-06,1121.0,84.52391819670812
2012-02-07,1117.0,84.07521286624954
2012-02-08,1116.4,84.09052301401208
2012-02-09,1118.55,83.95360613985244
2012-02-10,1123.0,84.54663373923057
2012-02-13,1119.95,84.3896173248101
2012-02-14,1126.55,84.83224684239126
2012-02-15,1124.65,85.03176716090923
2012-02-16,1128.65,84.98253175690903
2012-02-17,1126.25,84.89431173987884
2012-02-21,1124.25,84.49854796626866
2012-02-22,1126.45,84.71564752136933
2012-02-23,1128.9,84.43742600349854
2012-02-24,1124.0,83.78721919805338
2012-02-27,1127.25,83.94930366669608
2012-02-28,1125.85,83.73256385697468
2012-02-29,1117.1,84.08797716948136
2012-03-01,1116.0,84.25195307615718
2012-03-02,1116.5,84.89471569532704
2012-03-05,1116.0,84.81498247664763
2012-03-06,1122.64,85.37690211724744
2012-03-07,1123.7,85.24200026687068
2012-03-08,1117.2,84.73103881910772
2012-03-09,1116.0,85.5922781325896
2012-03-12,1124.15,85.48709623497098
2012-03-13,1123.45,85.54772847427245
2012-03-14,1126.1,86.15283574937853
2012-03-15,1124.85,85.88247106943822
2012-03-16,1125.7,85.3248096297749
2012-03-19,1120.35,84.96681240100908
2012-03-20,1128.05,85.17118122422639
2012-03-21,1130.25,85.2944897863715
2012-03-22,1134.6,85.22108845197383
2012-03-23,1135.0,84.86493734098826
2012-03-26,1133.35,84.5506869282396
2012-03-27,1134.4,84.54995994719037
2012-03-28,1136.3,84.74514250248805
2012-03-29,1139.75,84.7963531483161
2012-03-30,1131.4,84.45695370371352
2012-04-02,1125.75,84.36896310941445
2012-04-03,1122.35,84.34700643910135
2012-04-04,1131.25,85.39079608762547
2012-04-05,1129.5,85.6314722093922
2012-04-06,1131.75,85.41612348645941
2012-04-09,1138.1,85.40588765739864
2012-04-10,1139.5,85.51378390849854
2012-04-11,1143.35,85.32424129113824
2012-04-12,1137.4,84.93566072920524
2012-04-13,1134.2,85.40713508571699
2012-04-16,1138.0,85.42059737391116
2012-04-17,1134.75,85.06341782827349
2012-04-18,1139.35,85.10090664324096
2012-04-19,1138.2,85.0878597461506
2012-04-20,1138.1,84.70485488966818
2012-04-23,1142.5,85.04317121491754
2012-04-24,1138.4,84.66261120313548
2012-04-25,1139.0,84.6291832034314
2012-04-26,1133.0,84.42242548170478
2012-04-27,1131.0,84.26008164959359
2012-04-30,1130.05,84.31512630217759
2012-05-01,1128.35,84.34470159992905
2012-05-02,1129.1,84.69838781905534
2012-05-03,1130.4,84.74413392055897
2012-05-04,1134.25,85.01376903119898
2012-05-07,1138.0,85.13657071525532
2012-05-08,1138.46,85.34947184610073
2012-05-09,1143.95,85.62096050030287
2012-05-10,1142.15,85.65126964042544
2012-05-11,1146.15,85.75279235017177
2012-05-14,1153.5,86.17690917666548
2012-05-15,1156.1,86.65106838553386
2012-05-16,1166.25,86.97462517345694
2012-05-17,1165.75,87.04940873595076
2012-05-18,1170.0,87.03774209269143
2012-05-21,1167.0,86.83841070318383
2012-05-22,1165.0,87.05910697325808
2012-05-23,1174.85,87.82462161423389
2012-05-24,1176.72,87.76677390512423
2012-05-25,1185.0,88.11358045930015
2012-05-29,1175.82,88.22593205825774
2012-05-30,1180.41,88.61195519398208
2012-05-31,1180.0,88.84540260646831
2012-06-01,1182.0,88.62180226042658
2012-06-04,1178.99,88.30227974572809
2012-06-05,1177.08,88.63647233311693
2012-06-06,1173.89,88.10408164781592
2012-06-07,1162.75,87.92680591178409
2012-06-08,1173.59,88.4235833007844
2012-06-11,1171.0,88.2032803673945
2012-06-12,1168.5,88.27226611378542
2012-06-13,1166.23,87.71264250375718
2012-06-14,1163.78,87.64807061893845
2012-06-15,1164.25,87.35209919508313
2012-06-18,1157.0,87.65757346334647
2012-06-19,1153.0,87.01803712571264
2012-06-20,1151.37,87.06154258268123
2012-06-21,1153.75,87.79791162888809
2012-06-22,1158.34,88.0746524410207
2012-06-25,1163.25,88.29373176660883
2012-06-26,1157.6,88.25304110914115
2012-06-27,1156.01,88.40529108151452
2012-06-28,1157.61,88.52115772699045
2012-06-29,1141.17,87.2716365197318
2012-07-02,1143.4,87.58061806657193
2012-07-03,1133.0,87.41230478935167
2012-07-05,1133.54,88.59476992529474
2012-07-06,1140.3,89.10982495620091
2012-07-09,1141.88,89.03251361599041
2012-07-10,1140.63,89.16853830173889
2012-07-11,1140.5,89.24184837468697
2012-07-12,1154.04,89.48948969768017
2012-07-13,1147.53,89.19104813995642
2012-07-16,1146.18,88.92768204407139
2012-07-17,1144.83,89.0901797445438
2012-07-18,1141.34,88.86212138479995
2012-07-19,1138.3,88.76494569508921
2012-07-20,1142.0,89.19421698385923
2012-07-23,1151.03,89.55271424659104
2012-07-24,1148.78,89.83707701497539
2012-07-25,1148.89,89.53530476212397
2012-07-26,1146.17,88.61424564197404
2012-07-27,1138.01,88.19368863164419
2012-07-30,1137.22,88.63809342618332
2012-07-31,1130.27,88.32189730301619
2012-08-01,1126.56,88.45782248373753
2012-08-02,1131.58,89.26189263889468
2012-08-03,1134.25,88.03371038421909
2012-08-06,1127.93,87.84120820043488
2012-08-07,1128.7,87.88247011239761
2012-08-08,1129.77,88.06761565263743
2012-08-09,1126.0,88.49332250838306
2012-08-10,1130.75,88.27029265860756
2012-08-13,1128.73,88.13299587449275
2012-08-14,1130.24,88.23513415098239
2012-08-15,1130.08,88.4084982220733
2012-08-16,1133.19,88.12388659429666
2012-08-17,1134.72,88.3699978975637
2012-08-20,1134.93,88.22239443201228
2012-08-21,1130.37,87.58169850237276
2012-08-22,1135.56,87.59521779763234
2012-08-23,1131.35,86.92050879225022
2012-08-24,1134.15,87.19410323759162
2012-08-27,1134.49,87.26424066965116
2012-08-28,1134.45,86.99277274092186
2012-08-29,1134.97,87.17038466640672
2012-08-30,1134.18,87.40792972109945
2012-08-31,1133.2,86.88541897203989
2012-09-04,1133.23,86.98157503990164
2012-09-05,1135.96,86.85979460434241
2012-09-06,1133.45,86.79441584791783
2012-09-07,1129.85,85.81077476083401
2012-09-10,1128.55,85.81569175761288
2012-09-11,1127.94,85.41170444758004
2012-09-12,1126.6,85.27309291017775
2012-09-13,1128.49,85.15510868590594
2012-09-14,1116.65,84.21450668925294
2012-09-17,1116.39,84.36932646423149
2012-09-18,1117.95,84.64985489963783
2012-09-19,1115.74,84.55428957787888
2012-09-20,1121.25,85.05467050419556
2012-09-21,1118.7,84.8395168446484
2012-09-24,1120.34,85.19807233921838
2012-09-25,1119.3,84.99115465459447
2012-09-26,1119.2,85.49117635436866
2012-09-27,1116.03,85.2753143324261
2012-09-28,1111.21,85.47376771759544
2012-10-01,1112.29,85.3042457900219
2012-10-02,1112.5,85.0783160549418
2012-10-03,1112.88,85.49227968752281
2012-10-04,1111.6,84.97164622670601
2012-10-05,1107.0,84.69335719779009
2012-10-09,1111.22,85.56629501308481
2012-10-10,1114.61,85.50896873728293
2012-10-11,1112.07,85.35755651023439
2012-10-12,1110.5,85.24441873215275
2012-10-15,1110.24,85.26878232154641
2012-10-16,1106.1,84.96010294508419
2012-10-17,1104.74,84.45058654393011
2012-10-18,1104.66,84.63335767340963
2012-10-19,1105.51,85.16114832860418
2012-10-22,1103.98,85.08568366180062
2012-10-23,1103.1,85.54270230575516
2012-10-24,1103.12,85.62315528320946
2012-10-25,1098.0,85.54232388368294
2012-10-26,1097.03,85.61324999833543
2012-10-29,1095.76,85.80652584042811
2012-10-30,1091.33,85.4078186956386
2012-10-31,1090.17,85.52868650079273
2012-11-01,1090.27,85.62215134791768
2012-11-02,1090.7,86.11556589651583
2012-11-05,1091.0,86.34446877212653
2012-11-06,1090.19,86.22079830296101
2012-11-07,1086.5,86.4321300863932
2012-11-08,1089.23,86.49929878132689
2012-11-09,1087.76,86.64915015618483
2012-11-13,1089.44,86.67850550966486
2012-11-14,1086.0,86.7191111402187
2012-11-15,1088.5,86.66401127645558
2012-11-16,1091.77,86.99592135626696
2012-11-19,1085.97,86.48793073484033
2012-11-20,1082.58,86.54352837002133
2012-11-21,1082.0,86.6098753099241
2012-11-23,1085.0,85.86350283668806
2012-11-26,1085.62,85.81293815489035
2012-11-27,1086.25,85.9588628737568
2012-11-28,1085.35,85.97097203974513
2012-11-29,1083.17,85.87273570322773
2012-11-30,1081.75,85.70369581183894
2012-12-03,1082.65,85.37702203438842
2012-12-04,1083.69,85.26704034727544
2012-12-05,1081.99,85.33343683603883
2012-12-06,1083.3,85.79722403152213
2012-12-07,1081.56,85.9347379876254
2012-12-10,1077.43,85.9550356907355
2012-12-11,1074.85,85.67223137990933
2012-12-12,1073.35,85.56163457811599
2012-12-13,1073.9,85.45860530130831
2012-12-14,1074.74,85.23530076041234
2012-12-17,1072.3,85.05329553006447
2012-12-18,1072.75,84.82446784983078
2012-12-19,1071.4,84.6999727687299
2012-12-20,1074.3,84.84022743118726
2012-12-21,1075.4,85.15553984911844
2012-12-24,1073.24,85.22853947132666
2012-12-26,1072.29,85.1424501047584
2012-12-27,1071.67,85.21641530916132
2012-12-28,1070.4,85.21705061792497
2012-12-31,1063.24,85.36327218950363
2013-01-02,1063.3,85.31105922389727
2013-01-03,1062.95,85.69589975593833
2013-01-04,1062.0,86.21192533438258
2013-01-07,1062.5,85.8883393953852
2013-01-08,1063.5,86.01998126730703
2013-01-09,1060.1,86.07052487357065
2013-01-10,1058.12,85.44685881896807
2013-01-11,1056.09,85.04296559972146
2013-01-14,1056.0,85.03803556951365
2013-01-15,1057.62,85.09561302761546
2013-01-16,1058.35,85.30872457466529
2013-01-17,1057.82,85.23524742932622
2013-01-18,1058.4,85.66219725002168
2013-01-22,1062.95,85.46764652505975
2013-01-23,1067.02,85.49046077637394
2013-01-24,1067.95,85.48530588782077
2013-01-25,1075.33,85.33694434133409
2013-01-28,1091.22,85.33231714444165
2013-01-29,1082.4,85.1166866753146
2013-01-30,1085.85,84.80408290408228
2013-01-31,1087.46,84.68823693589314
2013-02-01,1094.79,84.47178923740081
2013-02-04,1089.35,85.09765242214425
2013-02-05,1086.17,85.09992834182208
2013-02-06,1089.0,85.27984664627144
2013-02-07,1090.15,85.83345908207896
2013-02-08,1095.65,85.79446005548822
2013-02-11,1095.5,85.80271155656547
2013-02-12,1093.13,85.5913036760722
2013-02-13,1085.72,85.6586994725525
2013-02-14,1085.14,86.10495371194835
2013-02-15,1078.22,86.09589898289926
2013-02-19,1079.65,86.07787379806764
2013-02-20,1079.85,86.34848198934931
2013-02-21,1086.8,86.9417209900663
2013-02-22,1085.03,87.18720187158524
2013-02-25,1086.0,87.29393287975623
2013-02-26,1089.82,87.5224390617286
2013-02-27,1084.99,87.3471369601662
2013-02-28,1083.9,87.50463817924305
2013-03-01,1083.9,88.13345753575368
2013-03-04,1090.8,88.05593193739108
2013-03-05,1086.58,87.93300961859559
2013-03-06,1084.36,88.16348562921392
2013-03-07,1087.49,87.8601755492054
2013-03-08,1089.15,88.51771925557418
2013-03-11,1093.9,88.44881333876472
2013-03-12,1095.28,88.3764697473808
2013-03-13,1098.42,88.69629662952966
2013-03-14,1107.49,88.54434885807338
2013-03-15,1110.62,87.85722302091672
2013-03-18,1114.19,88.33701439975533
2013-03-19,1112.93,88.65587539717748
2013-03-20,1115.62,88.47594956577889
2013-03-21,1115.41,88.4629138515039
2013-03-22,1119.2,88.0590979024812
2013-03-25,1110.88,88.56779933631375
2013-03-26,1107.36,88.61288894431262
2013-03-27,1111.09,89.00087028553247
2013-03-28,1113.14,88.6213981749333
2013-03-29,1112.48,88.77545471775696
2013-04-01,1114.38,88.44675987829336
2013-04-02,1117.87,88.6062932347574
2013-04-03,1116.68,88.47166466868889
2013-04-04,1123.57,88.84767278996983
2013-04-05,1136.82,88.08900960450207
2013-04-08,1140.34,88.47285901777018
2013-04-09,1139.19,88.05945421424653
2013-04-10,1135.35,88.25271145997168
2013-04-11,1128.85,87.84896161754581
2013-04-12,1129.24,87.96252256323217
2013-04-15,1119.0,87.99696855514038
2013-04-16,1114.0,87.75585722750725
2013-04-17,1121.0,88.24890193848128
2013-04-18,1119.48,88.21647736757376
2013-04-19,1119.03,88.3963834186095
2013-04-22,1119.51,88.46509707878585
2013-04-23,1119.53,88.70419222036487
2013-04-24,1117.94,88.7980291198686
2013-04-25,1111.35,88.57233255370399
2013-04-26,1111.1,88.21296991203107
2013-04-29,1104.0,87.9204954905605
2013-04-30,1101.52,87.40922459911792
2013-05-01,1100.35,87.2550779159073
2013-05-02,1101.4,87.92123953796046
2013-05-03,1096.67,87.82873889211872
2013-05-06,1094.34,88.08917194894747
2013-05-07,1090.0,87.99690491733652
2013-05-08,1086.0,87.51152257420542
2013-05-09,1091.12,87.90856929048803
2013-05-10,1106.0,89.10460620960889
2013-05-13,1113.12,89.02283951399805
2013-05-14,1109.62,89.19511553278119
2013-05-15,1114.62,89.77929196590684
2013-05-16,1117.54,89.46567903189391
2013-05-17,1117.3,90.12613812961285
2013-05-20,1118.19,89.80599829373529
2013-05-21,1110.62,89.6279581631418
2013-05-22,1113.85,90.13857934758138
2013-05-23,1128.35,89.48168194417326
2013-05-24,1126.4,89.48413886496486
2013-05-28,1128.07,89.96134848712472
2013-05-29,1132.08,89.41932259928146
2013-05-30,1127.9,88.87606623665606
2013-05-31,1129.34,89.13412126953058
2013-06-03,1127.18,88.25976638602947
2013-06-04,1122.31,88.57571104759442
2013-06-05,1118.55,88.34199745734199
2013-06-06,1118.9,87.25652989608663
2013-06-07,1117.17,87.24577043363664
2013-06-10,1127.38,87.4793140180097
2013-06-11,1133.0,87.01572194717288
2013-06-12,1127.76,86.40199581367597
2013-06-13,1129.07,86.42535358759747
2013-06-14,1127.2,86.34141770941021
2013-06-17,1127.0,86.3818165714195
2013-06-18,1134.24,86.21949152866122
2013-06-19,1130.25,86.15962262357729
2013-06-20,1145.9,87.66363065976206
2013-06-21,1156.0,88.17861651987077
2013-06-24,1161.34,88.36045888577945
2013-06-25,1152.78,88.38751203724698
2013-06-26,1155.0,88.65618349781613
2013-06-27,1147.69,88.83872086974515
2013-06-28,1141.45,88.9886124519093
2013-07-01,1135.27,88.77105393467923
2013-07-02,1133.8,89.1392206271729
2013-07-03,1140.95,89.03699645026725
2013-07-05,1141.65,90.27905813348862
2013-07-08,1147.94,90.14059634144066
2013-07-09,1141.25,90.57484513414866
2013-07-10,1134.66,90.05006931642717
2013-07-11,1124.21,88.75325351951524
2013-07-12,1123.85,88.81644171449985
2013-07-15,1121.06,88.97648512620279
2013-07-16,1114.65,88.3597660189907
2013-07-17,1116.86,88.57877302548155
2013-07-18,1124.08,88.74166095901093
2013-07-19,1120.43,88.32969974515163
2013-07-22,1118.46,87.91481980331197
2013-07-23,1116.66,87.82820403931272
2013-07-24,1115.52,87.82722200824134
2013-07-25,1116.15,87.74161367746866
2013-07-26,1112.55,87.39028995228419
2013-07-29,1112.21,87.35481119808288
2013-07-30,1115.79,87.50373786820144
2013-07-31,1122.66,87.51285243356169
2013-08-01,1122.99,88.00282184237116
2013-08-02,1123.85,87.69999876617274
2013-08-05,1113.5,87.63667173257731
2013-08-06,1113.81,87.35195449418774
2013-08-07,1117.05,86.98075442895089
2013-08-08,1112.25,86.54790367318489
2013-08-09,1111.16,86.79706535100823
2013-08-12,1113.97,86.95821491814294
2013-08-13,1118.22,87.4996450957919
2013-08-14,1117.9,87.38499335821183
2013-08-15,1118.0,87.31391879900525
2013-08-16,1113.04,87.00745329172646
2013-08-19,1117.88,86.89407460005218
2013-08-20,1120.6,86.48795695290467
2013-08-21,1116.86,86.87852993570687
2013-08-22,1120.92,87.10798892960017
2013-08-23,1113.48,86.97481839578646
2013-08-26,1112.6,87.10169889643919
2013-08-27,1116.78,86.86905068668959
2013-08-28,1114.25,87.15842622563284
2013-08-29,1112.19,87.7536357308792
2013-08-30,1109.42,87.89986213383548
2013-09-03,1097.75,88.10753644968034
2013-09-04,1093.77,87.82940537592478
2013-09-05,1096.8,88.35409833319183
2013-09-06,1091.9,87.90303490272585
2013-09-09,1086.8,87.46107802070937
2013-09-10,1085.43,87.52804106273483
2013-09-11,1085.76,87.26976306676885
2013-09-12,1082.77,87.08034191399241
2013-09-13,1085.88,87.27202838176697
2013-09-16,1081.34,86.82799535815862
2013-09-17,1082.15,86.80392587900896
2013-09-18,1081.4,86.78274489150574
2013-09-19,1070.88,85.94339053280723
2013-09-20,1076.02,86.02415513630865
2013-09-23,1073.9,85.94037944259131
2013-09-24,1074.35,86.10880881892204
2013-09-25,1076.42,85.87390424771775
2013-09-26,1075.2,86.18139135204794
2013-09-27,1074.38,85.7934278380849
2013-09-30,1073.33,85.75147520084775
2013-10-01,1072.9,85.72758319437155
2013-10-02,1074.02,85.41272168091122
2013-10-03,1074.02,85.19042007787161
2013-10-04,1070.0,85.54636450233276
2013-10-07,1071.29,85.56662500117346
2013-10-08,1074.15,85.52044363123245
2013-10-09,1075.48,85.99675296906766
2013-10-10,1071.19,85.99934997039703
2013-10-11,1071.55,85.95971136982897
2013-10-15,1064.33,86.232154385086
2013-10-16,1066.0,86.30961037510426
2013-10-17,1062.38,85.24154638014788
2013-10-18,1060.02,85.11102840011291
2013-10-21,1060.93,85.25412446123822
2013-10-22,1057.5,84.78561654074024
2013-10-23,1057.45,84.75065122013807
2013-10-24,1061.5,84.67981860547438
2013-10-25,1062.3,84.78062489051347
2013-10-28,1060.7,84.85906151473316
2013-10-29,1061.92,85.03660713893359
2013-10-30,1058.4,85.0296245313188
2013-10-31,1060.83,85.73301800698887
2013-11-01,1060.91,86.3662006964789
2013-11-04,1062.38,86.18192630789727
2013-11-05,1061.03,86.3326055466278
2013-11-06,1059.77,86.04161029647207
2013-11-07,1062.78,86.62258181150489
2013-11-08,1062.12,86.935979288636
2013-11-12,1072.65,86.81731034658979
2013-11-13,1070.56,86.57628709297428
2013-11-14,1068.21,86.58719606997235
2013-11-15,1062.35,86.51954226855621
2013-11-18,1054.84,86.2935551243489
2013-11-19,1054.86,86.31884075121297
2013-11-20,1056.28,86.5652020069484
2013-11-21,1061.9,86.65876199871275
2013-11-22,1060.99,86.34202195114923
2013-11-25,1059.35,86.61341319221917
2013-11-26,1060.07,86.3394435272225
2013-11-27,1060.9,86.39358428894369
2013-11-29,1057.76,86.17271969996727
2013-12-02,1058.0,86.47732817562203
2013-12-03,1059.97,86.15918703192973
2013-12-04,1061.02,86.42644869835011
2013-12-05,1058.27,85.89245204167086
2013-12-06,1056.0,85.93539643105149
2013-12-09,1050.05,85.77970961324016
2013-12-10,1052.0,85.55596773671796
2013-12-11,1051.5,85.39216351622046
2013-12-12,1050.75,85.75722274838428
2013-12-13,1052.9,85.85389866464662
2013-12-16,1052.6,85.65495764098276
2013-12-17,1050.65,85.71171624624077
2013-12-18,1051.75,85.63288990462345
2013-12-19,1059.28,86.18401451450221
2013-12-20,1061.35,86.16608666309283
2013-12-23,1060.4,85.99245141936264
2013-12-24,1059.25,86.1160302110197
2013-12-26,1059.1,86.09796139579872
2013-12-27,1053.72,85.80924692254848
2013-12-30,1054.52,85.50231215321908
2013-12-31,1055.25,85.64528409046727
2014-01-02,1050.3,86.14137645963586
2014-01-03,1055.0,86.36223462491809
2014-01-06,1065.01,86.28046579144261
2014-01-07,1068.5,86.43536258295185
2014-01-08,1065.45,86.64395524684791
2014-01-09,1062.89,86.6379339899692
2014-01-10,1061.32,86.28302743144026
2014-01-13,1056.7,86.28439040193844
2014-01-14,1059.43,86.16984426559588
2014-01-15,1062.6,86.61351884804958
2014-01-16,1063.0,86.63208505949217
2014-01-17,1060.8,86.7710532828267
2014-01-21,1065.05,86.72778180522289
2014-01-22,1067.3,86.810157003417
2014-01-23,1073.1,86.19163506246328
2014-01-24,1080.1,86.0699482114729
2014-01-27,1083.7,86.0095222415563
2014-01-28,1079.14,86.18901420696595
2014-01-29,1069.8,86.12816255151583
2014-01-30,1080.11,86.7539983783358
2014-01-31,1080.36,86.86383187568401
2014-02-03,1084.25,86.69411300291897
2014-02-04,1083.7,86.80992876668188
2014-02-05,1077.6,86.76169588259275
2014-02-06,1078.8,86.42006537669094
2014-02-07,1073.83,86.36387074648896
2014-02-10,1072.3,86.23012641842132
2014-02-11,1070.8,86.17612603246366
2014-02-12,1062.14,86.3120811118254
2014-02-13,1066.2,85.94101721189854
2014-02-14,1062.9,85.75545757914448
2014-02-18,1065.54,85.56478949792614
2014-02-19,1065.25,85.60559798972821
2014-02-20,1072.0,86.00935424493208
2014-02-21,1072.15,85.94692132921355
2014-02-24,1074.0,85.74967892533034
2014-02-25,1072.78,85.6822199799976
2014-02-26,1065.72,86.07755406406832
2014-02-27,1068.85,85.81971850507982
2014-02-28,1066.01,85.35925800189844
2014-03-03,1069.9,85.49445697159251
2014-03-04,1071.2,85.76332835827691
2014-03-05,1070.85,85.67162681109419
2014-03-06,1064.1,85.2386667952127
2014-03-07,1064.2,85.29150895278302
2014-03-10,1066.5,85.29825291928331
2014-03-11,1065.13,85.31521512962183
2014-03-12,1070.2,85.16248526766503
2014-03-13,1068.35,84.90716008836121
2014-03-14,1071.33,84.9018058155307
2014-03-17,1067.15,84.86395045207753
2014-03-18,1068.5,84.9588583634576
2014-03-19,1070.53,85.02315844389418
2014-03-20,1076.28,85.75358471111333
2014-03-21,1079.6,85.73426107588723
2014-03-24,1077.7,85.73470043068765
2014-03-25,1078.67,85.73540525979325
2014-03-26,1074.97,85.65983853117436
2014-03-27,1071.65,85.6755898240019
2014-03-28,1068.85,85.77965362623256
2014-03-31,1064.65,85.63984269694018
2014-04-01,1058.3,85.59072450810947
2014-04-02,1057.2,85.82055876599297
2014-04-03,1057.5,86.11066006295681
2014-04-04,1053.85,86.01640179116316
2014-04-07,1055.17,85.78159242275916
2014-04-08,1052.1,85.32730477121194
2014-04-09,1041.25,85.23213292161023
2014-04-10,1039.9,84.88996808465025
2014-04-11,1035.4,84.94178090053148
2014-04-14,1039.29,85.26630884292106
2014-04-15,1041.07,85.34288630216997
2014-04-16,1038.2,85.37828090697519
2014-04-17,1038.0,85.29684750358567
2014-04-18,1037.35,85.41227194199207
2014-04-21,1038.56,85.54164573082771
2014-04-22,1037.45,85.44938158135622
2014-04-23,1039.35,85.41037188902816
2014-04-24,1039.5,85.3423980574774
2014-04-25,1040.95,85.28542699696551
2014-04-28,1034.9,85.27237509605764
2014-04-29,1029.83,85.38060706276082
2014-04-30,1032.85,85.02670101975094
2014-05-01,1032.75,85.04467307607493
2014-05-02,1029.55,85.09263238061774
2014-05-05,1029.5,84.99090636843057
2014-05-06,1029.5,84.6521863868081
2014-05-07,1022.46,84.69363415056522
2014-05-08,1022.6,84.88159035562978
2014-05-09,1024.23,85.39136025628186
2014-05-12,1024.29,85.42674959931693
2014-05-13,1021.85,85.63550574534496
2014-05-14,1027.5,85.59208585178594
2014-05-15,1025.1,85.59053667130615
2014-05-16,1023.42,85.5806155923299
2014-05-19,1021.87,85.52907182167336
2014-05-20,1025.0,85.58682609983352
2014-05-21,1026.7,85.79246690408544
2014-05-22,1024.3,85.83470788205044
2014-05-23,1024.45,85.97344464320477
2014-05-27,1022.95,86.04209644330453
2014-05-28,1021.7,86.15010555669794
2014-05-29,1020.5,86.05127816076985
2014-05-30,1020.3,85.96078889103663
2014-06-02,1024.0,86.18619794221553
2014-06-03,1023.0,86.14419244445837
2014-06-04,1023.0,86.19164058172896
2014-06-05,1019.7,86.14448771551925
2014-06-06,1019.7,86.05001468906266
2014-06-09,1016.35,86.25239225555224
2014-06-10,1016.95,86.45370015736934
2014-06-11,1015.6,86.38190542155279
2014-06-12,1017.6,86.22869329042922
2014-06-13,1017.8,86.31807038802857
2014-06-16,1020.0,86.02321002193875
2014-06-17,1022.3,86.21964407065381
2014-06-18,1021.85,86.16076147247365
2014-06-19,1018.37,85.84290720879326
2014-06-20,1020.81,86.01238600851354
2014-06-23,1018.1,85.91487811595013
2014-06-24,1018.05,86.0007454739864
2014-06-25,1019.55,85.73884198462885
2014-06-26,1016.0,85.81781068130319
2014-06-27,1013.3,85.67893086611825
2014-06-30,1011.6,85.36032816285582
2014-07-01,1010.7,85.37615640175491
2014-07-02,1009.1,85.51214378801033
2014-07-03,1008.85,85.78578662173285
2014-07-07,1011.1,85.81053724712883
2014-07-08,1011.5,85.73922269324909
2014-07-09,1012.1,85.6659194289348
2014-07-10,1013.1,85.72710942237669
2014-07-11,1018.6,85.80363957927086
2014-07-14,1018.95,85.7665193565545
2014-07-15,1026.75,85.95999679669039
2014-07-16,1031.9,86.13584793623869
2014-07-17,1028.95,86.1075549662635
2014-07-18,1029.1,86.19431490620094
2014-07-21,1026.65,86.15810453573486
2014-07-22,1024.2,86.40595783974902
2014-07-23,1023.5,86.43415506077847
2014-07-24,1029.05,86.48284184122434
2014-07-25,1025.6,86.67577959554643
2014-07-28,1026.1,86.62259926165729
2014-07-29,1024.65,86.86383988442084
2014-07-30,1024.55,87.1672131461234
2014-07-31,1027.75,87.09768319230122
2014-08-01,1036.85,86.92268481472948
2014-08-04,1032.95,87.01925736023449
2014-08-05,1027.9,87.2675645464339
2014-08-06,1033.75,87.25790572277145
2014-08-07,1036.75,87.17686525946297
2014-08-08,1036.4,87.03934208242035
2014-08-11,1029.8,87.11963400938527
2014-08-12,1026.9,87.24445294863709
2014-08-13,1029.35,87.28979358277539
2014-08-14,1026.9,87.21805874143593
2014-08-15,1020.95,87.11312476123283
2014-08-18,1017.35,87.2700290634883
2014-08-19,1017.35,87.56277857641383
2014-08-20,1022.6,87.78320402617946
2014-08-21,1023.4,87.85552430529536
2014-08-22,1017.8,88.09464148017152
2014-08-25,1019.65,88.22698708111974
2014-08-26,1016.25,88.31705203039763
2014-08-27,1013.95,88.23746664885815
2014-08-28,1014.85,88.25285894760825
2014-08-29,1013.85,88.40119441396268
2014-09-02,1018.2,88.7564314138904
2014-09-03,1019.55,88.679055134624
2014-09-04,1018.7,89.67689259384021
2014-09-05,1024.25,89.56913908395637
2014-09-08,1024.0,89.83386101093795
2014-09-09,1034.05,90.19040709049922
2014-09-10,1034.2,90.1719357492484
2014-09-11,1035.9,90.06677371133375
2014-09-12,1034.9,90.05857542498818
2014-09-15,1037.8,90.03738657201137
2014-09-16,1035.95,89.82323113911222
2014-09-17,1034.55,89.93431352279968
2014-09-18,1043.3,90.19610477265111
2014-09-19,1043.55,90.64231791421068
2014-09-22,1040.75,90.67994007632296
2014-09-23,1039.9,90.55605488397192
2014-09-24,1039.77,90.93128519746956
2014-09-25,1042.6,91.1286865512999
2014-09-26,1044.1,91.58184747448446
2014-09-29,1053.15,91.47397510386863
2014-09-30,1054.55,91.90831267358776
2014-10-01,1062.7,91.89200224265669
2014-10-02,1061.1,91.54637704722408
2014-10-03,1061.1,92.66255644440069
2014-10-06,1068.75,92.1294436772954
2014-10-07,1069.4,91.85350305499169
2014-10-08,1074.4,91.62880620236167
2014-10-09,1062.6,91.51019908100079
2014-10-10,1073.1,91.76385265192292
2014-10-14,1064.62,91.7115602306656
2014-10-15,1058.9,91.0625274639481
2014-10-16,1060.16,90.79704052965158
2014-10-17,1063.62,91.11864240913975
2014-10-20,1057.58,90.99745820450627
2014-10-21,1054.69,91.21754533611443
2014-10-22,1052.47,91.64109066977426
2014-10-23,1057.87,91.7707506773553
2014-10-24,1055.58,91.62506179528724
2014-10-27,1050.99,91.44050525782664
2014-10-28,1047.0,91.27045031935722
2014-10-29,1043.89,91.17735514544066
2014-10-30,1053.8,92.03820259931348
2014-10-31,1073.07,92.91875332155314
2014-11-03,1077.63,93.36558011122992
2014-11-04,1076.99,93.05626548544548
2014-11-05,1089.38,93.46535136066325
2014-11-06,1084.0,93.97335849486724
2014-11-07,1086.5,93.89150437331507
2014-11-10,1089.28,93.85961529886632
2014-11-12,1093.62,93.76287670732653
2014-11-13,1093.61,93.81555370711648
2014-11-14,1102.23,93.82761711683514
2014-11-17,1098.12,94.06435378001312
2014-11-18,1096.64,93.65546568373584
2014-11-19,1112.04,93.72359832892421
2014-11-20,1111.96,93.84828412242567
2014-11-21,1111.05,94.40161927611949
2014-11-24,1114.66,94.31765867240878
2014-11-25,1108.68,94.03965144675314
2014-11-26,1103.26,93.75793078440049
2014-11-28,1112.06,94.46026318154692
2014-12-01,1108.36,93.9993528363857
2014-12-02,1115.35,94.73331858083412
2014-12-03,1114.57,95.1544856786076
2014-12-04,1110.89,94.51664761401537
2014-12-05,1117.74,95.45000172063293
2014-12-08,1112.52,95.48112126075502
2014-12-09,1102.31,94.57806884815406
2014-12-10,1103.75,94.53910349270673
2014-12-11,1101.83,94.80335538395832
2014-12-12,1103.01,94.25160713664421
2014-12-15,1098.24,94.43220571133232
2014-12-16,1080.83,94.15083173426895
2014-12-17,1094.59,94.7375022576401
2014-12-18,1101.75,95.39852939713839
2014-12-19,1099.21,95.83062344180141
2014-12-22,1097.77,95.81368595052834
2014-12-23,1104.84,96.31457810246002
2014-12-24,1103.22,96.23463206297345
2014-12-29,1097.34,96.32692890871017
2014-12-30,1096.06,96.10798438955213
2014-12-31,1090.89,96.56315273496395
2015-01-02,1103.73,97.31789117568866
2015-01-05,1109.07,97.89473441219039
2015-01-06,1098.14,97.68489886654433
2015-01-07,1101.51,98.57236879089461
2015-01-08,1096.19,98.57880083372571
2015-01-09,1086.14,98.41001284892955
2015-01-12,1083.25,98.41470061641593
2015-01-13,1080.42,98.68394225420171
2015-01-14,1080.45,98.32979493448154
2015-01-15,1077.94,98.98128148427926
2015-01-16,1076.68,99.32263796733967
2015-01-20,1087.17,99.40868950541999
2015-01-21,1081.94,99.40684588427004
2015-01-22,1081.75,100.34806439188223
2015-01-23,1075.75,101.14396390533868
2015-01-26,1079.42,101.1983628320251
2015-01-27,1075.31,100.58309245283559
2015-01-28,1084.84,100.84010761494942
2015-01-29,1098.6,101.40135077640251
2015-01-30,1104.3,101.4551127635557
2015-02-02,1099.61,101.13405723061356
2015-02-03,1096.06,100.29212058278047
2015-02-04,1086.79,100.55190635214989
2015-02-05,1087.05,100.30037986753119
2015-02-06,1097.26,101.20167015907357
2015-02-09,1096.4,101.18609072871861
2015-02-10,1098.61,101.27639374454533
2015-02-11,1108.19,101.61689889335912
2015-02-12,1100.87,100.6278279514717
2015-02-13,1097.2,100.61987624162491
2015-02-17,1107.33,100.69792773254912
2015-02-18,1112.82,101.04973282580934
2015-02-19,1110.69,100.75641523240438
2015-02-20,1110.06,100.879785429767
2015-02-23,1108.25,101.07320577847823
2015-02-24,1108.05,101.35297485637216
2015-02-25,1101.53,100.78278985678446
2015-02-26,1100.33,101.79333818611764
2015-02-27,1100.65,101.88690369876689
2015-03-02,1101.46,102.05021465264117
2015-03-03,1095.65,101.75588535531018
2015-03-04,1100.2,102.69700106756643
2015-03-05,1100.11,103.19687477620502
2015-03-06,1110.36,104.45537948183114
2015-03-09,1114.18,104.49899830159971
2015-03-10,1123.32,105.40086963946104
2015-03-11,1131.33,106.46647664775655
2015-03-12,1120.13,106.17442325823467
2015-03-13,1135.7,106.93726978027796
2015-03-16,1129.62,106.57787853129099
2015-03-17,1127.69,106.46470854474116
2015-03-18,1127.09,106.25861577828373
2015-03-19,1121.21,106.2781395820095
2015-03-20,1113.87,104.87374869193249
2015-03-23,1106.68,103.87625583060948
2015-03-24,1104.2,104.03392745198265
2015-03-25,1099.72,103.47790826309412
2015-03-26,1103.59,103.88617954790622
2015-03-27,1103.6,104.11338215918023
2015-03-30,1106.39,104.82987023288813
2015-03-31,1107.71,105.22039846607586
2015-04-01,1098.1,104.99321431945849
2015-04-02,1089.49,104.33653768364287
2015-04-03,1085.65,103.37739378585634
2015-04-06,1083.38,103.23561012914654
2015-04-07,1093.76,104.49370462647829
2015-04-08,1093.77,104.57890406896392
2015-04-09,1093.8,105.75828068103148
2015-04-10,1093.13,106.32126572848101
2015-04-13,1100.41,106.40003315232593
2015-04-14,1090.76,105.48060130114239
2015-04-15,1095.07,105.87645924240334
2015-04-16,1086.89,104.6290851327693
2015-04-17,1081.99,104.40066503418531
2015-04-20,1081.27,104.55172780008174
2015-04-21,1081.54,104.60095165478619
2015-04-22,1080.64,104.83621009000736
2015-04-23,1080.0,104.21922824096234
2015-04-24,1075.85,103.6256473029935
2015-04-27,1071.01,103.44152287023783
2015-04-28,1063.03,102.75607972685042
2015-04-29,1066.48,101.36353215609078
2015-04-30,1076.74,101.85220403539901
2015-05-01,1080.22,101.91112140323004
2015-05-04,1081.19,102.12507355787804
2015-05-05,1080.46,101.78272771112098
2015-05-06,1077.23,100.64937061617739
2015-05-07,1093.55,101.16870415857517
2015-05-08,1087.28,101.1679243368215
2015-05-11,1095.39,101.69576852154992
2015-05-12,1093.81,100.96905103716766
2015-05-13,1089.72,100.04777216758076
2015-05-14,1089.46,100.11453796088553
2015-05-15,1083.05,99.82511966736344
2015-05-18,1088.19,100.45287863551702
2015-05-19,1093.94,101.8762776748701
2015-05-20,1097.62,102.34157489447405
2015-05-21,1092.41,101.91923959951625
2015-05-22,1093.46,102.73460750532512
2015-05-26,1106.06,104.0316043958047
2015-05-27,1107.84,104.15787302166584
2015-05-28,1109.86,104.06445387047368
2015-05-29,1111.99,103.59467947497868
2015-06-01,1115.61,104.30906347863713
2015-06-02,1109.34,102.76590436138669
2015-06-03,1104.33,101.82745711890996
2015-06-04,1112.56,101.9665156611155
2015-06-05,1121.18,103.15085797334704
2015-06-08,1121.95,102.30941053428943
2015-06-09,1119.38,101.71988099349441
2015-06-10,1110.32,101.27115565662471
2015-06-11,1113.24,101.82244762074609
2015-06-12,1111.63,101.40321830325158
2015-06-15,1114.94,101.54914132483525
2015-06-16,1118.08,101.64592758488149
2015-06-17,1122.83,101.62286945699468
2015-06-18,1101.55,100.3620428131376
2015-06-19,1102.64,100.76253304440309
2015-06-22,1098.85,100.64536146309064
2015-06-23,1104.54,101.87862625441429
2015-06-24,1110.67,102.13335497013699
2015-06-25,1111.05,101.88369400330889
2015-06-26,1122.31,102.15294296117814
2015-06-29,1119.09,101.80585303845868
2015-06-30,1117.34,102.03671093410772
2015-07-01,1123.89,102.7368251305726
2015-07-02,1119.95,102.77287404034116
2015-07-06,1125.58,102.81329502691935
2015-07-07,1133.75,103.73805785580848
2015-07-08,1131.75,102.90948758722521
2015-07-09,1133.69,103.25191608491798
2015-07-10,1127.29,102.58862874827602
2015-07-13,1133.93,103.42069648984251
2015-07-14,1142.75,103.398211107542
2015-07-15,1146.42,103.85836858706362
2015-07-16,1145.24,104.29537065280283
2015-07-17,1148.48,104.6587916526659
2015-07-20,1156.38,104.69249188338131
2015-07-21,1148.33,104.20228349670253
2015-07-22,1156.49,104.49154947556359
2015-07-23,1160.64,104.00360774448308
2015-07-24,1169.02,104.03929078409617
2015-07-27,1167.75,103.08456456653303
2015-07-28,1161.09,103.41145217662866
2015-07-29,1158.49,103.5770985449686
2015-07-30,1173.42,104.42797827973531
2015-07-31,1159.7,103.68286108471061
2015-08-03,1168.63,104.17916139637255
2015-08-04,1161.2,104.23463654478398
2015-08-05,1174.4,104.92067585362888
2015-08-06,1163.25,104.6489473006376
2015-08-07,1164.0,104.45054618071507
2015-08-10,1161.69,104.1496089188959
2015-08-11,1181.36,103.96431812587846
2015-08-12,1175.03,102.71447659086418
2015-08-13,1176.02,103.14371653586298
2015-08-14,1177.62,103.3231645243765
2015-08-17,1181.53,103.53113185307004
2015-08-18,1185.85,103.76227060933151
2015-08-19,1184.35,103.61849437173674
2015-08-20,1185.63,102.64778447487089
2015-08-21,1194.6,101.5907874637881
2015-08-24,1191.13,99.97494703089885
2015-08-25,1195.25,101.20234602398548
2015-08-26,1185.52,101.38047815003887
2015-08-27,1170.49,102.43021859409713
2015-08-28,1180.93,102.91475053828854
2015-08-31,1182.54,102.78243408451111
2015-09-01,1179.78,102.22884711351755
2015-09-02,1183.46,102.4628477792779
2015-09-03,1188.07,103.22130992237457
2015-09-04,1196.4,103.12942860262915
2015-09-08,1195.57,102.64077667035858
2015-09-09,1186.52,102.90304866090203
2015-09-10,1184.87,102.24937617024257
2015-09-11,1182.25,101.8488731580837
2015-09-14,1181.17,101.91098115195564
2015-09-15,1178.69,102.30322764787267
2015-09-16,1169.77,101.87858259920972
2015-09-17,1163.11,101.88374333222572
2015-09-18,1164.13,101.38363235903786
2015-09-21,1179.24,102.47940282486118
2015-09-22,1186.1,102.98732844870933
2015-09-23,1193.96,103.01267512587718
2015-09-24,1195.48,102.42861080338395
2015-09-25,1190.14,102.95461029512288
2015-09-28,1193.32,102.63392184503255
2015-09-29,1194.28,102.59226750999221
2015-09-30,1184.62,103.10018990156294
2015-10-01,1180.04,102.70047649239477
2015-10-02,1175.48,102.17011259912513
2015-10-05,1158.54,102.6669284920623
2015-10-06,1160.7,102.14573720748668
2015-10-07,1153.72,102.14204050796432
2015-10-08,1155.57,101.93746290962984
2015-10-09,1145.67,101.45613163413545
2015-10-13,1147.42,101.35667594690858
2015-10-14,1140.39,100.82144882706764
2015-10-15,1120.9,100.76058809861156
2015-10-16,1130.73,101.27612771196254
2015-10-19,1130.57,101.55428027204712
2015-10-20,1128.64,101.34473222917079
2015-10-21,1137.09,101.56240648924177
2015-10-22,1131.48,102.85369807953862
2015-10-23,1135.0,103.7665004852348
2015-10-26,1127.47,103.50616630057569
2015-10-27,1134.57,103.5580192264493
2015-10-28,1130.31,103.4058687267105
2015-10-29,1142.39,104.16186065265008
2015-10-30,1140.5,103.44116122381911
2015-11-02,1140.5,103.55403970024794
2015-11-03,1140.5,104.13077489993194
2015-11-04,1136.45,104.73966500612858
2015-11-05,1140.5,104.84987854830388
2015-11-06,1140.5,106.03123523003075
2015-11-09,1160.42,105.79078539124698
2015-11-10,1158.34,106.31340116645357
2015-11-12,1158.6,105.70237817966228
2015-11-13,1169.79,106.05336601547015
2015-11-16,1172.67,106.15793322765921
2015-11-17,1169.08,106.66712507883629
2015-11-18,1167.89,106.66820832041286
2015-11-19,1156.08,105.73219072547141
2015-11-20,1151.63,106.42702925758317
2015-11-23,1159.14,106.89577429796144
2015-11-24,1149.39,106.52739081122586
2015-11-25,1140.67,106.75391063289908
2015-11-27,1154.43,107.0197228334535
2015-11-30,1149.39,107.22319959016933
2015-12-01,1149.39,106.84096214615111
2015-12-02,1149.39,107.30104802777642
2015-12-03,1149.39,105.05310387017092
2015-12-04,1149.39,105.11640377524411
2015-12-07,1172.68,105.5498896529984
2015-12-08,1179.6,105.39704564471536
2015-12-09,1181.75,104.44933601524588
2015-12-10,1176.39,104.63553862044515
2015-12-11,1188.0,104.28847537021043
2015-12-14,1186.2,104.20756955446318
2015-12-15,1176.66,105.08439414129627
2015-12-16,1177.19,105.0277761279175
2015-12-17,1187.7,106.17927264825391
2015-12-18,1178.04,105.63495975094851
2015-12-21,1173.87,105.25501373501979
2015-12-22,1169.26,104.89453026081824
2015-12-23,1140.67,105.42602235815146
2015-12-24,1167.94,104.77618509605246
2015-12-28,1169.26,104.6854474796165
2015-12-29,1169.26,105.14125701846451
2015-12-30,1177.53,105.18606195794266
2015-12-31,1169.26,105.54724001358349
2016-01-04,1191.46,105.92752133937039
2016-01-05,1190.43,106.32296692791508
2016-01-06,1200.16,106.26251862894463
2016-01-07,1193.05,105.5946280256299
2016-01-08,1206.97,105.52602488762778
2016-01-11,1206.55,105.54224340423548
2016-01-12,1208.95,106.03777716500609
2016-01-13,1208.95,105.86237320376134
2016-01-14,1211.28,105.9778666570508
2016-01-15,1216.95,105.44431139035353
2016-01-19,1205.61,105.98197191906863
2016-01-20,1215.4,105.89170578429422
2016-01-21,1204.31,106.221595010296
2016-01-22,1195.66,106.2801210767553
2016-01-25,1194.3,106.32025849782684
2016-01-26,1199.64,106.0340249076875
2016-01-27,1199.25,105.98811008189536
2016-01-28,1204.08,105.40787413424266
2016-01-29,1210.04,106.58750788517732
2016-02-01,1203.19,106.0335030746967
2016-02-02,1212.01,105.84002416493225
2016-02-03,1211.33,104.38676477260334
2016-02-04,1186.11,103.26918573960529
2016-02-05,1204.69,103.90928690370522
2016-02-08,1205.1,103.59137234743075
2016-02-09,1200.39,102.61407557763327
2016-02-10,1189.69,103.05074229294277
2016-02-11,1196.89,101.94155963103785
2016-02-12,1205.13,102.75547239387045
2016-02-16,1219.44,103.61310304022886
2016-02-17,1222.32,103.52327945825394
2016-02-18,1231.15,103.7158417977009
2016-02-19,1231.09,103.38537850571
2016-02-22,1223.32,104.2114233127004
2016-02-23,1230.05,104.247263037141
2016-02-24,1234.6,104.17437273836721
2016-02-25,1237.39,104.19997300668332
2016-02-26,1242.59,104.9437329158858
2016-02-29,1238.09,105.12505323978688
2016-03-01,1229.56,105.31374327708248
2016-03-02,1227.59,105.25204220536033
2016-03-03,1209.55,104.4489124681138
2016-03-04,1195.09,104.0161559668974
2016-03-07,1200.08,103.9744066074075
2016-03-08,1206.19,103.79386157061326
2016-03-09,1206.82,103.74535721004047
2016-03-10,1204.09,102.97140863653065
2016-03-11,1184.56,102.69668517040982
2016-03-14,1187.39,103.2312781484749
2016-03-15,1194.99,103.28006475027787
2016-03-16,1190.59,103.66016443794581
2016-03-17,1155.83,101.34850331153503
2016-03-18,1160.11,101.47553715355872
2016-03-21,1157.33,101.82727469557223
2016-03-22,1154.58,102.17532714769185
2016-03-23,1166.59,102.7921042672913
2016-03-24,1168.09,102.90693336019383
2016-03-25,1168.19,102.96498245303026
2016-03-28,1163.39,102.56565264737857
2016-03-29,1164.69,102.53813278519938
2016-03-30,1142.02,101.46955395191536
2016-03-31,1138.86,101.10800688823171
2016-04-01,1147.15,101.29951649764534
2016-04-04,1151.35,101.12780795849737
2016-04-05,1158.39,101.28071462865452
2016-04-06,1155.28,100.8183284433673
2016-04-07,1156.81,100.97956530963404
2016-04-08,1148.89,100.7750090367601
2016-04-11,1141.97,100.50756576351176
2016-04-12,1144.53,100.56514229091964
2016-04-13,1146.29,101.31773514541648
2016-04-14,1151.99,101.50985600092328
2016-04-15,1144.83,101.24014240982355
2016-04-18,1144.48,101.019479845337
2016-04-19,1126.01,100.53225426108021
2016-04-20,1130.48,100.83794759103732
2016-04-21,1135.49,101.10665974676503
2016-04-22,1147.85,101.6386777418365
2016-04-25,1147.76,101.31063093395024
2016-04-26,1146.66,100.92609714595362
2016-04-27,1151.5,100.96646106925466
2016-04-28,1139.93,100.51838477991765
2016-04-29,1144.09,99.62453454591818
2016-05-02,1138.45,99.1230766403033
2016-05-03,1148.69,99.3675135247167
2016-05-04,1164.59,99.79949776086944
2016-05-05,1165.93,100.27497853494803
2016-05-06,1167.29,100.2043918627539
2016-05-09,1174.25,100.60830788184869
2016-05-10,1169.89,100.74996753654274
2016-05-11,1162.47,100.21912176586635
2016-05-12,1168.7,100.64547270056157
2016-05-13,1176.85,101.3254330553104
2016-05-16,1177.21,101.04846773131084
2016-05-17,1173.67,100.94545933858161
2016-05-18,1185.77,101.30708511205069
2016-05-19,1189.25,101.84431478692751
2016-05-20,1186.93,102.07265853732444
2016-05-23,1183.39,102.10520487906051
2016-05-24,1186.39,102.23127523545111
2016-05-25,1182.21,102.1080650694496
2016-05-26,1178.09,101.81727978997738
2016-05-27,1180.59,102.13448538198315
2016-05-31,1188.99,102.44926474049656
2016-06-01,1192.09,102.21604924801031
2016-06-02,1186.69,102.14270749992747
2016-06-03,1167.79,100.70130636728747
2016-06-06,1162.28,100.57876972000733
2016-06-07,1154.8,100.445322994942
2016-06-08,1153.83,100.01704599501599
2016-06-09,1159.29,100.49557334397402
2016-06-10,1167.61,100.96642612634184
2016-06-13,1169.74,100.98071796876152
2016-06-14,1176.78,101.4929719463896
2016-06-15,1167.53,101.32626392224101
2016-06-16,1176.49,101.74620252179004
2016-06-17,1171.77,100.89885222350738
2016-06-20,1156.8,100.1628540070414
2016-06-21,1154.35,100.50872060754568
2016-06-22,1147.99,100.38440466765314
2016-06-23,1143.27,99.90630404763563
2016-06-24,1167.56,102.01382341527689
2016-06-27,1181.24,103.04541115526735
2016-06-28,1169.31,102.95931323302183
2016-06-29,1153.09,102.30997315111647
2016-06-30,1154.15,103.06114490113951
2016-07-01,1146.49,102.25043290379736
2016-07-05,1156.79,102.80218063459267
2016-07-06,1160.59,102.89385996638637
2016-07-07,1154.89,102.91212854251938
2016-07-08,1148.71,103.13264196026824
2016-07-11,1148.97,103.35212986487268
2016-07-12,1146.47,103.1421472813211
2016-07-13,1145.01,102.8316370786664
2016-07-14,1130.65,102.8452888271984
2016-07-15,1135.49,103.35504921636861
2016-07-18,1134.39,103.24147858074778
2016-07-19,1140.56,103.80538197616053
2016-07-20,1142.33,103.87188445878446
2016-07-21,1137.31,103.71239511079722
2016-07-22,1137.49,104.24672434931793
2016-07-25,1140.8,104.13804184961192
2016-07-26,1137.59,103.96672368292496
2016-07-27,1135.09,104.12067110479123
2016-07-28,1124.79,103.27413713068727
2016-07-29,1112.89,102.25229713923625
2016-08-01,1106.15,102.30363824973796
2016-08-02,1108.35,101.69546233839475
2016-08-03,1116.21,102.07419814347195
2016-08-04,1111.99,102.37038165380089
2016-08-05,1114.54,102.97210443468403
2016-08-08,1108.24,103.1348075455722
2016-08-09,1101.45,102.84905897522903
2016-08-10,1095.84,102.3450693927188
2016-08-11,1097.39,102.34805134495446
2016-08-12,1100.79,102.25874861321223
2016-08-15,1095.83,102.15478296997708
2016-08-16,1093.95,101.41313021907722
2016-08-17,1114.25,101.52522926153306
2016-08-18,1107.41,100.86617799868759
2016-08-19,1116.37,101.09713611205098
2016-08-22,1120.93,101.1578921619772
2016-08-23,1116.91,101.10574295059243
2016-08-24,1121.34,101.42297989131073
2016-08-25,1115.23,101.39984226573559
2016-08-26,1111.47,101.72038476670184
2016-08-29,1121.53,102.30203073591215
2016-08-30,1118.27,102.67362547409185
2016-08-31,1115.98,102.76574042126711
2016-09-01,1116.89,102.31886067916236
2016-09-02,1114.87,102.56063196338295
2016-09-06,1093.04,101.57341770906302
2016-09-07,1090.03,101.58697311623658
2016-09-08,1095.27,101.62631305191641
2016-09-09,1106.83,102.09342679182282
2016-09-12,1112.03,101.85776051295211
2016-09-13,1124.61,102.00502826793603
2016-09-14,1123.81,101.83919122517531
2016-09-15,1122.83,101.9285393162555
2016-09-16,1127.37,102.64385800703154
2016-09-19,1117.44,102.4660966087194
2016-09-20,1117.34,102.60030196158235
2016-09-21,1112.17,102.45488864172738
2016-09-22,1100.59,101.87535150849824
2016-09-23,1102.21,102.16553689588197
2016-09-26,1106.99,101.80197317271386
2016-09-27,1099.22,102.20509140071886
2016-09-28,1096.73,102.27354393670906
2016-09-29,1097.39,102.0274063005807
2016-09-30,1097.98,102.03247625565253
2016-10-03,1104.79,102.42433543730576
2016-10-04,1110.77,102.70310540943213
2016-10-05,1114.53,102.91541323555074
2016-10-06,1114.53,103.32213698930876
2016-10-07,1115.95,103.55294541416461
2016-10-11,1124.21,104.32267872877492
2016-10-12,1127.23,104.80395302851176
2016-10-13,1133.31,104.48732793240691
2016-10-14,1133.13,104.84192116297602
2016-10-17,1137.61,104.70226955112608
2016-10-18,1123.75,104.54516330869136
2016-10-19,1120.01,104.70084342738208
2016-10-20,1128.39,105.07020631983863
2016-10-21,1137.17,105.6413015777343
2016-10-24,1135.4,105.57547776126833
2016-10-25,1129.89,105.59510196493513
2016-10-26,1134.94,105.40447429567902
2016-10-27,1145.85,105.73609887373001
2016-10-28,1146.49,105.60493286957727
2016-10-31,1145.37,105.3333018957173
2016-11-01,1142.68,104.72974976111455
2016-11-02,1148.39,103.97689648665592
2016-11-03,1142.68,103.99899268205378
2016-11-04,1142.68,103.74787518269132
2016-11-07,1141.27,104.59927528764979
2016-11-08,1131.39,104.66092923521529
2016-11-09,1150.64,105.07232021234383
2016-11-10,1162.11,105.74223225047194
2016-11-14,1171.25,107.09326871911902
2016-11-15,1170.21,107.1467877225501
2016-11-16,1172.41,107.27119651216157
2016-11-17,1176.03,107.61795920442374
2016-11-18,1177.71,108.29030608907689
2016-11-21,1178.51,108.18247663825612
2016-11-22,1173.25,108.08267491125379
2016-11-23,1181.57,108.661103769569
2016-11-25,1174.99,108.52743099165538
2016-11-28,1170.53,108.5132268127672
2016-11-29,1169.99,108.1772893533512
2016-11-30,1175.87,108.73458244497505
2016-12-01,1167.31,108.18821892816496
2016-12-02,1167.7,107.78062619382125
2016-12-05,1168.11,107.42872476245648
2016-12-06,1171.5,107.43341635605229
2016-12-07,1161.67,107.18368201605827
2016-12-08,1162.49,108.11026853714161
2016-12-09,1171.88,108.72223165032013
2016-12-12,1164.37,108.23732208895339
2016-12-13,1164.65,108.0026400267244
2016-12-14,1165.13,107.82503072994267
2016-12-15,1185.35,110.68470986599206
2016-12-16,1183.72,109.91632146307346
2016-12-19,1187.71,109.92746785638599
2016-12-20,1192.13,110.49807054281875
2016-12-21,1193.91,110.22787545034558
2016-12-22,1204.65,110.10626871118741
2016-12-23,1201.51,110.19819401017467
2016-12-27,1207.68,110.20968163928255
2016-12-28,1212.22,110.69556207376513
2016-12-29,1207.05,109.79336361241883
2016-12-30,1203.73,109.25460434929937
2017-01-03,1207.23,110.36529326234326
2017-01-04,1198.07,109.77117273522197
2017-01-05,1182.46,108.5142757812903
2017-01-06,1198.85,109.06126078409287
2017-01-09,1200.51,109.02126608867876
2017-01-10,1196.96,109.01226274096618
2017-01-11,1197.59,109.59786259318803
2017-01-12,1170.93,108.00107477682467
2017-01-13,1177.81,108.41972526721207
2017-01-17,1161.61,107.4595450168321
2017-01-18,1170.73,107.76478652560125
2017-01-19,1177.03,108.46889540992971
2017-01-23,1165.82,107.21044586007736
2017-01-24,1165.25,107.1090930939859
2017-01-25,1164.13,106.9819662204062
2017-01-26,1169.61,107.63285405820933
2017-01-27,1175.73,107.61851749709713
2017-01-30,1171.27,107.52977361853445
2017-01-31,1151.45,106.50128990126163
2017-02-01,1154.45,106.78743883122088
2017-02-02,1139.9,106.45079104758773
2017-02-03,1134.65,106.55341128437733
2017-02-06,1134.87,107.0740510728534
2017-02-07,1142.89,107.31757791357497
2017-02-08,1143.25,107.06599961144101
2017-02-09,1149.88,107.63082428279259
2017-02-10,1146.78,107.64506393541161
2017-02-13,1150.16,108.00896274883925
2017-02-14,1139.33,108.30057421606692
2017-02-15,1136.46,108.14444846889438
2017-02-16,1140.57,107.58287708301488
2017-02-17,1150.73,107.92201950095024
2017-02-21,1143.63,108.40873052511516
2017-02-22,1142.15,108.43594427863995
2017-02-23,1129.84,107.97966909748232
2017-02-24,1130.41,108.01762860910877
2017-02-27,1130.14,107.754630729708
2017-02-28,1129.17,107.93858529173352
2017-03-01,1140.75,108.67966897696316
2017-03-02,1146.9,109.20040417948746
2017-03-03,1156.77,109.02423682249982
2017-03-06,1154.36,108.71578423772746
2017-03-07,1149.87,108.78862423134217
2017-03-08,1154.69,109.20994765940999
2017-03-09,1158.12,108.98569351862284
2017-03-10,1150.37,108.5156012649811
2017-03-13,1150.37,108.30367869007948
2017-03-14,1148.54,108.5326635362798
2017-03-15,1144.16,108.56407459537272
2017-03-16,1148.54,107.35702717419419
2017-03-17,1128.67,107.326127928517
2017-03-20,1112.29,107.24852290508787
2017-03-21,1118.23,106.66718097261877
2017-03-22,1117.91,106.6239355332398
2017-03-23,1117.91,106.66020022005146
2017-03-24,1116.69,106.60180781583372
2017-03-27,1108.3,105.94883321622333
2017-03-28,1111.51,106.22583612122338
2017-03-29,1112.28,107.0262957422674
2017-03-30,1114.11,107.10693986727942
2017-03-31,1117.48,107.28506840864071
2017-04-03,1117.65,107.60522949767689
2017-04-04,1122.61,107.60242659153586
2017-04-05,1126.58,107.62711219923592
2017-04-06,1131.21,107.67706964176064
2017-04-07,1133.89,107.95800697675521
2017-04-10,1141.24,107.99669166816571
2017-04-11,1147.77,107.6995254030467
2017-04-12,1138.83,107.62596419259503
2017-04-13,1133.32,107.42557582659369
2017-04-14,1136.67,107.40338615021501
2017-04-17,1134.25,107.0646485087877
2017-04-18,1143.89,106.66239791169151
2017-04-19,1142.37,106.79389158095847
2017-04-20,1136.29,106.47874272506706
2017-04-21,1134.22,106.91783696190014
2017-04-24,1132.19,106.07056015872101
2017-04-25,1126.54,105.63701465105852
2017-04-26,1133.17,106.10750298738948
2017-04-27,1133.83,106.13553893785158
2017-04-28,1136.99,105.96288123984111
2017-05-01,1134.87,105.90328101289356
2017-05-02,1129.16,105.99478368635697
2017-05-03,1131.25,105.9491248499165
2017-05-04,1134.2,105.75462733976842
2017-05-05,1136.49,105.49770077300157
2017-05-08,1132.91,105.9835312168468
2017-05-09,1134.84,106.51594524682018
2017-05-10,1132.13,106.48117721460112
2017-05-11,1127.51,106.52390033211269
2017-05-12,1121.68,106.12714732320146
2017-05-15,1115.01,105.74982097086583
2017-05-16,1115.0,105.12363443007133
2017-05-17,1118.67,104.47881439434845
2017-05-18,1129.17,104.36174424152655
2017-05-19,1116.71,104.04692829188161
2017-05-22,1114.71,103.71843326752405
2017-05-23,1125.02,104.00034762159996
2017-05-24,1122.83,104.20879371130833
2017-05-25,1119.71,103.88021077089084
2017-05-26,1118.67,104.26459223675059
2017-05-30,1122.87,104.0684356190722
2017-05-31,1119.58,103.72460345518712
2017-06-01,1120.85,103.92467994264425
2017-06-02,1117.49,103.49613399118391
2017-06-05,1118.44,103.58298523771444
2017-06-06,1118.53,103.3342023661417
2017-06-07,1124.16,103.54841666017802
2017-06-08,1122.73,103.7276875744926
2017-06-09,1123.51,104.10265807228896
2017-06-12,1130.55,104.00108081676282
2017-06-13,1127.79,103.85358140389098
2017-06-14,1116.45,103.16866558964146
2017-06-15,1129.91,104.21025283330839
2017-06-16,1133.2,103.93233183683147
2017-06-19,1134.69,104.21072937194228
2017-06-20,1141.33,104.61673636924995
2017-06-21,1143.01,104.50444774766753
2017-06-22,1143.01,104.38455575922458
2017-06-23,1132.99,104.0351347621414
2017-06-26,1132.48,104.03829488789273
2017-06-27,1137.77,103.43608041394103
2017-06-28,1141.91,102.79960817211577
2017-06-29,1144.07,102.40841731245138
2017-06-30,1143.75,102.40618277513805
2017-07-03,1149.26,102.83810193423594
2017-07-05,1153.06,103.02320126595185
2017-07-06,1156.55,102.54116395753026
2017-07-07,1153.85,102.74543159927008
2017-07-10,1149.35,102.75438186376232
2017-07-11,1149.83,102.65071263182833
2017-07-12,1138.32,102.46211824550961
2017-07-13,1137.22,102.55639587535897
2017-07-14,1127.79,101.8845992058323
2017-07-17,1127.74,101.81016196320464
2017-07-18,1123.69,101.12772809311566
2017-07-19,1122.92,101.3665561554717
2017-07-20,1120.77,100.77713798329079
2017-07-21,1117.47,100.58781623890737
2017-07-24,1113.82,100.55275283414099
2017-07-25,1117.02,100.52001776234606
2017-07-26,1117.76,100.74651789671458
2017-07-27,1115.15,100.59585403443566
2017-07-28,1121.49,99.8562830545003
2017-07-31,1121.86,99.38330077864005
2017-08-01,1121.09,99.55360560605256
2017-08-02,1121.55,99.24630789933099
2017-08-03,1127.73,99.21674596217666
2017-08-04,1128.02,100.1054181278224
2017-08-07,1127.39,99.98382294153025
2017-08-08,1125.6,100.36056833773341
2017-08-09,1138.69,100.11792969928699
2017-08-10,1144.36,100.01244997111226
2017-08-11,1141.57,99.6482454861001
2017-08-14,1137.22,99.86073230793964
2017-08-15,1135.47,100.34752872797951
2017-08-16,1137.75,100.55901329699617
2017-08-17,1138.23,100.17199101598328
2017-08-18,1139.83,100.03262828555968
2017-08-21,1137.14,99.58525745388772
2017-08-22,1131.79,99.97547749713424
2017-08-23,1128.59,99.77356236460646
2017-08-24,1127.8,99.75321102631544
2017-08-25,1121.73,99.23894127303225
2017-08-28,1117.75,98.68383908605455
2017-08-29,1122.5,98.37144516771849
2017-08-30,1122.05,99.1120092895735
2017-08-31,1122.36,99.23807462945975
2017-09-01,1119.12,99.16120320062966
2017-09-05,1130.01,98.78249357612968
2017-09-06,1132.49,98.42043645770482
2017-09-07,1125.49,97.86667620115082
2017-09-08,1133.08,97.6150480978888
2017-09-11,1129.75,98.2371554926868
2017-09-12,1126.56,98.26244623471621
2017-09-13,1129.37,98.79673467519926
2017-09-14,1132.59,98.7121392163279
2017-09-15,1130.68,98.1635123743962
2017-09-18,1127.07,98.47552853865284
2017-09-19,1128.83,98.26236099409026
2017-09-20,1125.53,98.1347844687521
2017-09-21,1130.87,98.54898891326958
2017-09-22,1130.39,98.41916613031731
2017-09-25,1134.59,99.07069821892058
2017-09-26,1136.29,99.63876491565082
2017-09-27,1141.62,99.88504309148081
2017-09-28,1145.08,99.73465396343305
2017-09-29,1142.57,99.60419008315775
2017-10-02,1146.18,100.0697083154867
2017-10-03,1140.5,100.01655281050283
2017-10-04,1140.44,99.97793338538938
2017-10-05,1139.03,100.44358111623278
2017-10-06,1143.46,100.35287141145922
2017-10-10,1132.08,99.7277856398463
2017-10-11,1131.04,99.54258429050893
2017-10-12,1129.71,99.62031220680443
2017-10-13,1125.01,99.47348913459822
2017-10-16,1127.72,99.61581269840207
2017-10-17,1129.86,100.14133812658848
2017-10-18,1130.94,100.04649185071307
2017-10-19,1129.06,99.65320995370665
2017-10-20,1130.69,100.26329099012676
2017-10-23,1129.73,100.33624347222909
2017-10-24,1128.36,100.4477715178932
2017-10-25,1126.49,100.23620224302002
2017-10-26,1123.0,100.89396821070633
2017-10-27,1124.79,101.65930252522304
2017-10-30,1124.79,101.23080775715049
2017-10-31,1115.68,101.13144431369545
2017-11-01,1110.03,101.38557654878124
2017-11-02,1111.54,101.18853325752202
2017-11-03,1114.86,101.52422667924013
2017-11-06,1110.09,101.44971831139854
2017-11-07,1113.1,101.59690662916735
2017-11-08,1111.14,101.47375333999277
2017-11-09,1118.13,101.09245130309996
2017-11-13,1119.96,101.15810974488008
2017-11-14,1113.65,100.57501664188192
2017-11-15,1103.9,100.395121047734
2017-11-16,1094.49,100.39798327032815
2017-11-17,1093.15,100.16523864582058
2017-11-20,1093.15,100.53904605522072
2017-11-21,1088.1,100.49617486903729
2017-11-22,1085.66,100.02114559075483
2017-11-24,1082.59,99.17852159681925
2017-11-27,1088.36,99.28164920376963
2017-11-28,1079.87,99.61738688359287
2017-11-29,1079.33,99.64771013226712
2017-11-30,1084.79,99.48996519342833
2017-12-01,1082.36,99.22657639241507
2017-12-04,1082.36,99.73123715098102
2017-12-05,1086.85,99.8509041653249
2017-12-06,1094.55,100.12460269095483
2017-12-07,1090.68,100.17537306638256
2017-12-08,1092.03,100.50684088079981
2017-12-11,1092.03,100.26777275452677
2017-12-12,1090.09,100.73198566366028
2017-12-13,1088.01,100.4378115235492
2017-12-14,1088.09,100.18993147065333
2017-12-15,1086.39,100.35321700308302
2017-12-18,1084.28,100.06949204664689
2017-12-19,1084.29,100.12045194872728
2017-12-20,1078.14,99.76698492965745
2017-12-21,1078.08,99.78253148172026
2017-12-22,1076.87,99.93270769072852
2017-12-26,1073.75,99.73990529752567
2017-12-27,1073.13,99.47399078785374
2017-12-28,1068.64,99.05314588392693
2017-12-29,1067.42,98.53342565588567
2018-01-02,1059.39,98.26950414241571
2018-01-03,1063.11,98.47491635485352
2018-01-04,1061.5,98.3272709388334
2018-01-05,1060.07,98.37880672044936
2018-01-08,1066.26,98.73278436352406
2018-01-09,1068.8,99.03086880683576
2018-01-10,1067.55,98.7123197663164
2018-01-11,1062.67,98.28871623752154
2018-01-12,1062.09,97.66673904440867
2018-01-16,1064.19,96.88226656776637
2018-01-17,1066.72,96.92698460788058
2018-01-18,1069.35,96.82041827982623
2018-01-19,1065.81,96.83886708106375
2018-01-22,1068.06,96.89260316207911
2018-01-23,1072.59,96.54785326514954
2018-01-24,1065.39,95.53389465587591
2018-01-25,1057.57,94.89142121597733
2018-01-26,1064.12,95.21412466548038
2018-01-29,1071.28,95.76956889117412
2018-01-30,1073.61,95.49175342448751
2018-01-31,1068.33,95.26181374997815
2018-02-01,1069.33,94.97838187956837
2018-02-02,1086.21,95.4547652662524
2018-02-05,1086.79,95.71455360401384
2018-02-06,1081.2,95.88067210041494
2018-02-07,1082.56,96.50540975465879
2018-02-08,1093.04,96.66685677573253
2018-02-09,1087.99,96.74765660178214
2018-02-12,1082.27,96.57384573253275
2018-02-13,1083.07,95.8867126194637
2018-02-14,1076.71,95.57302157423952
2018-02-15,1065.69,94.94671732056355
2018-02-16,1065.27,95.10252565515768
2018-02-20,1072.85,95.84885397456932
2018-02-21,1076.11,96.16241655479726
2018-02-22,1077.61,96.06034292361838
2018-02-23,1075.77,96.10325992924574
2018-02-26,1069.0,96.2106512575874
2018-02-27,1077.43,96.64426651446907
2018-02-28,1082.12,96.8308891369113
2018-03-01,1081.33,96.90832408468465
2018-03-02,1080.25,96.2953328935003
2018-03-05,1076.75,96.26016900587958
2018-03-06,1061.53,95.77771666998848
2018-03-07,1067.93,95.94549482927539
2018-03-08,1074.21,96.38945263894999
2018-03-09,1066.59,96.28338892032816
2018-03-12,1063.7,96.27688997822543
2018-03-13,1062.14,95.88273994944468
2018-03-14,1063.38,96.0385524068158
2018-03-15,1065.89,96.28487414590157
2018-03-16,1068.4,96.54592384628826
2018-03-19,1072.29,96.17705746742539
2018-03-20,1070.61,96.55097641623574
2018-03-21,1070.51,96.42887456630302
2018-03-22,1079.51,96.06652754027347
2018-03-23,1081.29,95.694470847509
2018-03-26,1076.87,95.25462822440639
2018-03-27,1071.21,95.5376336394169
2018-03-28,1063.03,96.01866279812805
2018-03-29,1060.31,96.36169056312805
2018-03-30,1060.99,96.23529611025916
2018-04-02,1056.03,96.39084778493446
2018-04-03,1054.63,96.47433006057379
2018-04-04,1059.5,96.343441342106
2018-04-05,1061.56,96.8227991403786
2018-04-06,1068.73,96.44380742843916
2018-04-09,1067.11,96.1366207996425
2018-04-10,1064.53,95.97949243016112
2018-04-11,1066.76,95.67173118116784
2018-04-12,1069.84,96.0455218725236
2018-04-13,1070.55,96.0847186736807
2018-04-16,1071.59,95.72140654909009
2018-04-17,1066.56,95.84787108286946
2018-04-18,1064.51,95.82684706045696
2018-04-19,1065.68,96.08930200403928
2018-04-20,1071.0,96.58612101136569
2018-04-23,1077.72,97.18791191443769
2018-04-24,1074.8,97.17304362499704
2018-04-25,1082.99,97.52634768063923
2018-04-26,1078.2,97.89859637499023
2018-04-27,1067.59,98.02246164858573
2018-04-30,1069.07,98.24788804408026
2018-05-01,1071.91,98.85621664910133
2018-05-02,1076.52,99.05700269204327
2018-05-03,1078.33,98.97245111734476
2018-05-04,1074.09,99.10002073881799
2018-05-07,1079.72,99.173939106714
2018-05-08,1078.35,99.60691347206989
2018-05-09,1078.22,99.55518492123207
2018-05-10,1065.41,99.32837329918527
2018-05-11,1067.14,98.9289998254384
2018-05-14,1068.83,98.78160792168417
2018-05-15,1076.46,99.59652808309282
2018-05-16,1076.66,99.9623941217163
2018-05-17,1082.37,99.98931932717173
2018-05-18,1080.91,100.16746686698573
2018-05-21,1079.33,100.2371148848002
2018-05-22,1073.3,100.04409129933538
2018-05-23,1078.88,100.60163026922066
2018-05-24,1082.77,100.2910134401973
2018-05-25,1076.35,100.70394343430223
2018-05-29,1082.59,101.38926684827705
2018-05-30,1077.62,100.62242193301567
2018-05-31,1080.75,100.64668389389145
2018-06-01,1071.27,100.6239833284989
2018-06-04,1070.13,100.55923247633868
2018-06-05,1071.86,100.69956278091222
2018-06-06,1065.9,100.05509406658233
2018-06-07,1071.11,99.89559352482812
2018-06-08,1075.0,100.0678206989735
2018-06-11,1075.08,99.98456979336096
2018-06-12,1077.14,100.02155968148074
2018-06-13,1082.59,100.10937703649195
2018-06-14,1084.06,101.03572487791628
2018-06-15,1101.89,101.31609993375359
2018-06-18,1105.07,101.44253534057474
2018-06-19,1110.64,101.66787274194617
2018-06-20,1107.42,101.57397224501096
2018-06-21,1110.01,101.51293003939563
2018-06-22,1114.49,101.31585030345192
2018-06-25,1114.4,100.92341679173164
2018-06-26,1118.08,101.07257595651667
2018-06-27,1121.57,101.72753488331155
2018-06-28,1121.96,101.80968278956627
2018-06-29,1111.79,101.15226255461236
2018-07-02,1119.31,101.66327045095159
2018-07-03,1114.41,101.21620957652412
2018-07-05,1118.2,100.90758846993626
2018-07-06,1114.98,100.60895510324715
2018-07-09,1111.38,100.6942989486657
2018-07-10,1113.81,100.7938626187404
2018-07-11,1122.1,100.89920040683816
2018-07-12,1121.38,101.24438562759102
2018-07-13,1130.3,101.42617941953856
2018-07-16,1127.81,101.09899345636077
2018-07-17,1125.63,101.5093309558894
2018-07-18,1130.76,101.7348756918457
2018-07-19,1136.38,102.1177301840481
2018-07-20,1128.16,101.17749840875024
2018-07-23,1134.45,101.15732401796029
2018-07-24,1127.39,101.21144865471886
2018-07-25,1122.59,101.14657018448922
2018-07-26,1121.72,101.29543660391008
2018-07-27,1115.77,101.2291951254719
2018-07-30,1116.98,100.83565039008045
2018-07-31,1112.75,101.04465511701828
2018-08-01,1118.15,101.23819041155893
2018-08-02,1126.91,101.59887735256859
2018-08-03,1122.68,101.62803437190124
2018-08-06,1125.9,101.94440078783961
2018-08-07,1118.0,101.73765424515342
2018-08-08,1119.01,101.82873623571068
2018-08-09,1119.0,101.97826182663601
2018-08-10,1130.19,103.05453715705063
2018-08-13,1133.19,103.07844359486543
2018-08-14,1128.9,103.34359814689411
2018-08-15,1135.3,103.5393899420036
2018-08-16,1125.35,103.22299321719545
2018-08-17,1123.2,102.99307841955076
2018-08-20,1121.3,102.80667860247894
2018-08-21,1117.41,102.15510435591985
2018-08-22,1117.0,101.73929502378796
2018-08-23,1123.37,102.09250496639022
2018-08-24,1113.3,101.74613397917305
2018-08-27,1107.69,101.38997357728314
2018-08-28,1105.14,101.12484519549736
2018-08-29,1109.2,101.23807506435405
2018-08-30,1113.13,101.4546382661056
2018-08-31,1116.5,101.77568105288975
2018-09-04,1117.5,102.1823145735391
2018-09-05,1121.0,101.82077361050138
2018-09-06,1122.4,101.69913952109181
2018-09-07,1123.5,101.9798488426783
2018-09-10,1127.9,101.71083637271381
2018-09-11,1126.17,101.81643199923465
2018-09-12,1121.62,101.50853900377385
2018-09-13,1120.9,101.2470340607803
2018-09-14,1119.0,101.39290612301637
2018-09-17,1124.71,101.09115882250012
2018-09-18,1122.18,101.05115055295417
2018-09-19,1120.61,101.05472785803505
2018-09-20,1119.58,100.67096359973786
2018-09-21,1114.3,100.84199141588873
2018-09-24,1119.28,100.64144867977085
2018-09-25,1118.12,100.6729369467645
2018-09-26,1114.64,100.75371356348744
2018-09-27,1113.41,101.41020104301751
2018-09-28,1109.76,101.64812191756334
2018-10-01,1112.53,101.98034847564404
2018-10-02,1112.43,102.06097152152216
2018-10-03,1121.42,102.3401625189495
2018-10-04,1130.78,102.43687022024078
2018-10-05,1131.25,102.40393983982041
2018-10-09,1132.87,102.44160793243645
2018-10-10,1138.9,102.03114904754457
2018-10-11,1134.16,101.86964245284248
2018-10-12,1130.82,101.86740717914519
2018-10-15,1129.3,101.58331588209886
2018-10-16,1123.88,101.55518926675067
2018-10-17,1126.2,101.97730448418801
2018-10-18,1138.06,102.35649248157807
2018-10-19,1131.13,102.35334570513187
2018-10-22,1132.7,102.69488200884993
2018-10-23,1137.53,102.54597452627158
2018-10-24,1136.66,103.11649050704793
2018-10-25,1134.9,103.32878062393098
2018-10-26,1141.74,103.16599222649319
2018-10-29,1139.81,103.31326890521026
2018-10-30,1137.68,103.58792010753429
2018-10-31,1140.78,103.71880630190225
2018-11-01,1126.19,103.16213932558712
2018-11-02,1117.72,103.27069054208656
2018-11-05,1122.13,103.15016389437305
2018-11-06,1121.31,103.04317534690159
2018-11-07,1117.52,102.66144061112485
2018-11-08,1118.99,102.9869088750428
2018-11-09,1131.4,103.71369024382201
2018-11-13,1132.29,103.91107521494224
2018-11-14,1132.1,103.75606225730427
2018-11-15,1127.2,103.8661318634989
2018-11-16,1124.81,103.22970724727428
2018-11-19,1126.08,102.93740742220977
2018-11-20,1128.53,103.35519503725308
2018-11-21,1127.3,103.42923102872889
2018-11-23,1130.9,103.7042383226838
2018-11-26,1126.69,103.77767841135189
2018-11-27,1129.41,104.24880253684874
2018-11-28,1127.81,104.20940218086328
2018-11-29,1119.91,103.54597488432138
2018-11-30,1118.61,103.91934087160894
2018-12-03,1110.2,103.66531631399754
2018-12-04,1108.82,103.66700680808884
2018-12-06,1122.07,103.53566665204907
2018-12-07,1121.8,103.4264591128711
2018-12-10,1128.3,103.84785701169076
2018-12-11,1128.6,104.253944472548
2018-12-12,1124.51,103.79662882160429
2018-12-13,1124.73,103.88565833606938
2018-12-14,1133.2,104.27132687559275
2018-12-17,1130.17,103.95134435520788
2018-12-18,1127.76,103.79693483913293
2018-12-19,1120.96,103.3835527939096
2018-12-20,1123.87,103.27122810359003
2018-12-21,1125.3,103.42407697511217
2018-12-26,1124.23,103.33882899073981
2018-12-27,1121.37,103.42856497751967
2018-12-28,1114.9,103.06297924324083
2018-12-31,1112.85,102.82722639091625
2019-01-02,1119.11,103.4861375124226
2019-01-03,1124.64,103.01799583906661
2019-01-04,1116.73,102.78621540483047
2019-01-07,1117.5,102.40299465548055
2019-01-08,1122.93,102.569334284801
2019-01-09,1117.7,101.99747453949196
2019-01-10,1116.1,102.04760693339631
2019-01-11,1117.18,102.23064880572709
2019-01-15,1122.59,102.84977129090271
2019-01-16,1119.1,102.67741484424283
2019-01-17,1123.34,102.81418641634083
2019-01-18,1122.8,103.05070481179195
2019-01-22,1129.52,103.01989985807892
2019-01-23,1127.89,102.76309453498668
2019-01-24,1126.33,103.2146327125055
2019-01-25,1117.58,102.5421467244992
2019-01-28,1118.7,102.34552030595414
2019-01-29,1117.75,102.47208302852009
2019-01-30,1117.29,102.57393920042557
2019-01-31,1111.82,102.15604384752329
2019-02-01,1118.31,102.14172009946081
2019-02-04,1119.15,102.46958009836128
2019-02-05,1117.2,102.77096602374058
2019-02-06,1119.35,102.93948821091941
2019-02-07,1124.11,103.15001577484385
2019-02-08,1123.14,103.34690192686853
2019-02-11,1126.05,103.80524824522328
2019-02-12,1122.27,103.53926469982355
2019-02-13,1123.32,103.7322114127856
2019-02-14,1128.0,103.88497915138304
2019-02-15,1125.59,103.85996785809436
2019-02-19,1124.54,103.37449667846393
2019-02-21,1125.53,103.27257774929934
2019-02-22,1121.07,103.23566197332427
2019-02-25,1116.1,103.25614979418026
2019-02-26,1116.88,102.87144220606542
2019-02-27,1117.74,102.81457872184404
2019-02-28,1124.65,102.85475273553136
2019-03-01,1126.76,103.07522677309184
2019-03-04,1126.73,103.41780293601343
2019-03-05,1126.46,103.67209856735464
2019-03-06,1127.18,103.56311414342525
2019-03-07,1133.18,104.23223956270839
2019-03-08,1131.74,104.09686790112153
2019-03-11,1133.05,104.12308882150363
2019-03-12,1127.89,103.80577969668838
2019-03-13,1130.47,103.40708591190129
2019-03-14,1135.05,103.45036296661226
2019-03-15,1134.44,103.29315951253693
2019-03-18,1131.74,103.2642877738807
2019-03-19,1129.0,103.12539544688582
2019-03-20,1128.25,103.16672669357915
2019-03-21,1128.4,103.16791194156302
2019-03-22,1136.8,103.39632829407614
2019-03-25,1131.88,103.20021048182697
2019-03-26,1133.55,103.45947261197915
2019-03-27,1138.09,103.6817315267315
2019-03-28,1136.65,103.87922987880668
2019-03-29,1136.3,103.9470891111846
2019-04-01,1133.0,104.01273595040341
2019-04-02,1137.16,104.28129140786713
2019-04-03,1134.29,103.7919607852445
2019-04-04,1136.05,104.0922960257921
2019-04-05,1136.87,104.19072872643363
2019-04-08,1143.25,103.81215460036032
2019-04-09,1140.25,103.6825358640472
2019-04-10,1137.26,103.69269219884033
2019-04-11,1140.73,103.86143320662401
2019-04-12,1133.0,103.64634716313243
2019-04-15,1133.6,103.6620622462305
2019-04-16,1136.13,103.75661566682707
2019-04-17,1131.7,103.76447346537113
2019-04-18,1136.2,104.15168663950897
2019-04-19,1135.4,104.12934131823255
2019-04-22,1140.52,104.0686847238222
2019-04-23,1143.22,104.43475286751782
2019-04-24,1155.65,104.57394151333786
2019-04-25,1160.15,104.95912049884551
2019-04-26,1158.1,104.80979876850478
2019-04-29,1160.0,104.78958036034093
2019-04-30,1165.1,104.4236275670818
2019-05-01,1161.61,104.06099749261831
2019-05-02,1166.62,104.55691997672604
2019-05-03,1165.95,104.39587641716501
2019-05-06,1169.2,104.34703983978767
2019-05-07,1172.5,104.46910480502214
2019-05-08,1170.2,104.30127752462047
2019-05-09,1183.1,104.13895339277083
2019-05-10,1176.62,103.98452398591299
2019-05-13,1186.94,104.06758973306106
2019-05-14,1186.94,104.31414989063761
2019-05-15,1188.74,104.30114397476589
2019-05-16,1190.52,104.58177662648266
2019-05-17,1195.07,104.77991964754686
2019-05-20,1193.81,104.73720670916016
2019-05-21,1194.31,104.85742808840156
2019-05-22,1194.36,104.87775554308053
2019-05-23,1189.31,104.72269484713934
2019-05-24,1186.2,104.47751319553898
2019-05-28,1186.66,104.67512170864988
2019-05-29,1186.66,104.93683994428038
2019-05-30,1189.14,104.95313064652092
2019-05-31,1190.5,104.75292924539615
2019-06-03,1180.97,104.34284962784226
2019-06-04,1180.58,104.05152134851953
2019-06-05,1178.24,103.95209515069132
2019-06-06,1179.51,103.6179433569388
2019-06-07,1181.27,103.36126615017147
2019-06-10,1185.01,103.53270019718626
2019-06-11,1178.88,103.50583621687063
2019-06-12,1182.82,103.57266519368733
2019-06-13,1183.23,103.81310323173184
2019-06-14,1184.7,104.25066691617702
2019-06-17,1186.53,104.20602993527463
2019-06-18,1185.37,104.43877326871967
2019-06-19,1185.37,104.22035044361138
2019-06-20,1159.05,103.45775355691532
2019-06-21,1163.25,103.20947964708512
2019-06-24,1156.14,102.73421562754163
2019-06-25,1155.97,102.68630097341506
2019-06-26,1156.36,102.75323397802305
2019-06-27,1157.86,102.89722722194064
2019-06-28,1154.58,102.85714804145248
2019-07-01,1158.5,103.42706201278777
2019-07-02,1166.31,103.43374561038846
2019-07-03,1171.14,103.54577525558399
2019-07-05,1170.26,104.12319090724209
2019-07-08,1181.31,104.18949610037409
2019-07-09,1180.2,104.25623024995978
2019-07-10,1181.58,103.84079436571963
2019-07-11,1173.35,103.73820983944141
2019-07-12,1178.71,103.69580057718073
2019-07-15,1179.04,103.66456247117964
2019-07-16,1177.31,104.12646635427845
2019-07-17,1181.09,103.93562363825667
2019-07-18,1178.29,103.88432551721401
2019-07-19,1173.92,103.92092441154767
2019-07-22,1178.17,104.02571839773105
2019-07-23,1178.72,104.44297080190306
2019-07-24,1177.54,104.45891867714427
2019-07-25,1181.17,104.50196053541478
2019-07-26,1184.51,104.85845387816126
2019-07-29,1183.36,104.88189964476256
2019-07-30,1181.94,104.95996338123152
2019-07-31,1182.74,104.96627999047286
2019-08-01,1187.0,105.45679830820727
2019-08-02,1196.59,104.93796800040072
2019-08-05,1215.5,104.29670078815604
2019-08-06,1214.83,104.43075312752293
2019-08-07,1214.46,104.14192362665288
2019-08-08,1208.77,104.2894499350957
2019-08-09,1214.15,104.13239085900761
2019-08-12,1215.7,104.22574351610434
2019-08-13,1220.7,104.55541253662155
2019-08-14,1212.44,104.75243372332275
2019-08-15,1214.34,104.97446766668499
2019-08-16,1205.75,105.03960308328938
2019-08-19,1210.6,105.07234070611312
2019-08-20,1207.93,105.09184870268312
2019-08-21,1202.0,105.02322245274216
2019-08-22,1206.96,104.98960074861574
2019-08-23,1210.5,104.47110897829776
2019-08-26,1217.51,104.79529279209385
2019-08-27,1211.38,104.81524692153158
2019-08-28,1213.75,104.95892733766176
2019-08-29,1216.14,105.27173355634272
2019-08-30,1211.32,105.7028873021381
2019-09-03,1212.44,105.8666178076223
2019-09-04,1207.84,105.3771191818157
2019-09-05,1200.18,105.23197738148308
2019-09-06,1196.81,105.14403759680734
2019-09-09,1192.33,105.05416581476196
2019-09-10,1191.22,105.18638406105742
2019-09-11,1191.51,105.54323514483916
2019-09-12,1180.7,105.11107740712278
2019-09-13,1176.62,105.05918343856716
2019-09-16,1182.96,105.46390544652255
2019-09-17,1186.1,105.11307742421391
2019-09-18,1191.51,105.19389005920343
2019-09-19,1193.87,105.22471002840446
2019-09-20,1188.16,105.46619671264983
2019-09-23,1195.48,105.51408515414919
2019-09-24,1196.52,105.3714078074719
2019-09-25,1200.17,105.8824913086571
2019-09-26,1201.99,105.95106747526305
2019-09-27,1200.03,106.01401946878418
2019-09-30,1195.85,106.26806361165
2019-10-01,1198.96,106.12465153764734
2019-10-02,1205.47,105.95593644833201
2019-10-03,1204.67,105.57855530509893
2019-10-04,1192.93,105.78120765793064
2019-10-07,1196.49,105.73365482299587
2019-10-08,1193.24,106.08468726042273
2019-10-09,1197.29,105.96941235895369
2019-10-10,1190.06,105.55131778019388
2019-10-11,1195.61,105.15578933247238
2019-10-15,1184.67,105.15258525119938
2019-10-16,1186.38,104.79002348038591
2019-10-17,1179.05,104.37029926795569
2019-10-18,1181.06,104.14681780521222
2019-10-21,1172.57,104.10216066482748
2019-10-22,1170.49,104.16871464485452
2019-10-23,1172.07,104.36638608974911
2019-10-24,1173.19,104.54388472413534
2019-10-25,1171.58,104.64263497254814
2019-10-28,1170.17,104.59698308920665
2019-10-29,1163.03,104.40968237821639
2019-10-30,1167.76,104.46533799229424
2019-10-31,1169.1,104.06420480884874
2019-11-01,1165.45,103.94606184121476
2019-11-04,1159.29,104.19761104250908
2019-11-05,1157.64,104.78439363571127
2019-11-06,1156.73,104.70050051023546
2019-11-07,1154.44,104.99670742585224
2019-11-08,1157.14,105.20808495194355
2019-11-12,1160.8,105.14144782314003
2019-11-13,1167.76,105.19892478817813
2019-11-14,1169.82,105.0173505924118
2019-11-15,1166.98,104.86022213597272
2019-11-18,1163.76,104.55684875667806
2019-11-19,1167.13,104.65229897941545
2019-11-20,1169.8,104.79836993361346
2019-11-21,1175.71,104.73458814223734
2019-11-22,1179.33,105.0678330684521
2019-11-25,1173.09,105.1798975567885
2019-11-26,1175.59,105.18466531873315
2019-11-27,1176.89,105.2405070374785
2019-11-29,1181.33,105.1065497403126
2019-12-02,1182.84,104.71121482088947
2019-12-03,1190.31,104.47353977050027
2019-12-04,1194.45,104.45215986915188
2019-12-05,1189.23,104.15675668888909
2019-12-06,1189.86,104.54395568640518
2019-12-09,1189.45,104.41311326550623
2019-12-10,1191.01,104.2607277187236
2019-12-11,1192.2,104.20387019703028
2019-12-12,1186.41,104.15363373475479
2019-12-13,1171.97,103.89110724030769
2019-12-16,1171.8,103.85478792413407
2019-12-17,1165.81,103.98184835859355
2019-12-18,1168.02,104.2087066632454
2019-12-19,1165.04,104.11330930270769
2019-12-20,1160.3,104.47501701817848
2019-12-23,1163.64,104.49993707275162
2019-12-24,1163.21,104.4840967234601
2019-12-26,1161.18,104.34480871847809
2019-12-27,1160.87,103.75731309869786
2019-12-30,1155.75,103.35587763888499
2019-12-31,1155.46,103.1029200925965
2020-01-02,1157.95,103.58510423361274
2020-01-03,1165.15,103.50774028427132
2020-01-06,1167.49,103.41353118314755
2020-01-07,1166.21,103.79511413057067
2020-01-08,1170.61,104.00067813742753
2020-01-09,1158.63,104.21940274813085
2020-01-10,1161.18,104.14571167780227
2020-01-13,1156.25,104.13981322757549
2020-01-14,1156.28,104.15798969133996
2020-01-15,1156.84,103.93901102163345
2020-01-16,1160.86,104.10500134232653
2020-01-17,1159.08,104.40384995639907
2020-01-21,1166.56,104.33349269806055
2020-01-22,1165.68,104.36314968507818
2020-01-23,1168.38,104.58584178938229
2020-01-24,1166.91,104.70133669010744
2020-01-27,1176.2,104.74955679815835
2020-01-28,1176.23,104.91056719219321
2020-01-29,1176.98,104.94186497441267
2020-01-30,1191.94,104.64394800115791
2020-01-31,1191.3,104.23825102157521
2020-02-03,1194.8,104.60182477927582
2020-02-04,1184.51,104.75934808953916
2020-02-05,1187.25,105.06447636531405
2020-02-06,1179.64,105.31579145271597
2020-02-07,1186.24,105.51992109866836
2020-02-10,1186.96,105.71906515181962
2020-02-11,1181.32,105.64934885392371
2020-02-12,1178.98,105.7354415419529
2020-02-13,1182.02,105.93289454096772
2020-02-14,1183.2,106.02006557753913
2020-02-18,1190.6,106.20448690195238
2020-02-19,1191.1,106.59233687520978
2020-02-20,1198.34,106.74699242150568
2020-02-21,1207.91,106.21959286987675
2020-02-24,1218.5,106.14798663619435
2020-02-25,1214.45,105.9581430492525
2020-02-26,1213.61,105.97182794499992
2020-02-27,1217.03,105.46636588887105
2020-02-28,1214.92,105.19474237605779
2020-03-02,1190.89,104.10319388917053
2020-03-03,1194.66,103.8955397965572
2020-03-04,1187.54,104.21651375684456
2020-03-05,1181.11,103.56267895651831
2020-03-06,1192.0,102.6379965053992
2020-03-09,1203.75,101.72969047231366
2020-03-10,1193.1,102.6683751358351
2020-03-11,1194.16,103.1817081322443
2020-03-12,1206.19,104.99850085961802
2020-03-13,1211.7,105.49576705928912
2020-03-16,1225.33,104.99062913806851
2020-03-17,1240.98,106.69587299411677
2020-03-18,1245.19,108.29220782342982
2020-03-19,1250.86,109.4706265711787
2020-03-20,1250.55,109.56319059584665
2020-03-23,1267.25,109.48572857709145
2020-03-24,1249.88,108.85643245600532
2020-03-25,1228.15,108.53425497053402
2020-03-26,1233.47,106.4376971746003
2020-03-27,1210.49,105.83674755193121
2020-03-30,1224.11,106.15271299480305
2020-03-31,1218.92,105.94479496329
2020-04-01,1229.65,106.5422385936288
2020-04-02,1229.89,107.03911553180203
2020-04-03,1230.56,107.73341085194778
2020-04-06,1224.6,107.63421069053466
2020-04-07,1220.43,106.95508194419463
2020-04-08,1220.77,107.03585948550602
2020-04-09,1219.71,106.45663423969113
2020-04-10,1211.71,106.29450505486258
2020-04-13,1217.72,106.4334750330025
2020-04-14,1216.85,105.82924853185207
2020-04-15,1224.55,106.50724050719535
2020-04-16,1228.21,107.07120836721604
2020-04-17,1217.81,106.61359638829958
2020-04-20,1217.29,106.76478480517248
2020-04-21,1229.28,107.22809549513818
2020-04-22,1234.79,107.27322061862532
2020-04-23,1229.04,107.20825731536631
2020-04-24,1233.88,107.38264769696032
2020-04-27,1224.16,107.03598148191551
2020-04-28,1224.83,106.81340415101923
2020-04-29,1219.2,106.66879578916046
2020-04-30,1203.95,105.97866716790546
2020-05-01,1223.2,105.82260167757488
2020-05-04,1228.81,106.42701695951796
2020-05-05,1220.13,106.70832872235837
2020-05-06,1222.03,107.06377897564775
2020-05-07,1224.76,106.9142344153624
2020-05-08,1216.47,106.53740679558004
2020-05-11,1220.2,107.15249229500094
2020-05-12,1222.0,106.79023004882714
2020-05-13,1223.86,107.05471243741252
2020-05-14,1227.76,107.34760779323098
2020-05-15,1230.71,107.36613837204305
2020-05-18,1232.32,106.61060981187606
2020-05-19,1225.19,106.38634725613416
2020-05-20,1230.02,106.04262801763055
2020-05-21,1230.53,106.32693403750903
2020-05-22,1236.53,106.76448762532695
2020-05-26,1234.24,106.01730401383865
2020-05-27,1238.03,106.14156259481607
2020-05-28,1239.28,105.36865909577027
2020-05-29,1236.61,105.16368135375224
2020-06-01,1224.79,104.73154512869068
2020-06-02,1225.07,104.50800282754597
2020-06-03,1216.08,103.98056593074696
2020-06-04,1218.77,103.54996906263413
2020-06-05,1202.79,103.63026788437581
2020-06-08,1197.84,103.46784110317553
2020-06-09,1197.04,103.02325407699318
2020-06-10,1189.9,102.89182998542675
2020-06-11,1196.34,102.91822279590707
2020-06-12,1204.52,103.88367927992445
2020-06-15,1212.21,103.79059648447608
2020-06-16,1207.26,103.78655176908235
2020-06-17,1215.02,104.04489383859568
2020-06-18,1211.65,104.1416227967471
2020-06-19,1208.38,104.3896769177771
2020-06-22,1210.73,103.82546877552997
2020-06-23,1206.43,103.27873432531092
2020-06-24,1199.55,103.79889093687567
2020-06-25,1203.59,104.18739058274609
2020-06-26,1203.44,104.32610576029131
2020-06-29,1200.91,104.31927887303416
2020-06-30,1200.5,104.16370531944894
2020-07-01,1201.84,103.87195599039129
2020-07-02,1199.84,104.02129326637774
2020-07-06,1192.66,103.55991112884671
2020-07-07,1194.43,103.52036306281744
2020-07-08,1194.63,103.26656506309722
2020-07-09,1197.84,103.43633888829189
2020-07-10,1204.34,103.21419186355271
2020-07-13,1200.13,103.04805877294532
2020-07-14,1205.24,102.88650888103206
2020-07-15,1201.97,102.76048534763463
2020-07-16,1202.97,102.59989253354469
2020-07-17,1203.86,102.64367494318854
2020-07-20,1202.26,102.48707000582107
2020-07-21,1194.64,101.9695454985499
2020-07-22,1194.83,101.48595503168893
2020-07-23,1198.91,101.1883732670714
2020-07-24,1203.17,100.99886656307322
2020-07-27,1195.94,100.1846841215163
2020-07-28,1198.15,100.15464259028616
2020-07-29,1192.98,99.94704465668289
2020-07-30,1196.3,99.82470814060274
2020-07-31,1192.68,99.63938293069712
2020-08-03,1194.31,100.16060315150898
2020-08-04,1194.53,99.9928314445769
2020-08-05,1188.93,99.06550532480404
2020-08-06,1185.29,99.33426835543831
2020-08-07,1189.25,99.98179350089262
2020-08-10,1186.28,100.0034232216443
2020-08-11,1184.84,100.03050432631797
2020-08-12,1184.09,99.85558943946567
2020-08-13,1183.25,99.69450922313875
2020-08-14,1186.53,99.57504912349306
2020-08-17,1184.17,99.28645961915512
2020-08-18,1184.74,98.77991477529604
2020-08-19,1181.06,99.02566517746669
2020-08-20,1187.66,99.22303504490135
2020-08-21,1191.84,99.82137382349677
2020-08-24,1189.11,99.6951104774435
2020-08-25,1188.18,99.60739111986136
2020-08-26,1185.6,99.49941686144153
2020-08-27,1185.22,99.40221464710964
2020-08-28,1181.62,98.73805288929152
2020-08-31,1187.48,98.47795503034422
2020-09-01,1182.94,98.5209628329515
2020-09-02,1189.98,99.20396835787903
2020-09-03,1188.04,99.34629078725428
2020-09-04,1190.6,99.45476100823747
2020-09-08,1188.69,99.82648190050031
2020-09-09,1185.12,99.72564236288653
2020-09-10,1184.41,99.50464749058192
2020-09-11,1186.55,99.83021100155119
2020-09-14,1181.27,99.4563037292351
2020-09-15,1179.99,99.61315216251072
2020-09-16,1176.0,99.46586356617665
2020-09-17,1174.25,99.56412960667996
2020-09-18,1163.2,99.32010615080739
2020-09-21,1166.75,100.24930211232446
2020-09-22,1164.83,100.5657942921114
2020-09-23,1164.56,100.79809667376209
2020-09-24,1170.49,100.94614246664183
2020-09-25,1172.71,101.28298890647959
2020-09-28,1168.08,100.8386891884048
2020-09-29,1169.67,100.58330312840236
2020-09-30,1165.97,100.37836421672591
2020-10-01,1163.05,100.20088764272853
2020-10-02,1166.08,100.42139476692523
2020-10-05,1157.77,99.96579552800135
2020-10-06,1162.0,100.02508483761213
2020-10-07,1158.41,100.15808414000833
2020-10-08,1152.44,100.1437516132219
2020-10-09,1143.46,99.60056723509918
2020-10-13,1147.4,100.04977188837637
2020-10-14,1146.58,99.85408285136016
2020-10-15,1143.03,100.34816248553943
2020-10-16,1146.82,100.21889649588297
2020-10-19,1141.76,99.74050923264721
2020-10-20,1138.65,99.56507405761427
2020-10-21,1132.11,99.03192510093609
2020-10-22,1135.26,99.37616700069253
2020-10-23,1129.77,99.31259211615965
2020-10-26,1127.77,99.52030065643324
2020-10-27,1127.9,99.27015210920787
2020-10-28,1133.76,99.91875901043241
2020-10-29,1131.12,100.6294846854893
2020-10-30,1133.99,100.57889556116747
2020-11-02,1134.62,100.67028747278216
2020-11-03,1134.3,99.90565475838768
2020-11-04,1137.37,99.83191139876823
2020-11-05,1122.96,99.17633223079648
2020-11-06,1121.0,98.63832695477814
2020-11-09,1113.14,99.33606465582668
2020-11-10,1117.63,99.2292476993806
2020-11-12,1112.95,99.3518479353061
2020-11-13,1109.47,99.2700190531965
2020-11-16,1106.88,99.04830476813385
2020-11-17,1105.33,98.89023633255213
2020-11-18,1105.72,98.68012494509125
2020-11-19,1114.93,98.94596155851015
2020-11-20,1114.48,98.80092095358738
2020-11-23,1115.42,99.0593523817411
2020-11-24,1110.93,98.71881808028743
2020-11-25,1106.84,98.44395808893309
2020-11-30,1105.79,98.2875730728825
2020-12-01,1107.33,97.74817551793856
2020-12-02,1100.15,97.5128809578391
2020-12-03,1096.28,96.92926938646266
2020-12-04,1081.85,96.9865374763737
2020-12-07,1082.22,97.06350500000032
2020-12-08,1085.4,97.24486762621765
2020-12-09,1083.78,97.37908931853957
2020-12-10,1086.83,97.21833778850525
2020-12-11,1091.23,97.32265771518757
2020-12-14,1093.19,97.05953330451642
2020-12-15,1092.22,96.79472907011335
2020-12-16,1093.71,96.6610861019546
2020-12-17,1092.96,96.05103407682009
2020-12-18,1099.37,96.32547116873059
2020-12-21,1107.03,96.52011409248527
2020-12-22,1107.12,96.9160915844139
2020-12-23,1106.92,96.58596171093554
2020-12-28,1096.67,96.61987550425968
2020-12-29,1092.55,96.22181864527721
2020-12-30,1086.62,95.9701035928108
2020-12-31,1086.11,96.14073785161156
2021-01-04,1081.62,96.15227919078167
2021-01-05,1087.42,95.74427575178663
2021-01-06,1085.71,95.86411040716794
2021-01-07,1086.78,96.12572477511682
2021-01-08,1089.48,96.15539265472096
2021-01-11,1097.39,96.7255918250318
2021-01-12,1099.57,96.60473457224336
2021-01-13,1098.31,96.62093481083818
2021-01-14,1098.37,96.48542436012097
2021-01-15,1099.39,96.93465684532028
2021-01-19,1102.14,96.79161833302018
2021-01-21,1097.91,96.5018119245304
2021-01-22,1105.5,96.4339915270335
2021-01-25,1101.02,96.68727947973032
2021-01-26,1103.26,96.55149835862443
2021-01-27,1104.09,96.92973183430792
2021-01-28,1111.95,96.83222932149086
2021-01-29,1118.35,96.80786625142945
2021-02-01,1116.48,97.29163219607244
2021-02-02,1115.88,97.56002423651587
2021-02-03,1114.47,97.48862916551693
2021-02-04,1120.02,97.847108252156
2021-02-05,1123.7,97.43970738291695
2021-02-08,1119.22,97.32007970114516
2021-02-09,1116.42,96.84050884285995
2021-02-10,1106.9,96.63255605056375
2021-02-11,1102.7,96.70902008780648
2021-02-12,1102.16,96.70569557732455
2021-02-16,1099.61,96.86582750025036
2021-02-17,1107.44,97.26415055578518
2021-02-18,1108.56,96.98035107315548
2021-02-19,1105.81,96.5262797919721
2021-02-22,1111.56,96.34308426688942
2021-02-23,1110.25,96.45167684015476
2021-02-24,1112.19,96.49232729820332
2021-02-25,1107.73,96.0911312965836
2021-02-26,1123.36,97.12022582329799
2021-03-01,1118.59,97.30846468222866
2021-03-02,1125.61,97.13078184191912
2021-03-03,1123.96,97.18691422768312
2021-03-04,1124.45,97.40057533020888
2021-03-05,1124.85,98.37940162778253
2021-03-08,1132.64,98.8316515528573
2021-03-09,1140.63,98.49109005584769
2021-03-10,1139.85,98.39303031364459
2021-03-11,1135.19,97.83538952038758
2021-03-12,1133.09,98.01936348514378
2021-03-15,1136.37,98.29577713994196
2021-03-16,1129.69,98.32753703695147
2021-03-17,1130.24,98.32988207630028
2021-03-18,1123.51,98.12889668065651
2021-03-19,1130.38,98.32799983295612
2021-03-22,1128.19,98.18083695956692
2021-03-23,1128.96,98.58553738825171
2021-03-24,1133.35,98.89320133810747
2021-03-25,1133.31,99.2915496164246
2021-03-26,1129.26,99.14625622507755
2021-03-29,1133.57,99.28884752170003
2021-03-30,1133.44,99.73477074787637
2021-03-31,1126.72,99.58278921990289
2021-04-01,1131.63,99.4070061738534
2021-04-02,1127.3,99.46432365742871
2021-04-05,1127.34,99.0199653264501
2021-04-06,1117.12,98.81245131386248
2021-04-07,1116.21,98.70801902596395
2021-04-08,1116.96,98.55072585006621
2021-04-09,1120.84,98.5942183753428
2021-04-12,1124.6,98.53729296458465
2021-04-13,1125.63,98.31739070840766
2021-04-14,1116.43,98.0284733667553
2021-04-15,1115.04,98.08173595147156
2021-04-16,1114.93,97.92207767341151
2021-04-19,1115.03,97.4819791428973
2021-04-20,1116.68,97.44831670482913
2021-04-21,1117.8,97.46014776874536
2021-04-22,1117.3,97.66283471797226
2021-04-23,1115.1,97.35234129788702
2021-04-26,1110.88,97.18693166409244
2021-04-27,1109.6,97.23800026373725
2021-04-28,1112.28,97.13249442900998
2021-04-29,1108.54,97.01695305563263
2021-04-30,1115.58,97.57677577471942
2021-05-03,1122.88,97.32101187578786
2021-05-04,1122.05,97.66384747995338
2021-05-05,1125.82,97.62894513206375
2021-05-06,1121.94,97.33995102283403
2021-05-07,1121.06,96.49347405096671
2021-05-10,1112.28,96.32171217702258
2021-05-11,1119.38,96.3274764616647
2021-05-12,1124.33,97.02397996515455
2021-05-13,1130.35,97.11048722701149
2021-05-14,1126.76,96.63222518731278
2021-05-17,1136.03,96.48035866052356
2021-05-18,1129.67,96.16105576946636
2021-05-19,1128.18,96.12349465569372
2021-05-20,1127.74,96.02631703834663
2021-05-21,1126.59,96.31055447999982
2021-05-24,1125.28,96.15658961316899
2021-05-25,1123.21,96.06031367411565
2021-05-26,1117.63,96.24872907109275
2021-05-27,1117.47,96.31112434724993
2021-05-28,1114.48,96.32108348458318
2021-06-01,1106.43,95.99733627913515
2021-06-02,1110.37,96.16216543847034
2021-06-03,1117.63,96.83286029745926
2021-06-04,1112.03,96.35932402595013
2021-06-07,1111.01,96.18305205105537
2021-06-08,1116.43,96.35192066667682
2021-06-09,1116.58,96.36314127607037
2021-06-10,1114.17,96.35773700389596
2021-06-11,1116.57,96.86296987846161
2021-06-14,1117.57,96.74647741581616
2021-06-15,1118.33,96.88548087776647
2021-06-16,1118.42,96.81552658793868
2021-06-17,1130.14,98.29398796276567
2021-06-18,1135.28,98.66539984731473
2021-06-21,1134.19,98.3091288096538
2021-06-22,1137.07,98.34664986235448
2021-06-23,1133.89,98.0445566901352
2021-06-24,1131.5,98.25717392036353
2021-06-25,1127.36,98.15654538557743
2021-06-28,1130.29,98.17789270284291
2021-06-29,1131.68,98.43116438031541
2021-06-30,1130.42,98.85437150111402
2021-07-01,1134.37,98.90571861075983
2021-07-02,1132.42,98.83626837092747
2021-07-06,1137.17,99.02919722682955
2021-07-07,1141.26,99.13586459214973
2021-07-08,1147.96,98.84662938302253
2021-07-09,1145.08,98.67842781019189
2021-07-12,1146.29,98.6605717264194
2021-07-13,1146.29,98.98019877275826
2021-07-14,1147.43,98.87438854678241
2021-07-15,1141.21,99.04927372793844
2021-07-16,1139.35,99.10560219218245
2021-07-19,1147.17,99.25379060419988
2021-07-20,1150.45,99.51770585975194
2021-07-21,1153.03,99.21542292960208
2021-07-22,1149.99,99.32026455314436
2021-07-23,1153.53,99.43672260237051
2021-07-26,1154.75,99.02061692583369
2021-07-27,1156.32,98.80220219685032
2021-07-28,1156.27,98.95623842856236
2021-07-29,1142.09,98.29999717254202
2021-07-30,1151.86,98.51150089880187
2021-08-02,1150.72,98.44432115921647
2021-08-03,1149.45,98.52448447835273
2021-08-04,1142.99,98.65449812425067
2021-08-05,1142.53,98.65234146828139
2021-08-06,1145.87,99.24235560941214
2021-08-09,1145.83,99.35922626437119
2021-08-10,1152.5,99.52964985548402
2021-08-11,1156.09,99.39881575816335
2021-08-12,1162.78,99.42656742341197
2021-08-13,1168.36,98.98141050127938
2021-08-16,1166.78,99.06109554500222
2021-08-17,1177.08,99.59097481726124
2021-08-18,1170.18,99.6973554865942
2021-08-19,1173.89,99.92101024521897
2021-08-20,1180.4,100.03683722203907
2021-08-23,1169.73,99.56135037723152
2021-08-24,1165.43,99.43291093560593
2021-08-25,1164.24,99.41932504100839
2021-08-26,1169.88,99.4659179927667
2021-08-27,1162.5,99.14038161887963
2021-08-30,1166.33,99.15612594411418
2021-08-31,1158.32,99.17990630939163
2021-09-01,1156.03,98.86734152844909
2021-09-02,1160.95,98.74915571177584
2021-09-03,1155.44,98.5015819741025
2021-09-07,1162.88,98.89655157015162
2021-09-08,1166.21,99.17100906739488
2021-09-09,1169.61,98.9213819363215
2021-09-10,1169.63,98.9840338770393
2021-09-13,1173.33,99.05737453699888
2021-09-14,1170.71,98.93779096930194
2021-09-15,1168.58,98.97654804952423
2021-09-16,1171.23,99.34577642438192
2021-09-17,1175.34,99.63015695721958
2021-09-20,1186.73,99.74191762306677
2021-09-21,1185.15,99.69708505168593
2021-09-22,1182.41,99.59361883908721
2021-09-23,1173.48,99.56839278600374
2021-09-24,1176.53,99.80600163210842
2021-09-27,1175.9,99.88369564847113
2021-09-28,1183.61,100.23939079841844
2021-09-29,1181.75,100.82088842439154
2021-09-30,1183.7,100.86098918237275
2021-10-01,1187.24,100.5657887264102
2021-10-04,1182.4,100.32074154348413
2021-10-05,1188.31,100.4129642330729
2021-10-06,1192.6,100.86295813543059
2021-10-07,1190.76,100.69108804165562
2021-10-08,1194.58,100.64815027372144
2021-10-12,1198.72,101.00906475666
2021-10-13,1193.89,100.77791396680928
2021-10-14,1186.3,100.52242647801063
2021-10-15,1182.34,100.54636707121364
2021-10-18,1187.55,100.48483923911499
2021-10-19,1175.32,100.28218282526444
2021-10-20,1175.05,100.16574979228736
2021-10-21,1177.25,100.11385580372277
2021-10-22,1176.85,100.22829989319293
2021-10-25,1167.59,100.3446798661811
2021-10-26,1167.58,100.52555152056456
2021-10-27,1171.19,100.39072953306803
2021-10-28,1167.34,99.82526715865151
2021-10-29,1174.94,100.75382593160725
2021-11-01,1177.73,100.4818006673553
2021-11-02,1177.04,100.63804606622699
2021-11-03,1184.56,100.5988498835083
2021-11-04,1186.77,100.92924268922376
2021-11-05,1183.28,100.85510236759444
2021-11-08,1180.64,100.57015650140923
2021-11-09,1178.64,100.5605469312826
2021-11-10,1181.16,101.17560138926062
2021-11-12,1179.23,101.74532011628672
2021-11-15,1181.61,101.81793850038649
2021-11-16,1183.3,102.4821540279631
2021-11-17,1182.4,102.46125628782467
2021-11-18,1183.42,102.28873423733722
2021-11-19,1184.93,102.47502912858356
2021-11-22,1185.33,103.02587142498545
2021-11-23,1190.31,103.11717999776245
2021-11-24,1186.01,103.59290167557845
2021-11-26,1194.43,102.8310682403614
2021-11-29,1192.96,103.13997356031697
2021-11-30,1187.45,102.96501936646094
2021-12-01,1187.45,102.64317271134472
2021-12-02,1175.18,102.78343820190145
2021-12-03,1179.84,102.85925619530647
2021-12-06,1182.29,103.00675849798364
2021-12-07,1179.24,103.15633311121991
2021-12-08,1175.19,102.69633992502311
2021-12-09,1173.59,103.00468804335249
2021-12-10,1180.99,102.74466165201572
2021-12-13,1184.19,102.94042646408003
2021-12-14,1182.7,103.21432397239685
2021-12-15,1186.06,103.32506503625802
2021-12-16,1183.59,102.79767510834121
2021-12-17,1181.03,103.07082260158892
2021-12-20,1191.07,103.07764207695122
2021-12-21,1192.35,103.28150197132821
2021-12-22,1190.21,102.83061264602189
2021-12-23,1187.59,102.78612408510782
2021-12-27,1186.82,102.75797804621173
2021-12-28,1188.15,102.81618933500951
2021-12-29,1185.51,102.67054920393427
2021-12-30,1188.59,102.7421040574595
2022-01-03,1191.39,102.96560978731807
2022-01-04,1193.77,102.89984645671647
2022-01-05,1196.38,102.63613339092117
2022-01-06,1205.02,102.86263066650619
2022-01-07,1200.78,102.4379515527976
2022-01-10,1199.13,102.62845200950545
2022-01-11,1194.62,102.32957362342634
2022-01-12,1187.34,101.6761801550269
2022-01-13,1187.95,101.36298823424448
2022-01-14,1186.96,101.7479665727071
2022-01-18,1192.74,102.36419900262226
2022-01-19,1188.51,102.20539451541079
2022-01-20,1191.96,102.19395657556393
2022-01-21,1193.87,102.25272995040373
2022-01-24,1195.68,102.74097361006092
2022-01-25,1198.66,102.80484224772428
2022-01-26,1197.46,102.82847193451678
2022-01-27,1202.65,104.00145735110294
2022-01-28,1209.04,103.88960719948085
2022-01-31,1206.78,103.50245675790457
2022-02-01,1209.44,103.18937387918162
2022-02-02,1201.7,102.74695020112482
2022-02-03,1206.35,102.0561405890348
2022-02-04,1199.43,102.07457648395993
2022-02-07,1198.64,102.12117067034956
2022-02-08,1198.05,102.28487393566311
2022-02-09,1196.36,102.11595804047548
2022-02-10,1196.31,101.83451108110947
2022-02-11,1198.72,102.3667976274185
2022-02-14,1196.21,103.03159396707366
2022-02-15,1199.78,102.65133349641708
2022-02-16,1197.51,102.44198533787363
2022-02-17,1197.39,102.47415333375807
2022-02-18,1195.4,102.77240583790797
2022-02-22,1192.07,102.6268119061455
2022-02-23,1193.42,102.81744251455119
2022-02-24,1202.34,104.1139468901942
2022-02-25,1201.93,103.38266655734729
2022-02-28,1202.28,103.41935712658777
2022-03-01,1204.34,104.26558294770038
2022-03-02,1205.58,104.30096131790016
2022-03-03,1204.35,104.66169474974897
2022-03-04,1213.71,105.51826103288438
2022-03-07,1226.78,106.10502857779144
2022-03-08,1237.18,106.11258724280178
2022-03-09,1234.01,104.84026716266602
2022-03-10,1228.21,105.22757787070691
2022-03-11,1231.47,105.78659810358738
2022-03-14,1241.46,105.67012360219535
2022-03-15,1242.65,105.76569523137096
2022-03-16,1228.04,105.53240650466654
2022-03-17,1214.33,104.70730212489703
2022-03-18,1212.2,105.14987945100381
2022-03-21,1216.12,105.04512980557999
2022-03-22,1217.09,105.33707253678142
2022-03-23,1217.92,105.5130676297558
2022-03-24,1220.45,105.59140844206836
2022-03-25,1218.77,105.68254455375576
2022-03-28,1225.46,106.06077913397121
2022-03-29,1219.21,105.10504472586548
2022-03-30,1208.46,104.62465313288946
2022-03-31,1211.55,104.9666447641736
2022-04-01,1215.29,105.45646473149208
2022-04-04,1214.72,105.76013069600543
2022-04-05,1212.55,106.24934232116087
2022-04-06,1212.55,106.38489878013905
2022-04-07,1218.96,106.5842479411325
2022-04-08,1225.13,106.79519060929094
2022-04-11,1233.38,106.9809313535559
2022-04-12,1236.03,107.07047030103817
2022-04-13,1227.17,106.94058666093801
2022-04-14,1224.18,107.53692135467183
2022-04-15,1227.97,107.4810230476326
2022-04-18,1233.73,107.75779992940329
2022-04-19,1236.53,107.95295398318768
2022-04-20,1235.28,107.26262564944109
2022-04-21,1238.13,107.55445573994847
2022-04-22,1239.66,108.24043696607494
2022-04-25,1249.87,108.90485640786063
2022-04-26,1260.37,109.25796022209087
2022-04-27,1269.35,110.20997337301502
2022-04-28,1271.5,110.91698501176239
2022-04-29,1255.87,110.38838757261438
2022-05-02,1265.24,110.69674257848875
2022-05-03,1267.82,110.58626494314778
2022-05-04,1265.22,110.5609495313739
2022-05-05,1256.05,111.05642500439426
2022-05-06,1272.58,110.65137946739087
2022-05-09,1276.29,110.90456027564615
2022-05-10,1275.02,111.13257164377606
2022-05-11,1275.04,110.97733156457512
2022-05-12,1288.65,112.04039278672468
2022-05-13,1283.51,111.77703944695352
2022-05-16,1284.79,111.65180406397498
2022-05-17,1274.33,110.63393539531215
2022-05-18,1266.36,110.8338540171954
2022-05-19,1276.91,109.96590245019712
2022-05-20,1267.87,110.21432163452693
2022-05-23,1263.85,109.3403067961598
2022-05-24,1265.97,108.76907183856864
2022-05-25,1264.58,109.43494582750291
2022-05-26,1267.83,108.92395118357241
2022-05-27,1250.13,108.91170880565768
2022-05-31,1236.93,108.81909150835703
2022-06-01,1246.52,109.75420074751665
2022-06-02,1252.03,108.9750458150456
2022-06-03,1242.23,109.23884911542592
2022-06-06,1253.52,109.43761293332516
2022-06-07,1255.32,109.50962967433729
2022-06-08,1253.5,109.45096348558205
2022-06-09,1256.91,110.14993728596244
2022-06-10,1268.01,111.38629492601355
2022-06-13,1283.69,112.23322644920474
2022-06-14,1285.87,112.72220190697352
2022-06-15,1290.05,112.85191684400854
2022-06-16,1286.76,111.1208232028072
2022-06-17,1287.36,112.15474988143448
2022-06-21,1293.25,111.55829791589144
2022-06-22,1297.21,111.30449060079417
2022-06-23,1300.86,111.7740536731644
2022-06-24,1298.71,111.48705322864892
2022-06-27,1286.2,110.99867758270491
2022-06-28,1290.18,111.6663158321351
2022-06-29,1298.39,112.11597213656003
2022-06-30,1298.95,112.08984955375637
2022-07-01,1297.18,112.62959813250852
2022-07-05,1299.69,114.04382514649717
2022-07-06,1307.1,114.60600005087042
2022-07-07,1299.51,114.58607878833435
2022-07-08,1299.51,114.4200800103448
2022-07-11,1308.9,115.3370687733322
2022-07-12,1311.91,115.39791402950593
2022-07-13,1306.65,115.31930621900035
2022-07-14,1311.76,116.11665619922731
2022-07-15,1321.15,115.52793619181168
2022-07-18,1316.7,114.7084313979305
2022-07-19,1313.52,114.01206437784145
2022-07-20,1313.1,114.2175945191663
2022-07-21,1307.58,114.3474597836349
2022-07-22,1312.82,113.8359413016595
2022-07-25,1313.27,113.96399575027655
2022-07-26,1308.33,114.66482228621263
2022-07-27,1313.14,114.81568542384797
2022-07-28,1299.69,113.90505992084184
2022-07-29,1299.08,113.37014402529405
2022-08-01,1304.18,112.63603232313444
2022-08-02,1304.89,113.3413762367673
2022-08-03,1310.69,114.01687033079948
2022-08-04,1310.2,113.33974684174049
2022-08-05,1298.22,114.12387892976982
2022-08-08,1306.11,113.6426809277586
2022-08-09,1304.5,113.57338241547764
2022-08-10,1310.54,112.23039788294457
2022-08-11,1302.72,112.22169137998651
2022-08-12,1302.13,113.06579888926173
2022-08-15,1305.85,113.65938070032136
2022-08-16,1308.54,113.91447899579774
2022-08-17,1310.16,114.2553627990702
2022-08-18,1319.94,114.67823514609155
2022-08-19,1325.5,115.66454579410338
2022-08-22,1339.4,116.6074548956525
2022-08-23,1339.4,115.95633712182476
2022-08-24,1342.05,116.16287664362748
2022-08-25,1335.46,116.17299616008319
2022-08-26,1331.17,116.02195128498377
2022-08-29,1349.8,116.31398499038157
2022-08-30,1346.37,116.37181280095956
2022-08-31,1338.66,116.03810090620725
2022-09-01,1354.34,117.25226181179363
2022-09-02,1362.2,116.55660771225946
2022-09-06,1378.95,117.79962000123882
2022-09-07,1383.72,117.86400245951657
2022-09-08,1380.51,117.62896753597494
2022-09-09,1376.74,116.52966812417229
2022-09-12,1377.38,115.77450128767131
2022-09-13,1373.76,117.24424266038508
2022-09-14,1391.1,117.12129888198834
2022-09-15,1393.93,117.37229247336336
2022-09-16,1384.48,117.31919675581952
2022-09-19,1393.05,117.48156827755928
2022-09-20,1389.86,117.6225217025866
2022-09-21,1395.92,118.67679947869247
2022-09-22,1412.29,118.97623616625336
2022-09-23,1409.42,120.55369846163008
2022-09-26,1432.47,121.8989637297692
2022-09-27,1422.39,121.89465791871233
2022-09-28,1440.5,121.07798504274395
2022-09-29,1439.15,120.19438500165991
2022-09-30,1431.67,120.08629997762712
2022-10-03,1434.83,119.61883604957104
2022-10-04,1425.75,118.00620303693051
2022-10-05,1410.74,119.19131112516052
2022-10-06,1402.33,119.95202131743191
2022-10-07,1412.54,120.15511095253525
2022-10-11,1435.36,120.41422395679467
2022-10-12,1423.81,121.22277845938225
2022-10-13,1430.4,120.22361843626307
2022-10-14,1428.06,120.99296558104729
2022-10-17,1434.73,119.77303256921311
2022-10-18,1422.19,120.03377385305158
2022-10-19,1426.07,120.69022918947944
2022-10-20,1431.63,120.24786647466645
2022-10-21,1440.31,119.59754158731924
2022-10-24,1439.14,119.75207686658011
2022-10-25,1432.46,118.66427453134501
2022-10-26,1425.68,117.45191932497401
2022-10-27,1419.0,118.04333720396309
2022-10-28,1421.67,118.69903840480794
2022-10-31,1424.6,119.26814026686924
2022-11-01,1416.2,119.36761942508319
2022-11-02,1418.31,119.21253625011299
2022-11-03,1423.99,120.7141128758076
2022-11-04,1423.99,119.3032690716655
2022-11-07,1402.05,118.10705781554633
2022-11-08,1384.61,117.00956747934441
2022-11-09,1364.85,117.78803703120806
2022-11-10,1377.52,115.8018930194643
2022-11-14,1327.38,114.33077563181162
2022-11-15,1317.88,113.7706415803458
2022-11-16,1326.46,113.72492631971822
2022-11-17,1338.97,114.36710911322545
2022-11-18,1339.61,114.17420411211795
2022-11-21,1354.87,115.3951068685723
2022-11-22,1356.66,114.8507592675976
2022-11-23,1352.49,113.82844112421185
2022-11-25,1325.22,113.40119790617827
2022-11-28,1340.66,113.58906506989088
2022-11-29,1327.24,113.98994233999379
2022-11-30,1316.84,114.29975301294573
2022-12-01,1299.11,112.20471899784155
2022-12-02,1300.5,111.95778178576744
2022-12-05,1292.58,112.58608458997367
2022-12-06,1319.31,112.59942902442127
2022-12-07,1322.23,112.5230695107582
2022-12-08,1317.56,112.0941540866827
2022-12-09,1301.61,112.00585140380372
2022-12-12,1307.62,112.24227840743718
2022-12-13,1301.47,111.18895795461717
2022-12-14,1294.79,110.98724689261975
2022-12-15,1302.91,111.77937973221528
2022-12-16,1307.73,111.91600972267648
2022-12-19,1302.29,111.80164483277905
2022-12-20,1290.41,111.10189040999074
2022-12-21,1284.7,111.56418154045019
2022-12-22,1275.68,111.7303978135441
2022-12-23,1280.02,111.53646867652246
2022-12-27,1271.0,111.31927758283273
2022-12-28,1267.54,111.66953530611009
2022-12-29,1265.58,111.18556227496425
2022-12-30,1260.18,110.81351953005726
2023-01-03,1271.1,111.87385804196556
2023-01-04,1272.15,111.33024156321525
2023-01-05,1268.91,112.48679147329861
2023-01-06,1268.13,111.36548476354693
2023-01-09,1243.62,110.11507818678072
2023-01-10,1243.83,110.47421796806542
2023-01-11,1245.39,110.56853235220144
2023-01-12,1246.26,109.64854718028357
2023-01-13,1241.59,109.48909481629843
2023-01-17,1238.7,109.49800550406736
2023-01-18,1237.32,109.18435224681996
2023-01-19,1232.05,109.36801057878412
2023-01-20,1235.57,109.35574957358705
2023-01-23,1228.59,109.19462795062283
2023-01-24,1234.79,109.10108335927488
2023-01-25,1231.67,108.86692274844478
2023-01-26,1230.95,109.14709739628864
2023-01-27,1231.53,109.1252203369775
2023-01-30,1227.31,109.17621259397131
2023-01-31,1231.95,109.26794505739359
2023-02-01,1231.77,108.80961644313875
2023-02-02,1220.34,108.70236821686771
2023-02-03,1229.22,109.92716723716002
2023-02-06,1252.61,110.90505159492363
2023-02-07,1255.53,110.80020082496455
2023-02-08,1260.03,110.49408140092342
2023-02-09,1259.67,110.11598599121236
2023-02-10,1264.15,110.85425529975669
2023-02-13,1277.05,110.56114138817317
2023-02-14,1268.93,110.57676117461463
2023-02-15,1282.16,111.13333475356141
2023-02-16,1284.33,111.15115724084286
2023-02-17,1299.62,111.27283721088499
2023-02-21,1295.99,111.3348434748715
2023-02-22,1304.31,111.63841638313805
2023-02-23,1296.79,111.99408888268177
2023-02-24,1304.59,112.55791582416563
2023-02-27,1322.45,112.0545565570509
2023-02-28,1323.45,111.98294351696956
2023-03-01,1315.15,111.5733373822304
2023-03-02,1313.96,112.32742244498344
2023-03-03,1300.59,112.02808194859553
2023-03-06,1296.14,111.42533897526184
2023-03-07,1299.7,112.73996603100525
2023-03-08,1320.81,112.97675867751066
2023-03-09,1321.58,112.59466035293632
2023-03-10,1324.51,111.75168507003859
2023-03-13,1300.46,110.79702959394851
2023-03-14,1306.13,110.96967526478429
2023-03-15,1317.78,112.25639927855784
2023-03-16,1312.13,111.59975245046223
2023-03-17,1303.75,111.28588329191204
2023-03-20,1310.69,110.55819621510376
2023-03-21,1310.65,110.42927526236541
2023-03-22,1307.5,110.29090068968571
2023-03-23,1278.93,109.30952980012295
2023-03-24,1292.57,110.28773619733084
2023-03-27,1301.01,110.09002575658349
2023-03-28,1298.26,109.5823077610206
2023-03-29,1303.38,109.90962368108755
2023-03-30,1298.89,109.3563829311798
2023-03-31,1303.8,109.4962934803494
2023-04-03,1316.38,109.25552433982647
2023-04-04,1315.1,108.67452254082404
2023-04-05,1310.05,108.86988637021797
2023-04-06,1319.1,108.92230725691815
2023-04-07,1319.1,109.117327687637
2023-04-10,1319.09,109.89687385642607
2023-04-11,1322.04,109.33461066598689
2023-04-12,1325.34,108.65681171890702
2023-04-13,1310.68,107.95916891809642
2023-04-14,1299.12,108.74166993247576
2023-04-17,1311.36,109.31854012139843
2023-04-18,1318.43,108.92481076669607
2023-04-19,1325.28,109.06146578277631
2023-04-20,1323.28,108.85460576311222
2023-04-21,1327.53,108.93182982335848
2023-04-24,1334.94,108.57782541245841
2023-04-25,1331.93,109.01738553635307
2023-04-26,1336.23,108.39256542689452
2023-04-27,1337.75,108.67263416719011
2023-04-28,1338.41,108.54926547714149
2023-05-01,1339.65,109.23734810978632
2023-05-02,1341.0,109.04385309227527
2023-05-03,1337.94,108.48756363087509
2023-05-04,1322.21,108.47672472655724
2023-05-05,1318.38,108.29580629694891
2023-05-08,1320.49,108.28302805756783
2023-05-09,1323.59,108.78404588531404
2023-05-10,1324.48,108.63916843201257
2023-05-11,1325.09,109.18459974573699
2023-05-12,1333.74,109.76333467216276
2023-05-15,1336.13,109.5771482780141
2023-05-16,1338.64,109.73392223831007
2023-05-17,1337.29,110.11595233909956
2023-05-18,1333.88,110.68254224678853
2023-05-19,1326.12,110.24733694966021
2023-05-22,1317.77,110.49321185342514
2023-05-23,1312.01,110.73626079361563
2023-05-24,1316.71,111.0477511428404
2023-05-25,1325.9,111.44978093643698
2023-05-26,1324.4,111.56215972276226
2023-05-30,1324.59,111.37360951476764
2023-05-31,1324.55,111.81880112847804
2023-06-01,1321.35,110.80894561532574
2023-06-02,1305.21,111.14139711875904
2023-06-05,1308.16,111.17612647448935
2023-06-06,1297.93,111.3788413121026
2023-06-07,1303.62,111.30444397682122
2023-06-08,1304.26,110.55291103363236
2023-06-09,1291.46,110.74986308990584
2023-06-12,1288.61,110.95625354736283
2023-06-13,1271.48,110.46540175017614
2023-06-14,1278.44,109.8398431736476
2023-06-15,1279.99,109.3918078524883
2023-06-16,1272.68,109.51393656976008
2023-06-20,1280.21,109.8416628461893
2023-06-21,1291.78,109.48710461681064
2023-06-22,1294.75,109.54181939990771
2023-06-23,1304.19,110.11349279906494
2023-06-26,1304.88,109.86785330785328
2023-06-27,1299.99,109.60776516163016
2023-06-28,1307.76,110.19443269014026
2023-06-29,1317.73,110.42094411149327
2023-06-30,1317.8,110.02021893873899
2023-07-03,1308.37,110.06891191881067
2023-07-05,1298.74,110.41797571232723
2023-07-06,1300.85,110.41319925843666
2023-07-07,1304.89,109.42972112787265
2023-07-10,1306.45,109.17924087731318
2023-07-11,1293.64,108.89988790626059
2023-07-12,1288.17,107.59418033134804
2023-07-13,1273.99,106.93473441982042
2023-07-14,1266.28,106.82236149527792
2023-07-17,1267.02,106.86089620778881
2023-07-18,1260.87,106.93313914980925
2023-07-19,1265.76,107.35200531128227
2023-07-20,1269.26,107.88176696012738
2023-07-21,1283.71,108.14193957418354
2023-07-24,1280.54,108.2776586267194
2023-07-25,1275.32,108.3850837346134
2023-07-26,1274.04,108.16357246791691
2023-07-27,1277.23,108.76511164137062
2023-07-28,1276.69,108.54564012750329
2023-07-31,1273.85,108.75983821932097
2023-08-01,1283.84,109.4529188043825
2023-08-02,1297.66,109.75859804697929
2023-08-03,1298.54,109.60496081945293
2023-08-04,1309.49,108.87960933503085
2023-08-07,1305.94,109.21901155753461
2023-08-08,1316.02,109.74258050918645
2023-08-09,1315.45,109.64587584564558
2023-08-10,1315.54,109.41131187211002
2023-08-11,1324.17,109.96478206061671
2023-08-14,1330.05,110.20793534518172
2023-08-15,1335.0,110.15516584483777
2023-08-16,1336.84,110.39129837813009
2023-08-17,1341.13,110.61489123156365
2023-08-18,1337.99,110.58018960395731
2023-08-21,1342.45,110.61869347542809
2023-08-22,1335.06,110.80193047166159
2023-08-23,1339.12,110.58213644459892
2023-08-24,1321.07,111.0612815660325
2023-08-25,1324.11,111.5166082301839
2023-08-28,1323.2,111.3011970993718
2023-08-29,1321.87,110.94035781720191
2023-08-30,1323.42,110.26200341298298
2023-08-31,1322.43,110.91526423638712
2023-09-01,1318.34,111.43049215908306
2023-09-05,1330.16,112.00195223610262
2023-09-06,1330.87,112.24352162924981
2023-09-07,1335.03,112.28065794947773
2023-09-08,1332.83,112.26868388770065
2023-09-11,1331.59,111.82244016113508
2023-09-12,1327.29,112.04590863398127
2023-09-13,1329.7,112.00216347381632
2023-09-14,1325.88,112.53701164372458
2023-09-15,1325.89,112.53493245998756
2023-09-18,1323.99,112.35591968576652
2023-09-19,1328.13,112.41829032510577
2023-09-20,1330.34,112.1759482046669
2023-09-21,1340.08,112.67192154063811
2023-09-22,1336.58,112.80794774055184
2023-09-25,1336.03,113.32748033751896
2023-09-26,1348.69,113.53674804003187
2023-09-27,1349.05,114.06226899735513
2023-09-28,1356.41,113.40326121688469
2023-09-29,1347.86,113.43224738837628
2023-10-02,1351.67,114.26161208193437
2023-10-03,1360.62,114.67093225943371
2023-10-04,1362.94,114.08402307474917
2023-10-05,1350.22,113.94554373643754
2023-10-06,1350.17,113.3687840664208
2023-10-10,1349.79,113.0327568585157
2023-10-11,1339.31,113.097343503628
2023-10-12,1338.21,113.74382691073158
2023-10-13,1349.65,114.138215418018
2023-10-16,1353.67,113.71660070403631
2023-10-17,1353.6,113.41365279121703
2023-10-18,1349.45,113.984242064684
2023-10-19,1357.5,113.73693403865393
2023-10-20,1352.92,113.54418003226097
2023-10-23,1353.7,113.11022688276474
2023-10-24,1342.68,113.61244666251278
2023-10-25,1349.07,113.76000281070624
2023-10-26,1359.32,114.26071050779213
2023-10-27,1355.15,113.77011845130554
2023-10-30,1350.98,113.50333070498505
2023-10-31,1351.03,114.19722292200237
2023-11-01,1356.94,114.35740378271574
2023-11-02,1342.91,113.63542165487237
2023-11-03,1322.04,112.37981120981809
2023-11-06,1297.94,112.29633505407023
2023-11-07,1308.33,112.9528908144103
2023-11-08,1309.98,112.79498953041951
2023-11-09,1309.89,112.84560715539544
2023-11-13,1324.97,112.985740051004
2023-11-14,1328.74,111.5050683121968
2023-11-15,1300.34,111.55250844977623
2023-11-16,1297.1,111.65172821383746
2023-11-17,1296.21,111.34335951829597
2023-11-20,1291.48,110.64848541129953
2023-11-21,1289.34,110.66967117872437
2023-11-22,1300.06,111.30455760428904
2023-11-24,1306.08,110.64961298326429
2023-11-27,1304.33,110.56033870821116
2023-11-28,1293.71,109.77487118039396
2023-11-29,1292.74,110.05819922787475
2023-11-30,1289.95,110.52585176623654
2023-12-01,1305.45,110.46181338269623
2023-12-04,1304.43,110.9231639429443
2023-12-05,1311.47,111.25824939179941
2023-12-06,1313.03,111.2052515151606
2023-12-07,1325.27,110.86561628539762
2023-12-08,1307.11,111.34609822113518
2023-12-11,1316.38,111.46606690738929
2023-12-12,1313.75,111.10538758096733
2023-12-13,1319.76,111.04559033695186
2023-12-14,1296.11,108.9434924298419
2023-12-15,1295.92,109.57644683898837
2023-12-18,1297.63,109.70523793239859
2023-12-19,1307.95,109.21661309053331
2023-12-20,1299.22,109.42302907145178
2023-12-21,1304.82,108.995629089875
2023-12-22,1302.54,108.81380751006738
2023-12-26,1294.25,108.62196740748524
2023-12-27,1293.38,107.93413904968365
2023-12-28,1288.45,108.12730482242142
2023-12-29,1290.97,108.21123741926337
2024-01-02,1300.52,109.20810214751187
2024-01-03,1305.1,109.75086283587673
2024-01-04,1310.39,109.47597642819349
2024-01-05,1315.62,109.40592250169847
2024-01-08,1315.58,109.20936285285215
2024-01-09,1315.92,109.59183362697333
2024-01-10,1320.42,109.56153772651423
2024-01-11,1313.04,109.80846076756454
2024-01-12,1313.41,109.50781169896374
2024-01-16,1331.5,110.41840112575242
2024-01-17,1344.23,110.78625470804351
2024-01-18,1338.73,110.71267608505246
2024-01-19,1338.53,110.55150787594084
2024-01-22,1338.25,110.40393705984863
2024-01-23,1333.76,110.98065444147505
2024-01-24,1337.74,110.2528713923723
2024-01-25,1336.0,110.76970314629676
2024-01-26,1336.08,110.54920862696181
2024-01-29,1335.5,110.91692456108329
2024-01-30,1328.93,110.64740932975586
2024-01-31,1334.9,110.31565692378913
2024-02-01,1331.78,110.26951000950811
2024-02-02,1321.9,111.22197946415831
2024-02-05,1330.98,111.77854268527307
2024-02-06,1326.83,111.48186047266212
2024-02-07,1327.37,111.3012794722828
2024-02-08,1328.07,111.40720241623005
2024-02-09,1333.1,111.37829073223143
2024-02-12,1331.37,111.37183267232365
2024-02-13,1327.88,112.06466423132139
2024-02-14,1335.06,111.96396180933013
2024-02-15,1333.84,111.67034716073015
2024-02-16,1334.96,111.61539627986281
2024-02-20,1337.25,111.21742875574199
2024-02-21,1334.95,111.25586087959823
2024-02-22,1328.71,111.26465410519071
2024-02-23,1328.71,111.1208582377119
2024-02-26,1330.86,110.99413264104592
2024-02-27,1330.86,110.94897802076707
2024-02-28,1336.02,111.12916371143372
2024-02-29,1336.19,111.33168040019977
2024-03-01,1334.8,111.17079036993995
2024-03-04,1331.29,110.9807206344123
2024-03-05,1336.51,110.96723974692483
2024-03-06,1333.99,110.4089384913038
2024-03-07,1324.3,110.03415731586517
2024-03-08,1319.28,109.87210214029734
2024-03-11,1312.55,109.99520937582284
2024-03-12,1310.82,110.16298548289642
2024-03-13,1314.67,109.97852462173284
2024-03-14,1318.2,110.5050611582828
2024-03-15,1329.35,110.63583403440464
2024-03-18,1333.59,110.70102977385025
2024-03-19,1338.28,111.08772188759336
2024-03-20,1339.02,111.21264545425178
2024-03-21,1322.11,111.23566893143739
2024-03-22,1338.14,111.62394334474781
2024-03-25,1342.61,111.46097526250054
2024-03-26,1344.0,111.55424161225334
2024-03-27,1348.58,111.61872898109364
2024-03-28,1346.01,111.70379587351631
2024-03-29,1347.08,111.75937734199832
2024-04-01,1348.75,112.36317101886785
2024-04-02,1351.37,112.05110533633626
2024-04-03,1348.5,111.56926725335332
2024-04-04,1346.87,111.26297437365014
2024-04-05,1352.58,111.50301776456676
2024-04-08,1353.2,111.42333563164841
2024-04-09,1354.8,111.36958685793095
2024-04-10,1349.05,112.53308121609625
2024-04-11,1364.19,112.6809166530539
2024-04-12,1374.74,113.30697503048883
2024-04-15,1383.63,113.434348332875
2024-04-16,1393.92,113.67385300156351
2024-04-17,1385.88,113.57814452953824
2024-04-18,1373.42,113.38950292730902
2024-04-19,1376.72,113.46063083519279
2024-04-22,1381.84,113.54229536479725
2024-04-23,1379.27,113.12332178221052
2024-04-24,1369.86,113.27156684907621
2024-04-25,1369.86,113.02227887892028
2024-04-26,1375.1,113.4791180769233
2024-04-29,1377.35,113.07168713011448
2024-04-30,1381.92,113.52611342890226
2024-05-01,1386.95,113.59855314780437
2024-05-02,1375.39,112.92519728489957
2024-05-03,1363.04,112.31283230120351
2024-05-06,1358.81,112.31001654529213
2024-05-07,1359.45,112.56908660826033
2024-05-08,1359.45,112.78981367235963
2024-05-09,1369.74,112.68375983479618
2024-05-10,1367.77,112.61889014942196
2024-05-13,1367.91,112.49508885053147
2024-05-14,1368.77,112.34210412766632
2024-05-15,1360.15,111.77494218114306
2024-05-16,1345.15,111.67664106379313
2024-05-17,1354.83,111.75234390740434
2024-05-20,1356.0,111.84433854754566
2024-05-21,1363.54,111.90802288522663
2024-05-22,1362.36,112.07277477182227
2024-05-23,1362.38,112.2279281125293
2024-05-24,1369.02,111.98311307970393
2024-05-28,1357.65,111.68368961976564
2024-05-29,1365.07,112.35853090607225
2024-05-30,1365.07,111.98101029808434
2024-05-31,1385.43,111.94027095168637
2024-06-03,1375.91,111.40091443827558
2024-06-04,1375.96,111.40907347429517
2024-06-05,1372.58,111.64632671746874
2024-06-06,1365.45,111.4728074691532
2024-06-07,1366.38,112.16162272221749
2024-06-10,1375.71,112.51762547971873
2024-06-11,1375.71,112.69732506453096
2024-06-12,1378.01,111.59968209750785
2024-06-13,1376.11,112.41016273291946
2024-06-14,1378.96,112.89484917402228
2024-06-17,1380.5,112.80417882946415
2024-06-18,1380.88,112.61027784510802
2024-06-20,1384.38,112.94996459076702
2024-06-21,1388.17,113.15590952530125
2024-06-24,1389.17,112.88594093706045
2024-06-25,1387.16,113.04232058503334
2024-06-26,1388.65,113.41194373491886
2024-06-27,1385.76,113.24363433222771
2024-06-28,1376.55,113.24486845477992
2024-07-01,1383.0,113.2718713266433
2024-07-02,1386.55,113.14907081945906
2024-07-03,1384.85,112.54552248426896
2024-07-05,1379.87,112.24932510030405
2024-07-08,1382.73,112.2204549139164
2024-07-09,1383.39,112.46019791752771
2024-07-10,1383.42,112.36083166498324
2024-07-11,1370.85,111.65714015324099
2024-07-12,1374.9,111.3617413650377
2024-07-15,1382.97,111.34939030644088
2024-07-16,1384.99,111.64229766020321
2024-07-17,1380.61,111.03581408555675
2024-07-18,1383.85,111.24627073231568
2024-07-19,1389.29,111.56664103353616
2024-07-22,1388.71,111.652398507061
2024-07-23,1385.78,111.71677903532448
2024-07-24,1379.4,111.44167850970929
2024-07-25,1380.57,111.51443817308846
2024-07-26,1383.11,111.57021805777109
2024-07-29,1381.93,111.86622626014471
2024-07-30,1384.98,111.90649944812475
2024-07-31,1369.29,111.38674172107127
2024-08-01,1368.5,111.6282882619638
2024-08-02,1359.38,110.42980973353816
2024-08-05,1367.68,109.84516297977834
2024-08-06,1377.4,110.17584004419834
2024-08-07,1374.98,110.37268069302594
2024-08-08,1376.94,110.42977173359326
2024-08-09,1363.71,110.24338026165748
2024-08-12,1369.87,110.36144736902106
2024-08-13,1367.28,110.06579838033471
2024-08-14,1355.35,109.57801146158812
2024-08-15,1363.21,110.05245601035878
2024-08-16,1354.34,109.85715833428893
2024-08-19,1334.21,109.05184701089175
2024-08-20,1331.78,108.64880904963431
2024-08-21,1333.74,108.25732091016347
2024-08-22,1343.23,108.52386800484093
2024-08-23,1327.56,107.85909225971825
2024-08-26,1328.53,107.88310162949765
2024-08-27,1330.9,107.78397684867846
2024-08-28,1335.15,108.01667542506564
2024-08-29,1332.02,108.3478978750503
2024-08-30,1336.0,108.7088211178889
2024-09-03,1339.79,108.87929699018709
2024-09-04,1336.93,108.4227741081535
2024-09-05,1335.14,108.20425071359023
2024-09-06,1335.68,108.18963330700905
2024-09-09,1342.16,108.63092826183737
2024-09-10,1343.41,108.71164261299036
2024-09-11,1340.59,108.77861661455114
2024-09-12,1341.35,108.59619047704751
2024-09-13,1329.26,108.04219510048469
2024-09-16,1320.59,107.77864920035819
2024-09-17,1323.81,107.94670098417322
2024-09-18,1324.15,107.95231457954837
2024-09-19,1329.08,107.7598753564457
2024-09-20,1333.66,107.78935865920995
2024-09-23,1334.12,107.82276556469239
2024-09-24,1330.0,107.65010012255148
2024-09-25,1335.1,107.82032336075949
2024-09-26,1314.78,107.48404386700686
2024-09-27,1309.43,107.4549050059538
2024-09-30,1314.94,107.63167825489217
2024-10-01,1323.78,108.27387429678978
2024-10-02,1321.53,108.62691315077353
2024-10-03,1335.58,109.14178198405924
2024-10-04,1348.74,109.73012066980577
2024-10-07,1343.75,109.61123536109687
2024-10-08,1346.49,109.69174290595586
2024-10-09,1346.04,109.94795326124812
2024-10-10,1350.77,110.10449675484675
2024-10-11,1350.71,110.04336333263714
2024-10-15,1365.17,110.34781423658879
2024-10-16,1363.76,110.66864913852972
2024-10-17,1371.08,110.9476632698056
2024-10-18,1369.65,110.789865344409
2024-10-21,1379.14,111.16743287122051
2024-10-22,1379.22,111.31036682625928
2024-10-23,1381.61,111.69287122096141
2024-10-24,1382.11,111.42865113701836
2024-10-25,1389.24,111.41401444504653
2024-10-28,1385.57,111.52120313329638
2024-10-29,1382.2,111.67211452881625
2024-10-30,1378.41,111.24035255166069
2024-10-31,1377.57,111.39664007640964
2024-11-01,1376.95,111.42039910900822
2024-11-04,1375.17,111.07521487994043
2024-11-05,1380.26,110.75037599982738
2024-11-06,1399.98,112.42442922923466
2024-11-07,1384.66,111.70270734949223
2024-11-08,1396.69,112.33714810640356
2024-11-12,1408.28,113.51691265329347
2024-11-13,1404.24,113.83868706851229
2024-11-14,1402.77,113.9764914066369
2024-11-15,1397.42,114.02655348958916
2024-11-18,1394.28,113.73007147895079
2024-11-19,1392.83,113.69100032016487
2024-11-20,1399.51,114.24665495018192
2024-11-21,1401.0,114.51875024196463
2024-11-22,1405.49,115.13018876027792
2024-11-25,1401.03,114.4959382117674
2024-11-26,1396.69,114.44467261713734
2024-11-27,1391.14,113.3358972527336
2024-11-29,1396.99,113.46368914995452
2024-12-02,1406.13,113.89912184632372
2024-12-03,1427.83,113.62411736032179
2024-12-04,1412.16,113.59702329807739
2024-12-05,1415.88,113.21986479611756
2024-12-06,1422.4,113.33275758452892
2024-12-09,1430.05,113.36928038004824
2024-12-10,1432.6,113.92329110647562
2024-12-11,1428.5,113.9445178338554
2024-12-12,1429.47,113.98943326205057
2024-12-13,1434.82,114.42661958128697
2024-12-16,1437.86,114.27212874971622
2024-12-17,1436.16,114.27451481307396
2024-12-18,1438.13,114.63013945079004
2024-12-19,1446.06,115.98024713029135
2024-12-20,1444.52,115.2343505809998
2024-12-23,1451.76,115.59391207135091
2024-12-24,1457.36,115.78934835905956
2024-12-26,1467.66,115.62299791997769
2024-12-27,1470.4,115.54966354270637
2024-12-30,1472.32,115.78929218001925
2024-12-31,1477.86,116.06602371390703
2025-01-02,1472.52,116.9182342367527
2025-01-03,1470.0,116.61861613375778
2025-01-06,1459.94,115.7208016114535
2025-01-07,1452.42,115.98699858065768
2025-01-08,1459.85,116.6125479618686
2025-01-09,1459.23,116.77716235129631
2025-01-10,1473.36,117.32433312928036
2025-01-13,1466.87,117.57310228255051
2025-01-14,1459.5,116.94271818275445
2025-01-15,1456.5,116.8058056527342
2025-01-16,1456.16,116.52262111824122
2025-01-17,1457.04,116.85202171720388
2025-01-21,1435.29,115.53869113813478
2025-01-22,1435.77,115.70619409199702
2025-01-23,1434.29,115.617211282217
2025-01-24,1429.17,114.73451126880096
2025-01-27,1433.83,114.79971165577962
2025-01-28,1446.42,115.45753125335607
2025-01-29,1441.85,115.5269940439119
2025-01-30,1442.16,115.39096506891673
2025-01-31,1453.86,115.62532954941972
2025-02-03,1461.21,116.6350787714751
2025-02-04,1451.02,115.5293528222178
2025-02-05,1442.37,114.92935132387714
2025-02-06,1447.05,115.36898864625107
2025-02-07,1453.97,115.61569962921615
2025-02-10,1451.0,115.77939137801329
2025-02-11,1452.31,115.5738111533813
2025-02-12,1453.49,115.47177010934884
2025-02-13,1446.95,114.88125735267964
2025-02-14,1439.89,114.14611494973244
2025-02-18,1438.83,114.38699882073837
2025-02-19,1441.06,114.81284208261894
2025-02-20,1434.71,113.99237154769189
2025-02-21,1434.06,114.08666727840503
2025-02-24,1429.77,113.9714830656939
2025-02-25,1433.79,113.80202516146535
2025-02-26,1433.2,113.69464207524405
2025-02-27,1447.35,114.59358855360391
2025-02-28,1459.04,114.82430105911683
2025-03-03,1456.49,113.91280022499427
2025-03-04,1458.46,113.57759930770379
2025-03-05,1445.21,111.77686913350014
2025-03-06,1447.34,111.22045240289725
2025-03-07,1449.3,110.8742490782129
2025-03-10,1456.74,111.09685205864524
2025-03-11,1453.07,110.53008161594471
2025-03-12,1451.7,110.5797776146081
2025-03-13,1455.76,111.00763355321658
2025-03-14,1451.76,111.00571536068132
2025-03-17,1444.71,110.54285852025066
2025-03-18,1451.28,110.58892080541956
2025-03-19,1462.15,111.01759889235655
2025-03-20,1467.77,111.07484038852095
2025-03-21,1466.49,111.44119614966588
2025-03-24,1466.91,111.61775910746718
2025-03-25,1465.32,111.38938050259098
2025-03-26,1467.25,111.65508875717573
2025-03-27,1463.9,111.51478541017008
2025-03-28,1469.2,111.27437837957207
2025-03-31,1474.44,111.57780900947647
2025-04-01,1471.0,111.3914688986468
2025-04-02,1462.06,110.94372771627033
2025-04-03,1450.55,108.9937500301305
2025-04-04,1457.76,109.5620245575932
2025-04-07,1470.22,110.65439789676357
2025-04-08,1477.97,110.45150215075729
2025-04-09,1472.75,109.44733944426451
2025-04-10,1450.37,108.06910601068766
2025-04-11,1418.79,106.99954659491019
2025-04-14,1422.56,106.60684632564538
2025-04-15,1427.16,107.05301148649455
2025-04-16,1415.24,106.35513957039713
2025-04-17,1416.1,106.37436500365939
2025-04-18,1423.49,106.18597433892319
2025-04-21,1420.52,105.20315518350988
2025-04-22,1425.0,105.43198698951399
2025-04-23,1425.88,106.55323384573586
2025-04-24,1432.97,106.40407069886768
2025-04-25,1440.72,106.41682450966204
2025-04-28,1436.31,106.17529206450615
2025-04-29,1432.01,106.07280474546671
2025-04-30,1425.68,106.38906849453879
2025-05-01,1437.58,107.25070848575646
2025-05-02,1398.89,106.73024900162025
2025-05-05,1375.11,106.78150099707088
2025-05-06,1377.15,106.34646290854508
2025-05-07,1391.86,106.42503543017853
2025-05-08,1403.61,107.40465559384636
2025-05-09,1398.51,107.2362235379924
2025-05-12,1417.77,108.72770069420436
2025-05-13,1418.65,108.14326412893126
2025-05-14,1398.83,107.82795576569225
2025-05-15,1397.65,107.8399849844379
2025-05-16,1401.19,108.23286555748372
2025-05-19,1388.48,107.39630933104249
2025-05-20,1393.36,107.23842688777351
2025-05-21,1371.64,106.40537300566535
2025-05-22,1381.55,106.85609930467595
2025-05-23,1365.03,106.12720329948597
2025-05-27,1375.85,106.52576281191831
2025-05-28,1374.6,106.89595034592182
2025-05-29,1371.75,106.24007281338218
2025-05-30,1381.13,106.3701082335169
2025-06-02,1376.42,105.60798286851535
2025-06-03,1378.45,106.1561185058881
2025-06-04,1364.16,105.64888364650177
2025-06-05,1355.97,105.65660627417823
2025-06-06,1360.28,106.08331364717608
2025-06-09,1354.99,105.8192431732
2025-06-10,1367.55,105.94804566973889
2025-06-11,1368.29,105.45637618893255
2025-06-12,1356.47,104.76388242821086
2025-06-13,1364.93,104.90298300634592
2025-06-16,1357.55,104.75600623431566
2025-06-17,1370.29,105.20907602392883
2025-06-18,1372.11,105.4100476080258
2025-06-20,1372.45,105.63338106153854
2025-06-23,1382.61,105.55519909718781
2025-06-24,1359.0,104.78667778563495
2025-06-25,1362.17,104.80318875435196
2025-06-26,1355.64,103.93821077054676
2025-06-27,1360.72,103.99493354452395
2025-06-30,1353.5,103.64822718020112
2025-07-01,1358.06,103.58429813294944
2025-07-02,1356.9,103.61757593859012
2025-07-03,1364.65,103.850394890019
2025-07-07,1369.6,104.11299413271728
2025-07-08,1372.74,104.43693630546264
2025-07-09,1375.04,104.40238178772825
2025-07-10,1373.37,104.50772684642696
2025-07-11,1375.37,104.60887098894548
2025-07-14,1382.51,104.88640863527864
2025-07-15,1385.39,105.37048523325983
2025-07-16,1390.84,105.22648801984059
2025-07-17,1391.04,105.50825026643408
2025-07-18,1390.29,105.14315661830834
2025-07-21,1381.22,104.58495409255768
2025-07-22,1381.58,104.15406711081285
2025-07-23,1375.38,104.13428387040973
2025-07-24,1371.0,104.16047942082417
2025-07-25,1382.92,104.56721323614333
2025-07-28,1388.21,105.35492573214867
2025-07-29,1390.63,105.90178138367146
2025-07-30,1391.58,106.43556540387326
2025-07-31,1396.19,106.8850986637089
2025-08-01,1388.34,105.82227263899595
2025-08-04,1385.71,105.6376478464771
2025-08-05,1386.64,105.58917369303038
2025-08-06,1384.64,105.10842273288446
2025-08-07,1386.05,105.08093435575795
2025-08-08,1389.7,105.0013657507173
2025-08-11,1392.74,105.40938730053307
2025-08-12,1385.4,104.88787665540768
2025-08-13,1378.9,104.53846875120807
2025-08-14,1390.59,105.05491413112037
2025-08-15,1387.87,104.59630956397204
2025-08-18,1387.34,104.93395985290917
2025-08-19,1392.04,105.03569031106447
2025-08-20,1397.7,105.08307403873988
2025-08-21,1401.88,105.51214966266954
2025-08-22,1381.71,104.57650570298327
2025-08-25,1389.06,104.92204874455312
2025-08-26,1393.52,104.96709668407526
2025-08-27,1394.54,105.27003711491766
2025-08-28,1384.85,104.7406925144158
2025-08-29,1389.76,104.58346827221315
2025-09-02,1394.76,105.08333654270706
2025-09-03,1389.21,104.88047052911503
2025-09-04,1394.8,105.16170980808174
2025-09-05,1385.28,104.21116980652785
2025-09-08,1386.29,104.30829395348508
2025-09-09,1388.16,104.46363488169797
2025-09-10,1386.97,104.50586257586029
2025-09-11,1388.97,104.35039535691675
2025-09-12,1394.06,104.56811749824193
2025-09-15,1385.09,104.06086093042734
2025-09-16,1381.49,103.48868169899932
2025-09-17,1375.5,103.50112589742795
2025-09-18,1388.51,104.1817332727637
2025-09-19,1397.43,104.37596835150515
2025-09-22,1392.4,104.2667346144345
2025-09-23,1394.28,104.11607781585042
2025-09-24,1404.7,104.63232207262685
2025-09-25,1408.67,105.25974673548863
2025-09-26,1410.05,105.0717064023654
2025-09-29,1399.76,104.71776790266465
2025-09-30,1404.63,104.64521111908732
2025-10-01,1402.45,104.605764657654
2025-10-02,1406.72,104.85417087873546
2025-10-03,1406.16,104.4593300927586
2025-10-06,1410.47,104.94259206846877
2025-10-07,1413.12,105.2696305356844
2025-10-08,1424.17,105.86894069144535
2025-10-09,1423.68,106.32598865822861
2025-10-10,1428.39,105.86382512733795
2025-10-14,1429.91,105.93433378002614
2025-10-15,1423.12,105.60574887207162
2025-10-16,1416.07,105.37221914939713
2025-10-17,1421.89,105.26406459980288
2025-10-20,1420.39,105.36536236201492
2025-10-21,1430.58,105.71713816501087
2025-10-22,1429.94,105.73421111155477
2025-10-23,1437.25,105.87516675029728
2025-10-24,1438.35,105.84575241312324
2025-10-27,1432.72,105.7814063194117
2025-10-28,1432.72,105.54389792388895
2025-10-29,1420.83,105.51369239768871
2025-10-30,1430.45,106.47731501794048
2025-10-31,1428.37,106.64568088036555
2025-11-03,1430.65,106.73431457699044
2025-11-04,1440.22,107.06626165959123
2025-11-05,1440.95,107.1730593218905
2025-11-06,1449.28,106.72458888912863
2025-11-07,1461.07,106.39811992387183
2025-11-10,1456.34,106.64739736289064
2025-11-12,1468.6,106.38581482922606
2025-11-13,1465.32,105.92660448155884
2025-11-14,1453.2,106.22293569016439
2025-11-17,1459.71,106.37025687641217
2025-11-18,1461.3,106.52588219898195
2025-11-19,1467.69,107.01618905937474
2025-11-20,1472.65,107.14677085410683
2025-11-21,1470.84,107.22533464352775
2025-11-24,1475.94,107.20550746119717
2025-11-25,1468.02,106.89022888810307
2025-11-26,1468.39,106.54980516692221
2025-11-28,1467.65,106.38912324075406
2025-12-01,1467.79,106.20136946141889
2025-12-02,1469.23,106.46164104978955
2025-12-03,1465.94,105.82478383343425
2025-12-04,1473.22,105.80310126543009
2025-12-05,1472.83,105.95563593087282
2025-12-08,1469.19,106.0588976613344
2025-12-09,1469.48,106.0391511613522
2025-12-10,1470.2,105.88050672220317
2025-12-11,1471.38,105.01089306390462
2025-12-12,1477.72,105.32204998965103
2025-12-15,1468.62,105.10377573692584
2025-12-16,1472.48,104.925251626266
2025-12-17,1475.05,105.18456439140596
2025-12-18,1473.21,105.2469668986391
2025-12-19,1477.26,105.479087787149
2025-12-22,1480.13,105.16140188156187
2025-12-23,1481.45,104.88555160921754
2025-12-24,1443.62,104.75994556492093
2025-12-26,1441.16,104.91495282232749
2025-12-29,1433.88,104.9363411402048
2025-12-30,1439.42,104.92225470725076
2025-12-31,1444.55,105.20770225669321
2026-01-02,1444.45,105.15674455951238
2026-01-05,1444.88,105.20303816092756
2026-01-06,1446.93,105.44779891150735
2026-01-07,1447.45,105.48424767578317
2026-01-08,1452.15,105.78564212579175
2026-01-09,1458.61,106.0347933165185
2026-01-12,1467.08,105.7573046054486
2026-01-13,1475.78,106.03984575767092
2026-01-14,1464.29,105.8693566532929
2026-01-15,1469.39,106.27687380846704
2026-01-16,1474.05,106.28183820275702
2026-01-20,1478.33,105.26969063086791
2026-01-21,1465.95,105.5132274660694
2026-01-22,1464.34,105.24273219039215
2026-01-23,1462.89,104.8317273727749
2026-01-26,1441.49,103.69465575796792
2026-01-27,1437.45,102.91767952082134
2026-01-28,1436.06,103.18258321967004
2026-01-29,1433.84,103.03539833988363
2026-01-30,1444.51,103.57544945778996
2026-02-02,1452.03,104.31706712180801
2026-02-03,1447.7,104.15358807787146
2026-02-04,1459.24,104.42299139392463
2026-02-05,1463.13,104.56990147242048
2026-02-06,1462.75,104.46515311721505
2026-02-09,1458.12,103.7537069398341
2026-02-10,1456.82,103.54225226540647
2026-02-11,1446.96,103.53529459262954
2026-02-12,1439.8,103.65231136668397
2026-02-13,1442.9,103.65172217682583
2026-02-17,1444.43,104.08227930267576
2026-02-18,1445.15,104.2919814283957
2026-02-19,1450.1,104.73779380192582
2026-02-20,1445.97,104.57401341035606
2026-02-23,1442.62,104.3737814574172
2026-02-24,1440.45,104.55340295802976
2026-02-25,1427.12,104.50249020569056
2026-02-26,1433.32,104.6045989595032
2026-02-27,1439.82,104.41563049993141
2026-03-02,1439.8,105.45050399412033
2026-03-03,1485.6,106.02485430554539
2026-03-04,1462.7,105.66880925368217
2026-03-05,1483.36,106.12387574870083
2026-03-06,1482.98,105.82901633912323
2026-03-09,1478.15,105.94323881631492
2026-03-10,1465.29,105.48225713598615
2026-03-11,1474.94,106.18354435450588
2026-03-12,1491.81,106.57942580711378
2026-03-13,1498.88,107.28510380813593
2026-03-16,1493.01,106.89625010255993
2026-03-17,1488.68,106.59901533451857
2026-03-18,1500.19,106.76667344122745
2026-03-19,1495.88,106.6339146628911
2026-03-20,1504.15,106.63256584751032
2026-03-23,1492.07,106.24627257206375
2026-03-24,1496.95,106.35924266998812
2026-03-25,1500.32,106.47221564116994
2026-03-26,1504.57,106.75556456540413
2026-03-27,1509.86,107.04074063686254
2026-03-30,1518.7,107.52277152982471
2026-03-31,1523.5,107.1695574110466
2026-04-01,1511.31,106.30357572886741
2026-04-02,1509.54,106.88618242709178
2026-04-03,1510.17,107.12672747328094
2026-04-06,1507.55,106.93411657128192
2026-04-07,1501.86,106.85353587275998
2026-04-08,1477.1,105.7329454264945
2026-04-09,1472.92,105.6262602941566
2026-04-10,1483.9,105.55826703273189
2026-04-13,1486.94,105.64071880615887
2026-04-14,1471.51,104.96124575677756
2026-04-15,1474.41,104.90100505336217
2026-04-16,1478.19,105.01366968504568
2026-04-17,1461.66,104.74885342647868
2026-04-20,1470.31,104.86498213869615
2026-04-21,1478.52,105.1520384927495
2026-04-22,1480.61,105.41426728500427
2026-04-23,1479.19,105.49564689708872
2026-04-24,1476.47,105.39709883098799
2026-04-27,1473.4,105.23843629042649
2026-04-28,1472.37,105.46747041685954
2026-04-29,1487.69,105.67836093887185
2026-04-30,1477.93,104.99544212395234
2026-05-01,1477.22,104.76576092318892
2026-05-04,1476.01,105.26028450687639
2026-05-05,1478.41,105.20100569763108
2026-05-06,1447.01,104.81657164802505
2026-05-07,1453.85,104.7541955958119
2026-05-08,1461.06,104.73767172087382
2026-05-11,1469.91,104.69774206164135
2026-05-12,1490.32,105.21015397658438
2026-05-13,1490.11,105.34429921938978
2026-05-14,1491.75,105.60533059173841
2026-05-15,1499.61,106.15444804788608
2026-05-18,1494.67,105.93169913542003
2026-05-19,1508.49,106.25280893142775
2026-05-20,1498.77,106.05148282342431
2026-05-21,1508.47,106.33464773231238
2026-05-22,1517.33,106.22050627968265
2026-05-26,1506.75,106.13112774274545
2026-05-27,1498.28,106.09595063505554
2026-05-28,1495.94,105.92577883159304
2026-05-29,1503.96,105.68100816987972
2026-06-01,1511.71,106.14404357369301
2026-06-02,1517.4,106.02042560725194
2026-06-03,1518.03,106.38293894936643
2026-06-04,1531.91,106.21974482439197
2026-06-05,1555.96,106.94528652224902
2026-06-08,1528.23,106.88432051152618
2026-06-09,1529.94,106.81712203246762
2026-06-10,1519.26,106.86474598908231
2026-06-11,1530.97,107.20120634788977
2026-06-12,1518.87,106.68953417078976
2026-06-15,1514.87,106.51245977712674
2026-06-16,1508.12,106.42478518697104
2026-06-17,1514.24,106.61136278265047
2026-06-18,1540.64,107.74807660705135
2026-06-22,1537.86,108.00944100981462
2026-06-23,1532.43,108.41625916863866
2026-06-24,1542.53,108.71843854254905
2026-06-25,1541.44,108.37478177397287
2026-06-26,1533.44,108.26446049469986
2026-06-29,1542.07,108.15774303863853
2026-06-30,1548.78,108.24706159813678
2026-07-01,1550.59,108.39762865574096
2026-07-02,1538.05,107.75436270984737
2026-07-06,1530.98,108.03179584190615
2026-07-07,1514.43,108.01077597498873
2026-07-08,1511.17,108.28523954373242
2026-07-09,1508.76,107.89178701580646
2026-07-10,1501.06,107.76998964901354
2026-07-13,1492.63,108.14338065469984
2026-07-14,1490.26,107.90742791824186
2026-07-15,1488.39,107.71970971034317
2026-07-16,1478.2,107.6994007261502
2026-07-17,1489.44,107.75537982561126
2026-07-20,1478.31,108.0216193638369
2026-07-21,1479.77,108.1615563179618
2026-07-22,1476.63,108.12255687896054
2026-07-23,1474.88,108.53496017012927
2026-07-24,1460.76,108.38684780459039
2026-07-27,1467.54,108.5182906625928
2026-07-28,1453.26,108.3290033550938
2026-07-29,1446.32,108.49391336534443
2026-07-30,1424.05,106.96714812017714
2026-07-31,1436.81,106.97156343822724
2026-08-03,1430.49,106.89087451296942
2026-08-04,1427.48,106.8213860436074
2026-08-05,1424.0,106.66517412265065
2026-08-06,1423.61,106.93130777296659
2026-08-07,1409.94,106.49272983149378
2026-08-10,1417.54,106.63797674968697
2026-08-11,1412.93,106.74442742688217
2026-08-12,1416.3,106.78587019366216
2026-08-13,1418.0,106.87666381472656
2026-08-14,1414.29,106.46994905382792
2026-08-17,1412.8,106.3939049998326
2026-08-18,1411.6,106.54576254675969
2026-08-19,1388.39,105.79016244829911
2026-08-20,1393.35,105.70976471036522
2026-08-21,1385.01,105.67137256868685
2026-08-24,1383.15,105.8818078851905
2026-08-25,1383.63,105.81248044366885
2026-08-26,1386.17,106.06328472364726
2026-08-27,1381.25,105.99987586078147
2026-08-28,1379.41,106.48664905562141
