date,KOSPI_LONG,source
1997-07-01,758.03,spot_old
1997-07-02,777.29,spot_old
1997-07-03,775.2600000000001,spot_old
1997-07-04,781.7000000000002,spot_old
1997-07-07,773.5100000000001,spot_old
1997-07-08,767.7400000000001,spot_old
1997-07-09,771.9900000000001,spot_old
1997-07-10,767.7700000000001,spot_old
1997-07-11,768.3,spot_old
1997-07-14,764.45,spot_old
1997-07-15,755.05,spot_old
1997-07-16,739.72,spot_old
1997-07-18,747.37,spot_old
1997-07-21,740.9300000000001,spot_old
1997-07-22,725.98,spot_old
1997-07-23,730.58,spot_old
1997-07-24,739.04,spot_old
1997-07-25,733.64,spot_old
1997-07-28,733.92,spot_old
1997-07-29,732.6800000000001,spot_old
1997-07-30,726.8900000000001,spot_old
1997-07-31,726.1200000000001,spot_old
1997-08-01,731.4500000000002,spot_old
1997-08-04,734.1900000000002,spot_old
1997-08-05,740.8600000000002,spot_old
1997-08-06,745.6500000000001,spot_old
1997-08-07,745.3500000000001,spot_old
1997-08-08,752.0100000000001,spot_old
1997-08-11,765.0700000000003,spot_old
1997-08-12,762.0200000000001,spot_old
1997-08-13,762.73,spot_old
1997-08-14,755.78,spot_old
1997-08-18,747.29,spot_old
1997-08-19,741.29,spot_old
1997-08-20,746.23,spot_old
1997-08-21,739.47,spot_old
1997-08-22,736.62,spot_old
1997-08-25,741.76,spot_old
1997-08-26,734.03,spot_old
1997-08-27,730.28,spot_old
1997-08-28,716.86,spot_old
1997-08-29,704.27,spot_old
1997-09-01,682.2000000000002,spot_old
1997-09-02,688.7800000000001,spot_old
1997-09-03,688.6300000000001,spot_old
1997-09-04,687.9900000000002,spot_old
1997-09-05,700.9200000000002,spot_old
1997-09-08,697.9800000000002,spot_old
1997-09-09,688.9700000000003,spot_old
1997-09-10,691.6200000000001,spot_old
1997-09-11,695.3700000000001,spot_old
1997-09-12,699.33,spot_old
1997-09-18,701.39,spot_old
1997-09-19,689.16,spot_old
1997-09-22,668.45,spot_old
1997-09-23,654.37,spot_old
1997-09-24,655.75,spot_old
1997-09-25,647.0,spot_old
1997-09-26,638.26,spot_old
1997-09-29,625.07,spot_old
1997-09-30,647.11,spot_old
1997-10-01,644.92,spot_old
1997-10-02,636.65,spot_old
1997-10-06,644.2099999999999,spot_old
1997-10-07,630.0299999999999,spot_old
1997-10-08,610.4399999999999,spot_old
1997-10-09,609.3599999999999,spot_old
1997-10-10,609.84,spot_old
1997-10-13,613.0,spot_old
1997-10-14,620.68,spot_old
1997-10-15,604.74,spot_old
1997-10-16,579.25,spot_old
1997-10-17,585.4899999999999,spot_old
1997-10-20,565.6399999999999,spot_old
1997-10-21,566.8499999999999,spot_old
1997-10-22,601.32,spot_old
1997-10-23,604.06,spot_old
1997-10-24,570.91,spot_old
1997-10-27,530.47,spot_old
1997-10-28,495.2799999999999,spot_old
1997-10-29,506.63999999999993,spot_old
1997-10-30,485.0799999999999,spot_old
1997-10-31,470.78999999999996,spot_old
1997-11-03,511.6599999999999,spot_old
1997-11-04,542.1299999999999,spot_old
1997-11-05,555.7399999999999,spot_old
1997-11-06,553.87,spot_old
1997-11-07,515.63,spot_old
1997-11-10,525.32,spot_old
1997-11-11,522.11,spot_old
1997-11-12,517.49,spot_old
1997-11-13,519.4700000000001,spot_old
1997-11-14,520.01,spot_old
1997-11-17,496.98,spot_old
1997-11-18,494.6600000000001,spot_old
1997-11-19,502.59000000000003,spot_old
1997-11-20,488.4100000000001,spot_old
1997-11-21,506.07000000000005,spot_old
1997-11-24,450.64000000000004,spot_old
1997-11-25,439.59,spot_old
1997-11-26,438.70000000000005,spot_old
1997-11-27,433.10000000000014,spot_old
1997-11-28,411.9100000000002,spot_old
1997-12-01,393.1600000000002,spot_old
1997-12-02,376.8700000000002,spot_old
1997-12-03,379.3100000000001,spot_old
1997-12-04,405.8100000000002,spot_old
1997-12-05,434.1200000000001,spot_old
1997-12-08,414.8300000000001,spot_old
1997-12-09,388.00000000000006,spot_old
1997-12-10,399.8500000000001,spot_old
1997-12-11,377.37000000000006,spot_old
1997-12-12,350.68,spot_old
1997-12-15,385.80000000000007,spot_old
1997-12-16,404.26000000000005,spot_old
1997-12-17,418.49000000000007,spot_old
1997-12-19,397.02000000000004,spot_old
1997-12-22,396.06000000000006,spot_old
1997-12-23,366.36000000000007,spot_old
1997-12-24,351.45,spot_old
1997-12-26,375.15000000000003,spot_old
1998-01-05,396.49000000000007,spot_old
1998-01-06,406.34000000000003,spot_old
1998-01-07,409.42,spot_old
1998-01-08,423.96,spot_old
1998-01-09,413.99999999999994,spot_old
1998-01-12,456.19999999999993,spot_old
1998-01-13,463.73999999999995,spot_old
1998-01-14,475.1299999999999,spot_old
1998-01-15,505.97999999999985,spot_old
1998-01-16,488.09999999999985,spot_old
1998-01-19,528.7699999999998,spot_old
1998-01-20,533.5499999999997,spot_old
1998-01-21,506.6599999999998,spot_old
1998-01-22,483.9899999999997,spot_old
1998-01-23,486.85999999999973,spot_old
1998-01-26,518.6399999999996,spot_old
1998-01-30,558.3299999999997,spot_old
1998-02-02,543.6799999999996,spot_old
1998-02-03,550.2099999999997,spot_old
1998-02-04,547.2799999999996,spot_old
1998-02-05,528.0499999999997,spot_old
1998-02-06,540.4499999999997,spot_old
1998-02-09,554.2399999999997,spot_old
1998-02-10,541.7699999999998,spot_old
1998-02-11,520.1399999999998,spot_old
1998-02-12,512.4899999999997,spot_old
1998-02-13,506.1999999999997,spot_old
1998-02-16,476.97999999999973,spot_old
1998-02-17,471.7299999999997,spot_old
1998-02-18,487.7299999999996,spot_old
1998-02-19,513.4499999999996,spot_old
1998-02-20,522.1299999999995,spot_old
1998-02-23,543.0599999999995,spot_old
1998-02-24,540.8899999999995,spot_old
1998-02-25,516.3799999999995,spot_old
1998-02-26,524.9799999999996,spot_old
1998-02-27,548.4199999999994,spot_old
1998-03-02,574.3499999999996,spot_old
1998-03-03,570.8899999999994,spot_old
1998-03-04,572.7599999999994,spot_old
1998-03-05,535.6799999999995,spot_old
1998-03-06,522.5499999999995,spot_old
1998-03-09,507.7099999999995,spot_old
1998-03-10,525.5599999999995,spot_old
1998-03-11,531.0499999999995,spot_old
1998-03-12,535.8399999999996,spot_old
1998-03-13,536.1599999999995,spot_old
1998-03-16,528.8799999999995,spot_old
1998-03-17,515.5099999999995,spot_old
1998-03-18,518.0799999999996,spot_old
1998-03-19,521.7299999999996,spot_old
1998-03-20,525.9499999999996,spot_old
1998-03-23,511.89999999999947,spot_old
1998-03-24,508.4299999999995,spot_old
1998-03-25,510.1399999999995,spot_old
1998-03-26,501.1299999999995,spot_old
1998-03-27,503.07999999999953,spot_old
1998-03-30,482.32999999999953,spot_old
1998-03-31,481.03999999999957,spot_old
1998-04-01,468.2199999999996,spot_old
1998-04-02,453.65999999999957,spot_old
1998-04-03,434.44999999999953,spot_old
1998-04-06,435.9199999999995,spot_old
1998-04-07,459.57999999999936,spot_old
1998-04-08,455.52999999999935,spot_old
1998-04-09,468.10999999999933,spot_old
1998-04-10,468.2899999999994,spot_old
1998-04-13,494.8899999999993,spot_old
1998-04-14,467.62999999999937,spot_old
1998-04-15,467.8699999999994,spot_old
1998-04-16,454.1499999999993,spot_old
1998-04-17,450.22999999999945,spot_old
1998-04-20,435.7299999999995,spot_old
1998-04-21,439.20999999999947,spot_old
1998-04-22,431.8099999999995,spot_old
1998-04-23,416.5399999999995,spot_old
1998-04-24,414.55999999999943,spot_old
1998-04-27,406.24999999999943,spot_old
1998-04-28,402.3899999999995,spot_old
1998-04-29,417.0499999999994,spot_old
1998-04-30,421.2199999999994,spot_old
1998-05-04,391.79999999999944,spot_old
1998-05-06,376.22999999999945,spot_old
1998-05-07,379.4699999999994,spot_old
1998-05-08,373.0399999999994,spot_old
1998-05-11,361.5799999999994,spot_old
1998-05-12,351.85999999999945,spot_old
1998-05-13,356.5799999999994,spot_old
1998-05-14,362.93999999999943,spot_old
1998-05-15,352.8299999999994,spot_old
1998-05-18,358.99999999999943,spot_old
1998-05-19,362.5299999999994,spot_old
1998-05-20,369.1699999999994,spot_old
1998-05-21,362.29999999999944,spot_old
1998-05-22,353.6699999999995,spot_old
1998-05-25,331.89999999999947,spot_old
1998-05-26,311.9899999999995,spot_old
1998-05-27,313.47999999999956,spot_old
1998-05-28,323.0899999999995,spot_old
1998-05-29,336.62999999999954,spot_old
1998-06-01,336.69999999999953,spot_old
1998-06-02,324.09999999999957,spot_old
1998-06-03,332.45999999999947,spot_old
1998-06-05,341.5299999999995,spot_old
1998-06-08,345.8799999999995,spot_old
1998-06-09,339.2199999999995,spot_old
1998-06-10,324.53999999999957,spot_old
1998-06-11,328.6999999999995,spot_old
1998-06-12,302.0899999999995,spot_old
1998-06-15,288.2099999999995,spot_old
1998-06-16,279.99999999999955,spot_old
1998-06-17,303.80999999999955,spot_old
1998-06-18,325.4899999999995,spot_old
1998-06-19,313.25999999999954,spot_old
1998-06-22,311.2699999999995,spot_old
1998-06-23,303.30999999999955,spot_old
1998-06-24,301.7199999999996,spot_old
1998-06-25,300.5699999999996,spot_old
1998-06-26,298.5399999999996,spot_old
1998-06-29,298.59999999999957,spot_old
1998-06-30,297.87999999999954,spot_old
1998-07-01,315.5599999999995,spot_old
1998-07-02,311.7699999999995,spot_old
1998-07-03,308.5299999999995,spot_old
1998-07-06,309.60999999999956,spot_old
1998-07-07,317.4999999999995,spot_old
1998-07-08,318.7899999999995,spot_old
1998-07-09,319.0199999999994,spot_old
1998-07-10,309.27999999999946,spot_old
1998-07-13,301.3699999999995,spot_old
1998-07-14,306.7299999999995,spot_old
1998-07-15,313.4199999999995,spot_old
1998-07-16,330.3499999999995,spot_old
1998-07-20,365.1799999999994,spot_old
1998-07-21,364.7599999999994,spot_old
1998-07-22,362.0699999999994,spot_old
1998-07-23,341.4599999999994,spot_old
1998-07-24,343.78999999999945,spot_old
1998-07-27,329.7999999999995,spot_old
1998-07-28,335.3299999999995,spot_old
1998-07-29,344.4099999999995,spot_old
1998-07-30,344.9099999999995,spot_old
1998-07-31,343.3299999999995,spot_old
1998-08-03,329.4699999999995,spot_old
1998-08-04,333.1999999999994,spot_old
1998-08-05,322.8299999999995,spot_old
1998-08-06,320.5699999999994,spot_old
1998-08-07,321.7099999999994,spot_old
1998-08-10,311.9499999999995,spot_old
1998-08-11,311.2499999999995,spot_old
1998-08-12,305.3499999999995,spot_old
1998-08-13,303.0099999999995,spot_old
1998-08-14,304.6099999999995,spot_old
1998-08-17,301.6199999999995,spot_old
1998-08-18,291.1499999999995,spot_old
1998-08-19,301.8999999999995,spot_old
1998-08-20,316.5899999999995,spot_old
1998-08-21,316.61999999999955,spot_old
1998-08-24,305.1499999999995,spot_old
1998-08-25,310.22999999999956,spot_old
1998-08-26,317.55999999999955,spot_old
1998-08-27,313.9199999999996,spot_old
1998-08-28,309.3199999999996,spot_old
1998-08-31,310.1599999999996,spot_old
1998-09-01,309.7099999999996,spot_old
1998-09-02,314.3999999999996,spot_old
1998-09-03,314.7799999999996,spot_old
1998-09-04,314.2199999999997,spot_old
1998-09-07,328.21999999999963,spot_old
1998-09-08,326.3399999999996,spot_old
1998-09-09,329.2199999999997,spot_old
1998-09-10,338.94999999999965,spot_old
1998-09-11,320.60999999999973,spot_old
1998-09-14,314.2399999999997,spot_old
1998-09-15,307.2699999999997,spot_old
1998-09-16,313.1699999999997,spot_old
1998-09-17,310.8799999999997,spot_old
1998-09-18,302.2099999999997,spot_old
1998-09-21,297.4499999999997,spot_old
1998-09-22,292.60999999999973,spot_old
1998-09-23,291.9299999999997,spot_old
1998-09-24,310.74999999999966,spot_old
1998-09-25,303.78999999999974,spot_old
1998-09-28,305.72999999999973,spot_old
1998-09-29,312.32999999999964,spot_old
1998-09-30,310.31999999999965,spot_old
1998-10-01,305.63999999999965,spot_old
1998-10-02,308.24999999999966,spot_old
1998-10-07,313.48999999999967,spot_old
1998-10-08,305.21999999999974,spot_old
1998-10-09,327.95999999999964,spot_old
1998-10-12,352.1699999999996,spot_old
1998-10-13,346.07999999999964,spot_old
1998-10-14,346.12999999999965,spot_old
1998-10-15,368.73999999999967,spot_old
1998-10-16,374.0099999999996,spot_old
1998-10-19,373.96999999999963,spot_old
1998-10-20,388.3499999999996,spot_old
1998-10-21,380.7999999999996,spot_old
1998-10-22,382.5199999999996,spot_old
1998-10-23,378.82999999999964,spot_old
1998-10-26,373.31999999999965,spot_old
1998-10-27,360.42999999999967,spot_old
1998-10-28,363.9099999999996,spot_old
1998-10-29,370.2999999999996,spot_old
1998-10-30,384.7499999999996,spot_old
1998-11-02,404.6099999999996,spot_old
1998-11-03,407.6399999999996,spot_old
1998-11-04,413.46999999999963,spot_old
1998-11-05,418.1999999999996,spot_old
1998-11-06,416.29999999999956,spot_old
1998-11-09,424.44999999999953,spot_old
1998-11-10,403.23999999999955,spot_old
1998-11-11,400.69999999999953,spot_old
1998-11-12,403.51999999999947,spot_old
1998-11-13,404.29999999999944,spot_old
1998-11-16,422.20999999999947,spot_old
1998-11-17,424.42999999999944,spot_old
1998-11-18,423.73999999999944,spot_old
1998-11-19,441.05999999999943,spot_old
1998-11-20,452.92999999999944,spot_old
1998-11-23,453.9499999999995,spot_old
1998-11-24,460.7799999999994,spot_old
1998-11-25,461.00999999999937,spot_old
1998-11-26,446.58999999999935,spot_old
1998-11-27,446.9999999999994,spot_old
1998-11-30,451.87999999999937,spot_old
1998-12-01,445.9599999999993,spot_old
1998-12-02,446.34999999999934,spot_old
1998-12-03,448.10999999999933,spot_old
1998-12-04,466.33999999999924,spot_old
1998-12-07,514.5199999999992,spot_old
1998-12-08,509.84999999999917,spot_old
1998-12-09,526.5199999999992,spot_old
1998-12-10,567.6099999999991,spot_old
1998-12-11,555.1699999999992,spot_old
1998-12-14,559.299999999999,spot_old
1998-12-15,579.859999999999,spot_old
1998-12-16,545.9699999999991,spot_old
1998-12-17,528.8899999999991,spot_old
1998-12-18,524.8499999999991,spot_old
1998-12-21,565.269999999999,spot_old
1998-12-22,547.749999999999,spot_old
1998-12-23,553.529999999999,spot_old
1998-12-24,555.359999999999,spot_old
1998-12-28,562.459999999999,spot_old
1999-01-04,587.5699999999989,spot_old
1999-01-05,576.779999999999,spot_old
1999-01-06,612.3599999999989,spot_old
1999-01-07,637.5899999999988,spot_old
1999-01-08,626.3299999999988,spot_old
1999-01-11,640.9499999999989,spot_old
1999-01-12,631.1899999999989,spot_old
1999-01-13,633.0299999999988,spot_old
1999-01-14,604.4199999999989,spot_old
1999-01-15,614.5699999999989,spot_old
1999-01-18,622.5199999999988,spot_old
1999-01-19,618.1199999999989,spot_old
1999-01-20,613.4299999999988,spot_old
1999-01-21,582.0399999999988,spot_old
1999-01-22,550.579999999999,spot_old
1999-01-25,539.759999999999,spot_old
1999-01-26,531.229999999999,spot_old
1999-01-27,565.1999999999989,spot_old
1999-01-28,571.4699999999988,spot_old
1999-01-29,571.4299999999988,spot_old
1999-02-01,581.6699999999987,spot_old
1999-02-02,567.2799999999987,spot_old
1999-02-03,553.3299999999988,spot_old
1999-02-04,550.1499999999987,spot_old
1999-02-05,551.3899999999988,spot_old
1999-02-08,545.3799999999987,spot_old
1999-02-09,523.3799999999989,spot_old
1999-02-10,524.4899999999988,spot_old
1999-02-11,523.9899999999988,spot_old
1999-02-12,551.7699999999987,spot_old
1999-02-18,536.4099999999987,spot_old
1999-02-19,522.1799999999987,spot_old
1999-02-22,508.4899999999988,spot_old
1999-02-23,502.8799999999988,spot_old
1999-02-24,498.4199999999989,spot_old
1999-02-25,499.13999999999885,spot_old
1999-02-26,520.0599999999987,spot_old
1999-03-02,533.9699999999988,spot_old
1999-03-03,534.4899999999988,spot_old
1999-03-04,532.2899999999988,spot_old
1999-03-05,539.1899999999989,spot_old
1999-03-08,571.8399999999988,spot_old
1999-03-09,572.8499999999988,spot_old
1999-03-10,569.2699999999987,spot_old
1999-03-11,582.0699999999988,spot_old
1999-03-12,590.7999999999987,spot_old
1999-03-15,592.0199999999987,spot_old
1999-03-16,601.8299999999987,spot_old
1999-03-17,600.5199999999987,spot_old
1999-03-18,578.9799999999988,spot_old
1999-03-19,604.2199999999988,spot_old
1999-03-22,607.7399999999986,spot_old
1999-03-23,614.3399999999987,spot_old
1999-03-24,611.4799999999987,spot_old
1999-03-25,611.0699999999987,spot_old
1999-03-26,609.7899999999987,spot_old
1999-03-29,601.0699999999988,spot_old
1999-03-30,618.0499999999987,spot_old
1999-03-31,618.9799999999989,spot_old
1999-04-01,636.8899999999988,spot_old
1999-04-02,646.7799999999988,spot_old
1999-04-06,666.7299999999989,spot_old
1999-04-07,673.3599999999989,spot_old
1999-04-08,681.1899999999989,spot_old
1999-04-09,687.4199999999988,spot_old
1999-04-12,689.6399999999988,spot_old
1999-04-13,689.7999999999987,spot_old
1999-04-14,687.4099999999988,spot_old
1999-04-15,722.0099999999987,spot_old
1999-04-16,725.1399999999987,spot_old
1999-04-19,766.5899999999987,spot_old
1999-04-20,770.4299999999987,spot_old
1999-04-21,743.2599999999987,spot_old
1999-04-22,740.3999999999987,spot_old
1999-04-23,750.9899999999989,spot_old
1999-04-26,776.2999999999988,spot_old
1999-04-27,793.979999999999,spot_old
1999-04-28,790.029999999999,spot_old
1999-04-29,752.6099999999991,spot_old
1999-04-30,752.5899999999991,spot_old
1999-05-03,756.5899999999991,spot_old
1999-05-04,771.1699999999989,spot_old
1999-05-06,810.5399999999989,spot_old
1999-05-07,810.6199999999991,spot_old
1999-05-10,814.239999999999,spot_old
1999-05-11,781.409999999999,spot_old
1999-05-12,773.129999999999,spot_old
1999-05-13,742.369999999999,spot_old
1999-05-14,737.829999999999,spot_old
1999-05-17,717.829999999999,spot_old
1999-05-18,729.2899999999989,spot_old
1999-05-19,734.9799999999989,spot_old
1999-05-20,708.599999999999,spot_old
1999-05-21,710.4899999999989,spot_old
1999-05-24,695.5999999999989,spot_old
1999-05-25,698.6899999999988,spot_old
1999-05-26,720.0499999999988,spot_old
1999-05-27,726.6599999999987,spot_old
1999-05-28,732.2399999999989,spot_old
1999-05-31,736.0199999999987,spot_old
1999-06-01,753.7199999999987,spot_old
1999-06-02,774.9999999999986,spot_old
1999-06-03,778.2099999999987,spot_old
1999-06-04,797.4999999999985,spot_old
1999-06-07,842.3199999999985,spot_old
1999-06-08,853.5999999999984,spot_old
1999-06-09,803.4599999999986,spot_old
1999-06-10,856.0599999999982,spot_old
1999-06-11,848.6099999999983,spot_old
1999-06-14,821.9099999999984,spot_old
1999-06-15,803.7199999999984,spot_old
1999-06-16,829.5299999999984,spot_old
1999-06-17,832.2599999999984,spot_old
1999-06-18,837.7299999999985,spot_old
1999-06-21,868.9999999999985,spot_old
1999-06-22,875.9699999999985,spot_old
1999-06-23,888.6299999999985,spot_old
1999-06-24,877.2999999999986,spot_old
1999-06-25,882.0799999999988,spot_old
1999-06-28,903.0499999999986,spot_old
1999-06-29,897.4499999999987,spot_old
1999-06-30,882.9999999999986,spot_old
1999-07-01,919.9799999999987,spot_old
1999-07-02,933.4199999999985,spot_old
1999-07-05,962.8399999999986,spot_old
1999-07-06,989.4299999999985,spot_old
1999-07-07,1005.9799999999985,spot_old
1999-07-08,999.1099999999986,spot_old
1999-07-09,1027.9299999999987,spot_old
1999-07-12,1004.2499999999986,spot_old
1999-07-13,987.4999999999986,spot_old
1999-07-14,953.6699999999986,spot_old
1999-07-15,982.1399999999986,spot_old
1999-07-16,1020.8199999999987,spot_old
1999-07-19,1024.5799999999986,spot_old
1999-07-20,998.4499999999987,spot_old
1999-07-21,965.1099999999986,spot_old
1999-07-22,976.6599999999985,spot_old
1999-07-23,904.9599999999987,spot_old
1999-07-26,872.9399999999986,spot_old
1999-07-27,928.8499999999985,spot_old
1999-07-28,944.4599999999986,spot_old
1999-07-29,998.7099999999984,spot_old
1999-07-30,969.7199999999983,spot_old
1999-08-02,959.8099999999982,spot_old
1999-08-03,973.3299999999983,spot_old
1999-08-04,975.4499999999982,spot_old
1999-08-05,939.0699999999985,spot_old
1999-08-06,938.2599999999984,spot_old
1999-08-09,948.9699999999983,spot_old
1999-08-10,968.6599999999983,spot_old
1999-08-11,944.0799999999983,spot_old
1999-08-12,949.3499999999983,spot_old
1999-08-13,917.4699999999985,spot_old
1999-08-16,907.2799999999985,spot_old
1999-08-17,873.6999999999986,spot_old
1999-08-18,868.9399999999985,spot_old
1999-08-19,871.1799999999984,spot_old
1999-08-20,878.3899999999984,spot_old
1999-08-23,917.5799999999984,spot_old
1999-08-24,932.4099999999984,spot_old
1999-08-25,962.9999999999983,spot_old
1999-08-26,959.8799999999984,spot_old
1999-08-27,960.2799999999983,spot_old
1999-08-30,942.5699999999983,spot_old
1999-08-31,937.8799999999983,spot_old
1999-09-01,905.5199999999984,spot_old
1999-09-02,898.9699999999985,spot_old
1999-09-03,910.6199999999983,spot_old
1999-09-06,943.2199999999984,spot_old
1999-09-07,943.9199999999984,spot_old
1999-09-08,936.9299999999985,spot_old
1999-09-09,950.5299999999983,spot_old
1999-09-10,961.9799999999983,spot_old
1999-09-13,980.9099999999981,spot_old
1999-09-14,968.5399999999981,spot_old
1999-09-15,952.6899999999982,spot_old
1999-09-16,916.1599999999983,spot_old
1999-09-17,925.1999999999983,spot_old
1999-09-20,933.8799999999984,spot_old
1999-09-21,957.4199999999983,spot_old
1999-09-22,941.5699999999983,spot_old
1999-09-27,903.7899999999984,spot_old
1999-09-28,900.7299999999984,spot_old
1999-09-29,868.8799999999984,spot_old
1999-09-30,836.1799999999985,spot_old
1999-10-01,839.3499999999985,spot_old
1999-10-04,818.3699999999985,spot_old
1999-10-05,791.5499999999986,spot_old
1999-10-06,835.3099999999986,spot_old
1999-10-07,851.1499999999986,spot_old
1999-10-08,839.4099999999986,spot_old
1999-10-11,834.3899999999987,spot_old
1999-10-12,856.2499999999987,spot_old
1999-10-13,855.5199999999986,spot_old
1999-10-14,866.0199999999985,spot_old
1999-10-15,862.6299999999985,spot_old
1999-10-18,826.2499999999985,spot_old
1999-10-19,811.4399999999986,spot_old
1999-10-20,830.6899999999987,spot_old
1999-10-21,818.5099999999986,spot_old
1999-10-22,819.5199999999986,spot_old
1999-10-25,798.8399999999988,spot_old
1999-10-26,797.0099999999987,spot_old
1999-10-27,793.4199999999986,spot_old
1999-10-28,820.9499999999987,spot_old
1999-10-29,833.5099999999987,spot_old
1999-11-01,876.5499999999986,spot_old
1999-11-02,890.1799999999986,spot_old
1999-11-03,887.1499999999986,spot_old
1999-11-04,911.8199999999986,spot_old
1999-11-05,913.0899999999987,spot_old
1999-11-08,907.5999999999988,spot_old
1999-11-09,943.4599999999988,spot_old
1999-11-10,938.7599999999986,spot_old
1999-11-11,947.4199999999985,spot_old
1999-11-12,969.2599999999985,spot_old
1999-11-15,974.7299999999984,spot_old
1999-11-16,1007.7199999999983,spot_old
1999-11-17,967.6399999999984,spot_old
1999-11-18,970.1899999999986,spot_old
1999-11-19,993.1099999999985,spot_old
1999-11-22,977.8799999999984,spot_old
1999-11-23,974.0499999999984,spot_old
1999-11-24,969.2899999999984,spot_old
1999-11-25,972.7099999999983,spot_old
1999-11-26,949.1599999999983,spot_old
1999-11-29,964.2599999999983,spot_old
1999-11-30,996.6599999999983,spot_old
1999-12-01,999.1599999999984,spot_old
1999-12-02,967.8999999999985,spot_old
1999-12-03,966.5899999999987,spot_old
1999-12-06,998.1099999999984,spot_old
1999-12-07,999.9199999999985,spot_old
1999-12-08,988.3199999999987,spot_old
1999-12-09,980.5399999999986,spot_old
1999-12-10,1018.1699999999986,spot_old
1999-12-13,1013.6499999999986,spot_old
1999-12-14,1002.6399999999987,spot_old
1999-12-15,963.5799999999988,spot_old
1999-12-16,948.5699999999988,spot_old
1999-12-17,949.2599999999987,spot_old
1999-12-20,967.0499999999986,spot_old
1999-12-21,958.7999999999986,spot_old
1999-12-22,967.8299999999989,spot_old
1999-12-23,974.1599999999987,spot_old
1999-12-24,991.6299999999986,spot_old
1999-12-27,1005.7299999999989,spot_old
1999-12-28,1028.0699999999986,spot_old
2000-01-04,1059.0399999999986,spot_old
2000-01-05,986.3099999999987,spot_old
2000-01-06,960.7899999999988,spot_old
2000-01-07,948.6499999999987,spot_old
2000-01-10,987.2399999999986,spot_old
2000-01-11,981.3299999999987,spot_old
2000-01-12,955.0099999999987,spot_old
2000-01-13,951.0499999999986,spot_old
2000-01-14,948.0299999999986,spot_old
2000-01-17,983.2699999999985,spot_old
2000-01-18,981.5299999999985,spot_old
2000-01-19,938.7799999999985,spot_old
2000-01-20,945.8999999999984,spot_old
2000-01-21,925.1599999999984,spot_old
2000-01-24,926.7699999999985,spot_old
2000-01-25,891.2199999999985,spot_old
2000-01-26,885.5399999999985,spot_old
2000-01-27,909.2299999999985,spot_old
2000-01-28,941.6699999999984,spot_old
2000-01-31,943.8799999999983,spot_old
2000-02-01,928.7499999999983,spot_old
2000-02-02,943.5899999999983,spot_old
2000-02-03,950.2199999999982,spot_old
2000-02-07,973.1299999999981,spot_old
2000-02-08,961.2199999999981,spot_old
2000-02-09,976.049999999998,spot_old
2000-02-10,966.1799999999981,spot_old
2000-02-11,953.2199999999982,spot_old
2000-02-14,910.8699999999983,spot_old
2000-02-15,879.6999999999983,spot_old
2000-02-16,879.4999999999984,spot_old
2000-02-17,897.5199999999984,spot_old
2000-02-18,897.5199999999984,spot_old
2000-02-21,845.3199999999985,spot_old
2000-02-22,850.0199999999984,spot_old
2000-02-23,880.6699999999983,spot_old
2000-02-24,867.3699999999984,spot_old
2000-02-25,864.7599999999983,spot_old
2000-02-28,819.0099999999983,spot_old
2000-02-29,828.3799999999984,spot_old
2000-03-02,894.6599999999984,spot_old
2000-03-03,894.8299999999984,spot_old
2000-03-06,909.3299999999984,spot_old
2000-03-07,907.3399999999984,spot_old
2000-03-08,915.2399999999984,spot_old
2000-03-09,884.5899999999984,spot_old
2000-03-10,891.3599999999984,spot_old
2000-03-13,854.6599999999984,spot_old
2000-03-14,846.7399999999984,spot_old
2000-03-15,837.5299999999985,spot_old
2000-03-16,841.2199999999985,spot_old
2000-03-17,855.5699999999986,spot_old
2000-03-20,850.5099999999986,spot_old
2000-03-21,863.4099999999987,spot_old
2000-03-22,882.4299999999987,spot_old
2000-03-23,867.6199999999988,spot_old
2000-03-24,889.2399999999989,spot_old
2000-03-27,886.7099999999989,spot_old
2000-03-28,891.2899999999988,spot_old
2000-03-29,908.5099999999987,spot_old
2000-03-30,889.9499999999988,spot_old
2000-03-31,860.9399999999988,spot_old
2000-04-03,846.4399999999987,spot_old
2000-04-04,830.1599999999987,spot_old
2000-04-05,830.1599999999987,spot_old
2000-04-06,804.3499999999987,spot_old
2000-04-07,837.3799999999987,spot_old
2000-04-10,870.1699999999986,spot_old
2000-04-11,855.0499999999986,spot_old
2000-04-12,837.0099999999986,spot_old
2000-04-14,800.8899999999987,spot_old
2000-04-17,707.7199999999989,spot_old
2000-04-18,747.2999999999987,spot_old
2000-04-19,755.0799999999987,spot_old
2000-04-20,761.2499999999986,spot_old
2000-04-21,767.1599999999986,spot_old
2000-04-24,747.5799999999987,spot_old
2000-04-25,737.1999999999987,spot_old
2000-04-26,713.2299999999987,spot_old
2000-04-27,692.0699999999988,spot_old
2000-04-28,725.3899999999986,spot_old
2000-05-02,752.5899999999986,spot_old
2000-05-03,752.7599999999985,spot_old
2000-05-04,751.2899999999985,spot_old
2000-05-08,770.2399999999984,spot_old
2000-05-09,760.8499999999985,spot_old
2000-05-10,759.5099999999984,spot_old
2000-05-12,740.2999999999985,spot_old
2000-05-15,728.6699999999986,spot_old
2000-05-16,746.7699999999986,spot_old
2000-05-17,727.1799999999986,spot_old
2000-05-18,712.9499999999987,spot_old
2000-05-19,730.6799999999986,spot_old
2000-05-22,691.6099999999986,spot_old
2000-05-23,679.7599999999987,spot_old
2000-05-24,674.9499999999988,spot_old
2000-05-25,699.5299999999986,spot_old
2000-05-26,656.6599999999986,spot_old
2000-05-29,655.9299999999986,spot_old
2000-05-30,691.2599999999986,spot_old
2000-05-31,731.8799999999984,spot_old
2000-06-01,738.4899999999984,spot_old
2000-06-05,794.2099999999983,spot_old
2000-06-07,822.5399999999981,spot_old
2000-06-08,800.1099999999982,spot_old
2000-06-12,845.8099999999979,spot_old
2000-06-13,804.4499999999981,spot_old
2000-06-14,819.269999999998,spot_old
2000-06-15,770.9499999999983,spot_old
2000-06-16,759.0399999999983,spot_old
2000-06-19,755.3799999999983,spot_old
2000-06-20,785.3199999999982,spot_old
2000-06-21,781.8699999999983,spot_old
2000-06-22,782.2399999999983,spot_old
2000-06-23,778.9399999999985,spot_old
2000-06-26,791.5499999999982,spot_old
2000-06-27,809.8699999999983,spot_old
2000-06-28,818.7299999999983,spot_old
2000-06-29,818.8999999999984,spot_old
2000-06-30,821.2199999999985,spot_old
2000-07-03,835.2099999999986,spot_old
2000-07-04,818.5299999999987,spot_old
2000-07-05,830.3999999999986,spot_old
2000-07-06,837.6299999999986,spot_old
2000-07-07,841.7399999999985,spot_old
2000-07-10,851.4699999999985,spot_old
2000-07-11,836.8599999999985,spot_old
2000-07-12,839.7599999999985,spot_old
2000-07-13,845.7499999999986,spot_old
2000-07-14,827.9499999999988,spot_old
2000-07-18,812.3299999999988,spot_old
2000-07-19,797.2999999999988,spot_old
2000-07-20,778.8999999999988,spot_old
2000-07-21,783.0599999999987,spot_old
2000-07-24,737.8899999999988,spot_old
2000-07-25,737.6399999999988,spot_old
2000-07-26,743.8399999999989,spot_old
2000-07-27,727.6799999999988,spot_old
2000-07-28,692.649999999999,spot_old
2000-07-31,705.9699999999989,spot_old
2000-08-01,727.0999999999989,spot_old
2000-08-02,728.3299999999988,spot_old
2000-08-03,722.0799999999988,spot_old
2000-08-04,709.9999999999987,spot_old
2000-08-07,675.5899999999989,spot_old
2000-08-08,666.0799999999989,spot_old
2000-08-09,710.2299999999988,spot_old
2000-08-10,729.2799999999987,spot_old
2000-08-11,722.2099999999988,spot_old
2000-08-14,733.2499999999987,spot_old
2000-08-16,751.1399999999987,spot_old
2000-08-17,743.4899999999988,spot_old
2000-08-18,728.3199999999988,spot_old
2000-08-21,722.5799999999989,spot_old
2000-08-22,738.6099999999989,spot_old
2000-08-23,719.709999999999,spot_old
2000-08-24,718.8599999999989,spot_old
2000-08-25,729.7999999999987,spot_old
2000-08-30,718.9299999999987,spot_old
2000-08-31,688.6199999999989,spot_old
2000-09-01,692.1899999999989,spot_old
2000-09-04,681.2999999999988,spot_old
2000-09-05,679.2399999999989,spot_old
2000-09-06,676.6899999999989,spot_old
2000-09-07,656.3699999999989,spot_old
2000-09-08,653.6799999999989,spot_old
2000-09-14,650.139999999999,spot_old
2000-09-15,628.1999999999991,spot_old
2000-09-18,577.559999999999,spot_old
2000-09-19,571.169999999999,spot_old
2000-09-20,606.0799999999991,spot_old
2000-09-21,595.9899999999991,spot_old
2000-09-22,553.2499999999992,spot_old
2000-09-25,584.6299999999992,spot_old
2000-09-26,587.5999999999992,spot_old
2000-09-27,599.3099999999991,spot_old
2000-09-28,605.8499999999992,spot_old
2000-09-29,613.2199999999991,spot_old
2000-10-02,589.2199999999992,spot_old
2000-10-04,598.4199999999992,spot_old
2000-10-05,606.789999999999,spot_old
2000-10-06,608.8499999999991,spot_old
2000-10-09,589.179999999999,spot_old
2000-10-10,588.3399999999992,spot_old
2000-10-11,557.1799999999992,spot_old
2000-10-12,534.7099999999994,spot_old
2000-10-13,524.5999999999992,spot_old
2000-10-16,550.0999999999992,spot_old
2000-10-17,512.8499999999993,spot_old
2000-10-18,514.1699999999993,spot_old
2000-10-19,515.0399999999993,spot_old
2000-10-20,545.9699999999992,spot_old
2000-10-23,528.3699999999992,spot_old
2000-10-24,545.0499999999992,spot_old
2000-10-25,542.3299999999992,spot_old
2000-10-26,523.6699999999992,spot_old
2000-10-27,515.3399999999992,spot_old
2000-10-30,504.7299999999993,spot_old
2000-10-31,514.4799999999992,spot_old
2000-11-01,548.7599999999992,spot_old
2000-11-02,558.0999999999992,spot_old
2000-11-03,560.4099999999991,spot_old
2000-11-06,556.6599999999991,spot_old
2000-11-07,553.3499999999991,spot_old
2000-11-08,558.0899999999992,spot_old
2000-11-09,560.6599999999992,spot_old
2000-11-10,565.179999999999,spot_old
2000-11-13,538.9399999999993,spot_old
2000-11-14,552.9899999999992,spot_old
2000-11-15,557.4799999999991,spot_old
2000-11-16,555.039999999999,spot_old
2000-11-17,551.2599999999991,spot_old
2000-11-20,537.3999999999992,spot_old
2000-11-21,531.4499999999991,spot_old
2000-11-22,522.3299999999992,spot_old
2000-11-23,514.3099999999991,spot_old
2000-11-24,530.8399999999991,spot_old
2000-11-27,554.039999999999,spot_old
2000-11-28,536.9399999999991,spot_old
2000-11-29,516.4399999999993,spot_old
2000-11-30,509.2299999999992,spot_old
2000-12-01,514.4599999999992,spot_old
2000-12-04,501.7299999999992,spot_old
2000-12-05,516.9599999999992,spot_old
2000-12-06,517.8899999999992,spot_old
2000-12-07,523.7799999999992,spot_old
2000-12-08,534.809999999999,spot_old
2000-12-11,554.7999999999989,spot_old
2000-12-12,543.0799999999991,spot_old
2000-12-13,557.839999999999,spot_old
2000-12-14,547.379999999999,spot_old
2000-12-15,533.9999999999991,spot_old
2000-12-18,539.2699999999991,spot_old
2000-12-19,530.799999999999,spot_old
2000-12-20,514.2099999999991,spot_old
2000-12-21,511.8999999999991,spot_old
2000-12-22,500.59999999999917,spot_old
2000-12-26,504.6199999999992,spot_old
2001-01-02,520.9499999999992,spot_old
2001-01-03,521.4299999999992,spot_old
2001-01-04,558.0199999999992,spot_old
2001-01-05,580.8499999999992,spot_old
2001-01-08,586.6499999999991,spot_old
2001-01-09,589.919999999999,spot_old
2001-01-10,560.809999999999,spot_old
2001-01-11,561.7899999999992,spot_old
2001-01-12,587.8699999999992,spot_old
2001-01-15,598.9999999999992,spot_old
2001-01-16,603.4199999999992,spot_old
2001-01-17,595.8299999999992,spot_old
2001-01-18,604.0499999999993,spot_old
2001-01-19,619.7799999999992,spot_old
2001-01-22,627.4499999999994,spot_old
2001-01-26,591.7299999999993,spot_old
2001-01-29,596.5399999999992,spot_old
2001-01-30,591.3399999999993,spot_old
2001-01-31,617.9099999999992,spot_old
2001-02-01,612.2999999999993,spot_old
2001-02-02,608.4799999999993,spot_old
2001-02-05,579.1599999999993,spot_old
2001-02-06,586.5799999999994,spot_old
2001-02-07,576.1899999999993,spot_old
2001-02-08,591.5699999999994,spot_old
2001-02-09,595.4699999999993,spot_old
2001-02-12,599.1999999999994,spot_old
2001-02-13,598.7799999999993,spot_old
2001-02-14,603.8299999999994,spot_old
2001-02-15,603.6299999999993,spot_old
2001-02-16,604.9199999999993,spot_old
2001-02-19,596.6699999999993,spot_old
2001-02-20,608.7399999999993,spot_old
2001-02-21,594.5299999999993,spot_old
2001-02-22,583.4099999999993,spot_old
2001-02-23,583.5199999999993,spot_old
2001-02-26,585.3199999999994,spot_old
2001-02-27,577.5699999999994,spot_old
2001-02-28,578.0999999999993,spot_old
2001-03-02,559.4399999999994,spot_old
2001-03-05,565.3799999999993,spot_old
2001-03-06,568.1499999999992,spot_old
2001-03-07,568.6399999999992,spot_old
2001-03-08,579.2799999999992,spot_old
2001-03-09,565.7599999999992,spot_old
2001-03-12,545.0499999999993,spot_old
2001-03-13,527.9699999999992,spot_old
2001-03-14,543.2799999999992,spot_old
2001-03-15,541.8299999999992,spot_old
2001-03-16,538.6699999999992,spot_old
2001-03-19,534.3299999999992,spot_old
2001-03-20,531.5899999999992,spot_old
2001-03-21,532.5899999999992,spot_old
2001-03-22,527.0499999999992,spot_old
2001-03-23,537.9699999999992,spot_old
2001-03-26,545.9799999999992,spot_old
2001-03-27,532.8999999999993,spot_old
2001-03-28,528.7899999999993,spot_old
2001-03-29,523.7999999999993,spot_old
2001-03-30,523.2199999999993,spot_old
2001-04-02,515.1999999999995,spot_old
2001-04-03,503.2599999999994,spot_old
2001-04-04,493.6899999999995,spot_old
2001-04-06,506.2199999999996,spot_old
2001-04-09,497.4599999999995,spot_old
2001-04-10,491.2099999999995,spot_old
2001-04-11,507.52999999999946,spot_old
2001-04-12,514.2099999999995,spot_old
2001-04-13,516.0999999999995,spot_old
2001-04-16,508.34999999999945,spot_old
2001-04-17,513.9699999999995,spot_old
2001-04-18,539.9999999999994,spot_old
2001-04-19,563.3099999999993,spot_old
2001-04-20,556.2899999999994,spot_old
2001-04-23,560.9399999999995,spot_old
2001-04-24,555.6399999999993,spot_old
2001-04-25,566.3399999999995,spot_old
2001-04-26,561.6199999999994,spot_old
2001-04-27,556.6299999999993,spot_old
2001-04-30,577.3599999999993,spot_old
2001-05-02,583.6999999999994,spot_old
2001-05-03,584.3999999999994,spot_old
2001-05-04,585.5999999999993,spot_old
2001-05-07,596.4999999999994,spot_old
2001-05-08,590.9099999999994,spot_old
2001-05-09,578.8399999999995,spot_old
2001-05-10,581.3799999999993,spot_old
2001-05-11,583.0599999999994,spot_old
2001-05-14,584.0799999999995,spot_old
2001-05-15,581.2999999999994,spot_old
2001-05-16,572.3999999999994,spot_old
2001-05-17,596.3899999999994,spot_old
2001-05-18,600.5399999999994,spot_old
2001-05-21,618.9599999999994,spot_old
2001-05-22,617.9899999999992,spot_old
2001-05-23,622.5999999999992,spot_old
2001-05-24,622.2799999999992,spot_old
2001-05-25,624.1099999999991,spot_old
2001-05-28,618.4699999999992,spot_old
2001-05-29,632.049999999999,spot_old
2001-05-30,628.419999999999,spot_old
2001-05-31,612.1599999999991,spot_old
2001-06-01,607.0699999999991,spot_old
2001-06-04,610.9099999999991,spot_old
2001-06-05,597.6599999999992,spot_old
2001-06-06,597.6599999999992,spot_old
2001-06-07,601.1399999999992,spot_old
2001-06-08,621.7799999999992,spot_old
2001-06-11,608.2299999999993,spot_old
2001-06-12,607.1499999999992,spot_old
2001-06-13,614.0499999999992,spot_old
2001-06-14,613.7499999999992,spot_old
2001-06-15,618.9599999999991,spot_old
2001-06-18,608.7799999999992,spot_old
2001-06-19,608.9099999999992,spot_old
2001-06-20,595.7199999999993,spot_old
2001-06-21,595.5299999999993,spot_old
2001-06-22,599.0799999999994,spot_old
2001-06-25,598.0199999999993,spot_old
2001-06-26,588.7099999999994,spot_old
2001-06-27,584.7599999999993,spot_old
2001-06-28,583.2699999999994,spot_old
2001-06-29,595.1299999999994,spot_old
2001-07-02,596.7399999999994,spot_old
2001-07-03,594.3099999999994,spot_old
2001-07-04,597.2499999999994,spot_old
2001-07-05,593.6099999999994,spot_old
2001-07-06,578.5399999999994,spot_old
2001-07-09,559.9999999999994,spot_old
2001-07-10,558.5999999999995,spot_old
2001-07-11,553.6499999999994,spot_old
2001-07-12,559.9499999999996,spot_old
2001-07-13,548.4899999999996,spot_old
2001-07-16,548.9299999999995,spot_old
2001-07-18,540.5299999999995,spot_old
2001-07-19,545.7399999999996,spot_old
2001-07-20,537.7099999999996,spot_old
2001-07-23,524.2099999999996,spot_old
2001-07-24,526.6199999999995,spot_old
2001-07-25,526.0799999999995,spot_old
2001-07-26,529.2199999999996,spot_old
2001-07-27,541.1299999999994,spot_old
2001-07-30,533.5299999999994,spot_old
2001-07-31,541.5499999999995,spot_old
2001-08-01,562.7899999999994,spot_old
2001-08-02,567.4599999999996,spot_old
2001-08-03,568.6899999999996,spot_old
2001-08-06,569.3699999999995,spot_old
2001-08-07,567.4999999999995,spot_old
2001-08-08,565.9399999999996,spot_old
2001-08-09,549.6699999999995,spot_old
2001-08-10,555.3399999999996,spot_old
2001-08-13,561.9999999999995,spot_old
2001-08-14,577.1499999999995,spot_old
2001-08-16,580.9499999999996,spot_old
2001-08-17,580.9899999999994,spot_old
2001-08-20,567.0899999999995,spot_old
2001-08-21,568.6799999999995,spot_old
2001-08-22,574.8699999999995,spot_old
2001-08-23,570.0699999999997,spot_old
2001-08-24,569.3099999999996,spot_old
2001-08-27,578.7399999999997,spot_old
2001-08-28,576.5099999999996,spot_old
2001-08-29,565.6299999999997,spot_old
2001-08-30,564.3599999999997,spot_old
2001-08-31,545.1099999999998,spot_old
2001-09-03,541.8299999999998,spot_old
2001-09-04,558.7899999999997,spot_old
2001-09-05,551.9099999999997,spot_old
2001-09-06,552.5899999999997,spot_old
2001-09-07,555.0799999999998,spot_old
2001-09-10,550.7299999999998,spot_old
2001-09-11,540.5699999999998,spot_old
2001-09-12,475.5999999999998,spot_old
2001-09-13,499.2499999999997,spot_old
2001-09-14,482.28999999999974,spot_old
2001-09-17,468.7599999999997,spot_old
2001-09-18,484.9299999999997,spot_old
2001-09-19,486.7499999999997,spot_old
2001-09-20,480.2699999999997,spot_old
2001-09-21,472.3099999999998,spot_old
2001-09-24,482.18999999999977,spot_old
2001-09-25,472.1299999999997,spot_old
2001-09-26,472.8499999999998,spot_old
2001-09-27,472.3799999999997,spot_old
2001-09-28,479.6799999999997,spot_old
2001-10-04,500.6399999999997,spot_old
2001-10-05,501.9199999999997,spot_old
2001-10-08,496.12999999999965,spot_old
2001-10-09,507.60999999999973,spot_old
2001-10-10,503.45999999999964,spot_old
2001-10-11,517.0499999999996,spot_old
2001-10-12,516.3999999999996,spot_old
2001-10-15,513.9899999999998,spot_old
2001-10-16,521.9099999999997,spot_old
2001-10-17,528.2899999999996,spot_old
2001-10-18,524.2099999999997,spot_old
2001-10-19,528.0399999999996,spot_old
2001-10-23,530.4999999999995,spot_old
2001-10-24,541.4899999999996,spot_old
2001-10-25,542.1899999999996,spot_old
2001-10-26,543.4099999999995,spot_old
2001-10-29,547.8699999999997,spot_old
2001-10-30,533.8699999999997,spot_old
2001-10-31,537.8099999999996,spot_old
2001-11-01,544.0899999999998,spot_old
2001-11-02,550.5699999999998,spot_old
2001-11-05,561.6199999999997,spot_old
2001-11-06,565.4699999999997,spot_old
2001-11-07,562.0299999999996,spot_old
2001-11-08,573.0399999999995,spot_old
2001-11-09,576.7499999999995,spot_old
2001-11-12,584.4799999999996,spot_old
2001-11-13,588.8299999999996,spot_old
2001-11-14,606.6799999999995,spot_old
2001-11-15,606.4399999999996,spot_old
2001-11-16,610.8799999999995,spot_old
2001-11-19,626.4299999999995,spot_old
2001-11-20,616.3299999999997,spot_old
2001-11-21,615.4499999999997,spot_old
2001-11-22,624.5599999999996,spot_old
2001-11-23,645.1799999999996,spot_old
2001-11-26,674.5599999999996,spot_old
2001-11-27,670.0999999999997,spot_old
2001-11-28,632.0199999999996,spot_old
2001-11-29,628.8599999999996,spot_old
2001-11-30,643.8899999999995,spot_old
2001-12-03,650.6599999999994,spot_old
2001-12-04,649.8999999999994,spot_old
2001-12-05,688.3099999999994,spot_old
2001-12-06,686.6099999999996,spot_old
2001-12-07,704.4999999999995,spot_old
2001-12-10,668.7699999999995,spot_old
2001-12-11,670.0799999999995,spot_old
2001-12-12,681.4299999999994,spot_old
2001-12-13,676.5899999999995,spot_old
2001-12-14,665.1999999999995,spot_old
2001-12-17,648.2799999999994,spot_old
2001-12-18,643.7599999999995,spot_old
2001-12-19,647.0499999999995,spot_old
2001-12-20,664.5099999999994,spot_old
2001-12-21,644.7099999999995,spot_old
2001-12-24,646.4899999999994,spot_old
2001-12-26,653.8699999999995,spot_old
2001-12-27,668.5499999999995,spot_old
2001-12-28,693.6999999999995,spot_old
2002-01-02,724.9499999999995,spot_old
2002-01-03,727.6599999999994,spot_old
2002-01-04,747.7199999999995,spot_old
2002-01-07,751.4799999999994,spot_old
2002-01-08,734.7599999999994,spot_old
2002-01-09,751.6099999999994,spot_old
2002-01-10,728.2299999999994,spot_old
2002-01-11,727.3599999999994,spot_old
2002-01-14,744.0299999999993,spot_old
2002-01-15,718.6399999999993,spot_old
2002-01-16,710.9499999999994,spot_old
2002-01-17,713.4999999999992,spot_old
2002-01-18,708.4699999999992,spot_old
2002-01-21,717.3499999999992,spot_old
2002-01-22,724.3599999999993,spot_old
2002-01-23,742.6199999999992,spot_old
2002-01-24,757.7099999999994,spot_old
2002-01-25,774.6799999999993,spot_old
2002-01-28,780.2399999999993,spot_old
2002-01-29,774.0299999999993,spot_old
2002-01-30,749.4499999999994,spot_old
2002-01-31,748.0699999999995,spot_old
2002-02-04,730.2099999999995,spot_old
2002-02-05,739.9099999999994,spot_old
2002-02-06,741.5499999999993,spot_old
2002-02-07,727.7099999999994,spot_old
2002-02-08,739.6599999999993,spot_old
2002-02-14,796.1799999999992,spot_old
2002-02-15,783.5899999999993,spot_old
2002-02-18,790.3699999999993,spot_old
2002-02-19,782.2699999999993,spot_old
2002-02-20,776.8899999999993,spot_old
2002-02-21,787.6199999999993,spot_old
2002-02-22,791.9999999999993,spot_old
2002-02-25,791.4799999999993,spot_old
2002-02-26,801.1399999999993,spot_old
2002-02-27,822.1099999999993,spot_old
2002-02-28,819.9899999999992,spot_old
2002-03-04,834.2099999999992,spot_old
2002-03-05,841.9499999999992,spot_old
2002-03-06,843.0599999999993,spot_old
2002-03-07,829.4399999999993,spot_old
2002-03-08,825.2699999999992,spot_old
2002-03-11,827.0199999999993,spot_old
2002-03-12,846.0299999999992,spot_old
2002-03-13,849.1299999999993,spot_old
2002-03-14,856.8599999999993,spot_old
2002-03-15,860.3599999999994,spot_old
2002-03-18,869.7099999999995,spot_old
2002-03-19,889.9799999999994,spot_old
2002-03-20,887.4799999999994,spot_old
2002-03-21,885.6399999999994,spot_old
2002-03-22,895.9799999999996,spot_old
2002-03-25,879.4099999999996,spot_old
2002-03-26,881.0299999999995,spot_old
2002-03-27,902.4599999999997,spot_old
2002-03-28,892.6699999999997,spot_old
2002-03-29,895.5799999999998,spot_old
2002-04-01,875.8299999999998,spot_old
2002-04-02,905.3399999999998,spot_old
2002-04-03,918.5899999999999,spot_old
2002-04-04,918.01,spot_old
2002-04-08,900.69,spot_old
2002-04-09,888.6700000000001,spot_old
2002-04-10,856.0300000000001,spot_old
2002-04-11,862.8600000000001,spot_old
2002-04-12,875.6900000000002,spot_old
2002-04-15,894.28,spot_old
2002-04-16,901.2900000000001,spot_old
2002-04-17,930.5100000000002,spot_old
2002-04-18,937.6100000000001,spot_old
2002-04-19,923.9400000000002,spot_old
2002-04-22,920.89,spot_old
2002-04-23,925.7000000000002,spot_old
2002-04-24,915.6900000000002,spot_old
2002-04-25,872.5800000000002,spot_old
2002-04-26,869.6500000000001,spot_old
2002-04-29,838.5100000000001,spot_old
2002-04-30,842.3400000000001,spot_old
2002-05-02,859.8600000000001,spot_old
2002-05-03,856.7200000000003,spot_old
2002-05-06,826.8700000000001,spot_old
2002-05-07,826.3400000000001,spot_old
2002-05-08,844.6700000000001,spot_old
2002-05-09,838.67,spot_old
2002-05-10,817.9299999999998,spot_old
2002-05-13,821.8899999999999,spot_old
2002-05-14,837.3699999999999,spot_old
2002-05-15,862.6199999999999,spot_old
2002-05-16,858.0399999999997,spot_old
2002-05-17,875.0299999999997,spot_old
2002-05-20,865.7799999999997,spot_old
2002-05-21,837.5599999999998,spot_old
2002-05-22,863.0599999999998,spot_old
2002-05-23,845.5099999999999,spot_old
2002-05-24,854.5699999999999,spot_old
2002-05-27,840.5699999999999,spot_old
2002-05-28,848.8,spot_old
2002-05-29,835.1900000000002,spot_old
2002-05-30,815.61,spot_old
2002-05-31,796.4,spot_old
2002-06-03,804.9300000000001,spot_old
2002-06-04,806.3300000000002,spot_old
2002-06-05,809.59,spot_old
2002-06-07,795.1600000000001,spot_old
2002-06-10,811.9000000000001,spot_old
2002-06-11,815.3300000000003,spot_old
2002-06-12,823.0600000000002,spot_old
2002-06-14,822.0100000000001,spot_old
2002-06-17,809.1600000000001,spot_old
2002-06-18,809.4000000000002,spot_old
2002-06-19,776.3700000000001,spot_old
2002-06-20,776.8100000000001,spot_old
2002-06-21,778.5300000000001,spot_old
2002-06-24,767.9200000000001,spot_old
2002-06-25,755.9200000000001,spot_old
2002-06-26,701.87,spot_old
2002-06-27,710.43,spot_old
2002-06-28,742.72,spot_old
2002-07-02,746.2300000000001,spot_old
2002-07-03,753.3600000000001,spot_old
2002-07-04,768.7400000000001,spot_old
2002-07-05,787.83,spot_old
2002-07-08,783.3500000000001,spot_old
2002-07-09,801.9900000000002,spot_old
2002-07-10,794.7100000000002,spot_old
2002-07-11,764.8800000000001,spot_old
2002-07-12,792.93,spot_old
2002-07-15,783.5200000000001,spot_old
2002-07-16,771.45,spot_old
2002-07-18,773.85,spot_old
2002-07-19,754.6200000000001,spot_old
2002-07-22,720.9,spot_old
2002-07-23,743.5200000000001,spot_old
2002-07-24,721.41,spot_old
2002-07-25,723.52,spot_old
2002-07-26,697.84,spot_old
2002-07-29,700.3500000000001,spot_old
2002-07-30,724.08,spot_old
2002-07-31,717.9900000000001,spot_old
2002-08-01,707.8,spot_old
2002-08-02,700.68,spot_old
2002-08-05,675.76,spot_old
2002-08-06,673.78,spot_old
2002-08-07,679.3699999999999,spot_old
2002-08-08,684.4899999999999,spot_old
2002-08-09,692.4499999999999,spot_old
2002-08-12,695.3899999999999,spot_old
2002-08-13,708.6299999999999,spot_old
2002-08-14,711.2399999999998,spot_old
2002-08-16,718.2899999999997,spot_old
2002-08-19,717.5799999999998,spot_old
2002-08-20,736.6999999999997,spot_old
2002-08-21,745.1199999999998,spot_old
2002-08-22,745.7499999999997,spot_old
2002-08-23,740.5099999999998,spot_old
2002-08-26,734.7899999999997,spot_old
2002-08-27,724.1699999999997,spot_old
2002-08-28,724.0499999999997,spot_old
2002-08-29,724.9399999999999,spot_old
2002-08-30,736.3999999999999,spot_old
2002-09-02,751.98,spot_old
2002-09-03,740.5899999999999,spot_old
2002-09-04,723.05,spot_old
2002-09-05,720.98,spot_old
2002-09-06,708.73,spot_old
2002-09-09,697.89,spot_old
2002-09-10,713.3,spot_old
2002-09-11,724.71,spot_old
2002-09-12,739.2200000000001,spot_old
2002-09-13,718.17,spot_old
2002-09-16,704.3800000000001,spot_old
2002-09-17,726.8,spot_old
2002-09-18,703.87,spot_old
2002-09-19,704.12,spot_old
2002-09-23,679.43,spot_old
2002-09-24,672.28,spot_old
2002-09-25,657.96,spot_old
2002-09-26,662.41,spot_old
2002-09-27,663.7199999999999,spot_old
2002-09-30,646.4199999999998,spot_old
2002-10-01,652.1299999999999,spot_old
2002-10-02,648.0999999999998,spot_old
2002-10-04,650.9199999999997,spot_old
2002-10-07,627.3999999999997,spot_old
2002-10-08,634.8399999999999,spot_old
2002-10-09,619.9399999999998,spot_old
2002-10-10,584.0399999999997,spot_old
2002-10-11,587.5099999999998,spot_old
2002-10-14,614.2699999999998,spot_old
2002-10-15,629.5699999999998,spot_old
2002-10-16,636.2499999999998,spot_old
2002-10-17,644.6599999999997,spot_old
2002-10-18,670.7899999999997,spot_old
2002-10-21,652.6699999999997,spot_old
2002-10-22,639.2699999999998,spot_old
2002-10-23,657.4299999999997,spot_old
2002-10-24,654.9799999999998,spot_old
2002-10-25,655.8799999999998,spot_old
2002-10-28,678.1399999999996,spot_old
2002-10-29,673.1799999999996,spot_old
2002-10-30,658.0299999999996,spot_old
2002-10-31,658.9199999999997,spot_old
2002-11-01,647.6499999999997,spot_old
2002-11-04,672.6799999999996,spot_old
2002-11-05,664.8999999999996,spot_old
2002-11-06,682.5599999999996,spot_old
2002-11-07,681.2699999999996,spot_old
2002-11-08,674.8499999999997,spot_old
2002-11-11,657.7799999999996,spot_old
2002-11-12,654.4299999999996,spot_old
2002-11-13,653.8499999999997,spot_old
2002-11-14,652.1499999999997,spot_old
2002-11-15,672.9499999999998,spot_old
2002-11-18,667.1299999999998,spot_old
2002-11-19,671.4399999999997,spot_old
2002-11-20,681.9999999999995,spot_old
2002-11-21,690.3799999999995,spot_old
2002-11-22,692.8699999999997,spot_old
2002-11-25,705.8599999999997,spot_old
2002-11-26,702.2699999999996,spot_old
2002-11-27,708.0699999999997,spot_old
2002-11-28,714.5399999999996,spot_old
2002-11-29,724.7999999999996,spot_old
2002-12-02,730.1599999999996,spot_old
2002-12-03,736.5699999999997,spot_old
2002-12-04,714.4999999999995,spot_old
2002-12-05,722.7599999999995,spot_old
2002-12-06,718.0899999999996,spot_old
2002-12-09,709.1099999999996,spot_old
2002-12-10,702.4399999999996,spot_old
2002-12-11,698.6099999999994,spot_old
2002-12-12,715.3799999999994,spot_old
2002-12-13,708.1299999999993,spot_old
2002-12-16,692.4199999999994,spot_old
2002-12-17,704.4899999999993,spot_old
2002-12-18,709.2199999999995,spot_old
2002-12-20,709.4399999999994,spot_old
2002-12-23,691.3799999999994,spot_old
2002-12-24,677.8199999999995,spot_old
2002-12-26,671.8899999999994,spot_old
2002-12-27,656.9199999999994,spot_old
2002-12-30,627.5499999999994,spot_old
2003-01-02,635.1699999999994,spot_old
2003-01-03,661.0999999999995,spot_old
2003-01-06,666.7099999999995,spot_old
2003-01-07,652.1999999999995,spot_old
2003-01-08,651.7199999999995,spot_old
2003-01-09,630.3999999999995,spot_old
2003-01-10,628.3599999999996,spot_old
2003-01-13,648.0599999999995,spot_old
2003-01-14,650.0499999999996,spot_old
2003-01-15,648.2899999999996,spot_old
2003-01-16,648.6899999999997,spot_old
2003-01-17,636.4599999999998,spot_old
2003-01-20,634.4999999999998,spot_old
2003-01-21,632.8599999999998,spot_old
2003-01-22,622.4899999999998,spot_old
2003-01-23,625.1799999999998,spot_old
2003-01-24,609.4299999999998,spot_old
2003-01-27,593.0899999999998,spot_old
2003-01-28,600.5599999999997,spot_old
2003-01-29,583.3499999999998,spot_old
2003-01-30,591.8599999999998,spot_old
2003-02-03,600.4099999999999,spot_old
2003-02-04,603.7799999999997,spot_old
2003-02-05,600.6799999999997,spot_old
2003-02-06,589.4999999999998,spot_old
2003-02-07,577.4799999999999,spot_old
2003-02-10,577.2499999999999,spot_old
2003-02-11,575.9799999999999,spot_old
2003-02-12,583.2899999999997,spot_old
2003-02-13,575.6699999999998,spot_old
2003-02-14,575.2399999999999,spot_old
2003-02-17,601.8699999999999,spot_old
2003-02-18,603.45,spot_old
2003-02-19,600.83,spot_old
2003-02-20,605.51,spot_old
2003-02-21,603.5999999999999,spot_old
2003-02-24,616.2899999999998,spot_old
2003-02-25,592.2499999999999,spot_old
2003-02-26,590.2599999999999,spot_old
2003-02-27,582.4599999999999,spot_old
2003-02-28,575.4299999999998,spot_old
2003-03-03,590.0399999999997,spot_old
2003-03-04,576.5799999999998,spot_old
2003-03-05,560.2599999999998,spot_old
2003-03-06,555.3299999999998,spot_old
2003-03-07,546.0199999999998,spot_old
2003-03-10,544.2399999999998,spot_old
2003-03-11,532.5299999999997,spot_old
2003-03-12,531.8099999999996,spot_old
2003-03-13,531.7799999999996,spot_old
2003-03-14,537.6499999999996,spot_old
2003-03-17,515.2399999999997,spot_old
2003-03-18,537.3099999999997,spot_old
2003-03-19,541.7799999999996,spot_old
2003-03-20,568.4599999999997,spot_old
2003-03-21,575.7699999999996,spot_old
2003-03-24,569.8499999999997,spot_old
2003-03-25,554.9799999999997,spot_old
2003-03-26,554.7899999999996,spot_old
2003-03-27,549.2599999999996,spot_old
2003-03-28,556.3299999999997,spot_old
2003-03-31,535.6999999999997,spot_old
2003-04-01,538.5599999999996,spot_old
2003-04-02,542.9199999999996,spot_old
2003-04-03,545.2399999999997,spot_old
2003-04-04,558.0099999999998,spot_old
2003-04-07,585.8999999999996,spot_old
2003-04-08,587.3199999999996,spot_old
2003-04-09,569.4699999999996,spot_old
2003-04-10,577.7299999999996,spot_old
2003-04-11,582.9699999999997,spot_old
2003-04-14,594.3999999999995,spot_old
2003-04-15,604.9899999999996,spot_old
2003-04-16,621.3399999999996,spot_old
2003-04-17,612.7199999999997,spot_old
2003-04-18,624.7699999999996,spot_old
2003-04-21,620.8299999999997,spot_old
2003-04-22,603.3199999999997,spot_old
2003-04-23,598.0899999999997,spot_old
2003-04-24,588.3499999999997,spot_old
2003-04-25,566.6299999999997,spot_old
2003-04-28,569.0199999999996,spot_old
2003-04-29,597.3599999999997,spot_old
2003-04-30,599.3499999999997,spot_old
2003-05-02,597.4399999999997,spot_old
2003-05-06,604.3299999999996,spot_old
2003-05-07,618.0799999999996,spot_old
2003-05-09,619.1099999999994,spot_old
2003-05-12,631.0399999999994,spot_old
2003-05-13,614.0699999999995,spot_old
2003-05-14,609.9699999999995,spot_old
2003-05-15,619.3499999999995,spot_old
2003-05-16,610.8099999999994,spot_old
2003-05-19,596.3599999999994,spot_old
2003-05-20,602.0799999999994,spot_old
2003-05-21,600.5699999999994,spot_old
2003-05-22,595.3799999999993,spot_old
2003-05-23,611.5099999999993,spot_old
2003-05-26,617.6499999999993,spot_old
2003-05-27,614.2999999999993,spot_old
2003-05-28,628.3599999999993,spot_old
2003-05-29,632.4299999999993,spot_old
2003-05-30,633.4199999999994,spot_old
2003-06-02,648.7099999999994,spot_old
2003-06-03,636.9399999999994,spot_old
2003-06-04,640.2699999999993,spot_old
2003-06-05,642.3799999999993,spot_old
2003-06-09,650.3499999999993,spot_old
2003-06-10,649.7499999999993,spot_old
2003-06-11,651.2899999999993,spot_old
2003-06-12,657.9499999999994,spot_old
2003-06-13,665.2399999999993,spot_old
2003-06-16,657.8199999999994,spot_old
2003-06-17,674.6599999999992,spot_old
2003-06-18,675.7499999999992,spot_old
2003-06-19,690.4899999999992,spot_old
2003-06-20,686.2199999999993,spot_old
2003-06-23,674.5899999999993,spot_old
2003-06-24,664.0099999999993,spot_old
2003-06-25,674.0299999999992,spot_old
2003-06-26,675.7499999999992,spot_old
2003-06-27,677.2799999999993,spot_old
2003-06-30,669.9299999999993,spot_old
2003-07-01,674.7499999999992,spot_old
2003-07-02,685.7999999999992,spot_old
2003-07-03,686.8299999999991,spot_old
2003-07-04,693.2499999999991,spot_old
2003-07-07,704.289999999999,spot_old
2003-07-08,708.3399999999991,spot_old
2003-07-09,705.4999999999991,spot_old
2003-07-10,700.5099999999992,spot_old
2003-07-11,704.1499999999992,spot_old
2003-07-14,720.0999999999992,spot_old
2003-07-15,713.4499999999992,spot_old
2003-07-16,716.4799999999992,spot_old
2003-07-18,699.3499999999992,spot_old
2003-07-21,693.4999999999992,spot_old
2003-07-22,699.6999999999992,spot_old
2003-07-23,695.7399999999992,spot_old
2003-07-24,702.9399999999994,spot_old
2003-07-25,705.0899999999993,spot_old
2003-07-28,717.7999999999992,spot_old
2003-07-29,722.3299999999994,spot_old
2003-07-30,714.1499999999993,spot_old
2003-07-31,713.5199999999993,spot_old
2003-08-01,727.2599999999994,spot_old
2003-08-04,718.5399999999994,spot_old
2003-08-05,721.8399999999993,spot_old
2003-08-06,707.8799999999993,spot_old
2003-08-07,709.8099999999993,spot_old
2003-08-08,704.1399999999994,spot_old
2003-08-11,704.5799999999995,spot_old
2003-08-12,701.2999999999994,spot_old
2003-08-13,713.0799999999995,spot_old
2003-08-14,727.0099999999994,spot_old
2003-08-18,730.0999999999995,spot_old
2003-08-19,740.1299999999994,spot_old
2003-08-20,737.1999999999996,spot_old
2003-08-21,754.3399999999996,spot_old
2003-08-22,754.7199999999996,spot_old
2003-08-25,756.7299999999994,spot_old
2003-08-26,752.9999999999993,spot_old
2003-08-27,758.9799999999994,spot_old
2003-08-28,752.8099999999994,spot_old
2003-08-29,759.4699999999995,spot_old
2003-09-01,764.1099999999993,spot_old
2003-09-02,766.4999999999992,spot_old
2003-09-03,766.3199999999993,spot_old
2003-09-04,764.1499999999992,spot_old
2003-09-05,761.549999999999,spot_old
2003-09-08,760.2499999999992,spot_old
2003-09-09,767.4599999999992,spot_old
2003-09-15,753.6099999999991,spot_old
2003-09-16,763.6299999999991,spot_old
2003-09-17,766.5899999999992,spot_old
2003-09-18,758.179999999999,spot_old
2003-09-19,748.2499999999992,spot_old
2003-09-22,714.8899999999992,spot_old
2003-09-23,718.8399999999992,spot_old
2003-09-24,724.6999999999992,spot_old
2003-09-25,713.5199999999993,spot_old
2003-09-26,697.3999999999993,spot_old
2003-09-29,696.0599999999993,spot_old
2003-09-30,697.5199999999993,spot_old
2003-10-01,704.2899999999993,spot_old
2003-10-02,715.2399999999992,spot_old
2003-10-06,723.1299999999993,spot_old
2003-10-07,727.0899999999993,spot_old
2003-10-08,722.7599999999993,spot_old
2003-10-09,736.1599999999993,spot_old
2003-10-10,757.8899999999992,spot_old
2003-10-13,757.0199999999992,spot_old
2003-10-14,766.5199999999991,spot_old
2003-10-15,764.2299999999992,spot_old
2003-10-16,776.9699999999991,spot_old
2003-10-17,767.7499999999991,spot_old
2003-10-20,776.4399999999991,spot_old
2003-10-21,779.8899999999991,spot_old
2003-10-22,779.2799999999992,spot_old
2003-10-23,754.1399999999992,spot_old
2003-10-24,748.1699999999993,spot_old
2003-10-27,761.6099999999994,spot_old
2003-10-28,775.3599999999993,spot_old
2003-10-29,779.6599999999992,spot_old
2003-10-30,785.9399999999994,spot_old
2003-10-31,782.3599999999992,spot_old
2003-11-03,791.9599999999994,spot_old
2003-11-04,796.0599999999993,spot_old
2003-11-05,805.5099999999993,spot_old
2003-11-06,790.0399999999993,spot_old
2003-11-07,804.0499999999993,spot_old
2003-11-10,796.5599999999994,spot_old
2003-11-11,787.7699999999994,spot_old
2003-11-12,796.3099999999995,spot_old
2003-11-13,813.1099999999996,spot_old
2003-11-14,809.8899999999995,spot_old
2003-11-17,794.4699999999995,spot_old
2003-11-18,800.9699999999996,spot_old
2003-11-19,771.6999999999996,spot_old
2003-11-20,769.4499999999996,spot_old
2003-11-21,770.7799999999994,spot_old
2003-11-24,753.6499999999995,spot_old
2003-11-25,768.1099999999996,spot_old
2003-11-26,782.6499999999993,spot_old
2003-11-27,781.6799999999994,spot_old
2003-11-28,796.1799999999992,spot_old
2003-12-01,807.3899999999993,spot_old
2003-12-02,807.7799999999994,spot_old
2003-12-03,808.3399999999995,spot_old
2003-12-04,805.1299999999994,spot_old
2003-12-05,789.4099999999995,spot_old
2003-12-08,784.7999999999994,spot_old
2003-12-09,787.3499999999993,spot_old
2003-12-10,794.6399999999994,spot_old
2003-12-11,791.1299999999994,spot_old
2003-12-12,806.0799999999995,spot_old
2003-12-15,822.1599999999994,spot_old
2003-12-16,810.7899999999993,spot_old
2003-12-17,800.0899999999993,spot_old
2003-12-18,807.4999999999993,spot_old
2003-12-19,811.1999999999991,spot_old
2003-12-22,804.5399999999992,spot_old
2003-12-23,801.8799999999992,spot_old
2003-12-24,792.5499999999993,spot_old
2003-12-26,788.8499999999993,spot_old
2003-12-29,792.4399999999993,spot_old
2003-12-30,810.7099999999992,spot_old
2004-01-02,821.2599999999992,spot_old
2004-01-05,824.0999999999992,spot_old
2004-01-06,823.4299999999992,spot_old
2004-01-07,827.0699999999993,spot_old
2004-01-08,824.1499999999991,spot_old
2004-01-09,845.2699999999992,spot_old
2004-01-12,850.789999999999,spot_old
2004-01-13,848.429999999999,spot_old
2004-01-14,849.6199999999992,spot_old
2004-01-15,845.6599999999991,spot_old
2004-01-16,847.949999999999,spot_old
2004-01-19,856.7999999999988,spot_old
2004-01-20,861.3699999999988,spot_old
2004-01-26,869.0399999999986,spot_old
2004-01-27,863.0299999999985,spot_old
2004-01-28,859.5899999999986,spot_old
2004-01-29,853.4699999999987,spot_old
2004-01-30,848.4999999999987,spot_old
2004-02-02,854.8899999999986,spot_old
2004-02-03,839.8699999999986,spot_old
2004-02-04,835.4999999999986,spot_old
2004-02-05,840.9199999999986,spot_old
2004-02-06,850.2299999999988,spot_old
2004-02-09,864.7699999999987,spot_old
2004-02-10,866.7999999999987,spot_old
2004-02-11,876.3399999999988,spot_old
2004-02-12,877.9499999999988,spot_old
2004-02-13,882.1799999999986,spot_old
2004-02-16,881.2799999999986,spot_old
2004-02-17,884.7999999999986,spot_old
2004-02-18,877.0999999999987,spot_old
2004-02-19,881.6499999999988,spot_old
2004-02-20,877.4899999999989,spot_old
2004-02-23,877.5199999999988,spot_old
2004-02-24,864.589999999999,spot_old
2004-02-25,866.8699999999991,spot_old
2004-02-26,864.8599999999991,spot_old
2004-02-27,883.419999999999,spot_old
2004-03-02,899.2099999999991,spot_old
2004-03-03,895.8099999999989,spot_old
2004-03-04,907.4299999999989,spot_old
2004-03-05,905.379999999999,spot_old
2004-03-08,900.099999999999,spot_old
2004-03-09,891.579999999999,spot_old
2004-03-10,876.0199999999991,spot_old
2004-03-11,869.929999999999,spot_old
2004-03-12,848.799999999999,spot_old
2004-03-15,852.2599999999991,spot_old
2004-03-16,850.1299999999992,spot_old
2004-03-17,872.3799999999992,spot_old
2004-03-18,872.8199999999991,spot_old
2004-03-19,883.3299999999992,spot_old
2004-03-22,863.6899999999994,spot_old
2004-03-23,866.1699999999993,spot_old
2004-03-24,861.7199999999993,spot_old
2004-03-25,853.3799999999993,spot_old
2004-03-26,863.9499999999994,spot_old
2004-03-29,874.6699999999994,spot_old
2004-03-30,873.4599999999995,spot_old
2004-03-31,880.4999999999995,spot_old
2004-04-01,882.7499999999997,spot_old
2004-04-02,883.6899999999996,spot_old
2004-04-06,906.1899999999997,spot_old
2004-04-07,909.9299999999996,spot_old
2004-04-08,916.8599999999997,spot_old
2004-04-09,905.4399999999996,spot_old
2004-04-12,918.8599999999996,spot_old
2004-04-13,917.6299999999994,spot_old
2004-04-14,916.3099999999994,spot_old
2004-04-16,898.8799999999994,spot_old
2004-04-19,902.0999999999995,spot_old
2004-04-20,918.8999999999995,spot_old
2004-04-21,929.9499999999996,spot_old
2004-04-22,924.0099999999995,spot_old
2004-04-23,936.0599999999995,spot_old
2004-04-26,919.7399999999996,spot_old
2004-04-27,915.4699999999996,spot_old
2004-04-28,901.8299999999996,spot_old
2004-04-29,875.4099999999995,spot_old
2004-04-30,862.8399999999996,spot_old
2004-05-03,866.1099999999997,spot_old
2004-05-04,867.4799999999997,spot_old
2004-05-06,837.6799999999996,spot_old
2004-05-07,838.7399999999998,spot_old
2004-05-10,790.6799999999996,spot_old
2004-05-11,791.0199999999996,spot_old
2004-05-12,817.0899999999997,spot_old
2004-05-13,790.1299999999997,spot_old
2004-05-14,768.4599999999997,spot_old
2004-05-17,728.9799999999997,spot_old
2004-05-18,741.9899999999997,spot_old
2004-05-19,777.9499999999996,spot_old
2004-05-20,767.7899999999994,spot_old
2004-05-21,786.3599999999996,spot_old
2004-05-24,799.6399999999995,spot_old
2004-05-25,784.0599999999995,spot_old
2004-05-27,802.4599999999996,spot_old
2004-05-28,816.5099999999995,spot_old
2004-05-31,803.8399999999996,spot_old
2004-06-01,815.7699999999994,spot_old
2004-06-02,804.3899999999995,spot_old
2004-06-03,770.0599999999995,spot_old
2004-06-04,780.7399999999994,spot_old
2004-06-07,809.4499999999995,spot_old
2004-06-08,809.3099999999994,spot_old
2004-06-09,794.5299999999994,spot_old
2004-06-10,782.2999999999995,spot_old
2004-06-11,751.5299999999995,spot_old
2004-06-14,738.7899999999996,spot_old
2004-06-15,752.0999999999996,spot_old
2004-06-16,752.3399999999995,spot_old
2004-06-17,760.0899999999996,spot_old
2004-06-18,741.7299999999996,spot_old
2004-06-21,749.2999999999995,spot_old
2004-06-22,746.4799999999996,spot_old
2004-06-23,738.9299999999995,spot_old
2004-06-24,763.1299999999995,spot_old
2004-06-25,779.0299999999996,spot_old
2004-06-28,770.9499999999997,spot_old
2004-06-29,778.7199999999997,spot_old
2004-06-30,785.7899999999996,spot_old
2004-07-01,778.0299999999996,spot_old
2004-07-02,755.4199999999995,spot_old
2004-07-05,756.7199999999996,spot_old
2004-07-06,758.4699999999995,spot_old
2004-07-07,761.8799999999994,spot_old
2004-07-08,743.6399999999994,spot_old
2004-07-09,747.4599999999995,spot_old
2004-07-12,746.2699999999995,spot_old
2004-07-13,750.9499999999997,spot_old
2004-07-14,736.5699999999997,spot_old
2004-07-15,732.7399999999997,spot_old
2004-07-16,739.3899999999996,spot_old
2004-07-19,750.3999999999996,spot_old
2004-07-20,736.9999999999997,spot_old
2004-07-21,753.3199999999997,spot_old
2004-07-22,742.6299999999995,spot_old
2004-07-23,737.5099999999996,spot_old
2004-07-26,736.2099999999996,spot_old
2004-07-27,738.5099999999995,spot_old
2004-07-28,744.4199999999996,spot_old
2004-07-29,730.6099999999997,spot_old
2004-07-30,735.3399999999997,spot_old
2004-08-02,719.5899999999997,spot_old
2004-08-03,726.4399999999997,spot_old
2004-08-04,729.4099999999996,spot_old
2004-08-05,743.3499999999997,spot_old
2004-08-06,733.9499999999997,spot_old
2004-08-09,742.1299999999997,spot_old
2004-08-10,748.6199999999997,spot_old
2004-08-11,753.0599999999996,spot_old
2004-08-12,766.6999999999997,spot_old
2004-08-13,776.0199999999994,spot_old
2004-08-16,773.8499999999996,spot_old
2004-08-17,771.0299999999995,spot_old
2004-08-18,773.1899999999996,spot_old
2004-08-19,788.5299999999995,spot_old
2004-08-20,787.6399999999994,spot_old
2004-08-23,787.6499999999994,spot_old
2004-08-24,792.3399999999995,spot_old
2004-08-25,803.9699999999993,spot_old
2004-08-26,810.2099999999994,spot_old
2004-08-27,810.2999999999994,spot_old
2004-08-30,805.1899999999994,spot_old
2004-08-31,803.5699999999995,spot_old
2004-09-01,817.3599999999994,spot_old
2004-09-02,823.8299999999994,spot_old
2004-09-03,820.6899999999993,spot_old
2004-09-06,824.2099999999992,spot_old
2004-09-07,818.799999999999,spot_old
2004-09-08,815.8499999999991,spot_old
2004-09-09,821.879999999999,spot_old
2004-09-10,836.339999999999,spot_old
2004-09-13,851.9099999999988,spot_old
2004-09-14,851.4199999999988,spot_old
2004-09-15,850.6299999999989,spot_old
2004-09-16,855.3799999999989,spot_old
2004-09-17,848.1099999999989,spot_old
2004-09-20,856.8699999999989,spot_old
2004-09-21,857.1499999999987,spot_old
2004-09-22,835.0999999999988,spot_old
2004-09-23,829.6799999999988,spot_old
2004-09-24,832.099999999999,spot_old
2004-09-30,835.0899999999991,spot_old
2004-10-01,846.0099999999991,spot_old
2004-10-04,880.8399999999991,spot_old
2004-10-05,884.839999999999,spot_old
2004-10-06,887.449999999999,spot_old
2004-10-07,885.329999999999,spot_old
2004-10-08,881.3799999999991,spot_old
2004-10-11,881.109999999999,spot_old
2004-10-12,858.0899999999991,spot_old
2004-10-13,856.179999999999,spot_old
2004-10-14,846.629999999999,spot_old
2004-10-15,841.9399999999991,spot_old
2004-10-18,848.269999999999,spot_old
2004-10-19,855.7699999999988,spot_old
2004-10-20,828.609999999999,spot_old
2004-10-21,820.629999999999,spot_old
2004-10-22,828.169999999999,spot_old
2004-10-25,808.1399999999991,spot_old
2004-10-26,813.6999999999991,spot_old
2004-10-27,809.9099999999992,spot_old
2004-10-28,833.539999999999,spot_old
2004-10-29,834.839999999999,spot_old
2004-11-01,835.6599999999992,spot_old
2004-11-02,846.6699999999992,spot_old
2004-11-03,861.0499999999993,spot_old
2004-11-04,851.1999999999992,spot_old
2004-11-05,860.6799999999992,spot_old
2004-11-08,846.1099999999992,spot_old
2004-11-09,844.1499999999992,spot_old
2004-11-10,860.5399999999993,spot_old
2004-11-11,861.2599999999993,spot_old
2004-11-12,876.6699999999992,spot_old
2004-11-15,882.3299999999992,spot_old
2004-11-16,876.6099999999992,spot_old
2004-11-17,885.4199999999992,spot_old
2004-11-18,875.8399999999991,spot_old
2004-11-19,867.0299999999992,spot_old
2004-11-22,849.9899999999992,spot_old
2004-11-23,860.3999999999991,spot_old
2004-11-24,872.5599999999991,spot_old
2004-11-25,872.4899999999991,spot_old
2004-11-26,858.1199999999991,spot_old
2004-11-29,865.3999999999988,spot_old
2004-11-30,878.0599999999989,spot_old
2004-12-01,876.7999999999989,spot_old
2004-12-02,884.0999999999991,spot_old
2004-12-03,882.5499999999992,spot_old
2004-12-06,870.7499999999992,spot_old
2004-12-07,861.0699999999993,spot_old
2004-12-08,871.7399999999991,spot_old
2004-12-09,861.3099999999989,spot_old
2004-12-10,844.849999999999,spot_old
2004-12-13,844.199999999999,spot_old
2004-12-14,849.3999999999988,spot_old
2004-12-15,868.8399999999989,spot_old
2004-12-16,873.699999999999,spot_old
2004-12-17,875.1299999999991,spot_old
2004-12-20,884.309999999999,spot_old
2004-12-21,882.819999999999,spot_old
2004-12-22,883.3799999999989,spot_old
2004-12-23,876.879999999999,spot_old
2004-12-24,879.9199999999989,spot_old
2004-12-27,876.9799999999989,spot_old
2004-12-28,878.4299999999987,spot_old
2004-12-29,884.2699999999987,spot_old
2004-12-30,895.9199999999987,spot_old
2005-01-03,893.7099999999988,spot_old
2005-01-04,886.8999999999986,spot_old
2005-01-05,885.1899999999988,spot_old
2005-01-06,871.2799999999987,spot_old
2005-01-07,870.8399999999987,spot_old
2005-01-10,874.1799999999986,spot_old
2005-01-11,884.2899999999986,spot_old
2005-01-12,880.0299999999985,spot_old
2005-01-13,885.5399999999986,spot_old
2005-01-14,905.0999999999985,spot_old
2005-01-17,923.0799999999986,spot_old
2005-01-18,920.5699999999986,spot_old
2005-01-19,916.2699999999984,spot_old
2005-01-20,909.3699999999984,spot_old
2005-01-21,919.6099999999983,spot_old
2005-01-24,923.1099999999982,spot_old
2005-01-25,915.0999999999981,spot_old
2005-01-26,926.9999999999981,spot_old
2005-01-27,924.8699999999981,spot_old
2005-01-28,921.5899999999982,spot_old
2005-01-31,932.6999999999982,spot_old
2005-02-01,923.6899999999983,spot_old
2005-02-02,921.4399999999983,spot_old
2005-02-03,928.7899999999983,spot_old
2005-02-04,933.5499999999981,spot_old
2005-02-07,949.1899999999982,spot_old
2005-02-11,947.2299999999983,spot_old
2005-02-14,964.789999999998,spot_old
2005-02-15,968.8799999999982,spot_old
2005-02-16,971.559999999998,spot_old
2005-02-17,972.5599999999979,spot_old
2005-02-18,984.0999999999981,spot_old
2005-02-21,988.709999999998,spot_old
2005-02-22,977.7999999999979,spot_old
2005-02-23,968.429999999998,spot_old
2005-02-24,987.0999999999981,spot_old
2005-02-25,996.949999999998,spot_old
2005-02-28,1011.3599999999979,spot_old
2005-03-02,1007.4799999999979,spot_old
2005-03-03,1010.9199999999979,spot_old
2005-03-04,1012.959999999998,spot_old
2005-03-07,1007.4999999999978,spot_old
2005-03-08,1000.2799999999978,spot_old
2005-03-09,1008.7899999999978,spot_old
2005-03-10,998.6599999999977,spot_old
2005-03-11,1022.7899999999976,spot_old
2005-03-14,1019.6899999999977,spot_old
2005-03-15,993.1299999999976,spot_old
2005-03-16,993.1299999999976,spot_old
2005-03-17,980.0499999999977,spot_old
2005-03-18,979.7199999999978,spot_old
2005-03-21,979.2699999999977,spot_old
2005-03-22,980.4099999999977,spot_old
2005-03-23,966.8099999999977,spot_old
2005-03-24,956.3299999999978,spot_old
2005-03-25,965.2999999999977,spot_old
2005-03-28,977.6999999999978,spot_old
2005-03-29,958.9599999999979,spot_old
2005-03-30,955.4499999999979,spot_old
2005-03-31,965.6799999999979,spot_old
2005-04-01,981.8999999999978,spot_old
2005-04-04,982.4999999999978,spot_old
2005-04-06,987.999999999998,spot_old
2005-04-07,988.8999999999979,spot_old
2005-04-08,992.1699999999978,spot_old
2005-04-11,985.939999999998,spot_old
2005-04-12,981.7899999999979,spot_old
2005-04-13,981.3099999999979,spot_old
2005-04-14,953.9199999999979,spot_old
2005-04-15,947.2199999999981,spot_old
2005-04-18,924.9999999999982,spot_old
2005-04-19,932.4499999999983,spot_old
2005-04-20,937.3599999999983,spot_old
2005-04-21,939.1399999999982,spot_old
2005-04-22,940.7899999999981,spot_old
2005-04-25,946.1699999999981,spot_old
2005-04-26,944.4599999999982,spot_old
2005-04-27,930.1599999999983,spot_old
2005-04-28,917.7299999999984,spot_old
2005-04-29,911.2999999999985,spot_old
2005-05-02,918.4199999999984,spot_old
2005-05-03,913.8199999999985,spot_old
2005-05-04,929.3499999999982,spot_old
2005-05-06,940.8499999999981,spot_old
2005-05-09,935.1999999999982,spot_old
2005-05-10,934.2799999999983,spot_old
2005-05-11,923.3799999999982,spot_old
2005-05-12,921.2099999999982,spot_old
2005-05-13,923.1899999999982,spot_old
2005-05-16,929.039999999998,spot_old
2005-05-17,927.159999999998,spot_old
2005-05-18,930.3599999999981,spot_old
2005-05-19,952.0899999999981,spot_old
2005-05-20,952.189999999998,spot_old
2005-05-23,951.0499999999979,spot_old
2005-05-24,951.6099999999981,spot_old
2005-05-25,941.299999999998,spot_old
2005-05-26,943.909999999998,spot_old
2005-05-27,960.909999999998,spot_old
2005-05-30,969.0399999999981,spot_old
2005-05-31,970.2099999999982,spot_old
2005-06-01,969.5099999999981,spot_old
2005-06-02,970.8799999999982,spot_old
2005-06-03,976.0899999999982,spot_old
2005-06-07,970.8799999999982,spot_old
2005-06-08,976.2199999999981,spot_old
2005-06-09,987.5799999999981,spot_old
2005-06-10,990.7899999999981,spot_old
2005-06-13,990.4899999999982,spot_old
2005-06-14,983.7499999999982,spot_old
2005-06-15,1001.9399999999981,spot_old
2005-06-16,1003.139999999998,spot_old
2005-06-17,1003.679999999998,spot_old
2005-06-20,994.6499999999982,spot_old
2005-06-21,989.9899999999982,spot_old
2005-06-22,1002.1499999999983,spot_old
2005-06-23,1010.7999999999982,spot_old
2005-06-24,1002.4299999999982,spot_old
2005-06-27,991.1099999999983,spot_old
2005-06-28,994.7399999999983,spot_old
2005-06-29,999.0799999999982,spot_old
2005-06-30,1008.1599999999981,spot_old
2005-07-01,1018.019999999998,spot_old
2005-07-04,1021.709999999998,spot_old
2005-07-05,1018.8099999999978,spot_old
2005-07-06,1019.009999999998,spot_old
2005-07-07,1026.819999999998,spot_old
2005-07-08,1021.9499999999981,spot_old
2005-07-11,1040.429999999998,spot_old
2005-07-12,1043.8799999999983,spot_old
2005-07-13,1050.159999999998,spot_old
2005-07-14,1061.929999999998,spot_old
2005-07-15,1059.5999999999979,spot_old
2005-07-18,1062.429999999998,spot_old
2005-07-19,1075.479999999998,spot_old
2005-07-20,1074.399999999998,spot_old
2005-07-21,1074.649999999998,spot_old
2005-07-22,1074.2199999999982,spot_old
2005-07-25,1089.6999999999982,spot_old
2005-07-26,1090.599999999998,spot_old
2005-07-27,1093.029999999998,spot_old
2005-07-28,1104.7199999999982,spot_old
2005-07-29,1111.2899999999981,spot_old
2005-08-01,1115.9799999999982,spot_old
2005-08-02,1118.8299999999979,spot_old
2005-08-03,1117.1099999999979,spot_old
2005-08-04,1111.389999999998,spot_old
2005-08-05,1089.3599999999979,spot_old
2005-08-08,1086.639999999998,spot_old
2005-08-09,1099.769999999998,spot_old
2005-08-10,1104.859999999998,spot_old
2005-08-11,1123.7699999999982,spot_old
2005-08-12,1130.2199999999982,spot_old
2005-08-16,1116.9299999999982,spot_old
2005-08-17,1113.2499999999982,spot_old
2005-08-18,1092.7099999999982,spot_old
2005-08-19,1089.8799999999985,spot_old
2005-08-22,1116.6799999999985,spot_old
2005-08-23,1115.8399999999983,spot_old
2005-08-24,1094.2099999999984,spot_old
2005-08-25,1097.2899999999984,spot_old
2005-08-26,1086.5499999999984,spot_old
2005-08-29,1063.1599999999985,spot_old
2005-08-30,1072.6099999999983,spot_old
2005-08-31,1083.3299999999983,spot_old
2005-09-01,1106.3699999999983,spot_old
2005-09-02,1115.829999999998,spot_old
2005-09-05,1114.4999999999982,spot_old
2005-09-06,1122.6499999999983,spot_old
2005-09-07,1142.9899999999984,spot_old
2005-09-08,1145.2599999999984,spot_old
2005-09-09,1152.4999999999982,spot_old
2005-09-12,1158.3599999999983,spot_old
2005-09-13,1158.119999999998,spot_old
2005-09-14,1170.7699999999982,spot_old
2005-09-15,1169.589999999998,spot_old
2005-09-16,1174.1299999999983,spot_old
2005-09-20,1190.9299999999982,spot_old
2005-09-21,1196.6699999999983,spot_old
2005-09-22,1199.969999999998,spot_old
2005-09-23,1175.8799999999983,spot_old
2005-09-26,1206.4099999999983,spot_old
2005-09-27,1209.6299999999983,spot_old
2005-09-28,1228.569999999998,spot_old
2005-09-29,1231.219999999998,spot_old
2005-09-30,1221.009999999998,spot_old
2005-10-04,1242.779999999998,spot_old
2005-10-05,1227.399999999998,spot_old
2005-10-06,1202.4899999999982,spot_old
2005-10-07,1201.0099999999982,spot_old
2005-10-10,1227.1799999999982,spot_old
2005-10-11,1244.2699999999982,spot_old
2005-10-12,1217.0599999999981,spot_old
2005-10-13,1193.4399999999982,spot_old
2005-10-14,1190.1699999999983,spot_old
2005-10-17,1176.359999999998,spot_old
2005-10-18,1186.2199999999982,spot_old
2005-10-19,1153.1299999999985,spot_old
2005-10-20,1162.2299999999984,spot_old
2005-10-21,1183.4799999999984,spot_old
2005-10-24,1184.5999999999983,spot_old
2005-10-25,1181.2799999999984,spot_old
2005-10-26,1178.9999999999986,spot_old
2005-10-27,1166.3599999999985,spot_old
2005-10-28,1140.7199999999987,spot_old
2005-10-31,1158.1099999999985,spot_old
2005-11-01,1188.9499999999985,spot_old
2005-11-02,1208.3799999999985,spot_old
2005-11-03,1217.9699999999984,spot_old
2005-11-04,1221.9799999999984,spot_old
2005-11-07,1218.4699999999984,spot_old
2005-11-08,1226.7099999999982,spot_old
2005-11-09,1227.589999999998,spot_old
2005-11-10,1234.429999999998,spot_old
2005-11-11,1256.1199999999978,spot_old
2005-11-14,1257.629999999998,spot_old
2005-11-15,1253.8599999999979,spot_old
2005-11-16,1267.159999999998,spot_old
2005-11-17,1269.3499999999979,spot_old
2005-11-18,1272.249999999998,spot_old
2005-11-21,1268.799999999998,spot_old
2005-11-22,1244.4999999999982,spot_old
2005-11-23,1282.019999999998,spot_old
2005-11-24,1291.7099999999978,spot_old
2005-11-25,1293.2199999999978,spot_old
2005-11-28,1293.7399999999977,spot_old
2005-11-29,1279.3799999999978,spot_old
2005-11-30,1297.439999999998,spot_old
2005-12-01,1305.979999999998,spot_old
2005-12-02,1310.1199999999978,spot_old
2005-12-05,1315.149999999998,spot_old
2005-12-06,1321.059999999998,spot_old
2005-12-07,1324.749999999998,spot_old
2005-12-08,1324.199999999998,spot_old
2005-12-09,1317.419999999998,spot_old
2005-12-12,1333.2299999999977,spot_old
2005-12-13,1336.4799999999977,spot_old
2005-12-14,1334.2699999999977,spot_old
2005-12-15,1337.6799999999978,spot_old
2005-12-16,1321.0399999999977,spot_old
2005-12-19,1339.3999999999978,spot_old
2005-12-20,1340.9999999999977,spot_old
2005-12-21,1354.1599999999978,spot_old
2005-12-22,1350.8699999999976,spot_old
2005-12-23,1359.5299999999977,spot_old
2005-12-26,1367.569999999998,spot_old
2005-12-27,1373.549999999998,spot_old
2005-12-28,1368.159999999998,spot_old
2005-12-29,1379.3699999999978,spot_old
2006-01-02,1389.269999999998,spot_old
2006-01-03,1394.8699999999978,spot_old
2006-01-04,1402.1099999999979,spot_old
2006-01-05,1395.509999999998,spot_old
2006-01-06,1412.7799999999982,spot_old
2006-01-09,1408.3299999999979,spot_old
2006-01-10,1396.289999999998,spot_old
2006-01-11,1394.0899999999979,spot_old
2006-01-12,1402.5799999999979,spot_old
2006-01-13,1416.2799999999982,spot_old
2006-01-16,1421.789999999998,spot_old
2006-01-17,1389.5799999999979,spot_old
2006-01-18,1352.9099999999983,spot_old
2006-01-19,1360.6399999999983,spot_old
2006-01-20,1324.7799999999982,spot_old
2006-01-23,1297.4299999999985,spot_old
2006-01-24,1326.829999999998,spot_old
2006-01-25,1342.5899999999983,spot_old
2006-01-26,1352.7499999999984,spot_old
2006-01-27,1384.5599999999984,spot_old
2006-01-31,1399.829999999998,spot_old
2006-02-01,1375.9699999999982,spot_old
2006-02-02,1374.4399999999982,spot_old
2006-02-03,1333.4999999999982,spot_old
2006-02-06,1341.6399999999983,spot_old
2006-02-07,1332.2799999999982,spot_old
2006-02-08,1310.9899999999982,spot_old
2006-02-09,1321.6599999999985,spot_old
2006-02-10,1335.2299999999982,spot_old
2006-02-13,1320.7899999999981,spot_old
2006-02-14,1328.2099999999982,spot_old
2006-02-15,1303.839999999998,spot_old
2006-02-16,1314.319999999998,spot_old
2006-02-17,1332.729999999998,spot_old
2006-02-20,1348.249999999998,spot_old
2006-02-21,1346.489999999998,spot_old
2006-02-22,1340.5799999999979,spot_old
2006-02-23,1361.229999999998,spot_old
2006-02-24,1365.8199999999977,spot_old
2006-02-27,1374.8799999999978,spot_old
2006-02-28,1371.5899999999976,spot_old
2006-03-02,1367.699999999998,spot_old
2006-03-03,1328.949999999998,spot_old
2006-03-06,1344.759999999998,spot_old
2006-03-07,1316.669999999998,spot_old
2006-03-08,1314.049999999998,spot_old
2006-03-09,1311.2099999999978,spot_old
2006-03-10,1320.069999999998,spot_old
2006-03-13,1338.279999999998,spot_old
2006-03-14,1326.299999999998,spot_old
2006-03-15,1333.979999999998,spot_old
2006-03-16,1335.9799999999977,spot_old
2006-03-17,1341.1199999999976,spot_old
2006-03-20,1346.689999999998,spot_old
2006-03-21,1336.649999999998,spot_old
2006-03-22,1309.8299999999979,spot_old
2006-03-23,1312.259999999998,spot_old
2006-03-24,1321.229999999998,spot_old
2006-03-27,1330.339999999998,spot_old
2006-03-28,1331.3099999999981,spot_old
2006-03-29,1332.7199999999982,spot_old
2006-03-30,1338.1399999999983,spot_old
2006-03-31,1359.599999999998,spot_old
2006-04-03,1379.7499999999982,spot_old
2006-04-04,1385.6399999999983,spot_old
2006-04-05,1388.7699999999982,spot_old
2006-04-06,1396.9999999999982,spot_old
2006-04-07,1402.359999999998,spot_old
2006-04-10,1398.2899999999981,spot_old
2006-04-11,1386.079999999998,spot_old
2006-04-12,1383.589999999998,spot_old
2006-04-13,1405.7199999999982,spot_old
2006-04-14,1432.719999999998,spot_old
2006-04-17,1422.629999999998,spot_old
2006-04-18,1426.999999999998,spot_old
2006-04-19,1437.8399999999976,spot_old
2006-04-20,1434.1499999999978,spot_old
2006-04-21,1451.3099999999977,spot_old
2006-04-24,1430.9399999999978,spot_old
2006-04-25,1431.149999999998,spot_old
2006-04-26,1451.219999999998,spot_old
2006-04-27,1452.529999999998,spot_old
2006-04-28,1419.729999999998,spot_old
2006-05-02,1434.899999999998,spot_old
2006-05-03,1435.1699999999978,spot_old
2006-05-04,1441.0199999999977,spot_old
2006-05-08,1452.2299999999975,spot_old
2006-05-09,1450.4399999999976,spot_old
2006-05-10,1451.0899999999972,spot_old
2006-05-11,1464.6999999999973,spot_old
2006-05-12,1445.1999999999975,spot_old
2006-05-15,1413.9799999999973,spot_old
2006-05-16,1382.1099999999974,spot_old
2006-05-17,1401.4699999999973,spot_old
2006-05-18,1365.1499999999974,spot_old
2006-05-19,1372.2899999999972,spot_old
2006-05-22,1338.5899999999972,spot_old
2006-05-23,1329.8599999999972,spot_old
2006-05-24,1333.3799999999974,spot_old
2006-05-25,1295.7599999999973,spot_old
2006-05-26,1322.4299999999973,spot_old
2006-05-29,1329.2199999999973,spot_old
2006-05-30,1317.6999999999973,spot_old
2006-06-01,1295.0899999999974,spot_old
2006-06-02,1309.0399999999975,spot_old
2006-06-05,1301.6199999999974,spot_old
2006-06-07,1266.8399999999974,spot_old
2006-06-08,1223.1299999999976,spot_old
2006-06-09,1235.6499999999976,spot_old
2006-06-12,1239.8399999999974,spot_old
2006-06-13,1203.8599999999976,spot_old
2006-06-14,1221.7299999999975,spot_old
2006-06-15,1219.3999999999976,spot_old
2006-06-16,1262.1899999999973,spot_old
2006-06-19,1251.6699999999973,spot_old
2006-06-20,1225.8299999999974,spot_old
2006-06-21,1227.1899999999973,spot_old
2006-06-22,1238.8299999999972,spot_old
2006-06-23,1228.6199999999972,spot_old
2006-06-26,1238.0499999999972,spot_old
2006-06-27,1247.539999999997,spot_old
2006-06-28,1238.7099999999973,spot_old
2006-06-29,1263.0199999999973,spot_old
2006-06-30,1295.1499999999974,spot_old
2006-07-03,1294.6099999999972,spot_old
2006-07-04,1285.9199999999973,spot_old
2006-07-05,1279.8499999999972,spot_old
2006-07-06,1263.9599999999975,spot_old
2006-07-07,1273.9299999999976,spot_old
2006-07-10,1299.2899999999975,spot_old
2006-07-11,1300.4399999999973,spot_old
2006-07-12,1296.6899999999973,spot_old
2006-07-13,1285.0199999999973,spot_old
2006-07-14,1255.1299999999974,spot_old
2006-07-18,1233.4199999999973,spot_old
2006-07-19,1233.6499999999976,spot_old
2006-07-20,1273.2999999999975,spot_old
2006-07-21,1271.3299999999974,spot_old
2006-07-24,1263.3499999999974,spot_old
2006-07-25,1279.7699999999977,spot_old
2006-07-26,1279.0799999999974,spot_old
2006-07-27,1296.2699999999977,spot_old
2006-07-28,1297.0699999999974,spot_old
2006-07-31,1297.8199999999974,spot_old
2006-08-01,1287.3599999999974,spot_old
2006-08-02,1295.1099999999974,spot_old
2006-08-03,1292.0499999999975,spot_old
2006-08-04,1304.5099999999975,spot_old
2006-08-07,1289.5399999999975,spot_old
2006-08-08,1311.0999999999974,spot_old
2006-08-09,1314.9299999999976,spot_old
2006-08-10,1304.3099999999974,spot_old
2006-08-11,1292.0999999999976,spot_old
2006-08-14,1295.1099999999976,spot_old
2006-08-16,1315.6099999999974,spot_old
2006-08-17,1327.7799999999975,spot_old
2006-08-18,1331.0999999999974,spot_old
2006-08-21,1321.6699999999976,spot_old
2006-08-22,1334.9599999999978,spot_old
2006-08-23,1324.9499999999975,spot_old
2006-08-24,1315.7299999999975,spot_old
2006-08-25,1329.3499999999974,spot_old
2006-08-28,1327.8899999999976,spot_old
2006-08-29,1344.6099999999976,spot_old
2006-08-30,1341.3499999999974,spot_old
2006-08-31,1352.7399999999973,spot_old
2006-09-01,1356.6699999999976,spot_old
2006-09-04,1359.0599999999972,spot_old
2006-09-05,1361.2399999999973,spot_old
2006-09-06,1357.0099999999973,spot_old
2006-09-07,1351.1699999999973,spot_old
2006-09-08,1354.8899999999971,spot_old
2006-09-11,1334.079999999997,spot_old
2006-09-12,1328.039999999997,spot_old
2006-09-13,1333.1299999999974,spot_old
2006-09-14,1358.749999999997,spot_old
2006-09-15,1361.0999999999972,spot_old
2006-09-18,1374.2999999999972,spot_old
2006-09-19,1373.949999999997,spot_old
2006-09-20,1366.439999999997,spot_old
2006-09-21,1366.7899999999972,spot_old
2006-09-22,1348.3799999999974,spot_old
2006-09-25,1355.2099999999973,spot_old
2006-09-26,1343.9699999999973,spot_old
2006-09-27,1360.0299999999972,spot_old
2006-09-28,1371.4299999999976,spot_old
2006-09-29,1371.4099999999976,spot_old
2006-10-02,1374.2199999999973,spot_old
2006-10-04,1351.9999999999975,spot_old
2006-10-09,1319.3999999999976,spot_old
2006-10-10,1328.3699999999974,spot_old
2006-10-11,1325.4899999999975,spot_old
2006-10-12,1331.7799999999975,spot_old
2006-10-13,1348.5999999999974,spot_old
2006-10-16,1356.7199999999975,spot_old
2006-10-17,1351.2999999999975,spot_old
2006-10-18,1354.2599999999973,spot_old
2006-10-19,1354.0599999999972,spot_old
2006-10-20,1364.2399999999975,spot_old
2006-10-23,1364.9499999999973,spot_old
2006-10-24,1366.4999999999973,spot_old
2006-10-25,1371.4299999999976,spot_old
2006-10-26,1373.6499999999976,spot_old
2006-10-27,1369.0899999999972,spot_old
2006-10-30,1356.1099999999972,spot_old
2006-10-31,1364.5499999999972,spot_old
2006-11-01,1374.3499999999972,spot_old
2006-11-02,1383.729999999997,spot_old
2006-11-03,1383.8799999999972,spot_old
2006-11-06,1379.189999999997,spot_old
2006-11-07,1387.439999999997,spot_old
2006-11-08,1380.069999999997,spot_old
2006-11-09,1399.439999999997,spot_old
2006-11-10,1395.7299999999968,spot_old
2006-11-13,1396.6899999999969,spot_old
2006-11-14,1407.3699999999967,spot_old
2006-11-15,1412.5399999999968,spot_old
2006-11-16,1410.749999999997,spot_old
2006-11-17,1412.219999999997,spot_old
2006-11-20,1402.2099999999973,spot_old
2006-11-21,1405.8999999999971,spot_old
2006-11-22,1422.5399999999968,spot_old
2006-11-23,1419.2299999999966,spot_old
2006-11-24,1421.7299999999966,spot_old
2006-11-27,1425.1299999999965,spot_old
2006-11-28,1411.4699999999966,spot_old
2006-11-29,1422.5499999999963,spot_old
2006-11-30,1432.2099999999966,spot_old
2006-12-01,1434.3599999999963,spot_old
2006-12-04,1426.4599999999964,spot_old
2006-12-05,1420.5899999999963,spot_old
2006-12-06,1413.7299999999962,spot_old
2006-12-07,1410.299999999996,spot_old
2006-12-08,1390.4299999999962,spot_old
2006-12-11,1390.7299999999962,spot_old
2006-12-12,1376.9799999999962,spot_old
2006-12-13,1383.279999999996,spot_old
2006-12-14,1418.3799999999962,spot_old
2006-12-15,1421.869999999996,spot_old
2006-12-18,1433.2299999999962,spot_old
2006-12-19,1427.7599999999961,spot_old
2006-12-20,1442.279999999996,spot_old
2006-12-21,1436.4699999999962,spot_old
2006-12-22,1437.4899999999961,spot_old
2006-12-26,1433.9199999999962,spot_old
2006-12-27,1425.099999999996,spot_old
2006-12-28,1434.459999999996,spot_old
2007-01-02,1435.259999999996,spot_old
2007-01-03,1409.3499999999958,spot_old
2007-01-04,1397.289999999996,spot_old
2007-01-05,1385.7599999999961,spot_old
2007-01-08,1370.809999999996,spot_old
2007-01-09,1374.339999999996,spot_old
2007-01-10,1355.789999999996,spot_old
2007-01-11,1365.3099999999963,spot_old
2007-01-12,1388.3699999999963,spot_old
2007-01-15,1390.9599999999966,spot_old
2007-01-16,1389.7099999999964,spot_old
2007-01-17,1379.4799999999966,spot_old
2007-01-18,1383.2099999999966,spot_old
2007-01-19,1360.5599999999965,spot_old
2007-01-22,1363.409999999997,spot_old
2007-01-23,1363.0899999999967,spot_old
2007-01-24,1383.0599999999965,spot_old
2007-01-25,1382.3599999999965,spot_old
2007-01-26,1371.3299999999967,spot_old
2007-01-29,1363.0999999999967,spot_old
2007-01-30,1370.7199999999966,spot_old
2007-01-31,1360.2299999999966,spot_old
2007-02-01,1382.8999999999967,spot_old
2007-02-02,1413.1399999999967,spot_old
2007-02-05,1417.9499999999964,spot_old
2007-02-06,1428.5799999999965,spot_old
2007-02-07,1426.2899999999963,spot_old
2007-02-08,1423.5799999999963,spot_old
2007-02-09,1427.6799999999964,spot_old
2007-02-12,1414.2899999999963,spot_old
2007-02-13,1418.4399999999964,spot_old
2007-02-14,1436.0999999999963,spot_old
2007-02-15,1443.6299999999965,spot_old
2007-02-16,1448.8099999999963,spot_old
2007-02-20,1452.9599999999962,spot_old
2007-02-21,1451.3799999999962,spot_old
2007-02-22,1465.4099999999962,spot_old
2007-02-23,1469.8799999999962,spot_old
2007-02-26,1470.0299999999963,spot_old
2007-02-27,1454.5999999999963,spot_old
2007-02-28,1417.3399999999963,spot_old
2007-03-02,1414.4699999999964,spot_old
2007-03-05,1376.1499999999967,spot_old
2007-03-06,1402.9299999999967,spot_old
2007-03-07,1410.9499999999966,spot_old
2007-03-08,1423.8899999999967,spot_old
2007-03-09,1423.5799999999965,spot_old
2007-03-12,1441.3299999999965,spot_old
2007-03-13,1436.0499999999968,spot_old
2007-03-14,1407.3699999999967,spot_old
2007-03-15,1426.9299999999967,spot_old
2007-03-16,1427.879999999997,spot_old
2007-03-19,1443.389999999997,spot_old
2007-03-20,1444.169999999997,spot_old
2007-03-21,1442.8499999999967,spot_old
2007-03-22,1448.529999999997,spot_old
2007-03-23,1447.3799999999972,spot_old
2007-03-26,1449.769999999997,spot_old
2007-03-27,1453.2299999999973,spot_old
2007-03-28,1439.739999999997,spot_old
2007-03-29,1450.9499999999973,spot_old
2007-03-30,1452.549999999997,spot_old
2007-04-02,1459.529999999997,spot_old
2007-04-03,1463.7499999999968,spot_old
2007-04-04,1483.409999999997,spot_old
2007-04-05,1482.039999999997,spot_old
2007-04-06,1484.149999999997,spot_old
2007-04-09,1501.0599999999968,spot_old
2007-04-10,1499.159999999997,spot_old
2007-04-11,1513.419999999997,spot_old
2007-04-12,1525.6099999999965,spot_old
2007-04-13,1520.7799999999966,spot_old
2007-04-16,1532.0399999999968,spot_old
2007-04-17,1528.659999999997,spot_old
2007-04-18,1534.5799999999965,spot_old
2007-04-19,1513.6599999999967,spot_old
2007-04-20,1533.0799999999967,spot_old
2007-04-23,1544.3499999999967,spot_old
2007-04-24,1556.7099999999969,spot_old
2007-04-25,1545.5499999999965,spot_old
2007-04-26,1553.1299999999967,spot_old
2007-04-27,1542.5199999999966,spot_old
2007-04-30,1542.2399999999966,spot_old
2007-05-02,1553.2999999999965,spot_old
2007-05-03,1559.8599999999963,spot_old
2007-05-04,1567.7399999999961,spot_old
2007-05-07,1584.4599999999962,spot_old
2007-05-08,1582.6499999999962,spot_old
2007-05-09,1593.419999999996,spot_old
2007-05-10,1599.6799999999957,spot_old
2007-05-11,1603.5599999999959,spot_old
2007-05-14,1605.769999999996,spot_old
2007-05-15,1589.3699999999958,spot_old
2007-05-16,1600.5999999999958,spot_old
2007-05-17,1615.5799999999956,spot_old
2007-05-18,1612.2499999999957,spot_old
2007-05-21,1628.1999999999957,spot_old
2007-05-22,1642.8799999999956,spot_old
2007-05-23,1646.5899999999951,spot_old
2007-05-25,1644.5599999999952,spot_old
2007-05-28,1657.909999999995,spot_old
2007-05-29,1661.7999999999947,spot_old
2007-05-30,1662.7199999999948,spot_old
2007-05-31,1700.9099999999949,spot_old
2007-06-01,1716.2399999999948,spot_old
2007-06-04,1737.5899999999947,spot_old
2007-06-05,1742.189999999995,spot_old
2007-06-07,1753.0399999999947,spot_old
2007-06-08,1727.279999999995,spot_old
2007-06-11,1716.559999999995,spot_old
2007-06-12,1729.879999999995,spot_old
2007-06-13,1721.989999999995,spot_old
2007-06-14,1769.1799999999946,spot_old
2007-06-15,1772.2599999999945,spot_old
2007-06-18,1806.8799999999947,spot_old
2007-06-19,1807.849999999994,spot_old
2007-06-20,1783.7899999999943,spot_old
2007-06-21,1794.2399999999946,spot_old
2007-06-22,1770.9799999999946,spot_old
2007-06-25,1757.7299999999946,spot_old
2007-06-26,1749.5499999999945,spot_old
2007-06-27,1733.0999999999942,spot_old
2007-06-28,1751.749999999994,spot_old
2007-06-29,1743.599999999994,spot_old
2007-07-02,1771.349999999994,spot_old
2007-07-03,1805.499999999994,spot_old
2007-07-04,1838.4099999999942,spot_old
2007-07-05,1847.7899999999943,spot_old
2007-07-06,1861.0099999999945,spot_old
2007-07-09,1883.5899999999945,spot_old
2007-07-10,1894.5299999999943,spot_old
2007-07-11,1889.9599999999944,spot_old
2007-07-12,1909.7499999999943,spot_old
2007-07-13,1962.9299999999942,spot_old
2007-07-16,1949.509999999994,spot_old
2007-07-18,1930.6999999999941,spot_old
2007-07-19,1937.8999999999942,spot_old
2007-07-20,1983.5399999999943,spot_old
2007-07-23,1993.049999999994,spot_old
2007-07-24,1992.2599999999943,spot_old
2007-07-25,2004.2199999999941,spot_old
2007-07-26,1963.5399999999945,spot_old
2007-07-27,1883.2199999999948,spot_old
2007-07-30,1906.7099999999948,spot_old
2007-07-31,1933.2699999999948,spot_old
2007-08-01,1856.449999999995,spot_old
2007-08-02,1853.069999999995,spot_old
2007-08-03,1876.799999999995,spot_old
2007-08-06,1855.049999999995,spot_old
2007-08-07,1859.8199999999947,spot_old
2007-08-08,1903.4099999999949,spot_old
2007-08-09,1908.679999999995,spot_old
2007-08-10,1828.489999999995,spot_old
2007-08-13,1849.2599999999948,spot_old
2007-08-14,1817.889999999995,spot_old
2007-08-16,1691.979999999995,spot_old
2007-08-17,1638.0699999999952,spot_old
2007-08-20,1731.2699999999948,spot_old
2007-08-21,1736.1799999999946,spot_old
2007-08-22,1759.4999999999943,spot_old
2007-08-23,1799.7199999999941,spot_old
2007-08-24,1791.3299999999938,spot_old
2007-08-27,1803.0299999999938,spot_old
2007-08-28,1829.3099999999938,spot_old
2007-08-29,1826.1899999999937,spot_old
2007-08-30,1841.6999999999937,spot_old
2007-08-31,1873.2399999999934,spot_old
2007-09-03,1881.8099999999934,spot_old
2007-09-04,1874.7399999999936,spot_old
2007-09-05,1865.5899999999936,spot_old
2007-09-06,1888.8099999999936,spot_old
2007-09-07,1884.8999999999937,spot_old
2007-09-10,1835.8699999999938,spot_old
2007-09-11,1847.3599999999938,spot_old
2007-09-12,1813.519999999994,spot_old
2007-09-13,1848.019999999994,spot_old
2007-09-14,1870.0199999999938,spot_old
2007-09-17,1871.679999999994,spot_old
2007-09-18,1838.6099999999938,spot_old
2007-09-19,1902.649999999994,spot_old
2007-09-20,1908.9699999999937,spot_old
2007-09-21,1919.2599999999936,spot_old
2007-09-27,1945.2799999999936,spot_old
2007-09-28,1946.4799999999939,spot_old
2007-10-01,1962.669999999994,spot_old
2007-10-02,2014.0899999999936,spot_old
2007-10-04,2003.5999999999935,spot_old
2007-10-05,1996.0299999999938,spot_old
2007-10-08,2012.8199999999936,spot_old
2007-10-09,2014.1299999999935,spot_old
2007-10-10,2041.119999999993,spot_old
2007-10-11,2058.849999999993,spot_old
2007-10-12,2026.4399999999935,spot_old
2007-10-15,2035.3899999999935,spot_old
2007-10-16,2005.7599999999936,spot_old
2007-10-17,1983.9399999999937,spot_old
2007-10-18,2005.0899999999933,spot_old
2007-10-19,1970.0999999999935,spot_old
2007-10-22,1903.8099999999938,spot_old
2007-10-23,1947.9799999999939,spot_old
2007-10-24,1933.3599999999938,spot_old
2007-10-25,1976.7499999999936,spot_old
2007-10-26,2028.0599999999934,spot_old
2007-10-29,2062.9199999999933,spot_old
2007-10-30,2052.369999999993,spot_old
2007-10-31,2064.849999999993,spot_old
2007-11-01,2063.139999999993,spot_old
2007-11-02,2019.3399999999929,spot_old
2007-11-05,2015.7599999999932,spot_old
2007-11-06,2054.239999999993,spot_old
2007-11-07,2043.1899999999932,spot_old
2007-11-08,1979.5599999999934,spot_old
2007-11-09,1990.4699999999934,spot_old
2007-11-12,1923.4199999999935,spot_old
2007-11-13,1932.8899999999937,spot_old
2007-11-14,1972.5799999999936,spot_old
2007-11-15,1947.7399999999939,spot_old
2007-11-16,1926.199999999994,spot_old
2007-11-19,1893.4699999999941,spot_old
2007-11-20,1872.239999999994,spot_old
2007-11-21,1806.9899999999943,spot_old
2007-11-22,1799.0199999999943,spot_old
2007-11-23,1772.8799999999947,spot_old
2007-11-26,1855.329999999994,spot_old
2007-11-27,1859.7899999999943,spot_old
2007-11-28,1834.6899999999941,spot_old
2007-11-29,1877.559999999994,spot_old
2007-11-30,1905.9999999999943,spot_old
2007-12-03,1902.4299999999942,spot_old
2007-12-04,1917.829999999994,spot_old
2007-12-05,1938.199999999994,spot_old
2007-12-06,1953.169999999994,spot_old
2007-12-07,1934.3199999999938,spot_old
2007-12-10,1906.4199999999942,spot_old
2007-12-11,1925.0699999999943,spot_old
2007-12-12,1927.449999999994,spot_old
2007-12-13,1915.8999999999942,spot_old
2007-12-14,1895.049999999994,spot_old
2007-12-17,1839.8199999999943,spot_old
2007-12-18,1861.4699999999943,spot_old
2007-12-20,1844.3699999999942,spot_old
2007-12-21,1878.319999999994,spot_old
2007-12-24,1919.4699999999941,spot_old
2007-12-26,1906.7199999999943,spot_old
2007-12-27,1908.619999999994,spot_old
2007-12-28,1897.1299999999942,spot_old
2008-01-02,1853.4499999999941,spot_old
2008-01-03,1852.729999999994,spot_old
2008-01-04,1863.8999999999944,spot_old
2008-01-07,1831.1399999999942,spot_old
2008-01-08,1826.229999999994,spot_old
2008-01-09,1844.469999999994,spot_old
2008-01-10,1824.7799999999938,spot_old
2008-01-11,1782.2699999999938,spot_old
2008-01-14,1765.879999999994,spot_old
2008-01-15,1746.9499999999941,spot_old
2008-01-16,1704.9699999999941,spot_old
2008-01-17,1723.5499999999938,spot_old
2008-01-18,1734.7199999999937,spot_old
2008-01-21,1683.559999999994,spot_old
2008-01-22,1609.0199999999943,spot_old
2008-01-23,1628.4199999999942,spot_old
2008-01-24,1662.999999999994,spot_old
2008-01-25,1692.4099999999942,spot_old
2008-01-28,1627.1899999999941,spot_old
2008-01-29,1637.9099999999942,spot_old
2008-01-30,1589.059999999994,spot_old
2008-01-31,1624.6799999999942,spot_old
2008-02-01,1634.529999999994,spot_old
2008-02-04,1690.1299999999942,spot_old
2008-02-05,1696.569999999994,spot_old
2008-02-11,1640.6699999999946,spot_old
2008-02-12,1643.2899999999947,spot_old
2008-02-13,1631.7799999999947,spot_old
2008-02-14,1697.4499999999948,spot_old
2008-02-15,1694.7699999999948,spot_old
2008-02-19,1720.5199999999945,spot_old
2008-02-20,1687.9099999999946,spot_old
2008-02-21,1704.3599999999944,spot_old
2008-02-22,1686.4499999999948,spot_old
2008-02-25,1709.1299999999947,spot_old
2008-02-26,1709.1299999999947,spot_old
2008-02-27,1720.8899999999944,spot_old
2008-02-28,1736.1699999999942,spot_old
2008-02-29,1711.619999999994,spot_old
2008-03-03,1671.7299999999943,spot_old
2008-03-04,1676.1799999999942,spot_old
2008-03-05,1677.0999999999942,spot_old
2008-03-06,1697.4399999999946,spot_old
2008-03-07,1663.9699999999946,spot_old
2008-03-10,1625.1699999999946,spot_old
2008-03-11,1641.4799999999948,spot_old
2008-03-12,1658.8299999999947,spot_old
2008-03-13,1615.6199999999947,spot_old
2008-03-14,1600.2599999999945,spot_old
2008-03-17,1574.4399999999948,spot_old
2008-03-18,1588.7499999999948,spot_old
2008-03-19,1622.2299999999946,spot_old
2008-03-20,1623.3899999999944,spot_old
2008-03-21,1645.6899999999946,spot_old
2008-03-24,1655.2999999999943,spot_old
2008-03-25,1674.9299999999944,spot_old
2008-03-26,1679.6699999999944,spot_old
2008-03-27,1676.2399999999946,spot_old
2008-03-28,1701.8299999999942,spot_old
2008-03-31,1703.9899999999946,spot_old
2008-04-01,1702.2499999999943,spot_old
2008-04-02,1742.1899999999944,spot_old
2008-04-03,1763.6299999999947,spot_old
2008-04-04,1766.4899999999943,spot_old
2008-04-07,1773.5599999999945,spot_old
2008-04-08,1754.7099999999948,spot_old
2008-04-10,1764.6399999999944,spot_old
2008-04-11,1779.7099999999944,spot_old
2008-04-14,1746.7099999999944,spot_old
2008-04-15,1742.1699999999946,spot_old
2008-04-16,1758.5599999999945,spot_old
2008-04-17,1768.6699999999946,spot_old
2008-04-18,1771.8999999999946,spot_old
2008-04-21,1800.4799999999946,spot_old
2008-04-22,1787.4899999999943,spot_old
2008-04-23,1800.7899999999945,spot_old
2008-04-24,1799.3399999999945,spot_old
2008-04-25,1824.6799999999948,spot_old
2008-04-28,1823.1699999999948,spot_old
2008-04-29,1811.5099999999948,spot_old
2008-04-30,1825.4699999999948,spot_old
2008-05-02,1848.269999999995,spot_old
2008-05-06,1859.0599999999947,spot_old
2008-05-07,1854.0099999999945,spot_old
2008-05-08,1847.9999999999945,spot_old
2008-05-09,1823.6999999999946,spot_old
2008-05-13,1842.7999999999945,spot_old
2008-05-14,1843.7499999999945,spot_old
2008-05-15,1885.7099999999944,spot_old
2008-05-16,1888.8799999999944,spot_old
2008-05-19,1885.3699999999942,spot_old
2008-05-20,1873.1499999999944,spot_old
2008-05-21,1847.509999999994,spot_old
2008-05-22,1835.4199999999944,spot_old
2008-05-23,1827.9399999999944,spot_old
2008-05-26,1800.5799999999945,spot_old
2008-05-27,1825.2299999999946,spot_old
2008-05-28,1805.6399999999946,spot_old
2008-05-29,1841.2199999999946,spot_old
2008-05-30,1852.019999999994,spot_old
2008-06-02,1847.529999999994,spot_old
2008-06-03,1819.3899999999942,spot_old
2008-06-04,1833.8099999999943,spot_old
2008-06-05,1832.309999999994,spot_old
2008-06-09,1808.9599999999941,spot_old
2008-06-10,1774.3799999999944,spot_old
2008-06-11,1781.6699999999942,spot_old
2008-06-12,1739.3599999999942,spot_old
2008-06-13,1747.3499999999942,spot_old
2008-06-16,1760.819999999994,spot_old
2008-06-17,1750.7099999999941,spot_old
2008-06-18,1774.129999999994,spot_old
2008-06-19,1740.7199999999941,spot_old
2008-06-20,1730.999999999994,spot_old
2008-06-23,1715.5899999999938,spot_old
2008-06-24,1710.839999999994,spot_old
2008-06-25,1717.7899999999938,spot_old
2008-06-26,1717.6599999999935,spot_old
2008-06-27,1684.4499999999935,spot_old
2008-06-30,1674.9199999999937,spot_old
2008-07-01,1666.4599999999934,spot_old
2008-07-02,1623.5999999999935,spot_old
2008-07-03,1606.5399999999938,spot_old
2008-07-04,1577.939999999994,spot_old
2008-07-07,1579.7199999999941,spot_old
2008-07-08,1533.4699999999941,spot_old
2008-07-09,1519.379999999994,spot_old
2008-07-10,1537.4299999999942,spot_old
2008-07-11,1567.509999999994,spot_old
2008-07-14,1558.619999999994,spot_old
2008-07-15,1509.3299999999942,spot_old
2008-07-16,1507.3999999999944,spot_old
2008-07-17,1525.559999999994,spot_old
2008-07-18,1509.9899999999939,spot_old
2008-07-21,1562.9199999999937,spot_old
2008-07-22,1561.2299999999939,spot_old
2008-07-23,1591.7599999999936,spot_old
2008-07-24,1626.1399999999937,spot_old
2008-07-25,1597.929999999994,spot_old
2008-07-28,1598.2899999999938,spot_old
2008-07-29,1567.199999999994,spot_old
2008-07-30,1577.6999999999941,spot_old
2008-07-31,1594.6699999999937,spot_old
2008-08-01,1573.7699999999938,spot_old
2008-08-04,1543.049999999994,spot_old
2008-08-05,1535.5399999999943,spot_old
2008-08-06,1578.7099999999941,spot_old
2008-08-07,1563.999999999994,spot_old
2008-08-08,1568.7199999999941,spot_old
2008-08-11,1581.089999999994,spot_old
2008-08-12,1577.119999999994,spot_old
2008-08-13,1562.7199999999941,spot_old
2008-08-14,1572.1899999999941,spot_old
2008-08-18,1567.709999999994,spot_old
2008-08-19,1541.4099999999944,spot_old
2008-08-20,1540.7099999999944,spot_old
2008-08-21,1512.5899999999942,spot_old
2008-08-22,1496.9099999999944,spot_old
2008-08-25,1502.1099999999944,spot_old
2008-08-26,1490.2499999999943,spot_old
2008-08-27,1493.9199999999944,spot_old
2008-08-28,1474.1499999999944,spot_old
2008-08-29,1474.239999999994,spot_old
2008-09-01,1414.4299999999944,spot_old
2008-09-02,1407.1399999999944,spot_old
2008-09-03,1426.8899999999946,spot_old
2008-09-04,1426.4299999999946,spot_old
2008-09-05,1404.3799999999947,spot_old
2008-09-08,1476.6499999999942,spot_old
2008-09-09,1454.4999999999943,spot_old
2008-09-10,1464.979999999994,spot_old
2008-09-11,1443.2399999999943,spot_old
2008-09-12,1477.919999999994,spot_old
2008-09-16,1387.7499999999943,spot_old
2008-09-17,1425.259999999994,spot_old
2008-09-18,1392.4199999999944,spot_old
2008-09-19,1455.7799999999938,spot_old
2008-09-22,1460.3399999999938,spot_old
2008-09-23,1481.3699999999938,spot_old
2008-09-24,1495.9799999999939,spot_old
2008-09-25,1501.6299999999937,spot_old
2008-09-26,1476.3299999999938,spot_old
2008-09-29,1456.359999999994,spot_old
2008-09-30,1448.059999999994,spot_old
2008-10-01,1439.6699999999942,spot_old
2008-10-02,1419.6499999999942,spot_old
2008-10-06,1358.7499999999943,spot_old
2008-10-07,1366.099999999994,spot_old
2008-10-08,1286.6899999999946,spot_old
2008-10-09,1294.8899999999944,spot_old
2008-10-10,1241.4699999999943,spot_old
2008-10-13,1288.5299999999943,spot_old
2008-10-14,1367.6899999999941,spot_old
2008-10-15,1340.279999999994,spot_old
2008-10-16,1213.7799999999945,spot_old
2008-10-17,1180.6699999999948,spot_old
2008-10-20,1207.6299999999947,spot_old
2008-10-21,1196.0999999999945,spot_old
2008-10-22,1134.5899999999947,spot_old
2008-10-23,1049.7099999999953,spot_old
2008-10-24,938.7499999999957,spot_old
2008-10-27,946.4499999999957,spot_old
2008-10-28,999.1599999999954,spot_old
2008-10-29,968.9699999999956,spot_old
2008-10-30,1084.719999999995,spot_old
2008-10-31,1113.0599999999947,spot_old
2008-11-03,1129.0799999999945,spot_old
2008-11-04,1153.3499999999945,spot_old
2008-11-05,1181.4999999999943,spot_old
2008-11-06,1092.2199999999948,spot_old
2008-11-07,1134.4899999999946,spot_old
2008-11-10,1152.4599999999946,spot_old
2008-11-11,1128.7299999999948,spot_old
2008-11-12,1123.8599999999944,spot_old
2008-11-13,1088.4399999999948,spot_old
2008-11-14,1088.2599999999948,spot_old
2008-11-17,1078.319999999995,spot_old
2008-11-18,1036.159999999995,spot_old
2008-11-19,1016.8199999999953,spot_old
2008-11-20,948.6899999999957,spot_old
2008-11-21,1003.7299999999955,spot_old
2008-11-24,970.1399999999956,spot_old
2008-11-25,983.3199999999955,spot_old
2008-11-26,1029.7799999999952,spot_old
2008-11-27,1063.479999999995,spot_old
2008-11-28,1076.069999999995,spot_old
2008-12-01,1058.619999999995,spot_old
2008-12-02,1023.1999999999953,spot_old
2008-12-03,1022.6699999999952,spot_old
2008-12-04,1006.5399999999952,spot_old
2008-12-05,1028.1299999999953,spot_old
2008-12-08,1105.0499999999947,spot_old
2008-12-09,1105.839999999995,spot_old
2008-12-10,1145.869999999995,spot_old
2008-12-11,1154.4299999999948,spot_old
2008-12-12,1103.819999999995,spot_old
2008-12-15,1158.1899999999948,spot_old
2008-12-16,1161.5599999999945,spot_old
2008-12-17,1169.7499999999945,spot_old
2008-12-18,1175.9099999999949,spot_old
2008-12-19,1180.9699999999948,spot_old
2008-12-22,1179.6099999999947,spot_old
2008-12-23,1144.3099999999947,spot_old
2008-12-24,1128.509999999995,spot_old
2008-12-26,1117.859999999995,spot_old
2008-12-29,1117.589999999995,spot_old
2008-12-30,1124.469999999995,spot_old
2009-01-02,1157.399999999995,spot_old
2009-01-05,1173.5699999999947,spot_old
2009-01-06,1194.2799999999947,spot_old
2009-01-07,1228.1699999999948,spot_old
2009-01-08,1205.6999999999948,spot_old
2009-01-09,1180.9599999999948,spot_old
2009-01-12,1156.749999999995,spot_old
2009-01-13,1167.7099999999948,spot_old
2009-01-14,1182.6799999999948,spot_old
2009-01-15,1111.339999999995,spot_old
2009-01-16,1135.199999999995,spot_old
2009-01-19,1150.649999999995,spot_old
2009-01-20,1126.809999999995,spot_old
2009-01-21,1103.609999999995,spot_old
2009-01-22,1116.2299999999952,spot_old
2009-01-23,1093.3999999999953,spot_old
2009-01-28,1157.979999999995,spot_old
2009-01-29,1166.559999999995,spot_old
2009-01-30,1162.1099999999951,spot_old
2009-02-02,1146.9499999999953,spot_old
2009-02-03,1163.1999999999953,spot_old
2009-02-04,1195.369999999995,spot_old
2009-02-05,1177.8799999999953,spot_old
2009-02-06,1210.259999999995,spot_old
2009-02-09,1202.689999999995,spot_old
2009-02-10,1198.869999999995,spot_old
2009-02-11,1190.179999999995,spot_old
2009-02-12,1179.839999999995,spot_old
2009-02-13,1192.439999999995,spot_old
2009-02-16,1175.469999999995,spot_old
2009-02-17,1127.1899999999953,spot_old
2009-02-18,1113.1899999999953,spot_old
2009-02-19,1107.0999999999954,spot_old
2009-02-20,1065.9499999999955,spot_old
2009-02-23,1099.5499999999954,spot_old
2009-02-24,1063.8799999999956,spot_old
2009-02-25,1067.0799999999954,spot_old
2009-02-26,1054.7899999999954,spot_old
2009-02-27,1063.0299999999954,spot_old
2009-03-02,1018.8099999999956,spot_old
2009-03-03,1025.5699999999956,spot_old
2009-03-04,1059.2599999999957,spot_old
2009-03-05,1058.1799999999957,spot_old
2009-03-06,1055.0299999999957,spot_old
2009-03-09,1071.7299999999957,spot_old
2009-03-10,1092.1999999999955,spot_old
2009-03-11,1127.5099999999952,spot_old
2009-03-12,1128.3899999999956,spot_old
2009-03-13,1126.0299999999954,spot_old
2009-03-16,1125.4599999999955,spot_old
2009-03-17,1163.8799999999953,spot_old
2009-03-18,1169.9499999999955,spot_old
2009-03-19,1161.8099999999954,spot_old
2009-03-20,1170.9399999999955,spot_old
2009-03-23,1199.4999999999955,spot_old
2009-03-24,1221.6999999999955,spot_old
2009-03-25,1229.0199999999954,spot_old
2009-03-26,1243.7999999999952,spot_old
2009-03-27,1237.5099999999952,spot_old
2009-03-30,1197.4599999999955,spot_old
2009-03-31,1206.2599999999954,spot_old
2009-04-01,1233.3599999999951,spot_old
2009-04-02,1276.969999999995,spot_old
2009-04-03,1283.749999999995,spot_old
2009-04-06,1297.8499999999951,spot_old
2009-04-07,1300.0999999999951,spot_old
2009-04-08,1262.0699999999954,spot_old
2009-04-09,1316.3499999999951,spot_old
2009-04-10,1336.0399999999952,spot_old
2009-04-13,1338.2599999999954,spot_old
2009-04-14,1342.6299999999956,spot_old
2009-04-15,1333.0899999999954,spot_old
2009-04-16,1336.7199999999955,spot_old
2009-04-17,1328.9999999999955,spot_old
2009-04-20,1336.3899999999956,spot_old
2009-04-21,1336.8099999999954,spot_old
2009-04-22,1356.0199999999954,spot_old
2009-04-23,1368.7999999999954,spot_old
2009-04-24,1354.0999999999951,spot_old
2009-04-27,1339.8299999999954,spot_old
2009-04-28,1300.2399999999957,spot_old
2009-04-29,1338.4199999999955,spot_old
2009-04-30,1369.3599999999951,spot_old
2009-05-04,1397.9199999999953,spot_old
2009-05-06,1393.4499999999953,spot_old
2009-05-07,1401.0799999999952,spot_old
2009-05-08,1412.1299999999953,spot_old
2009-05-11,1415.1599999999953,spot_old
2009-05-12,1403.5099999999952,spot_old
2009-05-13,1414.5199999999952,spot_old
2009-05-14,1380.9499999999953,spot_old
2009-05-15,1391.729999999995,spot_old
2009-05-18,1386.6799999999953,spot_old
2009-05-19,1428.209999999995,spot_old
2009-05-20,1435.699999999995,spot_old
2009-05-21,1421.649999999995,spot_old
2009-05-22,1403.749999999995,spot_old
2009-05-25,1400.899999999995,spot_old
2009-05-26,1372.039999999995,spot_old
2009-05-27,1362.019999999995,spot_old
2009-05-28,1392.169999999995,spot_old
2009-05-29,1395.889999999995,spot_old
2009-06-01,1415.099999999995,spot_old
2009-06-02,1412.849999999995,spot_old
2009-06-03,1414.889999999995,spot_old
2009-06-04,1378.139999999995,spot_old
2009-06-05,1394.709999999995,spot_old
2009-06-08,1393.299999999995,spot_old
2009-06-09,1371.839999999995,spot_old
2009-06-10,1414.879999999995,spot_old
2009-06-11,1419.389999999995,spot_old
2009-06-12,1428.5899999999947,spot_old
2009-06-15,1412.419999999995,spot_old
2009-06-16,1399.149999999995,spot_old
2009-06-17,1391.169999999995,spot_old
2009-06-18,1375.759999999995,spot_old
2009-06-19,1383.339999999995,spot_old
2009-06-22,1399.709999999995,spot_old
2009-06-23,1360.539999999995,spot_old
2009-06-24,1363.789999999995,spot_old
2009-06-25,1392.729999999995,spot_old
2009-06-26,1394.5299999999947,spot_old
2009-06-29,1388.4499999999948,spot_old
2009-06-30,1390.0699999999947,spot_old
2009-07-01,1411.6599999999946,spot_old
2009-07-02,1411.4799999999946,spot_old
2009-07-03,1420.0399999999947,spot_old
2009-07-06,1428.9399999999946,spot_old
2009-07-07,1434.1999999999946,spot_old
2009-07-08,1431.0199999999945,spot_old
2009-07-09,1430.8899999999949,spot_old
2009-07-10,1428.6199999999947,spot_old
2009-07-13,1378.119999999995,spot_old
2009-07-14,1385.559999999995,spot_old
2009-07-15,1420.8599999999947,spot_old
2009-07-16,1432.219999999995,spot_old
2009-07-17,1440.099999999995,spot_old
2009-07-20,1478.5099999999945,spot_old
2009-07-21,1488.9899999999948,spot_old
2009-07-22,1494.0399999999947,spot_old
2009-07-23,1496.489999999995,spot_old
2009-07-24,1502.5899999999947,spot_old
2009-07-27,1524.0499999999947,spot_old
2009-07-28,1526.0299999999947,spot_old
2009-07-29,1524.3199999999947,spot_old
2009-07-30,1534.7399999999948,spot_old
2009-07-31,1557.2899999999945,spot_old
2009-08-03,1564.9799999999948,spot_old
2009-08-04,1566.3699999999944,spot_old
2009-08-05,1559.4699999999946,spot_old
2009-08-06,1565.0399999999943,spot_old
2009-08-07,1575.9999999999943,spot_old
2009-08-10,1576.109999999994,spot_old
2009-08-11,1579.2099999999944,spot_old
2009-08-12,1565.3499999999942,spot_old
2009-08-13,1564.6399999999944,spot_old
2009-08-14,1591.4099999999944,spot_old
2009-08-17,1547.0599999999945,spot_old
2009-08-18,1550.2399999999946,spot_old
2009-08-19,1545.9599999999946,spot_old
2009-08-20,1576.3899999999946,spot_old
2009-08-21,1580.9799999999946,spot_old
2009-08-24,1612.2199999999946,spot_old
2009-08-25,1601.3799999999947,spot_old
2009-08-26,1614.1199999999944,spot_old
2009-08-27,1599.3299999999945,spot_old
2009-08-28,1607.9399999999946,spot_old
2009-08-31,1591.8499999999945,spot_old
2009-09-01,1623.059999999994,spot_old
2009-09-02,1613.1599999999942,spot_old
2009-09-03,1613.5299999999938,spot_old
2009-09-04,1608.899999999994,spot_old
2009-09-07,1608.569999999994,spot_old
2009-09-08,1619.6899999999941,spot_old
2009-09-09,1607.7699999999943,spot_old
2009-09-10,1644.679999999994,spot_old
2009-09-11,1651.699999999994,spot_old
2009-09-14,1634.909999999994,spot_old
2009-09-15,1653.3999999999937,spot_old
2009-09-16,1683.3299999999936,spot_old
2009-09-17,1695.4699999999937,spot_old
2009-09-18,1699.7099999999937,spot_old
2009-09-21,1695.4999999999936,spot_old
2009-09-22,1718.8799999999935,spot_old
2009-09-23,1711.4699999999932,spot_old
2009-09-24,1693.8799999999935,spot_old
2009-09-25,1691.4799999999932,spot_old
2009-09-28,1675.5499999999931,spot_old
2009-09-29,1690.049999999993,spot_old
2009-09-30,1673.1399999999928,spot_old
2009-10-01,1644.6299999999933,spot_old
2009-10-05,1606.8999999999933,spot_old
2009-10-06,1598.4399999999935,spot_old
2009-10-07,1597.9999999999936,spot_old
2009-10-08,1615.4599999999937,spot_old
2009-10-09,1646.7899999999934,spot_old
2009-10-12,1639.8099999999936,spot_old
2009-10-13,1628.9299999999937,spot_old
2009-10-14,1649.0899999999933,spot_old
2009-10-15,1658.9899999999932,spot_old
2009-10-16,1640.359999999993,spot_old
2009-10-19,1649.069999999993,spot_old
2009-10-20,1659.1499999999928,spot_old
2009-10-21,1653.8599999999929,spot_old
2009-10-22,1630.329999999993,spot_old
2009-10-23,1640.1699999999935,spot_old
2009-10-26,1657.1099999999933,spot_old
2009-10-27,1649.5299999999932,spot_old
2009-10-28,1609.7099999999932,spot_old
2009-10-29,1585.849999999993,spot_old
2009-10-30,1580.6899999999932,spot_old
2009-11-02,1559.0899999999929,spot_old
2009-11-03,1549.9199999999933,spot_old
2009-11-04,1579.929999999993,spot_old
2009-11-05,1552.2399999999932,spot_old
2009-11-06,1572.4599999999932,spot_old
2009-11-09,1576.789999999993,spot_old
2009-11-10,1582.2999999999927,spot_old
2009-11-11,1594.819999999993,spot_old
2009-11-12,1572.729999999993,spot_old
2009-11-13,1571.9899999999927,spot_old
2009-11-16,1592.4699999999928,spot_old
2009-11-17,1585.9799999999927,spot_old
2009-11-18,1603.9699999999928,spot_old
2009-11-20,1620.5999999999929,spot_old
2009-11-23,1619.049999999993,spot_old
2009-11-24,1606.4199999999933,spot_old
2009-11-25,1611.8799999999933,spot_old
2009-11-26,1599.5199999999932,spot_old
2009-11-27,1524.4999999999936,spot_old
2009-11-30,1555.5999999999933,spot_old
2009-12-01,1569.7199999999934,spot_old
2009-12-02,1591.6299999999935,spot_old
2009-12-03,1614.9999999999932,spot_old
2009-12-04,1624.7599999999932,spot_old
2009-12-07,1632.6499999999933,spot_old
2009-12-08,1627.7799999999932,spot_old
2009-12-09,1634.169999999993,spot_old
2009-12-10,1652.729999999993,spot_old
2009-12-11,1656.899999999993,spot_old
2009-12-14,1664.7699999999932,spot_old
2009-12-15,1665.8499999999929,spot_old
2009-12-16,1664.239999999993,spot_old
2009-12-17,1647.8399999999929,spot_old
2009-12-18,1647.0399999999931,spot_old
2009-12-21,1644.2299999999934,spot_old
2009-12-22,1655.5399999999934,spot_old
2009-12-23,1661.349999999993,spot_old
2009-12-24,1682.3399999999926,spot_old
2009-12-28,1685.5899999999929,spot_old
2009-12-29,1672.4799999999932,spot_old
2009-12-30,1682.7699999999927,spot_old
2010-01-04,1696.139999999993,spot_old
2010-01-05,1690.6199999999928,spot_old
2010-01-06,1705.319999999993,spot_old
2010-01-07,1683.4499999999928,spot_old
2010-01-08,1695.2599999999927,spot_old
2010-01-11,1694.1199999999926,spot_old
2010-01-12,1698.6399999999928,spot_old
2010-01-13,1671.409999999993,spot_old
2010-01-14,1685.7699999999932,spot_old
2010-01-15,1701.7999999999927,spot_old
2010-01-18,1711.7799999999927,spot_old
2010-01-19,1710.2199999999928,spot_old
2010-01-20,1714.3799999999926,spot_old
2010-01-21,1722.0099999999925,spot_old
2010-01-22,1684.3499999999926,spot_old
2010-01-25,1670.1999999999925,spot_old
2010-01-26,1637.3399999999924,spot_old
2010-01-27,1625.4799999999925,spot_old
2010-01-28,1642.4299999999926,spot_old
2010-01-29,1602.429999999993,spot_old
2010-02-01,1606.4399999999928,spot_old
2010-02-02,1595.8099999999927,spot_old
2010-02-03,1615.0199999999925,spot_old
2010-02-04,1616.4199999999928,spot_old
2010-02-05,1567.119999999993,spot_old
2010-02-08,1552.7899999999931,spot_old
2010-02-09,1570.489999999993,spot_old
2010-02-10,1570.119999999993,spot_old
2010-02-11,1597.809999999993,spot_old
2010-02-12,1593.6599999999928,spot_old
2010-02-16,1601.049999999993,spot_old
2010-02-17,1627.4299999999928,spot_old
2010-02-18,1621.1899999999926,spot_old
2010-02-19,1593.8999999999928,spot_old
2010-02-22,1627.0999999999924,spot_old
2010-02-23,1628.8999999999924,spot_old
2010-02-24,1612.8299999999924,spot_old
2010-02-25,1587.5099999999925,spot_old
2010-02-26,1594.5799999999927,spot_old
2010-03-02,1615.1199999999924,spot_old
2010-03-03,1622.4399999999926,spot_old
2010-03-04,1618.1999999999928,spot_old
2010-03-05,1634.5699999999927,spot_old
2010-03-08,1660.0399999999925,spot_old
2010-03-09,1660.8299999999927,spot_old
2010-03-10,1662.2399999999927,spot_old
2010-03-11,1656.6199999999926,spot_old
2010-03-12,1662.7399999999925,spot_old
2010-03-15,1649.4999999999923,spot_old
2010-03-16,1648.0099999999923,spot_old
2010-03-17,1682.8599999999922,spot_old
2010-03-18,1675.1699999999923,spot_old
2010-03-19,1686.109999999992,spot_old
2010-03-22,1672.6699999999921,spot_old
2010-03-23,1681.8199999999922,spot_old
2010-03-24,1681.0099999999923,spot_old
2010-03-25,1688.3899999999924,spot_old
2010-03-26,1697.7199999999925,spot_old
2010-03-29,1691.9899999999925,spot_old
2010-03-30,1700.1899999999923,spot_old
2010-03-31,1692.8499999999922,spot_old
2010-04-01,1719.1699999999923,spot_old
2010-04-02,1723.489999999992,spot_old
2010-04-05,1724.9899999999923,spot_old
2010-04-06,1726.0899999999922,spot_old
2010-04-07,1726.5999999999922,spot_old
2010-04-08,1733.779999999992,spot_old
2010-04-09,1724.469999999992,spot_old
2010-04-12,1710.2999999999922,spot_old
2010-04-13,1710.5899999999922,spot_old
2010-04-14,1735.329999999992,spot_old
2010-04-15,1743.9099999999921,spot_old
2010-04-16,1734.489999999992,spot_old
2010-04-19,1705.2999999999922,spot_old
2010-04-20,1718.029999999992,spot_old
2010-04-21,1747.579999999992,spot_old
2010-04-22,1739.519999999992,spot_old
2010-04-23,1737.029999999992,spot_old
2010-04-26,1752.199999999992,spot_old
2010-04-27,1749.5499999999918,spot_old
2010-04-28,1733.9099999999921,spot_old
2010-04-29,1728.4199999999921,spot_old
2010-04-30,1741.559999999992,spot_old
2010-05-03,1721.2099999999923,spot_old
2010-05-04,1718.749999999992,spot_old
2010-05-06,1684.7099999999923,spot_old
2010-05-07,1647.4999999999923,spot_old
2010-05-10,1677.6299999999926,spot_old
2010-05-11,1670.2399999999923,spot_old
2010-05-12,1663.0299999999922,spot_old
2010-05-13,1694.5799999999922,spot_old
2010-05-14,1695.6299999999926,spot_old
2010-05-17,1651.5099999999927,spot_old
2010-05-18,1643.2399999999927,spot_old
2010-05-19,1630.0799999999927,spot_old
2010-05-20,1600.179999999993,spot_old
2010-05-24,1604.9299999999928,spot_old
2010-05-25,1560.8299999999929,spot_old
2010-05-26,1582.1199999999928,spot_old
2010-05-27,1607.4999999999927,spot_old
2010-05-28,1622.779999999993,spot_old
2010-05-31,1641.249999999993,spot_old
2010-06-01,1630.3999999999933,spot_old
2010-06-03,1661.8399999999929,spot_old
2010-06-04,1664.129999999993,spot_old
2010-06-07,1637.9699999999932,spot_old
2010-06-08,1651.4799999999934,spot_old
2010-06-09,1647.2199999999934,spot_old
2010-06-10,1651.6999999999937,spot_old
2010-06-11,1675.3399999999936,spot_old
2010-06-14,1690.5999999999935,spot_old
2010-06-15,1690.0299999999936,spot_old
2010-06-17,1707.9199999999937,spot_old
2010-06-18,1711.9499999999935,spot_old
2010-06-21,1739.6799999999935,spot_old
2010-06-22,1731.4799999999932,spot_old
2010-06-23,1725.8199999999931,spot_old
2010-06-24,1739.869999999993,spot_old
2010-06-25,1729.839999999993,spot_old
2010-06-28,1732.0299999999932,spot_old
2010-06-29,1707.7599999999934,spot_old
2010-06-30,1698.2899999999934,spot_old
2010-07-01,1686.2399999999934,spot_old
2010-07-02,1671.8199999999933,spot_old
2010-07-05,1675.3699999999933,spot_old
2010-07-06,1684.9399999999935,spot_old
2010-07-07,1675.6499999999935,spot_old
2010-07-08,1698.6399999999935,spot_old
2010-07-09,1723.0099999999932,spot_old
2010-07-12,1734.0499999999931,spot_old
2010-07-13,1735.0799999999929,spot_old
2010-07-14,1758.0099999999932,spot_old
2010-07-15,1751.2899999999931,spot_old
2010-07-16,1738.4499999999932,spot_old
2010-07-19,1731.9499999999932,spot_old
2010-07-20,1736.769999999993,spot_old
2010-07-21,1748.7799999999925,spot_old
2010-07-22,1735.5299999999927,spot_old
2010-07-23,1758.0599999999927,spot_old
2010-07-26,1769.0699999999927,spot_old
2010-07-27,1768.3099999999927,spot_old
2010-07-28,1773.4699999999925,spot_old
2010-07-29,1770.8799999999926,spot_old
2010-07-30,1759.3299999999924,spot_old
2010-08-02,1782.2699999999923,spot_old
2010-08-03,1790.5999999999922,spot_old
2010-08-04,1789.2599999999923,spot_old
2010-08-05,1783.8599999999922,spot_old
2010-08-06,1783.829999999992,spot_old
2010-08-09,1790.1699999999921,spot_old
2010-08-10,1781.1299999999924,spot_old
2010-08-11,1758.1899999999926,spot_old
2010-08-12,1721.7499999999927,spot_old
2010-08-13,1746.2399999999927,spot_old
2010-08-16,1743.3099999999927,spot_old
2010-08-17,1755.0299999999925,spot_old
2010-08-18,1761.989999999993,spot_old
2010-08-19,1779.639999999993,spot_old
2010-08-20,1775.5399999999931,spot_old
2010-08-23,1767.7099999999932,spot_old
2010-08-24,1760.529999999993,spot_old
2010-08-25,1734.789999999993,spot_old
2010-08-26,1729.7599999999927,spot_old
2010-08-27,1729.559999999993,spot_old
2010-08-30,1760.1299999999928,spot_old
2010-08-31,1742.7499999999927,spot_old
2010-09-01,1764.689999999993,spot_old
2010-09-02,1775.7299999999927,spot_old
2010-09-03,1780.019999999993,spot_old
2010-09-06,1792.4199999999928,spot_old
2010-09-07,1787.7399999999927,spot_old
2010-09-08,1779.2199999999928,spot_old
2010-09-09,1784.3599999999926,spot_old
2010-09-10,1802.5799999999924,spot_old
2010-09-13,1818.8599999999924,spot_old
2010-09-14,1815.2499999999925,spot_old
2010-09-15,1823.8799999999928,spot_old
2010-09-16,1811.8499999999926,spot_old
2010-09-17,1827.3499999999926,spot_old
2010-09-20,1832.6299999999928,spot_old
2010-09-24,1846.5999999999926,spot_old
2010-09-27,1860.8299999999927,spot_old
2010-09-28,1855.9699999999925,spot_old
2010-09-29,1866.4499999999925,spot_old
2010-09-30,1872.8099999999924,spot_old
2010-10-01,1876.7299999999927,spot_old
2010-10-04,1879.2899999999925,spot_old
2010-10-05,1878.9399999999928,spot_old
2010-10-06,1903.9499999999923,spot_old
2010-10-07,1900.8499999999924,spot_old
2010-10-08,1897.0699999999924,spot_old
2010-10-11,1889.9099999999926,spot_old
2010-10-12,1868.0399999999925,spot_old
2010-10-13,1876.1499999999926,spot_old
2010-10-14,1899.7599999999923,spot_old
2010-10-15,1902.2899999999922,spot_old
2010-10-18,1875.4199999999923,spot_old
2010-10-19,1857.3199999999922,spot_old
2010-10-20,1870.439999999992,spot_old
2010-10-21,1874.689999999992,spot_old
2010-10-22,1897.309999999992,spot_old
2010-10-25,1915.709999999992,spot_old
2010-10-26,1919.4099999999917,spot_old
2010-10-27,1909.5399999999916,spot_old
2010-10-28,1907.8699999999915,spot_old
2010-10-29,1882.9499999999916,spot_old
2010-11-01,1914.7399999999916,spot_old
2010-11-03,1935.9699999999914,spot_old
2010-11-04,1942.4999999999914,spot_old
2010-11-05,1938.9599999999916,spot_old
2010-11-08,1942.4099999999914,spot_old
2010-11-09,1947.4599999999912,spot_old
2010-11-10,1967.849999999991,spot_old
2010-11-11,1914.7299999999914,spot_old
2010-11-12,1913.1199999999915,spot_old
2010-11-15,1913.8099999999918,spot_old
2010-11-16,1899.1299999999917,spot_old
2010-11-17,1897.1099999999915,spot_old
2010-11-18,1927.8599999999913,spot_old
2010-11-19,1940.9599999999914,spot_old
2010-11-22,1944.3399999999913,spot_old
2010-11-23,1928.9399999999916,spot_old
2010-11-24,1925.9799999999916,spot_old
2010-11-25,1927.6799999999917,spot_old
2010-11-26,1901.7999999999915,spot_old
2010-11-29,1895.5399999999916,spot_old
2010-11-30,1904.6299999999915,spot_old
2010-12-01,1929.319999999991,spot_old
2010-12-02,1950.2599999999914,spot_old
2010-12-03,1957.2599999999911,spot_old
2010-12-06,1953.6399999999915,spot_old
2010-12-07,1962.5199999999913,spot_old
2010-12-08,1955.7199999999914,spot_old
2010-12-09,1988.9599999999914,spot_old
2010-12-10,1986.1399999999912,spot_old
2010-12-13,1996.5899999999913,spot_old
2010-12-14,2009.0499999999913,spot_old
2010-12-15,2017.4799999999912,spot_old
2010-12-16,2009.2399999999914,spot_old
2010-12-17,2026.299999999991,spot_old
2010-12-20,2020.2799999999913,spot_old
2010-12-21,2037.0899999999913,spot_old
2010-12-22,2038.1099999999913,spot_old
2010-12-23,2037.5299999999916,spot_old
2010-12-24,2029.5999999999913,spot_old
2010-12-27,2022.1899999999914,spot_old
2010-12-28,2033.319999999991,spot_old
2010-12-29,2043.4899999999911,spot_old
2010-12-30,2050.999999999991,spot_old
2011-01-03,2070.0799999999913,spot_old
2011-01-04,2085.139999999991,spot_old
2011-01-05,2082.5499999999915,spot_old
2011-01-06,2077.6099999999915,spot_old
2011-01-07,2086.199999999991,spot_old
2011-01-10,2080.8099999999918,spot_old
2011-01-11,2088.319999999992,spot_old
2011-01-12,2094.9499999999916,spot_old
2011-01-13,2089.4799999999923,spot_old
2011-01-14,2108.1699999999923,spot_old
2011-01-17,2099.849999999992,spot_old
2011-01-18,2096.479999999992,spot_old
2011-01-19,2115.689999999992,spot_old
2011-01-20,2106.6599999999917,spot_old
2011-01-21,2069.919999999992,spot_old
2011-01-24,2082.1599999999917,spot_old
2011-01-25,2086.669999999992,spot_old
2011-01-26,2110.459999999992,spot_old
2011-01-27,2115.009999999992,spot_old
2011-01-28,2107.869999999992,spot_old
2011-01-31,2069.7299999999923,spot_old
2011-02-01,2072.0299999999925,spot_old
2011-02-07,2081.739999999992,spot_old
2011-02-08,2069.699999999992,spot_old
2011-02-09,2045.5799999999927,spot_old
2011-02-10,2008.4999999999927,spot_old
2011-02-11,1977.1899999999928,spot_old
2011-02-14,2014.5899999999926,spot_old
2011-02-16,1989.1099999999929,spot_old
2011-02-17,1977.2199999999928,spot_old
2011-02-18,2013.1399999999926,spot_old
2011-02-21,2005.2999999999927,spot_old
2011-02-22,1969.9199999999928,spot_old
2011-02-23,1961.6299999999928,spot_old
2011-02-24,1949.879999999993,spot_old
2011-02-25,1963.4299999999932,spot_old
2011-02-28,1939.2999999999934,spot_old
2011-03-02,1928.2399999999936,spot_old
2011-03-03,1970.6599999999933,spot_old
2011-03-04,2004.6799999999932,spot_old
2011-03-07,1980.2699999999932,spot_old
2011-03-08,1996.3199999999931,spot_old
2011-03-09,2001.4699999999932,spot_old
2011-03-10,1981.579999999993,spot_old
2011-03-11,1955.5399999999931,spot_old
2011-03-14,1971.2299999999932,spot_old
2011-03-15,1923.9199999999935,spot_old
2011-03-16,1957.9699999999934,spot_old
2011-03-17,1959.0299999999934,spot_old
2011-03-18,1981.1299999999935,spot_old
2011-03-21,2003.4199999999935,spot_old
2011-03-22,2013.6599999999935,spot_old
2011-03-23,2012.1799999999935,spot_old
2011-03-24,2036.7799999999932,spot_old
2011-03-25,2054.039999999993,spot_old
2011-03-28,2056.389999999993,spot_old
2011-03-29,2072.1299999999933,spot_old
2011-03-30,2091.3799999999933,spot_old
2011-03-31,2106.699999999993,spot_old
2011-04-01,2121.0099999999934,spot_old
2011-04-04,2115.869999999993,spot_old
2011-04-05,2130.429999999993,spot_old
2011-04-06,2126.709999999993,spot_old
2011-04-07,2122.139999999993,spot_old
2011-04-08,2127.969999999993,spot_old
2011-04-11,2122.3899999999935,spot_old
2011-04-12,2089.3999999999937,spot_old
2011-04-13,2121.9199999999933,spot_old
2011-04-14,2141.059999999993,spot_old
2011-04-15,2140.4999999999927,spot_old
2011-04-18,2137.719999999993,spot_old
2011-04-19,2122.679999999993,spot_old
2011-04-20,2169.909999999993,spot_old
2011-04-21,2198.539999999993,spot_old
2011-04-22,2197.8199999999933,spot_old
2011-04-25,2215.999999999993,spot_old
2011-04-26,2206.299999999993,spot_old
2011-04-27,2206.6999999999925,spot_old
2011-04-28,2208.3499999999926,spot_old
2011-04-29,2192.359999999993,spot_old
2011-05-02,2228.9599999999928,spot_old
2011-05-03,2200.7299999999927,spot_old
2011-05-04,2180.6399999999926,spot_old
2011-05-06,2147.4499999999925,spot_old
2011-05-09,2139.1699999999923,spot_old
2011-05-11,2166.6299999999924,spot_old
2011-05-12,2122.6499999999924,spot_old
2011-05-13,2120.079999999992,spot_old
2011-05-16,2104.1799999999926,spot_old
2011-05-17,2102.4099999999926,spot_old
2011-05-18,2135.7799999999925,spot_old
2011-05-19,2095.5099999999925,spot_old
2011-05-20,2111.4999999999923,spot_old
2011-05-23,2055.7099999999928,spot_old
2011-05-24,2061.7599999999925,spot_old
2011-05-25,2035.8699999999924,spot_old
2011-05-26,2091.909999999992,spot_old
2011-05-27,2100.239999999992,spot_old
2011-05-30,2093.7899999999927,spot_old
2011-05-31,2142.4699999999925,spot_old
2011-06-01,2141.339999999993,spot_old
2011-06-02,2114.199999999993,spot_old
2011-06-03,2113.469999999993,spot_old
2011-06-07,2099.7099999999937,spot_old
2011-06-08,2083.3499999999935,spot_old
2011-06-09,2071.4199999999937,spot_old
2011-06-10,2046.6699999999937,spot_old
2011-06-13,2048.7399999999934,spot_old
2011-06-14,2076.829999999993,spot_old
2011-06-15,2086.529999999994,spot_old
2011-06-16,2046.6299999999937,spot_old
2011-06-17,2031.9299999999937,spot_old
2011-06-20,2019.649999999994,spot_old
2011-06-21,2048.1699999999937,spot_old
2011-06-22,2063.8999999999937,spot_old
2011-06-23,2055.8599999999938,spot_old
2011-06-24,2090.809999999993,spot_old
2011-06-27,2070.289999999993,spot_old
2011-06-28,2062.909999999993,spot_old
2011-06-29,2094.4199999999933,spot_old
2011-06-30,2100.6899999999932,spot_old
2011-07-01,2125.7399999999925,spot_old
2011-07-04,2145.299999999993,spot_old
2011-07-05,2161.7499999999927,spot_old
2011-07-06,2171.189999999993,spot_old
2011-07-07,2180.5899999999933,spot_old
2011-07-08,2180.349999999993,spot_old
2011-07-11,2157.159999999993,spot_old
2011-07-12,2109.729999999993,spot_old
2011-07-13,2129.639999999993,spot_old
2011-07-14,2130.0699999999933,spot_old
2011-07-15,2145.1999999999925,spot_old
2011-07-18,2130.479999999993,spot_old
2011-07-19,2130.2099999999928,spot_old
2011-07-20,2154.949999999993,spot_old
2011-07-21,2145.0399999999927,spot_old
2011-07-22,2171.2299999999927,spot_old
2011-07-25,2150.4799999999927,spot_old
2011-07-26,2168.6999999999925,spot_old
2011-07-27,2174.3099999999927,spot_old
2011-07-28,2155.8499999999926,spot_old
2011-07-29,2133.2099999999928,spot_old
2011-08-01,2172.3099999999927,spot_old
2011-08-02,2121.269999999993,spot_old
2011-08-03,2066.2599999999934,spot_old
2011-08-04,2018.4699999999934,spot_old
2011-08-05,1943.7499999999936,spot_old
2011-08-08,1869.449999999994,spot_old
2011-08-09,1801.349999999994,spot_old
2011-08-10,1806.239999999994,spot_old
2011-08-11,1817.4399999999944,spot_old
2011-08-12,1793.3099999999945,spot_old
2011-08-16,1879.869999999994,spot_old
2011-08-17,1892.6699999999944,spot_old
2011-08-18,1860.5799999999942,spot_old
2011-08-19,1744.8799999999947,spot_old
2011-08-22,1710.6999999999946,spot_old
2011-08-23,1776.6799999999946,spot_old
2011-08-24,1754.7799999999945,spot_old
2011-08-25,1764.5799999999945,spot_old
2011-08-26,1778.9499999999944,spot_old
2011-08-29,1829.499999999994,spot_old
2011-08-30,1843.8199999999943,spot_old
2011-08-31,1880.1099999999942,spot_old
2011-09-01,1880.6999999999946,spot_old
2011-09-02,1867.7499999999945,spot_old
2011-09-05,1785.8299999999947,spot_old
2011-09-06,1766.7099999999948,spot_old
2011-09-07,1833.4599999999946,spot_old
2011-09-08,1846.6399999999942,spot_old
2011-09-09,1812.9299999999944,spot_old
2011-09-14,1749.1599999999944,spot_old
2011-09-15,1774.0799999999942,spot_old
2011-09-16,1840.0999999999938,spot_old
2011-09-19,1820.9399999999941,spot_old
2011-09-20,1837.9699999999941,spot_old
2011-09-21,1854.279999999994,spot_old
2011-09-22,1800.549999999994,spot_old
2011-09-23,1697.4399999999946,spot_old
2011-09-26,1652.7099999999948,spot_old
2011-09-27,1735.7099999999946,spot_old
2011-09-28,1723.0899999999945,spot_old
2011-09-29,1769.2899999999943,spot_old
2011-09-30,1769.6499999999946,spot_old
2011-10-03,1706.1899999999948,spot_old
2011-10-04,1706.1899999999948,spot_old
2011-10-05,1666.5199999999948,spot_old
2011-10-06,1710.3199999999945,spot_old
2011-10-07,1759.7699999999943,spot_old
2011-10-11,1795.0199999999943,spot_old
2011-10-12,1809.4999999999943,spot_old
2011-10-13,1823.0999999999945,spot_old
2011-10-14,1835.3999999999949,spot_old
2011-10-17,1865.1799999999946,spot_old
2011-10-18,1838.8999999999946,spot_old
2011-10-19,1855.9199999999948,spot_old
2011-10-20,1805.0899999999947,spot_old
2011-10-21,1838.3799999999949,spot_old
2011-10-24,1898.3199999999943,spot_old
2011-10-25,1888.6499999999944,spot_old
2011-10-26,1894.309999999994,spot_old
2011-10-27,1922.039999999994,spot_old
2011-10-28,1929.479999999994,spot_old
2011-10-31,1909.029999999994,spot_old
2011-11-01,1909.6299999999942,spot_old
2011-11-02,1898.009999999994,spot_old
2011-11-03,1869.9599999999944,spot_old
2011-11-04,1928.4099999999944,spot_old
2011-11-07,1919.099999999994,spot_old
2011-11-08,1903.1399999999942,spot_old
2011-11-09,1907.5299999999938,spot_old
2011-11-10,1813.2499999999943,spot_old
2011-11-11,1863.4499999999944,spot_old
2011-11-14,1902.809999999994,spot_old
2011-11-15,1886.119999999994,spot_old
2011-11-16,1856.0699999999943,spot_old
2011-11-17,1876.6699999999942,spot_old
2011-11-18,1839.169999999994,spot_old
2011-11-21,1820.0299999999938,spot_old
2011-11-22,1826.2799999999938,spot_old
2011-11-23,1783.099999999994,spot_old
2011-11-24,1795.059999999994,spot_old
2011-11-25,1776.3999999999942,spot_old
2011-11-28,1815.2799999999936,spot_old
2011-11-29,1856.5199999999936,spot_old
2011-11-30,1847.5099999999939,spot_old
2011-12-01,1916.1799999999937,spot_old
2011-12-02,1916.0399999999934,spot_old
2011-12-05,1922.8999999999937,spot_old
2011-12-06,1902.8199999999936,spot_old
2011-12-07,1919.4199999999935,spot_old
2011-12-08,1912.3899999999935,spot_old
2011-12-09,1874.7499999999934,spot_old
2011-12-12,1899.7599999999934,spot_old
2011-12-13,1864.0599999999936,spot_old
2011-12-14,1857.7499999999936,spot_old
2011-12-15,1819.1099999999935,spot_old
2011-12-16,1839.9599999999937,spot_old
2011-12-19,1776.9299999999937,spot_old
2011-12-20,1793.0599999999936,spot_old
2011-12-21,1848.4099999999935,spot_old
2011-12-22,1847.4899999999934,spot_old
2011-12-23,1867.2199999999934,spot_old
2011-12-27,1842.0199999999936,spot_old
2011-12-28,1825.1199999999938,spot_old
2011-12-29,1825.7399999999939,spot_old
2012-01-02,1826.3699999999938,spot_old
2012-01-03,1875.409999999994,spot_old
2012-01-04,1866.219999999994,spot_old
2012-01-05,1863.7399999999936,spot_old
2012-01-06,1843.1399999999937,spot_old
2012-01-09,1826.4899999999936,spot_old
2012-01-10,1853.2199999999934,spot_old
2012-01-11,1845.5499999999931,spot_old
2012-01-12,1864.5699999999933,spot_old
2012-01-13,1875.6799999999932,spot_old
2012-01-16,1859.2699999999934,spot_old
2012-01-17,1892.7399999999934,spot_old
2012-01-18,1892.3899999999933,spot_old
2012-01-19,1914.969999999993,spot_old
2012-01-20,1949.889999999993,spot_old
2012-01-25,1952.2299999999927,spot_old
2012-01-26,1957.1799999999926,spot_old
2012-01-27,1964.8299999999924,spot_old
2012-01-30,1940.5499999999925,spot_old
2012-01-31,1955.7899999999927,spot_old
2012-02-01,1959.2399999999925,spot_old
2012-02-02,1984.2999999999922,spot_old
2012-02-03,1972.3399999999924,spot_old
2012-02-06,1973.1299999999926,spot_old
2012-02-07,1981.5899999999924,spot_old
2012-02-08,2003.729999999992,spot_old
2012-02-09,2014.619999999992,spot_old
2012-02-10,1993.7099999999923,spot_old
2012-02-13,2005.7399999999923,spot_old
2012-02-14,2002.6399999999924,spot_old
2012-02-15,2025.3199999999922,spot_old
2012-02-16,1997.4499999999925,spot_old
2012-02-17,2023.4699999999923,spot_old
2012-02-20,2024.8999999999924,spot_old
2012-02-21,2024.2399999999923,spot_old
2012-02-22,2028.6499999999921,spot_old
2012-02-23,2007.7999999999922,spot_old
2012-02-24,2019.8899999999926,spot_old
2012-02-27,1991.1599999999926,spot_old
2012-02-28,2003.6899999999926,spot_old
2012-02-29,2030.2499999999923,spot_old
2012-03-02,2034.6299999999922,spot_old
2012-03-05,2016.059999999992,spot_old
2012-03-06,2000.3599999999922,spot_old
2012-03-07,1982.1499999999921,spot_old
2012-03-08,2000.759999999992,spot_old
2012-03-09,2018.299999999992,spot_old
2012-03-12,2002.499999999992,spot_old
2012-03-13,2025.0399999999916,spot_old
2012-03-14,2045.0799999999913,spot_old
2012-03-15,2043.7599999999916,spot_old
2012-03-16,2034.4399999999916,spot_old
2012-03-19,2046.9999999999918,spot_old
2012-03-20,2042.149999999992,spot_old
2012-03-21,2027.229999999992,spot_old
2012-03-22,2026.119999999992,spot_old
2012-03-23,2026.8299999999917,spot_old
2012-03-26,2019.1899999999919,spot_old
2012-03-27,2039.7599999999916,spot_old
2012-03-28,2031.7399999999916,spot_old
2012-03-29,2014.4099999999917,spot_old
2012-03-30,2014.0399999999918,spot_old
2012-04-02,2029.2899999999916,spot_old
2012-04-03,2049.2799999999916,spot_old
2012-04-04,2018.6099999999913,spot_old
2012-04-05,2028.7699999999911,spot_old
2012-04-06,2029.029999999991,spot_old
2012-04-09,1997.0799999999913,spot_old
2012-04-10,1994.4099999999912,spot_old
2012-04-12,1986.6299999999912,spot_old
2012-04-13,2008.909999999991,spot_old
2012-04-16,1992.6299999999908,spot_old
2012-04-17,1985.2999999999909,spot_old
2012-04-18,2004.5299999999909,spot_old
2012-04-19,1999.8599999999908,spot_old
2012-04-20,1974.649999999991,spot_old
2012-04-23,1972.629999999991,spot_old
2012-04-24,1963.4199999999912,spot_old
2012-04-25,1961.979999999991,spot_old
2012-04-26,1964.0399999999909,spot_old
2012-04-27,1975.3499999999908,spot_old
2012-04-30,1981.9899999999911,spot_old
2012-05-02,1999.069999999991,spot_old
2012-05-03,1995.109999999991,spot_old
2012-05-04,1989.149999999991,spot_old
2012-05-07,1956.4399999999912,spot_old
2012-05-08,1967.0099999999907,spot_old
2012-05-09,1950.2899999999909,spot_old
2012-05-10,1944.929999999991,spot_old
2012-05-11,1917.1299999999912,spot_old
2012-05-14,1913.729999999991,spot_old
2012-05-15,1898.9599999999912,spot_old
2012-05-16,1840.5299999999916,spot_old
2012-05-17,1845.2399999999914,spot_old
2012-05-18,1782.4599999999916,spot_old
2012-05-21,1799.1299999999917,spot_old
2012-05-22,1828.6899999999916,spot_old
2012-05-23,1808.6199999999917,spot_old
2012-05-24,1814.4699999999918,spot_old
2012-05-25,1824.169999999992,spot_old
2012-05-29,1849.9099999999917,spot_old
2012-05-30,1844.8599999999915,spot_old
2012-05-31,1843.4699999999916,spot_old
2012-06-01,1834.5099999999916,spot_old
2012-06-04,1783.129999999992,spot_old
2012-06-05,1801.8499999999915,spot_old
2012-06-07,1847.9499999999914,spot_old
2012-06-08,1835.6399999999915,spot_old
2012-06-11,1867.0399999999909,spot_old
2012-06-12,1854.7399999999911,spot_old
2012-06-13,1859.3199999999908,spot_old
2012-06-14,1871.4799999999912,spot_old
2012-06-15,1858.1599999999912,spot_old
2012-06-18,1891.709999999991,spot_old
2012-06-19,1891.769999999991,spot_old
2012-06-20,1904.1199999999908,spot_old
2012-06-21,1889.1499999999912,spot_old
2012-06-22,1847.3899999999915,spot_old
2012-06-25,1825.3799999999915,spot_old
2012-06-26,1817.8099999999913,spot_old
2012-06-27,1817.6499999999915,spot_old
2012-06-28,1819.1799999999914,spot_old
2012-06-29,1854.0099999999911,spot_old
2012-07-02,1851.6499999999915,spot_old
2012-07-03,1867.8199999999913,spot_old
2012-07-04,1874.4499999999912,spot_old
2012-07-05,1875.4899999999911,spot_old
2012-07-06,1858.1999999999912,spot_old
2012-07-09,1836.1299999999915,spot_old
2012-07-10,1829.4499999999914,spot_old
2012-07-11,1826.3899999999915,spot_old
2012-07-12,1785.3899999999917,spot_old
2012-07-13,1812.8899999999917,spot_old
2012-07-16,1817.7899999999916,spot_old
2012-07-17,1821.959999999992,spot_old
2012-07-18,1794.9099999999921,spot_old
2012-07-19,1822.959999999992,spot_old
2012-07-20,1822.9299999999923,spot_old
2012-07-23,1789.4399999999926,spot_old
2012-07-24,1793.9299999999926,spot_old
2012-07-25,1769.3099999999924,spot_old
2012-07-26,1782.4699999999925,spot_old
2012-07-27,1829.1599999999924,spot_old
2012-07-30,1843.7899999999918,spot_old
2012-07-31,1881.9899999999916,spot_old
2012-08-01,1879.9299999999917,spot_old
2012-08-02,1869.3999999999917,spot_old
2012-08-03,1848.6799999999919,spot_old
2012-08-06,1885.8799999999917,spot_old
2012-08-07,1886.7999999999918,spot_old
2012-08-08,1903.2299999999916,spot_old
2012-08-09,1940.589999999991,spot_old
2012-08-10,1946.3999999999912,spot_old
2012-08-13,1932.4399999999914,spot_old
2012-08-14,1956.959999999991,spot_old
2012-08-16,1957.9099999999912,spot_old
2012-08-17,1946.5399999999909,spot_old
2012-08-20,1946.3099999999909,spot_old
2012-08-21,1943.2199999999912,spot_old
2012-08-22,1935.189999999991,spot_old
2012-08-23,1942.5399999999909,spot_old
2012-08-24,1919.8099999999909,spot_old
2012-08-27,1917.869999999991,spot_old
2012-08-28,1916.3299999999908,spot_old
2012-08-29,1928.5399999999909,spot_old
2012-08-30,1906.379999999991,spot_old
2012-08-31,1905.1199999999908,spot_old
2012-09-03,1912.709999999991,spot_old
2012-09-04,1907.129999999991,spot_old
2012-09-05,1874.029999999991,spot_old
2012-09-06,1881.2399999999907,spot_old
2012-09-07,1929.5799999999904,spot_old
2012-09-10,1924.6999999999905,spot_old
2012-09-11,1919.9999999999905,spot_old
2012-09-12,1950.0299999999902,spot_old
2012-09-13,1950.6899999999903,spot_old
2012-09-14,2007.5799999999895,spot_old
2012-09-17,2002.3499999999894,spot_old
2012-09-18,2004.9599999999898,spot_old
2012-09-19,2007.8799999999899,spot_old
2012-09-20,1990.3299999999897,spot_old
2012-09-21,2002.3699999999894,spot_old
2012-09-24,2003.4399999999896,spot_old
2012-09-25,1991.40999999999,spot_old
2012-09-26,1980.4399999999898,spot_old
2012-09-27,1988.6999999999898,spot_old
2012-09-28,1996.2099999999896,spot_old
2012-10-02,1996.0299999999893,spot_old
2012-10-04,1992.6799999999894,spot_old
2012-10-05,1995.1699999999896,spot_old
2012-10-08,1981.8899999999899,spot_old
2012-10-09,1979.0399999999897,spot_old
2012-10-10,1948.21999999999,spot_old
2012-10-11,1933.08999999999,spot_old
2012-10-12,1933.2599999999898,spot_old
2012-10-15,1925.5899999999897,spot_old
2012-10-16,1941.5399999999895,spot_old
2012-10-17,1955.1499999999899,spot_old
2012-10-18,1959.1199999999897,spot_old
2012-10-19,1943.83999999999,spot_old
2012-10-22,1941.5899999999897,spot_old
2012-10-23,1926.80999999999,spot_old
2012-10-24,1913.95999999999,spot_old
2012-10-25,1924.4999999999898,spot_old
2012-10-26,1891.42999999999,spot_old
2012-10-29,1891.5199999999902,spot_old
2012-10-30,1899.57999999999,spot_old
2012-10-31,1912.0599999999902,spot_old
2012-11-01,1898.43999999999,spot_old
2012-11-02,1918.71999999999,spot_old
2012-11-05,1908.21999999999,spot_old
2012-11-06,1928.1699999999896,spot_old
2012-11-07,1937.5499999999895,spot_old
2012-11-08,1914.4099999999899,spot_old
2012-11-09,1904.4099999999899,spot_old
2012-11-12,1900.8699999999897,spot_old
2012-11-13,1889.69999999999,spot_old
2012-11-14,1894.03999999999,spot_old
2012-11-15,1870.71999999999,spot_old
2012-11-16,1860.82999999999,spot_old
2012-11-19,1878.0999999999897,spot_old
2012-11-20,1890.1799999999896,spot_old
2012-11-21,1884.0399999999893,spot_old
2012-11-22,1899.4999999999893,spot_old
2012-11-23,1911.3299999999892,spot_old
2012-11-26,1908.5099999999895,spot_old
2012-11-27,1925.1999999999896,spot_old
2012-11-28,1912.7799999999895,spot_old
2012-11-29,1934.849999999989,spot_old
2012-11-30,1932.8999999999892,spot_old
2012-12-03,1940.019999999989,spot_old
2012-12-04,1935.1799999999891,spot_old
2012-12-05,1947.0399999999888,spot_old
2012-12-06,1949.6199999999887,spot_old
2012-12-07,1957.449999999989,spot_old
2012-12-10,1957.4199999999887,spot_old
2012-12-11,1964.6199999999883,spot_old
2012-12-12,1975.4399999999882,spot_old
2012-12-13,2002.7699999999882,spot_old
2012-12-14,1995.0399999999881,spot_old
2012-12-17,1983.069999999988,spot_old
2012-12-18,1993.0899999999876,spot_old
2012-12-20,1999.4999999999877,spot_old
2012-12-21,1980.4199999999878,spot_old
2012-12-24,1981.8199999999877,spot_old
2012-12-26,1982.2499999999882,spot_old
2012-12-27,1987.349999999988,spot_old
2012-12-28,1997.049999999988,spot_old
2013-01-02,2031.0999999999879,spot_old
2013-01-03,2019.409999999988,spot_old
2013-01-04,2011.939999999988,spot_old
2013-01-07,2011.2499999999877,spot_old
2013-01-08,1997.9399999999878,spot_old
2013-01-09,1991.809999999988,spot_old
2013-01-10,2006.7999999999874,spot_old
2013-01-11,1996.6699999999878,spot_old
2013-01-14,2007.0399999999877,spot_old
2013-01-15,1983.7399999999877,spot_old
2013-01-16,1977.4499999999878,spot_old
2013-01-17,1974.269999999988,spot_old
2013-01-18,1987.8499999999879,spot_old
2013-01-21,1986.859999999988,spot_old
2013-01-22,1996.519999999988,spot_old
2013-01-23,1980.409999999988,spot_old
2013-01-24,1964.479999999988,spot_old
2013-01-25,1946.689999999988,spot_old
2013-01-28,1939.709999999988,spot_old
2013-01-29,1955.959999999988,spot_old
2013-01-30,1964.4299999999878,spot_old
2013-01-31,1961.939999999988,spot_old
2013-02-01,1957.789999999988,spot_old
2013-02-04,1953.2099999999878,spot_old
2013-02-05,1938.1799999999878,spot_old
2013-02-06,1936.1899999999875,spot_old
2013-02-07,1931.7699999999875,spot_old
2013-02-08,1950.8999999999874,spot_old
2013-02-12,1945.7899999999872,spot_old
2013-02-13,1976.0699999999872,spot_old
2013-02-14,1979.6099999999874,spot_old
2013-02-15,1981.1799999999873,spot_old
2013-02-18,1981.9099999999876,spot_old
2013-02-19,1985.8299999999872,spot_old
2013-02-20,2024.639999999987,spot_old
2013-02-21,2015.2199999999868,spot_old
2013-02-22,2018.889999999987,spot_old
2013-02-25,2009.5199999999866,spot_old
2013-02-26,2000.0099999999866,spot_old
2013-02-27,2004.0399999999863,spot_old
2013-02-28,2026.4899999999861,spot_old
2013-03-04,2013.1499999999862,spot_old
2013-03-05,2016.609999999986,spot_old
2013-03-06,2020.739999999986,spot_old
2013-03-07,2004.3999999999862,spot_old
2013-03-08,2006.009999999986,spot_old
2013-03-11,2003.3499999999858,spot_old
2013-03-12,1993.3399999999858,spot_old
2013-03-13,1999.7299999999861,spot_old
2013-03-14,2002.129999999986,spot_old
2013-03-15,1986.4999999999857,spot_old
2013-03-18,1968.1799999999862,spot_old
2013-03-19,1978.559999999986,spot_old
2013-03-20,1959.4099999999862,spot_old
2013-03-21,1950.819999999986,spot_old
2013-03-22,1948.7099999999864,spot_old
2013-03-25,1977.669999999986,spot_old
2013-03-26,1983.6999999999857,spot_old
2013-03-27,1993.4399999999857,spot_old
2013-03-28,1993.5199999999857,spot_old
2013-03-29,2004.8899999999855,spot_old
2013-04-01,1995.9899999999857,spot_old
2013-04-02,1986.1499999999858,spot_old
2013-04-03,1983.2199999999855,spot_old
2013-04-04,1959.449999999986,spot_old
2013-04-05,1927.2299999999864,spot_old
2013-04-08,1918.6899999999862,spot_old
2013-04-09,1920.7399999999861,spot_old
2013-04-10,1935.579999999986,spot_old
2013-04-11,1949.7999999999856,spot_old
2013-04-12,1924.229999999986,spot_old
2013-04-15,1920.449999999986,spot_old
2013-04-16,1922.2099999999862,spot_old
2013-04-17,1923.839999999986,spot_old
2013-04-18,1900.059999999986,spot_old
2013-04-19,1906.7499999999864,spot_old
2013-04-22,1926.309999999986,spot_old
2013-04-23,1918.6299999999862,spot_old
2013-04-24,1935.3099999999858,spot_old
2013-04-25,1951.5999999999854,spot_old
2013-04-26,1944.5599999999856,spot_old
2013-04-29,1940.6999999999855,spot_old
2013-04-30,1963.9499999999853,spot_old
2013-05-02,1957.2099999999853,spot_old
2013-05-03,1965.7099999999855,spot_old
2013-05-06,1961.4799999999855,spot_old
2013-05-07,1954.3499999999854,spot_old
2013-05-08,1956.4499999999853,spot_old
2013-05-09,1979.449999999985,spot_old
2013-05-10,1944.7499999999852,spot_old
2013-05-13,1948.6999999999855,spot_old
2013-05-14,1968.8299999999854,spot_old
2013-05-15,1971.2599999999854,spot_old
2013-05-16,1986.8099999999852,spot_old
2013-05-20,1982.4299999999853,spot_old
2013-05-21,1981.0899999999851,spot_old
2013-05-22,1993.8299999999851,spot_old
2013-05-23,1969.1899999999853,spot_old
2013-05-24,1973.449999999985,spot_old
2013-05-27,1979.9699999999848,spot_old
2013-05-28,1986.2199999999846,spot_old
2013-05-29,2001.1999999999844,spot_old
2013-05-30,2000.0999999999844,spot_old
2013-05-31,2001.0499999999847,spot_old
2013-06-03,1989.5699999999845,spot_old
2013-06-04,1989.5099999999845,spot_old
2013-06-05,1959.189999999985,spot_old
2013-06-07,1923.8499999999851,spot_old
2013-06-10,1932.6999999999853,spot_old
2013-06-11,1920.6799999999855,spot_old
2013-06-12,1909.9099999999853,spot_old
2013-06-13,1882.7299999999857,spot_old
2013-06-14,1889.2399999999855,spot_old
2013-06-17,1883.0999999999854,spot_old
2013-06-18,1900.6199999999853,spot_old
2013-06-19,1888.3099999999854,spot_old
2013-06-20,1850.4899999999857,spot_old
2013-06-21,1822.8299999999858,spot_old
2013-06-24,1799.0099999999861,spot_old
2013-06-25,1780.6299999999865,spot_old
2013-06-26,1783.4499999999864,spot_old
2013-06-27,1834.699999999986,spot_old
2013-06-28,1863.3199999999858,spot_old
2013-07-01,1855.729999999986,spot_old
2013-07-02,1855.0199999999859,spot_old
2013-07-03,1824.659999999986,spot_old
2013-07-04,1839.139999999986,spot_old
2013-07-05,1833.3099999999858,spot_old
2013-07-08,1816.849999999986,spot_old
2013-07-09,1830.349999999986,spot_old
2013-07-10,1824.1599999999862,spot_old
2013-07-11,1877.5999999999856,spot_old
2013-07-12,1869.979999999986,spot_old
2013-07-15,1875.1599999999858,spot_old
2013-07-16,1866.3599999999858,spot_old
2013-07-17,1887.4899999999857,spot_old
2013-07-18,1875.479999999986,spot_old
2013-07-19,1871.4099999999858,spot_old
2013-07-22,1880.3499999999854,spot_old
2013-07-23,1904.1499999999855,spot_old
2013-07-24,1912.0799999999854,spot_old
2013-07-25,1909.6099999999853,spot_old
2013-07-26,1910.8099999999854,spot_old
2013-07-29,1899.8899999999853,spot_old
2013-07-30,1917.0499999999852,spot_old
2013-07-31,1914.0299999999852,spot_old
2013-08-01,1920.739999999985,spot_old
2013-08-02,1923.379999999985,spot_old
2013-08-05,1916.219999999985,spot_old
2013-08-06,1906.6199999999849,spot_old
2013-08-07,1878.3299999999851,spot_old
2013-08-08,1883.9699999999852,spot_old
2013-08-09,1880.7099999999853,spot_old
2013-08-12,1884.829999999985,spot_old
2013-08-13,1913.0299999999845,spot_old
2013-08-14,1923.9099999999844,spot_old
2013-08-16,1920.109999999984,spot_old
2013-08-19,1917.6399999999842,spot_old
2013-08-20,1887.8499999999842,spot_old
2013-08-21,1867.4599999999843,spot_old
2013-08-22,1849.1199999999844,spot_old
2013-08-23,1870.1599999999844,spot_old
2013-08-26,1887.8599999999844,spot_old
2013-08-27,1885.8399999999845,spot_old
2013-08-28,1884.5199999999845,spot_old
2013-08-29,1907.5399999999845,spot_old
2013-08-30,1926.3599999999842,spot_old
2013-09-02,1924.809999999984,spot_old
2013-09-03,1933.7399999999839,spot_old
2013-09-04,1933.029999999984,spot_old
2013-09-05,1951.6499999999842,spot_old
2013-09-06,1955.3099999999843,spot_old
2013-09-09,1974.669999999984,spot_old
2013-09-10,1994.0599999999836,spot_old
2013-09-11,2003.8499999999835,spot_old
2013-09-12,2004.0599999999838,spot_old
2013-09-13,1994.3199999999838,spot_old
2013-09-16,2013.3699999999833,spot_old
2013-09-17,2005.5799999999836,spot_old
2013-09-23,2009.4099999999837,spot_old
2013-09-24,2007.0999999999838,spot_old
2013-09-25,1998.0599999999838,spot_old
2013-09-26,2007.3199999999836,spot_old
2013-09-27,2011.7999999999838,spot_old
2013-09-30,1996.9599999999841,spot_old
2013-10-01,1998.869999999984,spot_old
2013-10-02,1999.4699999999846,spot_old
2013-10-04,1996.9799999999846,spot_old
2013-10-07,1994.4199999999844,spot_old
2013-10-08,2002.759999999984,spot_old
2013-10-10,2001.3999999999844,spot_old
2013-10-11,2024.8999999999842,spot_old
2013-10-14,2020.2699999999843,spot_old
2013-10-15,2040.9599999999841,spot_old
2013-10-16,2034.609999999984,spot_old
2013-10-17,2040.609999999984,spot_old
2013-10-18,2052.399999999984,spot_old
2013-10-21,2053.0099999999843,spot_old
2013-10-22,2056.119999999984,spot_old
2013-10-23,2035.7499999999843,spot_old
2013-10-24,2046.6899999999844,spot_old
2013-10-25,2034.3899999999842,spot_old
2013-10-28,2048.139999999984,spot_old
2013-10-29,2051.759999999984,spot_old
2013-10-30,2059.5799999999836,spot_old
2013-10-31,2030.0899999999835,spot_old
2013-11-01,2039.4199999999835,spot_old
2013-11-04,2025.1699999999837,spot_old
2013-11-05,2013.929999999984,spot_old
2013-11-06,2013.669999999984,spot_old
2013-11-07,2004.0399999999838,spot_old
2013-11-08,1984.8699999999837,spot_old
2013-11-11,1977.299999999984,spot_old
2013-11-12,1995.479999999984,spot_old
2013-11-13,1963.5599999999843,spot_old
2013-11-14,1967.5599999999843,spot_old
2013-11-15,2005.6399999999842,spot_old
2013-11-18,2010.8099999999838,spot_old
2013-11-19,2031.639999999984,spot_old
2013-11-20,2017.2399999999843,spot_old
2013-11-21,1993.7799999999845,spot_old
2013-11-22,2006.2299999999846,spot_old
2013-11-25,2015.9799999999846,spot_old
2013-11-26,2022.6399999999844,spot_old
2013-11-27,2028.809999999984,spot_old
2013-11-28,2045.7699999999843,spot_old
2013-11-29,2044.8699999999842,spot_old
2013-12-02,2030.7799999999843,spot_old
2013-12-03,2009.3599999999847,spot_old
2013-12-04,1986.799999999985,spot_old
2013-12-05,1984.7699999999852,spot_old
2013-12-06,1980.4099999999853,spot_old
2013-12-09,2000.379999999985,spot_old
2013-12-10,1993.4499999999853,spot_old
2013-12-11,1977.9699999999852,spot_old
2013-12-12,1967.9299999999853,spot_old
2013-12-13,1962.9099999999853,spot_old
2013-12-16,1961.1499999999853,spot_old
2013-12-17,1965.7399999999857,spot_old
2013-12-18,1974.6299999999858,spot_old
2013-12-19,1975.6499999999858,spot_old
2013-12-20,1983.3499999999854,spot_old
2013-12-23,1996.8899999999858,spot_old
2013-12-24,2001.5899999999854,spot_old
2013-12-26,1999.2999999999854,spot_old
2013-12-27,2002.2799999999854,spot_old
2013-12-30,2011.3399999999851,spot_old
2014-01-02,1967.189999999986,spot_old
2014-01-03,1946.139999999986,spot_old
2014-01-06,1953.2799999999859,spot_old
2014-01-07,1959.4399999999862,spot_old
2014-01-08,1958.959999999986,spot_old
2014-01-09,1946.1099999999858,spot_old
2014-01-10,1938.5399999999859,spot_old
2014-01-13,1948.919999999986,spot_old
2014-01-14,1946.0699999999858,spot_old
2014-01-15,1953.2799999999856,spot_old
2014-01-16,1957.3199999999852,spot_old
2014-01-17,1944.4799999999852,spot_old
2014-01-20,1953.779999999985,spot_old
2014-01-21,1963.889999999985,spot_old
2014-01-22,1970.419999999985,spot_old
2014-01-23,1947.589999999985,spot_old
2014-01-24,1940.5599999999852,spot_old
2014-01-27,1910.3399999999854,spot_old
2014-01-28,1916.9299999999853,spot_old
2014-01-29,1941.1499999999849,spot_old
2014-02-03,1919.959999999985,spot_old
2014-02-04,1886.849999999985,spot_old
2014-02-05,1891.319999999985,spot_old
2014-02-06,1907.8899999999846,spot_old
2014-02-07,1922.4999999999845,spot_old
2014-02-10,1923.2999999999845,spot_old
2014-02-11,1932.0599999999845,spot_old
2014-02-12,1935.8399999999845,spot_old
2014-02-13,1926.9599999999846,spot_old
2014-02-14,1940.2799999999847,spot_old
2014-02-18,1946.9099999999848,spot_old
2014-02-19,1942.9299999999848,spot_old
2014-02-20,1930.569999999985,spot_old
2014-02-21,1957.8299999999847,spot_old
2014-02-24,1949.0499999999847,spot_old
2014-02-25,1964.859999999985,spot_old
2014-02-26,1970.769999999985,spot_old
2014-02-27,1978.429999999985,spot_old
2014-02-28,1979.9899999999848,spot_old
2014-03-03,1964.6899999999848,spot_old
2014-03-04,1954.1099999999847,spot_old
2014-03-05,1971.2399999999848,spot_old
2014-03-06,1975.6199999999844,spot_old
2014-03-07,1974.6799999999846,spot_old
2014-03-10,1954.4199999999848,spot_old
2014-03-11,1963.8699999999847,spot_old
2014-03-12,1932.539999999985,spot_old
2014-03-14,1932.539999999985,futures
2014-03-17,1920.2828752642556,futures
2014-03-18,1925.4921532769406,futures
2014-03-19,1934.1742832980826,futures
2014-03-20,1908.4343213530508,futures
2014-03-21,1924.368583509499,futures
2014-03-24,1924.368583509499,futures
2014-03-25,1935.399995771655,futures
2014-03-26,1963.182811839308,futures
2014-03-27,1972.171369978843,futures
2014-03-28,1974.6227949259883,futures
2014-03-31,1979.1170739957554,futures
2014-04-01,1990.9656279069607,futures
2014-04-02,1996.2770486257764,futures
2014-04-03,1997.911331923874,futures
2014-04-04,2003.6313234672139,futures
2014-04-07,1996.6856194503011,futures
2014-04-08,2009.9641712473413,futures
2014-04-09,2009.9641712473413,futures
2014-04-10,2009.9641712473413,futures
2014-04-11,1999.1370443974465,futures
2014-04-14,2006.491319238884,futures
2014-04-15,1997.094190274825,futures
2014-04-16,2002.405610993641,futures
2014-04-17,1999.1370443974465,futures
2014-04-18,2014.6627357293703,futures
2014-04-21,2011.8027399576997,futures
2014-04-22,2010.5770274841273,futures
2014-04-23,2008.1256025369821,futures
2014-04-24,2002.4056109936414,futures
2014-04-25,1974.2142241014644,futures
2014-04-28,1978.9127885834935,futures
2014-04-29,1976.4613636363483,futures
2014-04-30,1954.6028245242978,futures
2014-05-02,1957.0542494714432,futures
2014-05-07,1930.4971458773634,futures
2014-05-08,1941.9371289640442,futures
2014-05-09,1943.1628414376164,futures
2014-05-12,1957.4628202959673,futures
2014-05-13,1986.0627780126688,futures
2014-05-14,2017.1141606765168,futures
2014-05-15,2015.4798773784191,futures
2014-05-16,2015.8884482029434,futures
2014-05-19,2016.2970190274684,futures
2014-05-20,2015.0713065538955,futures
2014-05-21,2017.5227315010409,futures
2014-05-22,2025.694147991527,futures
2014-05-23,2023.6512938689054,futures
2014-05-26,2017.9313023255647,futures
2014-05-27,1995.6641923889904,futures
2014-05-28,2021.1998689217596,futures
2014-05-29,2017.5227315010404,futures
2014-05-30,2008.3298879492434,futures
2014-06-02,2004.448465116262,futures
2014-06-03,2005.265606765311,futures
2014-06-05,1991.3741987314838,futures
2014-06-09,1992.1913403805324,futures
2014-06-10,2014.254164904846,futures
2014-06-11,2011.8027399576995,futures
2014-06-12,2005.2656067653106,futures
2014-06-13,1975.0313657505117,futures
2014-06-16,1982.5899260042117,futures
2014-06-17,1990.96562790696,futures
2014-06-18,1978.7085031712306,futures
2014-06-19,1983.611353065523,futures
2014-06-20,1952.1513995771502,futures
2014-06-23,1963.591382663831,futures
2014-06-24,1988.1056321352896,futures
2014-06-25,1972.5799408033658,futures
2014-06-26,1988.922773784338,futures
2014-06-27,1984.0199238900461,futures
2014-06-30,1986.8799196617167,futures
2014-07-01,1987.2884904862406,futures
2014-07-02,2003.2227526426889,futures
2014-07-03,2002.2013255813781,futures
2014-07-04,1997.0941902748243,futures
2014-07-07,1985.245636363619,futures
2014-07-08,1983.2027822409975,futures
2014-07-09,1974.2142241014637,futures
2014-07-10,1977.891361522182,futures
2014-07-11,1960.3228160676365,futures
2014-07-14,1967.26852008455,futures
2014-07-15,1990.96562790696,futures
2014-07-16,1994.234194503154,futures
2014-07-17,1999.954186046495,futures
2014-07-18,1997.0941902748243,futures
2014-07-21,1997.5027610993484,futures
2014-07-22,2012.2113107822245,futures
2014-07-23,2008.9427441860298,futures
2014-07-24,2012.619881606748,futures
2014-07-25,2017.3184460887785,futures
2014-07-28,2035.908418604634,futures
2014-07-29,2057.766957716685,futures
2014-07-30,2094.946902748397,futures
2014-07-31,2074.722646934443,futures
2014-08-01,2064.5083763213356,futures
2014-08-04,2060.4226680760926,futures
2014-08-05,2048.5741141648873,futures
2014-08-06,2043.2626934460714,futures
2014-08-07,2030.5969978858186,futures
2014-08-08,2004.2441797040003,futures
2014-08-11,2018.748443974613,futures
2014-08-12,2016.2970190274682,futures
2014-08-13,2031.414139534868,futures
2014-08-14,2036.7255602536836,futures
2014-08-18,2020.791298097235,futures
2014-08-19,2042.4455517970232,futures
2014-08-20,2037.7469873149944,futures
2014-08-21,2000.7713276955444,futures
2014-08-22,2017.114160676517,futures
2014-08-25,2022.017010570808,futures
2014-08-26,2031.0055687103431,futures
2014-08-27,2032.639852008441,futures
2014-08-28,2035.0912769555864,futures
2014-08-29,2024.8770063424786,futures
2014-09-01,2023.2427230443823,futures
2014-09-02,2003.6313234672145,futures
2014-09-03,1999.1370443974477,futures
2014-09-04,2003.6313234672145,futures
2014-09-05,1995.0513361522042,futures
2014-09-11,1987.697061310767,futures
2014-09-12,1996.2770486257768,futures
2014-09-15,1990.1484862579123,futures
2014-09-16,1994.2341945031558,futures
2014-09-17,2016.7055898519927,futures
2014-09-18,2006.491319238885,futures
2014-09-19,2011.598454545439,futures
2014-09-22,1984.8370655390968,futures
2014-09-23,1976.6656490486105,futures
2014-09-24,1976.6656490486105,futures
2014-09-25,1975.031365750513,futures
2014-09-26,1968.9028033826485,futures
2014-09-29,1961.5485285412112,futures
2014-09-30,1950.1085454545305,futures
2014-10-01,1927.637150105694,futures
2014-10-02,1899.445763213516,futures
2014-10-06,1900.0586194503032,futures
2014-10-07,1897.8114799154196,futures
2014-10-08,1894.9514841437497,futures
2014-10-10,1859.8143932346586,futures
2014-10-13,1850.6215496828615,futures
2014-10-14,1859.4058224101345,futures
2014-10-15,1853.2772600422702,futures
2014-10-16,1841.2244207188028,futures
2014-10-17,1817.323027484131,futures
2014-10-20,1844.288701902735,futures
2014-10-21,1830.3972938689087,futures
2014-10-22,1846.740126849881,futures
2014-10-23,1846.3315560253563,futures
2014-10-24,1838.5687103593948,futures
2014-10-27,1849.1915517970265,futures
2014-10-28,1846.3315560253561,futures
2014-10-29,1885.1457843551655,futures
2014-10-30,1883.5115010570685,futures
2014-10-31,1893.3172008456518,futures
2014-11-03,1885.55435517969,futures
2014-11-04,1868.802951374193,futures
2014-11-05,1863.9001014799017,futures
2014-11-06,1875.3400845665826,futures
2014-11-07,1876.5657970401555,futures
2014-11-10,1898.2200507399436,futures
2014-11-11,1896.5857674418462,futures
2014-11-12,1903.5314714587596,futures
2014-11-13,1896.994338266371,futures
2014-11-14,1881.0600761099229,futures
2014-11-17,1887.1886384777877,futures
2014-11-18,1901.4886173361383,futures
2014-11-19,1896.994338266371,futures
2014-11-20,1891.2743467230305,futures
2014-11-21,1895.3600549682735,futures
2014-11-24,1917.014308668062,futures
2014-11-25,1914.9714545454406,futures
2014-11-26,1910.8857463001975,futures
2014-11-27,1927.0242938689075,futures
2014-11-28,1923.9600126849755,futures
2014-12-01,1902.3057589851874,futures
2014-12-02,1903.9400422832846,futures
2014-12-03,1906.39146723043,futures
2014-12-04,1930.4971458773646,futures
2014-12-05,1928.8628625792674,futures
2014-12-08,1923.9600126849755,futures
2014-12-09,1917.0143086680623,futures
2014-12-10,1883.1029302325446,futures
2014-12-11,1857.3629682875135,futures
2014-12-12,1858.9972515856107,futures
2014-12-15,1866.7600972515722,futures
2014-12-16,1847.5572684989297,futures
2014-12-17,1845.7186997885706,futures
2014-12-18,1838.5687103593955,futures
2014-12-19,1870.845805496816,futures
2014-12-22,1884.124357293856,futures
2014-12-23,1884.124357293856,futures
2014-12-24,1887.801494714575,futures
2014-12-26,1887.801494714575,futures
2014-12-29,1880.6515052853995,futures
2014-12-30,1854.0944016913195,futures
2014-12-31,1862.0615327695436,futures
2015-01-02,1861.244391120495,futures
2015-01-05,1859.2015369978735,futures
2015-01-06,1819.5701670190153,futures
2015-01-07,1824.8815877378315,futures
2015-01-08,1849.600122621552,futures
2015-01-09,1876.3615116278943,futures
2015-01-12,1869.0072367864566,futures
2015-01-13,1880.2429344608752,futures
2015-01-14,1870.0286638477673,futures
2015-01-15,1879.0172219873027,futures
2015-01-16,1846.3315560253577,futures
2015-01-19,1844.4929873149981,futures
2015-01-20,1884.7372135306427,futures
2015-01-21,1892.9086300211288,futures
2015-01-22,1844.4929873149977,futures
2015-01-23,1910.0686046511496,futures
2015-01-26,1908.8428921775765,futures
2015-01-27,1923.142871035927,futures
2015-01-28,1923.5514418604519,futures
2015-01-29,1916.6057378435385,futures
2015-01-30,1910.477175475674,futures
2015-02-02,1911.2943171247227,futures
2015-02-03,1844.4929873149977,futures
2015-02-04,1920.691446088782,futures
2015-02-05,1899.8543340380422,futures
2015-02-06,1905.1657547568584,futures
2015-02-09,1901.4886173361394,futures
2015-02-10,1889.6400634249344,futures
2015-02-11,1893.7257716701774,futures
2015-02-12,1883.715786469332,futures
2015-02-13,1901.4886173361397,futures
2015-02-16,1905.1657547568586,futures
2015-02-17,1908.8428921775774,futures
2015-02-23,1914.76716913318,futures
2015-02-24,1917.8314503171125,futures
2015-02-25,1925.1857251585502,futures
2015-02-26,1923.9600126849778,futures
2015-02-27,1920.4871606765212,futures
2015-03-02,1928.8628625792694,futures
2015-03-03,1938.668562367853,futures
2015-03-04,1935.8085665961823,futures
2015-03-05,1937.4428498942802,futures
2015-03-06,1948.474262156437,futures
2015-03-09,1925.5942959830752,futures
2015-03-10,1916.1971670190162,futures
2015-03-11,1915.3800253699676,futures
2015-03-12,1917.422879492589,futures
2015-03-13,1924.3685835095023,futures
2015-03-16,1928.4542917547453,futures
2015-03-17,1972.1713699788465,futures
2015-03-18,1976.6656490486137,futures
2015-03-19,1981.5684989429058,futures
2015-03-20,1977.8913615221863,futures
2015-03-23,1978.7085031712354,futures
2015-03-24,1980.3427864693329,futures
2015-03-25,1981.159928118382,futures
2015-03-26,1958.2799619450195,futures
2015-03-27,1956.645678646923,futures
2015-03-30,1957.4628202959711,futures
2015-03-31,1958.6885327695447,futures
2015-04-01,1943.1628414376207,futures
2015-04-02,1946.0228372092915,futures
2015-04-03,1961.1399577166906,futures
2015-04-06,1959.914245243118,futures
2015-04-07,1956.6456786469237,futures
2015-04-08,1972.5799408033715,futures
2015-04-09,1969.3113742071776,futures
2015-04-10,1997.911331923879,futures
2015-04-13,2012.2113107822302,futures
2015-04-14,2026.102718816057,futures
2015-04-15,2033.0484228329694,futures
2015-04-16,2052.2512515856124,futures
2015-04-17,2051.02553911204,futures
2015-04-20,2051.02553911204,futures
2015-04-21,2049.799826638467,futures
2015-04-22,2059.1969556025265,futures
2015-04-23,2090.2483382663736,futures
2015-04-24,2074.7226469344496,futures
2015-04-27,2070.636938689207,futures
2015-04-28,2060.014097251575,futures
2015-04-29,2050.616968287516,futures
2015-04-30,2043.2626934460777,futures
2015-05-04,2051.0255391120404,futures
2015-05-06,2011.802739957707,futures
2015-05-07,2001.9970401691235,futures
2015-05-08,1991.7827695560156,futures
2015-05-11,1995.4599069767344,futures
2015-05-12,1995.8684778012587,futures
2015-05-13,2008.5341733615119,futures
2015-05-14,2009.3513150105607,futures
2015-05-15,1986.8799196617238,futures
2015-05-18,1992.5999112050645,futures
2015-05-19,2003.6313234672214,futures
2015-05-20,2024.0598646934368,futures
2015-05-21,1998.7284735729293,futures
2015-05-22,2024.0598646934368,futures
2015-05-26,2019.157014799145,futures
2015-05-27,1973.8056532769458,futures
2015-05-28,1976.2570782240919,futures
2015-05-29,1986.0627780126747,futures
2015-06-01,1967.677090909081,futures
2015-06-02,1949.6999746300123,futures
2015-06-03,1930.4971458773696,futures
2015-06-04,1934.5828541226128,futures
2015-06-05,1934.5828541226128,futures
2015-06-08,1929.6800042283212,futures
2015-06-09,1926.8200084566508,futures
2015-06-10,1912.928600422824,futures
2015-06-11,1920.691446088786,futures
2015-06-12,1900.6714756870945,futures
2015-06-15,1899.854334038046,futures
2015-06-16,1876.5657970401605,futures
2015-06-17,1883.9200718815982,futures
2015-06-18,1885.9629260042198,futures
2015-06-19,1894.9514841437547,futures
2015-06-22,1903.9400422832896,futures
2015-06-23,1932.5399999999913,futures
2015-06-24,1930.9057167018939,futures
2015-06-25,1928.454291754748,futures
2015-06-26,1929.680004228321,futures
2015-06-29,1901.897188160668,futures
2015-06-30,1908.842892177581,futures
2015-07-01,1935.3999957716615,futures
2015-07-02,1937.0342790697587,futures
2015-07-03,1930.4971458773698,futures
2015-07-06,1878.6086511627823,futures
2015-07-07,1881.8772177589765,futures
2015-07-08,1852.8686892177507,futures
2015-07-09,1869.6200930232471,futures
2015-07-10,1869.6200930232471,futures
2015-07-13,1884.7372135306468,futures
2015-07-14,1882.2857885835008,futures
2015-07-15,1888.0057801268413,futures
2015-07-16,1901.4886173361433,futures
2015-07-17,1888.82292177589,futures
2015-07-20,1883.9200718815982,futures
2015-07-21,1888.82292177589,futures
2015-07-22,1867.7815243128878,futures
2015-07-23,1869.2115221987233,futures
2015-07-24,1846.740126849886,futures
2015-07-27,1850.4172642706044,futures
2015-07-28,1852.460118393226,futures
2015-07-29,1861.040105708237,futures
2015-07-30,1844.2887019027396,futures
2015-07-31,1836.1172854122533,futures
2015-08-03,1826.3115856236702,futures
2015-08-04,1834.4830021141565,futures
2015-08-05,1836.9344270613024,futures
2015-08-06,1810.7858942917462,futures
2015-08-07,1807.108756871028,futures
2015-08-10,1803.4316194503087,futures
2015-08-11,1796.0773446088715,futures
2015-08-12,1778.9173699788503,futures
2015-08-13,1794.4430613107743,futures
2015-08-17,1776.465945031705,futures
2015-08-18,1770.3373826638401,futures
2015-08-19,1755.6288329809647,futures
2015-08-20,1737.651716701895,futures
2015-08-21,1710.6860422832901,futures
2015-08-24,1652.6689852008383,futures
2015-08-25,1670.2375306553836,futures
2015-08-26,1699.6546300211342,futures
2015-08-27,1709.4603298097172,futures
2015-08-28,1737.651716701895,futures
2015-08-31,1734.7917209302248,futures
2015-09-01,1716.4060338266306,futures
2015-09-02,1721.7174545454466,futures
2015-09-03,1722.126025369971,futures
2015-09-04,1704.5574799154258,futures
2015-09-07,1704.5574799154258,futures
2015-09-08,1708.643188160669,futures
2015-09-09,1765.8431035940723,futures
2015-09-10,1764.2088202959756,futures
2015-09-11,1756.8545454545379,futures
2015-09-14,1743.3717082452354,futures
2015-09-15,1748.2745581395272,futures
2015-09-16,1794.4430613107747,futures
2015-09-17,1802.6144778012608,futures
2015-09-18,1813.2373192388934,futures
2015-09-21,1775.8530887949187,futures
2015-09-22,1791.9916363636291,futures
2015-09-23,1765.843103594073,futures
2015-09-24,1758.2845433403736,futures
2015-09-25,1761.7573953488302,futures
2015-09-30,1775.648803382657,futures
2015-10-01,1795.668773784348,futures
2015-10-02,1780.9602241014727,futures
2015-10-05,1789.5402114164838,futures
2015-10-06,1805.0659027484078,futures
2015-10-07,1834.8915729386822,futures
2015-10-08,1851.2344059196548,futures
2015-10-12,1862.2658181818115,futures
2015-10-13,1856.9543974629953,futures
2015-10-14,1853.6858308668006,futures
2015-10-15,1878.200080338259,futures
2015-10-16,1871.6629471458702,futures
2015-10-19,1869.6200930232487,futures
2015-10-20,1876.5657970401621,futures
2015-10-21,1883.102930232551,futures
2015-10-22,1873.297230443968,futures
2015-10-23,1886.7800676532704,futures
2015-10-26,1892.0914883720861,futures
2015-10-27,1894.542913319232,futures
2015-10-28,1894.542913319232,futures
2015-10-29,1884.124357293862,futures
2015-10-30,1884.124357293862,futures
2015-11-02,1890.8657758985137,futures
2015-11-03,1912.928600422826,futures
2015-11-04,1909.2514630021078,futures
2015-11-05,1908.025750528535,futures
2015-11-06,1894.134342494708,futures
2015-11-09,1887.8014947145814,futures
2015-11-10,1857.567253699782,futures
2015-11-11,1853.0729746300149,futures
2015-11-12,1849.3958372092957,futures
2015-11-13,1831.4187209302263,futures
2015-11-16,1808.1301839323407,futures
2015-11-17,1823.2473044397402,futures
2015-11-18,1816.710171247351,futures
2015-11-19,1839.5901374207126,futures
2015-11-20,1843.6758456659556,futures
2015-11-23,1861.0401057082388,futures
2015-11-24,1865.9429556025304,futures
2015-11-25,1863.900101479909,futures
2015-11-26,1888.0057801268435,futures
2015-11-27,1883.1029302325517,futures
2015-11-30,1843.4715602536935,futures
2015-12-01,1873.2972304439686,futures
2015-12-02,1859.4058224101418,futures
2015-12-03,1841.428706131072,futures
2015-12-04,1817.731598308662,futures
2015-12-07,1816.0973150105651,futures
2015-12-08,1803.0230486257872,futures
2015-12-09,1803.4316194503112,futures
2015-12-10,1810.3773234672242,futures
2015-12-11,1807.5173276955543,futures
2015-12-14,1793.625919661728,futures
2015-12-15,1798.120198731495,futures
2015-12-16,1839.3858520084507,futures
2015-12-17,1832.031577167013,futures
2015-12-18,1835.3001437632079,futures
2015-12-21,1836.1172854122565,futures
2015-12-22,1842.6544186046458,futures
2015-12-23,1862.6743890063367,futures
2015-12-24,1843.4715602536942,futures
2015-12-28,1822.2258773784304,futures
2015-12-29,1843.4715602536942,futures
2015-12-30,1827.5372980972459,futures
2016-01-04,1783.003078224096,futures
2016-01-05,1794.443061310777,futures
2016-01-06,1786.680215644815,futures
2016-01-07,1762.5745369978808,futures
2016-01-08,1773.1973784355132,futures
2016-01-11,1756.4459746300163,futures
2016-01-12,1745.4145623678598,futures
2016-01-13,1778.9173699788532,futures
2016-01-14,1767.4773868921727,futures
2016-01-15,1734.3831501057039,futures
2016-01-18,1735.6088625792763,futures
2016-01-19,1744.188849894287,futures
2016-01-20,1693.5260676532728,futures
2016-01-21,1701.2889133192343,futures
2016-01-22,1736.4260042283254,futures
2016-01-25,1751.9516955602487,futures
2016-01-26,1724.168879492596,futures
2016-01-27,1750.7259830866765,futures
2016-01-28,1750.3174122621517,futures
2016-01-29,1760.9402536997843,futures
2016-02-01,1770.7459534883674,futures
2016-02-02,1757.6716871035894,futures
2016-02-03,1733.1574376321305,futures
2016-02-04,1771.5630951374155,futures
2016-02-05,1774.8316617336104,futures
2016-02-11,1717.6317463002067,futures
2016-02-12,1707.0089048625746,futures
2016-02-15,1731.9317251585574,futures
2016-02-16,1758.8973995771623,futures
2016-02-17,1762.5745369978808,futures
2016-02-18,1779.7345116279016,futures
2016-02-19,1781.7773657505231,futures
2016-02-22,1789.1316405919608,futures
2016-02-23,1791.1744947145824,futures
2016-02-24,1785.0459323467176,futures
2016-02-25,1786.6802156448146,futures
2016-02-26,1789.5402114164854,futures
2016-02-29,1784.6373615221933,futures
2016-03-02,1820.1830232558084,futures
2016-03-03,1823.8601606765267,futures
2016-03-04,1825.494443974624,futures
2016-03-07,1828.7630105708188,futures
2016-03-08,1812.4201775898462,futures
2016-03-09,1821.4087357293806,futures
2016-03-10,1847.557268498936,futures
2016-03-11,1844.2887019027414,futures
2016-03-14,1842.24584778012,futures
2016-03-15,1841.4287061310713,futures
2016-03-16,1844.2887019027414,futures
2016-03-17,1857.3629682875192,futures
2016-03-18,1858.588680761092,futures
2016-03-21,1854.5029725158488,futures
2016-03-22,1867.1686680761027,futures
2016-03-23,1862.2658181818108,futures
2016-03-24,1858.5886807610918,futures
2016-03-25,1856.1372558139462,futures
2016-03-28,1857.567253699781,futures
2016-03-29,1869.2115221987242,futures
2016-03-30,1879.0172219873073,futures
2016-03-31,1867.985809725151,futures
2016-04-01,1837.3429978858276,futures
2016-04-04,1843.4715602536924,futures
2016-04-05,1825.494443974623,futures
2016-04-06,1838.568710359401,futures
2016-04-07,1839.385852008449,futures
2016-04-08,1832.8487188160602,futures
2016-04-11,1836.5258562367794,futures
2016-04-12,1849.1915517970328,futures
2016-04-14,1890.8657758985128,futures
2016-04-15,1892.0914883720855,futures
2016-04-18,1883.1029302325503,futures
2016-04-19,1887.5972093023179,futures
2016-04-20,1879.8343636363559,futures
2016-04-21,1895.768625792804,futures
2016-04-22,1885.9629260042204,futures
2016-04-25,1884.328642706123,futures
2016-04-26,1890.0486342494635,futures
2016-04-27,1889.6400634249394,futures
2016-04-28,1867.5772389006268,futures
2016-04-29,1858.5886807610914,futures
2016-05-02,1849.6001226215565,futures
2016-05-03,1851.2344059196541,futures
2016-05-04,1842.2458477801188,futures
2016-05-09,1835.7087145877301,futures
2016-05-10,1845.9229852008382,futures
2016-05-11,1837.7515687103519,futures
2016-05-12,1838.5687103594005,futures
2016-05-13,1818.1401691331848,futures
2016-05-16,1824.6773023255737,futures
2016-05-17,1824.2687315010494,futures
2016-05-18,1809.1516109936501,futures
2016-05-19,1806.7001860465039,futures
2016-05-20,1807.9258985200768,futures
2016-05-23,1812.828748414368,futures
2016-05-24,1799.3459112050655,futures
2016-05-25,1825.4944439746218,futures
2016-05-26,1824.677302325573,futures
2016-05-27,1832.440147991535,futures
2016-05-30,1829.1715813953404,futures
2016-05-31,1842.245847780118,futures
2016-06-01,1845.1058435517887,futures
2016-06-02,1849.191551797032,futures
2016-06-03,1852.4601183932264,futures
2016-06-07,1879.425792811831,futures
2016-06-08,1895.360054968279,futures
2016-06-09,1899.445763213522,futures
2016-06-10,1890.4572050739873,futures
2016-06-13,1845.105843551789,futures
2016-06-14,1839.3858520084484,futures
2016-06-15,1840.2029936574968,futures
2016-06-16,1823.0430190274758,futures
2016-06-17,1828.7630105708163,futures
2016-06-20,1852.8686892177507,futures
2016-06-21,1853.277260042275,futures
2016-06-22,1866.7600972515768,futures
2016-06-23,1865.1258139534796,futures
2016-06-24,1797.7116279069683,futures
2016-06-27,1804.6573319238817,futures
2016-06-28,1811.1944651162707,futures
2016-06-29,1829.9887230443892,futures
2016-06-30,1841.0201353065459,futures
2016-07-01,1863.0829598308587,futures
2016-07-04,1872.0715179703936,futures
2016-07-05,1866.7600972515775,futures
2016-07-06,1823.8601606765249,futures
2016-07-07,1847.1486976744106,futures
2016-07-08,1840.2029936574972,futures
2016-07-11,1865.9429556025289,futures
2016-07-12,1867.9858097251504,futures
2016-07-13,1882.6943594080253,futures
2016-07-14,1888.0057801268415,futures
2016-07-15,1898.2200507399493,futures
2016-07-18,1901.4886173361433,futures
2016-07-19,1896.1771966173276,futures
2016-07-20,1895.3600549682785,futures
2016-07-21,1895.3600549682785,futures
2016-07-22,1894.1343424947056,futures
2016-07-25,1894.9514841437542,futures
2016-07-26,1914.9714545454453,futures
2016-07-27,1915.3800253699694,futures
2016-07-28,1904.3486131078132,futures
2016-07-29,1907.6171797040076,futures
2016-08-01,1923.1428710359314,futures
2016-08-02,1905.9828964059107,futures
2016-08-03,1879.834363636355,futures
2016-08-04,1884.7372135306466,futures
2016-08-05,1910.0686046511537,futures
2016-08-08,1922.325729386883,futures
2016-08-09,1937.034279069758,futures
2016-08-10,1930.497145877369,futures
2016-08-11,1937.4428498942823,futures
2016-08-12,1939.0771331923797,futures
2016-08-16,1941.5285581395253,futures
2016-08-17,1935.3999957716608,futures
2016-08-18,1935.3999957716608,futures
2016-08-19,1935.3999957716608,futures
2016-08-22,1935.3999957716608,futures
2016-08-23,1935.3999957716608,futures
2016-08-24,1935.3999957716608,futures
2016-08-25,1935.3999957716608,futures
2016-08-26,1935.3999957716608,futures
2016-08-29,1935.3999957716608,futures
2016-08-30,1935.3999957716608,futures
2016-08-31,1935.3999957716608,futures
2016-09-01,1935.3999957716608,futures
2016-09-02,1935.3999957716608,futures
2016-09-05,1935.3999957716608,futures
2016-09-06,1976.4613636363547,futures
2016-09-07,1986.2670634249375,futures
2016-09-08,1970.741372093014,futures
2016-09-09,1945.4099809725064,futures
2016-09-12,1903.7357568710268,futures
2016-09-13,1904.9614693446,futures
2016-09-19,1912.3157441860376,futures
2016-09-20,1917.6271649048538,futures
2016-09-21,1926.6157230443887,futures
2016-09-22,1962.978526427052,futures
2016-09-23,1954.3985391120416,futures
2016-09-26,1949.087118393226,futures
2016-09-27,1957.6671057082358,futures
2016-09-28,1957.6671057082358,futures
2016-09-29,1974.8270803382568,futures
2016-09-30,1954.3985391120414,futures
2016-10-04,1960.5271014799062,futures
2016-10-05,1961.7528139534786,futures
2016-10-06,1969.107088794916,futures
2016-10-07,1967.8813763213427,futures
2016-10-10,1963.7956680760994,futures
2016-10-11,1940.507131078214,futures
2016-10-12,1931.5185729386797,futures
2016-10-13,1925.3900105708142,futures
2016-10-14,1929.8842896405818,futures
2016-10-17,1938.055706131068,futures
2016-10-18,1948.0656913319144,futures
2016-10-19,1956.4413932346622,futures
2016-10-20,1954.3985391120407,futures
2016-10-21,1943.3671268498842,futures
2016-10-24,1959.7099598308566,futures
2016-10-25,1956.4413932346622,futures
2016-10-26,1924.5728689217658,futures
2016-10-27,1935.195710359398,futures
2016-10-28,1936.012852008447,futures
2016-10-31,1934.9914249471362,futures
2016-11-01,1934.9914249471362,futures
2016-11-02,1907.6171797040072,futures
2016-11-03,1912.1114587737748,futures
2016-11-04,1906.800038054959,futures
2016-11-07,1923.96001268498,futures
2016-11-08,1930.9057167018934,futures
2016-11-09,1881.0600761099272,futures
2016-11-10,1925.1857251585527,futures
2016-11-11,1903.9400422832884,futures
2016-11-14,1888.0057801268406,futures
2016-11-15,1878.200080338257,futures
2016-11-16,1885.5543551796945,futures
2016-11-17,1883.9200718815973,futures
2016-11-18,1885.1457843551702,futures
2016-11-21,1880.2429344608786,futures
2016-11-22,1902.7143298097155,futures
2016-11-23,1910.8857463002018,futures
2016-11-24,1901.897188160667,futures
2016-11-25,1899.8543340380456,futures
2016-11-28,1907.6171797040076,futures
2016-11-29,1904.5528985200754,futures
2016-11-30,1915.7885961944942,futures
2016-12-01,1917.014308668067,futures
2016-12-02,1903.5314714587648,futures
2016-12-05,1903.9400422832891,futures
2016-12-06,1926.002866807602,futures
2016-12-07,1932.539999999991,futures
2016-12-08,1966.4513784355088,futures
2016-12-09,1972.171369978849,futures
2016-12-12,1964.8170951374113,futures
2016-12-13,1970.5370866807518,futures
2016-12-14,1974.6227949259949,futures
2016-12-15,1973.3970824524222,futures
2016-12-16,1974.6227949259944,futures
2016-12-19,1978.7085031712375,futures
2016-12-20,1981.5684989429083,futures
2016-12-21,1980.3427864693347,futures
2016-12-22,1979.5256448202867,futures
2016-12-23,1975.4399365750437,futures
2016-12-26,1977.891361522189,futures
2016-12-27,1982.794211416481,futures
2016-12-28,1990.1484862579184,futures
2016-12-29,1987.288490486248,futures
2017-01-03,2013.0284524312797,futures
2017-01-04,2014.662735729377,futures
2017-01-05,2008.5341733615126,futures
2017-01-06,2016.7055898519989,futures
2017-01-09,2019.974156448193,futures
2017-01-10,2019.5655856236692,futures
2017-01-11,2060.831238900624,futures
2017-01-12,2061.2398097251494,futures
2017-01-13,2057.5626723044297,futures
2017-01-16,2047.3484016913221,futures
2017-01-17,2055.5198181818087,futures
2017-01-18,2051.8426807610895,futures
2017-01-19,2053.4769640591867,futures
2017-01-20,2048.5741141648946,futures
2017-01-23,2045.3055475687004,futures
2017-01-24,2052.2512515856138,futures
2017-01-25,2054.2941057082357,futures
2017-01-26,2076.765501057073,futures
2017-01-31,2062.0569513741975,futures
2017-02-01,2070.2283678646836,futures
2017-02-02,2062.056951374197,futures
2017-02-03,2066.959801268489,futures
2017-02-06,2069.0026553911107,futures
2017-02-07,2063.282663847771,futures
2017-02-08,2054.2941057082357,futures
2017-02-09,2056.3369598308573,futures
2017-02-10,2058.379813953479,futures
2017-02-13,2059.1969556025283,futures
2017-02-14,2052.251251585614,futures
2017-02-15,2059.6055264270517,futures
2017-02-16,2058.379813953479,futures
2017-02-17,2060.4226680761003,futures
2017-02-20,2066.5512304439653,futures
2017-02-21,2086.9797716701805,futures
2017-02-22,2090.248338266375,futures
2017-02-23,2093.1083340380455,futures
2017-02-24,2073.0883636363537,futures
2017-02-27,2064.508376321344,futures
2017-02-28,2066.5512304439653,futures
2017-03-02,2090.6569090908993,futures
2017-03-03,2065.7340887949163,futures
2017-03-06,2070.6369386892084,futures
2017-03-07,2082.0769217758884,futures
2017-03-08,2086.5712008456553,futures
2017-03-09,2077.9912135306454,futures
2017-03-10,2085.345488372083,futures
2017-03-13,2111.494021141639,futures
2017-03-14,2129.879708245233,futures
2017-03-15,2134.782558139525,futures
2017-03-16,2148.673966173351,futures
2017-03-17,2158.071095137411,futures
2017-03-20,2158.479665961935,futures
2017-03-21,2179.3167780126746,futures
2017-03-22,2167.059653276945,futures
2017-03-23,2172.371073995762,futures
2017-03-24,2169.5110782240918,futures
2017-03-27,2152.351103594071,futures
2017-03-28,2158.8882367864594,futures
2017-03-29,2164.1996575052763,futures
2017-03-30,2163.791086680752,futures
2017-03-31,2160.113949260033,futures
2017-04-03,2162.565374207179,futures
2017-04-04,2158.071095137412,futures
2017-04-05,2153.985386892169,futures
2017-04-06,2146.2225412262073,futures
2017-04-07,2140.9111205073914,futures
2017-04-10,2127.836854122613,futures
2017-04-11,2113.5368752642626,futures
2017-04-12,2122.116862579273,futures
2017-04-13,2140.093978858343,futures
2017-04-14,2128.2454249471375,futures
2017-04-17,2136.0082706130997,futures
2017-04-18,2133.5568456659535,futures
2017-04-19,2121.2997209302243,futures
2017-04-20,2132.7397040169053,futures
2017-04-21,2152.759674418596,futures
2017-04-24,2162.1568033826557,futures
2017-04-25,2189.531048625784,futures
2017-04-26,2200.7667463002017,futures
2017-04-27,2207.09959408033,futures
2017-04-28,2210.7767315010487,futures
2017-05-02,2232.226699788575,futures
2017-05-04,2251.2252431289553,futures
2017-05-08,2316.18800422832,futures
2017-05-10,2281.459484143754,futures
2017-05-11,2311.285154334029,futures
2017-05-12,2299.4366004228236,futures
2017-05-15,2307.6080169133097,futures
2017-05-16,2304.3394503171153,futures
2017-05-17,2306.382304439737,futures
2017-05-18,2299.4366004228236,futures
2017-05-19,2296.168033826629,futures
2017-05-22,2315.3708625792715,futures
2017-05-23,2319.04799999999,futures
2017-05-24,2325.993704016904,futures
2017-05-25,2355.410803382654,futures
2017-05-26,2365.012217758975,futures
2017-05-29,2366.033644820286,futures
2017-05-30,2346.013674418595,futures
2017-05-31,2351.937951374196,futures
2017-06-01,2344.3793911204975,futures
2017-06-02,2368.6893551796948,futures
2017-06-05,2372.5707780126754,futures
2017-06-07,2354.593661733606,futures
2017-06-08,2370.527923890054,futures
2017-06-09,2386.053615221977,futures
2017-06-12,2359.496511627897,futures
2017-06-13,2372.7750634249364,futures
2017-06-14,2372.3664926004126,futures
2017-06-15,2362.3565073995674,futures
2017-06-16,2365.012217758976,futures
2017-06-19,2379.925052854112,futures
2017-06-20,2387.892183932336,futures
2017-06-21,2368.689355179693,futures
2017-06-22,2386.053615221976,futures
2017-06-23,2391.7736067653173,futures
2017-06-26,2404.2350169133088,futures
2017-06-27,2406.2778710359307,futures
2017-06-28,2399.9450232558033,futures
2017-06-29,2417.1049978858246,futures
2017-06-30,2402.1921627906872,futures
2017-07-03,2413.8364312896306,futures
2017-07-04,2395.042173361512,futures
2017-07-05,2401.375021141638,futures
2017-07-06,2406.890727272717,futures
2017-07-07,2399.9450232558033,futures
2017-07-10,2404.4393023255707,futures
2017-07-11,2419.9649936574956,futures
2017-07-12,2419.1478520084465,futures
2017-07-13,2451.4249471458666,futures
2017-07-14,2452.6506596194404,futures
2017-07-17,2459.1877928118292,futures
2017-07-18,2463.682071881596,futures
2017-07-19,2468.993492600413,futures
2017-07-20,2476.34776744185,futures
2017-07-21,2488.6048921775796,futures
2017-07-24,2489.8306046511525,futures
2017-07-25,2476.7563382663748,futures
2017-07-26,2471.0363467230345,futures
2017-07-27,2478.3906215644724,futures
2017-07-28,2418.7392811839227,futures
2017-07-31,2426.9106976744083,futures
2017-08-01,2451.4249471458675,futures
2017-08-02,2456.3277970401596,futures
2017-08-03,2411.385006342485,futures
2017-08-04,2421.1907061310685,futures
2017-08-07,2421.599276955593,futures
2017-08-08,2421.190706131068,futures
2017-08-09,2386.870756871026,futures
2017-08-10,2375.430773784345,futures
2017-08-11,2328.4451289640497,futures
2017-08-14,2353.7765200845574,futures
2017-08-16,2367.2593572938595,futures
2017-08-17,2380.3336236786377,futures
2017-08-18,2354.185090909082,futures
2017-08-19,2375.83934460887,futures
2017-08-21,2374.2050613107735,futures
2017-08-22,2377.882198731492,futures
2017-08-23,2403.2135898519996,futures
2017-08-24,2384.8279027484054,futures
2017-08-25,2402.805019027475,futures
2017-08-26,2401.1707357293776,futures
2017-08-28,2383.1936194503082,futures
2017-08-29,2386.4621860465027,futures
2017-08-30,2383.1936194503082,futures
2017-08-31,2387.687898520075,futures
2017-09-01,2375.83934460887,futures
2017-09-02,2374.2050613107735,futures
2017-09-04,2344.7879619450227,futures
2017-09-05,2350.099382663839,futures
2017-09-06,2334.982262156439,futures
2017-09-07,2343.1536786469255,futures
2017-09-08,2366.850786469336,futures
2017-09-09,2365.6250739957622,futures
2017-09-11,2391.7736067653186,futures
2017-09-12,2402.39644820295,futures
2017-09-13,2392.590748414367,futures
2017-09-14,2386.8707568710274,futures
2017-09-15,2404.0307315010477,futures
2017-09-16,2419.147852008447,futures
2017-09-18,2461.6392177589755,futures
2017-09-19,2457.1449386892077,futures
2017-09-20,2454.2849429175376,futures
2017-09-21,2456.3277970401596,futures
2017-09-22,2438.7592515856136,futures
2017-09-25,2437.942109936565,futures
2017-09-26,2421.5992769555924,futures
2017-09-27,2418.330710359398,futures
2017-09-28,2419.9649936574956,futures
2017-09-29,2439.9849640591865,futures
2017-10-10,2489.830604651152,futures
2017-10-11,2515.16199577166,futures
2017-10-12,2525.9891226215536,futures
2017-10-13,2535.7948224101374,futures
2017-10-16,2533.5476828752544,futures
2017-10-17,2535.9991078224,futures
2017-10-18,2536.4076786469245,futures
2017-10-19,2522.1076997885734,futures
2017-10-20,2539.6762452431185,futures
2017-10-23,2546.2133784355074,futures
2017-10-24,2542.1276701902643,futures
2017-10-25,2543.7619534883615,futures
2017-10-26,2522.1076997885734,futures
2017-10-27,2544.5790951374106,futures
2017-10-30,2549.4819450317027,futures
2017-10-31,2578.899044397453,futures
2017-11-01,2623.8418350951274,futures
2017-11-02,2611.5847103593983,futures
2017-11-03,2620.9818393234573,futures
2017-11-06,2604.2304355179604,futures
2017-11-07,2600.961868921766,futures
2017-11-08,2613.2189936574955,futures
2017-11-09,2600.1447272727173,futures
2017-11-10,2594.0161649048528,futures
2017-11-13,2582.9847526426965,futures
2017-11-14,2580.941898520075,futures
2017-11-15,2563.3733530655295,futures
2017-11-16,2580.941898520075,futures
2017-11-17,2577.6733319238797,futures
2017-11-20,2565.8247780126753,futures
2017-11-21,2577.2647610993554,futures
2017-11-22,2591.156169133182,futures
2017-11-23,2582.1676109936475,futures
2017-11-24,2588.704744186036,futures
2017-11-27,2536.816249471448,futures
2017-11-28,2551.524799154324,futures
2017-11-29,2550.707657505275,futures
2017-11-30,2506.9905792811737,futures
2017-12-01,2502.9048710359302,futures
2017-12-04,2529.4619746300104,futures
2017-12-05,2542.5362410147886,futures
2017-12-06,2502.087729386881,futures
2017-12-07,2494.32488372092,futures
2017-12-08,2499.636304439736,futures
2017-12-11,2500.8620169133083,futures
2017-12-12,2492.2820295982983,futures
2017-12-13,2511.893429175465,futures
2017-12-14,2520.8819873149996,futures
2017-12-15,2509.4420042283186,futures
2017-12-18,2519.6562748414262,futures
2017-12-19,2517.204849894281,futures
2017-12-20,2514.753424947135,futures
2017-12-21,2460.0049344608774,futures
2017-12-22,2473.487771670179,futures
2017-12-26,2464.907784355169,futures
2017-12-27,2495.5505961944923,futures
2017-12-28,2529.053403805486,futures
2018-01-02,2538.859103594069,futures
2018-01-03,2548.664803382653,futures
2018-01-04,2526.6019788583403,futures
2018-01-05,2557.040505285401,futures
2018-01-08,2577.6733319238792,futures
2018-01-09,2571.1361987314904,futures
2018-01-10,2549.890515856226,futures
2018-01-11,2538.8591035940694,futures
2018-01-12,2540.084816067643,futures
2018-01-15,2545.396236786459,futures
2018-01-16,2571.544769556014,futures
2018-01-17,2563.781923890053,futures
2018-01-18,2562.5562114164795,futures
2018-01-19,2564.5990655391015,futures
2018-01-22,2538.0419619450217,futures
2018-01-23,2575.6304778012577,futures
2018-01-24,2580.941898520074,futures
2018-01-25,2603.004723044387,futures
2018-01-26,2615.6704186046404,futures
2018-01-29,2636.9161014799042,futures
2018-01-30,2600.553298097241,futures
2018-01-31,2603.4132938689113,futures
2018-02-01,2595.2418773784248,futures
2018-02-02,2545.396236786459,futures
2018-02-05,2512.301999999989,futures
2018-02-06,2466.5420676532667,futures
2018-02-07,2399.945023255804,futures
2018-02-08,2424.4592727272625,futures
2018-02-09,2361.947936575043,futures
2018-02-12,2388.5050401691233,futures
2018-02-13,2415.470714587728,futures
2018-02-14,2439.167822410138,futures
2018-02-19,2455.1020845665857,futures
2018-02-20,2420.3735644820194,futures
2018-02-21,2437.1249682875164,futures
2018-02-22,2419.1478520084465,futures
2018-02-23,2458.3706511627806,futures
2018-02-26,2462.0477885834994,futures
2018-02-27,2451.0163763213427,futures
2018-02-28,2424.050701902738,futures
2018-03-02,2391.3650359407934,futures
2018-03-05,2354.185090909081,futures
2018-03-06,2403.622160676523,futures
2018-03-07,2408.11643974629,futures
2018-03-08,2431.8135475687004,futures
2018-03-09,2460.0049344608774,futures
2018-03-12,2484.1106131078122,futures
2018-03-13,2498.002021141638,futures
2018-03-14,2497.1848794925895,futures
2018-03-15,2507.807720930222,futures
2018-03-16,2499.227733615211,futures
2018-03-19,2483.293471458763,futures
2018-03-20,2495.142025369968,futures
2018-03-21,2497.5934503171143,futures
2018-03-22,2501.6791585623573,futures
2018-03-23,2420.7821353065438,futures
2018-03-26,2439.576393234662,futures
2018-03-27,2444.8878139534777,futures
2018-03-28,2407.0950126849784,futures
2018-03-29,2439.1678224101383,futures
2018-03-30,2439.9849640591865,futures
2018-04-02,2430.9964059196523,futures
2018-04-03,2426.910697674409,futures
2018-04-04,2382.7850486257835,futures
2018-04-05,2426.910697674409,futures
2018-04-06,2409.750723044388,futures
2018-04-09,2427.9321247357198,futures
2018-04-10,2430.9964059196523,futures
2018-04-11,2422.824989429166,futures
2018-04-12,2417.1049978858255,futures
2018-04-13,2439.1678224101383,futures
2018-04-16,2437.942109936565,futures
2018-04-17,2438.7592515856136,futures
2018-04-18,2464.9077843551695,futures
2018-04-19,2464.9077843551695,futures
2018-04-20,2459.187792811829,futures
2018-04-23,2460.822076109926,futures
2018-04-24,2446.5220972515754,futures
2018-04-25,2426.9106976744088,futures
2018-04-26,2463.6820718815966,futures
2018-04-27,2485.7448964059085,futures
2018-04-30,2498.002021141638,futures
2018-05-02,2482.476329809714,futures
2018-05-03,2468.1763509513635,futures
2018-05-04,2455.5106553911105,futures
2018-05-08,2435.8992558139435,futures
2018-05-09,2438.554966173351,futures
2018-05-10,2450.607805496819,futures
2018-05-11,2465.3163551796933,futures
2018-05-14,2458.7792219873045,futures
2018-05-15,2433.447830866797,futures
2018-05-16,2433.447830866797,futures
2018-05-17,2430.5878350951266,futures
2018-05-18,2441.6192473572833,futures
2018-05-21,2444.4792431289534,futures
2018-05-23,2461.2306469344494,futures
2018-05-24,2456.3277970401577,futures
2018-05-25,2462.4563594080223,futures
2018-05-28,2470.014919661722,futures
2018-05-29,2449.1778076109827,futures
2018-05-30,2390.752179704005,futures
2018-05-31,2393.8164608879383,futures
2018-06-01,2414.245002114154,futures
2018-06-04,2428.544980972505,futures
2018-06-05,2433.4478308667967,futures
2018-06-06,2426.297841437621,futures
2018-06-07,2458.7792219873045,futures
2018-06-08,2429.770693446078,futures
2018-06-11,2453.0592304439633,futures
2018-06-12,2451.4249471458666,futures
2018-06-14,2400.3535940803276,futures
2018-06-15,2390.547894291744,futures
2018-06-18,2363.173649048616,futures
2018-06-19,2326.402274841428,futures
2018-06-20,2349.6908118393135,futures
2018-06-21,2321.4994249471365,futures
2018-06-22,2345.196532769546,futures
2018-06-25,2341.9279661733517,futures
2018-06-26,2334.9822621564385,futures
2018-06-27,2328.036558139525,futures
2018-06-28,2308.0165877378345,futures
2018-06-29,2315.370862579272,futures
2018-07-02,2257.3538054968194,futures
2018-07-03,2264.2995095137326,futures
2018-07-04,2254.493809725149,futures
2018-07-05,2249.999530655382,futures
2018-07-06,2263.07379704016,futures
2018-07-09,2284.7280507399487,futures
2018-07-10,2290.4480422832885,futures
2018-07-11,2276.9652050739865,futures
2018-07-12,2282.6851966173267,futures
2018-07-13,2308.016587737835,futures
2018-07-16,2301.683739957708,futures
2018-07-17,2300.4580274841337,futures
2018-07-18,2300.866598308659,futures
2018-07-19,2290.243756871025,futures
2018-07-20,2286.1580486257826,futures
2018-07-23,2280.4380570824437,futures
2018-07-24,2283.298052854114,futures
2018-07-25,2284.5237653276868,futures
2018-07-26,2293.1037526426967,futures
2018-07-27,2299.2323150105617,futures
2018-07-30,2297.393746300202,futures
2018-07-31,2298.6194587737746,futures
2018-08-01,2310.059441860456,futures
2018-08-02,2262.2566553911115,futures
2018-08-03,2282.6851966173267,futures
2018-08-06,2281.050913319229,futures
2018-08-07,2298.2108879492507,futures
2018-08-08,2296.576604651153,futures
2018-08-09,2295.35089217758,futures
2018-08-10,2266.7509344608784,futures
2018-08-13,2238.150976744176,futures
2018-08-14,2247.548105708235,futures
2018-08-16,2220.1738604651073,futures
2018-08-17,2223.0338562367765,futures
2018-08-20,2225.8938520084466,futures
2018-08-21,2254.0852389006245,futures
2018-08-22,2261.030942917538,futures
2018-08-23,2267.5680761099266,futures
2018-08-24,2279.416630021132,futures
2018-08-27,2278.1909175475594,futures
2018-08-28,2278.1909175475594,futures
2018-08-29,2278.1909175475594,futures
2018-08-30,2278.1909175475594,futures
2018-08-31,2278.1909175475594,futures
2018-09-03,2278.1909175475594,futures
2018-09-04,2278.1909175475594,futures
2018-09-05,2278.1909175475594,futures
2018-09-06,2278.1909175475594,futures
2018-09-07,2278.1909175475594,futures
2018-09-10,2278.1909175475594,futures
2018-09-11,2278.1909175475594,futures
2018-09-12,2278.1909175475594,futures
2018-09-13,2278.1909175475594,futures
2018-09-14,2296.1680338266283,futures
2018-09-17,2275.330921775889,futures
2018-09-18,2287.179475687093,futures
2018-09-19,2290.0394714587633,futures
2018-09-20,2311.2851543340275,futures
2018-09-21,2323.5422790697576,futures
2018-09-27,2339.8851120507297,futures
2018-09-28,2326.4022748414277,futures
2018-10-01,2326.197989429166,futures
2018-10-02,2326.197989429166,futures
2018-10-04,2253.2680972515755,futures
2018-10-05,2247.9566765327595,futures
2018-10-08,2239.7852600422734,futures
2018-10-10,2222.625285412252,futures
2018-10-11,2114.3540169133103,futures
2018-10-12,2153.1682452431196,futures
2018-10-15,2153.1682452431196,futures
2018-10-16,2153.1682452431196,futures
2018-10-17,2160.7268054968204,futures
2018-10-18,2139.8896934460795,futures
2018-10-19,2144.179687103585,futures
2018-10-22,2149.8996786469256,futures
2018-10-23,2095.1511881606675,futures
2018-10-24,2087.388342494706,futures
2018-10-25,2050.208397462993,futures
2018-10-26,2015.4798773784269,futures
2018-10-29,1991.7827695560172,futures
2018-10-30,2009.759885835087,futures
2018-10-31,2020.7912980972437,futures
2018-11-01,2016.705589852001,futures
2018-11-02,2091.4740507399492,futures
2018-11-05,2071.454080338258,futures
2018-11-06,2084.93691754756,futures
2018-11-07,2075.131217758977,futures
2018-11-08,2093.925475687095,futures
2018-11-09,2082.8940634249384,futures
2018-11-12,2086.1626300211337,futures
2018-11-13,2067.3683720930153,futures
2018-11-14,2063.2826638477723,futures
2018-11-15,2086.162630021134,futures
2018-11-16,2082.8940634249393,futures
2018-11-19,2089.4311966173286,futures
2018-11-20,2065.7340887949185,futures
2018-11-21,2057.154101479908,futures
2018-11-22,2055.9283890063352,futures
2018-11-23,2041.21983932346,futures
2018-11-26,2071.454080338259,futures
2018-11-27,2089.0226257928034,futures
2018-11-28,2101.6883213530573,futures
2018-11-29,2104.139746300203,futures
2018-11-30,2082.4854926004145,futures
2018-12-03,2121.2997209302243,futures
2018-12-04,2099.6454672304358,futures
2018-12-05,2084.528346723036,futures
2018-12-06,2047.7569725158478,futures
2018-12-07,2057.562672304432,futures
2018-12-10,2032.6398520084488,futures
2018-12-11,2028.9627145877305,futures
2018-12-12,2059.1969556025288,futures
2018-12-13,2074.722646934453,futures
2018-12-14,2033.0484228329733,futures
2018-12-17,2040.8112684989346,futures
2018-12-18,2033.048422832973,futures
2018-12-19,2047.348401691324,futures
2018-12-20,2024.8770063424868,futures
2018-12-21,2024.059864693438,futures
2018-12-24,2023.6512938689136,futures
2018-12-26,1988.9227737843469,futures
2018-12-27,2022.834152219865,futures
2018-12-28,2028.1455729386807,futures
2019-01-02,2001.5884693446008,futures
2019-01-03,1983.2027822410066,futures
2019-01-04,2000.771327695552,futures
2019-01-07,2033.8655644820212,futures
2019-01-08,2017.114160676524,futures
2019-01-09,2060.422668076101,futures
2019-01-10,2058.3798139534797,futures
2019-01-11,2075.539788583501,futures
2019-01-14,2055.1112473572853,futures
2019-01-15,2100.462608879484,futures
2019-01-16,2109.859737843543,futures
2019-01-17,2111.9025919661644,futures
2019-01-18,2131.922562367856,futures
2019-01-21,2131.922562367856,futures
2019-01-22,2118.0311543340285,futures
2019-01-23,2131.9225623678553,futures
2019-01-24,2151.1253911204976,futures
2019-01-25,2194.433898520075,futures
2019-01-28,2191.9824735729285,futures
2019-01-29,2203.0138858350856,futures
2019-01-30,2236.516693446079,futures
2019-01-31,2231.2052727272635,futures
2019-02-01,2225.8938520084475,futures
2019-02-07,2223.442427061301,futures
2019-02-08,2191.573902748405,futures
2019-02-11,2194.8424693445995,futures
2019-02-12,2209.551019027475,futures
2019-02-13,2220.9910021141554,futures
2019-02-14,2242.6452558139435,futures
2019-02-15,2208.325306553901,futures
2019-02-18,2229.5709894291654,futures
2019-02-19,2220.5824312896307,futures
2019-02-20,2243.053826638468,futures
2019-02-21,2245.0966807610894,futures
2019-02-22,2247.1395348837113,futures
2019-02-25,2252.450955602528,futures
2019-02-26,2237.7424059196524,futures
2019-02-27,2243.462397462993,futures
2019-02-28,2206.2824524312805,futures
2019-03-04,2196.8853234672215,futures
2019-03-05,2180.1339196617255,futures
2019-03-06,2178.4996363636274,futures
2019-03-07,2165.425369978849,futures
2019-03-08,2133.965416490478,futures
2019-03-11,2135.5996997885745,futures
2019-03-12,2158.0710951374117,futures
2019-03-13,2139.2768372092937,futures
2019-03-14,2149.0825369978766,futures
2019-03-15,2174.00535729386,futures
2019-03-18,2174.00535729386,futures
2019-03-19,2171.9625031712385,futures
2019-03-20,2175.231069767433,futures
2019-03-21,2190.756761099356,futures
2019-03-22,2195.659610993648,futures
2019-03-25,2149.899678646925,futures
2019-03-26,2151.125391120498,futures
2019-03-27,2151.533961945023,futures
2019-03-28,2138.4596955602447,futures
2019-03-29,2146.222541226207,futures
2019-04-01,2179.7253488372,futures
2019-04-02,2188.3053361522107,futures
2019-04-03,2223.850997885826,futures
2019-04-04,2230.183845665953,futures
2019-04-05,2230.183845665953,futures
2019-04-08,2230.183845665953,futures
2019-04-09,2228.1409915433314,futures
2019-04-10,2232.6352706130983,futures
2019-04-11,2232.6352706130983,futures
2019-04-12,2237.9466913319156,futures
2019-04-15,2255.1066659619355,futures
2019-04-16,2257.149520084557,futures
2019-04-17,2262.869511627898,futures
2019-04-18,2231.000987315002,futures
2019-04-19,2221.39957293868,futures
2019-04-22,2213.432441860457,futures
2019-04-23,2213.432441860457,futures
2019-04-24,2213.432441860457,futures
2019-04-25,2213.432441860457,futures
2019-04-26,2182.176773784347,futures
2019-04-29,2230.388131078216,futures
2019-04-30,2213.6367272727193,futures
2019-05-02,2223.8509978858274,futures
2019-05-03,2200.1538900634164,futures
2019-05-07,2182.5853446088713,futures
2019-05-08,2169.102507399569,futures
2019-05-09,2130.083993657497,futures
2019-05-10,2107.61259830866,futures
2019-05-13,2086.3669154333957,futures
2019-05-14,2086.3669154333957,futures
2019-05-15,2086.3669154333957,futures
2019-05-16,2067.164086680753,futures
2019-05-17,2058.5840993657425,futures
2019-05-20,2058.5840993657425,futures
2019-05-21,2058.5840993657425,futures
2019-05-22,2058.5840993657425,futures
2019-05-23,2058.5840993657425,futures
2019-05-24,2033.6612790697602,futures
2019-05-27,2041.2198393234596,futures
2019-05-28,2044.8969767441781,futures
2019-05-29,2013.4370232558065,futures
2019-05-30,2010.9855983086609,futures
2019-05-31,2010.9855983086609,futures
2019-06-03,2010.9855983086609,futures
2019-06-04,2010.9855983086609,futures
2019-06-05,2010.9855983086609,futures
2019-06-07,2010.9855983086609,futures
2019-06-10,2010.9855983086609,futures
2019-06-11,2010.9855983086609,futures
2019-06-12,2010.9855983086609,futures
2019-06-13,2085.958344608872,futures
2019-06-14,2088.4097695560185,futures
2019-06-17,2088.4097695560185,futures
2019-06-18,2094.129761099358,futures
2019-06-19,2125.998285412254,futures
2019-06-20,2129.266852008449,futures
2019-06-21,2128.858281183924,futures
2019-06-24,2128.858281183924,futures
2019-06-25,2128.858281183924,futures
2019-06-26,2129.2668520084494,futures
2019-06-27,2157.8668097251507,futures
2019-06-28,2152.351103594072,futures
2019-07-01,2149.8996786469265,futures
2019-07-02,2140.911120507392,futures
2019-07-03,2108.225454545447,futures
2019-07-04,2128.2454249471375,futures
2019-07-05,2124.159716701894,futures
2019-07-08,2077.174071881598,futures
2019-07-09,2069.002655391112,futures
2019-07-10,2080.4426384777935,futures
2019-07-11,2106.999742071874,futures
2019-07-12,2111.085450317117,futures
2019-07-15,2112.31116279069,futures
2019-07-16,2122.116862579273,futures
2019-07-17,2098.8283255813876,futures
2019-07-18,2091.2697653276878,futures
2019-07-19,2126.406856236779,futures
2019-07-22,2125.793999999992,futures
2019-07-23,2137.642553911198,futures
2019-07-24,2115.1711585623607,futures
2019-07-25,2113.536875264263,futures
2019-07-26,2105.774029598301,futures
2019-07-29,2065.938374207182,futures
2019-07-30,2065.938374207182,futures
2019-07-31,2065.938374207182,futures
2019-08-01,2065.938374207182,futures
2019-08-02,2065.938374207182,futures
2019-08-05,1977.074219873143,futures
2019-08-06,1950.1085454545387,futures
2019-08-07,1944.7971247357227,futures
2019-08-08,1949.6999746300144,futures
2019-08-09,1963.1828118393169,futures
2019-08-12,1964.8170951374143,futures
2019-08-13,1937.034279069761,futures
2019-08-14,1962.7742410147926,futures
2019-08-16,1953.3771120507333,futures
2019-08-19,1967.2685200845597,futures
2019-08-20,1985.6542071881545,futures
2019-08-21,1988.9227737843482,futures
2019-08-22,1972.171369978852,futures
2019-08-23,1972.5799408033756,futures
2019-08-26,1941.528558139528,futures
2019-08-27,1953.7856828752572,futures
2019-08-28,1968.0856617336083,futures
2019-08-29,1953.3771120507333,futures
2019-08-30,1993.0084820295915,futures
2019-09-02,1995.0513361522133,futures
2019-09-03,1985.6542071881545,futures
2019-09-04,2016.7055898520018,futures
2019-09-05,2039.9941268498878,futures
2019-09-06,2050.61696828752,futures
2019-09-09,2065.7340887949194,futures
2019-09-10,2073.9055052854055,futures
2019-09-11,2090.6569090909024,futures
2019-09-16,2090.6569090909024,futures
2019-09-17,2090.6569090909024,futures
2019-09-18,2090.6569090909024,futures
2019-09-19,2090.6569090909024,futures
2019-09-20,2134.1697019027415,futures
2019-09-23,2139.276837209295,futures
2019-09-24,2150.716820295976,futures
2019-09-25,2120.074008456653,futures
2019-09-26,2129.6754228329737,futures
2019-09-27,2100.258323467223,futures
2019-09-30,2100.258323467223,futures
2019-10-01,2128.041139534876,futures
2019-10-02,2073.0883636363565,futures
2019-10-04,2062.0569513742,futures
2019-10-07,2072.271221987308,futures
2019-10-08,2101.2797505285344,futures
2019-10-10,2085.7540591966103,futures
2019-10-11,2100.87117970401,futures
2019-10-14,2122.1168625792743,futures
2019-10-15,2126.2025708245174,futures
2019-10-16,2139.6854080338194,futures
2019-10-17,2130.288279069761,futures
2019-10-18,2110.6768794925933,futures
2019-10-21,2120.074008456653,futures
2019-10-22,2149.0825369978793,futures
2019-10-23,2138.0511247357226,futures
2019-10-24,2132.5354186046447,futures
2019-10-25,2142.3411183932276,futures
2019-10-28,2151.942532769549,futures
2019-10-29,2148.2653953488307,futures
2019-10-30,2129.4711374207122,futures
2019-10-31,2136.008270613101,futures
2019-11-01,2154.8025285412195,futures
2019-11-04,2190.7567610993588,futures
2019-11-05,2201.379602536991,futures
2019-11-06,2205.05673995771,futures
2019-11-07,2202.605315010564,futures
2019-11-08,2192.799615221981,futures
2019-11-11,2173.188215644814,futures
2019-11-12,2197.293894291748,futures
2019-11-13,2180.133919661727,futures
2019-11-14,2197.293894291748,futures
2019-11-15,2230.3881310782176,futures
2019-11-18,2225.8938520084503,futures
2019-11-19,2216.088152219867,futures
2019-11-20,2185.853911205068,futures
2019-11-21,2150.716820295977,futures
2019-11-22,2163.7910866807547,futures
2019-11-25,2187.4881945031652,futures
2019-11-26,2190.7567610993597,futures
2019-11-27,2189.5310486257868,futures
2019-11-28,2180.542490486251,futures
2019-11-29,2143.7711162790633,futures
2019-12-02,2147.0396828752578,futures
2019-12-03,2133.9654164904796,futures
2019-12-04,2122.1168625792743,futures
2019-12-05,2116.396871035934,futures
2019-12-06,2138.459695560247,futures
2019-12-09,2147.4482536997816,futures
2019-12-10,2160.1139492600355,futures
2019-12-11,2170.7367906976674,futures
2019-12-12,2209.551019027477,futures
2019-12-13,2251.6338139534814,futures
2019-12-16,2245.505251585617,futures
2019-12-17,2281.8680549682804,futures
2019-12-18,2278.599488372086,futures
2019-12-19,2281.86805496828,futures
2019-12-20,2285.953763213523,futures
2019-12-23,2284.3194799154257,futures
2019-12-24,2265.5252219873073,futures
2019-12-26,2280.2337716701827,futures
2019-12-27,2322.3165665961865,futures
2019-12-30,2310.4680126849817,futures
2020-01-02,2275.3309217758906,futures
2020-01-03,2280.2337716701823,futures
2020-01-06,2259.805230443967,futures
2020-01-07,2285.9537632135225,futures
2020-01-08,2269.2023594080256,futures
2020-01-09,2308.8337293868844,futures
2020-01-10,2329.670841437624,futures
2020-01-13,2355.002232558131,futures
2020-01-14,2366.033644820288,futures
2020-01-15,2351.3250951374125,futures
2020-01-16,2375.430773784347,futures
2020-01-17,2379.51648202959,futures
2020-01-20,2401.579306553903,futures
2020-01-21,2366.033644820288,futures
2020-01-22,2404.8478731500973,futures
2020-01-23,2372.1622071881525,futures
2020-01-28,2292.490896405912,futures
2020-01-29,2301.8880253699713,futures
2020-01-30,2251.6338139534814,futures
2020-01-31,2226.3024228329737,futures
2020-02-03,2228.75384778012,futures
2020-02-04,2279.4166300211346,futures
2020-02-05,2286.770904862572,futures
2020-02-06,2361.1307949259963,futures
2020-02-07,2335.7994038054894,futures
2020-02-10,2320.6822832980897,futures
2020-02-11,2348.0565285412185,futures
2020-02-12,2364.8079323467155,futures
2020-02-13,2353.3679492600345,futures
2020-02-14,2376.247915433396,futures
2020-02-17,2372.366492600415,futures
2020-02-18,2372.366492600415,futures
2020-02-19,2372.366492600415,futures
2020-02-20,2372.366492600415,futures
2020-02-21,2372.366492600415,futures
2020-02-24,2195.65961099365,futures
2020-02-25,2224.6681395348764,futures
2020-02-26,2186.262482029591,futures
2020-02-27,2167.876794925997,futures
2020-02-28,2092.6997632135235,futures
2020-03-02,2111.902591966166,futures
2020-03-03,2123.3425750528468,futures
2020-03-04,2171.96250317124,futures
2020-03-05,2196.4767526426986,futures
2020-03-06,2143.7711162790624,futures
2020-03-09,2042.036980972509,futures
2020-03-10,2063.6912346722975,futures
2020-03-11,1997.5027610993588,futures
2020-03-12,1894.9514841437567,futures
2020-03-13,1878.2000803382598,futures
2020-03-16,1778.508799154328,futures
2020-03-17,1736.426004228324,futures
2020-03-18,1631.8318731501004,futures
2020-03-19,1516.6149006342446,futures
2020-03-20,1657.163264270608,futures
2020-03-23,1532.1405919661686,futures
2020-03-24,1700.0632008456605,futures
2020-03-25,1802.6144778012626,futures
2020-03-26,1762.5745369978802,futures
2020-03-27,1811.1944651162732,futures
2020-03-30,1784.6373615221928,futures
2020-03-31,1831.2144355179641,futures
2020-04-01,1742.5545665961884,futures
2020-04-02,1795.6687737843488,futures
2020-04-03,1793.6259196617275,futures
2020-04-04,1782.594507399571,futures
2020-04-07,1875.748655391114,futures
2020-04-08,1876.1572262156385,futures
2020-04-09,1905.1657547568648,futures
2020-04-10,1921.9171585623612,futures
2020-04-13,1880.2429344608815,futures
2020-04-14,1919.4657336152156,futures
2020-04-16,1922.7343002114098,futures
2020-04-17,1984.428494714581,futures
2020-04-20,1955.4199661733549,futures
2020-04-21,1932.5399999999934,futures
2020-04-22,1914.7671691331857,futures
2020-04-23,1957.054249471452,futures
2020-04-24,1937.0342790697607,futures
2020-04-27,1978.095646934454,futures
2020-04-28,1994.6427653276887,futures
2020-04-29,2011.8027399577102,futures
2020-05-04,1942.345699788577,futures
2020-05-06,1988.1056321352999,futures
2020-05-07,1974.6227949259978,futures
2020-05-08,1997.9113319238834,futures
2020-05-11,1980.3427864693379,futures
2020-05-12,1968.494232558133,futures
2020-05-13,1991.782769556019,futures
2020-05-14,1964.8170951374143,futures
2020-05-15,1975.0313657505221,futures
2020-05-18,1994.2341945031649,futures
2020-05-19,2043.2626934460823,futures
2020-05-20,2044.8969767441797,futures
2020-05-21,2056.336959830861,futures
2020-05-22,2017.522731501051,futures
2020-05-25,2051.842680761093,futures
2020-05-26,2081.6683509513678,futures
2020-05-27,2088.2054841437566,futures
2020-05-28,2094.742617336146,futures
2020-05-29,2086.5712008456594,futures
2020-06-01,2135.1911289640525,futures
2020-06-02,2157.2539534883654,futures
2020-06-03,2240.602401691325,futures
2020-06-04,2245.0966807610926,futures
2020-06-05,2285.1366215644753,futures
2020-06-08,2278.5994883720864,futures
2020-06-09,2281.459484143757,futures
2020-06-10,2287.588046511622,futures
2020-06-11,2247.956676532764,futures
2020-06-12,2182.993915433398,futures
2020-06-15,2084.528346723039,futures
2020-06-16,2206.2824524312837,futures
2020-06-17,2211.185302325576,futures
2020-06-18,2210.3681606765267,futures
2020-06-19,2214.862439746294,futures
2020-06-22,2197.2938942917485,futures
2020-06-23,2204.6481691331865,futures
2020-06-24,2243.4623974629963,futures
2020-06-25,2178.908207188155,futures
2020-06-26,2212.4110147991482,futures
2020-06-29,2177.273923890057,futures
2020-06-30,2195.6596109936513,futures
2020-07-01,2195.6596109936513,futures
2020-07-02,2218.539577167013,futures
2020-07-03,2245.5052515856173,futures
2020-07-06,2281.459484143757,futures
2020-07-07,2253.676668076104,futures
2020-07-08,2247.5481057082393,futures
2020-07-09,2257.762376321347,futures
2020-07-10,2231.613843551791,futures
2020-07-13,2277.782346723038,futures
2020-07-14,2275.3309217758924,futures
2020-07-15,2298.210887949254,futures
2020-07-16,2270.4280718816008,futures
2020-07-17,2292.0823255813893,futures
2020-07-20,2285.5451923890005,futures
2020-07-21,2319.865141649043,futures
2020-07-22,2313.328008456654,futures
2020-07-23,2293.3080380549623,futures
2020-07-24,2282.685196617331,futures
2020-07-27,2308.8337293868863,futures
2020-07-28,2354.185090909085,futures
2020-07-29,2369.710782241008,futures
2020-07-30,2375.0222029598244,futures
2020-07-31,2356.2279450317064,futures
2020-08-03,2352.1422367864634,futures
2020-08-04,2381.5593361522133,futures
2020-08-05,2413.42786046511,futures
2020-08-06,2453.0592304439674,futures
2020-08-07,2457.1449386892104,futures
2020-08-10,2498.410591966166,futures
2020-08-11,2530.687687103587,futures
2020-08-12,2544.579095137413,futures
2020-08-13,2548.664803382656,futures
2020-08-14,2512.301999999992,futures
2020-08-18,2466.133496828745,futures
2020-08-19,2469.8106342494643,futures
2020-08-20,2372.570778012678,futures
2020-08-21,2415.0621437632067,futures
2020-08-24,2438.7592515856163,futures
2020-08-25,2471.8534883720854,futures
2020-08-26,2472.6706300211345,futures
2020-08-27,2448.973522198724,futures
2020-08-28,2464.9077843551718,futures
2020-08-31,2415.470714587731,futures
2020-09-01,2442.027818181811,futures
2020-09-02,2454.284942917541,futures
2020-09-03,2489.830604651155,futures
2020-09-04,2451.016376321346,futures
2020-09-07,2468.9934926004157,futures
2020-09-08,2500.4534460887876,futures
2020-09-09,2471.444917547561,futures
2020-09-10,2495.142025369971,futures
2020-09-11,2496.7763086680684,futures
2020-09-14,2529.461974630013,futures
2020-09-15,2549.481945031704,futures
2020-09-16,2542.5362410147914,futures
2020-09-17,2502.9048710359325,futures
2020-09-18,2511.484858350943,futures
2020-09-21,2490.6477463002025,futures
2020-09-22,2426.9106976744097,futures
2020-09-23,2437.533539112042,futures
2020-09-24,2379.1079112050656,futures
2020-09-25,2390.95646511627,futures
2020-09-28,2426.502126849885,futures
2020-09-29,2447.339238900625,futures
2020-10-05,2478.390621564473,futures
2020-10-06,2484.5191839323375,futures
2020-10-07,2509.8505750528448,futures
2020-10-08,2513.936283298088,futures
2020-10-12,2522.1076997885743,futures
2020-10-13,2523.333412262147,futures
2020-10-14,2496.7763086680666,futures
2020-10-15,2476.347767441851,futures
2020-10-16,2464.090642706122,futures
2020-10-19,2466.9506384777915,futures
2020-10-20,2487.787750528531,futures
2020-10-21,2496.3677378435423,futures
2020-10-22,2477.982050739948,futures
2020-10-23,2489.0134630021043,futures
2020-10-26,2488.6048921775796,futures
2020-10-27,2474.7134841437532,futures
2020-10-28,2448.564951374198,futures
2020-10-29,2425.2764143763115,futures
2020-10-30,2420.782135306544,futures
2020-11-02,2395.8593150105617,futures
2020-11-03,2448.1563805496735,futures
2020-11-04,2461.639217758976,futures
2020-11-05,2519.2477040169038,futures
2020-11-06,2547.439090909081,futures
2020-11-09,2589.1133150105607,futures
2020-11-10,2578.899044397453,futures
2020-11-11,2604.6390063424847,futures
2020-11-12,2614.444706131068,futures
2020-11-13,2604.2304355179604,futures
2020-11-16,2676.5474714587635,futures
2020-11-17,2704.738858350941,futures
2020-11-18,2691.6645919661632,futures
2020-11-19,2684.71888794925,futures
2020-11-20,2690.0303086680656,futures
2020-11-23,2746.004511627896,futures
2020-11-24,2788.495877378424,futures
2020-11-25,2788.904448202949,futures
2020-11-26,2760.7130613107715,futures
2020-11-27,2790.1301606765214,futures
2020-11-30,2752.9502156448098,futures
2020-12-01,2752.9502156448098,futures
2020-12-02,2752.9502156448098,futures
2020-12-03,2752.9502156448098,futures
2020-12-04,2930.269953488361,futures
2020-12-07,2930.269953488361,futures
2020-12-08,2915.152832980961,futures
2020-12-09,2908.615699788573,futures
2020-12-10,2909.0242706130966,futures
2020-12-11,2950.2899238900523,futures
2020-12-14,2952.7413488371985,futures
2020-12-15,2927.4099577166908,futures
2020-12-16,2946.6127864693335,futures
2020-12-17,2935.9899450317016,futures
2020-12-18,2945.387073995761,futures
2020-12-21,2922.5071078223996,futures
2020-12-22,2923.7328202959725,futures
2020-12-23,2891.0471543340273,futures
2020-12-24,2969.9013234672198,futures
2020-12-28,3026.692668076099,futures
2020-12-29,3061.8297589851895,futures
2020-12-30,3066.324038054956,futures
2021-01-04,3218.3123847779993,futures
2021-01-05,3218.7209556025236,futures
2021-01-06,3268.1580253699653,futures
2021-01-07,3301.660832980959,futures
2021-01-08,3376.020723044384,futures
2021-01-11,3568.457581395335,futures
2021-01-12,3454.8748921775764,futures
2021-01-13,3453.240608879479,futures
2021-01-14,3462.2291670190143,futures
2021-01-15,3441.3920549682744,futures
2021-01-18,3375.6121522198605,futures
2021-01-19,3346.603623678634,futures
2021-01-20,3408.706389006329,futures
2021-01-21,3431.1777843551663,futures
2021-01-22,3454.466321353052,futures
2021-01-25,3484.700562367851,futures
2021-01-26,3486.7434164904726,futures
2021-01-27,3458.960600422819,futures
2021-01-28,3333.5293572938563,futures
2021-01-29,3327.4007949259912,futures
2021-02-01,3287.769424947133,futures
2021-02-02,3400.9435433403673,futures
2021-02-03,3432.403496828739,futures
2021-02-04,3364.1721691331795,futures
2021-02-05,3375.6121522198596,futures
2021-02-08,3369.0750190274703,futures
2021-02-09,3419.7378012684844,futures
2021-02-10,3364.989310782227,futures
2021-02-15,3433.220638477788,futures
2021-02-16,3461.412025369965,futures
2021-02-17,3398.9006892177454,futures
2021-02-18,3406.254964059183,futures
2021-02-19,3366.2150232558,futures
2021-02-22,3413.2006680760965,futures
2021-02-23,3308.606536997873,futures
2021-02-24,3337.206494714574,futures
2021-02-25,3349.8721902748275,futures
2021-02-26,3304.5208287526293,futures
2021-03-02,3397.2664059196472,futures
2021-03-03,3350.280761099352,futures
2021-03-04,3361.720744186033,futures
2021-03-05,3276.7380126849757,futures
2021-03-08,3340.475061310768,futures
2021-03-09,3246.0952008456525,futures
2021-03-10,3282.86657505284,futures
2021-03-11,3283.6837167018884,futures
2021-03-12,3354.7750401691183,futures
2021-03-15,3338.84077801267,futures
2021-03-16,3348.646477801254,futures
2021-03-17,3333.1207864693292,futures
2021-03-18,3379.6978604651013,futures
2021-03-19,3314.3265285412117,futures
2021-03-22,3306.5636828752486,futures
2021-03-23,3330.260790697659,futures
2021-03-24,3271.018021141634,futures
2021-03-25,3286.543712473558,futures
2021-03-26,3302.4779746300055,futures
2021-03-29,3321.272232558125,futures
2021-03-30,3357.2264651162636,futures
2021-03-31,3349.4636194503005,futures
2021-04-01,3384.1921395348663,futures
2021-04-02,3420.9635137420546,futures
2021-04-05,3425.0492219872976,futures
2021-04-06,3431.586355179688,futures
2021-04-07,3436.897775898504,futures
2021-04-08,3430.7692135306393,futures
2021-04-09,3418.1035179703854,futures
2021-04-12,3419.3292304439587,futures
2021-04-13,3458.552029598292,futures
2021-04-14,3480.614854122605,futures
2021-04-15,3485.5177040168965,futures
2021-04-16,3480.20628329808,futures
2021-04-19,3484.7005623678488,futures
2021-04-20,3501.860536997869,futures
2021-04-21,3438.532059196601,futures
2021-04-22,3449.563471458757,futures
2021-04-23,3447.112046511612,futures
2021-04-26,3481.02342494713,futures
2021-04-27,3485.9262748414217,futures
2021-04-28,3444.2520507399418,futures
2021-04-29,3436.8977758985043,futures
2021-04-30,3406.6635348837044,futures
2021-05-03,3389.5035602536836,futures
2021-05-04,3417.2863763213372,futures
2021-05-06,3434.446350951358,futures
2021-05-07,3465.089162790681,futures
2021-05-10,3521.8805073995595,futures
2021-05-11,3456.1006046511457,futures
2021-05-12,3397.266405919645,futures
2021-05-13,3353.140756871019,futures
2021-05-14,3391.5464143763047,futures
2021-05-17,3377.2464355179536,futures
2021-05-18,3414.8349513741887,futures
2021-05-20,3403.8035391120334,futures
2021-05-21,3407.8892473572773,futures
2021-05-24,3392.3635560253524,futures
2021-05-25,3431.177784355162,futures
2021-05-26,3420.554942917531,futures
2021-05-27,3413.609238900617,futures
2021-05-28,3441.39205496827,futures
2021-05-31,3454.057750528525,futures
2021-06-01,3476.937716701886,futures
2021-06-02,3472.4434376321187,futures
2021-06-03,3504.7205327695383,futures
2021-06-04,3490.829124735713,futures
2021-06-07,3501.860536997869,futures
2021-06-08,3496.5491162790527,futures
2021-06-09,3456.100604651147,futures
2021-06-10,3466.3148752642546,futures
2021-06-11,3494.0976913319073,futures
2021-06-14,3496.140545454529,futures
2021-06-15,3505.1291035940635,futures
2021-06-16,3527.1919281183755,futures
2021-06-17,3502.2691078223934,futures
2021-06-18,3513.30052008455,futures
2021-06-21,3478.9805708245076,futures
2021-06-22,3504.7205327695383,futures
2021-06-23,3524.7405031712306,futures
2021-06-24,3539.8576236786303,futures
2021-06-25,3555.791885835077,futures
2021-06-28,3550.4804651162617,futures
2021-06-29,3534.5462029598143,futures
2021-06-30,3549.2547526426897,futures
2021-07-01,3522.6976490486095,futures
2021-07-02,3521.4719365750366,futures
2021-07-05,3541.9004778012522,futures
2021-07-06,3552.9318900634084,futures
2021-07-07,3530.051923890047,futures
2021-07-08,3489.1948414376157,futures
2021-07-09,3445.4777632135138,futures
2021-07-12,3487.9691289640427,futures
2021-07-13,3514.934803382647,futures
2021-07-14,3504.7205327695383,futures
2021-07-15,3530.0519238900465,futures
2021-07-16,3510.4405243128795,futures
2021-07-19,3469.174871035924,futures
2021-07-20,3462.637737843535,futures
2021-07-21,3439.7577716701744,futures
2021-07-22,3486.334845665945,futures
2021-07-23,3490.829124735714,futures
2021-07-26,3458.960600422817,futures
2021-07-27,3462.2291670190116,futures
2021-07-28,3467.949158562351,futures
2021-07-29,3472.034866807594,futures
2021-07-30,3427.500646934445,futures
2021-08-02,3448.746329809709,futures
2021-08-03,3478.9805708245085,futures
2021-08-04,3530.460494714572,futures
2021-08-05,3523.514790697659,futures
2021-08-06,3507.5805285412107,futures
2021-08-09,3491.646266384763,futures
2021-08-10,3467.540587737829,futures
2021-08-11,3436.0806342494566,futures
2021-08-12,3423.0063678646775,futures
2021-08-13,3363.3550274841296,futures
2021-08-17,3326.5836532769413,futures
2021-08-18,3338.4322071881456,futures
2021-08-19,3276.738012684975,futures
2021-08-20,3239.9666384777865,futures
2021-08-23,3272.652304439732,futures
2021-08-24,3333.120786469329,futures
2021-08-25,3343.335057082436,futures
2021-08-26,3318.412236786454,futures
2021-08-27,3317.595095137405,futures
2021-08-30,3328.217936575037,futures
2021-08-31,3391.137843551781,futures
2021-09-01,3396.0406934460725,futures
2021-09-02,3364.5807399577,futures
2021-09-03,3388.2778477801094,futures
2021-09-06,3396.857835095121,futures
2021-09-07,3380.923572938673,futures
2021-09-08,3350.6893319238743,futures
2021-09-09,3289.4037082452273,futures
2021-09-10,3301.252262156432,futures
2021-09-13,3311.057961945015,futures
2021-09-14,3333.937928118376,futures
2021-09-15,3340.4750613107644,futures
2021-09-16,3310.240820295966,futures
2021-09-17,3320.0465200845492,futures
2021-09-23,3311.0579619450145,futures
2021-09-24,3309.015107822393,futures
2021-09-27,3319.637949260025,futures
2021-09-28,3274.2865877378263,futures
2021-09-29,3227.300942917531,futures
2021-09-30,3242.826634249454,futures
2021-10-01,3179.90672727271,futures
2021-10-05,3137.0067906976574,futures
2021-10-06,3089.6125750528377,futures
2021-10-07,3137.0067906976574,futures
2021-10-08,3134.5553657505116,futures
2021-10-12,3072.8611712473407,futures
2021-10-13,3105.9554080338103,futures
2021-10-14,3143.9524947145705,futures
2021-10-15,3183.1752938689046,futures
2021-10-18,3173.7781649048457,futures
2021-10-19,3197.88384355178,futures
2021-10-20,3184.401006342478,futures
2021-10-21,3179.089585623662,futures
2021-10-22,3183.5838646934294,futures
2021-10-25,3196.249560253683,futures
2021-10-26,3226.4838012684813,futures
2021-10-27,3196.658131078207,futures
2021-10-28,3188.0781437631967,futures
2021-10-29,3138.6410739957555,futures
2021-11-01,3161.5210401691165,futures
2021-11-02,3206.0552600422666,futures
2021-11-03,3175.4124482029433,futures
2021-11-04,3193.7981353065375,futures
2021-11-05,3145.9953488371925,futures
2021-11-08,3119.0296744185885,futures
2021-11-09,3147.2210613107654,futures
2021-11-10,3150.081057082435,futures
2021-11-11,3103.0954122621392,futures
2021-11-12,3150.48962790696,futures
2021-11-15,3191.3467103593903,futures
2021-11-16,3195.023847780109,futures
2021-11-17,3163.972465116262,futures
2021-11-18,3140.275357293852,futures
2021-11-19,3137.823932346706,futures
2021-11-22,3196.249560253683,futures
2021-11-23,3209.323826638461,futures
2021-11-24,3201.9695517970235,futures
2021-11-25,3176.6381606765162,futures
2021-11-26,3145.178207188145,futures
2021-11-29,3093.698283298082,futures
2021-11-30,3098.19256236785,futures
2021-12-01,3045.8954968287376,futures
2021-12-02,3096.9668498942765,futures
2021-12-03,3125.1582367864544,futures
2021-12-06,3141.9096405919513,futures
2021-12-07,3164.381035940788,futures
2021-12-08,3252.2237632135148,futures
2021-12-09,3228.9352262156294,futures
2021-12-10,3204.4209767441707,futures
2021-12-13,3253.4494756870877,futures
2021-12-14,3193.7981353065384,futures
2021-12-15,3182.7667230443817,futures
2021-12-16,3206.4638308667923,futures
2021-12-17,3212.1838224101325,futures
2021-12-20,3187.669572938674,futures
2021-12-21,3159.4781860464964,futures
2021-12-22,3193.389564482014,futures
2021-12-23,3200.3352684989277,futures
2021-12-24,3238.332355179688,futures
2021-12-27,3219.5380972515695,futures
2021-12-28,3222.806663847764,futures
2021-12-29,3253.4494756870877,futures
2021-12-30,3228.526655391105,futures
2022-01-03,3225.666659619434,futures
2022-01-04,3227.7095137420556,futures
2022-01-05,3183.9924355179546,futures
2022-01-06,3162.338181818165,futures
2022-01-07,3184.401006342479,futures
2022-01-10,3137.823932346707,futures
2022-01-11,3174.186735729371,futures
2022-01-12,3204.012405919645,futures
2022-01-13,3224.0323763213364,futures
2022-01-14,3172.5524524312737,futures
2022-01-17,3138.641073995756,futures
2022-01-18,3141.501069767426,futures
2022-01-19,3099.4182748414223,futures
2022-01-20,3081.032587737828,futures
2022-01-21,3067.141179704002,futures
2022-01-24,3028.326951374192,futures
2022-01-25,2969.492752642692,futures
2022-01-26,2959.6870528541085,futures
2022-01-27,2902.895708245229,futures
2022-01-28,2859.9957716701765,futures
2022-02-03,2971.535606765314,futures
2022-02-04,2978.889881606751,futures
2022-02-07,2946.204215644806,futures
2022-02-08,2986.652727272713,futures
2022-02-09,2992.781289640577,futures
2022-02-10,3024.649813953474,futures
2022-02-11,2996.8669978858206,futures
2022-02-14,2964.181331923876,futures
2022-02-15,2962.9556194503034,futures
2022-02-16,2982.1584482029457,futures
2022-02-17,3024.2412431289495,futures
2022-02-18,2980.524164904848,futures
2022-02-21,2971.9441775898376,futures
2022-02-22,2974.395602536983,futures
2022-02-23,2976.4384566596054,futures
2022-02-24,2917.6042579281043,futures
2022-02-25,2936.3985158562227,futures
2022-02-28,2916.3785454545314,futures
2022-03-02,2936.3985158562223,futures
2022-03-03,2976.8470274841293,futures
2022-03-04,2940.89279492599,futures
2022-03-07,2879.1986004228193,futures
2022-03-08,2859.5872008456527,futures
2022-03-10,2907.7985581395205,futures
2022-03-11,2885.3271627906834,futures
2022-03-14,2895.1328625792667,futures
2022-03-15,2872.2528964059056,futures
2022-03-16,2869.80147145876,futures
2022-03-17,2962.547048625778,futures
2022-03-18,2940.89279492599,futures
2022-03-21,2947.429928118379,futures
2022-03-22,2935.581374207174,futures
2022-03-23,2972.352748414362,futures
2022-03-24,2948.247069767427,futures
2022-03-25,2942.935649048611,futures
2022-03-28,2954.784202959816,futures
2022-03-29,2962.955619450302,futures
2022-03-30,2975.621315010556,futures
2022-03-31,2982.1584482029443,futures
2022-04-01,2962.5470486257777,futures
2022-04-04,2979.298452431274,futures
2022-04-05,2976.8470274841284,futures
2022-04-06,2943.7527906976597,futures
2022-04-07,2902.487137420704,futures
2022-04-08,2904.93856236785,futures
2022-04-11,2903.7128498942766,futures
2022-04-12,2874.2957505285267,futures
2022-04-13,2927.0013868921624,futures
2022-04-14,2913.51854968286,futures
2022-04-15,2879.198600422818,futures
2022-04-18,2883.284308668061,futures
2022-04-19,2911.8842663847627,futures
2022-04-20,2911.4756955602384,futures
2022-04-21,2924.5499619450165,futures
2022-04-22,2890.2300126849746,futures
2022-04-25,2843.2443678646787,futures
2022-04-26,2855.501492600408,futures
2022-04-27,2820.364401691317,futures
2022-04-28,2850.190071881592,futures
2022-04-29,2894.7242917547424,futures
2022-05-02,2880.0157420718674,futures
2022-05-03,2874.704321353051,futures
2022-05-04,2882.058596194489,futures
2022-05-06,2839.567230443961,futures
2022-05-09,2815.4615517970265,futures
2022-05-10,2797.0758646934323,futures
2022-05-11,2796.6672938689085,futures
2022-05-12,2751.31593234671,futures
2022-05-13,2818.7301183932213,futures
2022-05-16,2804.021568710346,futures
2022-05-17,2833.4386680760967,futures
2022-05-18,2839.158659619437,futures
2022-05-19,2793.8072980972383,futures
2022-05-20,2849.3729302325446,futures
2022-05-23,2856.7272050739825,futures
2022-05-24,2804.838710359395,futures
2022-05-25,2817.095835095124,futures
2022-05-26,2807.6987061310647,futures
2022-05-27,2841.201513742058,futures
2022-05-30,2874.295750528527,futures
2022-05-31,2886.9614460887806,futures
2022-06-02,2853.8672093023115,futures
2022-06-03,2870.618613107808,futures
2022-06-07,2812.6015560253563,futures
2022-06-08,2820.772972515843,futures
2022-06-09,2811.3758435517834,futures
2022-06-10,2779.098748414363,futures
2022-06-13,2686.761742071869,futures
2022-06-14,2670.0103382663724,futures
2022-06-15,2618.9389852008335,futures
2022-06-16,2620.981839323455,futures
2022-06-17,2603.4132938689095,futures
2022-06-20,2556.8362198731384,futures
2022-06-21,2579.307615221975,futures
2022-06-22,2506.9905792811714,futures
2022-06-23,2489.8306046511507,futures
2022-06-24,2543.3533826638354,futures
2022-06-27,2573.996194503158,futures
2022-06-28,2597.284731501044,futures
2022-06-29,2552.34194080337,futures
2022-06-30,2503.3134418604527,futures
2022-07-01,2483.2934714587614,futures
2022-07-04,2480.8420465116155,futures
2022-07-05,2521.6991289640464,futures
2022-07-06,2467.767780126838,futures
2022-07-07,2515.570566596182,futures
2022-07-08,2527.4191205073867,futures
2022-07-11,2516.796279069755,futures
2022-07-12,2488.6048921775773,futures
2022-07-13,2504.1305835095013,futures
2022-07-14,2495.1420253699657,futures
2022-07-15,2509.850575052841,futures
2022-07-18,2568.276202959817,futures
2022-07-19,2554.7933657505155,futures
2022-07-20,2576.447619450304,futures
2022-07-21,2598.510443974617,futures
2022-07-22,2589.9304566596065,futures
2022-07-25,2597.6933023255683,futures
2022-07-26,2608.724714587725,futures
2022-07-27,2607.0904312896278,futures
2022-07-28,2625.4761183932214,futures
2022-07-29,2634.0561057082323,futures
2022-08-01,2636.507530655378,futures
2022-08-02,2617.7132727272597,futures
2022-08-03,2639.3675264270487,futures
2022-08-04,2653.258934460875,futures
2022-08-05,2667.558913319226,futures
2022-08-08,2664.698917547556,futures
2022-08-09,2673.2789048625664,futures
2022-08-10,2641.8189513741945,futures
2022-08-11,2686.3531712473446,futures
2022-08-12,2693.2988752642577,futures
2022-08-16,2704.3302875264144,futures
2022-08-17,2685.9446004228203,futures
2022-08-18,2674.096046511616,futures
2022-08-19,2661.430350951362,futures
2022-08-22,2623.841835095125,futures
2022-08-23,2590.747598308656,futures
2022-08-24,2602.5961522198613,futures
2022-08-25,2637.3246723044276,futures
2022-08-26,2642.6360930232436,futures
2022-08-29,2570.7276279069647,futures
2022-08-30,2601.370439746288,futures
2022-08-31,2614.036135306542,futures
2022-09-01,2560.9219281183814,futures
2022-09-02,2555.6105073995654,futures
2022-09-05,2539.267674418593,futures
2022-09-06,2545.3962367864574,futures
2022-09-07,2500.862016913308,futures
2022-09-08,2511.4848583509392,futures
2022-09-13,2600.1447272727146,futures
2022-09-14,2538.8591035940676,futures
2022-09-15,2528.2362621564357,futures
2022-09-16,2499.636304439734,futures
2022-09-19,2491.464887949248,futures
2022-09-20,2496.7763086680643,futures
2022-09-21,2471.0363467230327,futures
2022-09-22,2443.662101479904,futures
2022-09-23,2417.5135687103484,futures
2022-09-26,2355.819374207177,futures
2022-09-27,2358.270799154323,futures
2022-09-28,2296.168033826628,futures
2022-09-29,2310.468012684979,futures
2022-09-30,2291.6737547568605,futures
2022-10-04,2353.3679492600313,futures
2022-10-05,2356.6365158562257,futures
2022-10-06,2370.9364947145764,futures
2022-10-07,2360.313653276945,futures
2022-10-11,2311.6937251585514,futures
2022-10-12,2335.7994038054862,futures
2022-10-13,2294.5337505285306,futures
2022-10-14,2360.7222241014692,futures
2022-10-17,2348.056528541216,futures
2022-10-18,2390.1393234672196,futures
2022-10-19,2363.9907906976637,futures
2022-10-20,2341.9279661733513,futures
2022-10-21,2349.690811839313,futures
2022-10-24,2377.0650570824414,futures
2022-10-25,2373.3879196617227,futures
2022-10-26,2391.773606765317,futures
2022-10-27,2432.222118393224,futures
2022-10-28,2400.762164904852,futures
2022-10-31,2419.5564228329704,futures
2022-11-01,2453.0592304439633,futures
2022-11-02,2468.176350951363,futures
2022-11-03,2429.3621226215537,futures
2022-11-04,2441.619247357283,futures
2022-11-07,2489.013463002103,futures
2022-11-08,2520.881987314999,futures
2022-11-09,2558.0619323467113,futures
2022-11-10,2558.87907399576,futures
2022-11-11,2621.798980972504,futures
2022-11-14,2638.550384778,futures
2022-11-15,2613.2189936574932,futures
2022-11-16,2592.3818816067537,futures
2022-11-17,2592.3818816067537,futures
2022-11-18,2598.101873150094,futures
2022-11-21,2558.0619323467117,futures
2022-11-22,2544.1705243128854,futures
2022-11-23,2555.6105073995654,futures
2022-11-24,2569.9104862579165,futures
2022-11-25,2577.673331923879,futures
2022-11-28,2539.2676744185937,futures
2022-11-29,2563.373353065528,futures
2022-11-30,2581.7590401691223,futures
2022-12-01,2623.841835095127,futures
2022-12-02,2585.0276067653176,futures
2022-12-05,2553.5676532769453,futures
2022-12-06,2511.484858350941,futures
2022-12-07,2504.947725158552,futures
2022-12-08,2492.6906004228226,futures
2022-12-09,2507.399150105698,futures
2022-12-12,2512.3019999999906,futures
2022-12-13,2510.667716701893,futures
2022-12-14,2537.224820295973,futures
2022-12-15,2524.150553911196,futures
2022-12-16,2468.584921775889,futures
2022-12-19,2479.207763213521,futures
2022-12-20,2467.3592093023162,futures
2022-12-21,2458.3706511627815,futures
2022-12-22,2487.3791797040076,futures
2022-12-23,2441.6192473572846,futures
2022-12-26,2440.8021057082365,futures
2022-12-27,2454.284942917538,futures
2022-12-28,2433.447830866798,futures
2022-12-29,2415.8792854122526,futures
2023-01-02,2374.6136321352974,futures
2023-01-03,2372.162207188151,futures
2023-01-04,2391.7736067653186,futures
2023-01-05,2433.447830866798,futures
2023-01-06,2472.6706300211317,futures
2023-01-09,2540.084816067643,futures
2023-01-10,2538.450532769546,futures
2023-01-11,2544.1705243128863,futures
2023-01-12,2540.4933868921676,futures
2023-01-13,2571.136198731491,futures
2023-01-16,2589.521885835085,futures
2023-01-17,2573.1790528541123,futures
2023-01-18,2558.0619323467126,futures
2023-01-19,2555.610507399567,futures
2023-01-20,2583.8018942917447,futures
2023-01-25,2629.561826638467,futures
2023-01-26,2635.6903890063318,futures
2023-01-27,2681.0417505285304,futures
2023-01-30,2659.796067653266,futures
2023-01-31,2640.593238900624,futures
2023-02-01,2620.9818393234564,futures
2023-02-02,2657.7532135306446,futures
2023-02-03,2645.9046596194394,futures
2023-02-06,2636.5075306553804,futures
2023-02-07,2615.6704186046404,futures
2023-02-08,2647.1303720930123,futures
2023-02-09,2644.6789471458665,futures
2023-02-10,2640.184668076099,futures
2023-02-13,2631.196109936564,futures
2023-02-14,2647.1303720930123,futures
2023-02-15,2588.296173361511,futures
2023-02-16,2643.0446638477692,futures
2023-02-17,2634.4646765327584,futures
2023-02-20,2609.541856236776,futures
2023-02-21,2620.1646976744073,futures
2023-02-22,2589.521885835084,futures
2023-02-23,2589.11331501056,futures
2023-02-24,2615.6704186046404,futures
2023-02-27,2542.944811839313,futures
2023-02-28,2574.4047653276853,futures
2023-03-02,2582.1676109936466,futures
2023-03-03,2587.8876025369873,futures
2023-03-06,2599.736156448192,futures
2023-03-07,2609.1332854122516,futures
2023-03-08,2575.630477801258,futures
2023-03-09,2567.0504904862473,futures
2023-03-10,2516.7962790697575,futures
2023-03-13,2518.4305623678547,futures
2023-03-14,2498.410591966164,futures
2023-03-15,2520.8819873150005,futures
2023-03-16,2509.4420042283205,futures
2023-03-17,2523.333412262147,futures
2023-03-20,2544.5790951374106,futures
2023-03-21,2530.2791162790595,futures
2023-03-22,2542.1276701902652,futures
2023-03-23,2545.8048076109844,futures
2023-03-24,2554.7933657505187,futures
2023-03-27,2547.439090909081,futures
2023-03-28,2573.5876236786376,futures
2023-03-29,2577.264761099356,futures
2023-03-30,2593.6075940803285,futures
2023-03-31,2624.658976744176,futures
2023-04-03,2611.5847103593983,futures
2023-04-04,2624.658976744176,futures
2023-04-05,2641.410380549673,futures
2023-04-06,2592.3818816067555,futures
2023-04-07,2634.0561057082355,futures
2023-04-10,2659.387496828742,futures
2023-04-11,2693.7074460887843,futures
2023-04-12,2704.3302875264167,futures
2023-04-13,2711.2759915433303,futures
2023-04-14,2718.6302663847678,futures
2023-04-17,2720.264549682865,futures
2023-04-18,2718.2216955602435,futures
2023-04-19,2717.8131247357196,futures
2023-04-20,2710.0502790697574,futures
2023-04-21,2692.0731627906875,futures
2023-04-24,2675.730329809715,futures
2023-04-25,2641.410380549673,futures
2023-04-26,2637.32467230443,futures
2023-04-27,2642.2275221987215,futures
2023-04-28,2646.721801268489,futures
2023-05-02,2676.1389006342392,futures
2023-05-03,2649.9903678646833,futures
2023-05-04,2641.818951374197,futures
2023-05-08,2676.138900634239,futures
2023-05-09,2664.6989175475583,futures
2023-05-10,2647.538942917537,futures
2023-05-11,2638.5503847780024,futures
2023-05-12,2629.5618266384677,futures
2023-05-15,2636.5075306553804,futures
2023-05-16,2639.7760972515753,futures
2023-05-17,2647.538942917537,futures
2023-05-18,2674.5046173361416,futures
2023-05-19,2714.953128964048,futures
2023-05-22,2733.338816067642,futures
2023-05-23,2741.510232558128,futures
2023-05-24,2732.113103594069,futures
2023-05-25,2725.1673995771553,futures
2023-05-26,2737.4245243128835,futures
2023-05-30,2773.7873276955474,futures
2023-05-31,2749.681649048613,futures
2023-06-01,2741.510232558127,futures
2023-06-02,2779.915890063412,futures
2023-06-05,2788.904448202947,futures
2023-06-07,2781.5501733615097,futures
2023-06-08,2780.3244608879368,futures
2023-06-09,2821.5901141648924,futures
2023-06-12,2798.3015771670066,futures
2023-06-13,2812.6015560253572,futures
2023-06-14,2796.2587230443846,futures
2023-06-15,2786.044452431277,futures
2023-06-16,2803.612997885822,futures
2023-06-19,2785.6358816067527,futures
2023-06-20,2777.87303594079,futures
2023-06-21,2753.358786469332,futures
2023-06-22,2762.3473446088665,futures
2023-06-23,2746.0045116278943,futures
2023-06-26,2755.4016405919533,futures
2023-06-27,2756.627353065526,futures
2023-06-28,2740.2845200845536,futures
2023-06-29,2737.4245243128835,futures
2023-06-30,2748.0473657505154,futures
2023-07-03,2790.947302325568,futures
2023-07-04,2775.4216109936447,futures
2023-07-05,2748.8645073995644,futures
2023-07-06,2728.435966173349,futures
2023-07-07,2685.536029598296,futures
2023-07-10,2685.536029598296,futures
2023-07-11,2734.5645285412133,futures
2023-07-12,2750.4987906976617,futures
2023-07-13,2773.787327695547,futures
2023-07-14,2810.9672727272596,futures
2023-07-17,2808.5158477801137,futures
2023-07-18,2789.7215898519953,futures
2023-07-19,2779.9158900634116,futures
2023-07-20,2770.9273319238773,futures
2023-07-21,2777.8730359407905,futures
2023-07-24,2792.99015644819,futures
2023-07-25,2796.258723044384,futures
2023-07-26,2763.9816279069637,futures
2023-07-27,2795.8501522198603,futures
2023-07-28,2786.861594080325,futures
2023-07-31,2803.204427061298,futures
2023-08-01,2844.8786511627773,futures
2023-08-02,2783.1844566596064,futures
2023-08-03,2766.024482029585,futures
2023-08-04,2762.7559154333912,futures
2023-08-07,2751.7245031712346,futures
2023-08-08,2737.015953488359,futures
2023-08-09,2764.3901987314885,futures
2023-08-10,2747.6387949259915,futures
2023-08-11,2747.6387949259915,futures
2023-08-14,2721.4902621564356,futures
2023-08-16,2681.4503213530534,futures
2023-08-17,2670.4189090908967,futures
2023-08-18,2649.990367864681,futures
2023-08-21,2653.6675052853993,futures
2023-08-22,2662.24749260041,futures
2023-08-23,2659.38749682874,futures
2023-08-24,2694.1160169133063,futures
2023-08-25,2663.8817758985074,futures
2023-08-28,2683.9017463001983,futures
2023-08-29,2690.438879492587,futures
2023-08-30,2701.0617209302195,futures
2023-08-31,2702.6960042283167,futures
2023-09-01,2726.3931120507273,futures
2023-09-04,2750.0902198731374,futures
2023-09-05,2748.0473657505154,futures
2023-09-06,2726.393112050727,futures
2023-09-07,2714.1359873149972,futures
2023-09-08,2716.1788414376188,futures
2023-09-11,2728.4359661733483,futures
2023-09-12,2709.64170824523,futures
2023-09-13,2710.8674207188033,futures
2023-09-14,2752.133073995758,futures
2023-09-15,2786.8615940803247,futures
2023-09-18,2754.5844989429042,futures
2023-09-19,2736.6073826638344,futures
2023-09-20,2735.381670190262,futures
2023-09-21,2683.0846046511497,futures
2023-09-22,2672.0531923889935,futures
2023-09-25,2674.096046511615,futures
2023-09-26,2635.2818181818056,futures
2023-09-27,2640.593238900621,futures
2023-10-04,2567.867632135294,futures
2023-10-05,2565.007636363624,futures
2023-10-06,2571.1361987314885,futures
2023-10-10,2578.899044397451,futures
2023-10-11,2624.2504059196494,futures
2023-10-12,2652.441792811827,futures
2023-10-13,2631.1961099365626,futures
2023-10-16,2606.6818604651044,futures
2023-10-17,2638.9589556025253,futures
2023-10-18,2650.3989386892054,futures
2023-10-19,2597.284731501045,futures
2023-10-20,2557.653361522187,futures
2023-10-23,2542.5362410147873,futures
2023-10-24,2563.3733530655277,futures
2023-10-25,2549.4819450317013,futures
2023-10-26,2478.3906215644706,futures
2023-10-27,2478.799192388995,futures
2023-10-30,2482.8849006342384,futures
2023-10-31,2476.347767441849,futures
2023-11-01,2486.1534672304333,futures
2023-11-02,2538.8591035940694,futures
2023-11-03,2553.1590824524205,futures
2023-11-06,2611.9932811839217,futures
2023-11-07,2644.6789471458665,futures
2023-11-08,2625.884689217748,futures
2023-11-09,2605.047577167008,futures
2023-11-10,2593.6075940803275,futures
2023-11-13,2614.853276955592,futures
2023-11-14,2629.5618266384668,futures
2023-11-15,2677.7731839323355,futures
2023-11-16,2681.450321353054,futures
2023-11-17,2684.3103171247244,futures
2023-11-19,2663.4732050739844,futures
2023-11-20,2709.233137420707,futures
2023-11-21,2684.7188879492483,futures
2023-11-22,2712.093133192377,futures
2023-11-23,2712.9102748414257,futures
2023-11-24,2707.5988541226093,futures
2023-11-26,2688.396025369967,futures
2023-11-27,2694.9331585623554,futures
2023-11-28,2709.6417082452303,futures
2023-11-29,2700.2445792811714,futures
2023-11-30,2709.233137420706,futures
2023-12-01,2691.664591966161,futures
2023-12-03,2710.050279069755,futures
2023-12-04,2688.3960253699665,futures
2023-12-05,2685.9446004228207,futures
2023-12-06,2670.4189090908967,futures
2023-12-07,2693.7074460887825,futures
2023-12-08,2708.0074249471327,futures
2023-12-10,2716.995983086668,futures
2023-12-11,2724.7588287526296,futures
2023-12-12,2725.984541226203,futures
2023-12-13,2748.45593657504,futures
2023-12-14,2759.078778012672,futures
2023-12-15,2785.6358816067523,futures
2023-12-17,2771.7444735729255,futures
2023-12-18,2758.6702071881477,futures
2023-12-19,2798.301577167006,futures
2023-12-20,2808.5158477801137,futures
2023-12-21,2837.9329471458645,futures
2023-12-22,2819.5472600422704,futures
2023-12-25,2837.1158054968155,futures
2023-12-26,2837.932947145864,futures
2023-12-27,2866.9414756870897,futures
2023-12-28,2920.8728245242987,futures
2024-01-02,2891.455725158549,futures
2024-01-03,2822.4072558139396,futures
2024-01-04,2817.504405919648,futures
2024-01-05,2817.9129767441723,futures
2024-01-07,2826.0843932346584,futures
2024-01-08,2839.9758012684847,futures
2024-01-09,2788.0873065538967,futures
2024-01-10,2760.304490486244,futures
2024-01-11,2749.273078224088,futures
2024-01-12,2739.467378435504,futures
2024-01-14,2740.284520084553,futures
2024-01-15,2724.3502579281044,futures
2024-01-16,2716.1788414376183,futures
2024-01-17,2640.184668076097,futures
2024-01-18,2681.8588921775763,futures
2024-01-19,2687.578883720916,futures
2024-01-21,2719.8559788583375,futures
2024-01-22,2702.2874334037915,futures
2024-01-23,2706.781712473559,futures
2024-01-24,2694.933158562354,futures
2024-01-25,2676.54747145876,futures
2024-01-26,2705.96457082451,futures
2024-01-28,2709.6417082452285,futures
2024-01-29,2745.5959408033677,futures
2024-01-30,2701.4702917547424,futures
2024-01-31,2701.0617209302177,futures
2024-02-01,2779.9158900634097,futures
2024-02-02,2850.1900718815914,futures
2024-02-04,2838.341517970386,futures
2024-02-05,2796.258723044382,futures
2024-02-06,2816.278693446073,futures
2024-02-07,2852.2329260042125,futures
2024-02-08,2844.8786511627745,futures
2024-02-12,2877.155746300196,futures
2024-02-13,2829.761530655376,futures
2024-02-14,2868.5757589851855,futures
2024-02-15,2855.910063424932,futures
2024-02-16,2842.8357970401544,futures
2024-02-18,2868.167188160662,futures
2024-02-19,2902.487137420704,futures
2024-02-20,2870.2100422832837,futures
2024-02-21,2892.6814376321204,futures
2024-02-22,2906.9814164904715,futures
2024-02-23,2891.0471543340236,futures
2024-02-26,2859.995771670176,futures
2024-02-27,2843.652938689204,futures
2024-02-28,2856.3186342494573,futures
2024-02-29,2864.0814799154195,futures
2024-03-03,2897.5842875264134,futures
2024-03-04,2895.9500042283157,futures
2024-03-05,2866.94147568709,futures
2024-03-06,2882.4671670190137,futures
2024-03-07,2911.0671247357154,futures
2024-03-08,2916.378545454531,futures
2024-03-10,2894.315720930218,futures
2024-03-11,2900.0357124735583,futures
2024-03-12,2923.324249471444,futures
2024-03-13,2931.4956659619306,futures
2024-03-14,2953.558490486243,futures
2024-03-15,2975.2127441860316,futures
2024-03-17,2957.6441987314865,futures
2024-03-18,2943.7527906976597,futures
2024-03-19,2958.052769556011,futures
2024-03-20,3036.498367864679,futures
2024-03-21,3063.055471458759,futures
2024-03-22,3074.9040253699636,futures
2024-03-24,3070.001175475672,futures
2024-03-25,3069.1840338266234,futures
2024-03-26,3056.5183382663695,futures
2024-03-27,3069.1840338266234,futures
2024-03-28,3086.3440084566446,futures
2024-03-29,3086.3440084566446,futures
2024-04-01,3092.296647893811,spot_new
2024-04-02,3040.416987599206,spot_new
2024-04-03,3079.762047685946,spot_new
2024-04-04,3048.5488063991497,spot_new
2024-04-07,3052.4124829087164,spot_new
2024-04-08,3038.383964345698,spot_new
2024-04-10,3040.40574482157,spot_new
2024-04-11,3012.169097467445,spot_new
2024-04-14,2999.3759133739513,spot_new
2024-04-15,2931.086459370191,spot_new
2024-04-16,2902.5015601234363,spot_new
2024-04-17,2959.244681494952,spot_new
2024-04-18,2911.127786925278,spot_new
2024-04-21,2953.336738954242,spot_new
2024-04-22,2946.12600527819,spot_new
2024-04-23,3005.3513125804798,spot_new
2024-04-24,2952.415928044439,spot_new
2024-04-25,2983.5392271101477,spot_new
2024-04-28,3018.4812315748786,spot_new
2024-04-29,3023.670458989148,spot_new
2024-05-01,3014.2243320621387,spot_new
2024-05-02,3006.3395801561005,spot_new
2024-05-06,3071.18106620874,spot_new
2024-05-07,3083.1878042958865,spot_new
2024-05-08,3046.2237451411943,spot_new
2024-05-09,3063.6218064259697,spot_new
2024-05-12,3063.150158193432,spot_new
2024-05-13,3066.665857024458,spot_new
2024-05-15,3092.117037665724,spot_new
2024-05-16,3060.241295140665,spot_new
2024-05-19,3079.919172358764,spot_new
2024-05-20,3059.746887138766,spot_new
2024-05-21,3058.938229791235,spot_new
2024-05-22,3057.085090979904,spot_new
2024-05-23,3018.661116017055,spot_new
2024-05-26,3058.4103676705163,spot_new
2024-05-27,3058.2532429977,spot_new
2024-05-28,3007.0922978295375,spot_new
2024-05-29,2960.0758243977552,spot_new
2024-05-30,2961.288947526096,spot_new
2024-06-02,3012.955269259704,spot_new
2024-06-03,2990.020002882119,spot_new
2024-06-04,3020.795050055198,spot_new
2024-06-06,3058.05087300025,spot_new
2024-06-09,3033.9024834943243,spot_new
2024-06-10,3038.5638487878746,spot_new
2024-06-11,3064.228367990138,spot_new
2024-06-12,3094.2397289262303,spot_new
2024-06-13,3098.204590434522,spot_new
2024-06-16,3082.120837276812,spot_new
2024-06-17,3104.3820854244095,spot_new
2024-06-18,3141.9077350327275,spot_new
2024-06-19,3153.4762790061563,spot_new
2024-06-20,3127.227683794995,spot_new
2024-06-23,3105.291927770666,spot_new
2024-06-24,3116.1417566176515,spot_new
2024-06-25,3135.9773069367448,spot_new
2024-06-26,3127.0031024563623,spot_new
2024-06-27,3142.458082708718,spot_new
2024-06-30,3149.7475158282223,spot_new
2024-07-01,3123.4089783959726,spot_new
2024-07-02,3138.178697640706,spot_new
2024-07-03,3172.9186063220764,spot_new
2024-07-04,3214.802066227771,spot_new
2024-07-07,3209.7814804780432,spot_new
2024-07-08,3220.586338214485,spot_new
2024-07-09,3221.271599222108,spot_new
2024-07-10,3247.509225869722,spot_new
2024-07-11,3208.927852019968,spot_new
2024-07-14,3213.330633427889,spot_new
2024-07-15,3219.137665183964,spot_new
2024-07-16,3193.529085655793,spot_new
2024-07-17,3172.2561050838153,spot_new
2024-07-18,3139.807255113405,spot_new
2024-07-21,3103.9216799695096,spot_new
2024-07-22,3116.0296030553814,spot_new
2024-07-23,3098.530356771881,spot_new
2024-07-24,3044.5502165579514,spot_new
2024-07-25,3068.417810837064,spot_new
2024-07-28,3106.1905273392863,spot_new
2024-07-29,3075.482662617935,spot_new
2024-07-30,3111.986042103636,spot_new
2024-07-31,3119.837065676766,spot_new
2024-08-01,3005.8454463682883,spot_new
2024-08-04,2742.3023989447956,spot_new
2024-08-05,2832.830615540882,spot_new
2024-08-06,2884.788975278939,spot_new
2024-08-07,2871.670299062176,spot_new
2024-08-08,2907.2750789792585,spot_new
2024-08-11,2940.8246243016483,spot_new
2024-08-12,2944.4187483620385,spot_new
2024-08-13,2970.2519092288426,spot_new
2024-08-15,3029.4772165311324,spot_new
2024-08-18,3003.790211773597,spot_new
2024-08-19,3028.8031983011456,spot_new
2024-08-20,3033.857512383782,spot_new
2024-08-21,3041.2031593914667,spot_new
2024-08-22,3034.4865595032247,spot_new
2024-08-25,3030.3533305444807,spot_new
2024-08-26,3020.5142548283866,spot_new
2024-08-27,3021.165787503102,spot_new
2024-08-28,2990.2220986654816,spot_new
2024-08-29,3003.7339978854184,spot_new
2024-09-01,3011.2480123435553,spot_new
2024-09-02,2992.861409269072,spot_new
2024-09-03,2898.705340279688,spot_new
2024-09-04,2892.7524266284327,spot_new
2024-09-05,2857.6867516097045,spot_new
2024-09-08,2848.308081348512,spot_new
2024-09-09,2834.2683200078577,spot_new
2024-09-10,2822.969328483606,spot_new
2024-09-11,2888.9224784517737,spot_new
2024-09-12,2892.651241629708,spot_new
2024-09-18,2898.705340279688,spot_new
2024-09-19,2912.8238010637947,spot_new
2024-09-22,2922.527963448256,spot_new
2024-09-23,2955.8526532179244,spot_new
2024-09-24,2916.137129897371,spot_new
2024-09-25,3000.6564931681105,spot_new
2024-09-26,2976.182337324827,spot_new
2024-09-29,2912.711373287433,spot_new
2024-10-01,2877.2412324878956,spot_new
2024-10-03,2886.249165301186,spot_new
2024-10-06,2931.928845050631,spot_new
2024-10-07,2913.9357391934104,spot_new
2024-10-09,2919.3267881769507,spot_new
2024-10-10,2916.799631135633,spot_new
2024-10-13,2946.429286060276,spot_new
2024-10-14,2957.840705360888,spot_new
2024-10-15,2931.9066337094478,spot_new
2024-10-16,2930.715996136379,spot_new
2024-10-17,2913.32917762924,spot_new
2024-10-20,2925.796321171287,spot_new
2024-10-21,2887.361103430803,spot_new
2024-10-22,2919.843681734121,spot_new
2024-10-23,2898.963649951228,spot_new
2024-10-24,2901.47956421491,spot_new
2024-10-27,2934.231420753317,spot_new
2024-10-28,2940.263033848025,spot_new
2024-10-29,2913.2954492963318,spot_new
2024-10-30,2871.0187663874635,spot_new
2024-10-31,2855.5303320162884,spot_new
2024-11-03,2907.881640543431,spot_new
2024-11-04,2894.302284657678,spot_new
2024-11-05,2879.28549851904,spot_new
2024-11-06,2880.543318543837,spot_new
2024-11-07,2876.634670923726,spot_new
2024-11-10,2843.5120769374175,spot_new
2024-11-11,2788.3753016974165,spot_new
2024-11-12,2714.8181950500234,spot_new
2024-11-13,2716.8174899706237,spot_new
2024-11-14,2714.571128156119,spot_new
2024-11-17,2773.21235944951,spot_new
2024-11-18,2776.4469888396343,spot_new
2024-11-19,2788.0607781376957,spot_new
2024-11-20,2786.19612233464,spot_new
2024-11-21,2809.3450014873097,spot_new
2024-11-24,2846.5223992029983,spot_new
2024-11-25,2830.8203520567376,spot_new
2024-11-26,2811.3892675184543,spot_new
2024-11-27,2813.1974352192406,spot_new
2024-11-28,2758.4311232130526,spot_new
2024-12-01,2756.8250512956265,spot_new
2024-12-02,2808.064695907241,spot_new
2024-12-03,2767.5177554697957,spot_new
2024-12-04,2742.6394080597915,spot_new
2024-12-05,2727.2628530367992,spot_new
2024-12-08,2651.3584737902656,spot_new
2024-12-09,2715.6718235080984,spot_new
2024-12-10,2743.380608741506,spot_new
2024-12-11,2787.869925131971,spot_new
2024-12-12,2801.7298020304484,spot_new
2024-12-15,2795.5635498181964,spot_new
2024-12-16,2759.4421505580326,spot_new
2024-12-17,2790.4642646250168,spot_new
2024-12-18,2735.989990623277,spot_new
2024-12-19,2700.2952684851066,spot_new
2024-12-22,2742.8190182878798,spot_new
2024-12-23,2741.1454897046374,spot_new
2024-12-25,2728.958867175314,spot_new
2024-12-26,2700.991772270366,spot_new
2024-12-29,2695.0613441743826,spot_new
2025-01-01,2694.4435398325763,spot_new
2025-01-02,2742.717833289155,spot_new
2025-01-05,2795.1928123702937,spot_new
2025-01-06,2799.0792486492214,spot_new
2025-01-07,2831.5952810713593,spot_new
2025-01-08,2832.549820314071,spot_new
2025-01-09,2825.6760957530128,spot_new
2025-01-12,2796.2263252705466,spot_new
2025-01-13,2805.0318880863883,spot_new
2025-01-14,2804.369386848126,spot_new
2025-01-15,2838.828500302683,spot_new
2025-01-16,2834.4032333394903,spot_new
2025-01-19,2830.472100164107,spot_new
2025-01-20,2828.20325279433,spot_new
2025-01-21,2860.8092274375567,spot_new
2025-01-22,2825.350329415655,spot_new
2025-01-23,2849.2853803605835,spot_new
2025-01-30,2827.4620521126153,spot_new
2025-02-02,2756.229732509091,spot_new
2025-02-03,2787.3867599077075,spot_new
2025-02-04,2818.3641770782356,spot_new
2025-02-05,2849.2291664724034,spot_new
2025-02-06,2832.5723058693425,spot_new
2025-02-09,2831.842347965264,spot_new
2025-02-10,2851.8125374019014,spot_new
2025-02-11,2862.3028715786213,spot_new
2025-02-12,2901.367136438549,spot_new
2025-02-13,2910.217944579024,spot_new
2025-02-16,2931.973816161176,spot_new
2025-02-17,2950.3829047909317,spot_new
2025-02-18,3000.60027927993,spot_new
2025-02-19,2980.9895845135584,spot_new
2025-02-20,2981.5736605224565,spot_new
2025-02-23,2971.1167804645556,spot_new
2025-02-24,2954.2915524110426,spot_new
2025-02-25,2966.421961052186,spot_new
2025-02-26,2944.6995435888534,spot_new
2025-02-27,2844.770171176302,spot_new
2025-03-03,2840.434572220109,spot_new
2025-03-04,2873.2426426466964,spot_new
2025-03-05,2893.4936273101466,spot_new
2025-03-06,2879.251770186132,spot_new
2025-03-09,2887.0128515381734,spot_new
2025-03-10,2850.1839799292034,spot_new
2025-03-11,2891.9887403914454,spot_new
2025-03-12,2890.6631894867437,spot_new
2025-03-13,2882.486673790345,spot_new
2025-03-16,2932.2770969432613,spot_new
2025-03-17,2934.1305099686806,spot_new
2025-03-18,2952.4159280444396,spot_new
2025-03-19,2961.9404802008125,spot_new
2025-03-20,2968.7130197631463,spot_new
